session_id,basename,extension,size_bytes,signal_class_inferred,condition_inferred,shape_if_safe,raw_payload_read,semantic_warnings,truth_status
230629,lfp_by_area_ses-230629.h5,.h5,3019862,LFP,None,blocked_format,False,,truth_safe_unverified
230630,lfp_by_area_ses-230630.h5,.h5,4699657,LFP,None,blocked_format,False,,truth_safe_unverified
230714,lfp_by_area_ses-230714.h5,.h5,10739330,LFP,None,blocked_format,False,,truth_safe_unverified
230719,lfp_by_area_ses-230719.h5,.h5,17441715,LFP,None,blocked_format,False,,truth_safe_unverified
230720,lfp_by_area_ses-230720.h5,.h5,11632344,LFP,None,blocked_format,False,,truth_safe_unverified
230721,lfp_by_area_ses-230721.h5,.h5,11070796,LFP,None,blocked_format,False,,truth_safe_unverified
230816,lfp_by_area_ses-230816.h5,.h5,13490290,LFP,None,blocked_format,False,,truth_safe_unverified
230818,lfp_by_area_ses-230818.h5,.h5,16902651,LFP,None,blocked_format,False,,truth_safe_unverified
230823,lfp_by_area_ses-230823.h5,.h5,17068984,LFP,None,blocked_format,False,,truth_safe_unverified
230825,lfp_by_area_ses-230825.h5,.h5,16808101,LFP,None,blocked_format,False,,truth_safe_unverified
230830,lfp_by_area_ses-230830.h5,.h5,16189155,LFP,None,blocked_format,False,,truth_safe_unverified
230831,lfp_by_area_ses-230831.h5,.h5,16750701,LFP,None,blocked_format,False,,truth_safe_unverified
230901,lfp_by_area_ses-230901.h5,.h5,17108086,LFP,None,blocked_format,False,,truth_safe_unverified
230629,ses230629-probe0-lfp-AAAB.npy,.npy,147456128,LFP,AAAB,"(48, 128, 6000)",False,,truth_safe_unverified
230629,ses230629-probe0-lfp-AAAX.npy,.npy,3072128,LFP,AAAX,"(1, 128, 6000)",False,,truth_safe_unverified
230629,ses230629-probe0-lfp-AAXB.npy,.npy,15360128,LFP,AAXB,"(5, 128, 6000)",False,,truth_safe_unverified
230629,ses230629-probe0-lfp-AXAB.npy,.npy,18432128,LFP,AXAB,"(6, 128, 6000)",False,,truth_safe_unverified
230629,ses230629-probe0-lfp-BBBA.npy,.npy,153600128,LFP,BBBA,"(50, 128, 6000)",False,,truth_safe_unverified
230629,ses230629-probe0-lfp-BBBX.npy,.npy,6144128,LFP,BBBX,"(2, 128, 6000)",False,,truth_safe_unverified
230629,ses230629-probe0-lfp-BBXA.npy,.npy,9216128,LFP,BBXA,"(3, 128, 6000)",False,,truth_safe_unverified
230629,ses230629-probe0-lfp-BXBA.npy,.npy,15360128,LFP,BXBA,"(5, 128, 6000)",False,,truth_safe_unverified
230629,ses230629-probe0-lfp-RRRR.npy,.npy,258048128,LFP,RRRR,"(84, 128, 6000)",False,,truth_safe_unverified
230629,ses230629-probe0-lfp-RRRX.npy,.npy,18432128,LFP,RRRX,"(6, 128, 6000)",False,,truth_safe_unverified
230629,ses230629-probe0-lfp-RRXR.npy,.npy,6144128,LFP,RRXR,"(2, 128, 6000)",False,,truth_safe_unverified
230629,ses230629-probe0-lfp-RXRR.npy,.npy,24576128,LFP,RXRR,"(8, 128, 6000)",False,,truth_safe_unverified
230629,ses230629-probe1-lfp-AAAB.npy,.npy,147456128,LFP,AAAB,"(48, 128, 6000)",False,,truth_safe_unverified
230629,ses230629-probe1-lfp-AAAX.npy,.npy,3072128,LFP,AAAX,"(1, 128, 6000)",False,,truth_safe_unverified
230629,ses230629-probe1-lfp-AAXB.npy,.npy,15360128,LFP,AAXB,"(5, 128, 6000)",False,,truth_safe_unverified
230629,ses230629-probe1-lfp-AXAB.npy,.npy,18432128,LFP,AXAB,"(6, 128, 6000)",False,,truth_safe_unverified
230629,ses230629-probe1-lfp-BBBA.npy,.npy,153600128,LFP,BBBA,"(50, 128, 6000)",False,,truth_safe_unverified
230629,ses230629-probe1-lfp-BBBX.npy,.npy,6144128,LFP,BBBX,"(2, 128, 6000)",False,,truth_safe_unverified
230629,ses230629-probe1-lfp-BBXA.npy,.npy,9216128,LFP,BBXA,"(3, 128, 6000)",False,,truth_safe_unverified
230629,ses230629-probe1-lfp-BXBA.npy,.npy,15360128,LFP,BXBA,"(5, 128, 6000)",False,,truth_safe_unverified
230629,ses230629-probe1-lfp-RRRR.npy,.npy,258048128,LFP,RRRR,"(84, 128, 6000)",False,,truth_safe_unverified
230629,ses230629-probe1-lfp-RRRX.npy,.npy,18432128,LFP,RRRX,"(6, 128, 6000)",False,,truth_safe_unverified
230629,ses230629-probe1-lfp-RRXR.npy,.npy,6144128,LFP,RRXR,"(2, 128, 6000)",False,,truth_safe_unverified
230629,ses230629-probe1-lfp-RXRR.npy,.npy,24576128,LFP,RXRR,"(8, 128, 6000)",False,,truth_safe_unverified
230629,ses230629-units-probe0-spk-AAAB.npy,.npy,101952128,SPK,AAAB,"(48, 354, 6000)",False,,truth_safe_unverified
230629,ses230629-units-probe0-spk-AAAX.npy,.npy,2124128,SPK,AAAX,"(1, 354, 6000)",False,,truth_safe_unverified
230629,ses230629-units-probe0-spk-AAXB.npy,.npy,10620128,SPK,AAXB,"(5, 354, 6000)",False,,truth_safe_unverified
230629,ses230629-units-probe0-spk-AXAB.npy,.npy,12744128,SPK,AXAB,"(6, 354, 6000)",False,,truth_safe_unverified
230629,ses230629-units-probe0-spk-BBBA.npy,.npy,106200128,SPK,BBBA,"(50, 354, 6000)",False,,truth_safe_unverified
230629,ses230629-units-probe0-spk-BBBX.npy,.npy,4248128,SPK,BBBX,"(2, 354, 6000)",False,,truth_safe_unverified
230629,ses230629-units-probe0-spk-BBXA.npy,.npy,6372128,SPK,BBXA,"(3, 354, 6000)",False,,truth_safe_unverified
230629,ses230629-units-probe0-spk-BXBA.npy,.npy,10620128,SPK,BXBA,"(5, 354, 6000)",False,,truth_safe_unverified
230629,ses230629-units-probe0-spk-RRRR.npy,.npy,178416128,SPK,RRRR,"(84, 354, 6000)",False,,truth_safe_unverified
230629,ses230629-units-probe0-spk-RRRX.npy,.npy,12744128,SPK,RRRX,"(6, 354, 6000)",False,,truth_safe_unverified
230629,ses230629-units-probe0-spk-RRXR.npy,.npy,4248128,SPK,RRXR,"(2, 354, 6000)",False,,truth_safe_unverified
230629,ses230629-units-probe0-spk-RXRR.npy,.npy,16992128,SPK,RXRR,"(8, 354, 6000)",False,,truth_safe_unverified
230629,ses230629-units-probe1-spk-AAAB.npy,.npy,31680128,SPK,AAAB,"(48, 110, 6000)",False,,truth_safe_unverified
230629,ses230629-units-probe1-spk-AAAX.npy,.npy,660128,SPK,AAAX,"(1, 110, 6000)",False,,truth_safe_unverified
230629,ses230629-units-probe1-spk-AAXB.npy,.npy,3300128,SPK,AAXB,"(5, 110, 6000)",False,,truth_safe_unverified
230629,ses230629-units-probe1-spk-AXAB.npy,.npy,3960128,SPK,AXAB,"(6, 110, 6000)",False,,truth_safe_unverified
230629,ses230629-units-probe1-spk-BBBA.npy,.npy,33000128,SPK,BBBA,"(50, 110, 6000)",False,,truth_safe_unverified
230629,ses230629-units-probe1-spk-BBBX.npy,.npy,1320128,SPK,BBBX,"(2, 110, 6000)",False,,truth_safe_unverified
230629,ses230629-units-probe1-spk-BBXA.npy,.npy,1980128,SPK,BBXA,"(3, 110, 6000)",False,,truth_safe_unverified
230629,ses230629-units-probe1-spk-BXBA.npy,.npy,3300128,SPK,BXBA,"(5, 110, 6000)",False,,truth_safe_unverified
230629,ses230629-units-probe1-spk-RRRR.npy,.npy,55440128,SPK,RRRR,"(84, 110, 6000)",False,,truth_safe_unverified
230629,ses230629-units-probe1-spk-RRRX.npy,.npy,3960128,SPK,RRRX,"(6, 110, 6000)",False,,truth_safe_unverified
230629,ses230629-units-probe1-spk-RRXR.npy,.npy,1320128,SPK,RRXR,"(2, 110, 6000)",False,,truth_safe_unverified
230629,ses230629-units-probe1-spk-RXRR.npy,.npy,5280128,SPK,RXRR,"(8, 110, 6000)",False,,truth_safe_unverified
230630,ses230630-probe0-lfp-AAAB.npy,.npy,135168128,LFP,AAAB,"(44, 128, 6000)",False,,truth_safe_unverified
230630,ses230630-probe0-lfp-AAAX.npy,.npy,9216128,LFP,AAAX,"(3, 128, 6000)",False,,truth_safe_unverified
230630,ses230630-probe0-lfp-AAXB.npy,.npy,18432128,LFP,AAXB,"(6, 128, 6000)",False,,truth_safe_unverified
230630,ses230630-probe0-lfp-AXAB.npy,.npy,21504128,LFP,AXAB,"(7, 128, 6000)",False,,truth_safe_unverified
230630,ses230630-probe0-lfp-BBBA.npy,.npy,119808128,LFP,BBBA,"(39, 128, 6000)",False,,truth_safe_unverified
230630,ses230630-probe0-lfp-BBBX.npy,.npy,24576128,LFP,BBBX,"(8, 128, 6000)",False,,truth_safe_unverified
230630,ses230630-probe0-lfp-BBXA.npy,.npy,21504128,LFP,BBXA,"(7, 128, 6000)",False,,truth_safe_unverified
230630,ses230630-probe0-lfp-BXBA.npy,.npy,18432128,LFP,BXBA,"(6, 128, 6000)",False,,truth_safe_unverified
230630,ses230630-probe0-lfp-RRRR.npy,.npy,251904128,LFP,RRRR,"(82, 128, 6000)",False,,truth_safe_unverified
230630,ses230630-probe0-lfp-RRRX.npy,.npy,27648128,LFP,RRRX,"(9, 128, 6000)",False,,truth_safe_unverified
230630,ses230630-probe0-lfp-RRXR.npy,.npy,6144128,LFP,RRXR,"(2, 128, 6000)",False,,truth_safe_unverified
230630,ses230630-probe0-lfp-RXRR.npy,.npy,21504128,LFP,RXRR,"(7, 128, 6000)",False,,truth_safe_unverified
230630,ses230630-probe1-lfp-AAAB.npy,.npy,135168128,LFP,AAAB,"(44, 128, 6000)",False,,truth_safe_unverified
230630,ses230630-probe1-lfp-AAAX.npy,.npy,9216128,LFP,AAAX,"(3, 128, 6000)",False,,truth_safe_unverified
230630,ses230630-probe1-lfp-AAXB.npy,.npy,18432128,LFP,AAXB,"(6, 128, 6000)",False,,truth_safe_unverified
230630,ses230630-probe1-lfp-AXAB.npy,.npy,21504128,LFP,AXAB,"(7, 128, 6000)",False,,truth_safe_unverified
230630,ses230630-probe1-lfp-BBBA.npy,.npy,119808128,LFP,BBBA,"(39, 128, 6000)",False,,truth_safe_unverified
230630,ses230630-probe1-lfp-BBBX.npy,.npy,24576128,LFP,BBBX,"(8, 128, 6000)",False,,truth_safe_unverified
230630,ses230630-probe1-lfp-BBXA.npy,.npy,21504128,LFP,BBXA,"(7, 128, 6000)",False,,truth_safe_unverified
230630,ses230630-probe1-lfp-BXBA.npy,.npy,18432128,LFP,BXBA,"(6, 128, 6000)",False,,truth_safe_unverified
230630,ses230630-probe1-lfp-RRRR.npy,.npy,251904128,LFP,RRRR,"(82, 128, 6000)",False,,truth_safe_unverified
230630,ses230630-probe1-lfp-RRRX.npy,.npy,27648128,LFP,RRRX,"(9, 128, 6000)",False,,truth_safe_unverified
230630,ses230630-probe1-lfp-RRXR.npy,.npy,6144128,LFP,RRXR,"(2, 128, 6000)",False,,truth_safe_unverified
230630,ses230630-probe1-lfp-RXRR.npy,.npy,21504128,LFP,RXRR,"(7, 128, 6000)",False,,truth_safe_unverified
230630,ses230630-probe2-lfp-AAAB.npy,.npy,135168128,LFP,AAAB,"(44, 128, 6000)",False,,truth_safe_unverified
230630,ses230630-probe2-lfp-AAAX.npy,.npy,9216128,LFP,AAAX,"(3, 128, 6000)",False,,truth_safe_unverified
230630,ses230630-probe2-lfp-AAXB.npy,.npy,18432128,LFP,AAXB,"(6, 128, 6000)",False,,truth_safe_unverified
230630,ses230630-probe2-lfp-AXAB.npy,.npy,21504128,LFP,AXAB,"(7, 128, 6000)",False,,truth_safe_unverified
230630,ses230630-probe2-lfp-BBBA.npy,.npy,119808128,LFP,BBBA,"(39, 128, 6000)",False,,truth_safe_unverified
230630,ses230630-probe2-lfp-BBBX.npy,.npy,24576128,LFP,BBBX,"(8, 128, 6000)",False,,truth_safe_unverified
230630,ses230630-probe2-lfp-BBXA.npy,.npy,21504128,LFP,BBXA,"(7, 128, 6000)",False,,truth_safe_unverified
230630,ses230630-probe2-lfp-BXBA.npy,.npy,18432128,LFP,BXBA,"(6, 128, 6000)",False,,truth_safe_unverified
230630,ses230630-probe2-lfp-RRRR.npy,.npy,251904128,LFP,RRRR,"(82, 128, 6000)",False,,truth_safe_unverified
230630,ses230630-probe2-lfp-RRRX.npy,.npy,27648128,LFP,RRRX,"(9, 128, 6000)",False,,truth_safe_unverified
230630,ses230630-probe2-lfp-RRXR.npy,.npy,6144128,LFP,RRXR,"(2, 128, 6000)",False,,truth_safe_unverified
230630,ses230630-probe2-lfp-RXRR.npy,.npy,21504128,LFP,RXRR,"(7, 128, 6000)",False,,truth_safe_unverified
230630,ses230630-units-probe0-spk-AAAB.npy,.npy,7656128,SPK,AAAB,"(44, 29, 6000)",False,,truth_safe_unverified
230630,ses230630-units-probe0-spk-AAAX.npy,.npy,522128,SPK,AAAX,"(3, 29, 6000)",False,,truth_safe_unverified
230630,ses230630-units-probe0-spk-AAXB.npy,.npy,1044128,SPK,AAXB,"(6, 29, 6000)",False,,truth_safe_unverified
230630,ses230630-units-probe0-spk-AXAB.npy,.npy,1218128,SPK,AXAB,"(7, 29, 6000)",False,,truth_safe_unverified
230630,ses230630-units-probe0-spk-BBBA.npy,.npy,6786128,SPK,BBBA,"(39, 29, 6000)",False,,truth_safe_unverified
230630,ses230630-units-probe0-spk-BBBX.npy,.npy,1392128,SPK,BBBX,"(8, 29, 6000)",False,,truth_safe_unverified
230630,ses230630-units-probe0-spk-BBXA.npy,.npy,1218128,SPK,BBXA,"(7, 29, 6000)",False,,truth_safe_unverified
230630,ses230630-units-probe0-spk-BXBA.npy,.npy,1044128,SPK,BXBA,"(6, 29, 6000)",False,,truth_safe_unverified
230630,ses230630-units-probe0-spk-RRRR.npy,.npy,14268128,SPK,RRRR,"(82, 29, 6000)",False,,truth_safe_unverified
230630,ses230630-units-probe0-spk-RRRX.npy,.npy,1566128,SPK,RRRX,"(9, 29, 6000)",False,,truth_safe_unverified
230630,ses230630-units-probe0-spk-RRXR.npy,.npy,348128,SPK,RRXR,"(2, 29, 6000)",False,,truth_safe_unverified
230630,ses230630-units-probe0-spk-RXRR.npy,.npy,1218128,SPK,RXRR,"(7, 29, 6000)",False,,truth_safe_unverified
230630,ses230630-units-probe1-spk-AAAB.npy,.npy,23232128,SPK,AAAB,"(44, 88, 6000)",False,,truth_safe_unverified
230630,ses230630-units-probe1-spk-AAAX.npy,.npy,1584128,SPK,AAAX,"(3, 88, 6000)",False,,truth_safe_unverified
230630,ses230630-units-probe1-spk-AAXB.npy,.npy,3168128,SPK,AAXB,"(6, 88, 6000)",False,,truth_safe_unverified
230630,ses230630-units-probe1-spk-AXAB.npy,.npy,3696128,SPK,AXAB,"(7, 88, 6000)",False,,truth_safe_unverified
230630,ses230630-units-probe1-spk-BBBA.npy,.npy,20592128,SPK,BBBA,"(39, 88, 6000)",False,,truth_safe_unverified
230630,ses230630-units-probe1-spk-BBBX.npy,.npy,4224128,SPK,BBBX,"(8, 88, 6000)",False,,truth_safe_unverified
230630,ses230630-units-probe1-spk-BBXA.npy,.npy,3696128,SPK,BBXA,"(7, 88, 6000)",False,,truth_safe_unverified
230630,ses230630-units-probe1-spk-BXBA.npy,.npy,3168128,SPK,BXBA,"(6, 88, 6000)",False,,truth_safe_unverified
230630,ses230630-units-probe1-spk-RRRR.npy,.npy,43296128,SPK,RRRR,"(82, 88, 6000)",False,,truth_safe_unverified
230630,ses230630-units-probe1-spk-RRRX.npy,.npy,4752128,SPK,RRRX,"(9, 88, 6000)",False,,truth_safe_unverified
230630,ses230630-units-probe1-spk-RRXR.npy,.npy,1056128,SPK,RRXR,"(2, 88, 6000)",False,,truth_safe_unverified
230630,ses230630-units-probe1-spk-RXRR.npy,.npy,3696128,SPK,RXRR,"(7, 88, 6000)",False,,truth_safe_unverified
230630,ses230630-units-probe2-spk-AAAB.npy,.npy,13200128,SPK,AAAB,"(44, 50, 6000)",False,,truth_safe_unverified
230630,ses230630-units-probe2-spk-AAAX.npy,.npy,900128,SPK,AAAX,"(3, 50, 6000)",False,,truth_safe_unverified
230630,ses230630-units-probe2-spk-AAXB.npy,.npy,1800128,SPK,AAXB,"(6, 50, 6000)",False,,truth_safe_unverified
230630,ses230630-units-probe2-spk-AXAB.npy,.npy,2100128,SPK,AXAB,"(7, 50, 6000)",False,,truth_safe_unverified
230630,ses230630-units-probe2-spk-BBBA.npy,.npy,11700128,SPK,BBBA,"(39, 50, 6000)",False,,truth_safe_unverified
230630,ses230630-units-probe2-spk-BBBX.npy,.npy,2400128,SPK,BBBX,"(8, 50, 6000)",False,,truth_safe_unverified
230630,ses230630-units-probe2-spk-BBXA.npy,.npy,2100128,SPK,BBXA,"(7, 50, 6000)",False,,truth_safe_unverified
230630,ses230630-units-probe2-spk-BXBA.npy,.npy,1800128,SPK,BXBA,"(6, 50, 6000)",False,,truth_safe_unverified
230630,ses230630-units-probe2-spk-RRRR.npy,.npy,24600128,SPK,RRRR,"(82, 50, 6000)",False,,truth_safe_unverified
230630,ses230630-units-probe2-spk-RRRX.npy,.npy,2700128,SPK,RRRX,"(9, 50, 6000)",False,,truth_safe_unverified
230630,ses230630-units-probe2-spk-RRXR.npy,.npy,600128,SPK,RRXR,"(2, 50, 6000)",False,,truth_safe_unverified
230630,ses230630-units-probe2-spk-RXRR.npy,.npy,2100128,SPK,RXRR,"(7, 50, 6000)",False,,truth_safe_unverified
230714,ses230714-probe0-lfp-AAAB.npy,.npy,678912128,LFP,AAAB,"(221, 128, 6000)",False,,truth_safe_unverified
230714,ses230714-probe0-lfp-AAAX.npy,.npy,116736128,LFP,AAAX,"(38, 128, 6000)",False,,truth_safe_unverified
230714,ses230714-probe0-lfp-AAXB.npy,.npy,101376128,LFP,AAXB,"(33, 128, 6000)",False,,truth_safe_unverified
230714,ses230714-probe0-lfp-AXAB.npy,.npy,116736128,LFP,AXAB,"(38, 128, 6000)",False,,truth_safe_unverified
230714,ses230714-probe0-lfp-BBBA.npy,.npy,734208128,LFP,BBBA,"(239, 128, 6000)",False,,truth_safe_unverified
230714,ses230714-probe0-lfp-BBBX.npy,.npy,101376128,LFP,BBBX,"(33, 128, 6000)",False,,truth_safe_unverified
230714,ses230714-probe0-lfp-BBXA.npy,.npy,107520128,LFP,BBXA,"(35, 128, 6000)",False,,truth_safe_unverified
230714,ses230714-probe0-lfp-BXBA.npy,.npy,70656128,LFP,BXBA,"(23, 128, 6000)",False,,truth_safe_unverified
230714,ses230714-probe0-lfp-RRRR.npy,.npy,476160128,LFP,RRRR,"(155, 128, 6000)",False,,truth_safe_unverified
230714,ses230714-probe0-lfp-RRRX.npy,.npy,224256128,LFP,RRRX,"(73, 128, 6000)",False,,truth_safe_unverified
230714,ses230714-probe0-lfp-RRXR.npy,.npy,86016128,LFP,RRXR,"(28, 128, 6000)",False,,truth_safe_unverified
230714,ses230714-probe0-lfp-RXRR.npy,.npy,135168128,LFP,RXRR,"(44, 128, 6000)",False,,truth_safe_unverified
230714,ses230714-probe1-lfp-AAAB.npy,.npy,678912128,LFP,AAAB,"(221, 128, 6000)",False,,truth_safe_unverified
230714,ses230714-probe1-lfp-AAAX.npy,.npy,116736128,LFP,AAAX,"(38, 128, 6000)",False,,truth_safe_unverified
230714,ses230714-probe1-lfp-AAXB.npy,.npy,101376128,LFP,AAXB,"(33, 128, 6000)",False,,truth_safe_unverified
230714,ses230714-probe1-lfp-AXAB.npy,.npy,116736128,LFP,AXAB,"(38, 128, 6000)",False,,truth_safe_unverified
230714,ses230714-probe1-lfp-BBBA.npy,.npy,734208128,LFP,BBBA,"(239, 128, 6000)",False,,truth_safe_unverified
230714,ses230714-probe1-lfp-BBBX.npy,.npy,101376128,LFP,BBBX,"(33, 128, 6000)",False,,truth_safe_unverified
230714,ses230714-probe1-lfp-BBXA.npy,.npy,107520128,LFP,BBXA,"(35, 128, 6000)",False,,truth_safe_unverified
230714,ses230714-probe1-lfp-BXBA.npy,.npy,70656128,LFP,BXBA,"(23, 128, 6000)",False,,truth_safe_unverified
230714,ses230714-probe1-lfp-RRRR.npy,.npy,476160128,LFP,RRRR,"(155, 128, 6000)",False,,truth_safe_unverified
230714,ses230714-probe1-lfp-RRRX.npy,.npy,224256128,LFP,RRRX,"(73, 128, 6000)",False,,truth_safe_unverified
230714,ses230714-probe1-lfp-RRXR.npy,.npy,86016128,LFP,RRXR,"(28, 128, 6000)",False,,truth_safe_unverified
230714,ses230714-probe1-lfp-RXRR.npy,.npy,135168128,LFP,RXRR,"(44, 128, 6000)",False,,truth_safe_unverified
230714,ses230714-units-probe0-spk-AAAB.npy,.npy,560898128,SPK,AAAB,"(221, 423, 6000)",False,,truth_safe_unverified
230714,ses230714-units-probe0-spk-AAAX.npy,.npy,96444128,SPK,AAAX,"(38, 423, 6000)",False,,truth_safe_unverified
230714,ses230714-units-probe0-spk-AAXB.npy,.npy,83754128,SPK,AAXB,"(33, 423, 6000)",False,,truth_safe_unverified
230714,ses230714-units-probe0-spk-AXAB.npy,.npy,96444128,SPK,AXAB,"(38, 423, 6000)",False,,truth_safe_unverified
230714,ses230714-units-probe0-spk-BBBA.npy,.npy,606582128,SPK,BBBA,"(239, 423, 6000)",False,,truth_safe_unverified
230714,ses230714-units-probe0-spk-BBBX.npy,.npy,83754128,SPK,BBBX,"(33, 423, 6000)",False,,truth_safe_unverified
230714,ses230714-units-probe0-spk-BBXA.npy,.npy,88830128,SPK,BBXA,"(35, 423, 6000)",False,,truth_safe_unverified
230714,ses230714-units-probe0-spk-BXBA.npy,.npy,58374128,SPK,BXBA,"(23, 423, 6000)",False,,truth_safe_unverified
230714,ses230714-units-probe0-spk-RRRR.npy,.npy,393390128,SPK,RRRR,"(155, 423, 6000)",False,,truth_safe_unverified
230714,ses230714-units-probe0-spk-RRRX.npy,.npy,185274128,SPK,RRRX,"(73, 423, 6000)",False,,truth_safe_unverified
230714,ses230714-units-probe0-spk-RRXR.npy,.npy,71064128,SPK,RRXR,"(28, 423, 6000)",False,,truth_safe_unverified
230714,ses230714-units-probe0-spk-RXRR.npy,.npy,111672128,SPK,RXRR,"(44, 423, 6000)",False,,truth_safe_unverified
230714,ses230714-units-probe1-spk-AAAB.npy,.npy,220116128,SPK,AAAB,"(221, 166, 6000)",False,,truth_safe_unverified
230714,ses230714-units-probe1-spk-AAAX.npy,.npy,37848128,SPK,AAAX,"(38, 166, 6000)",False,,truth_safe_unverified
230714,ses230714-units-probe1-spk-AAXB.npy,.npy,32868128,SPK,AAXB,"(33, 166, 6000)",False,,truth_safe_unverified
230714,ses230714-units-probe1-spk-AXAB.npy,.npy,37848128,SPK,AXAB,"(38, 166, 6000)",False,,truth_safe_unverified
230714,ses230714-units-probe1-spk-BBBA.npy,.npy,238044128,SPK,BBBA,"(239, 166, 6000)",False,,truth_safe_unverified
230714,ses230714-units-probe1-spk-BBBX.npy,.npy,32868128,SPK,BBBX,"(33, 166, 6000)",False,,truth_safe_unverified
230714,ses230714-units-probe1-spk-BBXA.npy,.npy,34860128,SPK,BBXA,"(35, 166, 6000)",False,,truth_safe_unverified
230714,ses230714-units-probe1-spk-BXBA.npy,.npy,22908128,SPK,BXBA,"(23, 166, 6000)",False,,truth_safe_unverified
230714,ses230714-units-probe1-spk-RRRR.npy,.npy,154380128,SPK,RRRR,"(155, 166, 6000)",False,,truth_safe_unverified
230714,ses230714-units-probe1-spk-RRRX.npy,.npy,72708128,SPK,RRRX,"(73, 166, 6000)",False,,truth_safe_unverified
230714,ses230714-units-probe1-spk-RRXR.npy,.npy,27888128,SPK,RRXR,"(28, 166, 6000)",False,,truth_safe_unverified
230714,ses230714-units-probe1-spk-RXRR.npy,.npy,43824128,SPK,RXRR,"(44, 166, 6000)",False,,truth_safe_unverified
230719,ses230719-probe0-lfp-AAAB.npy,.npy,731136128,LFP,AAAB,"(238, 128, 6000)",False,,truth_safe_unverified
230719,ses230719-probe0-lfp-AAAX.npy,.npy,95232128,LFP,AAAX,"(31, 128, 6000)",False,,truth_safe_unverified
230719,ses230719-probe0-lfp-AAXB.npy,.npy,107520128,LFP,AAXB,"(35, 128, 6000)",False,,truth_safe_unverified
230719,ses230719-probe0-lfp-AXAB.npy,.npy,79872128,LFP,AXAB,"(26, 128, 6000)",False,,truth_safe_unverified
230719,ses230719-probe0-lfp-BBBA.npy,.npy,712704128,LFP,BBBA,"(232, 128, 6000)",False,,truth_safe_unverified
230719,ses230719-probe0-lfp-BBBX.npy,.npy,107520128,LFP,BBBX,"(35, 128, 6000)",False,,truth_safe_unverified
230719,ses230719-probe0-lfp-BBXA.npy,.npy,92160128,LFP,BBXA,"(30, 128, 6000)",False,,truth_safe_unverified
230719,ses230719-probe0-lfp-BXBA.npy,.npy,101376128,LFP,BXBA,"(33, 128, 6000)",False,,truth_safe_unverified
230719,ses230719-probe0-lfp-RRRR.npy,.npy,417792128,LFP,RRRR,"(136, 128, 6000)",False,,truth_safe_unverified
230719,ses230719-probe0-lfp-RRRX.npy,.npy,276480128,LFP,RRRX,"(90, 128, 6000)",False,,truth_safe_unverified
230719,ses230719-probe0-lfp-RRXR.npy,.npy,52224128,LFP,RRXR,"(17, 128, 6000)",False,,truth_safe_unverified
230719,ses230719-probe0-lfp-RXRR.npy,.npy,175104128,LFP,RXRR,"(57, 128, 6000)",False,,truth_safe_unverified
230719,ses230719-probe1-lfp-AAAB.npy,.npy,731136128,LFP,AAAB,"(238, 128, 6000)",False,,truth_safe_unverified
230719,ses230719-probe1-lfp-AAAX.npy,.npy,95232128,LFP,AAAX,"(31, 128, 6000)",False,,truth_safe_unverified
230719,ses230719-probe1-lfp-AAXB.npy,.npy,107520128,LFP,AAXB,"(35, 128, 6000)",False,,truth_safe_unverified
230719,ses230719-probe1-lfp-AXAB.npy,.npy,79872128,LFP,AXAB,"(26, 128, 6000)",False,,truth_safe_unverified
230719,ses230719-probe1-lfp-BBBA.npy,.npy,712704128,LFP,BBBA,"(232, 128, 6000)",False,,truth_safe_unverified
230719,ses230719-probe1-lfp-BBBX.npy,.npy,107520128,LFP,BBBX,"(35, 128, 6000)",False,,truth_safe_unverified
230719,ses230719-probe1-lfp-BBXA.npy,.npy,92160128,LFP,BBXA,"(30, 128, 6000)",False,,truth_safe_unverified
230719,ses230719-probe1-lfp-BXBA.npy,.npy,101376128,LFP,BXBA,"(33, 128, 6000)",False,,truth_safe_unverified
230719,ses230719-probe1-lfp-RRRR.npy,.npy,417792128,LFP,RRRR,"(136, 128, 6000)",False,,truth_safe_unverified
230719,ses230719-probe1-lfp-RRRX.npy,.npy,276480128,LFP,RRRX,"(90, 128, 6000)",False,,truth_safe_unverified
230719,ses230719-probe1-lfp-RRXR.npy,.npy,52224128,LFP,RRXR,"(17, 128, 6000)",False,,truth_safe_unverified
230719,ses230719-probe1-lfp-RXRR.npy,.npy,175104128,LFP,RXRR,"(57, 128, 6000)",False,,truth_safe_unverified
230719,ses230719-probe2-lfp-AAAB.npy,.npy,731136128,LFP,AAAB,"(238, 128, 6000)",False,,truth_safe_unverified
230719,ses230719-probe2-lfp-AAAX.npy,.npy,95232128,LFP,AAAX,"(31, 128, 6000)",False,,truth_safe_unverified
230719,ses230719-probe2-lfp-AAXB.npy,.npy,107520128,LFP,AAXB,"(35, 128, 6000)",False,,truth_safe_unverified
230719,ses230719-probe2-lfp-AXAB.npy,.npy,79872128,LFP,AXAB,"(26, 128, 6000)",False,,truth_safe_unverified
230719,ses230719-probe2-lfp-BBBA.npy,.npy,712704128,LFP,BBBA,"(232, 128, 6000)",False,,truth_safe_unverified
230719,ses230719-probe2-lfp-BBBX.npy,.npy,107520128,LFP,BBBX,"(35, 128, 6000)",False,,truth_safe_unverified
230719,ses230719-probe2-lfp-BBXA.npy,.npy,92160128,LFP,BBXA,"(30, 128, 6000)",False,,truth_safe_unverified
230719,ses230719-probe2-lfp-BXBA.npy,.npy,101376128,LFP,BXBA,"(33, 128, 6000)",False,,truth_safe_unverified
230719,ses230719-probe2-lfp-RRRR.npy,.npy,417792128,LFP,RRRR,"(136, 128, 6000)",False,,truth_safe_unverified
230719,ses230719-probe2-lfp-RRRX.npy,.npy,276480128,LFP,RRRX,"(90, 128, 6000)",False,,truth_safe_unverified
230719,ses230719-probe2-lfp-RRXR.npy,.npy,52224128,LFP,RRXR,"(17, 128, 6000)",False,,truth_safe_unverified
230719,ses230719-probe2-lfp-RXRR.npy,.npy,175104128,LFP,RXRR,"(57, 128, 6000)",False,,truth_safe_unverified
230719,ses230719-units-probe0-spk-AAAB.npy,.npy,411264128,SPK,AAAB,"(238, 288, 6000)",False,,truth_safe_unverified
230719,ses230719-units-probe0-spk-AAAX.npy,.npy,53568128,SPK,AAAX,"(31, 288, 6000)",False,,truth_safe_unverified
230719,ses230719-units-probe0-spk-AAXB.npy,.npy,60480128,SPK,AAXB,"(35, 288, 6000)",False,,truth_safe_unverified
230719,ses230719-units-probe0-spk-AXAB.npy,.npy,44928128,SPK,AXAB,"(26, 288, 6000)",False,,truth_safe_unverified
230719,ses230719-units-probe0-spk-BBBA.npy,.npy,400896128,SPK,BBBA,"(232, 288, 6000)",False,,truth_safe_unverified
230719,ses230719-units-probe0-spk-BBBX.npy,.npy,60480128,SPK,BBBX,"(35, 288, 6000)",False,,truth_safe_unverified
230719,ses230719-units-probe0-spk-BBXA.npy,.npy,51840128,SPK,BBXA,"(30, 288, 6000)",False,,truth_safe_unverified
230719,ses230719-units-probe0-spk-BXBA.npy,.npy,57024128,SPK,BXBA,"(33, 288, 6000)",False,,truth_safe_unverified
230719,ses230719-units-probe0-spk-RRRR.npy,.npy,235008128,SPK,RRRR,"(136, 288, 6000)",False,,truth_safe_unverified
230719,ses230719-units-probe0-spk-RRRX.npy,.npy,155520128,SPK,RRRX,"(90, 288, 6000)",False,,truth_safe_unverified
230719,ses230719-units-probe0-spk-RRXR.npy,.npy,29376128,SPK,RRXR,"(17, 288, 6000)",False,,truth_safe_unverified
230719,ses230719-units-probe0-spk-RXRR.npy,.npy,98496128,SPK,RXRR,"(57, 288, 6000)",False,,truth_safe_unverified
230719,ses230719-units-probe2-spk-AAAB.npy,.npy,181356128,SPK,AAAB,"(238, 127, 6000)",False,,truth_safe_unverified
230719,ses230719-units-probe2-spk-AAAX.npy,.npy,23622128,SPK,AAAX,"(31, 127, 6000)",False,,truth_safe_unverified
230719,ses230719-units-probe2-spk-AAXB.npy,.npy,26670128,SPK,AAXB,"(35, 127, 6000)",False,,truth_safe_unverified
230719,ses230719-units-probe2-spk-AXAB.npy,.npy,19812128,SPK,AXAB,"(26, 127, 6000)",False,,truth_safe_unverified
230719,ses230719-units-probe2-spk-BBBA.npy,.npy,176784128,SPK,BBBA,"(232, 127, 6000)",False,,truth_safe_unverified
230719,ses230719-units-probe2-spk-BBBX.npy,.npy,26670128,SPK,BBBX,"(35, 127, 6000)",False,,truth_safe_unverified
230719,ses230719-units-probe2-spk-BBXA.npy,.npy,22860128,SPK,BBXA,"(30, 127, 6000)",False,,truth_safe_unverified
230719,ses230719-units-probe2-spk-BXBA.npy,.npy,25146128,SPK,BXBA,"(33, 127, 6000)",False,,truth_safe_unverified
230719,ses230719-units-probe2-spk-RRRR.npy,.npy,103632128,SPK,RRRR,"(136, 127, 6000)",False,,truth_safe_unverified
230719,ses230719-units-probe2-spk-RRRX.npy,.npy,68580128,SPK,RRRX,"(90, 127, 6000)",False,,truth_safe_unverified
230719,ses230719-units-probe2-spk-RRXR.npy,.npy,12954128,SPK,RRXR,"(17, 127, 6000)",False,,truth_safe_unverified
230719,ses230719-units-probe2-spk-RXRR.npy,.npy,43434128,SPK,RXRR,"(57, 127, 6000)",False,,truth_safe_unverified
230720,ses230720-probe0-lfp-AAAB.npy,.npy,737280128,LFP,AAAB,"(240, 128, 6000)",False,,truth_safe_unverified
230720,ses230720-probe0-lfp-AAAX.npy,.npy,92160128,LFP,AAAX,"(30, 128, 6000)",False,,truth_safe_unverified
230720,ses230720-probe0-lfp-AAXB.npy,.npy,92160128,LFP,AAXB,"(30, 128, 6000)",False,,truth_safe_unverified
230720,ses230720-probe0-lfp-AXAB.npy,.npy,92160128,LFP,AXAB,"(30, 128, 6000)",False,,truth_safe_unverified
230720,ses230720-probe0-lfp-BBBA.npy,.npy,691200128,LFP,BBBA,"(225, 128, 6000)",False,,truth_safe_unverified
230720,ses230720-probe0-lfp-BBBX.npy,.npy,98304128,LFP,BBBX,"(32, 128, 6000)",False,,truth_safe_unverified
230720,ses230720-probe0-lfp-BBXA.npy,.npy,119808128,LFP,BBXA,"(39, 128, 6000)",False,,truth_safe_unverified
230720,ses230720-probe0-lfp-BXBA.npy,.npy,104448128,LFP,BXBA,"(34, 128, 6000)",False,,truth_safe_unverified
230720,ses230720-probe0-lfp-RRRR.npy,.npy,427008128,LFP,RRRR,"(139, 128, 6000)",False,,truth_safe_unverified
230720,ses230720-probe0-lfp-RRRX.npy,.npy,267264128,LFP,RRRX,"(87, 128, 6000)",False,,truth_safe_unverified
230720,ses230720-probe0-lfp-RRXR.npy,.npy,116736128,LFP,RRXR,"(38, 128, 6000)",False,,truth_safe_unverified
230720,ses230720-probe0-lfp-RXRR.npy,.npy,110592128,LFP,RXRR,"(36, 128, 6000)",False,,truth_safe_unverified
230720,ses230720-probe1-lfp-AAAB.npy,.npy,737280128,LFP,AAAB,"(240, 128, 6000)",False,,truth_safe_unverified
230720,ses230720-probe1-lfp-AAAX.npy,.npy,92160128,LFP,AAAX,"(30, 128, 6000)",False,,truth_safe_unverified
230720,ses230720-probe1-lfp-AAXB.npy,.npy,92160128,LFP,AAXB,"(30, 128, 6000)",False,,truth_safe_unverified
230720,ses230720-probe1-lfp-AXAB.npy,.npy,92160128,LFP,AXAB,"(30, 128, 6000)",False,,truth_safe_unverified
230720,ses230720-probe1-lfp-BBBA.npy,.npy,691200128,LFP,BBBA,"(225, 128, 6000)",False,,truth_safe_unverified
230720,ses230720-probe1-lfp-BBBX.npy,.npy,98304128,LFP,BBBX,"(32, 128, 6000)",False,,truth_safe_unverified
230720,ses230720-probe1-lfp-BBXA.npy,.npy,119808128,LFP,BBXA,"(39, 128, 6000)",False,,truth_safe_unverified
230720,ses230720-probe1-lfp-BXBA.npy,.npy,104448128,LFP,BXBA,"(34, 128, 6000)",False,,truth_safe_unverified
230720,ses230720-probe1-lfp-RRRR.npy,.npy,427008128,LFP,RRRR,"(139, 128, 6000)",False,,truth_safe_unverified
230720,ses230720-probe1-lfp-RRRX.npy,.npy,267264128,LFP,RRRX,"(87, 128, 6000)",False,,truth_safe_unverified
230720,ses230720-probe1-lfp-RRXR.npy,.npy,116736128,LFP,RRXR,"(38, 128, 6000)",False,,truth_safe_unverified
230720,ses230720-probe1-lfp-RXRR.npy,.npy,110592128,LFP,RXRR,"(36, 128, 6000)",False,,truth_safe_unverified
230720,ses230720-units-probe0-spk-AAAB.npy,.npy,260640128,SPK,AAAB,"(240, 181, 6000)",False,,truth_safe_unverified
230720,ses230720-units-probe0-spk-AAAX.npy,.npy,32580128,SPK,AAAX,"(30, 181, 6000)",False,,truth_safe_unverified
230720,ses230720-units-probe0-spk-AAXB.npy,.npy,32580128,SPK,AAXB,"(30, 181, 6000)",False,,truth_safe_unverified
230720,ses230720-units-probe0-spk-AXAB.npy,.npy,32580128,SPK,AXAB,"(30, 181, 6000)",False,,truth_safe_unverified
230720,ses230720-units-probe0-spk-BBBA.npy,.npy,244350128,SPK,BBBA,"(225, 181, 6000)",False,,truth_safe_unverified
230720,ses230720-units-probe0-spk-BBBX.npy,.npy,34752128,SPK,BBBX,"(32, 181, 6000)",False,,truth_safe_unverified
230720,ses230720-units-probe0-spk-BBXA.npy,.npy,42354128,SPK,BBXA,"(39, 181, 6000)",False,,truth_safe_unverified
230720,ses230720-units-probe0-spk-BXBA.npy,.npy,36924128,SPK,BXBA,"(34, 181, 6000)",False,,truth_safe_unverified
230720,ses230720-units-probe0-spk-RRRR.npy,.npy,150954128,SPK,RRRR,"(139, 181, 6000)",False,,truth_safe_unverified
230720,ses230720-units-probe0-spk-RRRX.npy,.npy,94482128,SPK,RRRX,"(87, 181, 6000)",False,,truth_safe_unverified
230720,ses230720-units-probe0-spk-RRXR.npy,.npy,41268128,SPK,RRXR,"(38, 181, 6000)",False,,truth_safe_unverified
230720,ses230720-units-probe0-spk-RXRR.npy,.npy,39096128,SPK,RXRR,"(36, 181, 6000)",False,,truth_safe_unverified
230720,ses230720-units-probe1-spk-AAAB.npy,.npy,195840128,SPK,AAAB,"(240, 136, 6000)",False,,truth_safe_unverified
230720,ses230720-units-probe1-spk-AAAX.npy,.npy,24480128,SPK,AAAX,"(30, 136, 6000)",False,,truth_safe_unverified
230720,ses230720-units-probe1-spk-AAXB.npy,.npy,24480128,SPK,AAXB,"(30, 136, 6000)",False,,truth_safe_unverified
230720,ses230720-units-probe1-spk-AXAB.npy,.npy,24480128,SPK,AXAB,"(30, 136, 6000)",False,,truth_safe_unverified
230720,ses230720-units-probe1-spk-BBBA.npy,.npy,183600128,SPK,BBBA,"(225, 136, 6000)",False,,truth_safe_unverified
230720,ses230720-units-probe1-spk-BBBX.npy,.npy,26112128,SPK,BBBX,"(32, 136, 6000)",False,,truth_safe_unverified
230720,ses230720-units-probe1-spk-BBXA.npy,.npy,31824128,SPK,BBXA,"(39, 136, 6000)",False,,truth_safe_unverified
230720,ses230720-units-probe1-spk-BXBA.npy,.npy,27744128,SPK,BXBA,"(34, 136, 6000)",False,,truth_safe_unverified
230720,ses230720-units-probe1-spk-RRRR.npy,.npy,113424128,SPK,RRRR,"(139, 136, 6000)",False,,truth_safe_unverified
230720,ses230720-units-probe1-spk-RRRX.npy,.npy,70992128,SPK,RRRX,"(87, 136, 6000)",False,,truth_safe_unverified
230720,ses230720-units-probe1-spk-RRXR.npy,.npy,31008128,SPK,RRXR,"(38, 136, 6000)",False,,truth_safe_unverified
230720,ses230720-units-probe1-spk-RXRR.npy,.npy,29376128,SPK,RXRR,"(36, 136, 6000)",False,,truth_safe_unverified
230721,ses230721-probe0-lfp-AAAB.npy,.npy,731136128,LFP,AAAB,"(238, 128, 6000)",False,,truth_safe_unverified
230721,ses230721-probe0-lfp-AAAX.npy,.npy,101376128,LFP,AAAX,"(33, 128, 6000)",False,,truth_safe_unverified
230721,ses230721-probe0-lfp-AAXB.npy,.npy,98304128,LFP,AAXB,"(32, 128, 6000)",False,,truth_safe_unverified
230721,ses230721-probe0-lfp-AXAB.npy,.npy,82944128,LFP,AXAB,"(27, 128, 6000)",False,,truth_safe_unverified
230721,ses230721-probe0-lfp-BBBA.npy,.npy,709632128,LFP,BBBA,"(231, 128, 6000)",False,,truth_safe_unverified
230721,ses230721-probe0-lfp-BBBX.npy,.npy,101376128,LFP,BBBX,"(33, 128, 6000)",False,,truth_safe_unverified
230721,ses230721-probe0-lfp-BBXA.npy,.npy,104448128,LFP,BBXA,"(34, 128, 6000)",False,,truth_safe_unverified
230721,ses230721-probe0-lfp-BXBA.npy,.npy,98304128,LFP,BXBA,"(32, 128, 6000)",False,,truth_safe_unverified
230721,ses230721-probe0-lfp-RRRR.npy,.npy,430080128,LFP,RRRR,"(140, 128, 6000)",False,,truth_safe_unverified
230721,ses230721-probe0-lfp-RRRX.npy,.npy,227328128,LFP,RRRX,"(74, 128, 6000)",False,,truth_safe_unverified
230721,ses230721-probe0-lfp-RRXR.npy,.npy,73728128,LFP,RRXR,"(24, 128, 6000)",False,,truth_safe_unverified
230721,ses230721-probe0-lfp-RXRR.npy,.npy,190464128,LFP,RXRR,"(62, 128, 6000)",False,,truth_safe_unverified
230721,ses230721-probe1-lfp-AAAB.npy,.npy,731136128,LFP,AAAB,"(238, 128, 6000)",False,,truth_safe_unverified
230721,ses230721-probe1-lfp-AAAX.npy,.npy,101376128,LFP,AAAX,"(33, 128, 6000)",False,,truth_safe_unverified
230721,ses230721-probe1-lfp-AAXB.npy,.npy,98304128,LFP,AAXB,"(32, 128, 6000)",False,,truth_safe_unverified
230721,ses230721-probe1-lfp-AXAB.npy,.npy,82944128,LFP,AXAB,"(27, 128, 6000)",False,,truth_safe_unverified
230721,ses230721-probe1-lfp-BBBA.npy,.npy,709632128,LFP,BBBA,"(231, 128, 6000)",False,,truth_safe_unverified
230721,ses230721-probe1-lfp-BBBX.npy,.npy,101376128,LFP,BBBX,"(33, 128, 6000)",False,,truth_safe_unverified
230721,ses230721-probe1-lfp-BBXA.npy,.npy,104448128,LFP,BBXA,"(34, 128, 6000)",False,,truth_safe_unverified
230721,ses230721-probe1-lfp-BXBA.npy,.npy,98304128,LFP,BXBA,"(32, 128, 6000)",False,,truth_safe_unverified
230721,ses230721-probe1-lfp-RRRR.npy,.npy,430080128,LFP,RRRR,"(140, 128, 6000)",False,,truth_safe_unverified
230721,ses230721-probe1-lfp-RRRX.npy,.npy,227328128,LFP,RRRX,"(74, 128, 6000)",False,,truth_safe_unverified
230721,ses230721-probe1-lfp-RRXR.npy,.npy,73728128,LFP,RRXR,"(24, 128, 6000)",False,,truth_safe_unverified
230721,ses230721-probe1-lfp-RXRR.npy,.npy,190464128,LFP,RXRR,"(62, 128, 6000)",False,,truth_safe_unverified
230721,ses230721-units-probe0-spk-AAAB.npy,.npy,81396128,SPK,AAAB,"(238, 57, 6000)",False,,truth_safe_unverified
230721,ses230721-units-probe0-spk-AAAX.npy,.npy,11286128,SPK,AAAX,"(33, 57, 6000)",False,,truth_safe_unverified
230721,ses230721-units-probe0-spk-AAXB.npy,.npy,10944128,SPK,AAXB,"(32, 57, 6000)",False,,truth_safe_unverified
230721,ses230721-units-probe0-spk-AXAB.npy,.npy,9234128,SPK,AXAB,"(27, 57, 6000)",False,,truth_safe_unverified
230721,ses230721-units-probe0-spk-BBBA.npy,.npy,79002128,SPK,BBBA,"(231, 57, 6000)",False,,truth_safe_unverified
230721,ses230721-units-probe0-spk-BBBX.npy,.npy,11286128,SPK,BBBX,"(33, 57, 6000)",False,,truth_safe_unverified
230721,ses230721-units-probe0-spk-BBXA.npy,.npy,11628128,SPK,BBXA,"(34, 57, 6000)",False,,truth_safe_unverified
230721,ses230721-units-probe0-spk-BXBA.npy,.npy,10944128,SPK,BXBA,"(32, 57, 6000)",False,,truth_safe_unverified
230721,ses230721-units-probe0-spk-RRRR.npy,.npy,47880128,SPK,RRRR,"(140, 57, 6000)",False,,truth_safe_unverified
230721,ses230721-units-probe0-spk-RRRX.npy,.npy,25308128,SPK,RRRX,"(74, 57, 6000)",False,,truth_safe_unverified
230721,ses230721-units-probe0-spk-RRXR.npy,.npy,8208128,SPK,RRXR,"(24, 57, 6000)",False,,truth_safe_unverified
230721,ses230721-units-probe0-spk-RXRR.npy,.npy,21204128,SPK,RXRR,"(62, 57, 6000)",False,,truth_safe_unverified
230721,ses230721-units-probe1-spk-AAAB.npy,.npy,314160128,SPK,AAAB,"(238, 220, 6000)",False,,truth_safe_unverified
230721,ses230721-units-probe1-spk-AAAX.npy,.npy,43560128,SPK,AAAX,"(33, 220, 6000)",False,,truth_safe_unverified
230721,ses230721-units-probe1-spk-AAXB.npy,.npy,42240128,SPK,AAXB,"(32, 220, 6000)",False,,truth_safe_unverified
230721,ses230721-units-probe1-spk-AXAB.npy,.npy,35640128,SPK,AXAB,"(27, 220, 6000)",False,,truth_safe_unverified
230721,ses230721-units-probe1-spk-BBBA.npy,.npy,304920128,SPK,BBBA,"(231, 220, 6000)",False,,truth_safe_unverified
230721,ses230721-units-probe1-spk-BBBX.npy,.npy,43560128,SPK,BBBX,"(33, 220, 6000)",False,,truth_safe_unverified
230721,ses230721-units-probe1-spk-BBXA.npy,.npy,44880128,SPK,BBXA,"(34, 220, 6000)",False,,truth_safe_unverified
230721,ses230721-units-probe1-spk-BXBA.npy,.npy,42240128,SPK,BXBA,"(32, 220, 6000)",False,,truth_safe_unverified
230721,ses230721-units-probe1-spk-RRRR.npy,.npy,184800128,SPK,RRRR,"(140, 220, 6000)",False,,truth_safe_unverified
230721,ses230721-units-probe1-spk-RRRX.npy,.npy,97680128,SPK,RRRX,"(74, 220, 6000)",False,,truth_safe_unverified
230721,ses230721-units-probe1-spk-RRXR.npy,.npy,31680128,SPK,RRXR,"(24, 220, 6000)",False,,truth_safe_unverified
230721,ses230721-units-probe1-spk-RXRR.npy,.npy,81840128,SPK,RXRR,"(62, 220, 6000)",False,,truth_safe_unverified
230816,ses230816-probe0-lfp-AAAB.npy,.npy,1136640128,LFP,AAAB,"(370, 128, 6000)",False,,truth_safe_unverified
230816,ses230816-probe0-lfp-AAAX.npy,.npy,110592128,LFP,AAAX,"(36, 128, 6000)",False,,truth_safe_unverified
230816,ses230816-probe0-lfp-AAXB.npy,.npy,135168128,LFP,AAXB,"(44, 128, 6000)",False,,truth_safe_unverified
230816,ses230816-probe0-lfp-AXAB.npy,.npy,181248128,LFP,AXAB,"(59, 128, 6000)",False,,truth_safe_unverified
230816,ses230816-probe0-lfp-BBBA.npy,.npy,1069056128,LFP,BBBA,"(348, 128, 6000)",False,,truth_safe_unverified
230816,ses230816-probe0-lfp-BBBX.npy,.npy,135168128,LFP,BBBX,"(44, 128, 6000)",False,,truth_safe_unverified
230816,ses230816-probe0-lfp-BBXA.npy,.npy,156672128,LFP,BBXA,"(51, 128, 6000)",False,,truth_safe_unverified
230816,ses230816-probe0-lfp-BXBA.npy,.npy,190464128,LFP,BXBA,"(62, 128, 6000)",False,,truth_safe_unverified
230816,ses230816-probe0-lfp-RRRR.npy,.npy,482304128,LFP,RRRR,"(157, 128, 6000)",False,,truth_safe_unverified
230816,ses230816-probe0-lfp-RRRX.npy,.npy,402432128,LFP,RRRX,"(131, 128, 6000)",False,,truth_safe_unverified
230816,ses230816-probe0-lfp-RRXR.npy,.npy,132096128,LFP,RRXR,"(43, 128, 6000)",False,,truth_safe_unverified
230816,ses230816-probe0-lfp-RXRR.npy,.npy,267264128,LFP,RXRR,"(87, 128, 6000)",False,,truth_safe_unverified
230816,ses230816-probe1-lfp-AAAB.npy,.npy,1136640128,LFP,AAAB,"(370, 128, 6000)",False,,truth_safe_unverified
230816,ses230816-probe1-lfp-AAAX.npy,.npy,110592128,LFP,AAAX,"(36, 128, 6000)",False,,truth_safe_unverified
230816,ses230816-probe1-lfp-AAXB.npy,.npy,135168128,LFP,AAXB,"(44, 128, 6000)",False,,truth_safe_unverified
230816,ses230816-probe1-lfp-AXAB.npy,.npy,181248128,LFP,AXAB,"(59, 128, 6000)",False,,truth_safe_unverified
230816,ses230816-probe1-lfp-BBBA.npy,.npy,1069056128,LFP,BBBA,"(348, 128, 6000)",False,,truth_safe_unverified
230816,ses230816-probe1-lfp-BBBX.npy,.npy,135168128,LFP,BBBX,"(44, 128, 6000)",False,,truth_safe_unverified
230816,ses230816-probe1-lfp-BBXA.npy,.npy,156672128,LFP,BBXA,"(51, 128, 6000)",False,,truth_safe_unverified
230816,ses230816-probe1-lfp-BXBA.npy,.npy,190464128,LFP,BXBA,"(62, 128, 6000)",False,,truth_safe_unverified
230816,ses230816-probe1-lfp-RRRR.npy,.npy,482304128,LFP,RRRR,"(157, 128, 6000)",False,,truth_safe_unverified
230816,ses230816-probe1-lfp-RRRX.npy,.npy,402432128,LFP,RRRX,"(131, 128, 6000)",False,,truth_safe_unverified
230816,ses230816-probe1-lfp-RRXR.npy,.npy,132096128,LFP,RRXR,"(43, 128, 6000)",False,,truth_safe_unverified
230816,ses230816-probe1-lfp-RXRR.npy,.npy,267264128,LFP,RXRR,"(87, 128, 6000)",False,,truth_safe_unverified
230816,ses230816-probe2-lfp-AAAB.npy,.npy,1136640128,LFP,AAAB,"(370, 128, 6000)",False,,truth_safe_unverified
230816,ses230816-probe2-lfp-AAAX.npy,.npy,110592128,LFP,AAAX,"(36, 128, 6000)",False,,truth_safe_unverified
230816,ses230816-probe2-lfp-AAXB.npy,.npy,135168128,LFP,AAXB,"(44, 128, 6000)",False,,truth_safe_unverified
230816,ses230816-probe2-lfp-AXAB.npy,.npy,181248128,LFP,AXAB,"(59, 128, 6000)",False,,truth_safe_unverified
230816,ses230816-probe2-lfp-BBBA.npy,.npy,1069056128,LFP,BBBA,"(348, 128, 6000)",False,,truth_safe_unverified
230816,ses230816-probe2-lfp-BBBX.npy,.npy,135168128,LFP,BBBX,"(44, 128, 6000)",False,,truth_safe_unverified
230816,ses230816-probe2-lfp-BBXA.npy,.npy,156672128,LFP,BBXA,"(51, 128, 6000)",False,,truth_safe_unverified
230816,ses230816-probe2-lfp-BXBA.npy,.npy,190464128,LFP,BXBA,"(62, 128, 6000)",False,,truth_safe_unverified
230816,ses230816-probe2-lfp-RRRR.npy,.npy,482304128,LFP,RRRR,"(157, 128, 6000)",False,,truth_safe_unverified
230816,ses230816-probe2-lfp-RRRX.npy,.npy,402432128,LFP,RRRX,"(131, 128, 6000)",False,,truth_safe_unverified
230816,ses230816-probe2-lfp-RRXR.npy,.npy,132096128,LFP,RRXR,"(43, 128, 6000)",False,,truth_safe_unverified
230816,ses230816-probe2-lfp-RXRR.npy,.npy,267264128,LFP,RXRR,"(87, 128, 6000)",False,,truth_safe_unverified
230816,ses230816-units-probe0-spk-AAAB.npy,.npy,226440128,SPK,AAAB,"(370, 102, 6000)",False,,truth_safe_unverified
230816,ses230816-units-probe0-spk-AAAX.npy,.npy,22032128,SPK,AAAX,"(36, 102, 6000)",False,,truth_safe_unverified
230816,ses230816-units-probe0-spk-AAXB.npy,.npy,26928128,SPK,AAXB,"(44, 102, 6000)",False,,truth_safe_unverified
230816,ses230816-units-probe0-spk-AXAB.npy,.npy,36108128,SPK,AXAB,"(59, 102, 6000)",False,,truth_safe_unverified
230816,ses230816-units-probe0-spk-BBBA.npy,.npy,212976128,SPK,BBBA,"(348, 102, 6000)",False,,truth_safe_unverified
230816,ses230816-units-probe0-spk-BBBX.npy,.npy,26928128,SPK,BBBX,"(44, 102, 6000)",False,,truth_safe_unverified
230816,ses230816-units-probe0-spk-BBXA.npy,.npy,31212128,SPK,BBXA,"(51, 102, 6000)",False,,truth_safe_unverified
230816,ses230816-units-probe0-spk-BXBA.npy,.npy,37944128,SPK,BXBA,"(62, 102, 6000)",False,,truth_safe_unverified
230816,ses230816-units-probe0-spk-RRRR.npy,.npy,96084128,SPK,RRRR,"(157, 102, 6000)",False,,truth_safe_unverified
230816,ses230816-units-probe0-spk-RRRX.npy,.npy,80172128,SPK,RRRX,"(131, 102, 6000)",False,,truth_safe_unverified
230816,ses230816-units-probe0-spk-RRXR.npy,.npy,26316128,SPK,RRXR,"(43, 102, 6000)",False,,truth_safe_unverified
230816,ses230816-units-probe0-spk-RXRR.npy,.npy,53244128,SPK,RXRR,"(87, 102, 6000)",False,,truth_safe_unverified
230816,ses230816-units-probe1-spk-AAAB.npy,.npy,253080128,SPK,AAAB,"(370, 114, 6000)",False,,truth_safe_unverified
230816,ses230816-units-probe1-spk-AAAX.npy,.npy,24624128,SPK,AAAX,"(36, 114, 6000)",False,,truth_safe_unverified
230816,ses230816-units-probe1-spk-AAXB.npy,.npy,30096128,SPK,AAXB,"(44, 114, 6000)",False,,truth_safe_unverified
230816,ses230816-units-probe1-spk-AXAB.npy,.npy,40356128,SPK,AXAB,"(59, 114, 6000)",False,,truth_safe_unverified
230816,ses230816-units-probe1-spk-BBBA.npy,.npy,238032128,SPK,BBBA,"(348, 114, 6000)",False,,truth_safe_unverified
230816,ses230816-units-probe1-spk-BBBX.npy,.npy,30096128,SPK,BBBX,"(44, 114, 6000)",False,,truth_safe_unverified
230816,ses230816-units-probe1-spk-BBXA.npy,.npy,34884128,SPK,BBXA,"(51, 114, 6000)",False,,truth_safe_unverified
230816,ses230816-units-probe1-spk-BXBA.npy,.npy,42408128,SPK,BXBA,"(62, 114, 6000)",False,,truth_safe_unverified
230816,ses230816-units-probe1-spk-RRRR.npy,.npy,107388128,SPK,RRRR,"(157, 114, 6000)",False,,truth_safe_unverified
230816,ses230816-units-probe1-spk-RRRX.npy,.npy,89604128,SPK,RRRX,"(131, 114, 6000)",False,,truth_safe_unverified
230816,ses230816-units-probe1-spk-RRXR.npy,.npy,29412128,SPK,RRXR,"(43, 114, 6000)",False,,truth_safe_unverified
230816,ses230816-units-probe1-spk-RXRR.npy,.npy,59508128,SPK,RXRR,"(87, 114, 6000)",False,,truth_safe_unverified
230816,ses230816-units-probe2-spk-AAAB.npy,.npy,313020128,SPK,AAAB,"(370, 141, 6000)",False,,truth_safe_unverified
230816,ses230816-units-probe2-spk-AAAX.npy,.npy,30456128,SPK,AAAX,"(36, 141, 6000)",False,,truth_safe_unverified
230816,ses230816-units-probe2-spk-AAXB.npy,.npy,37224128,SPK,AAXB,"(44, 141, 6000)",False,,truth_safe_unverified
230816,ses230816-units-probe2-spk-AXAB.npy,.npy,49914128,SPK,AXAB,"(59, 141, 6000)",False,,truth_safe_unverified
230816,ses230816-units-probe2-spk-BBBA.npy,.npy,294408128,SPK,BBBA,"(348, 141, 6000)",False,,truth_safe_unverified
230816,ses230816-units-probe2-spk-BBBX.npy,.npy,37224128,SPK,BBBX,"(44, 141, 6000)",False,,truth_safe_unverified
230816,ses230816-units-probe2-spk-BBXA.npy,.npy,43146128,SPK,BBXA,"(51, 141, 6000)",False,,truth_safe_unverified
230816,ses230816-units-probe2-spk-BXBA.npy,.npy,52452128,SPK,BXBA,"(62, 141, 6000)",False,,truth_safe_unverified
230816,ses230816-units-probe2-spk-RRRR.npy,.npy,132822128,SPK,RRRR,"(157, 141, 6000)",False,,truth_safe_unverified
230816,ses230816-units-probe2-spk-RRRX.npy,.npy,110826128,SPK,RRRX,"(131, 141, 6000)",False,,truth_safe_unverified
230816,ses230816-units-probe2-spk-RRXR.npy,.npy,36378128,SPK,RRXR,"(43, 141, 6000)",False,,truth_safe_unverified
230816,ses230816-units-probe2-spk-RXRR.npy,.npy,73602128,SPK,RXRR,"(87, 141, 6000)",False,,truth_safe_unverified
230818,ses230818-probe0-lfp-AAAB.npy,.npy,675840128,LFP,AAAB,"(220, 128, 6000)",False,,truth_safe_unverified
230818,ses230818-probe0-lfp-AAAX.npy,.npy,138240128,LFP,AAAX,"(45, 128, 6000)",False,,truth_safe_unverified
230818,ses230818-probe0-lfp-AAXB.npy,.npy,76800128,LFP,AAXB,"(25, 128, 6000)",False,,truth_safe_unverified
230818,ses230818-probe0-lfp-AXAB.npy,.npy,122880128,LFP,AXAB,"(40, 128, 6000)",False,,truth_safe_unverified
230818,ses230818-probe0-lfp-BBBA.npy,.npy,721920128,LFP,BBBA,"(235, 128, 6000)",False,,truth_safe_unverified
230818,ses230818-probe0-lfp-BBBX.npy,.npy,92160128,LFP,BBBX,"(30, 128, 6000)",False,,truth_safe_unverified
230818,ses230818-probe0-lfp-BBXA.npy,.npy,89088128,LFP,BBXA,"(29, 128, 6000)",False,,truth_safe_unverified
230818,ses230818-probe0-lfp-BXBA.npy,.npy,110592128,LFP,BXBA,"(36, 128, 6000)",False,,truth_safe_unverified
230818,ses230818-probe0-lfp-RRRR.npy,.npy,319488128,LFP,RRRR,"(104, 128, 6000)",False,,truth_safe_unverified
230818,ses230818-probe0-lfp-RRRX.npy,.npy,319488128,LFP,RRRX,"(104, 128, 6000)",False,,truth_safe_unverified
230818,ses230818-probe0-lfp-RRXR.npy,.npy,86016128,LFP,RRXR,"(28, 128, 6000)",False,,truth_safe_unverified
230818,ses230818-probe0-lfp-RXRR.npy,.npy,196608128,LFP,RXRR,"(64, 128, 6000)",False,,truth_safe_unverified
230818,ses230818-probe1-lfp-AAAB.npy,.npy,675840128,LFP,AAAB,"(220, 128, 6000)",False,,truth_safe_unverified
230818,ses230818-probe1-lfp-AAAX.npy,.npy,138240128,LFP,AAAX,"(45, 128, 6000)",False,,truth_safe_unverified
230818,ses230818-probe1-lfp-AAXB.npy,.npy,76800128,LFP,AAXB,"(25, 128, 6000)",False,,truth_safe_unverified
230818,ses230818-probe1-lfp-AXAB.npy,.npy,122880128,LFP,AXAB,"(40, 128, 6000)",False,,truth_safe_unverified
230818,ses230818-probe1-lfp-BBBA.npy,.npy,721920128,LFP,BBBA,"(235, 128, 6000)",False,,truth_safe_unverified
230818,ses230818-probe1-lfp-BBBX.npy,.npy,92160128,LFP,BBBX,"(30, 128, 6000)",False,,truth_safe_unverified
230818,ses230818-probe1-lfp-BBXA.npy,.npy,89088128,LFP,BBXA,"(29, 128, 6000)",False,,truth_safe_unverified
230818,ses230818-probe1-lfp-BXBA.npy,.npy,110592128,LFP,BXBA,"(36, 128, 6000)",False,,truth_safe_unverified
230818,ses230818-probe1-lfp-RRRR.npy,.npy,319488128,LFP,RRRR,"(104, 128, 6000)",False,,truth_safe_unverified
230818,ses230818-probe1-lfp-RRRX.npy,.npy,319488128,LFP,RRRX,"(104, 128, 6000)",False,,truth_safe_unverified
230818,ses230818-probe1-lfp-RRXR.npy,.npy,86016128,LFP,RRXR,"(28, 128, 6000)",False,,truth_safe_unverified
230818,ses230818-probe1-lfp-RXRR.npy,.npy,196608128,LFP,RXRR,"(64, 128, 6000)",False,,truth_safe_unverified
230818,ses230818-probe2-lfp-AAAB.npy,.npy,675840128,LFP,AAAB,"(220, 128, 6000)",False,,truth_safe_unverified
230818,ses230818-probe2-lfp-AAAX.npy,.npy,138240128,LFP,AAAX,"(45, 128, 6000)",False,,truth_safe_unverified
230818,ses230818-probe2-lfp-AAXB.npy,.npy,76800128,LFP,AAXB,"(25, 128, 6000)",False,,truth_safe_unverified
230818,ses230818-probe2-lfp-AXAB.npy,.npy,122880128,LFP,AXAB,"(40, 128, 6000)",False,,truth_safe_unverified
230818,ses230818-probe2-lfp-BBBA.npy,.npy,721920128,LFP,BBBA,"(235, 128, 6000)",False,,truth_safe_unverified
230818,ses230818-probe2-lfp-BBBX.npy,.npy,92160128,LFP,BBBX,"(30, 128, 6000)",False,,truth_safe_unverified
230818,ses230818-probe2-lfp-BBXA.npy,.npy,89088128,LFP,BBXA,"(29, 128, 6000)",False,,truth_safe_unverified
230818,ses230818-probe2-lfp-BXBA.npy,.npy,110592128,LFP,BXBA,"(36, 128, 6000)",False,,truth_safe_unverified
230818,ses230818-probe2-lfp-RRRR.npy,.npy,319488128,LFP,RRRR,"(104, 128, 6000)",False,,truth_safe_unverified
230818,ses230818-probe2-lfp-RRRX.npy,.npy,319488128,LFP,RRRX,"(104, 128, 6000)",False,,truth_safe_unverified
230818,ses230818-probe2-lfp-RRXR.npy,.npy,86016128,LFP,RRXR,"(28, 128, 6000)",False,,truth_safe_unverified
230818,ses230818-probe2-lfp-RXRR.npy,.npy,196608128,LFP,RXRR,"(64, 128, 6000)",False,,truth_safe_unverified
230818,ses230818-units-probe0-spk-AAAB.npy,.npy,253440128,SPK,AAAB,"(220, 192, 6000)",False,,truth_safe_unverified
230818,ses230818-units-probe0-spk-AAAX.npy,.npy,51840128,SPK,AAAX,"(45, 192, 6000)",False,,truth_safe_unverified
230818,ses230818-units-probe0-spk-AAXB.npy,.npy,28800128,SPK,AAXB,"(25, 192, 6000)",False,,truth_safe_unverified
230818,ses230818-units-probe0-spk-AXAB.npy,.npy,46080128,SPK,AXAB,"(40, 192, 6000)",False,,truth_safe_unverified
230818,ses230818-units-probe0-spk-BBBA.npy,.npy,270720128,SPK,BBBA,"(235, 192, 6000)",False,,truth_safe_unverified
230818,ses230818-units-probe0-spk-BBBX.npy,.npy,34560128,SPK,BBBX,"(30, 192, 6000)",False,,truth_safe_unverified
230818,ses230818-units-probe0-spk-BBXA.npy,.npy,33408128,SPK,BBXA,"(29, 192, 6000)",False,,truth_safe_unverified
230818,ses230818-units-probe0-spk-BXBA.npy,.npy,41472128,SPK,BXBA,"(36, 192, 6000)",False,,truth_safe_unverified
230818,ses230818-units-probe0-spk-RRRR.npy,.npy,119808128,SPK,RRRR,"(104, 192, 6000)",False,,truth_safe_unverified
230818,ses230818-units-probe0-spk-RRRX.npy,.npy,119808128,SPK,RRRX,"(104, 192, 6000)",False,,truth_safe_unverified
230818,ses230818-units-probe0-spk-RRXR.npy,.npy,32256128,SPK,RRXR,"(28, 192, 6000)",False,,truth_safe_unverified
230818,ses230818-units-probe0-spk-RXRR.npy,.npy,73728128,SPK,RXRR,"(64, 192, 6000)",False,,truth_safe_unverified
230818,ses230818-units-probe1-spk-AAAB.npy,.npy,224400128,SPK,AAAB,"(220, 170, 6000)",False,,truth_safe_unverified
230818,ses230818-units-probe1-spk-AAAX.npy,.npy,45900128,SPK,AAAX,"(45, 170, 6000)",False,,truth_safe_unverified
230818,ses230818-units-probe1-spk-AAXB.npy,.npy,25500128,SPK,AAXB,"(25, 170, 6000)",False,,truth_safe_unverified
230818,ses230818-units-probe1-spk-AXAB.npy,.npy,40800128,SPK,AXAB,"(40, 170, 6000)",False,,truth_safe_unverified
230818,ses230818-units-probe1-spk-BBBA.npy,.npy,239700128,SPK,BBBA,"(235, 170, 6000)",False,,truth_safe_unverified
230818,ses230818-units-probe1-spk-BBBX.npy,.npy,30600128,SPK,BBBX,"(30, 170, 6000)",False,,truth_safe_unverified
230818,ses230818-units-probe1-spk-BBXA.npy,.npy,29580128,SPK,BBXA,"(29, 170, 6000)",False,,truth_safe_unverified
230818,ses230818-units-probe1-spk-BXBA.npy,.npy,36720128,SPK,BXBA,"(36, 170, 6000)",False,,truth_safe_unverified
230818,ses230818-units-probe1-spk-RRRR.npy,.npy,106080128,SPK,RRRR,"(104, 170, 6000)",False,,truth_safe_unverified
230818,ses230818-units-probe1-spk-RRRX.npy,.npy,106080128,SPK,RRRX,"(104, 170, 6000)",False,,truth_safe_unverified
230818,ses230818-units-probe1-spk-RRXR.npy,.npy,28560128,SPK,RRXR,"(28, 170, 6000)",False,,truth_safe_unverified
230818,ses230818-units-probe1-spk-RXRR.npy,.npy,65280128,SPK,RXRR,"(64, 170, 6000)",False,,truth_safe_unverified
230818,ses230818-units-probe2-spk-AAAB.npy,.npy,236280128,SPK,AAAB,"(220, 179, 6000)",False,,truth_safe_unverified
230818,ses230818-units-probe2-spk-AAAX.npy,.npy,48330128,SPK,AAAX,"(45, 179, 6000)",False,,truth_safe_unverified
230818,ses230818-units-probe2-spk-AAXB.npy,.npy,26850128,SPK,AAXB,"(25, 179, 6000)",False,,truth_safe_unverified
230818,ses230818-units-probe2-spk-AXAB.npy,.npy,42960128,SPK,AXAB,"(40, 179, 6000)",False,,truth_safe_unverified
230818,ses230818-units-probe2-spk-BBBA.npy,.npy,252390128,SPK,BBBA,"(235, 179, 6000)",False,,truth_safe_unverified
230818,ses230818-units-probe2-spk-BBBX.npy,.npy,32220128,SPK,BBBX,"(30, 179, 6000)",False,,truth_safe_unverified
230818,ses230818-units-probe2-spk-BBXA.npy,.npy,31146128,SPK,BBXA,"(29, 179, 6000)",False,,truth_safe_unverified
230818,ses230818-units-probe2-spk-BXBA.npy,.npy,38664128,SPK,BXBA,"(36, 179, 6000)",False,,truth_safe_unverified
230818,ses230818-units-probe2-spk-RRRR.npy,.npy,111696128,SPK,RRRR,"(104, 179, 6000)",False,,truth_safe_unverified
230818,ses230818-units-probe2-spk-RRRX.npy,.npy,111696128,SPK,RRRX,"(104, 179, 6000)",False,,truth_safe_unverified
230818,ses230818-units-probe2-spk-RRXR.npy,.npy,30072128,SPK,RRXR,"(28, 179, 6000)",False,,truth_safe_unverified
230818,ses230818-units-probe2-spk-RXRR.npy,.npy,68736128,SPK,RXRR,"(64, 179, 6000)",False,,truth_safe_unverified
230823,ses230823-probe0-lfp-AAAB.npy,.npy,672768128,LFP,AAAB,"(219, 128, 6000)",False,,truth_safe_unverified
230823,ses230823-probe0-lfp-AAAX.npy,.npy,86016128,LFP,AAAX,"(28, 128, 6000)",False,,truth_safe_unverified
230823,ses230823-probe0-lfp-AAXB.npy,.npy,129024128,LFP,AAXB,"(42, 128, 6000)",False,,truth_safe_unverified
230823,ses230823-probe0-lfp-AXAB.npy,.npy,125952128,LFP,AXAB,"(41, 128, 6000)",False,,truth_safe_unverified
230823,ses230823-probe0-lfp-BBBA.npy,.npy,697344128,LFP,BBBA,"(227, 128, 6000)",False,,truth_safe_unverified
230823,ses230823-probe0-lfp-BBBX.npy,.npy,92160128,LFP,BBBX,"(30, 128, 6000)",False,,truth_safe_unverified
230823,ses230823-probe0-lfp-BBXA.npy,.npy,129024128,LFP,BBXA,"(42, 128, 6000)",False,,truth_safe_unverified
230823,ses230823-probe0-lfp-BXBA.npy,.npy,95232128,LFP,BXBA,"(31, 128, 6000)",False,,truth_safe_unverified
230823,ses230823-probe0-lfp-RRRR.npy,.npy,340992128,LFP,RRRR,"(111, 128, 6000)",False,,truth_safe_unverified
230823,ses230823-probe0-lfp-RRRX.npy,.npy,279552128,LFP,RRRX,"(91, 128, 6000)",False,,truth_safe_unverified
230823,ses230823-probe0-lfp-RRXR.npy,.npy,132096128,LFP,RRXR,"(43, 128, 6000)",False,,truth_safe_unverified
230823,ses230823-probe0-lfp-RXRR.npy,.npy,168960128,LFP,RXRR,"(55, 128, 6000)",False,,truth_safe_unverified
230823,ses230823-probe1-lfp-AAAB.npy,.npy,672768128,LFP,AAAB,"(219, 128, 6000)",False,,truth_safe_unverified
230823,ses230823-probe1-lfp-AAAX.npy,.npy,86016128,LFP,AAAX,"(28, 128, 6000)",False,,truth_safe_unverified
230823,ses230823-probe1-lfp-AAXB.npy,.npy,129024128,LFP,AAXB,"(42, 128, 6000)",False,,truth_safe_unverified
230823,ses230823-probe1-lfp-AXAB.npy,.npy,125952128,LFP,AXAB,"(41, 128, 6000)",False,,truth_safe_unverified
230823,ses230823-probe1-lfp-BBBA.npy,.npy,697344128,LFP,BBBA,"(227, 128, 6000)",False,,truth_safe_unverified
230823,ses230823-probe1-lfp-BBBX.npy,.npy,92160128,LFP,BBBX,"(30, 128, 6000)",False,,truth_safe_unverified
230823,ses230823-probe1-lfp-BBXA.npy,.npy,129024128,LFP,BBXA,"(42, 128, 6000)",False,,truth_safe_unverified
230823,ses230823-probe1-lfp-BXBA.npy,.npy,95232128,LFP,BXBA,"(31, 128, 6000)",False,,truth_safe_unverified
230823,ses230823-probe1-lfp-RRRR.npy,.npy,340992128,LFP,RRRR,"(111, 128, 6000)",False,,truth_safe_unverified
230823,ses230823-probe1-lfp-RRRX.npy,.npy,279552128,LFP,RRRX,"(91, 128, 6000)",False,,truth_safe_unverified
230823,ses230823-probe1-lfp-RRXR.npy,.npy,132096128,LFP,RRXR,"(43, 128, 6000)",False,,truth_safe_unverified
230823,ses230823-probe1-lfp-RXRR.npy,.npy,168960128,LFP,RXRR,"(55, 128, 6000)",False,,truth_safe_unverified
230823,ses230823-probe2-lfp-AAAB.npy,.npy,672768128,LFP,AAAB,"(219, 128, 6000)",False,,truth_safe_unverified
230823,ses230823-probe2-lfp-AAAX.npy,.npy,86016128,LFP,AAAX,"(28, 128, 6000)",False,,truth_safe_unverified
230823,ses230823-probe2-lfp-AAXB.npy,.npy,129024128,LFP,AAXB,"(42, 128, 6000)",False,,truth_safe_unverified
230823,ses230823-probe2-lfp-AXAB.npy,.npy,125952128,LFP,AXAB,"(41, 128, 6000)",False,,truth_safe_unverified
230823,ses230823-probe2-lfp-BBBA.npy,.npy,697344128,LFP,BBBA,"(227, 128, 6000)",False,,truth_safe_unverified
230823,ses230823-probe2-lfp-BBBX.npy,.npy,92160128,LFP,BBBX,"(30, 128, 6000)",False,,truth_safe_unverified
230823,ses230823-probe2-lfp-BBXA.npy,.npy,129024128,LFP,BBXA,"(42, 128, 6000)",False,,truth_safe_unverified
230823,ses230823-probe2-lfp-BXBA.npy,.npy,95232128,LFP,BXBA,"(31, 128, 6000)",False,,truth_safe_unverified
230823,ses230823-probe2-lfp-RRRR.npy,.npy,340992128,LFP,RRRR,"(111, 128, 6000)",False,,truth_safe_unverified
230823,ses230823-probe2-lfp-RRRX.npy,.npy,279552128,LFP,RRRX,"(91, 128, 6000)",False,,truth_safe_unverified
230823,ses230823-probe2-lfp-RRXR.npy,.npy,132096128,LFP,RRXR,"(43, 128, 6000)",False,,truth_safe_unverified
230823,ses230823-probe2-lfp-RXRR.npy,.npy,168960128,LFP,RXRR,"(55, 128, 6000)",False,,truth_safe_unverified
230823,ses230823-units-probe0-spk-AAAB.npy,.npy,204984128,SPK,AAAB,"(219, 156, 6000)",False,,truth_safe_unverified
230823,ses230823-units-probe0-spk-AAAX.npy,.npy,26208128,SPK,AAAX,"(28, 156, 6000)",False,,truth_safe_unverified
230823,ses230823-units-probe0-spk-AAXB.npy,.npy,39312128,SPK,AAXB,"(42, 156, 6000)",False,,truth_safe_unverified
230823,ses230823-units-probe0-spk-AXAB.npy,.npy,38376128,SPK,AXAB,"(41, 156, 6000)",False,,truth_safe_unverified
230823,ses230823-units-probe0-spk-BBBA.npy,.npy,212472128,SPK,BBBA,"(227, 156, 6000)",False,,truth_safe_unverified
230823,ses230823-units-probe0-spk-BBBX.npy,.npy,28080128,SPK,BBBX,"(30, 156, 6000)",False,,truth_safe_unverified
230823,ses230823-units-probe0-spk-BBXA.npy,.npy,39312128,SPK,BBXA,"(42, 156, 6000)",False,,truth_safe_unverified
230823,ses230823-units-probe0-spk-BXBA.npy,.npy,29016128,SPK,BXBA,"(31, 156, 6000)",False,,truth_safe_unverified
230823,ses230823-units-probe0-spk-RRRR.npy,.npy,103896128,SPK,RRRR,"(111, 156, 6000)",False,,truth_safe_unverified
230823,ses230823-units-probe0-spk-RRRX.npy,.npy,85176128,SPK,RRRX,"(91, 156, 6000)",False,,truth_safe_unverified
230823,ses230823-units-probe0-spk-RRXR.npy,.npy,40248128,SPK,RRXR,"(43, 156, 6000)",False,,truth_safe_unverified
230823,ses230823-units-probe0-spk-RXRR.npy,.npy,51480128,SPK,RXRR,"(55, 156, 6000)",False,,truth_safe_unverified
230823,ses230823-units-probe1-spk-AAAB.npy,.npy,24966128,SPK,AAAB,"(219, 19, 6000)",False,,truth_safe_unverified
230823,ses230823-units-probe1-spk-AAAX.npy,.npy,3192128,SPK,AAAX,"(28, 19, 6000)",False,,truth_safe_unverified
230823,ses230823-units-probe1-spk-AAXB.npy,.npy,4788128,SPK,AAXB,"(42, 19, 6000)",False,,truth_safe_unverified
230823,ses230823-units-probe1-spk-AXAB.npy,.npy,4674128,SPK,AXAB,"(41, 19, 6000)",False,,truth_safe_unverified
230823,ses230823-units-probe1-spk-BBBA.npy,.npy,25878128,SPK,BBBA,"(227, 19, 6000)",False,,truth_safe_unverified
230823,ses230823-units-probe1-spk-BBBX.npy,.npy,3420128,SPK,BBBX,"(30, 19, 6000)",False,,truth_safe_unverified
230823,ses230823-units-probe1-spk-BBXA.npy,.npy,4788128,SPK,BBXA,"(42, 19, 6000)",False,,truth_safe_unverified
230823,ses230823-units-probe1-spk-BXBA.npy,.npy,3534128,SPK,BXBA,"(31, 19, 6000)",False,,truth_safe_unverified
230823,ses230823-units-probe1-spk-RRRR.npy,.npy,12654128,SPK,RRRR,"(111, 19, 6000)",False,,truth_safe_unverified
230823,ses230823-units-probe1-spk-RRRX.npy,.npy,10374128,SPK,RRRX,"(91, 19, 6000)",False,,truth_safe_unverified
230823,ses230823-units-probe1-spk-RRXR.npy,.npy,4902128,SPK,RRXR,"(43, 19, 6000)",False,,truth_safe_unverified
230823,ses230823-units-probe1-spk-RXRR.npy,.npy,6270128,SPK,RXRR,"(55, 19, 6000)",False,,truth_safe_unverified
230823,ses230823-units-probe2-spk-AAAB.npy,.npy,253602128,SPK,AAAB,"(219, 193, 6000)",False,,truth_safe_unverified
230823,ses230823-units-probe2-spk-AAAX.npy,.npy,32424128,SPK,AAAX,"(28, 193, 6000)",False,,truth_safe_unverified
230823,ses230823-units-probe2-spk-AAXB.npy,.npy,48636128,SPK,AAXB,"(42, 193, 6000)",False,,truth_safe_unverified
230823,ses230823-units-probe2-spk-AXAB.npy,.npy,47478128,SPK,AXAB,"(41, 193, 6000)",False,,truth_safe_unverified
230823,ses230823-units-probe2-spk-BBBA.npy,.npy,262866128,SPK,BBBA,"(227, 193, 6000)",False,,truth_safe_unverified
230823,ses230823-units-probe2-spk-BBBX.npy,.npy,34740128,SPK,BBBX,"(30, 193, 6000)",False,,truth_safe_unverified
230823,ses230823-units-probe2-spk-BBXA.npy,.npy,48636128,SPK,BBXA,"(42, 193, 6000)",False,,truth_safe_unverified
230823,ses230823-units-probe2-spk-BXBA.npy,.npy,35898128,SPK,BXBA,"(31, 193, 6000)",False,,truth_safe_unverified
230823,ses230823-units-probe2-spk-RRRR.npy,.npy,128538128,SPK,RRRR,"(111, 193, 6000)",False,,truth_safe_unverified
230823,ses230823-units-probe2-spk-RRRX.npy,.npy,105378128,SPK,RRRX,"(91, 193, 6000)",False,,truth_safe_unverified
230823,ses230823-units-probe2-spk-RRXR.npy,.npy,49794128,SPK,RRXR,"(43, 193, 6000)",False,,truth_safe_unverified
230823,ses230823-units-probe2-spk-RXRR.npy,.npy,63690128,SPK,RXRR,"(55, 193, 6000)",False,,truth_safe_unverified
230825,ses230825-probe0-lfp-AAAB.npy,.npy,731136128,LFP,AAAB,"(238, 128, 6000)",False,,truth_safe_unverified
230825,ses230825-probe0-lfp-AAAX.npy,.npy,70656128,LFP,AAAX,"(23, 128, 6000)",False,,truth_safe_unverified
230825,ses230825-probe0-lfp-AAXB.npy,.npy,107520128,LFP,AAXB,"(35, 128, 6000)",False,,truth_safe_unverified
230825,ses230825-probe0-lfp-AXAB.npy,.npy,104448128,LFP,AXAB,"(34, 128, 6000)",False,,truth_safe_unverified
230825,ses230825-probe0-lfp-BBBA.npy,.npy,669696128,LFP,BBBA,"(218, 128, 6000)",False,,truth_safe_unverified
230825,ses230825-probe0-lfp-BBBX.npy,.npy,104448128,LFP,BBBX,"(34, 128, 6000)",False,,truth_safe_unverified
230825,ses230825-probe0-lfp-BBXA.npy,.npy,104448128,LFP,BBXA,"(34, 128, 6000)",False,,truth_safe_unverified
230825,ses230825-probe0-lfp-BXBA.npy,.npy,135168128,LFP,BXBA,"(44, 128, 6000)",False,,truth_safe_unverified
230825,ses230825-probe0-lfp-RRRR.npy,.npy,334848128,LFP,RRRR,"(109, 128, 6000)",False,,truth_safe_unverified
230825,ses230825-probe0-lfp-RRRX.npy,.npy,282624128,LFP,RRRX,"(92, 128, 6000)",False,,truth_safe_unverified
230825,ses230825-probe0-lfp-RRXR.npy,.npy,82944128,LFP,RRXR,"(27, 128, 6000)",False,,truth_safe_unverified
230825,ses230825-probe0-lfp-RXRR.npy,.npy,221184128,LFP,RXRR,"(72, 128, 6000)",False,,truth_safe_unverified
230825,ses230825-probe1-lfp-AAAB.npy,.npy,731136128,LFP,AAAB,"(238, 128, 6000)",False,,truth_safe_unverified
230825,ses230825-probe1-lfp-AAAX.npy,.npy,70656128,LFP,AAAX,"(23, 128, 6000)",False,,truth_safe_unverified
230825,ses230825-probe1-lfp-AAXB.npy,.npy,107520128,LFP,AAXB,"(35, 128, 6000)",False,,truth_safe_unverified
230825,ses230825-probe1-lfp-AXAB.npy,.npy,104448128,LFP,AXAB,"(34, 128, 6000)",False,,truth_safe_unverified
230825,ses230825-probe1-lfp-BBBA.npy,.npy,669696128,LFP,BBBA,"(218, 128, 6000)",False,,truth_safe_unverified
230825,ses230825-probe1-lfp-BBBX.npy,.npy,104448128,LFP,BBBX,"(34, 128, 6000)",False,,truth_safe_unverified
230825,ses230825-probe1-lfp-BBXA.npy,.npy,104448128,LFP,BBXA,"(34, 128, 6000)",False,,truth_safe_unverified
230825,ses230825-probe1-lfp-BXBA.npy,.npy,135168128,LFP,BXBA,"(44, 128, 6000)",False,,truth_safe_unverified
230825,ses230825-probe1-lfp-RRRR.npy,.npy,334848128,LFP,RRRR,"(109, 128, 6000)",False,,truth_safe_unverified
230825,ses230825-probe1-lfp-RRRX.npy,.npy,282624128,LFP,RRRX,"(92, 128, 6000)",False,,truth_safe_unverified
230825,ses230825-probe1-lfp-RRXR.npy,.npy,82944128,LFP,RRXR,"(27, 128, 6000)",False,,truth_safe_unverified
230825,ses230825-probe1-lfp-RXRR.npy,.npy,221184128,LFP,RXRR,"(72, 128, 6000)",False,,truth_safe_unverified
230825,ses230825-probe2-lfp-AAAB.npy,.npy,731136128,LFP,AAAB,"(238, 128, 6000)",False,,truth_safe_unverified
230825,ses230825-probe2-lfp-AAAX.npy,.npy,70656128,LFP,AAAX,"(23, 128, 6000)",False,,truth_safe_unverified
230825,ses230825-probe2-lfp-AAXB.npy,.npy,107520128,LFP,AAXB,"(35, 128, 6000)",False,,truth_safe_unverified
230825,ses230825-probe2-lfp-AXAB.npy,.npy,104448128,LFP,AXAB,"(34, 128, 6000)",False,,truth_safe_unverified
230825,ses230825-probe2-lfp-BBBA.npy,.npy,669696128,LFP,BBBA,"(218, 128, 6000)",False,,truth_safe_unverified
230825,ses230825-probe2-lfp-BBBX.npy,.npy,104448128,LFP,BBBX,"(34, 128, 6000)",False,,truth_safe_unverified
230825,ses230825-probe2-lfp-BBXA.npy,.npy,104448128,LFP,BBXA,"(34, 128, 6000)",False,,truth_safe_unverified
230825,ses230825-probe2-lfp-BXBA.npy,.npy,135168128,LFP,BXBA,"(44, 128, 6000)",False,,truth_safe_unverified
230825,ses230825-probe2-lfp-RRRR.npy,.npy,334848128,LFP,RRRR,"(109, 128, 6000)",False,,truth_safe_unverified
230825,ses230825-probe2-lfp-RRRX.npy,.npy,282624128,LFP,RRRX,"(92, 128, 6000)",False,,truth_safe_unverified
230825,ses230825-probe2-lfp-RRXR.npy,.npy,82944128,LFP,RRXR,"(27, 128, 6000)",False,,truth_safe_unverified
230825,ses230825-probe2-lfp-RXRR.npy,.npy,221184128,LFP,RXRR,"(72, 128, 6000)",False,,truth_safe_unverified
230825,ses230825-units-probe0-spk-AAAB.npy,.npy,247044128,SPK,AAAB,"(238, 173, 6000)",False,,truth_safe_unverified
230825,ses230825-units-probe0-spk-AAAX.npy,.npy,23874128,SPK,AAAX,"(23, 173, 6000)",False,,truth_safe_unverified
230825,ses230825-units-probe0-spk-AAXB.npy,.npy,36330128,SPK,AAXB,"(35, 173, 6000)",False,,truth_safe_unverified
230825,ses230825-units-probe0-spk-AXAB.npy,.npy,35292128,SPK,AXAB,"(34, 173, 6000)",False,,truth_safe_unverified
230825,ses230825-units-probe0-spk-BBBA.npy,.npy,226284128,SPK,BBBA,"(218, 173, 6000)",False,,truth_safe_unverified
230825,ses230825-units-probe0-spk-BBBX.npy,.npy,35292128,SPK,BBBX,"(34, 173, 6000)",False,,truth_safe_unverified
230825,ses230825-units-probe0-spk-BBXA.npy,.npy,35292128,SPK,BBXA,"(34, 173, 6000)",False,,truth_safe_unverified
230825,ses230825-units-probe0-spk-BXBA.npy,.npy,45672128,SPK,BXBA,"(44, 173, 6000)",False,,truth_safe_unverified
230825,ses230825-units-probe0-spk-RRRR.npy,.npy,113142128,SPK,RRRR,"(109, 173, 6000)",False,,truth_safe_unverified
230825,ses230825-units-probe0-spk-RRRX.npy,.npy,95496128,SPK,RRRX,"(92, 173, 6000)",False,,truth_safe_unverified
230825,ses230825-units-probe0-spk-RRXR.npy,.npy,28026128,SPK,RRXR,"(27, 173, 6000)",False,,truth_safe_unverified
230825,ses230825-units-probe0-spk-RXRR.npy,.npy,74736128,SPK,RXRR,"(72, 173, 6000)",False,,truth_safe_unverified
230825,ses230825-units-probe1-spk-AAAB.npy,.npy,231336128,SPK,AAAB,"(238, 162, 6000)",False,,truth_safe_unverified
230825,ses230825-units-probe1-spk-AAAX.npy,.npy,22356128,SPK,AAAX,"(23, 162, 6000)",False,,truth_safe_unverified
230825,ses230825-units-probe1-spk-AAXB.npy,.npy,34020128,SPK,AAXB,"(35, 162, 6000)",False,,truth_safe_unverified
230825,ses230825-units-probe1-spk-AXAB.npy,.npy,33048128,SPK,AXAB,"(34, 162, 6000)",False,,truth_safe_unverified
230825,ses230825-units-probe1-spk-BBBA.npy,.npy,211896128,SPK,BBBA,"(218, 162, 6000)",False,,truth_safe_unverified
230825,ses230825-units-probe1-spk-BBBX.npy,.npy,33048128,SPK,BBBX,"(34, 162, 6000)",False,,truth_safe_unverified
230825,ses230825-units-probe1-spk-BBXA.npy,.npy,33048128,SPK,BBXA,"(34, 162, 6000)",False,,truth_safe_unverified
230825,ses230825-units-probe1-spk-BXBA.npy,.npy,42768128,SPK,BXBA,"(44, 162, 6000)",False,,truth_safe_unverified
230825,ses230825-units-probe1-spk-RRRR.npy,.npy,105948128,SPK,RRRR,"(109, 162, 6000)",False,,truth_safe_unverified
230825,ses230825-units-probe1-spk-RRRX.npy,.npy,89424128,SPK,RRRX,"(92, 162, 6000)",False,,truth_safe_unverified
230825,ses230825-units-probe1-spk-RRXR.npy,.npy,26244128,SPK,RRXR,"(27, 162, 6000)",False,,truth_safe_unverified
230825,ses230825-units-probe1-spk-RXRR.npy,.npy,69984128,SPK,RXRR,"(72, 162, 6000)",False,,truth_safe_unverified
230825,ses230825-units-probe2-spk-AAAB.npy,.npy,222768128,SPK,AAAB,"(238, 156, 6000)",False,,truth_safe_unverified
230825,ses230825-units-probe2-spk-AAAX.npy,.npy,21528128,SPK,AAAX,"(23, 156, 6000)",False,,truth_safe_unverified
230825,ses230825-units-probe2-spk-AAXB.npy,.npy,32760128,SPK,AAXB,"(35, 156, 6000)",False,,truth_safe_unverified
230825,ses230825-units-probe2-spk-AXAB.npy,.npy,31824128,SPK,AXAB,"(34, 156, 6000)",False,,truth_safe_unverified
230825,ses230825-units-probe2-spk-BBBA.npy,.npy,204048128,SPK,BBBA,"(218, 156, 6000)",False,,truth_safe_unverified
230825,ses230825-units-probe2-spk-BBBX.npy,.npy,31824128,SPK,BBBX,"(34, 156, 6000)",False,,truth_safe_unverified
230825,ses230825-units-probe2-spk-BBXA.npy,.npy,31824128,SPK,BBXA,"(34, 156, 6000)",False,,truth_safe_unverified
230825,ses230825-units-probe2-spk-BXBA.npy,.npy,41184128,SPK,BXBA,"(44, 156, 6000)",False,,truth_safe_unverified
230825,ses230825-units-probe2-spk-RRRR.npy,.npy,102024128,SPK,RRRR,"(109, 156, 6000)",False,,truth_safe_unverified
230825,ses230825-units-probe2-spk-RRRX.npy,.npy,86112128,SPK,RRRX,"(92, 156, 6000)",False,,truth_safe_unverified
230825,ses230825-units-probe2-spk-RRXR.npy,.npy,25272128,SPK,RRXR,"(27, 156, 6000)",False,,truth_safe_unverified
230825,ses230825-units-probe2-spk-RXRR.npy,.npy,67392128,SPK,RXRR,"(72, 156, 6000)",False,,truth_safe_unverified
230830,ses230830-probe0-lfp-AAAB.npy,.npy,688128128,LFP,AAAB,"(224, 128, 6000)",False,,truth_safe_unverified
230830,ses230830-probe0-lfp-AAAX.npy,.npy,95232128,LFP,AAAX,"(31, 128, 6000)",False,,truth_safe_unverified
230830,ses230830-probe0-lfp-AAXB.npy,.npy,122880128,LFP,AAXB,"(40, 128, 6000)",False,,truth_safe_unverified
230830,ses230830-probe0-lfp-AXAB.npy,.npy,107520128,LFP,AXAB,"(35, 128, 6000)",False,,truth_safe_unverified
230830,ses230830-probe0-lfp-BBBA.npy,.npy,669696128,LFP,BBBA,"(218, 128, 6000)",False,,truth_safe_unverified
230830,ses230830-probe0-lfp-BBBX.npy,.npy,98304128,LFP,BBBX,"(32, 128, 6000)",False,,truth_safe_unverified
230830,ses230830-probe0-lfp-BBXA.npy,.npy,119808128,LFP,BBXA,"(39, 128, 6000)",False,,truth_safe_unverified
230830,ses230830-probe0-lfp-BXBA.npy,.npy,125952128,LFP,BXBA,"(41, 128, 6000)",False,,truth_safe_unverified
230830,ses230830-probe0-lfp-RRRR.npy,.npy,340992128,LFP,RRRR,"(111, 128, 6000)",False,,truth_safe_unverified
230830,ses230830-probe0-lfp-RRRX.npy,.npy,261120128,LFP,RRRX,"(85, 128, 6000)",False,,truth_safe_unverified
230830,ses230830-probe0-lfp-RRXR.npy,.npy,119808128,LFP,RRXR,"(39, 128, 6000)",False,,truth_safe_unverified
230830,ses230830-probe0-lfp-RXRR.npy,.npy,199680128,LFP,RXRR,"(65, 128, 6000)",False,,truth_safe_unverified
230830,ses230830-probe1-lfp-AAAB.npy,.npy,688128128,LFP,AAAB,"(224, 128, 6000)",False,,truth_safe_unverified
230830,ses230830-probe1-lfp-AAAX.npy,.npy,95232128,LFP,AAAX,"(31, 128, 6000)",False,,truth_safe_unverified
230830,ses230830-probe1-lfp-AAXB.npy,.npy,122880128,LFP,AAXB,"(40, 128, 6000)",False,,truth_safe_unverified
230830,ses230830-probe1-lfp-AXAB.npy,.npy,107520128,LFP,AXAB,"(35, 128, 6000)",False,,truth_safe_unverified
230830,ses230830-probe1-lfp-BBBA.npy,.npy,669696128,LFP,BBBA,"(218, 128, 6000)",False,,truth_safe_unverified
230830,ses230830-probe1-lfp-BBBX.npy,.npy,98304128,LFP,BBBX,"(32, 128, 6000)",False,,truth_safe_unverified
230830,ses230830-probe1-lfp-BBXA.npy,.npy,119808128,LFP,BBXA,"(39, 128, 6000)",False,,truth_safe_unverified
230830,ses230830-probe1-lfp-BXBA.npy,.npy,125952128,LFP,BXBA,"(41, 128, 6000)",False,,truth_safe_unverified
230830,ses230830-probe1-lfp-RRRR.npy,.npy,340992128,LFP,RRRR,"(111, 128, 6000)",False,,truth_safe_unverified
230830,ses230830-probe1-lfp-RRRX.npy,.npy,261120128,LFP,RRRX,"(85, 128, 6000)",False,,truth_safe_unverified
230830,ses230830-probe1-lfp-RRXR.npy,.npy,119808128,LFP,RRXR,"(39, 128, 6000)",False,,truth_safe_unverified
230830,ses230830-probe1-lfp-RXRR.npy,.npy,199680128,LFP,RXRR,"(65, 128, 6000)",False,,truth_safe_unverified
230830,ses230830-probe2-lfp-AAAB.npy,.npy,688128128,LFP,AAAB,"(224, 128, 6000)",False,,truth_safe_unverified
230830,ses230830-probe2-lfp-AAAX.npy,.npy,95232128,LFP,AAAX,"(31, 128, 6000)",False,,truth_safe_unverified
230830,ses230830-probe2-lfp-AAXB.npy,.npy,122880128,LFP,AAXB,"(40, 128, 6000)",False,,truth_safe_unverified
230830,ses230830-probe2-lfp-AXAB.npy,.npy,107520128,LFP,AXAB,"(35, 128, 6000)",False,,truth_safe_unverified
230830,ses230830-probe2-lfp-BBBA.npy,.npy,669696128,LFP,BBBA,"(218, 128, 6000)",False,,truth_safe_unverified
230830,ses230830-probe2-lfp-BBBX.npy,.npy,98304128,LFP,BBBX,"(32, 128, 6000)",False,,truth_safe_unverified
230830,ses230830-probe2-lfp-BBXA.npy,.npy,119808128,LFP,BBXA,"(39, 128, 6000)",False,,truth_safe_unverified
230830,ses230830-probe2-lfp-BXBA.npy,.npy,125952128,LFP,BXBA,"(41, 128, 6000)",False,,truth_safe_unverified
230830,ses230830-probe2-lfp-RRRR.npy,.npy,340992128,LFP,RRRR,"(111, 128, 6000)",False,,truth_safe_unverified
230830,ses230830-probe2-lfp-RRRX.npy,.npy,261120128,LFP,RRRX,"(85, 128, 6000)",False,,truth_safe_unverified
230830,ses230830-probe2-lfp-RRXR.npy,.npy,119808128,LFP,RRXR,"(39, 128, 6000)",False,,truth_safe_unverified
230830,ses230830-probe2-lfp-RXRR.npy,.npy,199680128,LFP,RXRR,"(65, 128, 6000)",False,,truth_safe_unverified
230830,ses230830-units-probe0-spk-AAAB.npy,.npy,182784128,SPK,AAAB,"(224, 136, 6000)",False,,truth_safe_unverified
230830,ses230830-units-probe0-spk-AAAX.npy,.npy,25296128,SPK,AAAX,"(31, 136, 6000)",False,,truth_safe_unverified
230830,ses230830-units-probe0-spk-AAXB.npy,.npy,32640128,SPK,AAXB,"(40, 136, 6000)",False,,truth_safe_unverified
230830,ses230830-units-probe0-spk-AXAB.npy,.npy,28560128,SPK,AXAB,"(35, 136, 6000)",False,,truth_safe_unverified
230830,ses230830-units-probe0-spk-BBBA.npy,.npy,177888128,SPK,BBBA,"(218, 136, 6000)",False,,truth_safe_unverified
230830,ses230830-units-probe0-spk-BBBX.npy,.npy,26112128,SPK,BBBX,"(32, 136, 6000)",False,,truth_safe_unverified
230830,ses230830-units-probe0-spk-BBXA.npy,.npy,31824128,SPK,BBXA,"(39, 136, 6000)",False,,truth_safe_unverified
230830,ses230830-units-probe0-spk-BXBA.npy,.npy,33456128,SPK,BXBA,"(41, 136, 6000)",False,,truth_safe_unverified
230830,ses230830-units-probe0-spk-RRRR.npy,.npy,90576128,SPK,RRRR,"(111, 136, 6000)",False,,truth_safe_unverified
230830,ses230830-units-probe0-spk-RRRX.npy,.npy,69360128,SPK,RRRX,"(85, 136, 6000)",False,,truth_safe_unverified
230830,ses230830-units-probe0-spk-RRXR.npy,.npy,31824128,SPK,RRXR,"(39, 136, 6000)",False,,truth_safe_unverified
230830,ses230830-units-probe0-spk-RXRR.npy,.npy,53040128,SPK,RXRR,"(65, 136, 6000)",False,,truth_safe_unverified
230830,ses230830-units-probe1-spk-AAAB.npy,.npy,689472128,SPK,AAAB,"(224, 513, 6000)",False,,truth_safe_unverified
230830,ses230830-units-probe1-spk-AAAX.npy,.npy,95418128,SPK,AAAX,"(31, 513, 6000)",False,,truth_safe_unverified
230830,ses230830-units-probe1-spk-AAXB.npy,.npy,123120128,SPK,AAXB,"(40, 513, 6000)",False,,truth_safe_unverified
230830,ses230830-units-probe1-spk-AXAB.npy,.npy,107730128,SPK,AXAB,"(35, 513, 6000)",False,,truth_safe_unverified
230830,ses230830-units-probe1-spk-BBBA.npy,.npy,671004128,SPK,BBBA,"(218, 513, 6000)",False,,truth_safe_unverified
230830,ses230830-units-probe1-spk-BBBX.npy,.npy,98496128,SPK,BBBX,"(32, 513, 6000)",False,,truth_safe_unverified
230830,ses230830-units-probe1-spk-BBXA.npy,.npy,120042128,SPK,BBXA,"(39, 513, 6000)",False,,truth_safe_unverified
230830,ses230830-units-probe1-spk-BXBA.npy,.npy,126198128,SPK,BXBA,"(41, 513, 6000)",False,,truth_safe_unverified
230830,ses230830-units-probe1-spk-RRRR.npy,.npy,341658128,SPK,RRRR,"(111, 513, 6000)",False,,truth_safe_unverified
230830,ses230830-units-probe1-spk-RRRX.npy,.npy,261630128,SPK,RRRX,"(85, 513, 6000)",False,,truth_safe_unverified
230830,ses230830-units-probe1-spk-RRXR.npy,.npy,120042128,SPK,RRXR,"(39, 513, 6000)",False,,truth_safe_unverified
230830,ses230830-units-probe1-spk-RXRR.npy,.npy,200070128,SPK,RXRR,"(65, 513, 6000)",False,,truth_safe_unverified
230830,ses230830-units-probe2-spk-AAAB.npy,.npy,168000128,SPK,AAAB,"(224, 125, 6000)",False,,truth_safe_unverified
230830,ses230830-units-probe2-spk-AAAX.npy,.npy,23250128,SPK,AAAX,"(31, 125, 6000)",False,,truth_safe_unverified
230830,ses230830-units-probe2-spk-AAXB.npy,.npy,30000128,SPK,AAXB,"(40, 125, 6000)",False,,truth_safe_unverified
230830,ses230830-units-probe2-spk-AXAB.npy,.npy,26250128,SPK,AXAB,"(35, 125, 6000)",False,,truth_safe_unverified
230830,ses230830-units-probe2-spk-BBBA.npy,.npy,163500128,SPK,BBBA,"(218, 125, 6000)",False,,truth_safe_unverified
230830,ses230830-units-probe2-spk-BBBX.npy,.npy,24000128,SPK,BBBX,"(32, 125, 6000)",False,,truth_safe_unverified
230830,ses230830-units-probe2-spk-BBXA.npy,.npy,29250128,SPK,BBXA,"(39, 125, 6000)",False,,truth_safe_unverified
230830,ses230830-units-probe2-spk-BXBA.npy,.npy,30750128,SPK,BXBA,"(41, 125, 6000)",False,,truth_safe_unverified
230830,ses230830-units-probe2-spk-RRRR.npy,.npy,83250128,SPK,RRRR,"(111, 125, 6000)",False,,truth_safe_unverified
230830,ses230830-units-probe2-spk-RRRX.npy,.npy,63750128,SPK,RRRX,"(85, 125, 6000)",False,,truth_safe_unverified
230830,ses230830-units-probe2-spk-RRXR.npy,.npy,29250128,SPK,RRXR,"(39, 125, 6000)",False,,truth_safe_unverified
230830,ses230830-units-probe2-spk-RXRR.npy,.npy,48750128,SPK,RXRR,"(65, 125, 6000)",False,,truth_safe_unverified
230831,ses230831-probe0-lfp-AAAB.npy,.npy,675840128,LFP,AAAB,"(220, 128, 6000)",False,,truth_safe_unverified
230831,ses230831-probe0-lfp-AAAX.npy,.npy,122880128,LFP,AAAX,"(40, 128, 6000)",False,,truth_safe_unverified
230831,ses230831-probe0-lfp-AAXB.npy,.npy,98304128,LFP,AAXB,"(32, 128, 6000)",False,,truth_safe_unverified
230831,ses230831-probe0-lfp-AXAB.npy,.npy,116736128,LFP,AXAB,"(38, 128, 6000)",False,,truth_safe_unverified
230831,ses230831-probe0-lfp-BBBA.npy,.npy,703488128,LFP,BBBA,"(229, 128, 6000)",False,,truth_safe_unverified
230831,ses230831-probe0-lfp-BBBX.npy,.npy,79872128,LFP,BBBX,"(26, 128, 6000)",False,,truth_safe_unverified
230831,ses230831-probe0-lfp-BBXA.npy,.npy,82944128,LFP,BBXA,"(27, 128, 6000)",False,,truth_safe_unverified
230831,ses230831-probe0-lfp-BXBA.npy,.npy,147456128,LFP,BXBA,"(48, 128, 6000)",False,,truth_safe_unverified
230831,ses230831-probe0-lfp-RRRR.npy,.npy,340992128,LFP,RRRR,"(111, 128, 6000)",False,,truth_safe_unverified
230831,ses230831-probe0-lfp-RRRX.npy,.npy,264192128,LFP,RRRX,"(86, 128, 6000)",False,,truth_safe_unverified
230831,ses230831-probe0-lfp-RRXR.npy,.npy,89088128,LFP,RRXR,"(29, 128, 6000)",False,,truth_safe_unverified
230831,ses230831-probe0-lfp-RXRR.npy,.npy,227328128,LFP,RXRR,"(74, 128, 6000)",False,,truth_safe_unverified
230831,ses230831-probe1-lfp-AAAB.npy,.npy,675840128,LFP,AAAB,"(220, 128, 6000)",False,,truth_safe_unverified
230831,ses230831-probe1-lfp-AAAX.npy,.npy,122880128,LFP,AAAX,"(40, 128, 6000)",False,,truth_safe_unverified
230831,ses230831-probe1-lfp-AAXB.npy,.npy,98304128,LFP,AAXB,"(32, 128, 6000)",False,,truth_safe_unverified
230831,ses230831-probe1-lfp-AXAB.npy,.npy,116736128,LFP,AXAB,"(38, 128, 6000)",False,,truth_safe_unverified
230831,ses230831-probe1-lfp-BBBA.npy,.npy,703488128,LFP,BBBA,"(229, 128, 6000)",False,,truth_safe_unverified
230831,ses230831-probe1-lfp-BBBX.npy,.npy,79872128,LFP,BBBX,"(26, 128, 6000)",False,,truth_safe_unverified
230831,ses230831-probe1-lfp-BBXA.npy,.npy,82944128,LFP,BBXA,"(27, 128, 6000)",False,,truth_safe_unverified
230831,ses230831-probe1-lfp-BXBA.npy,.npy,147456128,LFP,BXBA,"(48, 128, 6000)",False,,truth_safe_unverified
230831,ses230831-probe1-lfp-RRRR.npy,.npy,340992128,LFP,RRRR,"(111, 128, 6000)",False,,truth_safe_unverified
230831,ses230831-probe1-lfp-RRRX.npy,.npy,264192128,LFP,RRRX,"(86, 128, 6000)",False,,truth_safe_unverified
230831,ses230831-probe1-lfp-RRXR.npy,.npy,89088128,LFP,RRXR,"(29, 128, 6000)",False,,truth_safe_unverified
230831,ses230831-probe1-lfp-RXRR.npy,.npy,227328128,LFP,RXRR,"(74, 128, 6000)",False,,truth_safe_unverified
230831,ses230831-probe2-lfp-AAAB.npy,.npy,675840128,LFP,AAAB,"(220, 128, 6000)",False,,truth_safe_unverified
230831,ses230831-probe2-lfp-AAAX.npy,.npy,122880128,LFP,AAAX,"(40, 128, 6000)",False,,truth_safe_unverified
230831,ses230831-probe2-lfp-AAXB.npy,.npy,98304128,LFP,AAXB,"(32, 128, 6000)",False,,truth_safe_unverified
230831,ses230831-probe2-lfp-AXAB.npy,.npy,116736128,LFP,AXAB,"(38, 128, 6000)",False,,truth_safe_unverified
230831,ses230831-probe2-lfp-BBBA.npy,.npy,703488128,LFP,BBBA,"(229, 128, 6000)",False,,truth_safe_unverified
230831,ses230831-probe2-lfp-BBBX.npy,.npy,79872128,LFP,BBBX,"(26, 128, 6000)",False,,truth_safe_unverified
230831,ses230831-probe2-lfp-BBXA.npy,.npy,82944128,LFP,BBXA,"(27, 128, 6000)",False,,truth_safe_unverified
230831,ses230831-probe2-lfp-BXBA.npy,.npy,147456128,LFP,BXBA,"(48, 128, 6000)",False,,truth_safe_unverified
230831,ses230831-probe2-lfp-RRRR.npy,.npy,340992128,LFP,RRRR,"(111, 128, 6000)",False,,truth_safe_unverified
230831,ses230831-probe2-lfp-RRRX.npy,.npy,264192128,LFP,RRRX,"(86, 128, 6000)",False,,truth_safe_unverified
230831,ses230831-probe2-lfp-RRXR.npy,.npy,89088128,LFP,RRXR,"(29, 128, 6000)",False,,truth_safe_unverified
230831,ses230831-probe2-lfp-RXRR.npy,.npy,227328128,LFP,RXRR,"(74, 128, 6000)",False,,truth_safe_unverified
230831,ses230831-units-probe0-spk-AAAB.npy,.npy,180840128,SPK,AAAB,"(220, 137, 6000)",False,,truth_safe_unverified
230831,ses230831-units-probe0-spk-AAAX.npy,.npy,32880128,SPK,AAAX,"(40, 137, 6000)",False,,truth_safe_unverified
230831,ses230831-units-probe0-spk-AAXB.npy,.npy,26304128,SPK,AAXB,"(32, 137, 6000)",False,,truth_safe_unverified
230831,ses230831-units-probe0-spk-AXAB.npy,.npy,31236128,SPK,AXAB,"(38, 137, 6000)",False,,truth_safe_unverified
230831,ses230831-units-probe0-spk-BBBA.npy,.npy,188238128,SPK,BBBA,"(229, 137, 6000)",False,,truth_safe_unverified
230831,ses230831-units-probe0-spk-BBBX.npy,.npy,21372128,SPK,BBBX,"(26, 137, 6000)",False,,truth_safe_unverified
230831,ses230831-units-probe0-spk-BBXA.npy,.npy,22194128,SPK,BBXA,"(27, 137, 6000)",False,,truth_safe_unverified
230831,ses230831-units-probe0-spk-BXBA.npy,.npy,39456128,SPK,BXBA,"(48, 137, 6000)",False,,truth_safe_unverified
230831,ses230831-units-probe0-spk-RRRR.npy,.npy,91242128,SPK,RRRR,"(111, 137, 6000)",False,,truth_safe_unverified
230831,ses230831-units-probe0-spk-RRRX.npy,.npy,70692128,SPK,RRRX,"(86, 137, 6000)",False,,truth_safe_unverified
230831,ses230831-units-probe0-spk-RRXR.npy,.npy,23838128,SPK,RRXR,"(29, 137, 6000)",False,,truth_safe_unverified
230831,ses230831-units-probe0-spk-RXRR.npy,.npy,60828128,SPK,RXRR,"(74, 137, 6000)",False,,truth_safe_unverified
230831,ses230831-units-probe1-spk-AAAB.npy,.npy,326040128,SPK,AAAB,"(220, 247, 6000)",False,,truth_safe_unverified
230831,ses230831-units-probe1-spk-AAAX.npy,.npy,59280128,SPK,AAAX,"(40, 247, 6000)",False,,truth_safe_unverified
230831,ses230831-units-probe1-spk-AAXB.npy,.npy,47424128,SPK,AAXB,"(32, 247, 6000)",False,,truth_safe_unverified
230831,ses230831-units-probe1-spk-AXAB.npy,.npy,56316128,SPK,AXAB,"(38, 247, 6000)",False,,truth_safe_unverified
230831,ses230831-units-probe1-spk-BBBA.npy,.npy,339378128,SPK,BBBA,"(229, 247, 6000)",False,,truth_safe_unverified
230831,ses230831-units-probe1-spk-BBBX.npy,.npy,38532128,SPK,BBBX,"(26, 247, 6000)",False,,truth_safe_unverified
230831,ses230831-units-probe1-spk-BBXA.npy,.npy,40014128,SPK,BBXA,"(27, 247, 6000)",False,,truth_safe_unverified
230831,ses230831-units-probe1-spk-BXBA.npy,.npy,71136128,SPK,BXBA,"(48, 247, 6000)",False,,truth_safe_unverified
230831,ses230831-units-probe1-spk-RRRR.npy,.npy,164502128,SPK,RRRR,"(111, 247, 6000)",False,,truth_safe_unverified
230831,ses230831-units-probe1-spk-RRRX.npy,.npy,127452128,SPK,RRRX,"(86, 247, 6000)",False,,truth_safe_unverified
230831,ses230831-units-probe1-spk-RRXR.npy,.npy,42978128,SPK,RRXR,"(29, 247, 6000)",False,,truth_safe_unverified
230831,ses230831-units-probe1-spk-RXRR.npy,.npy,109668128,SPK,RXRR,"(74, 247, 6000)",False,,truth_safe_unverified
230831,ses230831-units-probe2-spk-AAAB.npy,.npy,264000128,SPK,AAAB,"(220, 200, 6000)",False,,truth_safe_unverified
230831,ses230831-units-probe2-spk-AAAX.npy,.npy,48000128,SPK,AAAX,"(40, 200, 6000)",False,,truth_safe_unverified
230831,ses230831-units-probe2-spk-AAXB.npy,.npy,38400128,SPK,AAXB,"(32, 200, 6000)",False,,truth_safe_unverified
230831,ses230831-units-probe2-spk-AXAB.npy,.npy,45600128,SPK,AXAB,"(38, 200, 6000)",False,,truth_safe_unverified
230831,ses230831-units-probe2-spk-BBBA.npy,.npy,274800128,SPK,BBBA,"(229, 200, 6000)",False,,truth_safe_unverified
230831,ses230831-units-probe2-spk-BBBX.npy,.npy,31200128,SPK,BBBX,"(26, 200, 6000)",False,,truth_safe_unverified
230831,ses230831-units-probe2-spk-BBXA.npy,.npy,32400128,SPK,BBXA,"(27, 200, 6000)",False,,truth_safe_unverified
230831,ses230831-units-probe2-spk-BXBA.npy,.npy,57600128,SPK,BXBA,"(48, 200, 6000)",False,,truth_safe_unverified
230831,ses230831-units-probe2-spk-RRRR.npy,.npy,133200128,SPK,RRRR,"(111, 200, 6000)",False,,truth_safe_unverified
230831,ses230831-units-probe2-spk-RRRX.npy,.npy,103200128,SPK,RRRX,"(86, 200, 6000)",False,,truth_safe_unverified
230831,ses230831-units-probe2-spk-RRXR.npy,.npy,34800128,SPK,RRXR,"(29, 200, 6000)",False,,truth_safe_unverified
230831,ses230831-units-probe2-spk-RXRR.npy,.npy,88800128,SPK,RXRR,"(74, 200, 6000)",False,,truth_safe_unverified
230901,ses230901-probe0-lfp-AAAB.npy,.npy,758784128,LFP,AAAB,"(247, 128, 6000)",False,,truth_safe_unverified
230901,ses230901-probe0-lfp-AAAX.npy,.npy,92160128,LFP,AAAX,"(30, 128, 6000)",False,,truth_safe_unverified
230901,ses230901-probe0-lfp-AAXB.npy,.npy,122880128,LFP,AAXB,"(40, 128, 6000)",False,,truth_safe_unverified
230901,ses230901-probe0-lfp-AXAB.npy,.npy,92160128,LFP,AXAB,"(30, 128, 6000)",False,,truth_safe_unverified
230901,ses230901-probe0-lfp-BBBA.npy,.npy,663552128,LFP,BBBA,"(216, 128, 6000)",False,,truth_safe_unverified
230901,ses230901-probe0-lfp-BBBX.npy,.npy,92160128,LFP,BBBX,"(30, 128, 6000)",False,,truth_safe_unverified
230901,ses230901-probe0-lfp-BBXA.npy,.npy,129024128,LFP,BBXA,"(42, 128, 6000)",False,,truth_safe_unverified
230901,ses230901-probe0-lfp-BXBA.npy,.npy,129024128,LFP,BXBA,"(42, 128, 6000)",False,,truth_safe_unverified
230901,ses230901-probe0-lfp-RRRR.npy,.npy,325632128,LFP,RRRR,"(106, 128, 6000)",False,,truth_safe_unverified
230901,ses230901-probe0-lfp-RRRX.npy,.npy,319488128,LFP,RRRX,"(104, 128, 6000)",False,,truth_safe_unverified
230901,ses230901-probe0-lfp-RRXR.npy,.npy,122880128,LFP,RRXR,"(40, 128, 6000)",False,,truth_safe_unverified
230901,ses230901-probe0-lfp-RXRR.npy,.npy,153600128,LFP,RXRR,"(50, 128, 6000)",False,,truth_safe_unverified
230901,ses230901-probe1-lfp-AAAB.npy,.npy,758784128,LFP,AAAB,"(247, 128, 6000)",False,,truth_safe_unverified
230901,ses230901-probe1-lfp-AAAX.npy,.npy,92160128,LFP,AAAX,"(30, 128, 6000)",False,,truth_safe_unverified
230901,ses230901-probe1-lfp-AAXB.npy,.npy,122880128,LFP,AAXB,"(40, 128, 6000)",False,,truth_safe_unverified
230901,ses230901-probe1-lfp-AXAB.npy,.npy,92160128,LFP,AXAB,"(30, 128, 6000)",False,,truth_safe_unverified
230901,ses230901-probe1-lfp-BBBA.npy,.npy,663552128,LFP,BBBA,"(216, 128, 6000)",False,,truth_safe_unverified
230901,ses230901-probe1-lfp-BBBX.npy,.npy,92160128,LFP,BBBX,"(30, 128, 6000)",False,,truth_safe_unverified
230901,ses230901-probe1-lfp-BBXA.npy,.npy,129024128,LFP,BBXA,"(42, 128, 6000)",False,,truth_safe_unverified
230901,ses230901-probe1-lfp-BXBA.npy,.npy,129024128,LFP,BXBA,"(42, 128, 6000)",False,,truth_safe_unverified
230901,ses230901-probe1-lfp-RRRR.npy,.npy,325632128,LFP,RRRR,"(106, 128, 6000)",False,,truth_safe_unverified
230901,ses230901-probe1-lfp-RRRX.npy,.npy,319488128,LFP,RRRX,"(104, 128, 6000)",False,,truth_safe_unverified
230901,ses230901-probe1-lfp-RRXR.npy,.npy,122880128,LFP,RRXR,"(40, 128, 6000)",False,,truth_safe_unverified
230901,ses230901-probe1-lfp-RXRR.npy,.npy,153600128,LFP,RXRR,"(50, 128, 6000)",False,,truth_safe_unverified
230901,ses230901-probe2-lfp-AAAB.npy,.npy,758784128,LFP,AAAB,"(247, 128, 6000)",False,,truth_safe_unverified
230901,ses230901-probe2-lfp-AAAX.npy,.npy,92160128,LFP,AAAX,"(30, 128, 6000)",False,,truth_safe_unverified
230901,ses230901-probe2-lfp-AAXB.npy,.npy,122880128,LFP,AAXB,"(40, 128, 6000)",False,,truth_safe_unverified
230901,ses230901-probe2-lfp-AXAB.npy,.npy,92160128,LFP,AXAB,"(30, 128, 6000)",False,,truth_safe_unverified
230901,ses230901-probe2-lfp-BBBA.npy,.npy,663552128,LFP,BBBA,"(216, 128, 6000)",False,,truth_safe_unverified
230901,ses230901-probe2-lfp-BBBX.npy,.npy,92160128,LFP,BBBX,"(30, 128, 6000)",False,,truth_safe_unverified
230901,ses230901-probe2-lfp-BBXA.npy,.npy,129024128,LFP,BBXA,"(42, 128, 6000)",False,,truth_safe_unverified
230901,ses230901-probe2-lfp-BXBA.npy,.npy,129024128,LFP,BXBA,"(42, 128, 6000)",False,,truth_safe_unverified
230901,ses230901-probe2-lfp-RRRR.npy,.npy,325632128,LFP,RRRR,"(106, 128, 6000)",False,,truth_safe_unverified
230901,ses230901-probe2-lfp-RRRX.npy,.npy,319488128,LFP,RRRX,"(104, 128, 6000)",False,,truth_safe_unverified
230901,ses230901-probe2-lfp-RRXR.npy,.npy,122880128,LFP,RRXR,"(40, 128, 6000)",False,,truth_safe_unverified
230901,ses230901-probe2-lfp-RXRR.npy,.npy,153600128,LFP,RXRR,"(50, 128, 6000)",False,,truth_safe_unverified
230901,ses230901-units-probe0-spk-AAAB.npy,.npy,752856128,SPK,AAAB,"(247, 508, 6000)",False,,truth_safe_unverified
230901,ses230901-units-probe0-spk-AAAX.npy,.npy,91440128,SPK,AAAX,"(30, 508, 6000)",False,,truth_safe_unverified
230901,ses230901-units-probe0-spk-AAXB.npy,.npy,121920128,SPK,AAXB,"(40, 508, 6000)",False,,truth_safe_unverified
230901,ses230901-units-probe0-spk-AXAB.npy,.npy,91440128,SPK,AXAB,"(30, 508, 6000)",False,,truth_safe_unverified
230901,ses230901-units-probe0-spk-BBBA.npy,.npy,658368128,SPK,BBBA,"(216, 508, 6000)",False,,truth_safe_unverified
230901,ses230901-units-probe0-spk-BBBX.npy,.npy,91440128,SPK,BBBX,"(30, 508, 6000)",False,,truth_safe_unverified
230901,ses230901-units-probe0-spk-BBXA.npy,.npy,128016128,SPK,BBXA,"(42, 508, 6000)",False,,truth_safe_unverified
230901,ses230901-units-probe0-spk-BXBA.npy,.npy,128016128,SPK,BXBA,"(42, 508, 6000)",False,,truth_safe_unverified
230901,ses230901-units-probe0-spk-RRRR.npy,.npy,323088128,SPK,RRRR,"(106, 508, 6000)",False,,truth_safe_unverified
230901,ses230901-units-probe0-spk-RRRX.npy,.npy,316992128,SPK,RRRX,"(104, 508, 6000)",False,,truth_safe_unverified
230901,ses230901-units-probe0-spk-RRXR.npy,.npy,121920128,SPK,RRXR,"(40, 508, 6000)",False,,truth_safe_unverified
230901,ses230901-units-probe0-spk-RXRR.npy,.npy,152400128,SPK,RXRR,"(50, 508, 6000)",False,,truth_safe_unverified
230901,ses230901-units-probe2-spk-AAAB.npy,.npy,278616128,SPK,AAAB,"(247, 188, 6000)",False,,truth_safe_unverified
230901,ses230901-units-probe2-spk-AAAX.npy,.npy,33840128,SPK,AAAX,"(30, 188, 6000)",False,,truth_safe_unverified
230901,ses230901-units-probe2-spk-AAXB.npy,.npy,45120128,SPK,AAXB,"(40, 188, 6000)",False,,truth_safe_unverified
230901,ses230901-units-probe2-spk-AXAB.npy,.npy,33840128,SPK,AXAB,"(30, 188, 6000)",False,,truth_safe_unverified
230901,ses230901-units-probe2-spk-BBBA.npy,.npy,243648128,SPK,BBBA,"(216, 188, 6000)",False,,truth_safe_unverified
230901,ses230901-units-probe2-spk-BBBX.npy,.npy,33840128,SPK,BBBX,"(30, 188, 6000)",False,,truth_safe_unverified
230901,ses230901-units-probe2-spk-BBXA.npy,.npy,47376128,SPK,BBXA,"(42, 188, 6000)",False,,truth_safe_unverified
230901,ses230901-units-probe2-spk-BXBA.npy,.npy,47376128,SPK,BXBA,"(42, 188, 6000)",False,,truth_safe_unverified
230901,ses230901-units-probe2-spk-RRRR.npy,.npy,119568128,SPK,RRRR,"(106, 188, 6000)",False,,truth_safe_unverified
230901,ses230901-units-probe2-spk-RRRX.npy,.npy,117312128,SPK,RRRX,"(104, 188, 6000)",False,,truth_safe_unverified
230901,ses230901-units-probe2-spk-RRXR.npy,.npy,45120128,SPK,RRXR,"(40, 188, 6000)",False,,truth_safe_unverified
230901,ses230901-units-probe2-spk-RXRR.npy,.npy,56400128,SPK,RXRR,"(50, 188, 6000)",False,,truth_safe_unverified
230630,sub-C31o_ses-230630_rec_probeA_lfp_cond_10.npy,.npy,40960128,LFP,None,"(8, 128, 5000)",False,,truth_safe_unverified
230630,sub-C31o_ses-230630_rec_probeA_lfp_cond_2.npy,.npy,225280128,LFP,None,"(44, 128, 5000)",False,,truth_safe_unverified
230630,sub-C31o_ses-230630_rec_probeA_lfp_cond_26.npy,.npy,419840128,LFP,None,"(82, 128, 5000)",False,,truth_safe_unverified
230630,sub-C31o_ses-230630_rec_probeA_lfp_cond_3.npy,.npy,35840128,LFP,None,"(7, 128, 5000)",False,,truth_safe_unverified
230630,sub-C31o_ses-230630_rec_probeA_lfp_cond_34.npy,.npy,35840128,LFP,None,"(7, 128, 5000)",False,,truth_safe_unverified
230630,sub-C31o_ses-230630_rec_probeA_lfp_cond_4.npy,.npy,30720128,LFP,None,"(6, 128, 5000)",False,,truth_safe_unverified
230630,sub-C31o_ses-230630_rec_probeA_lfp_cond_42.npy,.npy,10240128,LFP,None,"(2, 128, 5000)",False,,truth_safe_unverified
230630,sub-C31o_ses-230630_rec_probeA_lfp_cond_5.npy,.npy,15360128,LFP,None,"(3, 128, 5000)",False,,truth_safe_unverified
230630,sub-C31o_ses-230630_rec_probeA_lfp_cond_50.npy,.npy,10240128,LFP,None,"(2, 128, 5000)",False,,truth_safe_unverified
230630,sub-C31o_ses-230630_rec_probeA_lfp_cond_7.npy,.npy,199680128,LFP,None,"(39, 128, 5000)",False,,truth_safe_unverified
230630,sub-C31o_ses-230630_rec_probeA_lfp_cond_8.npy,.npy,30720128,LFP,None,"(6, 128, 5000)",False,,truth_safe_unverified
230630,sub-C31o_ses-230630_rec_probeA_lfp_cond_9.npy,.npy,35840128,LFP,None,"(7, 128, 5000)",False,,truth_safe_unverified
230816,sub-C31o_ses-230816_rec_probeA_lfp_cond_10.npy,.npy,143360128,LFP,None,"(28, 128, 5000)",False,,truth_safe_unverified
230816,sub-C31o_ses-230816_rec_probeA_lfp_cond_2.npy,.npy,1259520128,LFP,None,"(246, 128, 5000)",False,,truth_safe_unverified
230816,sub-C31o_ses-230816_rec_probeA_lfp_cond_26.npy,.npy,512000128,LFP,None,"(100, 128, 5000)",False,,truth_safe_unverified
230816,sub-C31o_ses-230816_rec_probeA_lfp_cond_3.npy,.npy,174080128,LFP,None,"(34, 128, 5000)",False,,truth_safe_unverified
230816,sub-C31o_ses-230816_rec_probeA_lfp_cond_34.npy,.npy,261120128,LFP,None,"(51, 128, 5000)",False,,truth_safe_unverified
230816,sub-C31o_ses-230816_rec_probeA_lfp_cond_4.npy,.npy,138240128,LFP,None,"(27, 128, 5000)",False,,truth_safe_unverified
230816,sub-C31o_ses-230816_rec_probeA_lfp_cond_42.npy,.npy,128000128,LFP,None,"(25, 128, 5000)",False,,truth_safe_unverified
230816,sub-C31o_ses-230816_rec_probeA_lfp_cond_5.npy,.npy,117760128,LFP,None,"(23, 128, 5000)",False,,truth_safe_unverified
230816,sub-C31o_ses-230816_rec_probeA_lfp_cond_50.npy,.npy,128000128,LFP,None,"(25, 128, 5000)",False,,truth_safe_unverified
230816,sub-C31o_ses-230816_rec_probeA_lfp_cond_7.npy,.npy,1203200128,LFP,None,"(235, 128, 5000)",False,,truth_safe_unverified
230816,sub-C31o_ses-230816_rec_probeA_lfp_cond_8.npy,.npy,189440128,LFP,None,"(37, 128, 5000)",False,,truth_safe_unverified
230816,sub-C31o_ses-230816_rec_probeA_lfp_cond_9.npy,.npy,153600128,LFP,None,"(30, 128, 5000)",False,,truth_safe_unverified
230818,sub-C31o_ses-230818_rec_probeA_lfp_cond_10.npy,.npy,153600128,LFP,None,"(30, 128, 5000)",False,,truth_safe_unverified
230818,sub-C31o_ses-230818_rec_probeA_lfp_cond_2.npy,.npy,1126400128,LFP,None,"(220, 128, 5000)",False,,truth_safe_unverified
230818,sub-C31o_ses-230818_rec_probeA_lfp_cond_26.npy,.npy,532480128,LFP,None,"(104, 128, 5000)",False,,truth_safe_unverified
230818,sub-C31o_ses-230818_rec_probeA_lfp_cond_3.npy,.npy,204800128,LFP,None,"(40, 128, 5000)",False,,truth_safe_unverified
230818,sub-C31o_ses-230818_rec_probeA_lfp_cond_34.npy,.npy,327680128,LFP,None,"(64, 128, 5000)",False,,truth_safe_unverified
230818,sub-C31o_ses-230818_rec_probeA_lfp_cond_4.npy,.npy,128000128,LFP,None,"(25, 128, 5000)",False,,truth_safe_unverified
230818,sub-C31o_ses-230818_rec_probeA_lfp_cond_42.npy,.npy,143360128,LFP,None,"(28, 128, 5000)",False,,truth_safe_unverified
230818,sub-C31o_ses-230818_rec_probeA_lfp_cond_5.npy,.npy,230400128,LFP,None,"(45, 128, 5000)",False,,truth_safe_unverified
230818,sub-C31o_ses-230818_rec_probeA_lfp_cond_50.npy,.npy,143360128,LFP,None,"(28, 128, 5000)",False,,truth_safe_unverified
230818,sub-C31o_ses-230818_rec_probeA_lfp_cond_7.npy,.npy,1203200128,LFP,None,"(235, 128, 5000)",False,,truth_safe_unverified
230818,sub-C31o_ses-230818_rec_probeA_lfp_cond_8.npy,.npy,184320128,LFP,None,"(36, 128, 5000)",False,,truth_safe_unverified
230818,sub-C31o_ses-230818_rec_probeA_lfp_cond_9.npy,.npy,148480128,LFP,None,"(29, 128, 5000)",False,,truth_safe_unverified
230823,sub-C31o_ses-230823_rec_probeA_lfp_cond_10.npy,.npy,153600128,LFP,None,"(30, 128, 5000)",False,,truth_safe_unverified
230823,sub-C31o_ses-230823_rec_probeA_lfp_cond_2.npy,.npy,1121280128,LFP,None,"(219, 128, 5000)",False,,truth_safe_unverified
230823,sub-C31o_ses-230823_rec_probeA_lfp_cond_26.npy,.npy,568320128,LFP,None,"(111, 128, 5000)",False,,truth_safe_unverified
230823,sub-C31o_ses-230823_rec_probeA_lfp_cond_3.npy,.npy,209920128,LFP,None,"(41, 128, 5000)",False,,truth_safe_unverified
230823,sub-C31o_ses-230823_rec_probeA_lfp_cond_34.npy,.npy,281600128,LFP,None,"(55, 128, 5000)",False,,truth_safe_unverified
230823,sub-C31o_ses-230823_rec_probeA_lfp_cond_4.npy,.npy,215040128,LFP,None,"(42, 128, 5000)",False,,truth_safe_unverified
230823,sub-C31o_ses-230823_rec_probeA_lfp_cond_42.npy,.npy,220160128,LFP,None,"(43, 128, 5000)",False,,truth_safe_unverified
230823,sub-C31o_ses-230823_rec_probeA_lfp_cond_5.npy,.npy,143360128,LFP,None,"(28, 128, 5000)",False,,truth_safe_unverified
230823,sub-C31o_ses-230823_rec_probeA_lfp_cond_50.npy,.npy,220160128,LFP,None,"(43, 128, 5000)",False,,truth_safe_unverified
230823,sub-C31o_ses-230823_rec_probeA_lfp_cond_7.npy,.npy,1162240128,LFP,None,"(227, 128, 5000)",False,,truth_safe_unverified
230823,sub-C31o_ses-230823_rec_probeA_lfp_cond_8.npy,.npy,158720128,LFP,None,"(31, 128, 5000)",False,,truth_safe_unverified
230823,sub-C31o_ses-230823_rec_probeA_lfp_cond_9.npy,.npy,215040128,LFP,None,"(42, 128, 5000)",False,,truth_safe_unverified
230825,sub-C31o_ses-230825_rec_probeA_lfp_cond_10.npy,.npy,174080128,LFP,None,"(34, 128, 5000)",False,,truth_safe_unverified
230825,sub-C31o_ses-230825_rec_probeA_lfp_cond_2.npy,.npy,1218560128,LFP,None,"(238, 128, 5000)",False,,truth_safe_unverified
230825,sub-C31o_ses-230825_rec_probeA_lfp_cond_26.npy,.npy,558080128,LFP,None,"(109, 128, 5000)",False,,truth_safe_unverified
230825,sub-C31o_ses-230825_rec_probeA_lfp_cond_3.npy,.npy,174080128,LFP,None,"(34, 128, 5000)",False,,truth_safe_unverified
230825,sub-C31o_ses-230825_rec_probeA_lfp_cond_34.npy,.npy,368640128,LFP,None,"(72, 128, 5000)",False,,truth_safe_unverified
230825,sub-C31o_ses-230825_rec_probeA_lfp_cond_4.npy,.npy,179200128,LFP,None,"(35, 128, 5000)",False,,truth_safe_unverified
230825,sub-C31o_ses-230825_rec_probeA_lfp_cond_42.npy,.npy,138240128,LFP,None,"(27, 128, 5000)",False,,truth_safe_unverified
230825,sub-C31o_ses-230825_rec_probeA_lfp_cond_5.npy,.npy,117760128,LFP,None,"(23, 128, 5000)",False,,truth_safe_unverified
230825,sub-C31o_ses-230825_rec_probeA_lfp_cond_50.npy,.npy,138240128,LFP,None,"(27, 128, 5000)",False,,truth_safe_unverified
230825,sub-C31o_ses-230825_rec_probeA_lfp_cond_7.npy,.npy,1116160128,LFP,None,"(218, 128, 5000)",False,,truth_safe_unverified
230825,sub-C31o_ses-230825_rec_probeA_lfp_cond_8.npy,.npy,225280128,LFP,None,"(44, 128, 5000)",False,,truth_safe_unverified
230825,sub-C31o_ses-230825_rec_probeA_lfp_cond_9.npy,.npy,174080128,LFP,None,"(34, 128, 5000)",False,,truth_safe_unverified
230830,sub-C31o_ses-230830_rec_probeA_lfp_cond_10.npy,.npy,163840128,LFP,None,"(32, 128, 5000)",False,,truth_safe_unverified
230830,sub-C31o_ses-230830_rec_probeA_lfp_cond_2.npy,.npy,1146880128,LFP,None,"(224, 128, 5000)",False,,truth_safe_unverified
230830,sub-C31o_ses-230830_rec_probeA_lfp_cond_26.npy,.npy,568320128,LFP,None,"(111, 128, 5000)",False,,truth_safe_unverified
230830,sub-C31o_ses-230830_rec_probeA_lfp_cond_3.npy,.npy,179200128,LFP,None,"(35, 128, 5000)",False,,truth_safe_unverified
230830,sub-C31o_ses-230830_rec_probeA_lfp_cond_34.npy,.npy,332800128,LFP,None,"(65, 128, 5000)",False,,truth_safe_unverified
230830,sub-C31o_ses-230830_rec_probeA_lfp_cond_4.npy,.npy,204800128,LFP,None,"(40, 128, 5000)",False,,truth_safe_unverified
230830,sub-C31o_ses-230830_rec_probeA_lfp_cond_42.npy,.npy,199680128,LFP,None,"(39, 128, 5000)",False,,truth_safe_unverified
230830,sub-C31o_ses-230830_rec_probeA_lfp_cond_5.npy,.npy,158720128,LFP,None,"(31, 128, 5000)",False,,truth_safe_unverified
230830,sub-C31o_ses-230830_rec_probeA_lfp_cond_50.npy,.npy,199680128,LFP,None,"(39, 128, 5000)",False,,truth_safe_unverified
230830,sub-C31o_ses-230830_rec_probeA_lfp_cond_7.npy,.npy,1116160128,LFP,None,"(218, 128, 5000)",False,,truth_safe_unverified
230830,sub-C31o_ses-230830_rec_probeA_lfp_cond_8.npy,.npy,209920128,LFP,None,"(41, 128, 5000)",False,,truth_safe_unverified
230830,sub-C31o_ses-230830_rec_probeA_lfp_cond_9.npy,.npy,199680128,LFP,None,"(39, 128, 5000)",False,,truth_safe_unverified
230831,sub-C31o_ses-230831_rec_probeA_lfp_cond_10.npy,.npy,133120128,LFP,None,"(26, 128, 5000)",False,,truth_safe_unverified
230831,sub-C31o_ses-230831_rec_probeA_lfp_cond_2.npy,.npy,1126400128,LFP,None,"(220, 128, 5000)",False,,truth_safe_unverified
230831,sub-C31o_ses-230831_rec_probeA_lfp_cond_26.npy,.npy,568320128,LFP,None,"(111, 128, 5000)",False,,truth_safe_unverified
230831,sub-C31o_ses-230831_rec_probeA_lfp_cond_3.npy,.npy,194560128,LFP,None,"(38, 128, 5000)",False,,truth_safe_unverified
230831,sub-C31o_ses-230831_rec_probeA_lfp_cond_34.npy,.npy,378880128,LFP,None,"(74, 128, 5000)",False,,truth_safe_unverified
230831,sub-C31o_ses-230831_rec_probeA_lfp_cond_4.npy,.npy,163840128,LFP,None,"(32, 128, 5000)",False,,truth_safe_unverified
230831,sub-C31o_ses-230831_rec_probeA_lfp_cond_42.npy,.npy,148480128,LFP,None,"(29, 128, 5000)",False,,truth_safe_unverified
230831,sub-C31o_ses-230831_rec_probeA_lfp_cond_5.npy,.npy,204800128,LFP,None,"(40, 128, 5000)",False,,truth_safe_unverified
230831,sub-C31o_ses-230831_rec_probeA_lfp_cond_50.npy,.npy,148480128,LFP,None,"(29, 128, 5000)",False,,truth_safe_unverified
230831,sub-C31o_ses-230831_rec_probeA_lfp_cond_7.npy,.npy,1172480128,LFP,None,"(229, 128, 5000)",False,,truth_safe_unverified
230831,sub-C31o_ses-230831_rec_probeA_lfp_cond_8.npy,.npy,245760128,LFP,None,"(48, 128, 5000)",False,,truth_safe_unverified
230831,sub-C31o_ses-230831_rec_probeA_lfp_cond_9.npy,.npy,138240128,LFP,None,"(27, 128, 5000)",False,,truth_safe_unverified
230901,sub-C31o_ses-230901_rec_probeA_lfp_cond_10.npy,.npy,153600128,LFP,None,"(30, 128, 5000)",False,,truth_safe_unverified
230901,sub-C31o_ses-230901_rec_probeA_lfp_cond_2.npy,.npy,1213440128,LFP,None,"(237, 128, 5000)",False,,truth_safe_unverified
230901,sub-C31o_ses-230901_rec_probeA_lfp_cond_26.npy,.npy,542720128,LFP,None,"(106, 128, 5000)",False,,truth_safe_unverified
230901,sub-C31o_ses-230901_rec_probeA_lfp_cond_3.npy,.npy,153600128,LFP,None,"(30, 128, 5000)",False,,truth_safe_unverified
230901,sub-C31o_ses-230901_rec_probeA_lfp_cond_34.npy,.npy,256000128,LFP,None,"(50, 128, 5000)",False,,truth_safe_unverified
230901,sub-C31o_ses-230901_rec_probeA_lfp_cond_4.npy,.npy,204800128,LFP,None,"(40, 128, 5000)",False,,truth_safe_unverified
230901,sub-C31o_ses-230901_rec_probeA_lfp_cond_42.npy,.npy,204800128,LFP,None,"(40, 128, 5000)",False,,truth_safe_unverified
230901,sub-C31o_ses-230901_rec_probeA_lfp_cond_5.npy,.npy,153600128,LFP,None,"(30, 128, 5000)",False,,truth_safe_unverified
230901,sub-C31o_ses-230901_rec_probeA_lfp_cond_50.npy,.npy,204800128,LFP,None,"(40, 128, 5000)",False,,truth_safe_unverified
230901,sub-C31o_ses-230901_rec_probeA_lfp_cond_7.npy,.npy,1105920128,LFP,None,"(216, 128, 5000)",False,,truth_safe_unverified
230901,sub-C31o_ses-230901_rec_probeA_lfp_cond_8.npy,.npy,215040128,LFP,None,"(42, 128, 5000)",False,,truth_safe_unverified
230901,sub-C31o_ses-230901_rec_probeA_lfp_cond_9.npy,.npy,215040128,LFP,None,"(42, 128, 5000)",False,,truth_safe_unverified
230629,sub-V198o_ses-230629_rec_probeA_lfp_cond_10.npy,.npy,10240128,LFP,None,"(2, 128, 5000)",False,,truth_safe_unverified
230629,sub-V198o_ses-230629_rec_probeA_lfp_cond_2.npy,.npy,245760128,LFP,None,"(48, 128, 5000)",False,,truth_safe_unverified
230629,sub-V198o_ses-230629_rec_probeA_lfp_cond_26.npy,.npy,430080128,LFP,None,"(84, 128, 5000)",False,,truth_safe_unverified
230629,sub-V198o_ses-230629_rec_probeA_lfp_cond_3.npy,.npy,30720128,LFP,None,"(6, 128, 5000)",False,,truth_safe_unverified
230629,sub-V198o_ses-230629_rec_probeA_lfp_cond_34.npy,.npy,40960128,LFP,None,"(8, 128, 5000)",False,,truth_safe_unverified
230629,sub-V198o_ses-230629_rec_probeA_lfp_cond_4.npy,.npy,25600128,LFP,None,"(5, 128, 5000)",False,,truth_safe_unverified
230629,sub-V198o_ses-230629_rec_probeA_lfp_cond_42.npy,.npy,10240128,LFP,None,"(2, 128, 5000)",False,,truth_safe_unverified
230629,sub-V198o_ses-230629_rec_probeA_lfp_cond_5.npy,.npy,5120128,LFP,None,"(1, 128, 5000)",False,,truth_safe_unverified
230629,sub-V198o_ses-230629_rec_probeA_lfp_cond_50.npy,.npy,10240128,LFP,None,"(2, 128, 5000)",False,,truth_safe_unverified
230629,sub-V198o_ses-230629_rec_probeA_lfp_cond_7.npy,.npy,256000128,LFP,None,"(50, 128, 5000)",False,,truth_safe_unverified
230629,sub-V198o_ses-230629_rec_probeA_lfp_cond_8.npy,.npy,25600128,LFP,None,"(5, 128, 5000)",False,,truth_safe_unverified
230629,sub-V198o_ses-230629_rec_probeA_lfp_cond_9.npy,.npy,15360128,LFP,None,"(3, 128, 5000)",False,,truth_safe_unverified
230714,sub-V198o_ses-230714_rec_probeA_lfp_cond_10.npy,.npy,168960128,LFP,None,"(33, 128, 5000)",False,,truth_safe_unverified
230714,sub-V198o_ses-230714_rec_probeA_lfp_cond_2.npy,.npy,1131520128,LFP,None,"(221, 128, 5000)",False,,truth_safe_unverified
230714,sub-V198o_ses-230714_rec_probeA_lfp_cond_26.npy,.npy,793600128,LFP,None,"(155, 128, 5000)",False,,truth_safe_unverified
230714,sub-V198o_ses-230714_rec_probeA_lfp_cond_3.npy,.npy,194560128,LFP,None,"(38, 128, 5000)",False,,truth_safe_unverified
230714,sub-V198o_ses-230714_rec_probeA_lfp_cond_34.npy,.npy,225280128,LFP,None,"(44, 128, 5000)",False,,truth_safe_unverified
230714,sub-V198o_ses-230714_rec_probeA_lfp_cond_4.npy,.npy,168960128,LFP,None,"(33, 128, 5000)",False,,truth_safe_unverified
230714,sub-V198o_ses-230714_rec_probeA_lfp_cond_42.npy,.npy,143360128,LFP,None,"(28, 128, 5000)",False,,truth_safe_unverified
230714,sub-V198o_ses-230714_rec_probeA_lfp_cond_5.npy,.npy,194560128,LFP,None,"(38, 128, 5000)",False,,truth_safe_unverified
230714,sub-V198o_ses-230714_rec_probeA_lfp_cond_50.npy,.npy,143360128,LFP,None,"(28, 128, 5000)",False,,truth_safe_unverified
230714,sub-V198o_ses-230714_rec_probeA_lfp_cond_7.npy,.npy,1223680128,LFP,None,"(239, 128, 5000)",False,,truth_safe_unverified
230714,sub-V198o_ses-230714_rec_probeA_lfp_cond_8.npy,.npy,117760128,LFP,None,"(23, 128, 5000)",False,,truth_safe_unverified
230714,sub-V198o_ses-230714_rec_probeA_lfp_cond_9.npy,.npy,179200128,LFP,None,"(35, 128, 5000)",False,,truth_safe_unverified
230719,sub-V198o_ses-230719_rec_probeA_lfp_cond_10.npy,.npy,179200128,LFP,None,"(35, 128, 5000)",False,,truth_safe_unverified
230719,sub-V198o_ses-230719_rec_probeA_lfp_cond_2.npy,.npy,1218560128,LFP,None,"(238, 128, 5000)",False,,truth_safe_unverified
230719,sub-V198o_ses-230719_rec_probeA_lfp_cond_26.npy,.npy,696320128,LFP,None,"(136, 128, 5000)",False,,truth_safe_unverified
230719,sub-V198o_ses-230719_rec_probeA_lfp_cond_3.npy,.npy,133120128,LFP,None,"(26, 128, 5000)",False,,truth_safe_unverified
230719,sub-V198o_ses-230719_rec_probeA_lfp_cond_34.npy,.npy,291840128,LFP,None,"(57, 128, 5000)",False,,truth_safe_unverified
230719,sub-V198o_ses-230719_rec_probeA_lfp_cond_4.npy,.npy,179200128,LFP,None,"(35, 128, 5000)",False,,truth_safe_unverified
230719,sub-V198o_ses-230719_rec_probeA_lfp_cond_42.npy,.npy,87040128,LFP,None,"(17, 128, 5000)",False,,truth_safe_unverified
230719,sub-V198o_ses-230719_rec_probeA_lfp_cond_5.npy,.npy,158720128,LFP,None,"(31, 128, 5000)",False,,truth_safe_unverified
230719,sub-V198o_ses-230719_rec_probeA_lfp_cond_50.npy,.npy,87040128,LFP,None,"(17, 128, 5000)",False,,truth_safe_unverified
230719,sub-V198o_ses-230719_rec_probeA_lfp_cond_7.npy,.npy,1187840128,LFP,None,"(232, 128, 5000)",False,,truth_safe_unverified
230719,sub-V198o_ses-230719_rec_probeA_lfp_cond_8.npy,.npy,168960128,LFP,None,"(33, 128, 5000)",False,,truth_safe_unverified
230719,sub-V198o_ses-230719_rec_probeA_lfp_cond_9.npy,.npy,153600128,LFP,None,"(30, 128, 5000)",False,,truth_safe_unverified
230720,sub-V198o_ses-230720_rec_probeA_lfp_cond_10.npy,.npy,163840128,LFP,None,"(32, 128, 5000)",False,,truth_safe_unverified
230720,sub-V198o_ses-230720_rec_probeA_lfp_cond_2.npy,.npy,1228800128,LFP,None,"(240, 128, 5000)",False,,truth_safe_unverified
230720,sub-V198o_ses-230720_rec_probeA_lfp_cond_26.npy,.npy,711680128,LFP,None,"(139, 128, 5000)",False,,truth_safe_unverified
230720,sub-V198o_ses-230720_rec_probeA_lfp_cond_3.npy,.npy,153600128,LFP,None,"(30, 128, 5000)",False,,truth_safe_unverified
230720,sub-V198o_ses-230720_rec_probeA_lfp_cond_34.npy,.npy,184320128,LFP,None,"(36, 128, 5000)",False,,truth_safe_unverified
230720,sub-V198o_ses-230720_rec_probeA_lfp_cond_4.npy,.npy,153600128,LFP,None,"(30, 128, 5000)",False,,truth_safe_unverified
230720,sub-V198o_ses-230720_rec_probeA_lfp_cond_42.npy,.npy,194560128,LFP,None,"(38, 128, 5000)",False,,truth_safe_unverified
230720,sub-V198o_ses-230720_rec_probeA_lfp_cond_5.npy,.npy,153600128,LFP,None,"(30, 128, 5000)",False,,truth_safe_unverified
230720,sub-V198o_ses-230720_rec_probeA_lfp_cond_50.npy,.npy,194560128,LFP,None,"(38, 128, 5000)",False,,truth_safe_unverified
230720,sub-V198o_ses-230720_rec_probeA_lfp_cond_7.npy,.npy,1152000128,LFP,None,"(225, 128, 5000)",False,,truth_safe_unverified
230720,sub-V198o_ses-230720_rec_probeA_lfp_cond_8.npy,.npy,174080128,LFP,None,"(34, 128, 5000)",False,,truth_safe_unverified
230720,sub-V198o_ses-230720_rec_probeA_lfp_cond_9.npy,.npy,199680128,LFP,None,"(39, 128, 5000)",False,,truth_safe_unverified
230721,sub-V198o_ses-230721_rec_probeA_lfp_cond_10.npy,.npy,168960128,LFP,None,"(33, 128, 5000)",False,,truth_safe_unverified
230721,sub-V198o_ses-230721_rec_probeA_lfp_cond_2.npy,.npy,1218560128,LFP,None,"(238, 128, 5000)",False,,truth_safe_unverified
230721,sub-V198o_ses-230721_rec_probeA_lfp_cond_26.npy,.npy,716800128,LFP,None,"(140, 128, 5000)",False,,truth_safe_unverified
230721,sub-V198o_ses-230721_rec_probeA_lfp_cond_3.npy,.npy,138240128,LFP,None,"(27, 128, 5000)",False,,truth_safe_unverified
230721,sub-V198o_ses-230721_rec_probeA_lfp_cond_34.npy,.npy,317440128,LFP,None,"(62, 128, 5000)",False,,truth_safe_unverified
230721,sub-V198o_ses-230721_rec_probeA_lfp_cond_4.npy,.npy,163840128,LFP,None,"(32, 128, 5000)",False,,truth_safe_unverified
230721,sub-V198o_ses-230721_rec_probeA_lfp_cond_42.npy,.npy,122880128,LFP,None,"(24, 128, 5000)",False,,truth_safe_unverified
230721,sub-V198o_ses-230721_rec_probeA_lfp_cond_5.npy,.npy,168960128,LFP,None,"(33, 128, 5000)",False,,truth_safe_unverified
230721,sub-V198o_ses-230721_rec_probeA_lfp_cond_50.npy,.npy,122880128,LFP,None,"(24, 128, 5000)",False,,truth_safe_unverified
230721,sub-V198o_ses-230721_rec_probeA_lfp_cond_7.npy,.npy,1182720128,LFP,None,"(231, 128, 5000)",False,,truth_safe_unverified
230721,sub-V198o_ses-230721_rec_probeA_lfp_cond_8.npy,.npy,163840128,LFP,None,"(32, 128, 5000)",False,,truth_safe_unverified
230721,sub-V198o_ses-230721_rec_probeA_lfp_cond_9.npy,.npy,174080128,LFP,None,"(34, 128, 5000)",False,,truth_safe_unverified
