session_id,basename,extension,signal_class_inferred,condition_inferred,size_bytes,shape,ndim,dtype,expected_dims,shape_status,payload_read,semantic_status,warnings,truth_status
230629,lfp_by_area_ses-230629.h5,.h5,LFP,None,3019862,blocked_no_payload_read,,,"trial, channel, time",blocked,False,valid,None,truth_safe_unverified
230630,lfp_by_area_ses-230630.h5,.h5,LFP,None,4699657,blocked_no_payload_read,,,"trial, channel, time",blocked,False,valid,None,truth_safe_unverified
230714,lfp_by_area_ses-230714.h5,.h5,LFP,None,10739330,blocked_no_payload_read,,,"trial, channel, time",blocked,False,valid,None,truth_safe_unverified
230719,lfp_by_area_ses-230719.h5,.h5,LFP,None,17441715,blocked_no_payload_read,,,"trial, channel, time",blocked,False,valid,None,truth_safe_unverified
230720,lfp_by_area_ses-230720.h5,.h5,LFP,None,11632344,blocked_no_payload_read,,,"trial, channel, time",blocked,False,valid,None,truth_safe_unverified
230721,lfp_by_area_ses-230721.h5,.h5,LFP,None,11070796,blocked_no_payload_read,,,"trial, channel, time",blocked,False,valid,None,truth_safe_unverified
230816,lfp_by_area_ses-230816.h5,.h5,LFP,None,13490290,blocked_no_payload_read,,,"trial, channel, time",blocked,False,valid,None,truth_safe_unverified
230818,lfp_by_area_ses-230818.h5,.h5,LFP,None,16902651,blocked_no_payload_read,,,"trial, channel, time",blocked,False,valid,None,truth_safe_unverified
230823,lfp_by_area_ses-230823.h5,.h5,LFP,None,17068984,blocked_no_payload_read,,,"trial, channel, time",blocked,False,valid,None,truth_safe_unverified
230825,lfp_by_area_ses-230825.h5,.h5,LFP,None,16808101,blocked_no_payload_read,,,"trial, channel, time",blocked,False,valid,None,truth_safe_unverified
230830,lfp_by_area_ses-230830.h5,.h5,LFP,None,16189155,blocked_no_payload_read,,,"trial, channel, time",blocked,False,valid,None,truth_safe_unverified
230831,lfp_by_area_ses-230831.h5,.h5,LFP,None,16750701,blocked_no_payload_read,,,"trial, channel, time",blocked,False,valid,None,truth_safe_unverified
230901,lfp_by_area_ses-230901.h5,.h5,LFP,None,17108086,blocked_no_payload_read,,,"trial, channel, time",blocked,False,valid,None,truth_safe_unverified
230629,ses230629-probe0-lfp-AAAB.npy,.npy,LFP,AAAB,147456128,"(48, 128, 6000)",3,float32,"trial, channel, time",expected_rank3,False,valid,None,truth_safe_unverified
230629,ses230629-probe0-lfp-AAAX.npy,.npy,LFP,AAAX,3072128,"(1, 128, 6000)",3,float32,"trial, channel, time",expected_rank3,False,valid,None,truth_safe_unverified
230629,ses230629-probe0-lfp-AAXB.npy,.npy,LFP,AAXB,15360128,"(5, 128, 6000)",3,float32,"trial, channel, time",expected_rank3,False,valid,None,truth_safe_unverified
230629,ses230629-probe0-lfp-AXAB.npy,.npy,LFP,AXAB,18432128,"(6, 128, 6000)",3,float32,"trial, channel, time",expected_rank3,False,valid,None,truth_safe_unverified
230629,ses230629-probe0-lfp-BBBA.npy,.npy,LFP,BBBA,153600128,"(50, 128, 6000)",3,float32,"trial, channel, time",expected_rank3,False,valid,None,truth_safe_unverified
230629,ses230629-probe0-lfp-BBBX.npy,.npy,LFP,BBBX,6144128,"(2, 128, 6000)",3,float32,"trial, channel, time",expected_rank3,False,valid,None,truth_safe_unverified
230629,ses230629-probe0-lfp-BBXA.npy,.npy,LFP,BBXA,9216128,"(3, 128, 6000)",3,float32,"trial, channel, time",expected_rank3,False,valid,None,truth_safe_unverified
230629,ses230629-probe0-lfp-BXBA.npy,.npy,LFP,BXBA,15360128,"(5, 128, 6000)",3,float32,"trial, channel, time",expected_rank3,False,valid,None,truth_safe_unverified
230629,ses230629-probe0-lfp-RRRR.npy,.npy,LFP,RRRR,258048128,"(84, 128, 6000)",3,float32,"trial, channel, time",expected_rank3,False,valid,None,truth_safe_unverified
230629,ses230629-probe0-lfp-RRRX.npy,.npy,LFP,RRRX,18432128,"(6, 128, 6000)",3,float32,"trial, channel, time",expected_rank3,False,valid,None,truth_safe_unverified
230629,ses230629-probe0-lfp-RRXR.npy,.npy,LFP,RRXR,6144128,"(2, 128, 6000)",3,float32,"trial, channel, time",expected_rank3,False,valid,None,truth_safe_unverified
230629,ses230629-probe0-lfp-RXRR.npy,.npy,LFP,RXRR,24576128,"(8, 128, 6000)",3,float32,"trial, channel, time",expected_rank3,False,valid,None,truth_safe_unverified
230629,ses230629-probe1-lfp-AAAB.npy,.npy,LFP,AAAB,147456128,"(48, 128, 6000)",3,float32,"trial, channel, time",expected_rank3,False,valid,None,truth_safe_unverified
230629,ses230629-probe1-lfp-AAAX.npy,.npy,LFP,AAAX,3072128,"(1, 128, 6000)",3,float32,"trial, channel, time",expected_rank3,False,valid,None,truth_safe_unverified
230629,ses230629-probe1-lfp-AAXB.npy,.npy,LFP,AAXB,15360128,"(5, 128, 6000)",3,float32,"trial, channel, time",expected_rank3,False,valid,None,truth_safe_unverified
230629,ses230629-probe1-lfp-AXAB.npy,.npy,LFP,AXAB,18432128,"(6, 128, 6000)",3,float32,"trial, channel, time",expected_rank3,False,valid,None,truth_safe_unverified
230629,ses230629-probe1-lfp-BBBA.npy,.npy,LFP,BBBA,153600128,"(50, 128, 6000)",3,float32,"trial, channel, time",expected_rank3,False,valid,None,truth_safe_unverified
230629,ses230629-probe1-lfp-BBBX.npy,.npy,LFP,BBBX,6144128,"(2, 128, 6000)",3,float32,"trial, channel, time",expected_rank3,False,valid,None,truth_safe_unverified
230629,ses230629-probe1-lfp-BBXA.npy,.npy,LFP,BBXA,9216128,"(3, 128, 6000)",3,float32,"trial, channel, time",expected_rank3,False,valid,None,truth_safe_unverified
230629,ses230629-probe1-lfp-BXBA.npy,.npy,LFP,BXBA,15360128,"(5, 128, 6000)",3,float32,"trial, channel, time",expected_rank3,False,valid,None,truth_safe_unverified
230629,ses230629-probe1-lfp-RRRR.npy,.npy,LFP,RRRR,258048128,"(84, 128, 6000)",3,float32,"trial, channel, time",expected_rank3,False,valid,None,truth_safe_unverified
230629,ses230629-probe1-lfp-RRRX.npy,.npy,LFP,RRRX,18432128,"(6, 128, 6000)",3,float32,"trial, channel, time",expected_rank3,False,valid,None,truth_safe_unverified
230629,ses230629-probe1-lfp-RRXR.npy,.npy,LFP,RRXR,6144128,"(2, 128, 6000)",3,float32,"trial, channel, time",expected_rank3,False,valid,None,truth_safe_unverified
230629,ses230629-probe1-lfp-RXRR.npy,.npy,LFP,RXRR,24576128,"(8, 128, 6000)",3,float32,"trial, channel, time",expected_rank3,False,valid,None,truth_safe_unverified
230629,ses230629-units-probe0-spk-AAAB.npy,.npy,SPK,AAAB,101952128,"(48, 354, 6000)",3,uint8,"trial, unit, time",expected_rank3,False,valid,None,truth_safe_unverified
230629,ses230629-units-probe0-spk-AAAX.npy,.npy,SPK,AAAX,2124128,"(1, 354, 6000)",3,uint8,"trial, unit, time",expected_rank3,False,valid,None,truth_safe_unverified
230629,ses230629-units-probe0-spk-AAXB.npy,.npy,SPK,AAXB,10620128,"(5, 354, 6000)",3,uint8,"trial, unit, time",expected_rank3,False,valid,None,truth_safe_unverified
230629,ses230629-units-probe0-spk-AXAB.npy,.npy,SPK,AXAB,12744128,"(6, 354, 6000)",3,uint8,"trial, unit, time",expected_rank3,False,valid,None,truth_safe_unverified
230629,ses230629-units-probe0-spk-BBBA.npy,.npy,SPK,BBBA,106200128,"(50, 354, 6000)",3,uint8,"trial, unit, time",expected_rank3,False,valid,None,truth_safe_unverified
230629,ses230629-units-probe0-spk-BBBX.npy,.npy,SPK,BBBX,4248128,"(2, 354, 6000)",3,uint8,"trial, unit, time",expected_rank3,False,valid,None,truth_safe_unverified
230629,ses230629-units-probe0-spk-BBXA.npy,.npy,SPK,BBXA,6372128,"(3, 354, 6000)",3,uint8,"trial, unit, time",expected_rank3,False,valid,None,truth_safe_unverified
230629,ses230629-units-probe0-spk-BXBA.npy,.npy,SPK,BXBA,10620128,"(5, 354, 6000)",3,uint8,"trial, unit, time",expected_rank3,False,valid,None,truth_safe_unverified
230629,ses230629-units-probe0-spk-RRRR.npy,.npy,SPK,RRRR,178416128,"(84, 354, 6000)",3,uint8,"trial, unit, time",expected_rank3,False,valid,None,truth_safe_unverified
230629,ses230629-units-probe0-spk-RRRX.npy,.npy,SPK,RRRX,12744128,"(6, 354, 6000)",3,uint8,"trial, unit, time",expected_rank3,False,valid,None,truth_safe_unverified
230629,ses230629-units-probe0-spk-RRXR.npy,.npy,SPK,RRXR,4248128,"(2, 354, 6000)",3,uint8,"trial, unit, time",expected_rank3,False,valid,None,truth_safe_unverified
230629,ses230629-units-probe0-spk-RXRR.npy,.npy,SPK,RXRR,16992128,"(8, 354, 6000)",3,uint8,"trial, unit, time",expected_rank3,False,valid,None,truth_safe_unverified
230629,ses230629-units-probe1-spk-AAAB.npy,.npy,SPK,AAAB,31680128,"(48, 110, 6000)",3,uint8,"trial, unit, time",expected_rank3,False,valid,None,truth_safe_unverified
230629,ses230629-units-probe1-spk-AAAX.npy,.npy,SPK,AAAX,660128,"(1, 110, 6000)",3,uint8,"trial, unit, time",expected_rank3,False,valid,None,truth_safe_unverified
230629,ses230629-units-probe1-spk-AAXB.npy,.npy,SPK,AAXB,3300128,"(5, 110, 6000)",3,uint8,"trial, unit, time",expected_rank3,False,valid,None,truth_safe_unverified
230629,ses230629-units-probe1-spk-AXAB.npy,.npy,SPK,AXAB,3960128,"(6, 110, 6000)",3,uint8,"trial, unit, time",expected_rank3,False,valid,None,truth_safe_unverified
230629,ses230629-units-probe1-spk-BBBA.npy,.npy,SPK,BBBA,33000128,"(50, 110, 6000)",3,uint8,"trial, unit, time",expected_rank3,False,valid,None,truth_safe_unverified
230629,ses230629-units-probe1-spk-BBBX.npy,.npy,SPK,BBBX,1320128,"(2, 110, 6000)",3,uint8,"trial, unit, time",expected_rank3,False,valid,None,truth_safe_unverified
230629,ses230629-units-probe1-spk-BBXA.npy,.npy,SPK,BBXA,1980128,"(3, 110, 6000)",3,uint8,"trial, unit, time",expected_rank3,False,valid,None,truth_safe_unverified
230629,ses230629-units-probe1-spk-BXBA.npy,.npy,SPK,BXBA,3300128,"(5, 110, 6000)",3,uint8,"trial, unit, time",expected_rank3,False,valid,None,truth_safe_unverified
230629,ses230629-units-probe1-spk-RRRR.npy,.npy,SPK,RRRR,55440128,"(84, 110, 6000)",3,uint8,"trial, unit, time",expected_rank3,False,valid,None,truth_safe_unverified
230629,ses230629-units-probe1-spk-RRRX.npy,.npy,SPK,RRRX,3960128,"(6, 110, 6000)",3,uint8,"trial, unit, time",expected_rank3,False,valid,None,truth_safe_unverified
230629,ses230629-units-probe1-spk-RRXR.npy,.npy,SPK,RRXR,1320128,"(2, 110, 6000)",3,uint8,"trial, unit, time",expected_rank3,False,valid,None,truth_safe_unverified
230629,ses230629-units-probe1-spk-RXRR.npy,.npy,SPK,RXRR,5280128,"(8, 110, 6000)",3,uint8,"trial, unit, time",expected_rank3,False,valid,None,truth_safe_unverified
230630,ses230630-probe0-lfp-AAAB.npy,.npy,LFP,AAAB,135168128,"(44, 128, 6000)",3,float32,"trial, channel, time",expected_rank3,False,valid,None,truth_safe_unverified
230630,ses230630-probe0-lfp-AAAX.npy,.npy,LFP,AAAX,9216128,"(3, 128, 6000)",3,float32,"trial, channel, time",expected_rank3,False,valid,None,truth_safe_unverified
230630,ses230630-probe0-lfp-AAXB.npy,.npy,LFP,AAXB,18432128,"(6, 128, 6000)",3,float32,"trial, channel, time",expected_rank3,False,valid,None,truth_safe_unverified
230630,ses230630-probe0-lfp-AXAB.npy,.npy,LFP,AXAB,21504128,"(7, 128, 6000)",3,float32,"trial, channel, time",expected_rank3,False,valid,None,truth_safe_unverified
230630,ses230630-probe0-lfp-BBBA.npy,.npy,LFP,BBBA,119808128,"(39, 128, 6000)",3,float32,"trial, channel, time",expected_rank3,False,valid,None,truth_safe_unverified
230630,ses230630-probe0-lfp-BBBX.npy,.npy,LFP,BBBX,24576128,"(8, 128, 6000)",3,float32,"trial, channel, time",expected_rank3,False,valid,None,truth_safe_unverified
230630,ses230630-probe0-lfp-BBXA.npy,.npy,LFP,BBXA,21504128,"(7, 128, 6000)",3,float32,"trial, channel, time",expected_rank3,False,valid,None,truth_safe_unverified
230630,ses230630-probe0-lfp-BXBA.npy,.npy,LFP,BXBA,18432128,"(6, 128, 6000)",3,float32,"trial, channel, time",expected_rank3,False,valid,None,truth_safe_unverified
230630,ses230630-probe0-lfp-RRRR.npy,.npy,LFP,RRRR,251904128,"(82, 128, 6000)",3,float32,"trial, channel, time",expected_rank3,False,valid,None,truth_safe_unverified
230630,ses230630-probe0-lfp-RRRX.npy,.npy,LFP,RRRX,27648128,"(9, 128, 6000)",3,float32,"trial, channel, time",expected_rank3,False,valid,None,truth_safe_unverified
230630,ses230630-probe0-lfp-RRXR.npy,.npy,LFP,RRXR,6144128,"(2, 128, 6000)",3,float32,"trial, channel, time",expected_rank3,False,valid,None,truth_safe_unverified
230630,ses230630-probe0-lfp-RXRR.npy,.npy,LFP,RXRR,21504128,"(7, 128, 6000)",3,float32,"trial, channel, time",expected_rank3,False,valid,None,truth_safe_unverified
230630,ses230630-probe1-lfp-AAAB.npy,.npy,LFP,AAAB,135168128,"(44, 128, 6000)",3,float32,"trial, channel, time",expected_rank3,False,valid,None,truth_safe_unverified
230630,ses230630-probe1-lfp-AAAX.npy,.npy,LFP,AAAX,9216128,"(3, 128, 6000)",3,float32,"trial, channel, time",expected_rank3,False,valid,None,truth_safe_unverified
230630,ses230630-probe1-lfp-AAXB.npy,.npy,LFP,AAXB,18432128,"(6, 128, 6000)",3,float32,"trial, channel, time",expected_rank3,False,valid,None,truth_safe_unverified
230630,ses230630-probe1-lfp-AXAB.npy,.npy,LFP,AXAB,21504128,"(7, 128, 6000)",3,float32,"trial, channel, time",expected_rank3,False,valid,None,truth_safe_unverified
230630,ses230630-probe1-lfp-BBBA.npy,.npy,LFP,BBBA,119808128,"(39, 128, 6000)",3,float32,"trial, channel, time",expected_rank3,False,valid,None,truth_safe_unverified
230630,ses230630-probe1-lfp-BBBX.npy,.npy,LFP,BBBX,24576128,"(8, 128, 6000)",3,float32,"trial, channel, time",expected_rank3,False,valid,None,truth_safe_unverified
230630,ses230630-probe1-lfp-BBXA.npy,.npy,LFP,BBXA,21504128,"(7, 128, 6000)",3,float32,"trial, channel, time",expected_rank3,False,valid,None,truth_safe_unverified
230630,ses230630-probe1-lfp-BXBA.npy,.npy,LFP,BXBA,18432128,"(6, 128, 6000)",3,float32,"trial, channel, time",expected_rank3,False,valid,None,truth_safe_unverified
230630,ses230630-probe1-lfp-RRRR.npy,.npy,LFP,RRRR,251904128,"(82, 128, 6000)",3,float32,"trial, channel, time",expected_rank3,False,valid,None,truth_safe_unverified
230630,ses230630-probe1-lfp-RRRX.npy,.npy,LFP,RRRX,27648128,"(9, 128, 6000)",3,float32,"trial, channel, time",expected_rank3,False,valid,None,truth_safe_unverified
230630,ses230630-probe1-lfp-RRXR.npy,.npy,LFP,RRXR,6144128,"(2, 128, 6000)",3,float32,"trial, channel, time",expected_rank3,False,valid,None,truth_safe_unverified
230630,ses230630-probe1-lfp-RXRR.npy,.npy,LFP,RXRR,21504128,"(7, 128, 6000)",3,float32,"trial, channel, time",expected_rank3,False,valid,None,truth_safe_unverified
230630,ses230630-probe2-lfp-AAAB.npy,.npy,LFP,AAAB,135168128,"(44, 128, 6000)",3,float32,"trial, channel, time",expected_rank3,False,valid,None,truth_safe_unverified
230630,ses230630-probe2-lfp-AAAX.npy,.npy,LFP,AAAX,9216128,"(3, 128, 6000)",3,float32,"trial, channel, time",expected_rank3,False,valid,None,truth_safe_unverified
230630,ses230630-probe2-lfp-AAXB.npy,.npy,LFP,AAXB,18432128,"(6, 128, 6000)",3,float32,"trial, channel, time",expected_rank3,False,valid,None,truth_safe_unverified
230630,ses230630-probe2-lfp-AXAB.npy,.npy,LFP,AXAB,21504128,"(7, 128, 6000)",3,float32,"trial, channel, time",expected_rank3,False,valid,None,truth_safe_unverified
230630,ses230630-probe2-lfp-BBBA.npy,.npy,LFP,BBBA,119808128,"(39, 128, 6000)",3,float32,"trial, channel, time",expected_rank3,False,valid,None,truth_safe_unverified
230630,ses230630-probe2-lfp-BBBX.npy,.npy,LFP,BBBX,24576128,"(8, 128, 6000)",3,float32,"trial, channel, time",expected_rank3,False,valid,None,truth_safe_unverified
230630,ses230630-probe2-lfp-BBXA.npy,.npy,LFP,BBXA,21504128,"(7, 128, 6000)",3,float32,"trial, channel, time",expected_rank3,False,valid,None,truth_safe_unverified
230630,ses230630-probe2-lfp-BXBA.npy,.npy,LFP,BXBA,18432128,"(6, 128, 6000)",3,float32,"trial, channel, time",expected_rank3,False,valid,None,truth_safe_unverified
230630,ses230630-probe2-lfp-RRRR.npy,.npy,LFP,RRRR,251904128,"(82, 128, 6000)",3,float32,"trial, channel, time",expected_rank3,False,valid,None,truth_safe_unverified
230630,ses230630-probe2-lfp-RRRX.npy,.npy,LFP,RRRX,27648128,"(9, 128, 6000)",3,float32,"trial, channel, time",expected_rank3,False,valid,None,truth_safe_unverified
230630,ses230630-probe2-lfp-RRXR.npy,.npy,LFP,RRXR,6144128,"(2, 128, 6000)",3,float32,"trial, channel, time",expected_rank3,False,valid,None,truth_safe_unverified
230630,ses230630-probe2-lfp-RXRR.npy,.npy,LFP,RXRR,21504128,"(7, 128, 6000)",3,float32,"trial, channel, time",expected_rank3,False,valid,None,truth_safe_unverified
230630,ses230630-units-probe0-spk-AAAB.npy,.npy,SPK,AAAB,7656128,"(44, 29, 6000)",3,uint8,"trial, unit, time",expected_rank3,False,valid,None,truth_safe_unverified
230630,ses230630-units-probe0-spk-AAAX.npy,.npy,SPK,AAAX,522128,"(3, 29, 6000)",3,uint8,"trial, unit, time",expected_rank3,False,valid,None,truth_safe_unverified
230630,ses230630-units-probe0-spk-AAXB.npy,.npy,SPK,AAXB,1044128,"(6, 29, 6000)",3,uint8,"trial, unit, time",expected_rank3,False,valid,None,truth_safe_unverified
230630,ses230630-units-probe0-spk-AXAB.npy,.npy,SPK,AXAB,1218128,"(7, 29, 6000)",3,uint8,"trial, unit, time",expected_rank3,False,valid,None,truth_safe_unverified
230630,ses230630-units-probe0-spk-BBBA.npy,.npy,SPK,BBBA,6786128,"(39, 29, 6000)",3,uint8,"trial, unit, time",expected_rank3,False,valid,None,truth_safe_unverified
230630,ses230630-units-probe0-spk-BBBX.npy,.npy,SPK,BBBX,1392128,"(8, 29, 6000)",3,uint8,"trial, unit, time",expected_rank3,False,valid,None,truth_safe_unverified
230630,ses230630-units-probe0-spk-BBXA.npy,.npy,SPK,BBXA,1218128,"(7, 29, 6000)",3,uint8,"trial, unit, time",expected_rank3,False,valid,None,truth_safe_unverified
230630,ses230630-units-probe0-spk-BXBA.npy,.npy,SPK,BXBA,1044128,"(6, 29, 6000)",3,uint8,"trial, unit, time",expected_rank3,False,valid,None,truth_safe_unverified
230630,ses230630-units-probe0-spk-RRRR.npy,.npy,SPK,RRRR,14268128,"(82, 29, 6000)",3,uint8,"trial, unit, time",expected_rank3,False,valid,None,truth_safe_unverified
230630,ses230630-units-probe0-spk-RRRX.npy,.npy,SPK,RRRX,1566128,"(9, 29, 6000)",3,uint8,"trial, unit, time",expected_rank3,False,valid,None,truth_safe_unverified
230630,ses230630-units-probe0-spk-RRXR.npy,.npy,SPK,RRXR,348128,"(2, 29, 6000)",3,uint8,"trial, unit, time",expected_rank3,False,valid,None,truth_safe_unverified
230630,ses230630-units-probe0-spk-RXRR.npy,.npy,SPK,RXRR,1218128,"(7, 29, 6000)",3,uint8,"trial, unit, time",expected_rank3,False,valid,None,truth_safe_unverified
230630,ses230630-units-probe1-spk-AAAB.npy,.npy,SPK,AAAB,23232128,"(44, 88, 6000)",3,uint8,"trial, unit, time",expected_rank3,False,valid,None,truth_safe_unverified
230630,ses230630-units-probe1-spk-AAAX.npy,.npy,SPK,AAAX,1584128,"(3, 88, 6000)",3,uint8,"trial, unit, time",expected_rank3,False,valid,None,truth_safe_unverified
230630,ses230630-units-probe1-spk-AAXB.npy,.npy,SPK,AAXB,3168128,"(6, 88, 6000)",3,uint8,"trial, unit, time",expected_rank3,False,valid,None,truth_safe_unverified
230630,ses230630-units-probe1-spk-AXAB.npy,.npy,SPK,AXAB,3696128,"(7, 88, 6000)",3,uint8,"trial, unit, time",expected_rank3,False,valid,None,truth_safe_unverified
230630,ses230630-units-probe1-spk-BBBA.npy,.npy,SPK,BBBA,20592128,"(39, 88, 6000)",3,uint8,"trial, unit, time",expected_rank3,False,valid,None,truth_safe_unverified
230630,ses230630-units-probe1-spk-BBBX.npy,.npy,SPK,BBBX,4224128,"(8, 88, 6000)",3,uint8,"trial, unit, time",expected_rank3,False,valid,None,truth_safe_unverified
230630,ses230630-units-probe1-spk-BBXA.npy,.npy,SPK,BBXA,3696128,"(7, 88, 6000)",3,uint8,"trial, unit, time",expected_rank3,False,valid,None,truth_safe_unverified
230630,ses230630-units-probe1-spk-BXBA.npy,.npy,SPK,BXBA,3168128,"(6, 88, 6000)",3,uint8,"trial, unit, time",expected_rank3,False,valid,None,truth_safe_unverified
230630,ses230630-units-probe1-spk-RRRR.npy,.npy,SPK,RRRR,43296128,"(82, 88, 6000)",3,uint8,"trial, unit, time",expected_rank3,False,valid,None,truth_safe_unverified
230630,ses230630-units-probe1-spk-RRRX.npy,.npy,SPK,RRRX,4752128,"(9, 88, 6000)",3,uint8,"trial, unit, time",expected_rank3,False,valid,None,truth_safe_unverified
230630,ses230630-units-probe1-spk-RRXR.npy,.npy,SPK,RRXR,1056128,"(2, 88, 6000)",3,uint8,"trial, unit, time",expected_rank3,False,valid,None,truth_safe_unverified
230630,ses230630-units-probe1-spk-RXRR.npy,.npy,SPK,RXRR,3696128,"(7, 88, 6000)",3,uint8,"trial, unit, time",expected_rank3,False,valid,None,truth_safe_unverified
230630,ses230630-units-probe2-spk-AAAB.npy,.npy,SPK,AAAB,13200128,"(44, 50, 6000)",3,uint8,"trial, unit, time",expected_rank3,False,valid,None,truth_safe_unverified
230630,ses230630-units-probe2-spk-AAAX.npy,.npy,SPK,AAAX,900128,"(3, 50, 6000)",3,uint8,"trial, unit, time",expected_rank3,False,valid,None,truth_safe_unverified
230630,ses230630-units-probe2-spk-AAXB.npy,.npy,SPK,AAXB,1800128,"(6, 50, 6000)",3,uint8,"trial, unit, time",expected_rank3,False,valid,None,truth_safe_unverified
230630,ses230630-units-probe2-spk-AXAB.npy,.npy,SPK,AXAB,2100128,"(7, 50, 6000)",3,uint8,"trial, unit, time",expected_rank3,False,valid,None,truth_safe_unverified
230630,ses230630-units-probe2-spk-BBBA.npy,.npy,SPK,BBBA,11700128,"(39, 50, 6000)",3,uint8,"trial, unit, time",expected_rank3,False,valid,None,truth_safe_unverified
230630,ses230630-units-probe2-spk-BBBX.npy,.npy,SPK,BBBX,2400128,"(8, 50, 6000)",3,uint8,"trial, unit, time",expected_rank3,False,valid,None,truth_safe_unverified
230630,ses230630-units-probe2-spk-BBXA.npy,.npy,SPK,BBXA,2100128,"(7, 50, 6000)",3,uint8,"trial, unit, time",expected_rank3,False,valid,None,truth_safe_unverified
230630,ses230630-units-probe2-spk-BXBA.npy,.npy,SPK,BXBA,1800128,"(6, 50, 6000)",3,uint8,"trial, unit, time",expected_rank3,False,valid,None,truth_safe_unverified
230630,ses230630-units-probe2-spk-RRRR.npy,.npy,SPK,RRRR,24600128,"(82, 50, 6000)",3,uint8,"trial, unit, time",expected_rank3,False,valid,None,truth_safe_unverified
230630,ses230630-units-probe2-spk-RRRX.npy,.npy,SPK,RRRX,2700128,"(9, 50, 6000)",3,uint8,"trial, unit, time",expected_rank3,False,valid,None,truth_safe_unverified
230630,ses230630-units-probe2-spk-RRXR.npy,.npy,SPK,RRXR,600128,"(2, 50, 6000)",3,uint8,"trial, unit, time",expected_rank3,False,valid,None,truth_safe_unverified
230630,ses230630-units-probe2-spk-RXRR.npy,.npy,SPK,RXRR,2100128,"(7, 50, 6000)",3,uint8,"trial, unit, time",expected_rank3,False,valid,None,truth_safe_unverified
230714,ses230714-probe0-lfp-AAAB.npy,.npy,LFP,AAAB,678912128,"(221, 128, 6000)",3,float32,"trial, channel, time",expected_rank3,False,valid,None,truth_safe_unverified
230714,ses230714-probe0-lfp-AAAX.npy,.npy,LFP,AAAX,116736128,"(38, 128, 6000)",3,float32,"trial, channel, time",expected_rank3,False,valid,None,truth_safe_unverified
230714,ses230714-probe0-lfp-AAXB.npy,.npy,LFP,AAXB,101376128,"(33, 128, 6000)",3,float32,"trial, channel, time",expected_rank3,False,valid,None,truth_safe_unverified
230714,ses230714-probe0-lfp-AXAB.npy,.npy,LFP,AXAB,116736128,"(38, 128, 6000)",3,float32,"trial, channel, time",expected_rank3,False,valid,None,truth_safe_unverified
230714,ses230714-probe0-lfp-BBBA.npy,.npy,LFP,BBBA,734208128,"(239, 128, 6000)",3,float32,"trial, channel, time",expected_rank3,False,valid,None,truth_safe_unverified
230714,ses230714-probe0-lfp-BBBX.npy,.npy,LFP,BBBX,101376128,"(33, 128, 6000)",3,float32,"trial, channel, time",expected_rank3,False,valid,None,truth_safe_unverified
230714,ses230714-probe0-lfp-BBXA.npy,.npy,LFP,BBXA,107520128,"(35, 128, 6000)",3,float32,"trial, channel, time",expected_rank3,False,valid,None,truth_safe_unverified
230714,ses230714-probe0-lfp-BXBA.npy,.npy,LFP,BXBA,70656128,"(23, 128, 6000)",3,float32,"trial, channel, time",expected_rank3,False,valid,None,truth_safe_unverified
230714,ses230714-probe0-lfp-RRRR.npy,.npy,LFP,RRRR,476160128,"(155, 128, 6000)",3,float32,"trial, channel, time",expected_rank3,False,valid,None,truth_safe_unverified
230714,ses230714-probe0-lfp-RRRX.npy,.npy,LFP,RRRX,224256128,"(73, 128, 6000)",3,float32,"trial, channel, time",expected_rank3,False,valid,None,truth_safe_unverified
230714,ses230714-probe0-lfp-RRXR.npy,.npy,LFP,RRXR,86016128,"(28, 128, 6000)",3,float32,"trial, channel, time",expected_rank3,False,valid,None,truth_safe_unverified
230714,ses230714-probe0-lfp-RXRR.npy,.npy,LFP,RXRR,135168128,"(44, 128, 6000)",3,float32,"trial, channel, time",expected_rank3,False,valid,None,truth_safe_unverified
230714,ses230714-probe1-lfp-AAAB.npy,.npy,LFP,AAAB,678912128,"(221, 128, 6000)",3,float32,"trial, channel, time",expected_rank3,False,valid,None,truth_safe_unverified
230714,ses230714-probe1-lfp-AAAX.npy,.npy,LFP,AAAX,116736128,"(38, 128, 6000)",3,float32,"trial, channel, time",expected_rank3,False,valid,None,truth_safe_unverified
230714,ses230714-probe1-lfp-AAXB.npy,.npy,LFP,AAXB,101376128,"(33, 128, 6000)",3,float32,"trial, channel, time",expected_rank3,False,valid,None,truth_safe_unverified
230714,ses230714-probe1-lfp-AXAB.npy,.npy,LFP,AXAB,116736128,"(38, 128, 6000)",3,float32,"trial, channel, time",expected_rank3,False,valid,None,truth_safe_unverified
230714,ses230714-probe1-lfp-BBBA.npy,.npy,LFP,BBBA,734208128,"(239, 128, 6000)",3,float32,"trial, channel, time",expected_rank3,False,valid,None,truth_safe_unverified
230714,ses230714-probe1-lfp-BBBX.npy,.npy,LFP,BBBX,101376128,"(33, 128, 6000)",3,float32,"trial, channel, time",expected_rank3,False,valid,None,truth_safe_unverified
230714,ses230714-probe1-lfp-BBXA.npy,.npy,LFP,BBXA,107520128,"(35, 128, 6000)",3,float32,"trial, channel, time",expected_rank3,False,valid,None,truth_safe_unverified
230714,ses230714-probe1-lfp-BXBA.npy,.npy,LFP,BXBA,70656128,"(23, 128, 6000)",3,float32,"trial, channel, time",expected_rank3,False,valid,None,truth_safe_unverified
230714,ses230714-probe1-lfp-RRRR.npy,.npy,LFP,RRRR,476160128,"(155, 128, 6000)",3,float32,"trial, channel, time",expected_rank3,False,valid,None,truth_safe_unverified
230714,ses230714-probe1-lfp-RRRX.npy,.npy,LFP,RRRX,224256128,"(73, 128, 6000)",3,float32,"trial, channel, time",expected_rank3,False,valid,None,truth_safe_unverified
230714,ses230714-probe1-lfp-RRXR.npy,.npy,LFP,RRXR,86016128,"(28, 128, 6000)",3,float32,"trial, channel, time",expected_rank3,False,valid,None,truth_safe_unverified
230714,ses230714-probe1-lfp-RXRR.npy,.npy,LFP,RXRR,135168128,"(44, 128, 6000)",3,float32,"trial, channel, time",expected_rank3,False,valid,None,truth_safe_unverified
230714,ses230714-units-probe0-spk-AAAB.npy,.npy,SPK,AAAB,560898128,"(221, 423, 6000)",3,uint8,"trial, unit, time",expected_rank3,False,valid,None,truth_safe_unverified
230714,ses230714-units-probe0-spk-AAAX.npy,.npy,SPK,AAAX,96444128,"(38, 423, 6000)",3,uint8,"trial, unit, time",expected_rank3,False,valid,None,truth_safe_unverified
230714,ses230714-units-probe0-spk-AAXB.npy,.npy,SPK,AAXB,83754128,"(33, 423, 6000)",3,uint8,"trial, unit, time",expected_rank3,False,valid,None,truth_safe_unverified
230714,ses230714-units-probe0-spk-AXAB.npy,.npy,SPK,AXAB,96444128,"(38, 423, 6000)",3,uint8,"trial, unit, time",expected_rank3,False,valid,None,truth_safe_unverified
230714,ses230714-units-probe0-spk-BBBA.npy,.npy,SPK,BBBA,606582128,"(239, 423, 6000)",3,uint8,"trial, unit, time",expected_rank3,False,valid,None,truth_safe_unverified
230714,ses230714-units-probe0-spk-BBBX.npy,.npy,SPK,BBBX,83754128,"(33, 423, 6000)",3,uint8,"trial, unit, time",expected_rank3,False,valid,None,truth_safe_unverified
230714,ses230714-units-probe0-spk-BBXA.npy,.npy,SPK,BBXA,88830128,"(35, 423, 6000)",3,uint8,"trial, unit, time",expected_rank3,False,valid,None,truth_safe_unverified
230714,ses230714-units-probe0-spk-BXBA.npy,.npy,SPK,BXBA,58374128,"(23, 423, 6000)",3,uint8,"trial, unit, time",expected_rank3,False,valid,None,truth_safe_unverified
230714,ses230714-units-probe0-spk-RRRR.npy,.npy,SPK,RRRR,393390128,"(155, 423, 6000)",3,uint8,"trial, unit, time",expected_rank3,False,valid,None,truth_safe_unverified
230714,ses230714-units-probe0-spk-RRRX.npy,.npy,SPK,RRRX,185274128,"(73, 423, 6000)",3,uint8,"trial, unit, time",expected_rank3,False,valid,None,truth_safe_unverified
230714,ses230714-units-probe0-spk-RRXR.npy,.npy,SPK,RRXR,71064128,"(28, 423, 6000)",3,uint8,"trial, unit, time",expected_rank3,False,valid,None,truth_safe_unverified
230714,ses230714-units-probe0-spk-RXRR.npy,.npy,SPK,RXRR,111672128,"(44, 423, 6000)",3,uint8,"trial, unit, time",expected_rank3,False,valid,None,truth_safe_unverified
230714,ses230714-units-probe1-spk-AAAB.npy,.npy,SPK,AAAB,220116128,"(221, 166, 6000)",3,uint8,"trial, unit, time",expected_rank3,False,valid,None,truth_safe_unverified
230714,ses230714-units-probe1-spk-AAAX.npy,.npy,SPK,AAAX,37848128,"(38, 166, 6000)",3,uint8,"trial, unit, time",expected_rank3,False,valid,None,truth_safe_unverified
230714,ses230714-units-probe1-spk-AAXB.npy,.npy,SPK,AAXB,32868128,"(33, 166, 6000)",3,uint8,"trial, unit, time",expected_rank3,False,valid,None,truth_safe_unverified
230714,ses230714-units-probe1-spk-AXAB.npy,.npy,SPK,AXAB,37848128,"(38, 166, 6000)",3,uint8,"trial, unit, time",expected_rank3,False,valid,None,truth_safe_unverified
230714,ses230714-units-probe1-spk-BBBA.npy,.npy,SPK,BBBA,238044128,"(239, 166, 6000)",3,uint8,"trial, unit, time",expected_rank3,False,valid,None,truth_safe_unverified
230714,ses230714-units-probe1-spk-BBBX.npy,.npy,SPK,BBBX,32868128,"(33, 166, 6000)",3,uint8,"trial, unit, time",expected_rank3,False,valid,None,truth_safe_unverified
230714,ses230714-units-probe1-spk-BBXA.npy,.npy,SPK,BBXA,34860128,"(35, 166, 6000)",3,uint8,"trial, unit, time",expected_rank3,False,valid,None,truth_safe_unverified
230714,ses230714-units-probe1-spk-BXBA.npy,.npy,SPK,BXBA,22908128,"(23, 166, 6000)",3,uint8,"trial, unit, time",expected_rank3,False,valid,None,truth_safe_unverified
230714,ses230714-units-probe1-spk-RRRR.npy,.npy,SPK,RRRR,154380128,"(155, 166, 6000)",3,uint8,"trial, unit, time",expected_rank3,False,valid,None,truth_safe_unverified
230714,ses230714-units-probe1-spk-RRRX.npy,.npy,SPK,RRRX,72708128,"(73, 166, 6000)",3,uint8,"trial, unit, time",expected_rank3,False,valid,None,truth_safe_unverified
230714,ses230714-units-probe1-spk-RRXR.npy,.npy,SPK,RRXR,27888128,"(28, 166, 6000)",3,uint8,"trial, unit, time",expected_rank3,False,valid,None,truth_safe_unverified
230714,ses230714-units-probe1-spk-RXRR.npy,.npy,SPK,RXRR,43824128,"(44, 166, 6000)",3,uint8,"trial, unit, time",expected_rank3,False,valid,None,truth_safe_unverified
230719,ses230719-probe0-lfp-AAAB.npy,.npy,LFP,AAAB,731136128,"(238, 128, 6000)",3,float32,"trial, channel, time",expected_rank3,False,valid,None,truth_safe_unverified
230719,ses230719-probe0-lfp-AAAX.npy,.npy,LFP,AAAX,95232128,"(31, 128, 6000)",3,float32,"trial, channel, time",expected_rank3,False,valid,None,truth_safe_unverified
230719,ses230719-probe0-lfp-AAXB.npy,.npy,LFP,AAXB,107520128,"(35, 128, 6000)",3,float32,"trial, channel, time",expected_rank3,False,valid,None,truth_safe_unverified
230719,ses230719-probe0-lfp-AXAB.npy,.npy,LFP,AXAB,79872128,"(26, 128, 6000)",3,float32,"trial, channel, time",expected_rank3,False,valid,None,truth_safe_unverified
230719,ses230719-probe0-lfp-BBBA.npy,.npy,LFP,BBBA,712704128,"(232, 128, 6000)",3,float32,"trial, channel, time",expected_rank3,False,valid,None,truth_safe_unverified
230719,ses230719-probe0-lfp-BBBX.npy,.npy,LFP,BBBX,107520128,"(35, 128, 6000)",3,float32,"trial, channel, time",expected_rank3,False,valid,None,truth_safe_unverified
230719,ses230719-probe0-lfp-BBXA.npy,.npy,LFP,BBXA,92160128,"(30, 128, 6000)",3,float32,"trial, channel, time",expected_rank3,False,valid,None,truth_safe_unverified
230719,ses230719-probe0-lfp-BXBA.npy,.npy,LFP,BXBA,101376128,"(33, 128, 6000)",3,float32,"trial, channel, time",expected_rank3,False,valid,None,truth_safe_unverified
230719,ses230719-probe0-lfp-RRRR.npy,.npy,LFP,RRRR,417792128,"(136, 128, 6000)",3,float32,"trial, channel, time",expected_rank3,False,valid,None,truth_safe_unverified
230719,ses230719-probe0-lfp-RRRX.npy,.npy,LFP,RRRX,276480128,"(90, 128, 6000)",3,float32,"trial, channel, time",expected_rank3,False,valid,None,truth_safe_unverified
230719,ses230719-probe0-lfp-RRXR.npy,.npy,LFP,RRXR,52224128,"(17, 128, 6000)",3,float32,"trial, channel, time",expected_rank3,False,valid,None,truth_safe_unverified
230719,ses230719-probe0-lfp-RXRR.npy,.npy,LFP,RXRR,175104128,"(57, 128, 6000)",3,float32,"trial, channel, time",expected_rank3,False,valid,None,truth_safe_unverified
230719,ses230719-probe1-lfp-AAAB.npy,.npy,LFP,AAAB,731136128,"(238, 128, 6000)",3,float32,"trial, channel, time",expected_rank3,False,valid,None,truth_safe_unverified
230719,ses230719-probe1-lfp-AAAX.npy,.npy,LFP,AAAX,95232128,"(31, 128, 6000)",3,float32,"trial, channel, time",expected_rank3,False,valid,None,truth_safe_unverified
230719,ses230719-probe1-lfp-AAXB.npy,.npy,LFP,AAXB,107520128,"(35, 128, 6000)",3,float32,"trial, channel, time",expected_rank3,False,valid,None,truth_safe_unverified
230719,ses230719-probe1-lfp-AXAB.npy,.npy,LFP,AXAB,79872128,"(26, 128, 6000)",3,float32,"trial, channel, time",expected_rank3,False,valid,None,truth_safe_unverified
230719,ses230719-probe1-lfp-BBBA.npy,.npy,LFP,BBBA,712704128,"(232, 128, 6000)",3,float32,"trial, channel, time",expected_rank3,False,valid,None,truth_safe_unverified
230719,ses230719-probe1-lfp-BBBX.npy,.npy,LFP,BBBX,107520128,"(35, 128, 6000)",3,float32,"trial, channel, time",expected_rank3,False,valid,None,truth_safe_unverified
230719,ses230719-probe1-lfp-BBXA.npy,.npy,LFP,BBXA,92160128,"(30, 128, 6000)",3,float32,"trial, channel, time",expected_rank3,False,valid,None,truth_safe_unverified
230719,ses230719-probe1-lfp-BXBA.npy,.npy,LFP,BXBA,101376128,"(33, 128, 6000)",3,float32,"trial, channel, time",expected_rank3,False,valid,None,truth_safe_unverified
230719,ses230719-probe1-lfp-RRRR.npy,.npy,LFP,RRRR,417792128,"(136, 128, 6000)",3,float32,"trial, channel, time",expected_rank3,False,valid,None,truth_safe_unverified
230719,ses230719-probe1-lfp-RRRX.npy,.npy,LFP,RRRX,276480128,"(90, 128, 6000)",3,float32,"trial, channel, time",expected_rank3,False,valid,None,truth_safe_unverified
230719,ses230719-probe1-lfp-RRXR.npy,.npy,LFP,RRXR,52224128,"(17, 128, 6000)",3,float32,"trial, channel, time",expected_rank3,False,valid,None,truth_safe_unverified
230719,ses230719-probe1-lfp-RXRR.npy,.npy,LFP,RXRR,175104128,"(57, 128, 6000)",3,float32,"trial, channel, time",expected_rank3,False,valid,None,truth_safe_unverified
230719,ses230719-probe2-lfp-AAAB.npy,.npy,LFP,AAAB,731136128,"(238, 128, 6000)",3,float32,"trial, channel, time",expected_rank3,False,valid,None,truth_safe_unverified
230719,ses230719-probe2-lfp-AAAX.npy,.npy,LFP,AAAX,95232128,"(31, 128, 6000)",3,float32,"trial, channel, time",expected_rank3,False,valid,None,truth_safe_unverified
230719,ses230719-probe2-lfp-AAXB.npy,.npy,LFP,AAXB,107520128,"(35, 128, 6000)",3,float32,"trial, channel, time",expected_rank3,False,valid,None,truth_safe_unverified
230719,ses230719-probe2-lfp-AXAB.npy,.npy,LFP,AXAB,79872128,"(26, 128, 6000)",3,float32,"trial, channel, time",expected_rank3,False,valid,None,truth_safe_unverified
230719,ses230719-probe2-lfp-BBBA.npy,.npy,LFP,BBBA,712704128,"(232, 128, 6000)",3,float32,"trial, channel, time",expected_rank3,False,valid,None,truth_safe_unverified
230719,ses230719-probe2-lfp-BBBX.npy,.npy,LFP,BBBX,107520128,"(35, 128, 6000)",3,float32,"trial, channel, time",expected_rank3,False,valid,None,truth_safe_unverified
230719,ses230719-probe2-lfp-BBXA.npy,.npy,LFP,BBXA,92160128,"(30, 128, 6000)",3,float32,"trial, channel, time",expected_rank3,False,valid,None,truth_safe_unverified
230719,ses230719-probe2-lfp-BXBA.npy,.npy,LFP,BXBA,101376128,"(33, 128, 6000)",3,float32,"trial, channel, time",expected_rank3,False,valid,None,truth_safe_unverified
230719,ses230719-probe2-lfp-RRRR.npy,.npy,LFP,RRRR,417792128,"(136, 128, 6000)",3,float32,"trial, channel, time",expected_rank3,False,valid,None,truth_safe_unverified
230719,ses230719-probe2-lfp-RRRX.npy,.npy,LFP,RRRX,276480128,"(90, 128, 6000)",3,float32,"trial, channel, time",expected_rank3,False,valid,None,truth_safe_unverified
230719,ses230719-probe2-lfp-RRXR.npy,.npy,LFP,RRXR,52224128,"(17, 128, 6000)",3,float32,"trial, channel, time",expected_rank3,False,valid,None,truth_safe_unverified
230719,ses230719-probe2-lfp-RXRR.npy,.npy,LFP,RXRR,175104128,"(57, 128, 6000)",3,float32,"trial, channel, time",expected_rank3,False,valid,None,truth_safe_unverified
230719,ses230719-units-probe0-spk-AAAB.npy,.npy,SPK,AAAB,411264128,"(238, 288, 6000)",3,uint8,"trial, unit, time",expected_rank3,False,valid,None,truth_safe_unverified
230719,ses230719-units-probe0-spk-AAAX.npy,.npy,SPK,AAAX,53568128,"(31, 288, 6000)",3,uint8,"trial, unit, time",expected_rank3,False,valid,None,truth_safe_unverified
230719,ses230719-units-probe0-spk-AAXB.npy,.npy,SPK,AAXB,60480128,"(35, 288, 6000)",3,uint8,"trial, unit, time",expected_rank3,False,valid,None,truth_safe_unverified
230719,ses230719-units-probe0-spk-AXAB.npy,.npy,SPK,AXAB,44928128,"(26, 288, 6000)",3,uint8,"trial, unit, time",expected_rank3,False,valid,None,truth_safe_unverified
230719,ses230719-units-probe0-spk-BBBA.npy,.npy,SPK,BBBA,400896128,"(232, 288, 6000)",3,uint8,"trial, unit, time",expected_rank3,False,valid,None,truth_safe_unverified
230719,ses230719-units-probe0-spk-BBBX.npy,.npy,SPK,BBBX,60480128,"(35, 288, 6000)",3,uint8,"trial, unit, time",expected_rank3,False,valid,None,truth_safe_unverified
230719,ses230719-units-probe0-spk-BBXA.npy,.npy,SPK,BBXA,51840128,"(30, 288, 6000)",3,uint8,"trial, unit, time",expected_rank3,False,valid,None,truth_safe_unverified
230719,ses230719-units-probe0-spk-BXBA.npy,.npy,SPK,BXBA,57024128,"(33, 288, 6000)",3,uint8,"trial, unit, time",expected_rank3,False,valid,None,truth_safe_unverified
230719,ses230719-units-probe0-spk-RRRR.npy,.npy,SPK,RRRR,235008128,"(136, 288, 6000)",3,uint8,"trial, unit, time",expected_rank3,False,valid,None,truth_safe_unverified
230719,ses230719-units-probe0-spk-RRRX.npy,.npy,SPK,RRRX,155520128,"(90, 288, 6000)",3,uint8,"trial, unit, time",expected_rank3,False,valid,None,truth_safe_unverified
230719,ses230719-units-probe0-spk-RRXR.npy,.npy,SPK,RRXR,29376128,"(17, 288, 6000)",3,uint8,"trial, unit, time",expected_rank3,False,valid,None,truth_safe_unverified
230719,ses230719-units-probe0-spk-RXRR.npy,.npy,SPK,RXRR,98496128,"(57, 288, 6000)",3,uint8,"trial, unit, time",expected_rank3,False,valid,None,truth_safe_unverified
230719,ses230719-units-probe2-spk-AAAB.npy,.npy,SPK,AAAB,181356128,"(238, 127, 6000)",3,uint8,"trial, unit, time",expected_rank3,False,valid,None,truth_safe_unverified
230719,ses230719-units-probe2-spk-AAAX.npy,.npy,SPK,AAAX,23622128,"(31, 127, 6000)",3,uint8,"trial, unit, time",expected_rank3,False,valid,None,truth_safe_unverified
230719,ses230719-units-probe2-spk-AAXB.npy,.npy,SPK,AAXB,26670128,"(35, 127, 6000)",3,uint8,"trial, unit, time",expected_rank3,False,valid,None,truth_safe_unverified
230719,ses230719-units-probe2-spk-AXAB.npy,.npy,SPK,AXAB,19812128,"(26, 127, 6000)",3,uint8,"trial, unit, time",expected_rank3,False,valid,None,truth_safe_unverified
230719,ses230719-units-probe2-spk-BBBA.npy,.npy,SPK,BBBA,176784128,"(232, 127, 6000)",3,uint8,"trial, unit, time",expected_rank3,False,valid,None,truth_safe_unverified
230719,ses230719-units-probe2-spk-BBBX.npy,.npy,SPK,BBBX,26670128,"(35, 127, 6000)",3,uint8,"trial, unit, time",expected_rank3,False,valid,None,truth_safe_unverified
230719,ses230719-units-probe2-spk-BBXA.npy,.npy,SPK,BBXA,22860128,"(30, 127, 6000)",3,uint8,"trial, unit, time",expected_rank3,False,valid,None,truth_safe_unverified
230719,ses230719-units-probe2-spk-BXBA.npy,.npy,SPK,BXBA,25146128,"(33, 127, 6000)",3,uint8,"trial, unit, time",expected_rank3,False,valid,None,truth_safe_unverified
230719,ses230719-units-probe2-spk-RRRR.npy,.npy,SPK,RRRR,103632128,"(136, 127, 6000)",3,uint8,"trial, unit, time",expected_rank3,False,valid,None,truth_safe_unverified
230719,ses230719-units-probe2-spk-RRRX.npy,.npy,SPK,RRRX,68580128,"(90, 127, 6000)",3,uint8,"trial, unit, time",expected_rank3,False,valid,None,truth_safe_unverified
230719,ses230719-units-probe2-spk-RRXR.npy,.npy,SPK,RRXR,12954128,"(17, 127, 6000)",3,uint8,"trial, unit, time",expected_rank3,False,valid,None,truth_safe_unverified
230719,ses230719-units-probe2-spk-RXRR.npy,.npy,SPK,RXRR,43434128,"(57, 127, 6000)",3,uint8,"trial, unit, time",expected_rank3,False,valid,None,truth_safe_unverified
230720,ses230720-probe0-lfp-AAAB.npy,.npy,LFP,AAAB,737280128,"(240, 128, 6000)",3,float32,"trial, channel, time",expected_rank3,False,valid,None,truth_safe_unverified
230720,ses230720-probe0-lfp-AAAX.npy,.npy,LFP,AAAX,92160128,"(30, 128, 6000)",3,float32,"trial, channel, time",expected_rank3,False,valid,None,truth_safe_unverified
230720,ses230720-probe0-lfp-AAXB.npy,.npy,LFP,AAXB,92160128,"(30, 128, 6000)",3,float32,"trial, channel, time",expected_rank3,False,valid,None,truth_safe_unverified
230720,ses230720-probe0-lfp-AXAB.npy,.npy,LFP,AXAB,92160128,"(30, 128, 6000)",3,float32,"trial, channel, time",expected_rank3,False,valid,None,truth_safe_unverified
230720,ses230720-probe0-lfp-BBBA.npy,.npy,LFP,BBBA,691200128,"(225, 128, 6000)",3,float32,"trial, channel, time",expected_rank3,False,valid,None,truth_safe_unverified
230720,ses230720-probe0-lfp-BBBX.npy,.npy,LFP,BBBX,98304128,"(32, 128, 6000)",3,float32,"trial, channel, time",expected_rank3,False,valid,None,truth_safe_unverified
230720,ses230720-probe0-lfp-BBXA.npy,.npy,LFP,BBXA,119808128,"(39, 128, 6000)",3,float32,"trial, channel, time",expected_rank3,False,valid,None,truth_safe_unverified
230720,ses230720-probe0-lfp-BXBA.npy,.npy,LFP,BXBA,104448128,"(34, 128, 6000)",3,float32,"trial, channel, time",expected_rank3,False,valid,None,truth_safe_unverified
230720,ses230720-probe0-lfp-RRRR.npy,.npy,LFP,RRRR,427008128,"(139, 128, 6000)",3,float32,"trial, channel, time",expected_rank3,False,valid,None,truth_safe_unverified
230720,ses230720-probe0-lfp-RRRX.npy,.npy,LFP,RRRX,267264128,"(87, 128, 6000)",3,float32,"trial, channel, time",expected_rank3,False,valid,None,truth_safe_unverified
230720,ses230720-probe0-lfp-RRXR.npy,.npy,LFP,RRXR,116736128,"(38, 128, 6000)",3,float32,"trial, channel, time",expected_rank3,False,valid,None,truth_safe_unverified
230720,ses230720-probe0-lfp-RXRR.npy,.npy,LFP,RXRR,110592128,"(36, 128, 6000)",3,float32,"trial, channel, time",expected_rank3,False,valid,None,truth_safe_unverified
230720,ses230720-probe1-lfp-AAAB.npy,.npy,LFP,AAAB,737280128,"(240, 128, 6000)",3,float32,"trial, channel, time",expected_rank3,False,valid,None,truth_safe_unverified
230720,ses230720-probe1-lfp-AAAX.npy,.npy,LFP,AAAX,92160128,"(30, 128, 6000)",3,float32,"trial, channel, time",expected_rank3,False,valid,None,truth_safe_unverified
230720,ses230720-probe1-lfp-AAXB.npy,.npy,LFP,AAXB,92160128,"(30, 128, 6000)",3,float32,"trial, channel, time",expected_rank3,False,valid,None,truth_safe_unverified
230720,ses230720-probe1-lfp-AXAB.npy,.npy,LFP,AXAB,92160128,"(30, 128, 6000)",3,float32,"trial, channel, time",expected_rank3,False,valid,None,truth_safe_unverified
230720,ses230720-probe1-lfp-BBBA.npy,.npy,LFP,BBBA,691200128,"(225, 128, 6000)",3,float32,"trial, channel, time",expected_rank3,False,valid,None,truth_safe_unverified
230720,ses230720-probe1-lfp-BBBX.npy,.npy,LFP,BBBX,98304128,"(32, 128, 6000)",3,float32,"trial, channel, time",expected_rank3,False,valid,None,truth_safe_unverified
230720,ses230720-probe1-lfp-BBXA.npy,.npy,LFP,BBXA,119808128,"(39, 128, 6000)",3,float32,"trial, channel, time",expected_rank3,False,valid,None,truth_safe_unverified
230720,ses230720-probe1-lfp-BXBA.npy,.npy,LFP,BXBA,104448128,"(34, 128, 6000)",3,float32,"trial, channel, time",expected_rank3,False,valid,None,truth_safe_unverified
230720,ses230720-probe1-lfp-RRRR.npy,.npy,LFP,RRRR,427008128,"(139, 128, 6000)",3,float32,"trial, channel, time",expected_rank3,False,valid,None,truth_safe_unverified
230720,ses230720-probe1-lfp-RRRX.npy,.npy,LFP,RRRX,267264128,"(87, 128, 6000)",3,float32,"trial, channel, time",expected_rank3,False,valid,None,truth_safe_unverified
230720,ses230720-probe1-lfp-RRXR.npy,.npy,LFP,RRXR,116736128,"(38, 128, 6000)",3,float32,"trial, channel, time",expected_rank3,False,valid,None,truth_safe_unverified
230720,ses230720-probe1-lfp-RXRR.npy,.npy,LFP,RXRR,110592128,"(36, 128, 6000)",3,float32,"trial, channel, time",expected_rank3,False,valid,None,truth_safe_unverified
230720,ses230720-units-probe0-spk-AAAB.npy,.npy,SPK,AAAB,260640128,"(240, 181, 6000)",3,uint8,"trial, unit, time",expected_rank3,False,valid,None,truth_safe_unverified
230720,ses230720-units-probe0-spk-AAAX.npy,.npy,SPK,AAAX,32580128,"(30, 181, 6000)",3,uint8,"trial, unit, time",expected_rank3,False,valid,None,truth_safe_unverified
230720,ses230720-units-probe0-spk-AAXB.npy,.npy,SPK,AAXB,32580128,"(30, 181, 6000)",3,uint8,"trial, unit, time",expected_rank3,False,valid,None,truth_safe_unverified
230720,ses230720-units-probe0-spk-AXAB.npy,.npy,SPK,AXAB,32580128,"(30, 181, 6000)",3,uint8,"trial, unit, time",expected_rank3,False,valid,None,truth_safe_unverified
230720,ses230720-units-probe0-spk-BBBA.npy,.npy,SPK,BBBA,244350128,"(225, 181, 6000)",3,uint8,"trial, unit, time",expected_rank3,False,valid,None,truth_safe_unverified
230720,ses230720-units-probe0-spk-BBBX.npy,.npy,SPK,BBBX,34752128,"(32, 181, 6000)",3,uint8,"trial, unit, time",expected_rank3,False,valid,None,truth_safe_unverified
230720,ses230720-units-probe0-spk-BBXA.npy,.npy,SPK,BBXA,42354128,"(39, 181, 6000)",3,uint8,"trial, unit, time",expected_rank3,False,valid,None,truth_safe_unverified
230720,ses230720-units-probe0-spk-BXBA.npy,.npy,SPK,BXBA,36924128,"(34, 181, 6000)",3,uint8,"trial, unit, time",expected_rank3,False,valid,None,truth_safe_unverified
230720,ses230720-units-probe0-spk-RRRR.npy,.npy,SPK,RRRR,150954128,"(139, 181, 6000)",3,uint8,"trial, unit, time",expected_rank3,False,valid,None,truth_safe_unverified
230720,ses230720-units-probe0-spk-RRRX.npy,.npy,SPK,RRRX,94482128,"(87, 181, 6000)",3,uint8,"trial, unit, time",expected_rank3,False,valid,None,truth_safe_unverified
230720,ses230720-units-probe0-spk-RRXR.npy,.npy,SPK,RRXR,41268128,"(38, 181, 6000)",3,uint8,"trial, unit, time",expected_rank3,False,valid,None,truth_safe_unverified
230720,ses230720-units-probe0-spk-RXRR.npy,.npy,SPK,RXRR,39096128,"(36, 181, 6000)",3,uint8,"trial, unit, time",expected_rank3,False,valid,None,truth_safe_unverified
230720,ses230720-units-probe1-spk-AAAB.npy,.npy,SPK,AAAB,195840128,"(240, 136, 6000)",3,uint8,"trial, unit, time",expected_rank3,False,valid,None,truth_safe_unverified
230720,ses230720-units-probe1-spk-AAAX.npy,.npy,SPK,AAAX,24480128,"(30, 136, 6000)",3,uint8,"trial, unit, time",expected_rank3,False,valid,None,truth_safe_unverified
230720,ses230720-units-probe1-spk-AAXB.npy,.npy,SPK,AAXB,24480128,"(30, 136, 6000)",3,uint8,"trial, unit, time",expected_rank3,False,valid,None,truth_safe_unverified
230720,ses230720-units-probe1-spk-AXAB.npy,.npy,SPK,AXAB,24480128,"(30, 136, 6000)",3,uint8,"trial, unit, time",expected_rank3,False,valid,None,truth_safe_unverified
230720,ses230720-units-probe1-spk-BBBA.npy,.npy,SPK,BBBA,183600128,"(225, 136, 6000)",3,uint8,"trial, unit, time",expected_rank3,False,valid,None,truth_safe_unverified
230720,ses230720-units-probe1-spk-BBBX.npy,.npy,SPK,BBBX,26112128,"(32, 136, 6000)",3,uint8,"trial, unit, time",expected_rank3,False,valid,None,truth_safe_unverified
230720,ses230720-units-probe1-spk-BBXA.npy,.npy,SPK,BBXA,31824128,"(39, 136, 6000)",3,uint8,"trial, unit, time",expected_rank3,False,valid,None,truth_safe_unverified
230720,ses230720-units-probe1-spk-BXBA.npy,.npy,SPK,BXBA,27744128,"(34, 136, 6000)",3,uint8,"trial, unit, time",expected_rank3,False,valid,None,truth_safe_unverified
230720,ses230720-units-probe1-spk-RRRR.npy,.npy,SPK,RRRR,113424128,"(139, 136, 6000)",3,uint8,"trial, unit, time",expected_rank3,False,valid,None,truth_safe_unverified
230720,ses230720-units-probe1-spk-RRRX.npy,.npy,SPK,RRRX,70992128,"(87, 136, 6000)",3,uint8,"trial, unit, time",expected_rank3,False,valid,None,truth_safe_unverified
230720,ses230720-units-probe1-spk-RRXR.npy,.npy,SPK,RRXR,31008128,"(38, 136, 6000)",3,uint8,"trial, unit, time",expected_rank3,False,valid,None,truth_safe_unverified
230720,ses230720-units-probe1-spk-RXRR.npy,.npy,SPK,RXRR,29376128,"(36, 136, 6000)",3,uint8,"trial, unit, time",expected_rank3,False,valid,None,truth_safe_unverified
230721,ses230721-probe0-lfp-AAAB.npy,.npy,LFP,AAAB,731136128,"(238, 128, 6000)",3,float32,"trial, channel, time",expected_rank3,False,valid,None,truth_safe_unverified
230721,ses230721-probe0-lfp-AAAX.npy,.npy,LFP,AAAX,101376128,"(33, 128, 6000)",3,float32,"trial, channel, time",expected_rank3,False,valid,None,truth_safe_unverified
230721,ses230721-probe0-lfp-AAXB.npy,.npy,LFP,AAXB,98304128,"(32, 128, 6000)",3,float32,"trial, channel, time",expected_rank3,False,valid,None,truth_safe_unverified
230721,ses230721-probe0-lfp-AXAB.npy,.npy,LFP,AXAB,82944128,"(27, 128, 6000)",3,float32,"trial, channel, time",expected_rank3,False,valid,None,truth_safe_unverified
230721,ses230721-probe0-lfp-BBBA.npy,.npy,LFP,BBBA,709632128,"(231, 128, 6000)",3,float32,"trial, channel, time",expected_rank3,False,valid,None,truth_safe_unverified
230721,ses230721-probe0-lfp-BBBX.npy,.npy,LFP,BBBX,101376128,"(33, 128, 6000)",3,float32,"trial, channel, time",expected_rank3,False,valid,None,truth_safe_unverified
230721,ses230721-probe0-lfp-BBXA.npy,.npy,LFP,BBXA,104448128,"(34, 128, 6000)",3,float32,"trial, channel, time",expected_rank3,False,valid,None,truth_safe_unverified
230721,ses230721-probe0-lfp-BXBA.npy,.npy,LFP,BXBA,98304128,"(32, 128, 6000)",3,float32,"trial, channel, time",expected_rank3,False,valid,None,truth_safe_unverified
230721,ses230721-probe0-lfp-RRRR.npy,.npy,LFP,RRRR,430080128,"(140, 128, 6000)",3,float32,"trial, channel, time",expected_rank3,False,valid,None,truth_safe_unverified
230721,ses230721-probe0-lfp-RRRX.npy,.npy,LFP,RRRX,227328128,"(74, 128, 6000)",3,float32,"trial, channel, time",expected_rank3,False,valid,None,truth_safe_unverified
230721,ses230721-probe0-lfp-RRXR.npy,.npy,LFP,RRXR,73728128,"(24, 128, 6000)",3,float32,"trial, channel, time",expected_rank3,False,valid,None,truth_safe_unverified
230721,ses230721-probe0-lfp-RXRR.npy,.npy,LFP,RXRR,190464128,"(62, 128, 6000)",3,float32,"trial, channel, time",expected_rank3,False,valid,None,truth_safe_unverified
230721,ses230721-probe1-lfp-AAAB.npy,.npy,LFP,AAAB,731136128,"(238, 128, 6000)",3,float32,"trial, channel, time",expected_rank3,False,valid,None,truth_safe_unverified
230721,ses230721-probe1-lfp-AAAX.npy,.npy,LFP,AAAX,101376128,"(33, 128, 6000)",3,float32,"trial, channel, time",expected_rank3,False,valid,None,truth_safe_unverified
230721,ses230721-probe1-lfp-AAXB.npy,.npy,LFP,AAXB,98304128,"(32, 128, 6000)",3,float32,"trial, channel, time",expected_rank3,False,valid,None,truth_safe_unverified
230721,ses230721-probe1-lfp-AXAB.npy,.npy,LFP,AXAB,82944128,"(27, 128, 6000)",3,float32,"trial, channel, time",expected_rank3,False,valid,None,truth_safe_unverified
230721,ses230721-probe1-lfp-BBBA.npy,.npy,LFP,BBBA,709632128,"(231, 128, 6000)",3,float32,"trial, channel, time",expected_rank3,False,valid,None,truth_safe_unverified
230721,ses230721-probe1-lfp-BBBX.npy,.npy,LFP,BBBX,101376128,"(33, 128, 6000)",3,float32,"trial, channel, time",expected_rank3,False,valid,None,truth_safe_unverified
230721,ses230721-probe1-lfp-BBXA.npy,.npy,LFP,BBXA,104448128,"(34, 128, 6000)",3,float32,"trial, channel, time",expected_rank3,False,valid,None,truth_safe_unverified
230721,ses230721-probe1-lfp-BXBA.npy,.npy,LFP,BXBA,98304128,"(32, 128, 6000)",3,float32,"trial, channel, time",expected_rank3,False,valid,None,truth_safe_unverified
230721,ses230721-probe1-lfp-RRRR.npy,.npy,LFP,RRRR,430080128,"(140, 128, 6000)",3,float32,"trial, channel, time",expected_rank3,False,valid,None,truth_safe_unverified
230721,ses230721-probe1-lfp-RRRX.npy,.npy,LFP,RRRX,227328128,"(74, 128, 6000)",3,float32,"trial, channel, time",expected_rank3,False,valid,None,truth_safe_unverified
230721,ses230721-probe1-lfp-RRXR.npy,.npy,LFP,RRXR,73728128,"(24, 128, 6000)",3,float32,"trial, channel, time",expected_rank3,False,valid,None,truth_safe_unverified
230721,ses230721-probe1-lfp-RXRR.npy,.npy,LFP,RXRR,190464128,"(62, 128, 6000)",3,float32,"trial, channel, time",expected_rank3,False,valid,None,truth_safe_unverified
230721,ses230721-units-probe0-spk-AAAB.npy,.npy,SPK,AAAB,81396128,"(238, 57, 6000)",3,uint8,"trial, unit, time",expected_rank3,False,valid,None,truth_safe_unverified
230721,ses230721-units-probe0-spk-AAAX.npy,.npy,SPK,AAAX,11286128,"(33, 57, 6000)",3,uint8,"trial, unit, time",expected_rank3,False,valid,None,truth_safe_unverified
230721,ses230721-units-probe0-spk-AAXB.npy,.npy,SPK,AAXB,10944128,"(32, 57, 6000)",3,uint8,"trial, unit, time",expected_rank3,False,valid,None,truth_safe_unverified
230721,ses230721-units-probe0-spk-AXAB.npy,.npy,SPK,AXAB,9234128,"(27, 57, 6000)",3,uint8,"trial, unit, time",expected_rank3,False,valid,None,truth_safe_unverified
230721,ses230721-units-probe0-spk-BBBA.npy,.npy,SPK,BBBA,79002128,"(231, 57, 6000)",3,uint8,"trial, unit, time",expected_rank3,False,valid,None,truth_safe_unverified
230721,ses230721-units-probe0-spk-BBBX.npy,.npy,SPK,BBBX,11286128,"(33, 57, 6000)",3,uint8,"trial, unit, time",expected_rank3,False,valid,None,truth_safe_unverified
230721,ses230721-units-probe0-spk-BBXA.npy,.npy,SPK,BBXA,11628128,"(34, 57, 6000)",3,uint8,"trial, unit, time",expected_rank3,False,valid,None,truth_safe_unverified
230721,ses230721-units-probe0-spk-BXBA.npy,.npy,SPK,BXBA,10944128,"(32, 57, 6000)",3,uint8,"trial, unit, time",expected_rank3,False,valid,None,truth_safe_unverified
230721,ses230721-units-probe0-spk-RRRR.npy,.npy,SPK,RRRR,47880128,"(140, 57, 6000)",3,uint8,"trial, unit, time",expected_rank3,False,valid,None,truth_safe_unverified
230721,ses230721-units-probe0-spk-RRRX.npy,.npy,SPK,RRRX,25308128,"(74, 57, 6000)",3,uint8,"trial, unit, time",expected_rank3,False,valid,None,truth_safe_unverified
230721,ses230721-units-probe0-spk-RRXR.npy,.npy,SPK,RRXR,8208128,"(24, 57, 6000)",3,uint8,"trial, unit, time",expected_rank3,False,valid,None,truth_safe_unverified
230721,ses230721-units-probe0-spk-RXRR.npy,.npy,SPK,RXRR,21204128,"(62, 57, 6000)",3,uint8,"trial, unit, time",expected_rank3,False,valid,None,truth_safe_unverified
230721,ses230721-units-probe1-spk-AAAB.npy,.npy,SPK,AAAB,314160128,"(238, 220, 6000)",3,uint8,"trial, unit, time",expected_rank3,False,valid,None,truth_safe_unverified
230721,ses230721-units-probe1-spk-AAAX.npy,.npy,SPK,AAAX,43560128,"(33, 220, 6000)",3,uint8,"trial, unit, time",expected_rank3,False,valid,None,truth_safe_unverified
230721,ses230721-units-probe1-spk-AAXB.npy,.npy,SPK,AAXB,42240128,"(32, 220, 6000)",3,uint8,"trial, unit, time",expected_rank3,False,valid,None,truth_safe_unverified
230721,ses230721-units-probe1-spk-AXAB.npy,.npy,SPK,AXAB,35640128,"(27, 220, 6000)",3,uint8,"trial, unit, time",expected_rank3,False,valid,None,truth_safe_unverified
230721,ses230721-units-probe1-spk-BBBA.npy,.npy,SPK,BBBA,304920128,"(231, 220, 6000)",3,uint8,"trial, unit, time",expected_rank3,False,valid,None,truth_safe_unverified
230721,ses230721-units-probe1-spk-BBBX.npy,.npy,SPK,BBBX,43560128,"(33, 220, 6000)",3,uint8,"trial, unit, time",expected_rank3,False,valid,None,truth_safe_unverified
230721,ses230721-units-probe1-spk-BBXA.npy,.npy,SPK,BBXA,44880128,"(34, 220, 6000)",3,uint8,"trial, unit, time",expected_rank3,False,valid,None,truth_safe_unverified
230721,ses230721-units-probe1-spk-BXBA.npy,.npy,SPK,BXBA,42240128,"(32, 220, 6000)",3,uint8,"trial, unit, time",expected_rank3,False,valid,None,truth_safe_unverified
230721,ses230721-units-probe1-spk-RRRR.npy,.npy,SPK,RRRR,184800128,"(140, 220, 6000)",3,uint8,"trial, unit, time",expected_rank3,False,valid,None,truth_safe_unverified
230721,ses230721-units-probe1-spk-RRRX.npy,.npy,SPK,RRRX,97680128,"(74, 220, 6000)",3,uint8,"trial, unit, time",expected_rank3,False,valid,None,truth_safe_unverified
230721,ses230721-units-probe1-spk-RRXR.npy,.npy,SPK,RRXR,31680128,"(24, 220, 6000)",3,uint8,"trial, unit, time",expected_rank3,False,valid,None,truth_safe_unverified
230721,ses230721-units-probe1-spk-RXRR.npy,.npy,SPK,RXRR,81840128,"(62, 220, 6000)",3,uint8,"trial, unit, time",expected_rank3,False,valid,None,truth_safe_unverified
230816,ses230816-probe0-lfp-AAAB.npy,.npy,LFP,AAAB,1136640128,"(370, 128, 6000)",3,float32,"trial, channel, time",expected_rank3,False,valid,None,truth_safe_unverified
230816,ses230816-probe0-lfp-AAAX.npy,.npy,LFP,AAAX,110592128,"(36, 128, 6000)",3,float32,"trial, channel, time",expected_rank3,False,valid,None,truth_safe_unverified
230816,ses230816-probe0-lfp-AAXB.npy,.npy,LFP,AAXB,135168128,"(44, 128, 6000)",3,float32,"trial, channel, time",expected_rank3,False,valid,None,truth_safe_unverified
230816,ses230816-probe0-lfp-AXAB.npy,.npy,LFP,AXAB,181248128,"(59, 128, 6000)",3,float32,"trial, channel, time",expected_rank3,False,valid,None,truth_safe_unverified
230816,ses230816-probe0-lfp-BBBA.npy,.npy,LFP,BBBA,1069056128,"(348, 128, 6000)",3,float32,"trial, channel, time",expected_rank3,False,valid,None,truth_safe_unverified
230816,ses230816-probe0-lfp-BBBX.npy,.npy,LFP,BBBX,135168128,"(44, 128, 6000)",3,float32,"trial, channel, time",expected_rank3,False,valid,None,truth_safe_unverified
230816,ses230816-probe0-lfp-BBXA.npy,.npy,LFP,BBXA,156672128,"(51, 128, 6000)",3,float32,"trial, channel, time",expected_rank3,False,valid,None,truth_safe_unverified
230816,ses230816-probe0-lfp-BXBA.npy,.npy,LFP,BXBA,190464128,"(62, 128, 6000)",3,float32,"trial, channel, time",expected_rank3,False,valid,None,truth_safe_unverified
230816,ses230816-probe0-lfp-RRRR.npy,.npy,LFP,RRRR,482304128,"(157, 128, 6000)",3,float32,"trial, channel, time",expected_rank3,False,valid,None,truth_safe_unverified
230816,ses230816-probe0-lfp-RRRX.npy,.npy,LFP,RRRX,402432128,"(131, 128, 6000)",3,float32,"trial, channel, time",expected_rank3,False,valid,None,truth_safe_unverified
230816,ses230816-probe0-lfp-RRXR.npy,.npy,LFP,RRXR,132096128,"(43, 128, 6000)",3,float32,"trial, channel, time",expected_rank3,False,valid,None,truth_safe_unverified
230816,ses230816-probe0-lfp-RXRR.npy,.npy,LFP,RXRR,267264128,"(87, 128, 6000)",3,float32,"trial, channel, time",expected_rank3,False,valid,None,truth_safe_unverified
230816,ses230816-probe1-lfp-AAAB.npy,.npy,LFP,AAAB,1136640128,"(370, 128, 6000)",3,float32,"trial, channel, time",expected_rank3,False,valid,None,truth_safe_unverified
230816,ses230816-probe1-lfp-AAAX.npy,.npy,LFP,AAAX,110592128,"(36, 128, 6000)",3,float32,"trial, channel, time",expected_rank3,False,valid,None,truth_safe_unverified
230816,ses230816-probe1-lfp-AAXB.npy,.npy,LFP,AAXB,135168128,"(44, 128, 6000)",3,float32,"trial, channel, time",expected_rank3,False,valid,None,truth_safe_unverified
230816,ses230816-probe1-lfp-AXAB.npy,.npy,LFP,AXAB,181248128,"(59, 128, 6000)",3,float32,"trial, channel, time",expected_rank3,False,valid,None,truth_safe_unverified
230816,ses230816-probe1-lfp-BBBA.npy,.npy,LFP,BBBA,1069056128,"(348, 128, 6000)",3,float32,"trial, channel, time",expected_rank3,False,valid,None,truth_safe_unverified
230816,ses230816-probe1-lfp-BBBX.npy,.npy,LFP,BBBX,135168128,"(44, 128, 6000)",3,float32,"trial, channel, time",expected_rank3,False,valid,None,truth_safe_unverified
230816,ses230816-probe1-lfp-BBXA.npy,.npy,LFP,BBXA,156672128,"(51, 128, 6000)",3,float32,"trial, channel, time",expected_rank3,False,valid,None,truth_safe_unverified
230816,ses230816-probe1-lfp-BXBA.npy,.npy,LFP,BXBA,190464128,"(62, 128, 6000)",3,float32,"trial, channel, time",expected_rank3,False,valid,None,truth_safe_unverified
230816,ses230816-probe1-lfp-RRRR.npy,.npy,LFP,RRRR,482304128,"(157, 128, 6000)",3,float32,"trial, channel, time",expected_rank3,False,valid,None,truth_safe_unverified
230816,ses230816-probe1-lfp-RRRX.npy,.npy,LFP,RRRX,402432128,"(131, 128, 6000)",3,float32,"trial, channel, time",expected_rank3,False,valid,None,truth_safe_unverified
230816,ses230816-probe1-lfp-RRXR.npy,.npy,LFP,RRXR,132096128,"(43, 128, 6000)",3,float32,"trial, channel, time",expected_rank3,False,valid,None,truth_safe_unverified
230816,ses230816-probe1-lfp-RXRR.npy,.npy,LFP,RXRR,267264128,"(87, 128, 6000)",3,float32,"trial, channel, time",expected_rank3,False,valid,None,truth_safe_unverified
230816,ses230816-probe2-lfp-AAAB.npy,.npy,LFP,AAAB,1136640128,"(370, 128, 6000)",3,float32,"trial, channel, time",expected_rank3,False,valid,None,truth_safe_unverified
230816,ses230816-probe2-lfp-AAAX.npy,.npy,LFP,AAAX,110592128,"(36, 128, 6000)",3,float32,"trial, channel, time",expected_rank3,False,valid,None,truth_safe_unverified
230816,ses230816-probe2-lfp-AAXB.npy,.npy,LFP,AAXB,135168128,"(44, 128, 6000)",3,float32,"trial, channel, time",expected_rank3,False,valid,None,truth_safe_unverified
230816,ses230816-probe2-lfp-AXAB.npy,.npy,LFP,AXAB,181248128,"(59, 128, 6000)",3,float32,"trial, channel, time",expected_rank3,False,valid,None,truth_safe_unverified
230816,ses230816-probe2-lfp-BBBA.npy,.npy,LFP,BBBA,1069056128,"(348, 128, 6000)",3,float32,"trial, channel, time",expected_rank3,False,valid,None,truth_safe_unverified
230816,ses230816-probe2-lfp-BBBX.npy,.npy,LFP,BBBX,135168128,"(44, 128, 6000)",3,float32,"trial, channel, time",expected_rank3,False,valid,None,truth_safe_unverified
230816,ses230816-probe2-lfp-BBXA.npy,.npy,LFP,BBXA,156672128,"(51, 128, 6000)",3,float32,"trial, channel, time",expected_rank3,False,valid,None,truth_safe_unverified
230816,ses230816-probe2-lfp-BXBA.npy,.npy,LFP,BXBA,190464128,"(62, 128, 6000)",3,float32,"trial, channel, time",expected_rank3,False,valid,None,truth_safe_unverified
230816,ses230816-probe2-lfp-RRRR.npy,.npy,LFP,RRRR,482304128,"(157, 128, 6000)",3,float32,"trial, channel, time",expected_rank3,False,valid,None,truth_safe_unverified
230816,ses230816-probe2-lfp-RRRX.npy,.npy,LFP,RRRX,402432128,"(131, 128, 6000)",3,float32,"trial, channel, time",expected_rank3,False,valid,None,truth_safe_unverified
230816,ses230816-probe2-lfp-RRXR.npy,.npy,LFP,RRXR,132096128,"(43, 128, 6000)",3,float32,"trial, channel, time",expected_rank3,False,valid,None,truth_safe_unverified
230816,ses230816-probe2-lfp-RXRR.npy,.npy,LFP,RXRR,267264128,"(87, 128, 6000)",3,float32,"trial, channel, time",expected_rank3,False,valid,None,truth_safe_unverified
230816,ses230816-units-probe0-spk-AAAB.npy,.npy,SPK,AAAB,226440128,"(370, 102, 6000)",3,uint8,"trial, unit, time",expected_rank3,False,valid,None,truth_safe_unverified
230816,ses230816-units-probe0-spk-AAAX.npy,.npy,SPK,AAAX,22032128,"(36, 102, 6000)",3,uint8,"trial, unit, time",expected_rank3,False,valid,None,truth_safe_unverified
230816,ses230816-units-probe0-spk-AAXB.npy,.npy,SPK,AAXB,26928128,"(44, 102, 6000)",3,uint8,"trial, unit, time",expected_rank3,False,valid,None,truth_safe_unverified
230816,ses230816-units-probe0-spk-AXAB.npy,.npy,SPK,AXAB,36108128,"(59, 102, 6000)",3,uint8,"trial, unit, time",expected_rank3,False,valid,None,truth_safe_unverified
230816,ses230816-units-probe0-spk-BBBA.npy,.npy,SPK,BBBA,212976128,"(348, 102, 6000)",3,uint8,"trial, unit, time",expected_rank3,False,valid,None,truth_safe_unverified
230816,ses230816-units-probe0-spk-BBBX.npy,.npy,SPK,BBBX,26928128,"(44, 102, 6000)",3,uint8,"trial, unit, time",expected_rank3,False,valid,None,truth_safe_unverified
230816,ses230816-units-probe0-spk-BBXA.npy,.npy,SPK,BBXA,31212128,"(51, 102, 6000)",3,uint8,"trial, unit, time",expected_rank3,False,valid,None,truth_safe_unverified
230816,ses230816-units-probe0-spk-BXBA.npy,.npy,SPK,BXBA,37944128,"(62, 102, 6000)",3,uint8,"trial, unit, time",expected_rank3,False,valid,None,truth_safe_unverified
230816,ses230816-units-probe0-spk-RRRR.npy,.npy,SPK,RRRR,96084128,"(157, 102, 6000)",3,uint8,"trial, unit, time",expected_rank3,False,valid,None,truth_safe_unverified
230816,ses230816-units-probe0-spk-RRRX.npy,.npy,SPK,RRRX,80172128,"(131, 102, 6000)",3,uint8,"trial, unit, time",expected_rank3,False,valid,None,truth_safe_unverified
230816,ses230816-units-probe0-spk-RRXR.npy,.npy,SPK,RRXR,26316128,"(43, 102, 6000)",3,uint8,"trial, unit, time",expected_rank3,False,valid,None,truth_safe_unverified
230816,ses230816-units-probe0-spk-RXRR.npy,.npy,SPK,RXRR,53244128,"(87, 102, 6000)",3,uint8,"trial, unit, time",expected_rank3,False,valid,None,truth_safe_unverified
230816,ses230816-units-probe1-spk-AAAB.npy,.npy,SPK,AAAB,253080128,"(370, 114, 6000)",3,uint8,"trial, unit, time",expected_rank3,False,valid,None,truth_safe_unverified
230816,ses230816-units-probe1-spk-AAAX.npy,.npy,SPK,AAAX,24624128,"(36, 114, 6000)",3,uint8,"trial, unit, time",expected_rank3,False,valid,None,truth_safe_unverified
230816,ses230816-units-probe1-spk-AAXB.npy,.npy,SPK,AAXB,30096128,"(44, 114, 6000)",3,uint8,"trial, unit, time",expected_rank3,False,valid,None,truth_safe_unverified
230816,ses230816-units-probe1-spk-AXAB.npy,.npy,SPK,AXAB,40356128,"(59, 114, 6000)",3,uint8,"trial, unit, time",expected_rank3,False,valid,None,truth_safe_unverified
230816,ses230816-units-probe1-spk-BBBA.npy,.npy,SPK,BBBA,238032128,"(348, 114, 6000)",3,uint8,"trial, unit, time",expected_rank3,False,valid,None,truth_safe_unverified
230816,ses230816-units-probe1-spk-BBBX.npy,.npy,SPK,BBBX,30096128,"(44, 114, 6000)",3,uint8,"trial, unit, time",expected_rank3,False,valid,None,truth_safe_unverified
230816,ses230816-units-probe1-spk-BBXA.npy,.npy,SPK,BBXA,34884128,"(51, 114, 6000)",3,uint8,"trial, unit, time",expected_rank3,False,valid,None,truth_safe_unverified
230816,ses230816-units-probe1-spk-BXBA.npy,.npy,SPK,BXBA,42408128,"(62, 114, 6000)",3,uint8,"trial, unit, time",expected_rank3,False,valid,None,truth_safe_unverified
230816,ses230816-units-probe1-spk-RRRR.npy,.npy,SPK,RRRR,107388128,"(157, 114, 6000)",3,uint8,"trial, unit, time",expected_rank3,False,valid,None,truth_safe_unverified
230816,ses230816-units-probe1-spk-RRRX.npy,.npy,SPK,RRRX,89604128,"(131, 114, 6000)",3,uint8,"trial, unit, time",expected_rank3,False,valid,None,truth_safe_unverified
230816,ses230816-units-probe1-spk-RRXR.npy,.npy,SPK,RRXR,29412128,"(43, 114, 6000)",3,uint8,"trial, unit, time",expected_rank3,False,valid,None,truth_safe_unverified
230816,ses230816-units-probe1-spk-RXRR.npy,.npy,SPK,RXRR,59508128,"(87, 114, 6000)",3,uint8,"trial, unit, time",expected_rank3,False,valid,None,truth_safe_unverified
230816,ses230816-units-probe2-spk-AAAB.npy,.npy,SPK,AAAB,313020128,"(370, 141, 6000)",3,uint8,"trial, unit, time",expected_rank3,False,valid,None,truth_safe_unverified
230816,ses230816-units-probe2-spk-AAAX.npy,.npy,SPK,AAAX,30456128,"(36, 141, 6000)",3,uint8,"trial, unit, time",expected_rank3,False,valid,None,truth_safe_unverified
230816,ses230816-units-probe2-spk-AAXB.npy,.npy,SPK,AAXB,37224128,"(44, 141, 6000)",3,uint8,"trial, unit, time",expected_rank3,False,valid,None,truth_safe_unverified
230816,ses230816-units-probe2-spk-AXAB.npy,.npy,SPK,AXAB,49914128,"(59, 141, 6000)",3,uint8,"trial, unit, time",expected_rank3,False,valid,None,truth_safe_unverified
230816,ses230816-units-probe2-spk-BBBA.npy,.npy,SPK,BBBA,294408128,"(348, 141, 6000)",3,uint8,"trial, unit, time",expected_rank3,False,valid,None,truth_safe_unverified
230816,ses230816-units-probe2-spk-BBBX.npy,.npy,SPK,BBBX,37224128,"(44, 141, 6000)",3,uint8,"trial, unit, time",expected_rank3,False,valid,None,truth_safe_unverified
230816,ses230816-units-probe2-spk-BBXA.npy,.npy,SPK,BBXA,43146128,"(51, 141, 6000)",3,uint8,"trial, unit, time",expected_rank3,False,valid,None,truth_safe_unverified
230816,ses230816-units-probe2-spk-BXBA.npy,.npy,SPK,BXBA,52452128,"(62, 141, 6000)",3,uint8,"trial, unit, time",expected_rank3,False,valid,None,truth_safe_unverified
230816,ses230816-units-probe2-spk-RRRR.npy,.npy,SPK,RRRR,132822128,"(157, 141, 6000)",3,uint8,"trial, unit, time",expected_rank3,False,valid,None,truth_safe_unverified
230816,ses230816-units-probe2-spk-RRRX.npy,.npy,SPK,RRRX,110826128,"(131, 141, 6000)",3,uint8,"trial, unit, time",expected_rank3,False,valid,None,truth_safe_unverified
230816,ses230816-units-probe2-spk-RRXR.npy,.npy,SPK,RRXR,36378128,"(43, 141, 6000)",3,uint8,"trial, unit, time",expected_rank3,False,valid,None,truth_safe_unverified
230816,ses230816-units-probe2-spk-RXRR.npy,.npy,SPK,RXRR,73602128,"(87, 141, 6000)",3,uint8,"trial, unit, time",expected_rank3,False,valid,None,truth_safe_unverified
230818,ses230818-probe0-lfp-AAAB.npy,.npy,LFP,AAAB,675840128,"(220, 128, 6000)",3,float32,"trial, channel, time",expected_rank3,False,valid,None,truth_safe_unverified
230818,ses230818-probe0-lfp-AAAX.npy,.npy,LFP,AAAX,138240128,"(45, 128, 6000)",3,float32,"trial, channel, time",expected_rank3,False,valid,None,truth_safe_unverified
230818,ses230818-probe0-lfp-AAXB.npy,.npy,LFP,AAXB,76800128,"(25, 128, 6000)",3,float32,"trial, channel, time",expected_rank3,False,valid,None,truth_safe_unverified
230818,ses230818-probe0-lfp-AXAB.npy,.npy,LFP,AXAB,122880128,"(40, 128, 6000)",3,float32,"trial, channel, time",expected_rank3,False,valid,None,truth_safe_unverified
230818,ses230818-probe0-lfp-BBBA.npy,.npy,LFP,BBBA,721920128,"(235, 128, 6000)",3,float32,"trial, channel, time",expected_rank3,False,valid,None,truth_safe_unverified
230818,ses230818-probe0-lfp-BBBX.npy,.npy,LFP,BBBX,92160128,"(30, 128, 6000)",3,float32,"trial, channel, time",expected_rank3,False,valid,None,truth_safe_unverified
230818,ses230818-probe0-lfp-BBXA.npy,.npy,LFP,BBXA,89088128,"(29, 128, 6000)",3,float32,"trial, channel, time",expected_rank3,False,valid,None,truth_safe_unverified
230818,ses230818-probe0-lfp-BXBA.npy,.npy,LFP,BXBA,110592128,"(36, 128, 6000)",3,float32,"trial, channel, time",expected_rank3,False,valid,None,truth_safe_unverified
230818,ses230818-probe0-lfp-RRRR.npy,.npy,LFP,RRRR,319488128,"(104, 128, 6000)",3,float32,"trial, channel, time",expected_rank3,False,valid,None,truth_safe_unverified
230818,ses230818-probe0-lfp-RRRX.npy,.npy,LFP,RRRX,319488128,"(104, 128, 6000)",3,float32,"trial, channel, time",expected_rank3,False,valid,None,truth_safe_unverified
230818,ses230818-probe0-lfp-RRXR.npy,.npy,LFP,RRXR,86016128,"(28, 128, 6000)",3,float32,"trial, channel, time",expected_rank3,False,valid,None,truth_safe_unverified
230818,ses230818-probe0-lfp-RXRR.npy,.npy,LFP,RXRR,196608128,"(64, 128, 6000)",3,float32,"trial, channel, time",expected_rank3,False,valid,None,truth_safe_unverified
230818,ses230818-probe1-lfp-AAAB.npy,.npy,LFP,AAAB,675840128,"(220, 128, 6000)",3,float32,"trial, channel, time",expected_rank3,False,valid,None,truth_safe_unverified
230818,ses230818-probe1-lfp-AAAX.npy,.npy,LFP,AAAX,138240128,"(45, 128, 6000)",3,float32,"trial, channel, time",expected_rank3,False,valid,None,truth_safe_unverified
230818,ses230818-probe1-lfp-AAXB.npy,.npy,LFP,AAXB,76800128,"(25, 128, 6000)",3,float32,"trial, channel, time",expected_rank3,False,valid,None,truth_safe_unverified
230818,ses230818-probe1-lfp-AXAB.npy,.npy,LFP,AXAB,122880128,"(40, 128, 6000)",3,float32,"trial, channel, time",expected_rank3,False,valid,None,truth_safe_unverified
230818,ses230818-probe1-lfp-BBBA.npy,.npy,LFP,BBBA,721920128,"(235, 128, 6000)",3,float32,"trial, channel, time",expected_rank3,False,valid,None,truth_safe_unverified
230818,ses230818-probe1-lfp-BBBX.npy,.npy,LFP,BBBX,92160128,"(30, 128, 6000)",3,float32,"trial, channel, time",expected_rank3,False,valid,None,truth_safe_unverified
230818,ses230818-probe1-lfp-BBXA.npy,.npy,LFP,BBXA,89088128,"(29, 128, 6000)",3,float32,"trial, channel, time",expected_rank3,False,valid,None,truth_safe_unverified
230818,ses230818-probe1-lfp-BXBA.npy,.npy,LFP,BXBA,110592128,"(36, 128, 6000)",3,float32,"trial, channel, time",expected_rank3,False,valid,None,truth_safe_unverified
230818,ses230818-probe1-lfp-RRRR.npy,.npy,LFP,RRRR,319488128,"(104, 128, 6000)",3,float32,"trial, channel, time",expected_rank3,False,valid,None,truth_safe_unverified
230818,ses230818-probe1-lfp-RRRX.npy,.npy,LFP,RRRX,319488128,"(104, 128, 6000)",3,float32,"trial, channel, time",expected_rank3,False,valid,None,truth_safe_unverified
230818,ses230818-probe1-lfp-RRXR.npy,.npy,LFP,RRXR,86016128,"(28, 128, 6000)",3,float32,"trial, channel, time",expected_rank3,False,valid,None,truth_safe_unverified
230818,ses230818-probe1-lfp-RXRR.npy,.npy,LFP,RXRR,196608128,"(64, 128, 6000)",3,float32,"trial, channel, time",expected_rank3,False,valid,None,truth_safe_unverified
230818,ses230818-probe2-lfp-AAAB.npy,.npy,LFP,AAAB,675840128,"(220, 128, 6000)",3,float32,"trial, channel, time",expected_rank3,False,valid,None,truth_safe_unverified
230818,ses230818-probe2-lfp-AAAX.npy,.npy,LFP,AAAX,138240128,"(45, 128, 6000)",3,float32,"trial, channel, time",expected_rank3,False,valid,None,truth_safe_unverified
230818,ses230818-probe2-lfp-AAXB.npy,.npy,LFP,AAXB,76800128,"(25, 128, 6000)",3,float32,"trial, channel, time",expected_rank3,False,valid,None,truth_safe_unverified
230818,ses230818-probe2-lfp-AXAB.npy,.npy,LFP,AXAB,122880128,"(40, 128, 6000)",3,float32,"trial, channel, time",expected_rank3,False,valid,None,truth_safe_unverified
230818,ses230818-probe2-lfp-BBBA.npy,.npy,LFP,BBBA,721920128,"(235, 128, 6000)",3,float32,"trial, channel, time",expected_rank3,False,valid,None,truth_safe_unverified
230818,ses230818-probe2-lfp-BBBX.npy,.npy,LFP,BBBX,92160128,"(30, 128, 6000)",3,float32,"trial, channel, time",expected_rank3,False,valid,None,truth_safe_unverified
230818,ses230818-probe2-lfp-BBXA.npy,.npy,LFP,BBXA,89088128,"(29, 128, 6000)",3,float32,"trial, channel, time",expected_rank3,False,valid,None,truth_safe_unverified
230818,ses230818-probe2-lfp-BXBA.npy,.npy,LFP,BXBA,110592128,"(36, 128, 6000)",3,float32,"trial, channel, time",expected_rank3,False,valid,None,truth_safe_unverified
230818,ses230818-probe2-lfp-RRRR.npy,.npy,LFP,RRRR,319488128,"(104, 128, 6000)",3,float32,"trial, channel, time",expected_rank3,False,valid,None,truth_safe_unverified
230818,ses230818-probe2-lfp-RRRX.npy,.npy,LFP,RRRX,319488128,"(104, 128, 6000)",3,float32,"trial, channel, time",expected_rank3,False,valid,None,truth_safe_unverified
230818,ses230818-probe2-lfp-RRXR.npy,.npy,LFP,RRXR,86016128,"(28, 128, 6000)",3,float32,"trial, channel, time",expected_rank3,False,valid,None,truth_safe_unverified
230818,ses230818-probe2-lfp-RXRR.npy,.npy,LFP,RXRR,196608128,"(64, 128, 6000)",3,float32,"trial, channel, time",expected_rank3,False,valid,None,truth_safe_unverified
230818,ses230818-units-probe0-spk-AAAB.npy,.npy,SPK,AAAB,253440128,"(220, 192, 6000)",3,uint8,"trial, unit, time",expected_rank3,False,valid,None,truth_safe_unverified
230818,ses230818-units-probe0-spk-AAAX.npy,.npy,SPK,AAAX,51840128,"(45, 192, 6000)",3,uint8,"trial, unit, time",expected_rank3,False,valid,None,truth_safe_unverified
230818,ses230818-units-probe0-spk-AAXB.npy,.npy,SPK,AAXB,28800128,"(25, 192, 6000)",3,uint8,"trial, unit, time",expected_rank3,False,valid,None,truth_safe_unverified
230818,ses230818-units-probe0-spk-AXAB.npy,.npy,SPK,AXAB,46080128,"(40, 192, 6000)",3,uint8,"trial, unit, time",expected_rank3,False,valid,None,truth_safe_unverified
230818,ses230818-units-probe0-spk-BBBA.npy,.npy,SPK,BBBA,270720128,"(235, 192, 6000)",3,uint8,"trial, unit, time",expected_rank3,False,valid,None,truth_safe_unverified
230818,ses230818-units-probe0-spk-BBBX.npy,.npy,SPK,BBBX,34560128,"(30, 192, 6000)",3,uint8,"trial, unit, time",expected_rank3,False,valid,None,truth_safe_unverified
230818,ses230818-units-probe0-spk-BBXA.npy,.npy,SPK,BBXA,33408128,"(29, 192, 6000)",3,uint8,"trial, unit, time",expected_rank3,False,valid,None,truth_safe_unverified
230818,ses230818-units-probe0-spk-BXBA.npy,.npy,SPK,BXBA,41472128,"(36, 192, 6000)",3,uint8,"trial, unit, time",expected_rank3,False,valid,None,truth_safe_unverified
230818,ses230818-units-probe0-spk-RRRR.npy,.npy,SPK,RRRR,119808128,"(104, 192, 6000)",3,uint8,"trial, unit, time",expected_rank3,False,valid,None,truth_safe_unverified
230818,ses230818-units-probe0-spk-RRRX.npy,.npy,SPK,RRRX,119808128,"(104, 192, 6000)",3,uint8,"trial, unit, time",expected_rank3,False,valid,None,truth_safe_unverified
230818,ses230818-units-probe0-spk-RRXR.npy,.npy,SPK,RRXR,32256128,"(28, 192, 6000)",3,uint8,"trial, unit, time",expected_rank3,False,valid,None,truth_safe_unverified
230818,ses230818-units-probe0-spk-RXRR.npy,.npy,SPK,RXRR,73728128,"(64, 192, 6000)",3,uint8,"trial, unit, time",expected_rank3,False,valid,None,truth_safe_unverified
230818,ses230818-units-probe1-spk-AAAB.npy,.npy,SPK,AAAB,224400128,"(220, 170, 6000)",3,uint8,"trial, unit, time",expected_rank3,False,valid,None,truth_safe_unverified
230818,ses230818-units-probe1-spk-AAAX.npy,.npy,SPK,AAAX,45900128,"(45, 170, 6000)",3,uint8,"trial, unit, time",expected_rank3,False,valid,None,truth_safe_unverified
230818,ses230818-units-probe1-spk-AAXB.npy,.npy,SPK,AAXB,25500128,"(25, 170, 6000)",3,uint8,"trial, unit, time",expected_rank3,False,valid,None,truth_safe_unverified
230818,ses230818-units-probe1-spk-AXAB.npy,.npy,SPK,AXAB,40800128,"(40, 170, 6000)",3,uint8,"trial, unit, time",expected_rank3,False,valid,None,truth_safe_unverified
230818,ses230818-units-probe1-spk-BBBA.npy,.npy,SPK,BBBA,239700128,"(235, 170, 6000)",3,uint8,"trial, unit, time",expected_rank3,False,valid,None,truth_safe_unverified
230818,ses230818-units-probe1-spk-BBBX.npy,.npy,SPK,BBBX,30600128,"(30, 170, 6000)",3,uint8,"trial, unit, time",expected_rank3,False,valid,None,truth_safe_unverified
230818,ses230818-units-probe1-spk-BBXA.npy,.npy,SPK,BBXA,29580128,"(29, 170, 6000)",3,uint8,"trial, unit, time",expected_rank3,False,valid,None,truth_safe_unverified
230818,ses230818-units-probe1-spk-BXBA.npy,.npy,SPK,BXBA,36720128,"(36, 170, 6000)",3,uint8,"trial, unit, time",expected_rank3,False,valid,None,truth_safe_unverified
230818,ses230818-units-probe1-spk-RRRR.npy,.npy,SPK,RRRR,106080128,"(104, 170, 6000)",3,uint8,"trial, unit, time",expected_rank3,False,valid,None,truth_safe_unverified
230818,ses230818-units-probe1-spk-RRRX.npy,.npy,SPK,RRRX,106080128,"(104, 170, 6000)",3,uint8,"trial, unit, time",expected_rank3,False,valid,None,truth_safe_unverified
230818,ses230818-units-probe1-spk-RRXR.npy,.npy,SPK,RRXR,28560128,"(28, 170, 6000)",3,uint8,"trial, unit, time",expected_rank3,False,valid,None,truth_safe_unverified
230818,ses230818-units-probe1-spk-RXRR.npy,.npy,SPK,RXRR,65280128,"(64, 170, 6000)",3,uint8,"trial, unit, time",expected_rank3,False,valid,None,truth_safe_unverified
230818,ses230818-units-probe2-spk-AAAB.npy,.npy,SPK,AAAB,236280128,"(220, 179, 6000)",3,uint8,"trial, unit, time",expected_rank3,False,valid,None,truth_safe_unverified
230818,ses230818-units-probe2-spk-AAAX.npy,.npy,SPK,AAAX,48330128,"(45, 179, 6000)",3,uint8,"trial, unit, time",expected_rank3,False,valid,None,truth_safe_unverified
230818,ses230818-units-probe2-spk-AAXB.npy,.npy,SPK,AAXB,26850128,"(25, 179, 6000)",3,uint8,"trial, unit, time",expected_rank3,False,valid,None,truth_safe_unverified
230818,ses230818-units-probe2-spk-AXAB.npy,.npy,SPK,AXAB,42960128,"(40, 179, 6000)",3,uint8,"trial, unit, time",expected_rank3,False,valid,None,truth_safe_unverified
230818,ses230818-units-probe2-spk-BBBA.npy,.npy,SPK,BBBA,252390128,"(235, 179, 6000)",3,uint8,"trial, unit, time",expected_rank3,False,valid,None,truth_safe_unverified
230818,ses230818-units-probe2-spk-BBBX.npy,.npy,SPK,BBBX,32220128,"(30, 179, 6000)",3,uint8,"trial, unit, time",expected_rank3,False,valid,None,truth_safe_unverified
230818,ses230818-units-probe2-spk-BBXA.npy,.npy,SPK,BBXA,31146128,"(29, 179, 6000)",3,uint8,"trial, unit, time",expected_rank3,False,valid,None,truth_safe_unverified
230818,ses230818-units-probe2-spk-BXBA.npy,.npy,SPK,BXBA,38664128,"(36, 179, 6000)",3,uint8,"trial, unit, time",expected_rank3,False,valid,None,truth_safe_unverified
230818,ses230818-units-probe2-spk-RRRR.npy,.npy,SPK,RRRR,111696128,"(104, 179, 6000)",3,uint8,"trial, unit, time",expected_rank3,False,valid,None,truth_safe_unverified
230818,ses230818-units-probe2-spk-RRRX.npy,.npy,SPK,RRRX,111696128,"(104, 179, 6000)",3,uint8,"trial, unit, time",expected_rank3,False,valid,None,truth_safe_unverified
230818,ses230818-units-probe2-spk-RRXR.npy,.npy,SPK,RRXR,30072128,"(28, 179, 6000)",3,uint8,"trial, unit, time",expected_rank3,False,valid,None,truth_safe_unverified
230818,ses230818-units-probe2-spk-RXRR.npy,.npy,SPK,RXRR,68736128,"(64, 179, 6000)",3,uint8,"trial, unit, time",expected_rank3,False,valid,None,truth_safe_unverified
230823,ses230823-probe0-lfp-AAAB.npy,.npy,LFP,AAAB,672768128,"(219, 128, 6000)",3,float32,"trial, channel, time",expected_rank3,False,valid,None,truth_safe_unverified
230823,ses230823-probe0-lfp-AAAX.npy,.npy,LFP,AAAX,86016128,"(28, 128, 6000)",3,float32,"trial, channel, time",expected_rank3,False,valid,None,truth_safe_unverified
230823,ses230823-probe0-lfp-AAXB.npy,.npy,LFP,AAXB,129024128,"(42, 128, 6000)",3,float32,"trial, channel, time",expected_rank3,False,valid,None,truth_safe_unverified
230823,ses230823-probe0-lfp-AXAB.npy,.npy,LFP,AXAB,125952128,"(41, 128, 6000)",3,float32,"trial, channel, time",expected_rank3,False,valid,None,truth_safe_unverified
230823,ses230823-probe0-lfp-BBBA.npy,.npy,LFP,BBBA,697344128,"(227, 128, 6000)",3,float32,"trial, channel, time",expected_rank3,False,valid,None,truth_safe_unverified
230823,ses230823-probe0-lfp-BBBX.npy,.npy,LFP,BBBX,92160128,"(30, 128, 6000)",3,float32,"trial, channel, time",expected_rank3,False,valid,None,truth_safe_unverified
230823,ses230823-probe0-lfp-BBXA.npy,.npy,LFP,BBXA,129024128,"(42, 128, 6000)",3,float32,"trial, channel, time",expected_rank3,False,valid,None,truth_safe_unverified
230823,ses230823-probe0-lfp-BXBA.npy,.npy,LFP,BXBA,95232128,"(31, 128, 6000)",3,float32,"trial, channel, time",expected_rank3,False,valid,None,truth_safe_unverified
230823,ses230823-probe0-lfp-RRRR.npy,.npy,LFP,RRRR,340992128,"(111, 128, 6000)",3,float32,"trial, channel, time",expected_rank3,False,valid,None,truth_safe_unverified
230823,ses230823-probe0-lfp-RRRX.npy,.npy,LFP,RRRX,279552128,"(91, 128, 6000)",3,float32,"trial, channel, time",expected_rank3,False,valid,None,truth_safe_unverified
230823,ses230823-probe0-lfp-RRXR.npy,.npy,LFP,RRXR,132096128,"(43, 128, 6000)",3,float32,"trial, channel, time",expected_rank3,False,valid,None,truth_safe_unverified
230823,ses230823-probe0-lfp-RXRR.npy,.npy,LFP,RXRR,168960128,"(55, 128, 6000)",3,float32,"trial, channel, time",expected_rank3,False,valid,None,truth_safe_unverified
230823,ses230823-probe1-lfp-AAAB.npy,.npy,LFP,AAAB,672768128,"(219, 128, 6000)",3,float32,"trial, channel, time",expected_rank3,False,valid,None,truth_safe_unverified
230823,ses230823-probe1-lfp-AAAX.npy,.npy,LFP,AAAX,86016128,"(28, 128, 6000)",3,float32,"trial, channel, time",expected_rank3,False,valid,None,truth_safe_unverified
230823,ses230823-probe1-lfp-AAXB.npy,.npy,LFP,AAXB,129024128,"(42, 128, 6000)",3,float32,"trial, channel, time",expected_rank3,False,valid,None,truth_safe_unverified
230823,ses230823-probe1-lfp-AXAB.npy,.npy,LFP,AXAB,125952128,"(41, 128, 6000)",3,float32,"trial, channel, time",expected_rank3,False,valid,None,truth_safe_unverified
230823,ses230823-probe1-lfp-BBBA.npy,.npy,LFP,BBBA,697344128,"(227, 128, 6000)",3,float32,"trial, channel, time",expected_rank3,False,valid,None,truth_safe_unverified
230823,ses230823-probe1-lfp-BBBX.npy,.npy,LFP,BBBX,92160128,"(30, 128, 6000)",3,float32,"trial, channel, time",expected_rank3,False,valid,None,truth_safe_unverified
230823,ses230823-probe1-lfp-BBXA.npy,.npy,LFP,BBXA,129024128,"(42, 128, 6000)",3,float32,"trial, channel, time",expected_rank3,False,valid,None,truth_safe_unverified
230823,ses230823-probe1-lfp-BXBA.npy,.npy,LFP,BXBA,95232128,"(31, 128, 6000)",3,float32,"trial, channel, time",expected_rank3,False,valid,None,truth_safe_unverified
230823,ses230823-probe1-lfp-RRRR.npy,.npy,LFP,RRRR,340992128,"(111, 128, 6000)",3,float32,"trial, channel, time",expected_rank3,False,valid,None,truth_safe_unverified
230823,ses230823-probe1-lfp-RRRX.npy,.npy,LFP,RRRX,279552128,"(91, 128, 6000)",3,float32,"trial, channel, time",expected_rank3,False,valid,None,truth_safe_unverified
230823,ses230823-probe1-lfp-RRXR.npy,.npy,LFP,RRXR,132096128,"(43, 128, 6000)",3,float32,"trial, channel, time",expected_rank3,False,valid,None,truth_safe_unverified
230823,ses230823-probe1-lfp-RXRR.npy,.npy,LFP,RXRR,168960128,"(55, 128, 6000)",3,float32,"trial, channel, time",expected_rank3,False,valid,None,truth_safe_unverified
230823,ses230823-probe2-lfp-AAAB.npy,.npy,LFP,AAAB,672768128,"(219, 128, 6000)",3,float32,"trial, channel, time",expected_rank3,False,valid,None,truth_safe_unverified
230823,ses230823-probe2-lfp-AAAX.npy,.npy,LFP,AAAX,86016128,"(28, 128, 6000)",3,float32,"trial, channel, time",expected_rank3,False,valid,None,truth_safe_unverified
230823,ses230823-probe2-lfp-AAXB.npy,.npy,LFP,AAXB,129024128,"(42, 128, 6000)",3,float32,"trial, channel, time",expected_rank3,False,valid,None,truth_safe_unverified
230823,ses230823-probe2-lfp-AXAB.npy,.npy,LFP,AXAB,125952128,"(41, 128, 6000)",3,float32,"trial, channel, time",expected_rank3,False,valid,None,truth_safe_unverified
230823,ses230823-probe2-lfp-BBBA.npy,.npy,LFP,BBBA,697344128,"(227, 128, 6000)",3,float32,"trial, channel, time",expected_rank3,False,valid,None,truth_safe_unverified
230823,ses230823-probe2-lfp-BBBX.npy,.npy,LFP,BBBX,92160128,"(30, 128, 6000)",3,float32,"trial, channel, time",expected_rank3,False,valid,None,truth_safe_unverified
230823,ses230823-probe2-lfp-BBXA.npy,.npy,LFP,BBXA,129024128,"(42, 128, 6000)",3,float32,"trial, channel, time",expected_rank3,False,valid,None,truth_safe_unverified
230823,ses230823-probe2-lfp-BXBA.npy,.npy,LFP,BXBA,95232128,"(31, 128, 6000)",3,float32,"trial, channel, time",expected_rank3,False,valid,None,truth_safe_unverified
230823,ses230823-probe2-lfp-RRRR.npy,.npy,LFP,RRRR,340992128,"(111, 128, 6000)",3,float32,"trial, channel, time",expected_rank3,False,valid,None,truth_safe_unverified
230823,ses230823-probe2-lfp-RRRX.npy,.npy,LFP,RRRX,279552128,"(91, 128, 6000)",3,float32,"trial, channel, time",expected_rank3,False,valid,None,truth_safe_unverified
230823,ses230823-probe2-lfp-RRXR.npy,.npy,LFP,RRXR,132096128,"(43, 128, 6000)",3,float32,"trial, channel, time",expected_rank3,False,valid,None,truth_safe_unverified
230823,ses230823-probe2-lfp-RXRR.npy,.npy,LFP,RXRR,168960128,"(55, 128, 6000)",3,float32,"trial, channel, time",expected_rank3,False,valid,None,truth_safe_unverified
230823,ses230823-units-probe0-spk-AAAB.npy,.npy,SPK,AAAB,204984128,"(219, 156, 6000)",3,uint8,"trial, unit, time",expected_rank3,False,valid,None,truth_safe_unverified
230823,ses230823-units-probe0-spk-AAAX.npy,.npy,SPK,AAAX,26208128,"(28, 156, 6000)",3,uint8,"trial, unit, time",expected_rank3,False,valid,None,truth_safe_unverified
230823,ses230823-units-probe0-spk-AAXB.npy,.npy,SPK,AAXB,39312128,"(42, 156, 6000)",3,uint8,"trial, unit, time",expected_rank3,False,valid,None,truth_safe_unverified
230823,ses230823-units-probe0-spk-AXAB.npy,.npy,SPK,AXAB,38376128,"(41, 156, 6000)",3,uint8,"trial, unit, time",expected_rank3,False,valid,None,truth_safe_unverified
230823,ses230823-units-probe0-spk-BBBA.npy,.npy,SPK,BBBA,212472128,"(227, 156, 6000)",3,uint8,"trial, unit, time",expected_rank3,False,valid,None,truth_safe_unverified
230823,ses230823-units-probe0-spk-BBBX.npy,.npy,SPK,BBBX,28080128,"(30, 156, 6000)",3,uint8,"trial, unit, time",expected_rank3,False,valid,None,truth_safe_unverified
230823,ses230823-units-probe0-spk-BBXA.npy,.npy,SPK,BBXA,39312128,"(42, 156, 6000)",3,uint8,"trial, unit, time",expected_rank3,False,valid,None,truth_safe_unverified
230823,ses230823-units-probe0-spk-BXBA.npy,.npy,SPK,BXBA,29016128,"(31, 156, 6000)",3,uint8,"trial, unit, time",expected_rank3,False,valid,None,truth_safe_unverified
230823,ses230823-units-probe0-spk-RRRR.npy,.npy,SPK,RRRR,103896128,"(111, 156, 6000)",3,uint8,"trial, unit, time",expected_rank3,False,valid,None,truth_safe_unverified
230823,ses230823-units-probe0-spk-RRRX.npy,.npy,SPK,RRRX,85176128,"(91, 156, 6000)",3,uint8,"trial, unit, time",expected_rank3,False,valid,None,truth_safe_unverified
230823,ses230823-units-probe0-spk-RRXR.npy,.npy,SPK,RRXR,40248128,"(43, 156, 6000)",3,uint8,"trial, unit, time",expected_rank3,False,valid,None,truth_safe_unverified
230823,ses230823-units-probe0-spk-RXRR.npy,.npy,SPK,RXRR,51480128,"(55, 156, 6000)",3,uint8,"trial, unit, time",expected_rank3,False,valid,None,truth_safe_unverified
230823,ses230823-units-probe1-spk-AAAB.npy,.npy,SPK,AAAB,24966128,"(219, 19, 6000)",3,uint8,"trial, unit, time",expected_rank3,False,valid,None,truth_safe_unverified
230823,ses230823-units-probe1-spk-AAAX.npy,.npy,SPK,AAAX,3192128,"(28, 19, 6000)",3,uint8,"trial, unit, time",expected_rank3,False,valid,None,truth_safe_unverified
230823,ses230823-units-probe1-spk-AAXB.npy,.npy,SPK,AAXB,4788128,"(42, 19, 6000)",3,uint8,"trial, unit, time",expected_rank3,False,valid,None,truth_safe_unverified
230823,ses230823-units-probe1-spk-AXAB.npy,.npy,SPK,AXAB,4674128,"(41, 19, 6000)",3,uint8,"trial, unit, time",expected_rank3,False,valid,None,truth_safe_unverified
230823,ses230823-units-probe1-spk-BBBA.npy,.npy,SPK,BBBA,25878128,"(227, 19, 6000)",3,uint8,"trial, unit, time",expected_rank3,False,valid,None,truth_safe_unverified
230823,ses230823-units-probe1-spk-BBBX.npy,.npy,SPK,BBBX,3420128,"(30, 19, 6000)",3,uint8,"trial, unit, time",expected_rank3,False,valid,None,truth_safe_unverified
230823,ses230823-units-probe1-spk-BBXA.npy,.npy,SPK,BBXA,4788128,"(42, 19, 6000)",3,uint8,"trial, unit, time",expected_rank3,False,valid,None,truth_safe_unverified
230823,ses230823-units-probe1-spk-BXBA.npy,.npy,SPK,BXBA,3534128,"(31, 19, 6000)",3,uint8,"trial, unit, time",expected_rank3,False,valid,None,truth_safe_unverified
230823,ses230823-units-probe1-spk-RRRR.npy,.npy,SPK,RRRR,12654128,"(111, 19, 6000)",3,uint8,"trial, unit, time",expected_rank3,False,valid,None,truth_safe_unverified
230823,ses230823-units-probe1-spk-RRRX.npy,.npy,SPK,RRRX,10374128,"(91, 19, 6000)",3,uint8,"trial, unit, time",expected_rank3,False,valid,None,truth_safe_unverified
230823,ses230823-units-probe1-spk-RRXR.npy,.npy,SPK,RRXR,4902128,"(43, 19, 6000)",3,uint8,"trial, unit, time",expected_rank3,False,valid,None,truth_safe_unverified
230823,ses230823-units-probe1-spk-RXRR.npy,.npy,SPK,RXRR,6270128,"(55, 19, 6000)",3,uint8,"trial, unit, time",expected_rank3,False,valid,None,truth_safe_unverified
230823,ses230823-units-probe2-spk-AAAB.npy,.npy,SPK,AAAB,253602128,"(219, 193, 6000)",3,uint8,"trial, unit, time",expected_rank3,False,valid,None,truth_safe_unverified
230823,ses230823-units-probe2-spk-AAAX.npy,.npy,SPK,AAAX,32424128,"(28, 193, 6000)",3,uint8,"trial, unit, time",expected_rank3,False,valid,None,truth_safe_unverified
230823,ses230823-units-probe2-spk-AAXB.npy,.npy,SPK,AAXB,48636128,"(42, 193, 6000)",3,uint8,"trial, unit, time",expected_rank3,False,valid,None,truth_safe_unverified
230823,ses230823-units-probe2-spk-AXAB.npy,.npy,SPK,AXAB,47478128,"(41, 193, 6000)",3,uint8,"trial, unit, time",expected_rank3,False,valid,None,truth_safe_unverified
230823,ses230823-units-probe2-spk-BBBA.npy,.npy,SPK,BBBA,262866128,"(227, 193, 6000)",3,uint8,"trial, unit, time",expected_rank3,False,valid,None,truth_safe_unverified
230823,ses230823-units-probe2-spk-BBBX.npy,.npy,SPK,BBBX,34740128,"(30, 193, 6000)",3,uint8,"trial, unit, time",expected_rank3,False,valid,None,truth_safe_unverified
230823,ses230823-units-probe2-spk-BBXA.npy,.npy,SPK,BBXA,48636128,"(42, 193, 6000)",3,uint8,"trial, unit, time",expected_rank3,False,valid,None,truth_safe_unverified
230823,ses230823-units-probe2-spk-BXBA.npy,.npy,SPK,BXBA,35898128,"(31, 193, 6000)",3,uint8,"trial, unit, time",expected_rank3,False,valid,None,truth_safe_unverified
230823,ses230823-units-probe2-spk-RRRR.npy,.npy,SPK,RRRR,128538128,"(111, 193, 6000)",3,uint8,"trial, unit, time",expected_rank3,False,valid,None,truth_safe_unverified
230823,ses230823-units-probe2-spk-RRRX.npy,.npy,SPK,RRRX,105378128,"(91, 193, 6000)",3,uint8,"trial, unit, time",expected_rank3,False,valid,None,truth_safe_unverified
230823,ses230823-units-probe2-spk-RRXR.npy,.npy,SPK,RRXR,49794128,"(43, 193, 6000)",3,uint8,"trial, unit, time",expected_rank3,False,valid,None,truth_safe_unverified
230823,ses230823-units-probe2-spk-RXRR.npy,.npy,SPK,RXRR,63690128,"(55, 193, 6000)",3,uint8,"trial, unit, time",expected_rank3,False,valid,None,truth_safe_unverified
230825,ses230825-probe0-lfp-AAAB.npy,.npy,LFP,AAAB,731136128,"(238, 128, 6000)",3,float32,"trial, channel, time",expected_rank3,False,valid,None,truth_safe_unverified
230825,ses230825-probe0-lfp-AAAX.npy,.npy,LFP,AAAX,70656128,"(23, 128, 6000)",3,float32,"trial, channel, time",expected_rank3,False,valid,None,truth_safe_unverified
230825,ses230825-probe0-lfp-AAXB.npy,.npy,LFP,AAXB,107520128,"(35, 128, 6000)",3,float32,"trial, channel, time",expected_rank3,False,valid,None,truth_safe_unverified
230825,ses230825-probe0-lfp-AXAB.npy,.npy,LFP,AXAB,104448128,"(34, 128, 6000)",3,float32,"trial, channel, time",expected_rank3,False,valid,None,truth_safe_unverified
230825,ses230825-probe0-lfp-BBBA.npy,.npy,LFP,BBBA,669696128,"(218, 128, 6000)",3,float32,"trial, channel, time",expected_rank3,False,valid,None,truth_safe_unverified
230825,ses230825-probe0-lfp-BBBX.npy,.npy,LFP,BBBX,104448128,"(34, 128, 6000)",3,float32,"trial, channel, time",expected_rank3,False,valid,None,truth_safe_unverified
230825,ses230825-probe0-lfp-BBXA.npy,.npy,LFP,BBXA,104448128,"(34, 128, 6000)",3,float32,"trial, channel, time",expected_rank3,False,valid,None,truth_safe_unverified
230825,ses230825-probe0-lfp-BXBA.npy,.npy,LFP,BXBA,135168128,"(44, 128, 6000)",3,float32,"trial, channel, time",expected_rank3,False,valid,None,truth_safe_unverified
230825,ses230825-probe0-lfp-RRRR.npy,.npy,LFP,RRRR,334848128,"(109, 128, 6000)",3,float32,"trial, channel, time",expected_rank3,False,valid,None,truth_safe_unverified
230825,ses230825-probe0-lfp-RRRX.npy,.npy,LFP,RRRX,282624128,"(92, 128, 6000)",3,float32,"trial, channel, time",expected_rank3,False,valid,None,truth_safe_unverified
230825,ses230825-probe0-lfp-RRXR.npy,.npy,LFP,RRXR,82944128,"(27, 128, 6000)",3,float32,"trial, channel, time",expected_rank3,False,valid,None,truth_safe_unverified
230825,ses230825-probe0-lfp-RXRR.npy,.npy,LFP,RXRR,221184128,"(72, 128, 6000)",3,float32,"trial, channel, time",expected_rank3,False,valid,None,truth_safe_unverified
230825,ses230825-probe1-lfp-AAAB.npy,.npy,LFP,AAAB,731136128,"(238, 128, 6000)",3,float32,"trial, channel, time",expected_rank3,False,valid,None,truth_safe_unverified
230825,ses230825-probe1-lfp-AAAX.npy,.npy,LFP,AAAX,70656128,"(23, 128, 6000)",3,float32,"trial, channel, time",expected_rank3,False,valid,None,truth_safe_unverified
230825,ses230825-probe1-lfp-AAXB.npy,.npy,LFP,AAXB,107520128,"(35, 128, 6000)",3,float32,"trial, channel, time",expected_rank3,False,valid,None,truth_safe_unverified
230825,ses230825-probe1-lfp-AXAB.npy,.npy,LFP,AXAB,104448128,"(34, 128, 6000)",3,float32,"trial, channel, time",expected_rank3,False,valid,None,truth_safe_unverified
230825,ses230825-probe1-lfp-BBBA.npy,.npy,LFP,BBBA,669696128,"(218, 128, 6000)",3,float32,"trial, channel, time",expected_rank3,False,valid,None,truth_safe_unverified
230825,ses230825-probe1-lfp-BBBX.npy,.npy,LFP,BBBX,104448128,"(34, 128, 6000)",3,float32,"trial, channel, time",expected_rank3,False,valid,None,truth_safe_unverified
230825,ses230825-probe1-lfp-BBXA.npy,.npy,LFP,BBXA,104448128,"(34, 128, 6000)",3,float32,"trial, channel, time",expected_rank3,False,valid,None,truth_safe_unverified
230825,ses230825-probe1-lfp-BXBA.npy,.npy,LFP,BXBA,135168128,"(44, 128, 6000)",3,float32,"trial, channel, time",expected_rank3,False,valid,None,truth_safe_unverified
230825,ses230825-probe1-lfp-RRRR.npy,.npy,LFP,RRRR,334848128,"(109, 128, 6000)",3,float32,"trial, channel, time",expected_rank3,False,valid,None,truth_safe_unverified
230825,ses230825-probe1-lfp-RRRX.npy,.npy,LFP,RRRX,282624128,"(92, 128, 6000)",3,float32,"trial, channel, time",expected_rank3,False,valid,None,truth_safe_unverified
230825,ses230825-probe1-lfp-RRXR.npy,.npy,LFP,RRXR,82944128,"(27, 128, 6000)",3,float32,"trial, channel, time",expected_rank3,False,valid,None,truth_safe_unverified
230825,ses230825-probe1-lfp-RXRR.npy,.npy,LFP,RXRR,221184128,"(72, 128, 6000)",3,float32,"trial, channel, time",expected_rank3,False,valid,None,truth_safe_unverified
230825,ses230825-probe2-lfp-AAAB.npy,.npy,LFP,AAAB,731136128,"(238, 128, 6000)",3,float32,"trial, channel, time",expected_rank3,False,valid,None,truth_safe_unverified
230825,ses230825-probe2-lfp-AAAX.npy,.npy,LFP,AAAX,70656128,"(23, 128, 6000)",3,float32,"trial, channel, time",expected_rank3,False,valid,None,truth_safe_unverified
230825,ses230825-probe2-lfp-AAXB.npy,.npy,LFP,AAXB,107520128,"(35, 128, 6000)",3,float32,"trial, channel, time",expected_rank3,False,valid,None,truth_safe_unverified
230825,ses230825-probe2-lfp-AXAB.npy,.npy,LFP,AXAB,104448128,"(34, 128, 6000)",3,float32,"trial, channel, time",expected_rank3,False,valid,None,truth_safe_unverified
230825,ses230825-probe2-lfp-BBBA.npy,.npy,LFP,BBBA,669696128,"(218, 128, 6000)",3,float32,"trial, channel, time",expected_rank3,False,valid,None,truth_safe_unverified
230825,ses230825-probe2-lfp-BBBX.npy,.npy,LFP,BBBX,104448128,"(34, 128, 6000)",3,float32,"trial, channel, time",expected_rank3,False,valid,None,truth_safe_unverified
230825,ses230825-probe2-lfp-BBXA.npy,.npy,LFP,BBXA,104448128,"(34, 128, 6000)",3,float32,"trial, channel, time",expected_rank3,False,valid,None,truth_safe_unverified
230825,ses230825-probe2-lfp-BXBA.npy,.npy,LFP,BXBA,135168128,"(44, 128, 6000)",3,float32,"trial, channel, time",expected_rank3,False,valid,None,truth_safe_unverified
230825,ses230825-probe2-lfp-RRRR.npy,.npy,LFP,RRRR,334848128,"(109, 128, 6000)",3,float32,"trial, channel, time",expected_rank3,False,valid,None,truth_safe_unverified
230825,ses230825-probe2-lfp-RRRX.npy,.npy,LFP,RRRX,282624128,"(92, 128, 6000)",3,float32,"trial, channel, time",expected_rank3,False,valid,None,truth_safe_unverified
230825,ses230825-probe2-lfp-RRXR.npy,.npy,LFP,RRXR,82944128,"(27, 128, 6000)",3,float32,"trial, channel, time",expected_rank3,False,valid,None,truth_safe_unverified
230825,ses230825-probe2-lfp-RXRR.npy,.npy,LFP,RXRR,221184128,"(72, 128, 6000)",3,float32,"trial, channel, time",expected_rank3,False,valid,None,truth_safe_unverified
230825,ses230825-units-probe0-spk-AAAB.npy,.npy,SPK,AAAB,247044128,"(238, 173, 6000)",3,uint8,"trial, unit, time",expected_rank3,False,valid,None,truth_safe_unverified
230825,ses230825-units-probe0-spk-AAAX.npy,.npy,SPK,AAAX,23874128,"(23, 173, 6000)",3,uint8,"trial, unit, time",expected_rank3,False,valid,None,truth_safe_unverified
230825,ses230825-units-probe0-spk-AAXB.npy,.npy,SPK,AAXB,36330128,"(35, 173, 6000)",3,uint8,"trial, unit, time",expected_rank3,False,valid,None,truth_safe_unverified
230825,ses230825-units-probe0-spk-AXAB.npy,.npy,SPK,AXAB,35292128,"(34, 173, 6000)",3,uint8,"trial, unit, time",expected_rank3,False,valid,None,truth_safe_unverified
230825,ses230825-units-probe0-spk-BBBA.npy,.npy,SPK,BBBA,226284128,"(218, 173, 6000)",3,uint8,"trial, unit, time",expected_rank3,False,valid,None,truth_safe_unverified
230825,ses230825-units-probe0-spk-BBBX.npy,.npy,SPK,BBBX,35292128,"(34, 173, 6000)",3,uint8,"trial, unit, time",expected_rank3,False,valid,None,truth_safe_unverified
230825,ses230825-units-probe0-spk-BBXA.npy,.npy,SPK,BBXA,35292128,"(34, 173, 6000)",3,uint8,"trial, unit, time",expected_rank3,False,valid,None,truth_safe_unverified
230825,ses230825-units-probe0-spk-BXBA.npy,.npy,SPK,BXBA,45672128,"(44, 173, 6000)",3,uint8,"trial, unit, time",expected_rank3,False,valid,None,truth_safe_unverified
230825,ses230825-units-probe0-spk-RRRR.npy,.npy,SPK,RRRR,113142128,"(109, 173, 6000)",3,uint8,"trial, unit, time",expected_rank3,False,valid,None,truth_safe_unverified
230825,ses230825-units-probe0-spk-RRRX.npy,.npy,SPK,RRRX,95496128,"(92, 173, 6000)",3,uint8,"trial, unit, time",expected_rank3,False,valid,None,truth_safe_unverified
230825,ses230825-units-probe0-spk-RRXR.npy,.npy,SPK,RRXR,28026128,"(27, 173, 6000)",3,uint8,"trial, unit, time",expected_rank3,False,valid,None,truth_safe_unverified
230825,ses230825-units-probe0-spk-RXRR.npy,.npy,SPK,RXRR,74736128,"(72, 173, 6000)",3,uint8,"trial, unit, time",expected_rank3,False,valid,None,truth_safe_unverified
230825,ses230825-units-probe1-spk-AAAB.npy,.npy,SPK,AAAB,231336128,"(238, 162, 6000)",3,uint8,"trial, unit, time",expected_rank3,False,valid,None,truth_safe_unverified
230825,ses230825-units-probe1-spk-AAAX.npy,.npy,SPK,AAAX,22356128,"(23, 162, 6000)",3,uint8,"trial, unit, time",expected_rank3,False,valid,None,truth_safe_unverified
230825,ses230825-units-probe1-spk-AAXB.npy,.npy,SPK,AAXB,34020128,"(35, 162, 6000)",3,uint8,"trial, unit, time",expected_rank3,False,valid,None,truth_safe_unverified
230825,ses230825-units-probe1-spk-AXAB.npy,.npy,SPK,AXAB,33048128,"(34, 162, 6000)",3,uint8,"trial, unit, time",expected_rank3,False,valid,None,truth_safe_unverified
230825,ses230825-units-probe1-spk-BBBA.npy,.npy,SPK,BBBA,211896128,"(218, 162, 6000)",3,uint8,"trial, unit, time",expected_rank3,False,valid,None,truth_safe_unverified
230825,ses230825-units-probe1-spk-BBBX.npy,.npy,SPK,BBBX,33048128,"(34, 162, 6000)",3,uint8,"trial, unit, time",expected_rank3,False,valid,None,truth_safe_unverified
230825,ses230825-units-probe1-spk-BBXA.npy,.npy,SPK,BBXA,33048128,"(34, 162, 6000)",3,uint8,"trial, unit, time",expected_rank3,False,valid,None,truth_safe_unverified
230825,ses230825-units-probe1-spk-BXBA.npy,.npy,SPK,BXBA,42768128,"(44, 162, 6000)",3,uint8,"trial, unit, time",expected_rank3,False,valid,None,truth_safe_unverified
230825,ses230825-units-probe1-spk-RRRR.npy,.npy,SPK,RRRR,105948128,"(109, 162, 6000)",3,uint8,"trial, unit, time",expected_rank3,False,valid,None,truth_safe_unverified
230825,ses230825-units-probe1-spk-RRRX.npy,.npy,SPK,RRRX,89424128,"(92, 162, 6000)",3,uint8,"trial, unit, time",expected_rank3,False,valid,None,truth_safe_unverified
230825,ses230825-units-probe1-spk-RRXR.npy,.npy,SPK,RRXR,26244128,"(27, 162, 6000)",3,uint8,"trial, unit, time",expected_rank3,False,valid,None,truth_safe_unverified
230825,ses230825-units-probe1-spk-RXRR.npy,.npy,SPK,RXRR,69984128,"(72, 162, 6000)",3,uint8,"trial, unit, time",expected_rank3,False,valid,None,truth_safe_unverified
230825,ses230825-units-probe2-spk-AAAB.npy,.npy,SPK,AAAB,222768128,"(238, 156, 6000)",3,uint8,"trial, unit, time",expected_rank3,False,valid,None,truth_safe_unverified
230825,ses230825-units-probe2-spk-AAAX.npy,.npy,SPK,AAAX,21528128,"(23, 156, 6000)",3,uint8,"trial, unit, time",expected_rank3,False,valid,None,truth_safe_unverified
230825,ses230825-units-probe2-spk-AAXB.npy,.npy,SPK,AAXB,32760128,"(35, 156, 6000)",3,uint8,"trial, unit, time",expected_rank3,False,valid,None,truth_safe_unverified
230825,ses230825-units-probe2-spk-AXAB.npy,.npy,SPK,AXAB,31824128,"(34, 156, 6000)",3,uint8,"trial, unit, time",expected_rank3,False,valid,None,truth_safe_unverified
230825,ses230825-units-probe2-spk-BBBA.npy,.npy,SPK,BBBA,204048128,"(218, 156, 6000)",3,uint8,"trial, unit, time",expected_rank3,False,valid,None,truth_safe_unverified
230825,ses230825-units-probe2-spk-BBBX.npy,.npy,SPK,BBBX,31824128,"(34, 156, 6000)",3,uint8,"trial, unit, time",expected_rank3,False,valid,None,truth_safe_unverified
230825,ses230825-units-probe2-spk-BBXA.npy,.npy,SPK,BBXA,31824128,"(34, 156, 6000)",3,uint8,"trial, unit, time",expected_rank3,False,valid,None,truth_safe_unverified
230825,ses230825-units-probe2-spk-BXBA.npy,.npy,SPK,BXBA,41184128,"(44, 156, 6000)",3,uint8,"trial, unit, time",expected_rank3,False,valid,None,truth_safe_unverified
230825,ses230825-units-probe2-spk-RRRR.npy,.npy,SPK,RRRR,102024128,"(109, 156, 6000)",3,uint8,"trial, unit, time",expected_rank3,False,valid,None,truth_safe_unverified
230825,ses230825-units-probe2-spk-RRRX.npy,.npy,SPK,RRRX,86112128,"(92, 156, 6000)",3,uint8,"trial, unit, time",expected_rank3,False,valid,None,truth_safe_unverified
230825,ses230825-units-probe2-spk-RRXR.npy,.npy,SPK,RRXR,25272128,"(27, 156, 6000)",3,uint8,"trial, unit, time",expected_rank3,False,valid,None,truth_safe_unverified
230825,ses230825-units-probe2-spk-RXRR.npy,.npy,SPK,RXRR,67392128,"(72, 156, 6000)",3,uint8,"trial, unit, time",expected_rank3,False,valid,None,truth_safe_unverified
230830,ses230830-probe0-lfp-AAAB.npy,.npy,LFP,AAAB,688128128,"(224, 128, 6000)",3,float32,"trial, channel, time",expected_rank3,False,valid,None,truth_safe_unverified
230830,ses230830-probe0-lfp-AAAX.npy,.npy,LFP,AAAX,95232128,"(31, 128, 6000)",3,float32,"trial, channel, time",expected_rank3,False,valid,None,truth_safe_unverified
230830,ses230830-probe0-lfp-AAXB.npy,.npy,LFP,AAXB,122880128,"(40, 128, 6000)",3,float32,"trial, channel, time",expected_rank3,False,valid,None,truth_safe_unverified
230830,ses230830-probe0-lfp-AXAB.npy,.npy,LFP,AXAB,107520128,"(35, 128, 6000)",3,float32,"trial, channel, time",expected_rank3,False,valid,None,truth_safe_unverified
230830,ses230830-probe0-lfp-BBBA.npy,.npy,LFP,BBBA,669696128,"(218, 128, 6000)",3,float32,"trial, channel, time",expected_rank3,False,valid,None,truth_safe_unverified
230830,ses230830-probe0-lfp-BBBX.npy,.npy,LFP,BBBX,98304128,"(32, 128, 6000)",3,float32,"trial, channel, time",expected_rank3,False,valid,None,truth_safe_unverified
230830,ses230830-probe0-lfp-BBXA.npy,.npy,LFP,BBXA,119808128,"(39, 128, 6000)",3,float32,"trial, channel, time",expected_rank3,False,valid,None,truth_safe_unverified
230830,ses230830-probe0-lfp-BXBA.npy,.npy,LFP,BXBA,125952128,"(41, 128, 6000)",3,float32,"trial, channel, time",expected_rank3,False,valid,None,truth_safe_unverified
230830,ses230830-probe0-lfp-RRRR.npy,.npy,LFP,RRRR,340992128,"(111, 128, 6000)",3,float32,"trial, channel, time",expected_rank3,False,valid,None,truth_safe_unverified
230830,ses230830-probe0-lfp-RRRX.npy,.npy,LFP,RRRX,261120128,"(85, 128, 6000)",3,float32,"trial, channel, time",expected_rank3,False,valid,None,truth_safe_unverified
230830,ses230830-probe0-lfp-RRXR.npy,.npy,LFP,RRXR,119808128,"(39, 128, 6000)",3,float32,"trial, channel, time",expected_rank3,False,valid,None,truth_safe_unverified
230830,ses230830-probe0-lfp-RXRR.npy,.npy,LFP,RXRR,199680128,"(65, 128, 6000)",3,float32,"trial, channel, time",expected_rank3,False,valid,None,truth_safe_unverified
230830,ses230830-probe1-lfp-AAAB.npy,.npy,LFP,AAAB,688128128,"(224, 128, 6000)",3,float32,"trial, channel, time",expected_rank3,False,valid,None,truth_safe_unverified
230830,ses230830-probe1-lfp-AAAX.npy,.npy,LFP,AAAX,95232128,"(31, 128, 6000)",3,float32,"trial, channel, time",expected_rank3,False,valid,None,truth_safe_unverified
230830,ses230830-probe1-lfp-AAXB.npy,.npy,LFP,AAXB,122880128,"(40, 128, 6000)",3,float32,"trial, channel, time",expected_rank3,False,valid,None,truth_safe_unverified
230830,ses230830-probe1-lfp-AXAB.npy,.npy,LFP,AXAB,107520128,"(35, 128, 6000)",3,float32,"trial, channel, time",expected_rank3,False,valid,None,truth_safe_unverified
230830,ses230830-probe1-lfp-BBBA.npy,.npy,LFP,BBBA,669696128,"(218, 128, 6000)",3,float32,"trial, channel, time",expected_rank3,False,valid,None,truth_safe_unverified
230830,ses230830-probe1-lfp-BBBX.npy,.npy,LFP,BBBX,98304128,"(32, 128, 6000)",3,float32,"trial, channel, time",expected_rank3,False,valid,None,truth_safe_unverified
230830,ses230830-probe1-lfp-BBXA.npy,.npy,LFP,BBXA,119808128,"(39, 128, 6000)",3,float32,"trial, channel, time",expected_rank3,False,valid,None,truth_safe_unverified
230830,ses230830-probe1-lfp-BXBA.npy,.npy,LFP,BXBA,125952128,"(41, 128, 6000)",3,float32,"trial, channel, time",expected_rank3,False,valid,None,truth_safe_unverified
230830,ses230830-probe1-lfp-RRRR.npy,.npy,LFP,RRRR,340992128,"(111, 128, 6000)",3,float32,"trial, channel, time",expected_rank3,False,valid,None,truth_safe_unverified
230830,ses230830-probe1-lfp-RRRX.npy,.npy,LFP,RRRX,261120128,"(85, 128, 6000)",3,float32,"trial, channel, time",expected_rank3,False,valid,None,truth_safe_unverified
230830,ses230830-probe1-lfp-RRXR.npy,.npy,LFP,RRXR,119808128,"(39, 128, 6000)",3,float32,"trial, channel, time",expected_rank3,False,valid,None,truth_safe_unverified
230830,ses230830-probe1-lfp-RXRR.npy,.npy,LFP,RXRR,199680128,"(65, 128, 6000)",3,float32,"trial, channel, time",expected_rank3,False,valid,None,truth_safe_unverified
230830,ses230830-probe2-lfp-AAAB.npy,.npy,LFP,AAAB,688128128,"(224, 128, 6000)",3,float32,"trial, channel, time",expected_rank3,False,valid,None,truth_safe_unverified
230830,ses230830-probe2-lfp-AAAX.npy,.npy,LFP,AAAX,95232128,"(31, 128, 6000)",3,float32,"trial, channel, time",expected_rank3,False,valid,None,truth_safe_unverified
230830,ses230830-probe2-lfp-AAXB.npy,.npy,LFP,AAXB,122880128,"(40, 128, 6000)",3,float32,"trial, channel, time",expected_rank3,False,valid,None,truth_safe_unverified
230830,ses230830-probe2-lfp-AXAB.npy,.npy,LFP,AXAB,107520128,"(35, 128, 6000)",3,float32,"trial, channel, time",expected_rank3,False,valid,None,truth_safe_unverified
230830,ses230830-probe2-lfp-BBBA.npy,.npy,LFP,BBBA,669696128,"(218, 128, 6000)",3,float32,"trial, channel, time",expected_rank3,False,valid,None,truth_safe_unverified
230830,ses230830-probe2-lfp-BBBX.npy,.npy,LFP,BBBX,98304128,"(32, 128, 6000)",3,float32,"trial, channel, time",expected_rank3,False,valid,None,truth_safe_unverified
230830,ses230830-probe2-lfp-BBXA.npy,.npy,LFP,BBXA,119808128,"(39, 128, 6000)",3,float32,"trial, channel, time",expected_rank3,False,valid,None,truth_safe_unverified
230830,ses230830-probe2-lfp-BXBA.npy,.npy,LFP,BXBA,125952128,"(41, 128, 6000)",3,float32,"trial, channel, time",expected_rank3,False,valid,None,truth_safe_unverified
230830,ses230830-probe2-lfp-RRRR.npy,.npy,LFP,RRRR,340992128,"(111, 128, 6000)",3,float32,"trial, channel, time",expected_rank3,False,valid,None,truth_safe_unverified
230830,ses230830-probe2-lfp-RRRX.npy,.npy,LFP,RRRX,261120128,"(85, 128, 6000)",3,float32,"trial, channel, time",expected_rank3,False,valid,None,truth_safe_unverified
230830,ses230830-probe2-lfp-RRXR.npy,.npy,LFP,RRXR,119808128,"(39, 128, 6000)",3,float32,"trial, channel, time",expected_rank3,False,valid,None,truth_safe_unverified
230830,ses230830-probe2-lfp-RXRR.npy,.npy,LFP,RXRR,199680128,"(65, 128, 6000)",3,float32,"trial, channel, time",expected_rank3,False,valid,None,truth_safe_unverified
230830,ses230830-units-probe0-spk-AAAB.npy,.npy,SPK,AAAB,182784128,"(224, 136, 6000)",3,uint8,"trial, unit, time",expected_rank3,False,valid,None,truth_safe_unverified
230830,ses230830-units-probe0-spk-AAAX.npy,.npy,SPK,AAAX,25296128,"(31, 136, 6000)",3,uint8,"trial, unit, time",expected_rank3,False,valid,None,truth_safe_unverified
230830,ses230830-units-probe0-spk-AAXB.npy,.npy,SPK,AAXB,32640128,"(40, 136, 6000)",3,uint8,"trial, unit, time",expected_rank3,False,valid,None,truth_safe_unverified
230830,ses230830-units-probe0-spk-AXAB.npy,.npy,SPK,AXAB,28560128,"(35, 136, 6000)",3,uint8,"trial, unit, time",expected_rank3,False,valid,None,truth_safe_unverified
230830,ses230830-units-probe0-spk-BBBA.npy,.npy,SPK,BBBA,177888128,"(218, 136, 6000)",3,uint8,"trial, unit, time",expected_rank3,False,valid,None,truth_safe_unverified
230830,ses230830-units-probe0-spk-BBBX.npy,.npy,SPK,BBBX,26112128,"(32, 136, 6000)",3,uint8,"trial, unit, time",expected_rank3,False,valid,None,truth_safe_unverified
230830,ses230830-units-probe0-spk-BBXA.npy,.npy,SPK,BBXA,31824128,"(39, 136, 6000)",3,uint8,"trial, unit, time",expected_rank3,False,valid,None,truth_safe_unverified
230830,ses230830-units-probe0-spk-BXBA.npy,.npy,SPK,BXBA,33456128,"(41, 136, 6000)",3,uint8,"trial, unit, time",expected_rank3,False,valid,None,truth_safe_unverified
230830,ses230830-units-probe0-spk-RRRR.npy,.npy,SPK,RRRR,90576128,"(111, 136, 6000)",3,uint8,"trial, unit, time",expected_rank3,False,valid,None,truth_safe_unverified
230830,ses230830-units-probe0-spk-RRRX.npy,.npy,SPK,RRRX,69360128,"(85, 136, 6000)",3,uint8,"trial, unit, time",expected_rank3,False,valid,None,truth_safe_unverified
230830,ses230830-units-probe0-spk-RRXR.npy,.npy,SPK,RRXR,31824128,"(39, 136, 6000)",3,uint8,"trial, unit, time",expected_rank3,False,valid,None,truth_safe_unverified
230830,ses230830-units-probe0-spk-RXRR.npy,.npy,SPK,RXRR,53040128,"(65, 136, 6000)",3,uint8,"trial, unit, time",expected_rank3,False,valid,None,truth_safe_unverified
230830,ses230830-units-probe1-spk-AAAB.npy,.npy,SPK,AAAB,689472128,"(224, 513, 6000)",3,uint8,"trial, unit, time",expected_rank3,False,valid,None,truth_safe_unverified
230830,ses230830-units-probe1-spk-AAAX.npy,.npy,SPK,AAAX,95418128,"(31, 513, 6000)",3,uint8,"trial, unit, time",expected_rank3,False,valid,None,truth_safe_unverified
230830,ses230830-units-probe1-spk-AAXB.npy,.npy,SPK,AAXB,123120128,"(40, 513, 6000)",3,uint8,"trial, unit, time",expected_rank3,False,valid,None,truth_safe_unverified
230830,ses230830-units-probe1-spk-AXAB.npy,.npy,SPK,AXAB,107730128,"(35, 513, 6000)",3,uint8,"trial, unit, time",expected_rank3,False,valid,None,truth_safe_unverified
230830,ses230830-units-probe1-spk-BBBA.npy,.npy,SPK,BBBA,671004128,"(218, 513, 6000)",3,uint8,"trial, unit, time",expected_rank3,False,valid,None,truth_safe_unverified
230830,ses230830-units-probe1-spk-BBBX.npy,.npy,SPK,BBBX,98496128,"(32, 513, 6000)",3,uint8,"trial, unit, time",expected_rank3,False,valid,None,truth_safe_unverified
230830,ses230830-units-probe1-spk-BBXA.npy,.npy,SPK,BBXA,120042128,"(39, 513, 6000)",3,uint8,"trial, unit, time",expected_rank3,False,valid,None,truth_safe_unverified
230830,ses230830-units-probe1-spk-BXBA.npy,.npy,SPK,BXBA,126198128,"(41, 513, 6000)",3,uint8,"trial, unit, time",expected_rank3,False,valid,None,truth_safe_unverified
230830,ses230830-units-probe1-spk-RRRR.npy,.npy,SPK,RRRR,341658128,"(111, 513, 6000)",3,uint8,"trial, unit, time",expected_rank3,False,valid,None,truth_safe_unverified
230830,ses230830-units-probe1-spk-RRRX.npy,.npy,SPK,RRRX,261630128,"(85, 513, 6000)",3,uint8,"trial, unit, time",expected_rank3,False,valid,None,truth_safe_unverified
230830,ses230830-units-probe1-spk-RRXR.npy,.npy,SPK,RRXR,120042128,"(39, 513, 6000)",3,uint8,"trial, unit, time",expected_rank3,False,valid,None,truth_safe_unverified
230830,ses230830-units-probe1-spk-RXRR.npy,.npy,SPK,RXRR,200070128,"(65, 513, 6000)",3,uint8,"trial, unit, time",expected_rank3,False,valid,None,truth_safe_unverified
230830,ses230830-units-probe2-spk-AAAB.npy,.npy,SPK,AAAB,168000128,"(224, 125, 6000)",3,uint8,"trial, unit, time",expected_rank3,False,valid,None,truth_safe_unverified
230830,ses230830-units-probe2-spk-AAAX.npy,.npy,SPK,AAAX,23250128,"(31, 125, 6000)",3,uint8,"trial, unit, time",expected_rank3,False,valid,None,truth_safe_unverified
230830,ses230830-units-probe2-spk-AAXB.npy,.npy,SPK,AAXB,30000128,"(40, 125, 6000)",3,uint8,"trial, unit, time",expected_rank3,False,valid,None,truth_safe_unverified
230830,ses230830-units-probe2-spk-AXAB.npy,.npy,SPK,AXAB,26250128,"(35, 125, 6000)",3,uint8,"trial, unit, time",expected_rank3,False,valid,None,truth_safe_unverified
230830,ses230830-units-probe2-spk-BBBA.npy,.npy,SPK,BBBA,163500128,"(218, 125, 6000)",3,uint8,"trial, unit, time",expected_rank3,False,valid,None,truth_safe_unverified
230830,ses230830-units-probe2-spk-BBBX.npy,.npy,SPK,BBBX,24000128,"(32, 125, 6000)",3,uint8,"trial, unit, time",expected_rank3,False,valid,None,truth_safe_unverified
230830,ses230830-units-probe2-spk-BBXA.npy,.npy,SPK,BBXA,29250128,"(39, 125, 6000)",3,uint8,"trial, unit, time",expected_rank3,False,valid,None,truth_safe_unverified
230830,ses230830-units-probe2-spk-BXBA.npy,.npy,SPK,BXBA,30750128,"(41, 125, 6000)",3,uint8,"trial, unit, time",expected_rank3,False,valid,None,truth_safe_unverified
230830,ses230830-units-probe2-spk-RRRR.npy,.npy,SPK,RRRR,83250128,"(111, 125, 6000)",3,uint8,"trial, unit, time",expected_rank3,False,valid,None,truth_safe_unverified
230830,ses230830-units-probe2-spk-RRRX.npy,.npy,SPK,RRRX,63750128,"(85, 125, 6000)",3,uint8,"trial, unit, time",expected_rank3,False,valid,None,truth_safe_unverified
230830,ses230830-units-probe2-spk-RRXR.npy,.npy,SPK,RRXR,29250128,"(39, 125, 6000)",3,uint8,"trial, unit, time",expected_rank3,False,valid,None,truth_safe_unverified
230830,ses230830-units-probe2-spk-RXRR.npy,.npy,SPK,RXRR,48750128,"(65, 125, 6000)",3,uint8,"trial, unit, time",expected_rank3,False,valid,None,truth_safe_unverified
230831,ses230831-probe0-lfp-AAAB.npy,.npy,LFP,AAAB,675840128,"(220, 128, 6000)",3,float32,"trial, channel, time",expected_rank3,False,valid,None,truth_safe_unverified
230831,ses230831-probe0-lfp-AAAX.npy,.npy,LFP,AAAX,122880128,"(40, 128, 6000)",3,float32,"trial, channel, time",expected_rank3,False,valid,None,truth_safe_unverified
230831,ses230831-probe0-lfp-AAXB.npy,.npy,LFP,AAXB,98304128,"(32, 128, 6000)",3,float32,"trial, channel, time",expected_rank3,False,valid,None,truth_safe_unverified
230831,ses230831-probe0-lfp-AXAB.npy,.npy,LFP,AXAB,116736128,"(38, 128, 6000)",3,float32,"trial, channel, time",expected_rank3,False,valid,None,truth_safe_unverified
230831,ses230831-probe0-lfp-BBBA.npy,.npy,LFP,BBBA,703488128,"(229, 128, 6000)",3,float32,"trial, channel, time",expected_rank3,False,valid,None,truth_safe_unverified
230831,ses230831-probe0-lfp-BBBX.npy,.npy,LFP,BBBX,79872128,"(26, 128, 6000)",3,float32,"trial, channel, time",expected_rank3,False,valid,None,truth_safe_unverified
230831,ses230831-probe0-lfp-BBXA.npy,.npy,LFP,BBXA,82944128,"(27, 128, 6000)",3,float32,"trial, channel, time",expected_rank3,False,valid,None,truth_safe_unverified
230831,ses230831-probe0-lfp-BXBA.npy,.npy,LFP,BXBA,147456128,"(48, 128, 6000)",3,float32,"trial, channel, time",expected_rank3,False,valid,None,truth_safe_unverified
230831,ses230831-probe0-lfp-RRRR.npy,.npy,LFP,RRRR,340992128,"(111, 128, 6000)",3,float32,"trial, channel, time",expected_rank3,False,valid,None,truth_safe_unverified
230831,ses230831-probe0-lfp-RRRX.npy,.npy,LFP,RRRX,264192128,"(86, 128, 6000)",3,float32,"trial, channel, time",expected_rank3,False,valid,None,truth_safe_unverified
230831,ses230831-probe0-lfp-RRXR.npy,.npy,LFP,RRXR,89088128,"(29, 128, 6000)",3,float32,"trial, channel, time",expected_rank3,False,valid,None,truth_safe_unverified
230831,ses230831-probe0-lfp-RXRR.npy,.npy,LFP,RXRR,227328128,"(74, 128, 6000)",3,float32,"trial, channel, time",expected_rank3,False,valid,None,truth_safe_unverified
230831,ses230831-probe1-lfp-AAAB.npy,.npy,LFP,AAAB,675840128,"(220, 128, 6000)",3,float32,"trial, channel, time",expected_rank3,False,valid,None,truth_safe_unverified
230831,ses230831-probe1-lfp-AAAX.npy,.npy,LFP,AAAX,122880128,"(40, 128, 6000)",3,float32,"trial, channel, time",expected_rank3,False,valid,None,truth_safe_unverified
230831,ses230831-probe1-lfp-AAXB.npy,.npy,LFP,AAXB,98304128,"(32, 128, 6000)",3,float32,"trial, channel, time",expected_rank3,False,valid,None,truth_safe_unverified
230831,ses230831-probe1-lfp-AXAB.npy,.npy,LFP,AXAB,116736128,"(38, 128, 6000)",3,float32,"trial, channel, time",expected_rank3,False,valid,None,truth_safe_unverified
230831,ses230831-probe1-lfp-BBBA.npy,.npy,LFP,BBBA,703488128,"(229, 128, 6000)",3,float32,"trial, channel, time",expected_rank3,False,valid,None,truth_safe_unverified
230831,ses230831-probe1-lfp-BBBX.npy,.npy,LFP,BBBX,79872128,"(26, 128, 6000)",3,float32,"trial, channel, time",expected_rank3,False,valid,None,truth_safe_unverified
230831,ses230831-probe1-lfp-BBXA.npy,.npy,LFP,BBXA,82944128,"(27, 128, 6000)",3,float32,"trial, channel, time",expected_rank3,False,valid,None,truth_safe_unverified
230831,ses230831-probe1-lfp-BXBA.npy,.npy,LFP,BXBA,147456128,"(48, 128, 6000)",3,float32,"trial, channel, time",expected_rank3,False,valid,None,truth_safe_unverified
230831,ses230831-probe1-lfp-RRRR.npy,.npy,LFP,RRRR,340992128,"(111, 128, 6000)",3,float32,"trial, channel, time",expected_rank3,False,valid,None,truth_safe_unverified
230831,ses230831-probe1-lfp-RRRX.npy,.npy,LFP,RRRX,264192128,"(86, 128, 6000)",3,float32,"trial, channel, time",expected_rank3,False,valid,None,truth_safe_unverified
230831,ses230831-probe1-lfp-RRXR.npy,.npy,LFP,RRXR,89088128,"(29, 128, 6000)",3,float32,"trial, channel, time",expected_rank3,False,valid,None,truth_safe_unverified
230831,ses230831-probe1-lfp-RXRR.npy,.npy,LFP,RXRR,227328128,"(74, 128, 6000)",3,float32,"trial, channel, time",expected_rank3,False,valid,None,truth_safe_unverified
230831,ses230831-probe2-lfp-AAAB.npy,.npy,LFP,AAAB,675840128,"(220, 128, 6000)",3,float32,"trial, channel, time",expected_rank3,False,valid,None,truth_safe_unverified
230831,ses230831-probe2-lfp-AAAX.npy,.npy,LFP,AAAX,122880128,"(40, 128, 6000)",3,float32,"trial, channel, time",expected_rank3,False,valid,None,truth_safe_unverified
230831,ses230831-probe2-lfp-AAXB.npy,.npy,LFP,AAXB,98304128,"(32, 128, 6000)",3,float32,"trial, channel, time",expected_rank3,False,valid,None,truth_safe_unverified
230831,ses230831-probe2-lfp-AXAB.npy,.npy,LFP,AXAB,116736128,"(38, 128, 6000)",3,float32,"trial, channel, time",expected_rank3,False,valid,None,truth_safe_unverified
230831,ses230831-probe2-lfp-BBBA.npy,.npy,LFP,BBBA,703488128,"(229, 128, 6000)",3,float32,"trial, channel, time",expected_rank3,False,valid,None,truth_safe_unverified
230831,ses230831-probe2-lfp-BBBX.npy,.npy,LFP,BBBX,79872128,"(26, 128, 6000)",3,float32,"trial, channel, time",expected_rank3,False,valid,None,truth_safe_unverified
230831,ses230831-probe2-lfp-BBXA.npy,.npy,LFP,BBXA,82944128,"(27, 128, 6000)",3,float32,"trial, channel, time",expected_rank3,False,valid,None,truth_safe_unverified
230831,ses230831-probe2-lfp-BXBA.npy,.npy,LFP,BXBA,147456128,"(48, 128, 6000)",3,float32,"trial, channel, time",expected_rank3,False,valid,None,truth_safe_unverified
230831,ses230831-probe2-lfp-RRRR.npy,.npy,LFP,RRRR,340992128,"(111, 128, 6000)",3,float32,"trial, channel, time",expected_rank3,False,valid,None,truth_safe_unverified
230831,ses230831-probe2-lfp-RRRX.npy,.npy,LFP,RRRX,264192128,"(86, 128, 6000)",3,float32,"trial, channel, time",expected_rank3,False,valid,None,truth_safe_unverified
230831,ses230831-probe2-lfp-RRXR.npy,.npy,LFP,RRXR,89088128,"(29, 128, 6000)",3,float32,"trial, channel, time",expected_rank3,False,valid,None,truth_safe_unverified
230831,ses230831-probe2-lfp-RXRR.npy,.npy,LFP,RXRR,227328128,"(74, 128, 6000)",3,float32,"trial, channel, time",expected_rank3,False,valid,None,truth_safe_unverified
230831,ses230831-units-probe0-spk-AAAB.npy,.npy,SPK,AAAB,180840128,"(220, 137, 6000)",3,uint8,"trial, unit, time",expected_rank3,False,valid,None,truth_safe_unverified
230831,ses230831-units-probe0-spk-AAAX.npy,.npy,SPK,AAAX,32880128,"(40, 137, 6000)",3,uint8,"trial, unit, time",expected_rank3,False,valid,None,truth_safe_unverified
230831,ses230831-units-probe0-spk-AAXB.npy,.npy,SPK,AAXB,26304128,"(32, 137, 6000)",3,uint8,"trial, unit, time",expected_rank3,False,valid,None,truth_safe_unverified
230831,ses230831-units-probe0-spk-AXAB.npy,.npy,SPK,AXAB,31236128,"(38, 137, 6000)",3,uint8,"trial, unit, time",expected_rank3,False,valid,None,truth_safe_unverified
230831,ses230831-units-probe0-spk-BBBA.npy,.npy,SPK,BBBA,188238128,"(229, 137, 6000)",3,uint8,"trial, unit, time",expected_rank3,False,valid,None,truth_safe_unverified
230831,ses230831-units-probe0-spk-BBBX.npy,.npy,SPK,BBBX,21372128,"(26, 137, 6000)",3,uint8,"trial, unit, time",expected_rank3,False,valid,None,truth_safe_unverified
230831,ses230831-units-probe0-spk-BBXA.npy,.npy,SPK,BBXA,22194128,"(27, 137, 6000)",3,uint8,"trial, unit, time",expected_rank3,False,valid,None,truth_safe_unverified
230831,ses230831-units-probe0-spk-BXBA.npy,.npy,SPK,BXBA,39456128,"(48, 137, 6000)",3,uint8,"trial, unit, time",expected_rank3,False,valid,None,truth_safe_unverified
230831,ses230831-units-probe0-spk-RRRR.npy,.npy,SPK,RRRR,91242128,"(111, 137, 6000)",3,uint8,"trial, unit, time",expected_rank3,False,valid,None,truth_safe_unverified
230831,ses230831-units-probe0-spk-RRRX.npy,.npy,SPK,RRRX,70692128,"(86, 137, 6000)",3,uint8,"trial, unit, time",expected_rank3,False,valid,None,truth_safe_unverified
230831,ses230831-units-probe0-spk-RRXR.npy,.npy,SPK,RRXR,23838128,"(29, 137, 6000)",3,uint8,"trial, unit, time",expected_rank3,False,valid,None,truth_safe_unverified
230831,ses230831-units-probe0-spk-RXRR.npy,.npy,SPK,RXRR,60828128,"(74, 137, 6000)",3,uint8,"trial, unit, time",expected_rank3,False,valid,None,truth_safe_unverified
230831,ses230831-units-probe1-spk-AAAB.npy,.npy,SPK,AAAB,326040128,"(220, 247, 6000)",3,uint8,"trial, unit, time",expected_rank3,False,valid,None,truth_safe_unverified
230831,ses230831-units-probe1-spk-AAAX.npy,.npy,SPK,AAAX,59280128,"(40, 247, 6000)",3,uint8,"trial, unit, time",expected_rank3,False,valid,None,truth_safe_unverified
230831,ses230831-units-probe1-spk-AAXB.npy,.npy,SPK,AAXB,47424128,"(32, 247, 6000)",3,uint8,"trial, unit, time",expected_rank3,False,valid,None,truth_safe_unverified
230831,ses230831-units-probe1-spk-AXAB.npy,.npy,SPK,AXAB,56316128,"(38, 247, 6000)",3,uint8,"trial, unit, time",expected_rank3,False,valid,None,truth_safe_unverified
230831,ses230831-units-probe1-spk-BBBA.npy,.npy,SPK,BBBA,339378128,"(229, 247, 6000)",3,uint8,"trial, unit, time",expected_rank3,False,valid,None,truth_safe_unverified
230831,ses230831-units-probe1-spk-BBBX.npy,.npy,SPK,BBBX,38532128,"(26, 247, 6000)",3,uint8,"trial, unit, time",expected_rank3,False,valid,None,truth_safe_unverified
230831,ses230831-units-probe1-spk-BBXA.npy,.npy,SPK,BBXA,40014128,"(27, 247, 6000)",3,uint8,"trial, unit, time",expected_rank3,False,valid,None,truth_safe_unverified
230831,ses230831-units-probe1-spk-BXBA.npy,.npy,SPK,BXBA,71136128,"(48, 247, 6000)",3,uint8,"trial, unit, time",expected_rank3,False,valid,None,truth_safe_unverified
230831,ses230831-units-probe1-spk-RRRR.npy,.npy,SPK,RRRR,164502128,"(111, 247, 6000)",3,uint8,"trial, unit, time",expected_rank3,False,valid,None,truth_safe_unverified
230831,ses230831-units-probe1-spk-RRRX.npy,.npy,SPK,RRRX,127452128,"(86, 247, 6000)",3,uint8,"trial, unit, time",expected_rank3,False,valid,None,truth_safe_unverified
230831,ses230831-units-probe1-spk-RRXR.npy,.npy,SPK,RRXR,42978128,"(29, 247, 6000)",3,uint8,"trial, unit, time",expected_rank3,False,valid,None,truth_safe_unverified
230831,ses230831-units-probe1-spk-RXRR.npy,.npy,SPK,RXRR,109668128,"(74, 247, 6000)",3,uint8,"trial, unit, time",expected_rank3,False,valid,None,truth_safe_unverified
230831,ses230831-units-probe2-spk-AAAB.npy,.npy,SPK,AAAB,264000128,"(220, 200, 6000)",3,uint8,"trial, unit, time",expected_rank3,False,valid,None,truth_safe_unverified
230831,ses230831-units-probe2-spk-AAAX.npy,.npy,SPK,AAAX,48000128,"(40, 200, 6000)",3,uint8,"trial, unit, time",expected_rank3,False,valid,None,truth_safe_unverified
230831,ses230831-units-probe2-spk-AAXB.npy,.npy,SPK,AAXB,38400128,"(32, 200, 6000)",3,uint8,"trial, unit, time",expected_rank3,False,valid,None,truth_safe_unverified
230831,ses230831-units-probe2-spk-AXAB.npy,.npy,SPK,AXAB,45600128,"(38, 200, 6000)",3,uint8,"trial, unit, time",expected_rank3,False,valid,None,truth_safe_unverified
230831,ses230831-units-probe2-spk-BBBA.npy,.npy,SPK,BBBA,274800128,"(229, 200, 6000)",3,uint8,"trial, unit, time",expected_rank3,False,valid,None,truth_safe_unverified
230831,ses230831-units-probe2-spk-BBBX.npy,.npy,SPK,BBBX,31200128,"(26, 200, 6000)",3,uint8,"trial, unit, time",expected_rank3,False,valid,None,truth_safe_unverified
230831,ses230831-units-probe2-spk-BBXA.npy,.npy,SPK,BBXA,32400128,"(27, 200, 6000)",3,uint8,"trial, unit, time",expected_rank3,False,valid,None,truth_safe_unverified
230831,ses230831-units-probe2-spk-BXBA.npy,.npy,SPK,BXBA,57600128,"(48, 200, 6000)",3,uint8,"trial, unit, time",expected_rank3,False,valid,None,truth_safe_unverified
230831,ses230831-units-probe2-spk-RRRR.npy,.npy,SPK,RRRR,133200128,"(111, 200, 6000)",3,uint8,"trial, unit, time",expected_rank3,False,valid,None,truth_safe_unverified
230831,ses230831-units-probe2-spk-RRRX.npy,.npy,SPK,RRRX,103200128,"(86, 200, 6000)",3,uint8,"trial, unit, time",expected_rank3,False,valid,None,truth_safe_unverified
230831,ses230831-units-probe2-spk-RRXR.npy,.npy,SPK,RRXR,34800128,"(29, 200, 6000)",3,uint8,"trial, unit, time",expected_rank3,False,valid,None,truth_safe_unverified
230831,ses230831-units-probe2-spk-RXRR.npy,.npy,SPK,RXRR,88800128,"(74, 200, 6000)",3,uint8,"trial, unit, time",expected_rank3,False,valid,None,truth_safe_unverified
230901,ses230901-probe0-lfp-AAAB.npy,.npy,LFP,AAAB,758784128,"(247, 128, 6000)",3,float32,"trial, channel, time",expected_rank3,False,valid,None,truth_safe_unverified
230901,ses230901-probe0-lfp-AAAX.npy,.npy,LFP,AAAX,92160128,"(30, 128, 6000)",3,float32,"trial, channel, time",expected_rank3,False,valid,None,truth_safe_unverified
230901,ses230901-probe0-lfp-AAXB.npy,.npy,LFP,AAXB,122880128,"(40, 128, 6000)",3,float32,"trial, channel, time",expected_rank3,False,valid,None,truth_safe_unverified
230901,ses230901-probe0-lfp-AXAB.npy,.npy,LFP,AXAB,92160128,"(30, 128, 6000)",3,float32,"trial, channel, time",expected_rank3,False,valid,None,truth_safe_unverified
230901,ses230901-probe0-lfp-BBBA.npy,.npy,LFP,BBBA,663552128,"(216, 128, 6000)",3,float32,"trial, channel, time",expected_rank3,False,valid,None,truth_safe_unverified
230901,ses230901-probe0-lfp-BBBX.npy,.npy,LFP,BBBX,92160128,"(30, 128, 6000)",3,float32,"trial, channel, time",expected_rank3,False,valid,None,truth_safe_unverified
230901,ses230901-probe0-lfp-BBXA.npy,.npy,LFP,BBXA,129024128,"(42, 128, 6000)",3,float32,"trial, channel, time",expected_rank3,False,valid,None,truth_safe_unverified
230901,ses230901-probe0-lfp-BXBA.npy,.npy,LFP,BXBA,129024128,"(42, 128, 6000)",3,float32,"trial, channel, time",expected_rank3,False,valid,None,truth_safe_unverified
230901,ses230901-probe0-lfp-RRRR.npy,.npy,LFP,RRRR,325632128,"(106, 128, 6000)",3,float32,"trial, channel, time",expected_rank3,False,valid,None,truth_safe_unverified
230901,ses230901-probe0-lfp-RRRX.npy,.npy,LFP,RRRX,319488128,"(104, 128, 6000)",3,float32,"trial, channel, time",expected_rank3,False,valid,None,truth_safe_unverified
230901,ses230901-probe0-lfp-RRXR.npy,.npy,LFP,RRXR,122880128,"(40, 128, 6000)",3,float32,"trial, channel, time",expected_rank3,False,valid,None,truth_safe_unverified
230901,ses230901-probe0-lfp-RXRR.npy,.npy,LFP,RXRR,153600128,"(50, 128, 6000)",3,float32,"trial, channel, time",expected_rank3,False,valid,None,truth_safe_unverified
230901,ses230901-probe1-lfp-AAAB.npy,.npy,LFP,AAAB,758784128,"(247, 128, 6000)",3,float32,"trial, channel, time",expected_rank3,False,valid,None,truth_safe_unverified
230901,ses230901-probe1-lfp-AAAX.npy,.npy,LFP,AAAX,92160128,"(30, 128, 6000)",3,float32,"trial, channel, time",expected_rank3,False,valid,None,truth_safe_unverified
230901,ses230901-probe1-lfp-AAXB.npy,.npy,LFP,AAXB,122880128,"(40, 128, 6000)",3,float32,"trial, channel, time",expected_rank3,False,valid,None,truth_safe_unverified
230901,ses230901-probe1-lfp-AXAB.npy,.npy,LFP,AXAB,92160128,"(30, 128, 6000)",3,float32,"trial, channel, time",expected_rank3,False,valid,None,truth_safe_unverified
230901,ses230901-probe1-lfp-BBBA.npy,.npy,LFP,BBBA,663552128,"(216, 128, 6000)",3,float32,"trial, channel, time",expected_rank3,False,valid,None,truth_safe_unverified
230901,ses230901-probe1-lfp-BBBX.npy,.npy,LFP,BBBX,92160128,"(30, 128, 6000)",3,float32,"trial, channel, time",expected_rank3,False,valid,None,truth_safe_unverified
230901,ses230901-probe1-lfp-BBXA.npy,.npy,LFP,BBXA,129024128,"(42, 128, 6000)",3,float32,"trial, channel, time",expected_rank3,False,valid,None,truth_safe_unverified
230901,ses230901-probe1-lfp-BXBA.npy,.npy,LFP,BXBA,129024128,"(42, 128, 6000)",3,float32,"trial, channel, time",expected_rank3,False,valid,None,truth_safe_unverified
230901,ses230901-probe1-lfp-RRRR.npy,.npy,LFP,RRRR,325632128,"(106, 128, 6000)",3,float32,"trial, channel, time",expected_rank3,False,valid,None,truth_safe_unverified
230901,ses230901-probe1-lfp-RRRX.npy,.npy,LFP,RRRX,319488128,"(104, 128, 6000)",3,float32,"trial, channel, time",expected_rank3,False,valid,None,truth_safe_unverified
230901,ses230901-probe1-lfp-RRXR.npy,.npy,LFP,RRXR,122880128,"(40, 128, 6000)",3,float32,"trial, channel, time",expected_rank3,False,valid,None,truth_safe_unverified
230901,ses230901-probe1-lfp-RXRR.npy,.npy,LFP,RXRR,153600128,"(50, 128, 6000)",3,float32,"trial, channel, time",expected_rank3,False,valid,None,truth_safe_unverified
230901,ses230901-probe2-lfp-AAAB.npy,.npy,LFP,AAAB,758784128,"(247, 128, 6000)",3,float32,"trial, channel, time",expected_rank3,False,valid,None,truth_safe_unverified
230901,ses230901-probe2-lfp-AAAX.npy,.npy,LFP,AAAX,92160128,"(30, 128, 6000)",3,float32,"trial, channel, time",expected_rank3,False,valid,None,truth_safe_unverified
230901,ses230901-probe2-lfp-AAXB.npy,.npy,LFP,AAXB,122880128,"(40, 128, 6000)",3,float32,"trial, channel, time",expected_rank3,False,valid,None,truth_safe_unverified
230901,ses230901-probe2-lfp-AXAB.npy,.npy,LFP,AXAB,92160128,"(30, 128, 6000)",3,float32,"trial, channel, time",expected_rank3,False,valid,None,truth_safe_unverified
230901,ses230901-probe2-lfp-BBBA.npy,.npy,LFP,BBBA,663552128,"(216, 128, 6000)",3,float32,"trial, channel, time",expected_rank3,False,valid,None,truth_safe_unverified
230901,ses230901-probe2-lfp-BBBX.npy,.npy,LFP,BBBX,92160128,"(30, 128, 6000)",3,float32,"trial, channel, time",expected_rank3,False,valid,None,truth_safe_unverified
230901,ses230901-probe2-lfp-BBXA.npy,.npy,LFP,BBXA,129024128,"(42, 128, 6000)",3,float32,"trial, channel, time",expected_rank3,False,valid,None,truth_safe_unverified
230901,ses230901-probe2-lfp-BXBA.npy,.npy,LFP,BXBA,129024128,"(42, 128, 6000)",3,float32,"trial, channel, time",expected_rank3,False,valid,None,truth_safe_unverified
230901,ses230901-probe2-lfp-RRRR.npy,.npy,LFP,RRRR,325632128,"(106, 128, 6000)",3,float32,"trial, channel, time",expected_rank3,False,valid,None,truth_safe_unverified
230901,ses230901-probe2-lfp-RRRX.npy,.npy,LFP,RRRX,319488128,"(104, 128, 6000)",3,float32,"trial, channel, time",expected_rank3,False,valid,None,truth_safe_unverified
230901,ses230901-probe2-lfp-RRXR.npy,.npy,LFP,RRXR,122880128,"(40, 128, 6000)",3,float32,"trial, channel, time",expected_rank3,False,valid,None,truth_safe_unverified
230901,ses230901-probe2-lfp-RXRR.npy,.npy,LFP,RXRR,153600128,"(50, 128, 6000)",3,float32,"trial, channel, time",expected_rank3,False,valid,None,truth_safe_unverified
230901,ses230901-units-probe0-spk-AAAB.npy,.npy,SPK,AAAB,752856128,"(247, 508, 6000)",3,uint8,"trial, unit, time",expected_rank3,False,valid,None,truth_safe_unverified
230901,ses230901-units-probe0-spk-AAAX.npy,.npy,SPK,AAAX,91440128,"(30, 508, 6000)",3,uint8,"trial, unit, time",expected_rank3,False,valid,None,truth_safe_unverified
230901,ses230901-units-probe0-spk-AAXB.npy,.npy,SPK,AAXB,121920128,"(40, 508, 6000)",3,uint8,"trial, unit, time",expected_rank3,False,valid,None,truth_safe_unverified
230901,ses230901-units-probe0-spk-AXAB.npy,.npy,SPK,AXAB,91440128,"(30, 508, 6000)",3,uint8,"trial, unit, time",expected_rank3,False,valid,None,truth_safe_unverified
230901,ses230901-units-probe0-spk-BBBA.npy,.npy,SPK,BBBA,658368128,"(216, 508, 6000)",3,uint8,"trial, unit, time",expected_rank3,False,valid,None,truth_safe_unverified
230901,ses230901-units-probe0-spk-BBBX.npy,.npy,SPK,BBBX,91440128,"(30, 508, 6000)",3,uint8,"trial, unit, time",expected_rank3,False,valid,None,truth_safe_unverified
230901,ses230901-units-probe0-spk-BBXA.npy,.npy,SPK,BBXA,128016128,"(42, 508, 6000)",3,uint8,"trial, unit, time",expected_rank3,False,valid,None,truth_safe_unverified
230901,ses230901-units-probe0-spk-BXBA.npy,.npy,SPK,BXBA,128016128,"(42, 508, 6000)",3,uint8,"trial, unit, time",expected_rank3,False,valid,None,truth_safe_unverified
230901,ses230901-units-probe0-spk-RRRR.npy,.npy,SPK,RRRR,323088128,"(106, 508, 6000)",3,uint8,"trial, unit, time",expected_rank3,False,valid,None,truth_safe_unverified
230901,ses230901-units-probe0-spk-RRRX.npy,.npy,SPK,RRRX,316992128,"(104, 508, 6000)",3,uint8,"trial, unit, time",expected_rank3,False,valid,None,truth_safe_unverified
230901,ses230901-units-probe0-spk-RRXR.npy,.npy,SPK,RRXR,121920128,"(40, 508, 6000)",3,uint8,"trial, unit, time",expected_rank3,False,valid,None,truth_safe_unverified
230901,ses230901-units-probe0-spk-RXRR.npy,.npy,SPK,RXRR,152400128,"(50, 508, 6000)",3,uint8,"trial, unit, time",expected_rank3,False,valid,None,truth_safe_unverified
230901,ses230901-units-probe2-spk-AAAB.npy,.npy,SPK,AAAB,278616128,"(247, 188, 6000)",3,uint8,"trial, unit, time",expected_rank3,False,valid,None,truth_safe_unverified
230901,ses230901-units-probe2-spk-AAAX.npy,.npy,SPK,AAAX,33840128,"(30, 188, 6000)",3,uint8,"trial, unit, time",expected_rank3,False,valid,None,truth_safe_unverified
230901,ses230901-units-probe2-spk-AAXB.npy,.npy,SPK,AAXB,45120128,"(40, 188, 6000)",3,uint8,"trial, unit, time",expected_rank3,False,valid,None,truth_safe_unverified
230901,ses230901-units-probe2-spk-AXAB.npy,.npy,SPK,AXAB,33840128,"(30, 188, 6000)",3,uint8,"trial, unit, time",expected_rank3,False,valid,None,truth_safe_unverified
230901,ses230901-units-probe2-spk-BBBA.npy,.npy,SPK,BBBA,243648128,"(216, 188, 6000)",3,uint8,"trial, unit, time",expected_rank3,False,valid,None,truth_safe_unverified
230901,ses230901-units-probe2-spk-BBBX.npy,.npy,SPK,BBBX,33840128,"(30, 188, 6000)",3,uint8,"trial, unit, time",expected_rank3,False,valid,None,truth_safe_unverified
230901,ses230901-units-probe2-spk-BBXA.npy,.npy,SPK,BBXA,47376128,"(42, 188, 6000)",3,uint8,"trial, unit, time",expected_rank3,False,valid,None,truth_safe_unverified
230901,ses230901-units-probe2-spk-BXBA.npy,.npy,SPK,BXBA,47376128,"(42, 188, 6000)",3,uint8,"trial, unit, time",expected_rank3,False,valid,None,truth_safe_unverified
230901,ses230901-units-probe2-spk-RRRR.npy,.npy,SPK,RRRR,119568128,"(106, 188, 6000)",3,uint8,"trial, unit, time",expected_rank3,False,valid,None,truth_safe_unverified
230901,ses230901-units-probe2-spk-RRRX.npy,.npy,SPK,RRRX,117312128,"(104, 188, 6000)",3,uint8,"trial, unit, time",expected_rank3,False,valid,None,truth_safe_unverified
230901,ses230901-units-probe2-spk-RRXR.npy,.npy,SPK,RRXR,45120128,"(40, 188, 6000)",3,uint8,"trial, unit, time",expected_rank3,False,valid,None,truth_safe_unverified
230901,ses230901-units-probe2-spk-RXRR.npy,.npy,SPK,RXRR,56400128,"(50, 188, 6000)",3,uint8,"trial, unit, time",expected_rank3,False,valid,None,truth_safe_unverified
230630,sub-C31o_ses-230630_rec_probeA_lfp_cond_10.npy,.npy,LFP,None,40960128,"(8, 128, 5000)",3,float64,"trial, channel, time",expected_rank3,False,valid,None,truth_safe_unverified
230630,sub-C31o_ses-230630_rec_probeA_lfp_cond_2.npy,.npy,LFP,None,225280128,"(44, 128, 5000)",3,float64,"trial, channel, time",expected_rank3,False,valid,None,truth_safe_unverified
230630,sub-C31o_ses-230630_rec_probeA_lfp_cond_26.npy,.npy,LFP,None,419840128,"(82, 128, 5000)",3,float64,"trial, channel, time",expected_rank3,False,valid,None,truth_safe_unverified
230630,sub-C31o_ses-230630_rec_probeA_lfp_cond_3.npy,.npy,LFP,None,35840128,"(7, 128, 5000)",3,float64,"trial, channel, time",expected_rank3,False,valid,None,truth_safe_unverified
230630,sub-C31o_ses-230630_rec_probeA_lfp_cond_34.npy,.npy,LFP,None,35840128,"(7, 128, 5000)",3,float64,"trial, channel, time",expected_rank3,False,valid,None,truth_safe_unverified
230630,sub-C31o_ses-230630_rec_probeA_lfp_cond_4.npy,.npy,LFP,None,30720128,"(6, 128, 5000)",3,float64,"trial, channel, time",expected_rank3,False,valid,None,truth_safe_unverified
230630,sub-C31o_ses-230630_rec_probeA_lfp_cond_42.npy,.npy,LFP,None,10240128,"(2, 128, 5000)",3,float64,"trial, channel, time",expected_rank3,False,valid,None,truth_safe_unverified
230630,sub-C31o_ses-230630_rec_probeA_lfp_cond_5.npy,.npy,LFP,None,15360128,"(3, 128, 5000)",3,float64,"trial, channel, time",expected_rank3,False,valid,None,truth_safe_unverified
230630,sub-C31o_ses-230630_rec_probeA_lfp_cond_50.npy,.npy,LFP,None,10240128,"(2, 128, 5000)",3,float64,"trial, channel, time",expected_rank3,False,valid,None,truth_safe_unverified
230630,sub-C31o_ses-230630_rec_probeA_lfp_cond_7.npy,.npy,LFP,None,199680128,"(39, 128, 5000)",3,float64,"trial, channel, time",expected_rank3,False,valid,None,truth_safe_unverified
230630,sub-C31o_ses-230630_rec_probeA_lfp_cond_8.npy,.npy,LFP,None,30720128,"(6, 128, 5000)",3,float64,"trial, channel, time",expected_rank3,False,valid,None,truth_safe_unverified
230630,sub-C31o_ses-230630_rec_probeA_lfp_cond_9.npy,.npy,LFP,None,35840128,"(7, 128, 5000)",3,float64,"trial, channel, time",expected_rank3,False,valid,None,truth_safe_unverified
230816,sub-C31o_ses-230816_rec_probeA_lfp_cond_10.npy,.npy,LFP,None,143360128,"(28, 128, 5000)",3,float64,"trial, channel, time",expected_rank3,False,valid,None,truth_safe_unverified
230816,sub-C31o_ses-230816_rec_probeA_lfp_cond_2.npy,.npy,LFP,None,1259520128,"(246, 128, 5000)",3,float64,"trial, channel, time",expected_rank3,False,valid,None,truth_safe_unverified
230816,sub-C31o_ses-230816_rec_probeA_lfp_cond_26.npy,.npy,LFP,None,512000128,"(100, 128, 5000)",3,float64,"trial, channel, time",expected_rank3,False,valid,None,truth_safe_unverified
230816,sub-C31o_ses-230816_rec_probeA_lfp_cond_3.npy,.npy,LFP,None,174080128,"(34, 128, 5000)",3,float64,"trial, channel, time",expected_rank3,False,valid,None,truth_safe_unverified
230816,sub-C31o_ses-230816_rec_probeA_lfp_cond_34.npy,.npy,LFP,None,261120128,"(51, 128, 5000)",3,float64,"trial, channel, time",expected_rank3,False,valid,None,truth_safe_unverified
230816,sub-C31o_ses-230816_rec_probeA_lfp_cond_4.npy,.npy,LFP,None,138240128,"(27, 128, 5000)",3,float64,"trial, channel, time",expected_rank3,False,valid,None,truth_safe_unverified
230816,sub-C31o_ses-230816_rec_probeA_lfp_cond_42.npy,.npy,LFP,None,128000128,"(25, 128, 5000)",3,float64,"trial, channel, time",expected_rank3,False,valid,None,truth_safe_unverified
230816,sub-C31o_ses-230816_rec_probeA_lfp_cond_5.npy,.npy,LFP,None,117760128,"(23, 128, 5000)",3,float64,"trial, channel, time",expected_rank3,False,valid,None,truth_safe_unverified
230816,sub-C31o_ses-230816_rec_probeA_lfp_cond_50.npy,.npy,LFP,None,128000128,"(25, 128, 5000)",3,float64,"trial, channel, time",expected_rank3,False,valid,None,truth_safe_unverified
230816,sub-C31o_ses-230816_rec_probeA_lfp_cond_7.npy,.npy,LFP,None,1203200128,"(235, 128, 5000)",3,float64,"trial, channel, time",expected_rank3,False,valid,None,truth_safe_unverified
230816,sub-C31o_ses-230816_rec_probeA_lfp_cond_8.npy,.npy,LFP,None,189440128,"(37, 128, 5000)",3,float64,"trial, channel, time",expected_rank3,False,valid,None,truth_safe_unverified
230816,sub-C31o_ses-230816_rec_probeA_lfp_cond_9.npy,.npy,LFP,None,153600128,"(30, 128, 5000)",3,float64,"trial, channel, time",expected_rank3,False,valid,None,truth_safe_unverified
230818,sub-C31o_ses-230818_rec_probeA_lfp_cond_10.npy,.npy,LFP,None,153600128,"(30, 128, 5000)",3,float64,"trial, channel, time",expected_rank3,False,valid,None,truth_safe_unverified
230818,sub-C31o_ses-230818_rec_probeA_lfp_cond_2.npy,.npy,LFP,None,1126400128,"(220, 128, 5000)",3,float64,"trial, channel, time",expected_rank3,False,valid,None,truth_safe_unverified
230818,sub-C31o_ses-230818_rec_probeA_lfp_cond_26.npy,.npy,LFP,None,532480128,"(104, 128, 5000)",3,float64,"trial, channel, time",expected_rank3,False,valid,None,truth_safe_unverified
230818,sub-C31o_ses-230818_rec_probeA_lfp_cond_3.npy,.npy,LFP,None,204800128,"(40, 128, 5000)",3,float64,"trial, channel, time",expected_rank3,False,valid,None,truth_safe_unverified
230818,sub-C31o_ses-230818_rec_probeA_lfp_cond_34.npy,.npy,LFP,None,327680128,"(64, 128, 5000)",3,float64,"trial, channel, time",expected_rank3,False,valid,None,truth_safe_unverified
230818,sub-C31o_ses-230818_rec_probeA_lfp_cond_4.npy,.npy,LFP,None,128000128,"(25, 128, 5000)",3,float64,"trial, channel, time",expected_rank3,False,valid,None,truth_safe_unverified
230818,sub-C31o_ses-230818_rec_probeA_lfp_cond_42.npy,.npy,LFP,None,143360128,"(28, 128, 5000)",3,float64,"trial, channel, time",expected_rank3,False,valid,None,truth_safe_unverified
230818,sub-C31o_ses-230818_rec_probeA_lfp_cond_5.npy,.npy,LFP,None,230400128,"(45, 128, 5000)",3,float64,"trial, channel, time",expected_rank3,False,valid,None,truth_safe_unverified
230818,sub-C31o_ses-230818_rec_probeA_lfp_cond_50.npy,.npy,LFP,None,143360128,"(28, 128, 5000)",3,float64,"trial, channel, time",expected_rank3,False,valid,None,truth_safe_unverified
230818,sub-C31o_ses-230818_rec_probeA_lfp_cond_7.npy,.npy,LFP,None,1203200128,"(235, 128, 5000)",3,float64,"trial, channel, time",expected_rank3,False,valid,None,truth_safe_unverified
230818,sub-C31o_ses-230818_rec_probeA_lfp_cond_8.npy,.npy,LFP,None,184320128,"(36, 128, 5000)",3,float64,"trial, channel, time",expected_rank3,False,valid,None,truth_safe_unverified
230818,sub-C31o_ses-230818_rec_probeA_lfp_cond_9.npy,.npy,LFP,None,148480128,"(29, 128, 5000)",3,float64,"trial, channel, time",expected_rank3,False,valid,None,truth_safe_unverified
230823,sub-C31o_ses-230823_rec_probeA_lfp_cond_10.npy,.npy,LFP,None,153600128,"(30, 128, 5000)",3,float64,"trial, channel, time",expected_rank3,False,valid,None,truth_safe_unverified
230823,sub-C31o_ses-230823_rec_probeA_lfp_cond_2.npy,.npy,LFP,None,1121280128,"(219, 128, 5000)",3,float64,"trial, channel, time",expected_rank3,False,valid,None,truth_safe_unverified
230823,sub-C31o_ses-230823_rec_probeA_lfp_cond_26.npy,.npy,LFP,None,568320128,"(111, 128, 5000)",3,float64,"trial, channel, time",expected_rank3,False,valid,None,truth_safe_unverified
230823,sub-C31o_ses-230823_rec_probeA_lfp_cond_3.npy,.npy,LFP,None,209920128,"(41, 128, 5000)",3,float64,"trial, channel, time",expected_rank3,False,valid,None,truth_safe_unverified
230823,sub-C31o_ses-230823_rec_probeA_lfp_cond_34.npy,.npy,LFP,None,281600128,"(55, 128, 5000)",3,float64,"trial, channel, time",expected_rank3,False,valid,None,truth_safe_unverified
230823,sub-C31o_ses-230823_rec_probeA_lfp_cond_4.npy,.npy,LFP,None,215040128,"(42, 128, 5000)",3,float64,"trial, channel, time",expected_rank3,False,valid,None,truth_safe_unverified
230823,sub-C31o_ses-230823_rec_probeA_lfp_cond_42.npy,.npy,LFP,None,220160128,"(43, 128, 5000)",3,float64,"trial, channel, time",expected_rank3,False,valid,None,truth_safe_unverified
230823,sub-C31o_ses-230823_rec_probeA_lfp_cond_5.npy,.npy,LFP,None,143360128,"(28, 128, 5000)",3,float64,"trial, channel, time",expected_rank3,False,valid,None,truth_safe_unverified
230823,sub-C31o_ses-230823_rec_probeA_lfp_cond_50.npy,.npy,LFP,None,220160128,"(43, 128, 5000)",3,float64,"trial, channel, time",expected_rank3,False,valid,None,truth_safe_unverified
230823,sub-C31o_ses-230823_rec_probeA_lfp_cond_7.npy,.npy,LFP,None,1162240128,"(227, 128, 5000)",3,float64,"trial, channel, time",expected_rank3,False,valid,None,truth_safe_unverified
230823,sub-C31o_ses-230823_rec_probeA_lfp_cond_8.npy,.npy,LFP,None,158720128,"(31, 128, 5000)",3,float64,"trial, channel, time",expected_rank3,False,valid,None,truth_safe_unverified
230823,sub-C31o_ses-230823_rec_probeA_lfp_cond_9.npy,.npy,LFP,None,215040128,"(42, 128, 5000)",3,float64,"trial, channel, time",expected_rank3,False,valid,None,truth_safe_unverified
230825,sub-C31o_ses-230825_rec_probeA_lfp_cond_10.npy,.npy,LFP,None,174080128,"(34, 128, 5000)",3,float64,"trial, channel, time",expected_rank3,False,valid,None,truth_safe_unverified
230825,sub-C31o_ses-230825_rec_probeA_lfp_cond_2.npy,.npy,LFP,None,1218560128,"(238, 128, 5000)",3,float64,"trial, channel, time",expected_rank3,False,valid,None,truth_safe_unverified
230825,sub-C31o_ses-230825_rec_probeA_lfp_cond_26.npy,.npy,LFP,None,558080128,"(109, 128, 5000)",3,float64,"trial, channel, time",expected_rank3,False,valid,None,truth_safe_unverified
230825,sub-C31o_ses-230825_rec_probeA_lfp_cond_3.npy,.npy,LFP,None,174080128,"(34, 128, 5000)",3,float64,"trial, channel, time",expected_rank3,False,valid,None,truth_safe_unverified
230825,sub-C31o_ses-230825_rec_probeA_lfp_cond_34.npy,.npy,LFP,None,368640128,"(72, 128, 5000)",3,float64,"trial, channel, time",expected_rank3,False,valid,None,truth_safe_unverified
230825,sub-C31o_ses-230825_rec_probeA_lfp_cond_4.npy,.npy,LFP,None,179200128,"(35, 128, 5000)",3,float64,"trial, channel, time",expected_rank3,False,valid,None,truth_safe_unverified
230825,sub-C31o_ses-230825_rec_probeA_lfp_cond_42.npy,.npy,LFP,None,138240128,"(27, 128, 5000)",3,float64,"trial, channel, time",expected_rank3,False,valid,None,truth_safe_unverified
230825,sub-C31o_ses-230825_rec_probeA_lfp_cond_5.npy,.npy,LFP,None,117760128,"(23, 128, 5000)",3,float64,"trial, channel, time",expected_rank3,False,valid,None,truth_safe_unverified
230825,sub-C31o_ses-230825_rec_probeA_lfp_cond_50.npy,.npy,LFP,None,138240128,"(27, 128, 5000)",3,float64,"trial, channel, time",expected_rank3,False,valid,None,truth_safe_unverified
230825,sub-C31o_ses-230825_rec_probeA_lfp_cond_7.npy,.npy,LFP,None,1116160128,"(218, 128, 5000)",3,float64,"trial, channel, time",expected_rank3,False,valid,None,truth_safe_unverified
230825,sub-C31o_ses-230825_rec_probeA_lfp_cond_8.npy,.npy,LFP,None,225280128,"(44, 128, 5000)",3,float64,"trial, channel, time",expected_rank3,False,valid,None,truth_safe_unverified
230825,sub-C31o_ses-230825_rec_probeA_lfp_cond_9.npy,.npy,LFP,None,174080128,"(34, 128, 5000)",3,float64,"trial, channel, time",expected_rank3,False,valid,None,truth_safe_unverified
230830,sub-C31o_ses-230830_rec_probeA_lfp_cond_10.npy,.npy,LFP,None,163840128,"(32, 128, 5000)",3,float64,"trial, channel, time",expected_rank3,False,valid,None,truth_safe_unverified
230830,sub-C31o_ses-230830_rec_probeA_lfp_cond_2.npy,.npy,LFP,None,1146880128,"(224, 128, 5000)",3,float64,"trial, channel, time",expected_rank3,False,valid,None,truth_safe_unverified
230830,sub-C31o_ses-230830_rec_probeA_lfp_cond_26.npy,.npy,LFP,None,568320128,"(111, 128, 5000)",3,float64,"trial, channel, time",expected_rank3,False,valid,None,truth_safe_unverified
230830,sub-C31o_ses-230830_rec_probeA_lfp_cond_3.npy,.npy,LFP,None,179200128,"(35, 128, 5000)",3,float64,"trial, channel, time",expected_rank3,False,valid,None,truth_safe_unverified
230830,sub-C31o_ses-230830_rec_probeA_lfp_cond_34.npy,.npy,LFP,None,332800128,"(65, 128, 5000)",3,float64,"trial, channel, time",expected_rank3,False,valid,None,truth_safe_unverified
230830,sub-C31o_ses-230830_rec_probeA_lfp_cond_4.npy,.npy,LFP,None,204800128,"(40, 128, 5000)",3,float64,"trial, channel, time",expected_rank3,False,valid,None,truth_safe_unverified
230830,sub-C31o_ses-230830_rec_probeA_lfp_cond_42.npy,.npy,LFP,None,199680128,"(39, 128, 5000)",3,float64,"trial, channel, time",expected_rank3,False,valid,None,truth_safe_unverified
230830,sub-C31o_ses-230830_rec_probeA_lfp_cond_5.npy,.npy,LFP,None,158720128,"(31, 128, 5000)",3,float64,"trial, channel, time",expected_rank3,False,valid,None,truth_safe_unverified
230830,sub-C31o_ses-230830_rec_probeA_lfp_cond_50.npy,.npy,LFP,None,199680128,"(39, 128, 5000)",3,float64,"trial, channel, time",expected_rank3,False,valid,None,truth_safe_unverified
230830,sub-C31o_ses-230830_rec_probeA_lfp_cond_7.npy,.npy,LFP,None,1116160128,"(218, 128, 5000)",3,float64,"trial, channel, time",expected_rank3,False,valid,None,truth_safe_unverified
230830,sub-C31o_ses-230830_rec_probeA_lfp_cond_8.npy,.npy,LFP,None,209920128,"(41, 128, 5000)",3,float64,"trial, channel, time",expected_rank3,False,valid,None,truth_safe_unverified
230830,sub-C31o_ses-230830_rec_probeA_lfp_cond_9.npy,.npy,LFP,None,199680128,"(39, 128, 5000)",3,float64,"trial, channel, time",expected_rank3,False,valid,None,truth_safe_unverified
230831,sub-C31o_ses-230831_rec_probeA_lfp_cond_10.npy,.npy,LFP,None,133120128,"(26, 128, 5000)",3,float64,"trial, channel, time",expected_rank3,False,valid,None,truth_safe_unverified
230831,sub-C31o_ses-230831_rec_probeA_lfp_cond_2.npy,.npy,LFP,None,1126400128,"(220, 128, 5000)",3,float64,"trial, channel, time",expected_rank3,False,valid,None,truth_safe_unverified
230831,sub-C31o_ses-230831_rec_probeA_lfp_cond_26.npy,.npy,LFP,None,568320128,"(111, 128, 5000)",3,float64,"trial, channel, time",expected_rank3,False,valid,None,truth_safe_unverified
230831,sub-C31o_ses-230831_rec_probeA_lfp_cond_3.npy,.npy,LFP,None,194560128,"(38, 128, 5000)",3,float64,"trial, channel, time",expected_rank3,False,valid,None,truth_safe_unverified
230831,sub-C31o_ses-230831_rec_probeA_lfp_cond_34.npy,.npy,LFP,None,378880128,"(74, 128, 5000)",3,float64,"trial, channel, time",expected_rank3,False,valid,None,truth_safe_unverified
230831,sub-C31o_ses-230831_rec_probeA_lfp_cond_4.npy,.npy,LFP,None,163840128,"(32, 128, 5000)",3,float64,"trial, channel, time",expected_rank3,False,valid,None,truth_safe_unverified
230831,sub-C31o_ses-230831_rec_probeA_lfp_cond_42.npy,.npy,LFP,None,148480128,"(29, 128, 5000)",3,float64,"trial, channel, time",expected_rank3,False,valid,None,truth_safe_unverified
230831,sub-C31o_ses-230831_rec_probeA_lfp_cond_5.npy,.npy,LFP,None,204800128,"(40, 128, 5000)",3,float64,"trial, channel, time",expected_rank3,False,valid,None,truth_safe_unverified
230831,sub-C31o_ses-230831_rec_probeA_lfp_cond_50.npy,.npy,LFP,None,148480128,"(29, 128, 5000)",3,float64,"trial, channel, time",expected_rank3,False,valid,None,truth_safe_unverified
230831,sub-C31o_ses-230831_rec_probeA_lfp_cond_7.npy,.npy,LFP,None,1172480128,"(229, 128, 5000)",3,float64,"trial, channel, time",expected_rank3,False,valid,None,truth_safe_unverified
230831,sub-C31o_ses-230831_rec_probeA_lfp_cond_8.npy,.npy,LFP,None,245760128,"(48, 128, 5000)",3,float64,"trial, channel, time",expected_rank3,False,valid,None,truth_safe_unverified
230831,sub-C31o_ses-230831_rec_probeA_lfp_cond_9.npy,.npy,LFP,None,138240128,"(27, 128, 5000)",3,float64,"trial, channel, time",expected_rank3,False,valid,None,truth_safe_unverified
230901,sub-C31o_ses-230901_rec_probeA_lfp_cond_10.npy,.npy,LFP,None,153600128,"(30, 128, 5000)",3,float64,"trial, channel, time",expected_rank3,False,valid,None,truth_safe_unverified
230901,sub-C31o_ses-230901_rec_probeA_lfp_cond_2.npy,.npy,LFP,None,1213440128,"(237, 128, 5000)",3,float64,"trial, channel, time",expected_rank3,False,valid,None,truth_safe_unverified
230901,sub-C31o_ses-230901_rec_probeA_lfp_cond_26.npy,.npy,LFP,None,542720128,"(106, 128, 5000)",3,float64,"trial, channel, time",expected_rank3,False,valid,None,truth_safe_unverified
230901,sub-C31o_ses-230901_rec_probeA_lfp_cond_3.npy,.npy,LFP,None,153600128,"(30, 128, 5000)",3,float64,"trial, channel, time",expected_rank3,False,valid,None,truth_safe_unverified
230901,sub-C31o_ses-230901_rec_probeA_lfp_cond_34.npy,.npy,LFP,None,256000128,"(50, 128, 5000)",3,float64,"trial, channel, time",expected_rank3,False,valid,None,truth_safe_unverified
230901,sub-C31o_ses-230901_rec_probeA_lfp_cond_4.npy,.npy,LFP,None,204800128,"(40, 128, 5000)",3,float64,"trial, channel, time",expected_rank3,False,valid,None,truth_safe_unverified
230901,sub-C31o_ses-230901_rec_probeA_lfp_cond_42.npy,.npy,LFP,None,204800128,"(40, 128, 5000)",3,float64,"trial, channel, time",expected_rank3,False,valid,None,truth_safe_unverified
230901,sub-C31o_ses-230901_rec_probeA_lfp_cond_5.npy,.npy,LFP,None,153600128,"(30, 128, 5000)",3,float64,"trial, channel, time",expected_rank3,False,valid,None,truth_safe_unverified
230901,sub-C31o_ses-230901_rec_probeA_lfp_cond_50.npy,.npy,LFP,None,204800128,"(40, 128, 5000)",3,float64,"trial, channel, time",expected_rank3,False,valid,None,truth_safe_unverified
230901,sub-C31o_ses-230901_rec_probeA_lfp_cond_7.npy,.npy,LFP,None,1105920128,"(216, 128, 5000)",3,float64,"trial, channel, time",expected_rank3,False,valid,None,truth_safe_unverified
230901,sub-C31o_ses-230901_rec_probeA_lfp_cond_8.npy,.npy,LFP,None,215040128,"(42, 128, 5000)",3,float64,"trial, channel, time",expected_rank3,False,valid,None,truth_safe_unverified
230901,sub-C31o_ses-230901_rec_probeA_lfp_cond_9.npy,.npy,LFP,None,215040128,"(42, 128, 5000)",3,float64,"trial, channel, time",expected_rank3,False,valid,None,truth_safe_unverified
230629,sub-V198o_ses-230629_rec_probeA_lfp_cond_10.npy,.npy,LFP,None,10240128,"(2, 128, 5000)",3,float64,"trial, channel, time",expected_rank3,False,valid,None,truth_safe_unverified
230629,sub-V198o_ses-230629_rec_probeA_lfp_cond_2.npy,.npy,LFP,None,245760128,"(48, 128, 5000)",3,float64,"trial, channel, time",expected_rank3,False,valid,None,truth_safe_unverified
230629,sub-V198o_ses-230629_rec_probeA_lfp_cond_26.npy,.npy,LFP,None,430080128,"(84, 128, 5000)",3,float64,"trial, channel, time",expected_rank3,False,valid,None,truth_safe_unverified
230629,sub-V198o_ses-230629_rec_probeA_lfp_cond_3.npy,.npy,LFP,None,30720128,"(6, 128, 5000)",3,float64,"trial, channel, time",expected_rank3,False,valid,None,truth_safe_unverified
230629,sub-V198o_ses-230629_rec_probeA_lfp_cond_34.npy,.npy,LFP,None,40960128,"(8, 128, 5000)",3,float64,"trial, channel, time",expected_rank3,False,valid,None,truth_safe_unverified
230629,sub-V198o_ses-230629_rec_probeA_lfp_cond_4.npy,.npy,LFP,None,25600128,"(5, 128, 5000)",3,float64,"trial, channel, time",expected_rank3,False,valid,None,truth_safe_unverified
230629,sub-V198o_ses-230629_rec_probeA_lfp_cond_42.npy,.npy,LFP,None,10240128,"(2, 128, 5000)",3,float64,"trial, channel, time",expected_rank3,False,valid,None,truth_safe_unverified
230629,sub-V198o_ses-230629_rec_probeA_lfp_cond_5.npy,.npy,LFP,None,5120128,"(1, 128, 5000)",3,float64,"trial, channel, time",expected_rank3,False,valid,None,truth_safe_unverified
230629,sub-V198o_ses-230629_rec_probeA_lfp_cond_50.npy,.npy,LFP,None,10240128,"(2, 128, 5000)",3,float64,"trial, channel, time",expected_rank3,False,valid,None,truth_safe_unverified
230629,sub-V198o_ses-230629_rec_probeA_lfp_cond_7.npy,.npy,LFP,None,256000128,"(50, 128, 5000)",3,float64,"trial, channel, time",expected_rank3,False,valid,None,truth_safe_unverified
230629,sub-V198o_ses-230629_rec_probeA_lfp_cond_8.npy,.npy,LFP,None,25600128,"(5, 128, 5000)",3,float64,"trial, channel, time",expected_rank3,False,valid,None,truth_safe_unverified
230629,sub-V198o_ses-230629_rec_probeA_lfp_cond_9.npy,.npy,LFP,None,15360128,"(3, 128, 5000)",3,float64,"trial, channel, time",expected_rank3,False,valid,None,truth_safe_unverified
230714,sub-V198o_ses-230714_rec_probeA_lfp_cond_10.npy,.npy,LFP,None,168960128,"(33, 128, 5000)",3,float64,"trial, channel, time",expected_rank3,False,valid,None,truth_safe_unverified
230714,sub-V198o_ses-230714_rec_probeA_lfp_cond_2.npy,.npy,LFP,None,1131520128,"(221, 128, 5000)",3,float64,"trial, channel, time",expected_rank3,False,valid,None,truth_safe_unverified
230714,sub-V198o_ses-230714_rec_probeA_lfp_cond_26.npy,.npy,LFP,None,793600128,"(155, 128, 5000)",3,float64,"trial, channel, time",expected_rank3,False,valid,None,truth_safe_unverified
230714,sub-V198o_ses-230714_rec_probeA_lfp_cond_3.npy,.npy,LFP,None,194560128,"(38, 128, 5000)",3,float64,"trial, channel, time",expected_rank3,False,valid,None,truth_safe_unverified
230714,sub-V198o_ses-230714_rec_probeA_lfp_cond_34.npy,.npy,LFP,None,225280128,"(44, 128, 5000)",3,float64,"trial, channel, time",expected_rank3,False,valid,None,truth_safe_unverified
230714,sub-V198o_ses-230714_rec_probeA_lfp_cond_4.npy,.npy,LFP,None,168960128,"(33, 128, 5000)",3,float64,"trial, channel, time",expected_rank3,False,valid,None,truth_safe_unverified
230714,sub-V198o_ses-230714_rec_probeA_lfp_cond_42.npy,.npy,LFP,None,143360128,"(28, 128, 5000)",3,float64,"trial, channel, time",expected_rank3,False,valid,None,truth_safe_unverified
230714,sub-V198o_ses-230714_rec_probeA_lfp_cond_5.npy,.npy,LFP,None,194560128,"(38, 128, 5000)",3,float64,"trial, channel, time",expected_rank3,False,valid,None,truth_safe_unverified
230714,sub-V198o_ses-230714_rec_probeA_lfp_cond_50.npy,.npy,LFP,None,143360128,"(28, 128, 5000)",3,float64,"trial, channel, time",expected_rank3,False,valid,None,truth_safe_unverified
230714,sub-V198o_ses-230714_rec_probeA_lfp_cond_7.npy,.npy,LFP,None,1223680128,"(239, 128, 5000)",3,float64,"trial, channel, time",expected_rank3,False,valid,None,truth_safe_unverified
230714,sub-V198o_ses-230714_rec_probeA_lfp_cond_8.npy,.npy,LFP,None,117760128,"(23, 128, 5000)",3,float64,"trial, channel, time",expected_rank3,False,valid,None,truth_safe_unverified
230714,sub-V198o_ses-230714_rec_probeA_lfp_cond_9.npy,.npy,LFP,None,179200128,"(35, 128, 5000)",3,float64,"trial, channel, time",expected_rank3,False,valid,None,truth_safe_unverified
230719,sub-V198o_ses-230719_rec_probeA_lfp_cond_10.npy,.npy,LFP,None,179200128,"(35, 128, 5000)",3,float64,"trial, channel, time",expected_rank3,False,valid,None,truth_safe_unverified
230719,sub-V198o_ses-230719_rec_probeA_lfp_cond_2.npy,.npy,LFP,None,1218560128,"(238, 128, 5000)",3,float64,"trial, channel, time",expected_rank3,False,valid,None,truth_safe_unverified
230719,sub-V198o_ses-230719_rec_probeA_lfp_cond_26.npy,.npy,LFP,None,696320128,"(136, 128, 5000)",3,float64,"trial, channel, time",expected_rank3,False,valid,None,truth_safe_unverified
230719,sub-V198o_ses-230719_rec_probeA_lfp_cond_3.npy,.npy,LFP,None,133120128,"(26, 128, 5000)",3,float64,"trial, channel, time",expected_rank3,False,valid,None,truth_safe_unverified
230719,sub-V198o_ses-230719_rec_probeA_lfp_cond_34.npy,.npy,LFP,None,291840128,"(57, 128, 5000)",3,float64,"trial, channel, time",expected_rank3,False,valid,None,truth_safe_unverified
230719,sub-V198o_ses-230719_rec_probeA_lfp_cond_4.npy,.npy,LFP,None,179200128,"(35, 128, 5000)",3,float64,"trial, channel, time",expected_rank3,False,valid,None,truth_safe_unverified
230719,sub-V198o_ses-230719_rec_probeA_lfp_cond_42.npy,.npy,LFP,None,87040128,"(17, 128, 5000)",3,float64,"trial, channel, time",expected_rank3,False,valid,None,truth_safe_unverified
230719,sub-V198o_ses-230719_rec_probeA_lfp_cond_5.npy,.npy,LFP,None,158720128,"(31, 128, 5000)",3,float64,"trial, channel, time",expected_rank3,False,valid,None,truth_safe_unverified
230719,sub-V198o_ses-230719_rec_probeA_lfp_cond_50.npy,.npy,LFP,None,87040128,"(17, 128, 5000)",3,float64,"trial, channel, time",expected_rank3,False,valid,None,truth_safe_unverified
230719,sub-V198o_ses-230719_rec_probeA_lfp_cond_7.npy,.npy,LFP,None,1187840128,"(232, 128, 5000)",3,float64,"trial, channel, time",expected_rank3,False,valid,None,truth_safe_unverified
230719,sub-V198o_ses-230719_rec_probeA_lfp_cond_8.npy,.npy,LFP,None,168960128,"(33, 128, 5000)",3,float64,"trial, channel, time",expected_rank3,False,valid,None,truth_safe_unverified
230719,sub-V198o_ses-230719_rec_probeA_lfp_cond_9.npy,.npy,LFP,None,153600128,"(30, 128, 5000)",3,float64,"trial, channel, time",expected_rank3,False,valid,None,truth_safe_unverified
230720,sub-V198o_ses-230720_rec_probeA_lfp_cond_10.npy,.npy,LFP,None,163840128,"(32, 128, 5000)",3,float64,"trial, channel, time",expected_rank3,False,valid,None,truth_safe_unverified
230720,sub-V198o_ses-230720_rec_probeA_lfp_cond_2.npy,.npy,LFP,None,1228800128,"(240, 128, 5000)",3,float64,"trial, channel, time",expected_rank3,False,valid,None,truth_safe_unverified
230720,sub-V198o_ses-230720_rec_probeA_lfp_cond_26.npy,.npy,LFP,None,711680128,"(139, 128, 5000)",3,float64,"trial, channel, time",expected_rank3,False,valid,None,truth_safe_unverified
230720,sub-V198o_ses-230720_rec_probeA_lfp_cond_3.npy,.npy,LFP,None,153600128,"(30, 128, 5000)",3,float64,"trial, channel, time",expected_rank3,False,valid,None,truth_safe_unverified
230720,sub-V198o_ses-230720_rec_probeA_lfp_cond_34.npy,.npy,LFP,None,184320128,"(36, 128, 5000)",3,float64,"trial, channel, time",expected_rank3,False,valid,None,truth_safe_unverified
230720,sub-V198o_ses-230720_rec_probeA_lfp_cond_4.npy,.npy,LFP,None,153600128,"(30, 128, 5000)",3,float64,"trial, channel, time",expected_rank3,False,valid,None,truth_safe_unverified
230720,sub-V198o_ses-230720_rec_probeA_lfp_cond_42.npy,.npy,LFP,None,194560128,"(38, 128, 5000)",3,float64,"trial, channel, time",expected_rank3,False,valid,None,truth_safe_unverified
230720,sub-V198o_ses-230720_rec_probeA_lfp_cond_5.npy,.npy,LFP,None,153600128,"(30, 128, 5000)",3,float64,"trial, channel, time",expected_rank3,False,valid,None,truth_safe_unverified
230720,sub-V198o_ses-230720_rec_probeA_lfp_cond_50.npy,.npy,LFP,None,194560128,"(38, 128, 5000)",3,float64,"trial, channel, time",expected_rank3,False,valid,None,truth_safe_unverified
230720,sub-V198o_ses-230720_rec_probeA_lfp_cond_7.npy,.npy,LFP,None,1152000128,"(225, 128, 5000)",3,float64,"trial, channel, time",expected_rank3,False,valid,None,truth_safe_unverified
230720,sub-V198o_ses-230720_rec_probeA_lfp_cond_8.npy,.npy,LFP,None,174080128,"(34, 128, 5000)",3,float64,"trial, channel, time",expected_rank3,False,valid,None,truth_safe_unverified
230720,sub-V198o_ses-230720_rec_probeA_lfp_cond_9.npy,.npy,LFP,None,199680128,"(39, 128, 5000)",3,float64,"trial, channel, time",expected_rank3,False,valid,None,truth_safe_unverified
230721,sub-V198o_ses-230721_rec_probeA_lfp_cond_10.npy,.npy,LFP,None,168960128,"(33, 128, 5000)",3,float64,"trial, channel, time",expected_rank3,False,valid,None,truth_safe_unverified
230721,sub-V198o_ses-230721_rec_probeA_lfp_cond_2.npy,.npy,LFP,None,1218560128,"(238, 128, 5000)",3,float64,"trial, channel, time",expected_rank3,False,valid,None,truth_safe_unverified
230721,sub-V198o_ses-230721_rec_probeA_lfp_cond_26.npy,.npy,LFP,None,716800128,"(140, 128, 5000)",3,float64,"trial, channel, time",expected_rank3,False,valid,None,truth_safe_unverified
230721,sub-V198o_ses-230721_rec_probeA_lfp_cond_3.npy,.npy,LFP,None,138240128,"(27, 128, 5000)",3,float64,"trial, channel, time",expected_rank3,False,valid,None,truth_safe_unverified
230721,sub-V198o_ses-230721_rec_probeA_lfp_cond_34.npy,.npy,LFP,None,317440128,"(62, 128, 5000)",3,float64,"trial, channel, time",expected_rank3,False,valid,None,truth_safe_unverified
230721,sub-V198o_ses-230721_rec_probeA_lfp_cond_4.npy,.npy,LFP,None,163840128,"(32, 128, 5000)",3,float64,"trial, channel, time",expected_rank3,False,valid,None,truth_safe_unverified
230721,sub-V198o_ses-230721_rec_probeA_lfp_cond_42.npy,.npy,LFP,None,122880128,"(24, 128, 5000)",3,float64,"trial, channel, time",expected_rank3,False,valid,None,truth_safe_unverified
230721,sub-V198o_ses-230721_rec_probeA_lfp_cond_5.npy,.npy,LFP,None,168960128,"(33, 128, 5000)",3,float64,"trial, channel, time",expected_rank3,False,valid,None,truth_safe_unverified
230721,sub-V198o_ses-230721_rec_probeA_lfp_cond_50.npy,.npy,LFP,None,122880128,"(24, 128, 5000)",3,float64,"trial, channel, time",expected_rank3,False,valid,None,truth_safe_unverified
230721,sub-V198o_ses-230721_rec_probeA_lfp_cond_7.npy,.npy,LFP,None,1182720128,"(231, 128, 5000)",3,float64,"trial, channel, time",expected_rank3,False,valid,None,truth_safe_unverified
230721,sub-V198o_ses-230721_rec_probeA_lfp_cond_8.npy,.npy,LFP,None,163840128,"(32, 128, 5000)",3,float64,"trial, channel, time",expected_rank3,False,valid,None,truth_safe_unverified
230721,sub-V198o_ses-230721_rec_probeA_lfp_cond_9.npy,.npy,LFP,None,174080128,"(34, 128, 5000)",3,float64,"trial, channel, time",expected_rank3,False,valid,None,truth_safe_unverified
