session_id,source_file,unit_axis_index,n_conditions_available,n_unit_trial_observations,candidate_labels,primary_candidate_label,candidate_label_basis,q_threshold,effect_size_threshold,correction_scope,manuscript_safe_response_class,biological_interpretation_allowed,area_hierarchy_allowed,unit_area_join_status_from_A6,manuscript_safe_unit_area_from_A6,warnings
230629,ses230629-units-probe0-spk-AAAB.npy,0,8,366,S_minus_candidate,S_minus_candidate,P1 stimulus suppression passed,0.05,0.3,within_session_all_units_all_primary_contrasts,false,false,false,missing_unit_metadata,false,None
230629,ses230629-units-probe0-spk-AAAB.npy,1,8,366,null_or_unclassified,null_or_unclassified,No active phenotype detected,0.05,0.3,within_session_all_units_all_primary_contrasts,false,false,false,missing_unit_metadata,false,None
230629,ses230629-units-probe0-spk-AAAB.npy,2,8,366,null_or_unclassified,null_or_unclassified,No active phenotype detected,0.05,0.3,within_session_all_units_all_primary_contrasts,false,false,false,missing_unit_metadata,false,None
230629,ses230629-units-probe0-spk-AAAB.npy,3,8,366,null_or_unclassified,null_or_unclassified,No active phenotype detected,0.05,0.3,within_session_all_units_all_primary_contrasts,false,false,false,missing_unit_metadata,false,None
230629,ses230629-units-probe0-spk-AAAB.npy,4,8,366,S_plus_candidate,S_plus_candidate,P1 stimulus activation passed,0.05,0.3,within_session_all_units_all_primary_contrasts,false,false,false,missing_unit_metadata,false,None
230629,ses230629-units-probe0-spk-AAAB.npy,5,8,366,S_minus_candidate; S_plus_candidate,S_plus_candidate,P1 stimulus activation passed,0.05,0.3,within_session_all_units_all_primary_contrasts,false,false,false,missing_unit_metadata,false,None
230629,ses230629-units-probe0-spk-AAAB.npy,6,8,366,null_or_unclassified,null_or_unclassified,No active phenotype detected,0.05,0.3,within_session_all_units_all_primary_contrasts,false,false,false,missing_unit_metadata,false,None
230629,ses230629-units-probe0-spk-AAAB.npy,7,8,366,S_plus_candidate,S_plus_candidate,P1 stimulus activation passed,0.05,0.3,within_session_all_units_all_primary_contrasts,false,false,false,missing_unit_metadata,false,None
230629,ses230629-units-probe0-spk-AAAB.npy,8,8,366,null_or_unclassified,null_or_unclassified,No active phenotype detected,0.05,0.3,within_session_all_units_all_primary_contrasts,false,false,false,missing_unit_metadata,false,None
230629,ses230629-units-probe0-spk-AAAB.npy,9,8,366,S_plus_candidate,S_plus_candidate,P1 stimulus activation passed,0.05,0.3,within_session_all_units_all_primary_contrasts,false,false,false,missing_unit_metadata,false,None
230629,ses230629-units-probe0-spk-AAAB.npy,10,8,366,S_plus_candidate,S_plus_candidate,P1 stimulus activation passed,0.05,0.3,within_session_all_units_all_primary_contrasts,false,false,false,missing_unit_metadata,false,None
230629,ses230629-units-probe0-spk-AAAB.npy,11,8,366,S_plus_candidate; S_minus_candidate,S_plus_candidate,P1 stimulus suppression passed,0.05,0.3,within_session_all_units_all_primary_contrasts,false,false,false,missing_unit_metadata,false,None
230629,ses230629-units-probe0-spk-AAAB.npy,12,8,366,null_or_unclassified,null_or_unclassified,No active phenotype detected,0.05,0.3,within_session_all_units_all_primary_contrasts,false,false,false,missing_unit_metadata,false,None
230629,ses230629-units-probe0-spk-AAAB.npy,13,8,366,null_or_unclassified,null_or_unclassified,No active phenotype detected,0.05,0.3,within_session_all_units_all_primary_contrasts,false,false,false,missing_unit_metadata,false,None
230629,ses230629-units-probe0-spk-AAAB.npy,14,8,366,S_minus_candidate,S_minus_candidate,P1 stimulus suppression passed,0.05,0.3,within_session_all_units_all_primary_contrasts,false,false,false,missing_unit_metadata,false,None
230629,ses230629-units-probe0-spk-AAAB.npy,15,8,366,S_plus_candidate,S_plus_candidate,P1 stimulus activation passed,0.05,0.3,within_session_all_units_all_primary_contrasts,false,false,false,missing_unit_metadata,false,None
230629,ses230629-units-probe0-spk-AAAB.npy,16,8,366,S_plus_candidate; S_minus_candidate,S_plus_candidate,P1 stimulus suppression passed,0.05,0.3,within_session_all_units_all_primary_contrasts,false,false,false,missing_unit_metadata,false,None
230629,ses230629-units-probe0-spk-AAAB.npy,17,8,366,S_minus_candidate,S_minus_candidate,P1 stimulus suppression passed,0.05,0.3,within_session_all_units_all_primary_contrasts,false,false,false,missing_unit_metadata,false,None
230629,ses230629-units-probe0-spk-AAAB.npy,18,8,366,S_minus_candidate,S_minus_candidate,P1 stimulus suppression passed,0.05,0.3,within_session_all_units_all_primary_contrasts,false,false,false,missing_unit_metadata,false,None
230629,ses230629-units-probe0-spk-AAAB.npy,19,8,366,S_plus_candidate,S_plus_candidate,P1 stimulus activation passed,0.05,0.3,within_session_all_units_all_primary_contrasts,false,false,false,missing_unit_metadata,false,None
230629,ses230629-units-probe0-spk-AAAB.npy,20,8,366,null_or_unclassified,null_or_unclassified,No active phenotype detected,0.05,0.3,within_session_all_units_all_primary_contrasts,false,false,false,missing_unit_metadata,false,None
230629,ses230629-units-probe0-spk-AAAB.npy,21,8,366,S_plus_candidate,S_plus_candidate,P1 stimulus activation passed,0.05,0.3,within_session_all_units_all_primary_contrasts,false,false,false,missing_unit_metadata,false,None
230629,ses230629-units-probe0-spk-AAAB.npy,22,8,366,S_plus_candidate,S_plus_candidate,P1 stimulus activation passed,0.05,0.3,within_session_all_units_all_primary_contrasts,false,false,false,missing_unit_metadata,false,None
230629,ses230629-units-probe0-spk-AAAB.npy,23,8,366,null_or_unclassified,null_or_unclassified,No active phenotype detected,0.05,0.3,within_session_all_units_all_primary_contrasts,false,false,false,missing_unit_metadata,false,None
230629,ses230629-units-probe0-spk-AAAB.npy,24,8,366,S_plus_candidate,S_plus_candidate,P1 stimulus activation passed,0.05,0.3,within_session_all_units_all_primary_contrasts,false,false,false,missing_unit_metadata,false,None
230629,ses230629-units-probe0-spk-AAAB.npy,25,8,366,S_minus_candidate,S_minus_candidate,P1 stimulus suppression passed,0.05,0.3,within_session_all_units_all_primary_contrasts,false,false,false,missing_unit_metadata,false,None
230629,ses230629-units-probe0-spk-AAAB.npy,26,8,366,S_plus_candidate,S_plus_candidate,P1 stimulus activation passed,0.05,0.3,within_session_all_units_all_primary_contrasts,false,false,false,missing_unit_metadata,false,None
230629,ses230629-units-probe0-spk-AAAB.npy,27,8,366,S_minus_candidate; S_plus_candidate,S_plus_candidate,P1 stimulus activation passed,0.05,0.3,within_session_all_units_all_primary_contrasts,false,false,false,missing_unit_metadata,false,None
230629,ses230629-units-probe0-spk-AAAB.npy,28,8,366,S_minus_candidate,S_minus_candidate,P1 stimulus suppression passed,0.05,0.3,within_session_all_units_all_primary_contrasts,false,false,false,missing_unit_metadata,false,None
230629,ses230629-units-probe0-spk-AAAB.npy,29,8,366,S_minus_candidate,S_minus_candidate,P1 stimulus suppression passed,0.05,0.3,within_session_all_units_all_primary_contrasts,false,false,false,missing_unit_metadata,false,None
230629,ses230629-units-probe0-spk-AAAB.npy,30,8,366,S_plus_candidate; S_minus_candidate,S_plus_candidate,P1 stimulus suppression passed,0.05,0.3,within_session_all_units_all_primary_contrasts,false,false,false,missing_unit_metadata,false,None
230629,ses230629-units-probe0-spk-AAAB.npy,31,8,366,S_plus_candidate; S_minus_candidate,S_plus_candidate,P1 stimulus suppression passed,0.05,0.3,within_session_all_units_all_primary_contrasts,false,false,false,missing_unit_metadata,false,None
230629,ses230629-units-probe0-spk-AAAB.npy,32,8,366,S_plus_candidate; S_minus_candidate,S_plus_candidate,P1 stimulus suppression passed,0.05,0.3,within_session_all_units_all_primary_contrasts,false,false,false,missing_unit_metadata,false,None
230629,ses230629-units-probe0-spk-AAAB.npy,33,8,366,S_minus_candidate,S_minus_candidate,P1 stimulus suppression passed,0.05,0.3,within_session_all_units_all_primary_contrasts,false,false,false,missing_unit_metadata,false,None
230629,ses230629-units-probe0-spk-AAAB.npy,34,8,366,S_minus_candidate,S_minus_candidate,P1 stimulus suppression passed,0.05,0.3,within_session_all_units_all_primary_contrasts,false,false,false,missing_unit_metadata,false,None
230629,ses230629-units-probe0-spk-AAAB.npy,35,8,366,S_minus_candidate,S_minus_candidate,P1 stimulus suppression passed,0.05,0.3,within_session_all_units_all_primary_contrasts,false,false,false,missing_unit_metadata,false,None
230629,ses230629-units-probe0-spk-AAAB.npy,36,8,366,S_plus_candidate,S_plus_candidate,P1 stimulus activation passed,0.05,0.3,within_session_all_units_all_primary_contrasts,false,false,false,missing_unit_metadata,false,None
230629,ses230629-units-probe0-spk-AAAB.npy,37,8,366,S_minus_candidate,S_minus_candidate,P1 stimulus suppression passed,0.05,0.3,within_session_all_units_all_primary_contrasts,false,false,false,missing_unit_metadata,false,None
230629,ses230629-units-probe0-spk-AAAB.npy,38,8,366,S_minus_candidate,S_minus_candidate,P1 stimulus suppression passed,0.05,0.3,within_session_all_units_all_primary_contrasts,false,false,false,missing_unit_metadata,false,None
230629,ses230629-units-probe0-spk-AAAB.npy,39,8,366,S_plus_candidate,S_plus_candidate,P1 stimulus activation passed,0.05,0.3,within_session_all_units_all_primary_contrasts,false,false,false,missing_unit_metadata,false,None
230629,ses230629-units-probe0-spk-AAAB.npy,40,8,366,null_or_unclassified,null_or_unclassified,No active phenotype detected,0.05,0.3,within_session_all_units_all_primary_contrasts,false,false,false,missing_unit_metadata,false,None
230629,ses230629-units-probe0-spk-AAAB.npy,41,8,366,null_or_unclassified,null_or_unclassified,No active phenotype detected,0.05,0.3,within_session_all_units_all_primary_contrasts,false,false,false,missing_unit_metadata,false,None
230629,ses230629-units-probe0-spk-AAAB.npy,42,8,366,null_or_unclassified,null_or_unclassified,No active phenotype detected,0.05,0.3,within_session_all_units_all_primary_contrasts,false,false,false,missing_unit_metadata,false,None
230629,ses230629-units-probe0-spk-AAAB.npy,43,8,366,S_plus_candidate; S_minus_candidate,S_plus_candidate,P1 stimulus suppression passed,0.05,0.3,within_session_all_units_all_primary_contrasts,false,false,false,missing_unit_metadata,false,None
230629,ses230629-units-probe0-spk-AAAB.npy,44,8,366,S_plus_candidate; S_minus_candidate,S_plus_candidate,P1 stimulus suppression passed,0.05,0.3,within_session_all_units_all_primary_contrasts,false,false,false,missing_unit_metadata,false,None
230629,ses230629-units-probe0-spk-AAAB.npy,45,8,366,S_minus_candidate,S_minus_candidate,P1 stimulus suppression passed,0.05,0.3,within_session_all_units_all_primary_contrasts,false,false,false,missing_unit_metadata,false,None
230629,ses230629-units-probe0-spk-AAAB.npy,46,8,366,S_plus_candidate,S_plus_candidate,P1 stimulus activation passed,0.05,0.3,within_session_all_units_all_primary_contrasts,false,false,false,missing_unit_metadata,false,None
230629,ses230629-units-probe0-spk-AAAB.npy,47,8,366,null_or_unclassified,null_or_unclassified,No active phenotype detected,0.05,0.3,within_session_all_units_all_primary_contrasts,false,false,false,missing_unit_metadata,false,None
230629,ses230629-units-probe0-spk-AAAB.npy,48,8,366,S_plus_candidate; S_minus_candidate,S_plus_candidate,P1 stimulus suppression passed,0.05,0.3,within_session_all_units_all_primary_contrasts,false,false,false,missing_unit_metadata,false,None
230629,ses230629-units-probe0-spk-AAAB.npy,49,8,366,S_plus_candidate; S_minus_candidate,S_plus_candidate,P1 stimulus suppression passed,0.05,0.3,within_session_all_units_all_primary_contrasts,false,false,false,missing_unit_metadata,false,None
230629,ses230629-units-probe0-spk-AAAB.npy,50,8,366,S_plus_candidate,S_plus_candidate,P1 stimulus activation passed,0.05,0.3,within_session_all_units_all_primary_contrasts,false,false,false,missing_unit_metadata,false,None
230629,ses230629-units-probe0-spk-AAAB.npy,51,8,366,S_plus_candidate,S_plus_candidate,P1 stimulus activation passed,0.05,0.3,within_session_all_units_all_primary_contrasts,false,false,false,missing_unit_metadata,false,None
230629,ses230629-units-probe0-spk-AAAB.npy,52,8,366,S_plus_candidate; S_minus_candidate,S_plus_candidate,P1 stimulus suppression passed,0.05,0.3,within_session_all_units_all_primary_contrasts,false,false,false,missing_unit_metadata,false,None
230629,ses230629-units-probe0-spk-AAAB.npy,53,8,366,S_plus_candidate,S_plus_candidate,P1 stimulus activation passed,0.05,0.3,within_session_all_units_all_primary_contrasts,false,false,false,missing_unit_metadata,false,None
230629,ses230629-units-probe0-spk-AAAB.npy,54,8,366,S_plus_candidate,S_plus_candidate,P1 stimulus activation passed,0.05,0.3,within_session_all_units_all_primary_contrasts,false,false,false,missing_unit_metadata,false,None
230629,ses230629-units-probe0-spk-AAAB.npy,55,8,366,S_minus_candidate; S_plus_candidate,S_plus_candidate,P1 stimulus activation passed,0.05,0.3,within_session_all_units_all_primary_contrasts,false,false,false,missing_unit_metadata,false,None
230629,ses230629-units-probe0-spk-AAAB.npy,56,8,366,S_minus_candidate,S_minus_candidate,P1 stimulus suppression passed,0.05,0.3,within_session_all_units_all_primary_contrasts,false,false,false,missing_unit_metadata,false,None
230629,ses230629-units-probe0-spk-AAAB.npy,57,8,366,S_minus_candidate,S_minus_candidate,P1 stimulus suppression passed,0.05,0.3,within_session_all_units_all_primary_contrasts,false,false,false,missing_unit_metadata,false,None
230629,ses230629-units-probe0-spk-AAAB.npy,58,8,366,S_plus_candidate,S_plus_candidate,P1 stimulus activation passed,0.05,0.3,within_session_all_units_all_primary_contrasts,false,false,false,missing_unit_metadata,false,None
230629,ses230629-units-probe0-spk-AAAB.npy,59,8,366,null_or_unclassified,null_or_unclassified,No active phenotype detected,0.05,0.3,within_session_all_units_all_primary_contrasts,false,false,false,missing_unit_metadata,false,None
230629,ses230629-units-probe0-spk-AAAB.npy,60,8,366,null_or_unclassified,null_or_unclassified,No active phenotype detected,0.05,0.3,within_session_all_units_all_primary_contrasts,false,false,false,missing_unit_metadata,false,None
230629,ses230629-units-probe0-spk-AAAB.npy,61,8,366,null_or_unclassified,null_or_unclassified,No active phenotype detected,0.05,0.3,within_session_all_units_all_primary_contrasts,false,false,false,missing_unit_metadata,false,None
230629,ses230629-units-probe0-spk-AAAB.npy,62,8,366,S_minus_candidate,S_minus_candidate,P1 stimulus suppression passed,0.05,0.3,within_session_all_units_all_primary_contrasts,false,false,false,missing_unit_metadata,false,None
230629,ses230629-units-probe0-spk-AAAB.npy,63,8,366,S_plus_candidate; S_minus_candidate,S_plus_candidate,P1 stimulus suppression passed,0.05,0.3,within_session_all_units_all_primary_contrasts,false,false,false,missing_unit_metadata,false,None
230629,ses230629-units-probe0-spk-AAAB.npy,64,8,366,S_plus_candidate,S_plus_candidate,P1 stimulus activation passed,0.05,0.3,within_session_all_units_all_primary_contrasts,false,false,false,missing_unit_metadata,false,None
230629,ses230629-units-probe0-spk-AAAB.npy,65,8,366,S_plus_candidate,S_plus_candidate,P1 stimulus activation passed,0.05,0.3,within_session_all_units_all_primary_contrasts,false,false,false,missing_unit_metadata,false,None
230629,ses230629-units-probe0-spk-AAAB.npy,66,8,366,S_minus_candidate; S_plus_candidate,S_plus_candidate,P1 stimulus activation passed,0.05,0.3,within_session_all_units_all_primary_contrasts,false,false,false,missing_unit_metadata,false,None
230629,ses230629-units-probe0-spk-AAAB.npy,67,8,366,null_or_unclassified,null_or_unclassified,No active phenotype detected,0.05,0.3,within_session_all_units_all_primary_contrasts,false,false,false,missing_unit_metadata,false,None
230629,ses230629-units-probe0-spk-AAAB.npy,68,8,366,S_minus_candidate,S_minus_candidate,P1 stimulus suppression passed,0.05,0.3,within_session_all_units_all_primary_contrasts,false,false,false,missing_unit_metadata,false,None
230629,ses230629-units-probe0-spk-AAAB.npy,69,8,366,S_minus_candidate,S_minus_candidate,P1 stimulus suppression passed,0.05,0.3,within_session_all_units_all_primary_contrasts,false,false,false,missing_unit_metadata,false,None
230629,ses230629-units-probe0-spk-AAAB.npy,70,8,366,S_plus_candidate,S_plus_candidate,P1 stimulus activation passed,0.05,0.3,within_session_all_units_all_primary_contrasts,false,false,false,missing_unit_metadata,false,None
230629,ses230629-units-probe0-spk-AAAB.npy,71,8,366,S_plus_candidate,S_plus_candidate,P1 stimulus activation passed,0.05,0.3,within_session_all_units_all_primary_contrasts,false,false,false,missing_unit_metadata,false,None
230629,ses230629-units-probe0-spk-AAAB.npy,72,8,366,null_or_unclassified,null_or_unclassified,No active phenotype detected,0.05,0.3,within_session_all_units_all_primary_contrasts,false,false,false,missing_unit_metadata,false,None
230629,ses230629-units-probe0-spk-AAAB.npy,73,8,366,null_or_unclassified,null_or_unclassified,No active phenotype detected,0.05,0.3,within_session_all_units_all_primary_contrasts,false,false,false,missing_unit_metadata,false,None
230629,ses230629-units-probe0-spk-AAAB.npy,74,8,366,null_or_unclassified,null_or_unclassified,No active phenotype detected,0.05,0.3,within_session_all_units_all_primary_contrasts,false,false,false,missing_unit_metadata,false,None
230629,ses230629-units-probe0-spk-AAAB.npy,75,8,366,null_or_unclassified,null_or_unclassified,No active phenotype detected,0.05,0.3,within_session_all_units_all_primary_contrasts,false,false,false,missing_unit_metadata,false,None
230629,ses230629-units-probe0-spk-AAAB.npy,76,8,366,S_minus_candidate,S_minus_candidate,P1 stimulus suppression passed,0.05,0.3,within_session_all_units_all_primary_contrasts,false,false,false,missing_unit_metadata,false,None
230629,ses230629-units-probe0-spk-AAAB.npy,77,8,366,S_minus_candidate,S_minus_candidate,P1 stimulus suppression passed,0.05,0.3,within_session_all_units_all_primary_contrasts,false,false,false,missing_unit_metadata,false,None
230629,ses230629-units-probe0-spk-AAAB.npy,78,8,366,S_minus_candidate,S_minus_candidate,P1 stimulus suppression passed,0.05,0.3,within_session_all_units_all_primary_contrasts,false,false,false,missing_unit_metadata,false,None
230629,ses230629-units-probe0-spk-AAAB.npy,79,8,366,null_or_unclassified,null_or_unclassified,No active phenotype detected,0.05,0.3,within_session_all_units_all_primary_contrasts,false,false,false,missing_unit_metadata,false,None
230629,ses230629-units-probe0-spk-AAAB.npy,80,8,366,S_minus_candidate,S_minus_candidate,P1 stimulus suppression passed,0.05,0.3,within_session_all_units_all_primary_contrasts,false,false,false,missing_unit_metadata,false,None
230629,ses230629-units-probe0-spk-AAAB.npy,81,8,366,S_minus_candidate,S_minus_candidate,P1 stimulus suppression passed,0.05,0.3,within_session_all_units_all_primary_contrasts,false,false,false,missing_unit_metadata,false,None
230629,ses230629-units-probe0-spk-AAAB.npy,82,8,366,null_or_unclassified,null_or_unclassified,No active phenotype detected,0.05,0.3,within_session_all_units_all_primary_contrasts,false,false,false,missing_unit_metadata,false,None
230629,ses230629-units-probe0-spk-AAAB.npy,83,8,366,S_plus_candidate,S_plus_candidate,P1 stimulus activation passed,0.05,0.3,within_session_all_units_all_primary_contrasts,false,false,false,missing_unit_metadata,false,None
230629,ses230629-units-probe0-spk-AAAB.npy,84,8,366,S_minus_candidate,S_minus_candidate,P1 stimulus suppression passed,0.05,0.3,within_session_all_units_all_primary_contrasts,false,false,false,missing_unit_metadata,false,None
230629,ses230629-units-probe0-spk-AAAB.npy,85,8,366,S_minus_candidate,S_minus_candidate,P1 stimulus suppression passed,0.05,0.3,within_session_all_units_all_primary_contrasts,false,false,false,missing_unit_metadata,false,None
230629,ses230629-units-probe0-spk-AAAB.npy,86,8,366,S_plus_candidate,S_plus_candidate,P1 stimulus activation passed,0.05,0.3,within_session_all_units_all_primary_contrasts,false,false,false,missing_unit_metadata,false,None
230629,ses230629-units-probe0-spk-AAAB.npy,87,8,366,null_or_unclassified,null_or_unclassified,No active phenotype detected,0.05,0.3,within_session_all_units_all_primary_contrasts,false,false,false,missing_unit_metadata,false,None
230629,ses230629-units-probe0-spk-AAAB.npy,88,8,366,S_plus_candidate,S_plus_candidate,P1 stimulus activation passed,0.05,0.3,within_session_all_units_all_primary_contrasts,false,false,false,missing_unit_metadata,false,None
230629,ses230629-units-probe0-spk-AAAB.npy,89,8,366,null_or_unclassified,null_or_unclassified,No active phenotype detected,0.05,0.3,within_session_all_units_all_primary_contrasts,false,false,false,missing_unit_metadata,false,None
230629,ses230629-units-probe0-spk-AAAB.npy,90,8,366,null_or_unclassified,null_or_unclassified,No active phenotype detected,0.05,0.3,within_session_all_units_all_primary_contrasts,false,false,false,missing_unit_metadata,false,None
230629,ses230629-units-probe0-spk-AAAB.npy,91,8,366,null_or_unclassified,null_or_unclassified,No active phenotype detected,0.05,0.3,within_session_all_units_all_primary_contrasts,false,false,false,missing_unit_metadata,false,None
230629,ses230629-units-probe0-spk-AAAB.npy,92,8,366,null_or_unclassified,null_or_unclassified,No active phenotype detected,0.05,0.3,within_session_all_units_all_primary_contrasts,false,false,false,missing_unit_metadata,false,None
230629,ses230629-units-probe0-spk-AAAB.npy,93,8,366,S_plus_candidate,S_plus_candidate,P1 stimulus activation passed,0.05,0.3,within_session_all_units_all_primary_contrasts,false,false,false,missing_unit_metadata,false,None
230629,ses230629-units-probe0-spk-AAAB.npy,94,8,366,S_plus_candidate; S_minus_candidate,S_plus_candidate,P1 stimulus activation passed,0.05,0.3,within_session_all_units_all_primary_contrasts,false,false,false,missing_unit_metadata,false,None
230629,ses230629-units-probe0-spk-AAAB.npy,95,8,366,S_plus_candidate,S_plus_candidate,P1 stimulus activation passed,0.05,0.3,within_session_all_units_all_primary_contrasts,false,false,false,missing_unit_metadata,false,None
230629,ses230629-units-probe0-spk-AAAB.npy,96,8,366,null_or_unclassified,null_or_unclassified,No active phenotype detected,0.05,0.3,within_session_all_units_all_primary_contrasts,false,false,false,missing_unit_metadata,false,None
230629,ses230629-units-probe0-spk-AAAB.npy,97,8,366,null_or_unclassified,null_or_unclassified,No active phenotype detected,0.05,0.3,within_session_all_units_all_primary_contrasts,false,false,false,missing_unit_metadata,false,None
230629,ses230629-units-probe0-spk-AAAB.npy,98,8,366,null_or_unclassified,null_or_unclassified,No active phenotype detected,0.05,0.3,within_session_all_units_all_primary_contrasts,false,false,false,missing_unit_metadata,false,None
230629,ses230629-units-probe0-spk-AAAB.npy,99,8,366,S_minus_candidate,S_minus_candidate,P1 stimulus suppression passed,0.05,0.3,within_session_all_units_all_primary_contrasts,false,false,false,missing_unit_metadata,false,None
230629,ses230629-units-probe0-spk-AAAB.npy,100,8,366,S_plus_candidate; S_minus_candidate,S_plus_candidate,P1 stimulus activation passed,0.05,0.3,within_session_all_units_all_primary_contrasts,false,false,false,missing_unit_metadata,false,None
230629,ses230629-units-probe0-spk-AAAB.npy,101,8,366,null_or_unclassified,null_or_unclassified,No active phenotype detected,0.05,0.3,within_session_all_units_all_primary_contrasts,false,false,false,missing_unit_metadata,false,None
230629,ses230629-units-probe0-spk-AAAB.npy,102,8,366,null_or_unclassified,null_or_unclassified,No active phenotype detected,0.05,0.3,within_session_all_units_all_primary_contrasts,false,false,false,missing_unit_metadata,false,None
230629,ses230629-units-probe0-spk-AAAB.npy,103,8,366,S_plus_candidate,S_plus_candidate,P1 stimulus activation passed,0.05,0.3,within_session_all_units_all_primary_contrasts,false,false,false,missing_unit_metadata,false,None
230629,ses230629-units-probe0-spk-AAAB.npy,104,8,366,S_minus_candidate,S_minus_candidate,P1 stimulus suppression passed,0.05,0.3,within_session_all_units_all_primary_contrasts,false,false,false,missing_unit_metadata,false,None
230629,ses230629-units-probe0-spk-AAAB.npy,105,8,366,S_plus_candidate,S_plus_candidate,P1 stimulus activation passed,0.05,0.3,within_session_all_units_all_primary_contrasts,false,false,false,missing_unit_metadata,false,None
230629,ses230629-units-probe0-spk-AAAB.npy,106,8,366,S_plus_candidate,S_plus_candidate,P1 stimulus activation passed,0.05,0.3,within_session_all_units_all_primary_contrasts,false,false,false,missing_unit_metadata,false,None
230629,ses230629-units-probe0-spk-AAAB.npy,107,8,366,S_minus_candidate,S_minus_candidate,P1 stimulus suppression passed,0.05,0.3,within_session_all_units_all_primary_contrasts,false,false,false,missing_unit_metadata,false,None
230629,ses230629-units-probe0-spk-AAAB.npy,108,8,366,S_plus_candidate,S_plus_candidate,P1 stimulus activation passed,0.05,0.3,within_session_all_units_all_primary_contrasts,false,false,false,missing_unit_metadata,false,None
230629,ses230629-units-probe0-spk-AAAB.npy,109,8,366,null_or_unclassified,null_or_unclassified,No active phenotype detected,0.05,0.3,within_session_all_units_all_primary_contrasts,false,false,false,missing_unit_metadata,false,None
230629,ses230629-units-probe0-spk-AAAB.npy,110,3,182,null_or_unclassified,null_or_unclassified,No active phenotype detected,0.05,0.3,within_session_all_units_all_primary_contrasts,false,false,false,missing_unit_metadata,false,None
230629,ses230629-units-probe0-spk-AAAB.npy,111,3,182,S_plus_candidate,S_plus_candidate,P1 stimulus activation passed,0.05,0.3,within_session_all_units_all_primary_contrasts,false,false,false,missing_unit_metadata,false,None
230629,ses230629-units-probe0-spk-AAAB.npy,112,3,182,S_plus_candidate,S_plus_candidate,P1 stimulus activation passed,0.05,0.3,within_session_all_units_all_primary_contrasts,false,false,false,missing_unit_metadata,false,None
230629,ses230629-units-probe0-spk-AAAB.npy,113,3,182,S_plus_candidate; S_minus_candidate,S_plus_candidate,P1 stimulus activation passed,0.05,0.3,within_session_all_units_all_primary_contrasts,false,false,false,missing_unit_metadata,false,None
230629,ses230629-units-probe0-spk-AAAB.npy,114,3,182,S_minus_candidate,S_minus_candidate,P1 stimulus suppression passed,0.05,0.3,within_session_all_units_all_primary_contrasts,false,false,false,missing_unit_metadata,false,None
230629,ses230629-units-probe0-spk-AAAB.npy,115,3,182,null_or_unclassified,null_or_unclassified,No active phenotype detected,0.05,0.3,within_session_all_units_all_primary_contrasts,false,false,false,missing_unit_metadata,false,None
230629,ses230629-units-probe0-spk-AAAB.npy,116,3,182,null_or_unclassified,null_or_unclassified,No active phenotype detected,0.05,0.3,within_session_all_units_all_primary_contrasts,false,false,false,missing_unit_metadata,false,None
230629,ses230629-units-probe0-spk-AAAB.npy,117,3,182,null_or_unclassified,null_or_unclassified,No active phenotype detected,0.05,0.3,within_session_all_units_all_primary_contrasts,false,false,false,missing_unit_metadata,false,None
230629,ses230629-units-probe0-spk-AAAB.npy,118,3,182,S_plus_candidate,S_plus_candidate,P1 stimulus activation passed,0.05,0.3,within_session_all_units_all_primary_contrasts,false,false,false,missing_unit_metadata,false,None
230629,ses230629-units-probe0-spk-AAAB.npy,119,3,182,S_plus_candidate,S_plus_candidate,P1 stimulus activation passed,0.05,0.3,within_session_all_units_all_primary_contrasts,false,false,false,missing_unit_metadata,false,None
230629,ses230629-units-probe0-spk-AAAB.npy,120,3,182,S_plus_candidate,S_plus_candidate,P1 stimulus activation passed,0.05,0.3,within_session_all_units_all_primary_contrasts,false,false,false,missing_unit_metadata,false,None
230629,ses230629-units-probe0-spk-AAAB.npy,121,3,182,null_or_unclassified,null_or_unclassified,No active phenotype detected,0.05,0.3,within_session_all_units_all_primary_contrasts,false,false,false,missing_unit_metadata,false,None
230629,ses230629-units-probe0-spk-AAAB.npy,122,3,182,null_or_unclassified,null_or_unclassified,No active phenotype detected,0.05,0.3,within_session_all_units_all_primary_contrasts,false,false,false,missing_unit_metadata,false,None
230629,ses230629-units-probe0-spk-AAAB.npy,123,3,182,null_or_unclassified,null_or_unclassified,No active phenotype detected,0.05,0.3,within_session_all_units_all_primary_contrasts,false,false,false,missing_unit_metadata,false,None
230629,ses230629-units-probe0-spk-AAAB.npy,124,3,182,S_minus_candidate,S_minus_candidate,P1 stimulus suppression passed,0.05,0.3,within_session_all_units_all_primary_contrasts,false,false,false,missing_unit_metadata,false,None
230629,ses230629-units-probe0-spk-AAAB.npy,125,3,182,null_or_unclassified,null_or_unclassified,No active phenotype detected,0.05,0.3,within_session_all_units_all_primary_contrasts,false,false,false,missing_unit_metadata,false,None
230629,ses230629-units-probe0-spk-AAAB.npy,126,3,182,S_plus_candidate,S_plus_candidate,P1 stimulus activation passed,0.05,0.3,within_session_all_units_all_primary_contrasts,false,false,false,missing_unit_metadata,false,None
230629,ses230629-units-probe0-spk-AAAB.npy,127,3,182,S_plus_candidate,S_plus_candidate,P1 stimulus activation passed,0.05,0.3,within_session_all_units_all_primary_contrasts,false,false,false,missing_unit_metadata,false,None
230629,ses230629-units-probe0-spk-AAAB.npy,128,3,182,S_plus_candidate,S_plus_candidate,P1 stimulus activation passed,0.05,0.3,within_session_all_units_all_primary_contrasts,false,false,false,missing_unit_metadata,false,None
230629,ses230629-units-probe0-spk-AAAB.npy,129,3,182,S_plus_candidate,S_plus_candidate,P1 stimulus activation passed,0.05,0.3,within_session_all_units_all_primary_contrasts,false,false,false,missing_unit_metadata,false,None
230629,ses230629-units-probe0-spk-AAAB.npy,130,3,182,null_or_unclassified,null_or_unclassified,No active phenotype detected,0.05,0.3,within_session_all_units_all_primary_contrasts,false,false,false,missing_unit_metadata,false,None
230629,ses230629-units-probe0-spk-AAAB.npy,131,3,182,null_or_unclassified,null_or_unclassified,No active phenotype detected,0.05,0.3,within_session_all_units_all_primary_contrasts,false,false,false,missing_unit_metadata,false,None
230629,ses230629-units-probe0-spk-AAAB.npy,132,3,182,S_plus_candidate,S_plus_candidate,P1 stimulus activation passed,0.05,0.3,within_session_all_units_all_primary_contrasts,false,false,false,missing_unit_metadata,false,None
230629,ses230629-units-probe0-spk-AAAB.npy,133,3,182,null_or_unclassified,null_or_unclassified,No active phenotype detected,0.05,0.3,within_session_all_units_all_primary_contrasts,false,false,false,missing_unit_metadata,false,None
230629,ses230629-units-probe0-spk-AAAB.npy,134,3,182,null_or_unclassified,null_or_unclassified,No active phenotype detected,0.05,0.3,within_session_all_units_all_primary_contrasts,false,false,false,missing_unit_metadata,false,None
230629,ses230629-units-probe0-spk-AAAB.npy,135,3,182,null_or_unclassified,null_or_unclassified,No active phenotype detected,0.05,0.3,within_session_all_units_all_primary_contrasts,false,false,false,missing_unit_metadata,false,None
230629,ses230629-units-probe0-spk-AAAB.npy,136,3,182,null_or_unclassified,null_or_unclassified,No active phenotype detected,0.05,0.3,within_session_all_units_all_primary_contrasts,false,false,false,missing_unit_metadata,false,None
230629,ses230629-units-probe0-spk-AAAB.npy,137,3,182,null_or_unclassified,null_or_unclassified,No active phenotype detected,0.05,0.3,within_session_all_units_all_primary_contrasts,false,false,false,missing_unit_metadata,false,None
230629,ses230629-units-probe0-spk-AAAB.npy,138,3,182,null_or_unclassified,null_or_unclassified,No active phenotype detected,0.05,0.3,within_session_all_units_all_primary_contrasts,false,false,false,missing_unit_metadata,false,None
230629,ses230629-units-probe0-spk-AAAB.npy,139,3,182,null_or_unclassified,null_or_unclassified,No active phenotype detected,0.05,0.3,within_session_all_units_all_primary_contrasts,false,false,false,missing_unit_metadata,false,None
230629,ses230629-units-probe0-spk-AAAB.npy,140,3,182,null_or_unclassified,null_or_unclassified,No active phenotype detected,0.05,0.3,within_session_all_units_all_primary_contrasts,false,false,false,missing_unit_metadata,false,None
230629,ses230629-units-probe0-spk-AAAB.npy,141,3,182,null_or_unclassified,null_or_unclassified,No active phenotype detected,0.05,0.3,within_session_all_units_all_primary_contrasts,false,false,false,missing_unit_metadata,false,None
230629,ses230629-units-probe0-spk-AAAB.npy,142,3,182,null_or_unclassified,null_or_unclassified,No active phenotype detected,0.05,0.3,within_session_all_units_all_primary_contrasts,false,false,false,missing_unit_metadata,false,None
230629,ses230629-units-probe0-spk-AAAB.npy,143,3,182,S_plus_candidate,S_plus_candidate,P1 stimulus activation passed,0.05,0.3,within_session_all_units_all_primary_contrasts,false,false,false,missing_unit_metadata,false,None
230629,ses230629-units-probe0-spk-AAAB.npy,144,3,182,null_or_unclassified,null_or_unclassified,No active phenotype detected,0.05,0.3,within_session_all_units_all_primary_contrasts,false,false,false,missing_unit_metadata,false,None
230629,ses230629-units-probe0-spk-AAAB.npy,145,3,182,null_or_unclassified,null_or_unclassified,No active phenotype detected,0.05,0.3,within_session_all_units_all_primary_contrasts,false,false,false,missing_unit_metadata,false,None
230629,ses230629-units-probe0-spk-AAAB.npy,146,3,182,S_minus_candidate,S_minus_candidate,P1 stimulus suppression passed,0.05,0.3,within_session_all_units_all_primary_contrasts,false,false,false,missing_unit_metadata,false,None
230629,ses230629-units-probe0-spk-AAAB.npy,147,3,182,S_plus_candidate,S_plus_candidate,P1 stimulus activation passed,0.05,0.3,within_session_all_units_all_primary_contrasts,false,false,false,missing_unit_metadata,false,None
230629,ses230629-units-probe0-spk-AAAB.npy,148,3,182,S_plus_candidate,S_plus_candidate,P1 stimulus activation passed,0.05,0.3,within_session_all_units_all_primary_contrasts,false,false,false,missing_unit_metadata,false,None
230629,ses230629-units-probe0-spk-AAAB.npy,149,3,182,S_plus_candidate,S_plus_candidate,P1 stimulus activation passed,0.05,0.3,within_session_all_units_all_primary_contrasts,false,false,false,missing_unit_metadata,false,None
230629,ses230629-units-probe0-spk-AAAB.npy,150,3,182,S_plus_candidate,S_plus_candidate,P1 stimulus activation passed,0.05,0.3,within_session_all_units_all_primary_contrasts,false,false,false,missing_unit_metadata,false,None
230629,ses230629-units-probe0-spk-AAAB.npy,151,3,182,null_or_unclassified,null_or_unclassified,No active phenotype detected,0.05,0.3,within_session_all_units_all_primary_contrasts,false,false,false,missing_unit_metadata,false,None
230629,ses230629-units-probe0-spk-AAAB.npy,152,3,182,null_or_unclassified,null_or_unclassified,No active phenotype detected,0.05,0.3,within_session_all_units_all_primary_contrasts,false,false,false,missing_unit_metadata,false,None
230629,ses230629-units-probe0-spk-AAAB.npy,153,3,182,null_or_unclassified,null_or_unclassified,No active phenotype detected,0.05,0.3,within_session_all_units_all_primary_contrasts,false,false,false,missing_unit_metadata,false,None
230629,ses230629-units-probe0-spk-AAAB.npy,154,3,182,null_or_unclassified,null_or_unclassified,No active phenotype detected,0.05,0.3,within_session_all_units_all_primary_contrasts,false,false,false,missing_unit_metadata,false,None
230629,ses230629-units-probe0-spk-AAAB.npy,155,3,182,null_or_unclassified,null_or_unclassified,No active phenotype detected,0.05,0.3,within_session_all_units_all_primary_contrasts,false,false,false,missing_unit_metadata,false,None
230629,ses230629-units-probe0-spk-AAAB.npy,156,3,182,S_plus_candidate,S_plus_candidate,P1 stimulus activation passed,0.05,0.3,within_session_all_units_all_primary_contrasts,false,false,false,missing_unit_metadata,false,None
230629,ses230629-units-probe0-spk-AAAB.npy,157,3,182,S_plus_candidate,S_plus_candidate,P1 stimulus activation passed,0.05,0.3,within_session_all_units_all_primary_contrasts,false,false,false,missing_unit_metadata,false,None
230629,ses230629-units-probe0-spk-AAAB.npy,158,3,182,null_or_unclassified,null_or_unclassified,No active phenotype detected,0.05,0.3,within_session_all_units_all_primary_contrasts,false,false,false,missing_unit_metadata,false,None
230629,ses230629-units-probe0-spk-AAAB.npy,159,3,182,S_plus_candidate; S_minus_candidate,S_plus_candidate,P1 stimulus suppression passed,0.05,0.3,within_session_all_units_all_primary_contrasts,false,false,false,missing_unit_metadata,false,None
230629,ses230629-units-probe0-spk-AAAB.npy,160,3,182,null_or_unclassified,null_or_unclassified,No active phenotype detected,0.05,0.3,within_session_all_units_all_primary_contrasts,false,false,false,missing_unit_metadata,false,None
230629,ses230629-units-probe0-spk-AAAB.npy,161,3,182,S_plus_candidate,S_plus_candidate,P1 stimulus activation passed,0.05,0.3,within_session_all_units_all_primary_contrasts,false,false,false,missing_unit_metadata,false,None
230629,ses230629-units-probe0-spk-AAAB.npy,162,3,182,S_minus_candidate,S_minus_candidate,P1 stimulus suppression passed,0.05,0.3,within_session_all_units_all_primary_contrasts,false,false,false,missing_unit_metadata,false,None
230629,ses230629-units-probe0-spk-AAAB.npy,163,3,182,S_plus_candidate,S_plus_candidate,P1 stimulus activation passed,0.05,0.3,within_session_all_units_all_primary_contrasts,false,false,false,missing_unit_metadata,false,None
230629,ses230629-units-probe0-spk-AAAB.npy,164,3,182,S_plus_candidate,S_plus_candidate,P1 stimulus activation passed,0.05,0.3,within_session_all_units_all_primary_contrasts,false,false,false,missing_unit_metadata,false,None
230629,ses230629-units-probe0-spk-AAAB.npy,165,3,182,null_or_unclassified,null_or_unclassified,No active phenotype detected,0.05,0.3,within_session_all_units_all_primary_contrasts,false,false,false,missing_unit_metadata,false,None
230629,ses230629-units-probe0-spk-AAAB.npy,166,3,182,null_or_unclassified,null_or_unclassified,No active phenotype detected,0.05,0.3,within_session_all_units_all_primary_contrasts,false,false,false,missing_unit_metadata,false,None
230629,ses230629-units-probe0-spk-AAAB.npy,167,3,182,S_plus_candidate,S_plus_candidate,P1 stimulus activation passed,0.05,0.3,within_session_all_units_all_primary_contrasts,false,false,false,missing_unit_metadata,false,None
230629,ses230629-units-probe0-spk-AAAB.npy,168,3,182,null_or_unclassified,null_or_unclassified,No active phenotype detected,0.05,0.3,within_session_all_units_all_primary_contrasts,false,false,false,missing_unit_metadata,false,None
230629,ses230629-units-probe0-spk-AAAB.npy,169,3,182,S_minus_candidate,S_minus_candidate,P1 stimulus suppression passed,0.05,0.3,within_session_all_units_all_primary_contrasts,false,false,false,missing_unit_metadata,false,None
230629,ses230629-units-probe0-spk-AAAB.npy,170,3,182,null_or_unclassified,null_or_unclassified,No active phenotype detected,0.05,0.3,within_session_all_units_all_primary_contrasts,false,false,false,missing_unit_metadata,false,None
230629,ses230629-units-probe0-spk-AAAB.npy,171,3,182,null_or_unclassified,null_or_unclassified,No active phenotype detected,0.05,0.3,within_session_all_units_all_primary_contrasts,false,false,false,missing_unit_metadata,false,None
230629,ses230629-units-probe0-spk-AAAB.npy,172,3,182,null_or_unclassified,null_or_unclassified,No active phenotype detected,0.05,0.3,within_session_all_units_all_primary_contrasts,false,false,false,missing_unit_metadata,false,None
230629,ses230629-units-probe0-spk-AAAB.npy,173,3,182,S_minus_candidate,S_minus_candidate,P1 stimulus suppression passed,0.05,0.3,within_session_all_units_all_primary_contrasts,false,false,false,missing_unit_metadata,false,None
230629,ses230629-units-probe0-spk-AAAB.npy,174,3,182,null_or_unclassified,null_or_unclassified,No active phenotype detected,0.05,0.3,within_session_all_units_all_primary_contrasts,false,false,false,missing_unit_metadata,false,None
230629,ses230629-units-probe0-spk-AAAB.npy,175,3,182,S_plus_candidate,S_plus_candidate,P1 stimulus activation passed,0.05,0.3,within_session_all_units_all_primary_contrasts,false,false,false,missing_unit_metadata,false,None
230629,ses230629-units-probe0-spk-AAAB.npy,176,3,182,S_minus_candidate,S_minus_candidate,P1 stimulus suppression passed,0.05,0.3,within_session_all_units_all_primary_contrasts,false,false,false,missing_unit_metadata,false,None
230629,ses230629-units-probe0-spk-AAAB.npy,177,3,182,S_minus_candidate,S_minus_candidate,P1 stimulus suppression passed,0.05,0.3,within_session_all_units_all_primary_contrasts,false,false,false,missing_unit_metadata,false,None
230629,ses230629-units-probe0-spk-AAAB.npy,178,3,182,S_minus_candidate,S_minus_candidate,P1 stimulus suppression passed,0.05,0.3,within_session_all_units_all_primary_contrasts,false,false,false,missing_unit_metadata,false,None
230629,ses230629-units-probe0-spk-AAAB.npy,179,3,182,S_minus_candidate,S_minus_candidate,P1 stimulus suppression passed,0.05,0.3,within_session_all_units_all_primary_contrasts,false,false,false,missing_unit_metadata,false,None
230629,ses230629-units-probe0-spk-AAAB.npy,180,3,182,null_or_unclassified,null_or_unclassified,No active phenotype detected,0.05,0.3,within_session_all_units_all_primary_contrasts,false,false,false,missing_unit_metadata,false,None
230629,ses230629-units-probe0-spk-AAAB.npy,181,3,182,null_or_unclassified,null_or_unclassified,No active phenotype detected,0.05,0.3,within_session_all_units_all_primary_contrasts,false,false,false,missing_unit_metadata,false,None
230629,ses230629-units-probe0-spk-AAAB.npy,182,3,182,S_plus_candidate,S_plus_candidate,P1 stimulus activation passed,0.05,0.3,within_session_all_units_all_primary_contrasts,false,false,false,missing_unit_metadata,false,None
230629,ses230629-units-probe0-spk-AAAB.npy,183,3,182,null_or_unclassified,null_or_unclassified,No active phenotype detected,0.05,0.3,within_session_all_units_all_primary_contrasts,false,false,false,missing_unit_metadata,false,None
230629,ses230629-units-probe0-spk-AAAB.npy,184,3,182,null_or_unclassified,null_or_unclassified,No active phenotype detected,0.05,0.3,within_session_all_units_all_primary_contrasts,false,false,false,missing_unit_metadata,false,None
230629,ses230629-units-probe0-spk-AAAB.npy,185,3,182,null_or_unclassified,null_or_unclassified,No active phenotype detected,0.05,0.3,within_session_all_units_all_primary_contrasts,false,false,false,missing_unit_metadata,false,None
230629,ses230629-units-probe0-spk-AAAB.npy,186,3,182,S_minus_candidate,S_minus_candidate,P1 stimulus suppression passed,0.05,0.3,within_session_all_units_all_primary_contrasts,false,false,false,missing_unit_metadata,false,None
230629,ses230629-units-probe0-spk-AAAB.npy,187,3,182,null_or_unclassified,null_or_unclassified,No active phenotype detected,0.05,0.3,within_session_all_units_all_primary_contrasts,false,false,false,missing_unit_metadata,false,None
230629,ses230629-units-probe0-spk-AAAB.npy,188,3,182,S_minus_candidate,S_minus_candidate,P1 stimulus suppression passed,0.05,0.3,within_session_all_units_all_primary_contrasts,false,false,false,missing_unit_metadata,false,None
230629,ses230629-units-probe0-spk-AAAB.npy,189,3,182,null_or_unclassified,null_or_unclassified,No active phenotype detected,0.05,0.3,within_session_all_units_all_primary_contrasts,false,false,false,missing_unit_metadata,false,None
230629,ses230629-units-probe0-spk-AAAB.npy,190,3,182,null_or_unclassified,null_or_unclassified,No active phenotype detected,0.05,0.3,within_session_all_units_all_primary_contrasts,false,false,false,missing_unit_metadata,false,None
230629,ses230629-units-probe0-spk-AAAB.npy,191,3,182,null_or_unclassified,null_or_unclassified,No active phenotype detected,0.05,0.3,within_session_all_units_all_primary_contrasts,false,false,false,missing_unit_metadata,false,None
230629,ses230629-units-probe0-spk-AAAB.npy,192,3,182,null_or_unclassified,null_or_unclassified,No active phenotype detected,0.05,0.3,within_session_all_units_all_primary_contrasts,false,false,false,missing_unit_metadata,false,None
230629,ses230629-units-probe0-spk-AAAB.npy,193,3,182,null_or_unclassified,null_or_unclassified,No active phenotype detected,0.05,0.3,within_session_all_units_all_primary_contrasts,false,false,false,missing_unit_metadata,false,None
230629,ses230629-units-probe0-spk-AAAB.npy,194,3,182,S_plus_candidate,S_plus_candidate,P1 stimulus activation passed,0.05,0.3,within_session_all_units_all_primary_contrasts,false,false,false,missing_unit_metadata,false,None
230629,ses230629-units-probe0-spk-AAAB.npy,195,3,182,null_or_unclassified,null_or_unclassified,No active phenotype detected,0.05,0.3,within_session_all_units_all_primary_contrasts,false,false,false,missing_unit_metadata,false,None
230629,ses230629-units-probe0-spk-AAAB.npy,196,3,182,null_or_unclassified,null_or_unclassified,No active phenotype detected,0.05,0.3,within_session_all_units_all_primary_contrasts,false,false,false,missing_unit_metadata,false,None
230629,ses230629-units-probe0-spk-AAAB.npy,197,3,182,null_or_unclassified,null_or_unclassified,No active phenotype detected,0.05,0.3,within_session_all_units_all_primary_contrasts,false,false,false,missing_unit_metadata,false,None
230629,ses230629-units-probe0-spk-AAAB.npy,198,3,182,S_plus_candidate,S_plus_candidate,P1 stimulus activation passed,0.05,0.3,within_session_all_units_all_primary_contrasts,false,false,false,missing_unit_metadata,false,None
230629,ses230629-units-probe0-spk-AAAB.npy,199,3,182,null_or_unclassified,null_or_unclassified,No active phenotype detected,0.05,0.3,within_session_all_units_all_primary_contrasts,false,false,false,missing_unit_metadata,false,None
230629,ses230629-units-probe0-spk-AAAB.npy,200,3,182,S_plus_candidate,S_plus_candidate,P1 stimulus activation passed,0.05,0.3,within_session_all_units_all_primary_contrasts,false,false,false,missing_unit_metadata,false,None
230629,ses230629-units-probe0-spk-AAAB.npy,201,3,182,null_or_unclassified,null_or_unclassified,No active phenotype detected,0.05,0.3,within_session_all_units_all_primary_contrasts,false,false,false,missing_unit_metadata,false,None
230629,ses230629-units-probe0-spk-AAAB.npy,202,3,182,null_or_unclassified,null_or_unclassified,No active phenotype detected,0.05,0.3,within_session_all_units_all_primary_contrasts,false,false,false,missing_unit_metadata,false,None
230629,ses230629-units-probe0-spk-AAAB.npy,203,3,182,null_or_unclassified,null_or_unclassified,No active phenotype detected,0.05,0.3,within_session_all_units_all_primary_contrasts,false,false,false,missing_unit_metadata,false,None
230629,ses230629-units-probe0-spk-AAAB.npy,204,3,182,null_or_unclassified,null_or_unclassified,No active phenotype detected,0.05,0.3,within_session_all_units_all_primary_contrasts,false,false,false,missing_unit_metadata,false,None
230629,ses230629-units-probe0-spk-AAAB.npy,205,3,182,S_minus_candidate,S_minus_candidate,P1 stimulus suppression passed,0.05,0.3,within_session_all_units_all_primary_contrasts,false,false,false,missing_unit_metadata,false,None
230629,ses230629-units-probe0-spk-AAAB.npy,206,3,182,null_or_unclassified,null_or_unclassified,No active phenotype detected,0.05,0.3,within_session_all_units_all_primary_contrasts,false,false,false,missing_unit_metadata,false,None
230629,ses230629-units-probe0-spk-AAAB.npy,207,3,182,null_or_unclassified,null_or_unclassified,No active phenotype detected,0.05,0.3,within_session_all_units_all_primary_contrasts,false,false,false,missing_unit_metadata,false,None
230629,ses230629-units-probe0-spk-AAAB.npy,208,3,182,null_or_unclassified,null_or_unclassified,No active phenotype detected,0.05,0.3,within_session_all_units_all_primary_contrasts,false,false,false,missing_unit_metadata,false,None
230629,ses230629-units-probe0-spk-AAAB.npy,209,3,182,null_or_unclassified,null_or_unclassified,No active phenotype detected,0.05,0.3,within_session_all_units_all_primary_contrasts,false,false,false,missing_unit_metadata,false,None
230629,ses230629-units-probe0-spk-AAAB.npy,210,3,182,null_or_unclassified,null_or_unclassified,No active phenotype detected,0.05,0.3,within_session_all_units_all_primary_contrasts,false,false,false,missing_unit_metadata,false,None
230629,ses230629-units-probe0-spk-AAAB.npy,211,3,182,null_or_unclassified,null_or_unclassified,No active phenotype detected,0.05,0.3,within_session_all_units_all_primary_contrasts,false,false,false,missing_unit_metadata,false,None
230629,ses230629-units-probe0-spk-AAAB.npy,212,3,182,null_or_unclassified,null_or_unclassified,No active phenotype detected,0.05,0.3,within_session_all_units_all_primary_contrasts,false,false,false,missing_unit_metadata,false,None
230629,ses230629-units-probe0-spk-AAAB.npy,213,3,182,S_plus_candidate; S_minus_candidate,S_plus_candidate,P1 stimulus activation passed,0.05,0.3,within_session_all_units_all_primary_contrasts,false,false,false,missing_unit_metadata,false,None
230629,ses230629-units-probe0-spk-AAAB.npy,214,3,182,S_plus_candidate,S_plus_candidate,P1 stimulus activation passed,0.05,0.3,within_session_all_units_all_primary_contrasts,false,false,false,missing_unit_metadata,false,None
230629,ses230629-units-probe0-spk-AAAB.npy,215,3,182,null_or_unclassified,null_or_unclassified,No active phenotype detected,0.05,0.3,within_session_all_units_all_primary_contrasts,false,false,false,missing_unit_metadata,false,None
230629,ses230629-units-probe0-spk-AAAB.npy,216,3,182,S_minus_candidate,S_minus_candidate,P1 stimulus suppression passed,0.05,0.3,within_session_all_units_all_primary_contrasts,false,false,false,missing_unit_metadata,false,None
230629,ses230629-units-probe0-spk-AAAB.npy,217,3,182,null_or_unclassified,null_or_unclassified,No active phenotype detected,0.05,0.3,within_session_all_units_all_primary_contrasts,false,false,false,missing_unit_metadata,false,None
230629,ses230629-units-probe0-spk-AAAB.npy,218,3,182,null_or_unclassified,null_or_unclassified,No active phenotype detected,0.05,0.3,within_session_all_units_all_primary_contrasts,false,false,false,missing_unit_metadata,false,None
230629,ses230629-units-probe0-spk-AAAB.npy,219,3,182,null_or_unclassified,null_or_unclassified,No active phenotype detected,0.05,0.3,within_session_all_units_all_primary_contrasts,false,false,false,missing_unit_metadata,false,None
230629,ses230629-units-probe0-spk-AAAB.npy,220,3,182,null_or_unclassified,null_or_unclassified,No active phenotype detected,0.05,0.3,within_session_all_units_all_primary_contrasts,false,false,false,missing_unit_metadata,false,None
230629,ses230629-units-probe0-spk-AAAB.npy,221,3,182,S_minus_candidate,S_minus_candidate,P1 stimulus suppression passed,0.05,0.3,within_session_all_units_all_primary_contrasts,false,false,false,missing_unit_metadata,false,None
230629,ses230629-units-probe0-spk-AAAB.npy,222,3,182,null_or_unclassified,null_or_unclassified,No active phenotype detected,0.05,0.3,within_session_all_units_all_primary_contrasts,false,false,false,missing_unit_metadata,false,None
230629,ses230629-units-probe0-spk-AAAB.npy,223,3,182,S_plus_candidate; S_minus_candidate,S_plus_candidate,P1 stimulus activation passed,0.05,0.3,within_session_all_units_all_primary_contrasts,false,false,false,missing_unit_metadata,false,None
230629,ses230629-units-probe0-spk-AAAB.npy,224,3,182,S_plus_candidate,S_plus_candidate,P1 stimulus activation passed,0.05,0.3,within_session_all_units_all_primary_contrasts,false,false,false,missing_unit_metadata,false,None
230629,ses230629-units-probe0-spk-AAAB.npy,225,3,182,null_or_unclassified,null_or_unclassified,No active phenotype detected,0.05,0.3,within_session_all_units_all_primary_contrasts,false,false,false,missing_unit_metadata,false,None
230629,ses230629-units-probe0-spk-AAAB.npy,226,3,182,null_or_unclassified,null_or_unclassified,No active phenotype detected,0.05,0.3,within_session_all_units_all_primary_contrasts,false,false,false,missing_unit_metadata,false,None
230629,ses230629-units-probe0-spk-AAAB.npy,227,3,182,S_minus_candidate,S_minus_candidate,P1 stimulus suppression passed,0.05,0.3,within_session_all_units_all_primary_contrasts,false,false,false,missing_unit_metadata,false,None
230629,ses230629-units-probe0-spk-AAAB.npy,228,3,182,null_or_unclassified,null_or_unclassified,No active phenotype detected,0.05,0.3,within_session_all_units_all_primary_contrasts,false,false,false,missing_unit_metadata,false,None
230629,ses230629-units-probe0-spk-AAAB.npy,229,3,182,S_minus_candidate,S_minus_candidate,P1 stimulus suppression passed,0.05,0.3,within_session_all_units_all_primary_contrasts,false,false,false,missing_unit_metadata,false,None
230629,ses230629-units-probe0-spk-AAAB.npy,230,3,182,S_plus_candidate,S_plus_candidate,P1 stimulus activation passed,0.05,0.3,within_session_all_units_all_primary_contrasts,false,false,false,missing_unit_metadata,false,None
230629,ses230629-units-probe0-spk-AAAB.npy,231,3,182,S_plus_candidate,S_plus_candidate,P1 stimulus activation passed,0.05,0.3,within_session_all_units_all_primary_contrasts,false,false,false,missing_unit_metadata,false,None
230629,ses230629-units-probe0-spk-AAAB.npy,232,3,182,null_or_unclassified,null_or_unclassified,No active phenotype detected,0.05,0.3,within_session_all_units_all_primary_contrasts,false,false,false,missing_unit_metadata,false,None
230629,ses230629-units-probe0-spk-AAAB.npy,233,3,182,null_or_unclassified,null_or_unclassified,No active phenotype detected,0.05,0.3,within_session_all_units_all_primary_contrasts,false,false,false,missing_unit_metadata,false,None
230629,ses230629-units-probe0-spk-AAAB.npy,234,3,182,S_minus_candidate,S_minus_candidate,P1 stimulus suppression passed,0.05,0.3,within_session_all_units_all_primary_contrasts,false,false,false,missing_unit_metadata,false,None
230629,ses230629-units-probe0-spk-AAAB.npy,235,3,182,S_minus_candidate,S_minus_candidate,P1 stimulus suppression passed,0.05,0.3,within_session_all_units_all_primary_contrasts,false,false,false,missing_unit_metadata,false,None
230629,ses230629-units-probe0-spk-AAAB.npy,236,3,182,null_or_unclassified,null_or_unclassified,No active phenotype detected,0.05,0.3,within_session_all_units_all_primary_contrasts,false,false,false,missing_unit_metadata,false,None
230629,ses230629-units-probe0-spk-AAAB.npy,237,3,182,S_minus_candidate; S_plus_candidate,S_plus_candidate,P1 stimulus activation passed,0.05,0.3,within_session_all_units_all_primary_contrasts,false,false,false,missing_unit_metadata,false,None
230629,ses230629-units-probe0-spk-AAAB.npy,238,3,182,S_plus_candidate,S_plus_candidate,P1 stimulus activation passed,0.05,0.3,within_session_all_units_all_primary_contrasts,false,false,false,missing_unit_metadata,false,None
230629,ses230629-units-probe0-spk-AAAB.npy,239,3,182,null_or_unclassified,null_or_unclassified,No active phenotype detected,0.05,0.3,within_session_all_units_all_primary_contrasts,false,false,false,missing_unit_metadata,false,None
230629,ses230629-units-probe0-spk-AAAB.npy,240,3,182,S_minus_candidate,S_minus_candidate,P1 stimulus suppression passed,0.05,0.3,within_session_all_units_all_primary_contrasts,false,false,false,missing_unit_metadata,false,None
230629,ses230629-units-probe0-spk-AAAB.npy,241,3,182,S_minus_candidate,S_minus_candidate,P1 stimulus suppression passed,0.05,0.3,within_session_all_units_all_primary_contrasts,false,false,false,missing_unit_metadata,false,None
230629,ses230629-units-probe0-spk-AAAB.npy,242,3,182,null_or_unclassified,null_or_unclassified,No active phenotype detected,0.05,0.3,within_session_all_units_all_primary_contrasts,false,false,false,missing_unit_metadata,false,None
230629,ses230629-units-probe0-spk-AAAB.npy,243,3,182,null_or_unclassified,null_or_unclassified,No active phenotype detected,0.05,0.3,within_session_all_units_all_primary_contrasts,false,false,false,missing_unit_metadata,false,None
230629,ses230629-units-probe0-spk-AAAB.npy,244,3,182,S_plus_candidate,S_plus_candidate,P1 stimulus activation passed,0.05,0.3,within_session_all_units_all_primary_contrasts,false,false,false,missing_unit_metadata,false,None
230629,ses230629-units-probe0-spk-AAAB.npy,245,3,182,S_plus_candidate,S_plus_candidate,P1 stimulus activation passed,0.05,0.3,within_session_all_units_all_primary_contrasts,false,false,false,missing_unit_metadata,false,None
230629,ses230629-units-probe0-spk-AAAB.npy,246,3,182,null_or_unclassified,null_or_unclassified,No active phenotype detected,0.05,0.3,within_session_all_units_all_primary_contrasts,false,false,false,missing_unit_metadata,false,None
230629,ses230629-units-probe0-spk-AAAB.npy,247,3,182,null_or_unclassified,null_or_unclassified,No active phenotype detected,0.05,0.3,within_session_all_units_all_primary_contrasts,false,false,false,missing_unit_metadata,false,None
230629,ses230629-units-probe0-spk-AAAB.npy,248,3,182,S_minus_candidate,S_minus_candidate,P1 stimulus suppression passed,0.05,0.3,within_session_all_units_all_primary_contrasts,false,false,false,missing_unit_metadata,false,None
230629,ses230629-units-probe0-spk-AAAB.npy,249,3,182,S_plus_candidate,S_plus_candidate,P1 stimulus activation passed,0.05,0.3,within_session_all_units_all_primary_contrasts,false,false,false,missing_unit_metadata,false,None
230629,ses230629-units-probe0-spk-AAAB.npy,250,3,182,S_plus_candidate,S_plus_candidate,P1 stimulus activation passed,0.05,0.3,within_session_all_units_all_primary_contrasts,false,false,false,missing_unit_metadata,false,None
230629,ses230629-units-probe0-spk-AAAB.npy,251,3,182,null_or_unclassified,null_or_unclassified,No active phenotype detected,0.05,0.3,within_session_all_units_all_primary_contrasts,false,false,false,missing_unit_metadata,false,None
230629,ses230629-units-probe0-spk-AAAB.npy,252,3,182,S_plus_candidate,S_plus_candidate,P1 stimulus activation passed,0.05,0.3,within_session_all_units_all_primary_contrasts,false,false,false,missing_unit_metadata,false,None
230629,ses230629-units-probe0-spk-AAAB.npy,253,3,182,S_plus_candidate,S_plus_candidate,P1 stimulus activation passed,0.05,0.3,within_session_all_units_all_primary_contrasts,false,false,false,missing_unit_metadata,false,None
230629,ses230629-units-probe0-spk-AAAB.npy,254,3,182,null_or_unclassified,null_or_unclassified,No active phenotype detected,0.05,0.3,within_session_all_units_all_primary_contrasts,false,false,false,missing_unit_metadata,false,None
230629,ses230629-units-probe0-spk-AAAB.npy,255,3,182,null_or_unclassified,null_or_unclassified,No active phenotype detected,0.05,0.3,within_session_all_units_all_primary_contrasts,false,false,false,missing_unit_metadata,false,None
230629,ses230629-units-probe0-spk-AAAB.npy,256,3,182,null_or_unclassified,null_or_unclassified,No active phenotype detected,0.05,0.3,within_session_all_units_all_primary_contrasts,false,false,false,missing_unit_metadata,false,None
230629,ses230629-units-probe0-spk-AAAB.npy,257,3,182,null_or_unclassified,null_or_unclassified,No active phenotype detected,0.05,0.3,within_session_all_units_all_primary_contrasts,false,false,false,missing_unit_metadata,false,None
230629,ses230629-units-probe0-spk-AAAB.npy,258,3,182,S_plus_candidate,S_plus_candidate,P1 stimulus activation passed,0.05,0.3,within_session_all_units_all_primary_contrasts,false,false,false,missing_unit_metadata,false,None
230629,ses230629-units-probe0-spk-AAAB.npy,259,3,182,S_minus_candidate,S_minus_candidate,P1 stimulus suppression passed,0.05,0.3,within_session_all_units_all_primary_contrasts,false,false,false,missing_unit_metadata,false,None
230629,ses230629-units-probe0-spk-AAAB.npy,260,3,182,S_plus_candidate,S_plus_candidate,P1 stimulus activation passed,0.05,0.3,within_session_all_units_all_primary_contrasts,false,false,false,missing_unit_metadata,false,None
230629,ses230629-units-probe0-spk-AAAB.npy,261,3,182,S_plus_candidate,S_plus_candidate,P1 stimulus activation passed,0.05,0.3,within_session_all_units_all_primary_contrasts,false,false,false,missing_unit_metadata,false,None
230629,ses230629-units-probe0-spk-AAAB.npy,262,3,182,S_plus_candidate,S_plus_candidate,P1 stimulus activation passed,0.05,0.3,within_session_all_units_all_primary_contrasts,false,false,false,missing_unit_metadata,false,None
230629,ses230629-units-probe0-spk-AAAB.npy,263,3,182,null_or_unclassified,null_or_unclassified,No active phenotype detected,0.05,0.3,within_session_all_units_all_primary_contrasts,false,false,false,missing_unit_metadata,false,None
230629,ses230629-units-probe0-spk-AAAB.npy,264,3,182,S_minus_candidate,S_minus_candidate,P1 stimulus suppression passed,0.05,0.3,within_session_all_units_all_primary_contrasts,false,false,false,missing_unit_metadata,false,None
230629,ses230629-units-probe0-spk-AAAB.npy,265,3,182,null_or_unclassified,null_or_unclassified,No active phenotype detected,0.05,0.3,within_session_all_units_all_primary_contrasts,false,false,false,missing_unit_metadata,false,None
230629,ses230629-units-probe0-spk-AAAB.npy,266,3,182,null_or_unclassified,null_or_unclassified,No active phenotype detected,0.05,0.3,within_session_all_units_all_primary_contrasts,false,false,false,missing_unit_metadata,false,None
230629,ses230629-units-probe0-spk-AAAB.npy,267,3,182,null_or_unclassified,null_or_unclassified,No active phenotype detected,0.05,0.3,within_session_all_units_all_primary_contrasts,false,false,false,missing_unit_metadata,false,None
230629,ses230629-units-probe0-spk-AAAB.npy,268,3,182,null_or_unclassified,null_or_unclassified,No active phenotype detected,0.05,0.3,within_session_all_units_all_primary_contrasts,false,false,false,missing_unit_metadata,false,None
230629,ses230629-units-probe0-spk-AAAB.npy,269,3,182,S_plus_candidate; S_minus_candidate,S_plus_candidate,P1 stimulus suppression passed,0.05,0.3,within_session_all_units_all_primary_contrasts,false,false,false,missing_unit_metadata,false,None
230629,ses230629-units-probe0-spk-AAAB.npy,270,3,182,null_or_unclassified,null_or_unclassified,No active phenotype detected,0.05,0.3,within_session_all_units_all_primary_contrasts,false,false,false,missing_unit_metadata,false,None
230629,ses230629-units-probe0-spk-AAAB.npy,271,3,182,null_or_unclassified,null_or_unclassified,No active phenotype detected,0.05,0.3,within_session_all_units_all_primary_contrasts,false,false,false,missing_unit_metadata,false,None
230629,ses230629-units-probe0-spk-AAAB.npy,272,3,182,null_or_unclassified,null_or_unclassified,No active phenotype detected,0.05,0.3,within_session_all_units_all_primary_contrasts,false,false,false,missing_unit_metadata,false,None
230629,ses230629-units-probe0-spk-AAAB.npy,273,3,182,null_or_unclassified,null_or_unclassified,No active phenotype detected,0.05,0.3,within_session_all_units_all_primary_contrasts,false,false,false,missing_unit_metadata,false,None
230629,ses230629-units-probe0-spk-AAAB.npy,274,3,182,null_or_unclassified,null_or_unclassified,No active phenotype detected,0.05,0.3,within_session_all_units_all_primary_contrasts,false,false,false,missing_unit_metadata,false,None
230629,ses230629-units-probe0-spk-AAAB.npy,275,3,182,null_or_unclassified,null_or_unclassified,No active phenotype detected,0.05,0.3,within_session_all_units_all_primary_contrasts,false,false,false,missing_unit_metadata,false,None
230629,ses230629-units-probe0-spk-AAAB.npy,276,3,182,null_or_unclassified,null_or_unclassified,No active phenotype detected,0.05,0.3,within_session_all_units_all_primary_contrasts,false,false,false,missing_unit_metadata,false,None
230629,ses230629-units-probe0-spk-AAAB.npy,277,3,182,null_or_unclassified,null_or_unclassified,No active phenotype detected,0.05,0.3,within_session_all_units_all_primary_contrasts,false,false,false,missing_unit_metadata,false,None
230629,ses230629-units-probe0-spk-AAAB.npy,278,3,182,null_or_unclassified,null_or_unclassified,No active phenotype detected,0.05,0.3,within_session_all_units_all_primary_contrasts,false,false,false,missing_unit_metadata,false,None
230629,ses230629-units-probe0-spk-AAAB.npy,279,3,182,null_or_unclassified,null_or_unclassified,No active phenotype detected,0.05,0.3,within_session_all_units_all_primary_contrasts,false,false,false,missing_unit_metadata,false,None
230629,ses230629-units-probe0-spk-AAAB.npy,280,3,182,null_or_unclassified,null_or_unclassified,No active phenotype detected,0.05,0.3,within_session_all_units_all_primary_contrasts,false,false,false,missing_unit_metadata,false,None
230629,ses230629-units-probe0-spk-AAAB.npy,281,3,182,S_minus_candidate,S_minus_candidate,P1 stimulus suppression passed,0.05,0.3,within_session_all_units_all_primary_contrasts,false,false,false,missing_unit_metadata,false,None
230629,ses230629-units-probe0-spk-AAAB.npy,282,3,182,null_or_unclassified,null_or_unclassified,No active phenotype detected,0.05,0.3,within_session_all_units_all_primary_contrasts,false,false,false,missing_unit_metadata,false,None
230629,ses230629-units-probe0-spk-AAAB.npy,283,3,182,null_or_unclassified,null_or_unclassified,No active phenotype detected,0.05,0.3,within_session_all_units_all_primary_contrasts,false,false,false,missing_unit_metadata,false,None
230629,ses230629-units-probe0-spk-AAAB.npy,284,3,182,null_or_unclassified,null_or_unclassified,No active phenotype detected,0.05,0.3,within_session_all_units_all_primary_contrasts,false,false,false,missing_unit_metadata,false,None
230629,ses230629-units-probe0-spk-AAAB.npy,285,3,182,null_or_unclassified,null_or_unclassified,No active phenotype detected,0.05,0.3,within_session_all_units_all_primary_contrasts,false,false,false,missing_unit_metadata,false,None
230629,ses230629-units-probe0-spk-AAAB.npy,286,3,182,null_or_unclassified,null_or_unclassified,No active phenotype detected,0.05,0.3,within_session_all_units_all_primary_contrasts,false,false,false,missing_unit_metadata,false,None
230629,ses230629-units-probe0-spk-AAAB.npy,287,3,182,S_minus_candidate,S_minus_candidate,P1 stimulus suppression passed,0.05,0.3,within_session_all_units_all_primary_contrasts,false,false,false,missing_unit_metadata,false,None
230629,ses230629-units-probe0-spk-AAAB.npy,288,3,182,S_plus_candidate,S_plus_candidate,P1 stimulus activation passed,0.05,0.3,within_session_all_units_all_primary_contrasts,false,false,false,missing_unit_metadata,false,None
230629,ses230629-units-probe0-spk-AAAB.npy,289,3,182,null_or_unclassified,null_or_unclassified,No active phenotype detected,0.05,0.3,within_session_all_units_all_primary_contrasts,false,false,false,missing_unit_metadata,false,None
230629,ses230629-units-probe0-spk-AAAB.npy,290,3,182,null_or_unclassified,null_or_unclassified,No active phenotype detected,0.05,0.3,within_session_all_units_all_primary_contrasts,false,false,false,missing_unit_metadata,false,None
230629,ses230629-units-probe0-spk-AAAB.npy,291,3,182,null_or_unclassified,null_or_unclassified,No active phenotype detected,0.05,0.3,within_session_all_units_all_primary_contrasts,false,false,false,missing_unit_metadata,false,None
230629,ses230629-units-probe0-spk-AAAB.npy,292,3,182,null_or_unclassified,null_or_unclassified,No active phenotype detected,0.05,0.3,within_session_all_units_all_primary_contrasts,false,false,false,missing_unit_metadata,false,None
230629,ses230629-units-probe0-spk-AAAB.npy,293,3,182,null_or_unclassified,null_or_unclassified,No active phenotype detected,0.05,0.3,within_session_all_units_all_primary_contrasts,false,false,false,missing_unit_metadata,false,None
230629,ses230629-units-probe0-spk-AAAB.npy,294,3,182,null_or_unclassified,null_or_unclassified,No active phenotype detected,0.05,0.3,within_session_all_units_all_primary_contrasts,false,false,false,missing_unit_metadata,false,None
230629,ses230629-units-probe0-spk-AAAB.npy,295,3,182,null_or_unclassified,null_or_unclassified,No active phenotype detected,0.05,0.3,within_session_all_units_all_primary_contrasts,false,false,false,missing_unit_metadata,false,None
230629,ses230629-units-probe0-spk-AAAB.npy,296,3,182,null_or_unclassified,null_or_unclassified,No active phenotype detected,0.05,0.3,within_session_all_units_all_primary_contrasts,false,false,false,missing_unit_metadata,false,None
230629,ses230629-units-probe0-spk-AAAB.npy,297,3,182,S_plus_candidate; S_minus_candidate,S_plus_candidate,P1 stimulus suppression passed,0.05,0.3,within_session_all_units_all_primary_contrasts,false,false,false,missing_unit_metadata,false,None
230629,ses230629-units-probe0-spk-AAAB.npy,298,3,182,null_or_unclassified,null_or_unclassified,No active phenotype detected,0.05,0.3,within_session_all_units_all_primary_contrasts,false,false,false,missing_unit_metadata,false,None
230629,ses230629-units-probe0-spk-AAAB.npy,299,3,182,null_or_unclassified,null_or_unclassified,No active phenotype detected,0.05,0.3,within_session_all_units_all_primary_contrasts,false,false,false,missing_unit_metadata,false,None
230629,ses230629-units-probe0-spk-AAAB.npy,300,3,182,null_or_unclassified,null_or_unclassified,No active phenotype detected,0.05,0.3,within_session_all_units_all_primary_contrasts,false,false,false,missing_unit_metadata,false,None
230629,ses230629-units-probe0-spk-AAAB.npy,301,3,182,S_minus_candidate; S_plus_candidate,S_plus_candidate,P1 stimulus activation passed,0.05,0.3,within_session_all_units_all_primary_contrasts,false,false,false,missing_unit_metadata,false,None
230629,ses230629-units-probe0-spk-AAAB.npy,302,3,182,S_plus_candidate,S_plus_candidate,P1 stimulus activation passed,0.05,0.3,within_session_all_units_all_primary_contrasts,false,false,false,missing_unit_metadata,false,None
230629,ses230629-units-probe0-spk-AAAB.npy,303,3,182,null_or_unclassified,null_or_unclassified,No active phenotype detected,0.05,0.3,within_session_all_units_all_primary_contrasts,false,false,false,missing_unit_metadata,false,None
230629,ses230629-units-probe0-spk-AAAB.npy,304,3,182,null_or_unclassified,null_or_unclassified,No active phenotype detected,0.05,0.3,within_session_all_units_all_primary_contrasts,false,false,false,missing_unit_metadata,false,None
230629,ses230629-units-probe0-spk-AAAB.npy,305,3,182,null_or_unclassified,null_or_unclassified,No active phenotype detected,0.05,0.3,within_session_all_units_all_primary_contrasts,false,false,false,missing_unit_metadata,false,None
230629,ses230629-units-probe0-spk-AAAB.npy,306,3,182,null_or_unclassified,null_or_unclassified,No active phenotype detected,0.05,0.3,within_session_all_units_all_primary_contrasts,false,false,false,missing_unit_metadata,false,None
230629,ses230629-units-probe0-spk-AAAB.npy,307,3,182,null_or_unclassified,null_or_unclassified,No active phenotype detected,0.05,0.3,within_session_all_units_all_primary_contrasts,false,false,false,missing_unit_metadata,false,None
230629,ses230629-units-probe0-spk-AAAB.npy,308,3,182,null_or_unclassified,null_or_unclassified,No active phenotype detected,0.05,0.3,within_session_all_units_all_primary_contrasts,false,false,false,missing_unit_metadata,false,None
230629,ses230629-units-probe0-spk-AAAB.npy,309,3,182,S_minus_candidate,S_minus_candidate,P1 stimulus suppression passed,0.05,0.3,within_session_all_units_all_primary_contrasts,false,false,false,missing_unit_metadata,false,None
230629,ses230629-units-probe0-spk-AAAB.npy,310,3,182,null_or_unclassified,null_or_unclassified,No active phenotype detected,0.05,0.3,within_session_all_units_all_primary_contrasts,false,false,false,missing_unit_metadata,false,None
230629,ses230629-units-probe0-spk-AAAB.npy,311,3,182,S_plus_candidate,S_plus_candidate,P1 stimulus activation passed,0.05,0.3,within_session_all_units_all_primary_contrasts,false,false,false,missing_unit_metadata,false,None
230629,ses230629-units-probe0-spk-AAAB.npy,312,3,182,null_or_unclassified,null_or_unclassified,No active phenotype detected,0.05,0.3,within_session_all_units_all_primary_contrasts,false,false,false,missing_unit_metadata,false,None
230629,ses230629-units-probe0-spk-AAAB.npy,313,3,182,null_or_unclassified,null_or_unclassified,No active phenotype detected,0.05,0.3,within_session_all_units_all_primary_contrasts,false,false,false,missing_unit_metadata,false,None
230629,ses230629-units-probe0-spk-AAAB.npy,314,3,182,null_or_unclassified,null_or_unclassified,No active phenotype detected,0.05,0.3,within_session_all_units_all_primary_contrasts,false,false,false,missing_unit_metadata,false,None
230629,ses230629-units-probe0-spk-AAAB.npy,315,3,182,null_or_unclassified,null_or_unclassified,No active phenotype detected,0.05,0.3,within_session_all_units_all_primary_contrasts,false,false,false,missing_unit_metadata,false,None
230629,ses230629-units-probe0-spk-AAAB.npy,316,3,182,null_or_unclassified,null_or_unclassified,No active phenotype detected,0.05,0.3,within_session_all_units_all_primary_contrasts,false,false,false,missing_unit_metadata,false,None
230629,ses230629-units-probe0-spk-AAAB.npy,317,3,182,null_or_unclassified,null_or_unclassified,No active phenotype detected,0.05,0.3,within_session_all_units_all_primary_contrasts,false,false,false,missing_unit_metadata,false,None
230629,ses230629-units-probe0-spk-AAAB.npy,318,3,182,null_or_unclassified,null_or_unclassified,No active phenotype detected,0.05,0.3,within_session_all_units_all_primary_contrasts,false,false,false,missing_unit_metadata,false,None
230629,ses230629-units-probe0-spk-AAAB.npy,319,3,182,S_plus_candidate,S_plus_candidate,P1 stimulus activation passed,0.05,0.3,within_session_all_units_all_primary_contrasts,false,false,false,missing_unit_metadata,false,None
230629,ses230629-units-probe0-spk-AAAB.npy,320,3,182,null_or_unclassified,null_or_unclassified,No active phenotype detected,0.05,0.3,within_session_all_units_all_primary_contrasts,false,false,false,missing_unit_metadata,false,None
230629,ses230629-units-probe0-spk-AAAB.npy,321,3,182,null_or_unclassified,null_or_unclassified,No active phenotype detected,0.05,0.3,within_session_all_units_all_primary_contrasts,false,false,false,missing_unit_metadata,false,None
230629,ses230629-units-probe0-spk-AAAB.npy,322,3,182,null_or_unclassified,null_or_unclassified,No active phenotype detected,0.05,0.3,within_session_all_units_all_primary_contrasts,false,false,false,missing_unit_metadata,false,None
230629,ses230629-units-probe0-spk-AAAB.npy,323,3,182,null_or_unclassified,null_or_unclassified,No active phenotype detected,0.05,0.3,within_session_all_units_all_primary_contrasts,false,false,false,missing_unit_metadata,false,None
230629,ses230629-units-probe0-spk-AAAB.npy,324,3,182,null_or_unclassified,null_or_unclassified,No active phenotype detected,0.05,0.3,within_session_all_units_all_primary_contrasts,false,false,false,missing_unit_metadata,false,None
230629,ses230629-units-probe0-spk-AAAB.npy,325,3,182,null_or_unclassified,null_or_unclassified,No active phenotype detected,0.05,0.3,within_session_all_units_all_primary_contrasts,false,false,false,missing_unit_metadata,false,None
230629,ses230629-units-probe0-spk-AAAB.npy,326,3,182,null_or_unclassified,null_or_unclassified,No active phenotype detected,0.05,0.3,within_session_all_units_all_primary_contrasts,false,false,false,missing_unit_metadata,false,None
230629,ses230629-units-probe0-spk-AAAB.npy,327,3,182,null_or_unclassified,null_or_unclassified,No active phenotype detected,0.05,0.3,within_session_all_units_all_primary_contrasts,false,false,false,missing_unit_metadata,false,None
230629,ses230629-units-probe0-spk-AAAB.npy,328,3,182,null_or_unclassified,null_or_unclassified,No active phenotype detected,0.05,0.3,within_session_all_units_all_primary_contrasts,false,false,false,missing_unit_metadata,false,None
230629,ses230629-units-probe0-spk-AAAB.npy,329,3,182,null_or_unclassified,null_or_unclassified,No active phenotype detected,0.05,0.3,within_session_all_units_all_primary_contrasts,false,false,false,missing_unit_metadata,false,None
230629,ses230629-units-probe0-spk-AAAB.npy,330,3,182,null_or_unclassified,null_or_unclassified,No active phenotype detected,0.05,0.3,within_session_all_units_all_primary_contrasts,false,false,false,missing_unit_metadata,false,None
230629,ses230629-units-probe0-spk-AAAB.npy,331,3,182,S_minus_candidate,S_minus_candidate,P1 stimulus suppression passed,0.05,0.3,within_session_all_units_all_primary_contrasts,false,false,false,missing_unit_metadata,false,None
230629,ses230629-units-probe0-spk-AAAB.npy,332,3,182,null_or_unclassified,null_or_unclassified,No active phenotype detected,0.05,0.3,within_session_all_units_all_primary_contrasts,false,false,false,missing_unit_metadata,false,None
230629,ses230629-units-probe0-spk-AAAB.npy,333,3,182,null_or_unclassified,null_or_unclassified,No active phenotype detected,0.05,0.3,within_session_all_units_all_primary_contrasts,false,false,false,missing_unit_metadata,false,None
230629,ses230629-units-probe0-spk-AAAB.npy,334,3,182,S_plus_candidate,S_plus_candidate,P1 stimulus activation passed,0.05,0.3,within_session_all_units_all_primary_contrasts,false,false,false,missing_unit_metadata,false,None
230629,ses230629-units-probe0-spk-AAAB.npy,335,3,182,null_or_unclassified,null_or_unclassified,No active phenotype detected,0.05,0.3,within_session_all_units_all_primary_contrasts,false,false,false,missing_unit_metadata,false,None
230629,ses230629-units-probe0-spk-AAAB.npy,336,3,182,S_plus_candidate,S_plus_candidate,P1 stimulus activation passed,0.05,0.3,within_session_all_units_all_primary_contrasts,false,false,false,missing_unit_metadata,false,None
230629,ses230629-units-probe0-spk-AAAB.npy,337,3,182,S_plus_candidate,S_plus_candidate,P1 stimulus activation passed,0.05,0.3,within_session_all_units_all_primary_contrasts,false,false,false,missing_unit_metadata,false,None
230629,ses230629-units-probe0-spk-AAAB.npy,338,3,182,null_or_unclassified,null_or_unclassified,No active phenotype detected,0.05,0.3,within_session_all_units_all_primary_contrasts,false,false,false,missing_unit_metadata,false,None
230629,ses230629-units-probe0-spk-AAAB.npy,339,3,182,null_or_unclassified,null_or_unclassified,No active phenotype detected,0.05,0.3,within_session_all_units_all_primary_contrasts,false,false,false,missing_unit_metadata,false,None
230629,ses230629-units-probe0-spk-AAAB.npy,340,3,182,S_minus_candidate; S_plus_candidate,S_plus_candidate,P1 stimulus activation passed,0.05,0.3,within_session_all_units_all_primary_contrasts,false,false,false,missing_unit_metadata,false,None
230629,ses230629-units-probe0-spk-AAAB.npy,341,3,182,null_or_unclassified,null_or_unclassified,No active phenotype detected,0.05,0.3,within_session_all_units_all_primary_contrasts,false,false,false,missing_unit_metadata,false,None
230629,ses230629-units-probe0-spk-AAAB.npy,342,3,182,null_or_unclassified,null_or_unclassified,No active phenotype detected,0.05,0.3,within_session_all_units_all_primary_contrasts,false,false,false,missing_unit_metadata,false,None
230629,ses230629-units-probe0-spk-AAAB.npy,343,3,182,null_or_unclassified,null_or_unclassified,No active phenotype detected,0.05,0.3,within_session_all_units_all_primary_contrasts,false,false,false,missing_unit_metadata,false,None
230629,ses230629-units-probe0-spk-AAAB.npy,344,3,182,null_or_unclassified,null_or_unclassified,No active phenotype detected,0.05,0.3,within_session_all_units_all_primary_contrasts,false,false,false,missing_unit_metadata,false,None
230629,ses230629-units-probe0-spk-AAAB.npy,345,3,182,S_plus_candidate,S_plus_candidate,P1 stimulus activation passed,0.05,0.3,within_session_all_units_all_primary_contrasts,false,false,false,missing_unit_metadata,false,None
230629,ses230629-units-probe0-spk-AAAB.npy,346,3,182,S_plus_candidate,S_plus_candidate,P1 stimulus activation passed,0.05,0.3,within_session_all_units_all_primary_contrasts,false,false,false,missing_unit_metadata,false,None
230629,ses230629-units-probe0-spk-AAAB.npy,347,3,182,null_or_unclassified,null_or_unclassified,No active phenotype detected,0.05,0.3,within_session_all_units_all_primary_contrasts,false,false,false,missing_unit_metadata,false,None
230629,ses230629-units-probe0-spk-AAAB.npy,348,3,182,null_or_unclassified,null_or_unclassified,No active phenotype detected,0.05,0.3,within_session_all_units_all_primary_contrasts,false,false,false,missing_unit_metadata,false,None
230629,ses230629-units-probe0-spk-AAAB.npy,349,3,182,null_or_unclassified,null_or_unclassified,No active phenotype detected,0.05,0.3,within_session_all_units_all_primary_contrasts,false,false,false,missing_unit_metadata,false,None
230629,ses230629-units-probe0-spk-AAAB.npy,350,3,182,null_or_unclassified,null_or_unclassified,No active phenotype detected,0.05,0.3,within_session_all_units_all_primary_contrasts,false,false,false,missing_unit_metadata,false,None
230629,ses230629-units-probe0-spk-AAAB.npy,351,3,182,null_or_unclassified,null_or_unclassified,No active phenotype detected,0.05,0.3,within_session_all_units_all_primary_contrasts,false,false,false,missing_unit_metadata,false,None
230629,ses230629-units-probe0-spk-AAAB.npy,352,3,182,null_or_unclassified,null_or_unclassified,No active phenotype detected,0.05,0.3,within_session_all_units_all_primary_contrasts,false,false,false,missing_unit_metadata,false,None
230629,ses230629-units-probe0-spk-AAAB.npy,353,3,182,null_or_unclassified,null_or_unclassified,No active phenotype detected,0.05,0.3,within_session_all_units_all_primary_contrasts,false,false,false,missing_unit_metadata,false,None
230630,ses230630-units-probe0-spk-AAAB.npy,0,9,495,S_minus_candidate,S_minus_candidate,P1 stimulus suppression passed,0.05,0.3,within_session_all_units_all_primary_contrasts,false,false,false,row_order_count_matched_unvalidated,false,None
230630,ses230630-units-probe0-spk-AAAB.npy,1,9,495,null_or_unclassified,null_or_unclassified,No active phenotype detected,0.05,0.3,within_session_all_units_all_primary_contrasts,false,false,false,row_order_count_matched_unvalidated,false,None
230630,ses230630-units-probe0-spk-AAAB.npy,2,9,495,S_minus_candidate,S_minus_candidate,P1 stimulus suppression passed,0.05,0.3,within_session_all_units_all_primary_contrasts,false,false,false,row_order_count_matched_unvalidated,false,None
230630,ses230630-units-probe0-spk-AAAB.npy,3,9,495,S_plus_candidate; S_minus_candidate,S_plus_candidate,P1 stimulus suppression passed,0.05,0.3,within_session_all_units_all_primary_contrasts,false,false,false,row_order_count_matched_unvalidated,false,None
230630,ses230630-units-probe0-spk-AAAB.npy,4,9,495,S_minus_candidate,S_minus_candidate,P1 stimulus suppression passed,0.05,0.3,within_session_all_units_all_primary_contrasts,false,false,false,row_order_count_matched_unvalidated,false,None
230630,ses230630-units-probe0-spk-AAAB.npy,5,9,495,S_minus_candidate,S_minus_candidate,P1 stimulus suppression passed,0.05,0.3,within_session_all_units_all_primary_contrasts,false,false,false,row_order_count_matched_unvalidated,false,None
230630,ses230630-units-probe0-spk-AAAB.npy,6,9,495,S_plus_candidate,S_plus_candidate,P1 stimulus activation passed,0.05,0.3,within_session_all_units_all_primary_contrasts,false,false,false,row_order_count_matched_unvalidated,false,None
230630,ses230630-units-probe0-spk-AAAB.npy,7,9,495,S_minus_candidate,S_minus_candidate,P1 stimulus suppression passed,0.05,0.3,within_session_all_units_all_primary_contrasts,false,false,false,row_order_count_matched_unvalidated,false,None
230630,ses230630-units-probe0-spk-AAAB.npy,8,9,495,S_plus_candidate,S_plus_candidate,P1 stimulus activation passed,0.05,0.3,within_session_all_units_all_primary_contrasts,false,false,false,row_order_count_matched_unvalidated,false,None
230630,ses230630-units-probe0-spk-AAAB.npy,9,9,495,S_minus_candidate,S_minus_candidate,P1 stimulus suppression passed,0.05,0.3,within_session_all_units_all_primary_contrasts,false,false,false,row_order_count_matched_unvalidated,false,None
230630,ses230630-units-probe0-spk-AAAB.npy,10,9,495,S_minus_candidate,S_minus_candidate,P1 stimulus suppression passed,0.05,0.3,within_session_all_units_all_primary_contrasts,false,false,false,row_order_count_matched_unvalidated,false,None
230630,ses230630-units-probe0-spk-AAAB.npy,11,9,495,S_minus_candidate,S_minus_candidate,P1 stimulus suppression passed,0.05,0.3,within_session_all_units_all_primary_contrasts,false,false,false,row_order_count_matched_unvalidated,false,None
230630,ses230630-units-probe0-spk-AAAB.npy,12,9,495,S_plus_candidate,S_plus_candidate,P1 stimulus activation passed,0.05,0.3,within_session_all_units_all_primary_contrasts,false,false,false,row_order_count_matched_unvalidated,false,None
230630,ses230630-units-probe0-spk-AAAB.npy,13,9,495,S_plus_candidate,S_plus_candidate,P1 stimulus activation passed,0.05,0.3,within_session_all_units_all_primary_contrasts,false,false,false,row_order_count_matched_unvalidated,false,None
230630,ses230630-units-probe0-spk-AAAB.npy,14,9,495,S_minus_candidate; S_plus_candidate,S_plus_candidate,P1 stimulus activation passed,0.05,0.3,within_session_all_units_all_primary_contrasts,false,false,false,row_order_count_matched_unvalidated,false,None
230630,ses230630-units-probe0-spk-AAAB.npy,15,9,495,S_plus_candidate; S_minus_candidate,S_plus_candidate,P1 stimulus suppression passed,0.05,0.3,within_session_all_units_all_primary_contrasts,false,false,false,row_order_count_matched_unvalidated,false,None
230630,ses230630-units-probe0-spk-AAAB.npy,16,9,495,null_or_unclassified,null_or_unclassified,No active phenotype detected,0.05,0.3,within_session_all_units_all_primary_contrasts,false,false,false,row_order_count_matched_unvalidated,false,None
230630,ses230630-units-probe0-spk-AAAB.npy,17,9,495,S_plus_candidate,S_plus_candidate,P1 stimulus activation passed,0.05,0.3,within_session_all_units_all_primary_contrasts,false,false,false,row_order_count_matched_unvalidated,false,None
230630,ses230630-units-probe0-spk-AAAB.npy,18,9,495,S_plus_candidate; S_minus_candidate,S_plus_candidate,P1 stimulus suppression passed,0.05,0.3,within_session_all_units_all_primary_contrasts,false,false,false,row_order_count_matched_unvalidated,false,None
230630,ses230630-units-probe0-spk-AAAB.npy,19,9,495,S_minus_candidate; S_plus_candidate,S_plus_candidate,P1 stimulus activation passed,0.05,0.3,within_session_all_units_all_primary_contrasts,false,false,false,row_order_count_matched_unvalidated,false,None
230630,ses230630-units-probe0-spk-AAAB.npy,20,9,495,S_plus_candidate,S_plus_candidate,P1 stimulus activation passed,0.05,0.3,within_session_all_units_all_primary_contrasts,false,false,false,row_order_count_matched_unvalidated,false,None
230630,ses230630-units-probe0-spk-AAAB.npy,21,9,495,S_minus_candidate,S_minus_candidate,P1 stimulus suppression passed,0.05,0.3,within_session_all_units_all_primary_contrasts,false,false,false,row_order_count_matched_unvalidated,false,None
230630,ses230630-units-probe0-spk-AAAB.npy,22,9,495,S_plus_candidate,S_plus_candidate,P1 stimulus activation passed,0.05,0.3,within_session_all_units_all_primary_contrasts,false,false,false,row_order_count_matched_unvalidated,false,None
230630,ses230630-units-probe0-spk-AAAB.npy,23,9,495,S_minus_candidate; S_plus_candidate,S_plus_candidate,P1 stimulus activation passed,0.05,0.3,within_session_all_units_all_primary_contrasts,false,false,false,row_order_count_matched_unvalidated,false,None
230630,ses230630-units-probe0-spk-AAAB.npy,24,9,495,S_minus_candidate,S_minus_candidate,P1 stimulus suppression passed,0.05,0.3,within_session_all_units_all_primary_contrasts,false,false,false,row_order_count_matched_unvalidated,false,None
230630,ses230630-units-probe0-spk-AAAB.npy,25,9,495,null_or_unclassified,null_or_unclassified,No active phenotype detected,0.05,0.3,within_session_all_units_all_primary_contrasts,false,false,false,row_order_count_matched_unvalidated,false,None
230630,ses230630-units-probe0-spk-AAAB.npy,26,9,495,S_minus_candidate,S_minus_candidate,P1 stimulus suppression passed,0.05,0.3,within_session_all_units_all_primary_contrasts,false,false,false,row_order_count_matched_unvalidated,false,None
230630,ses230630-units-probe0-spk-AAAB.npy,27,9,495,null_or_unclassified,null_or_unclassified,No active phenotype detected,0.05,0.3,within_session_all_units_all_primary_contrasts,false,false,false,row_order_count_matched_unvalidated,false,None
230630,ses230630-units-probe0-spk-AAAB.npy,28,9,495,S_plus_candidate,S_plus_candidate,P1 stimulus activation passed,0.05,0.3,within_session_all_units_all_primary_contrasts,false,false,false,row_order_count_matched_unvalidated,false,None
230630,ses230630-units-probe1-spk-AAAB.npy,29,6,330,S_minus_candidate; S_plus_candidate,S_plus_candidate,P1 stimulus activation passed,0.05,0.3,within_session_all_units_all_primary_contrasts,false,false,false,row_order_count_matched_unvalidated,false,None
230630,ses230630-units-probe1-spk-AAAB.npy,30,6,330,S_plus_candidate,S_plus_candidate,P1 stimulus activation passed,0.05,0.3,within_session_all_units_all_primary_contrasts,false,false,false,row_order_count_matched_unvalidated,false,None
230630,ses230630-units-probe1-spk-AAAB.npy,31,6,330,S_plus_candidate,S_plus_candidate,P1 stimulus activation passed,0.05,0.3,within_session_all_units_all_primary_contrasts,false,false,false,row_order_count_matched_unvalidated,false,None
230630,ses230630-units-probe1-spk-AAAB.npy,32,6,330,S_minus_candidate,S_minus_candidate,P1 stimulus suppression passed,0.05,0.3,within_session_all_units_all_primary_contrasts,false,false,false,row_order_count_matched_unvalidated,false,None
230630,ses230630-units-probe1-spk-AAAB.npy,33,6,330,S_plus_candidate,S_plus_candidate,P1 stimulus activation passed,0.05,0.3,within_session_all_units_all_primary_contrasts,false,false,false,row_order_count_matched_unvalidated,false,None
230630,ses230630-units-probe1-spk-AAAB.npy,34,6,330,S_plus_candidate,S_plus_candidate,P1 stimulus activation passed,0.05,0.3,within_session_all_units_all_primary_contrasts,false,false,false,row_order_count_matched_unvalidated,false,None
230630,ses230630-units-probe1-spk-AAAB.npy,35,6,330,S_plus_candidate,S_plus_candidate,P1 stimulus activation passed,0.05,0.3,within_session_all_units_all_primary_contrasts,false,false,false,row_order_count_matched_unvalidated,false,None
230630,ses230630-units-probe1-spk-AAAB.npy,36,6,330,S_minus_candidate,S_minus_candidate,P1 stimulus suppression passed,0.05,0.3,within_session_all_units_all_primary_contrasts,false,false,false,row_order_count_matched_unvalidated,false,None
230630,ses230630-units-probe1-spk-AAAB.npy,37,6,330,S_minus_candidate,S_minus_candidate,P1 stimulus suppression passed,0.05,0.3,within_session_all_units_all_primary_contrasts,false,false,false,row_order_count_matched_unvalidated,false,None
230630,ses230630-units-probe1-spk-AAAB.npy,38,6,330,S_plus_candidate,S_plus_candidate,P1 stimulus activation passed,0.05,0.3,within_session_all_units_all_primary_contrasts,false,false,false,row_order_count_matched_unvalidated,false,None
230630,ses230630-units-probe1-spk-AAAB.npy,39,6,330,S_plus_candidate,S_plus_candidate,P1 stimulus activation passed,0.05,0.3,within_session_all_units_all_primary_contrasts,false,false,false,row_order_count_matched_unvalidated,false,None
230630,ses230630-units-probe1-spk-AAAB.npy,40,6,330,S_minus_candidate; S_plus_candidate,S_plus_candidate,P1 stimulus activation passed,0.05,0.3,within_session_all_units_all_primary_contrasts,false,false,false,row_order_count_matched_unvalidated,false,None
230630,ses230630-units-probe1-spk-AAAB.npy,41,6,330,S_minus_candidate,S_minus_candidate,P1 stimulus suppression passed,0.05,0.3,within_session_all_units_all_primary_contrasts,false,false,false,row_order_count_matched_unvalidated,false,None
230630,ses230630-units-probe1-spk-AAAB.npy,42,6,330,S_minus_candidate,S_minus_candidate,P1 stimulus suppression passed,0.05,0.3,within_session_all_units_all_primary_contrasts,false,false,false,row_order_count_matched_unvalidated,false,None
230630,ses230630-units-probe1-spk-AAAB.npy,43,6,330,S_minus_candidate,S_minus_candidate,P1 stimulus suppression passed,0.05,0.3,within_session_all_units_all_primary_contrasts,false,false,false,row_order_count_matched_unvalidated,false,None
230630,ses230630-units-probe1-spk-AAAB.npy,44,6,330,S_plus_candidate; S_minus_candidate,S_plus_candidate,P1 stimulus suppression passed,0.05,0.3,within_session_all_units_all_primary_contrasts,false,false,false,row_order_count_matched_unvalidated,false,None
230630,ses230630-units-probe1-spk-AAAB.npy,45,6,330,S_plus_candidate,S_plus_candidate,P1 stimulus activation passed,0.05,0.3,within_session_all_units_all_primary_contrasts,false,false,false,row_order_count_matched_unvalidated,false,None
230630,ses230630-units-probe1-spk-AAAB.npy,46,6,330,S_plus_candidate,S_plus_candidate,P1 stimulus activation passed,0.05,0.3,within_session_all_units_all_primary_contrasts,false,false,false,row_order_count_matched_unvalidated,false,None
230630,ses230630-units-probe1-spk-AAAB.npy,47,6,330,null_or_unclassified,null_or_unclassified,No active phenotype detected,0.05,0.3,within_session_all_units_all_primary_contrasts,false,false,false,row_order_count_matched_unvalidated,false,None
230630,ses230630-units-probe1-spk-AAAB.npy,48,6,330,S_minus_candidate,S_minus_candidate,P1 stimulus suppression passed,0.05,0.3,within_session_all_units_all_primary_contrasts,false,false,false,row_order_count_matched_unvalidated,false,None
230630,ses230630-units-probe1-spk-AAAB.npy,49,6,330,S_plus_candidate,S_plus_candidate,P1 stimulus activation passed,0.05,0.3,within_session_all_units_all_primary_contrasts,false,false,false,row_order_count_matched_unvalidated,false,None
230630,ses230630-units-probe1-spk-AAAB.npy,50,3,165,S_minus_candidate; S_plus_candidate,S_plus_candidate,P1 stimulus activation passed,0.05,0.3,within_session_all_units_all_primary_contrasts,false,false,false,row_order_count_matched_unvalidated,false,None
230630,ses230630-units-probe1-spk-AAAB.npy,51,3,165,S_minus_candidate,S_minus_candidate,P1 stimulus suppression passed,0.05,0.3,within_session_all_units_all_primary_contrasts,false,false,false,row_order_count_matched_unvalidated,false,None
230630,ses230630-units-probe1-spk-AAAB.npy,52,3,165,S_plus_candidate,S_plus_candidate,P1 stimulus activation passed,0.05,0.3,within_session_all_units_all_primary_contrasts,false,false,false,row_order_count_matched_unvalidated,false,None
230630,ses230630-units-probe1-spk-AAAB.npy,53,3,165,S_plus_candidate,S_plus_candidate,P1 stimulus activation passed,0.05,0.3,within_session_all_units_all_primary_contrasts,false,false,false,row_order_count_matched_unvalidated,false,None
230630,ses230630-units-probe1-spk-AAAB.npy,54,3,165,S_plus_candidate,S_plus_candidate,P1 stimulus activation passed,0.05,0.3,within_session_all_units_all_primary_contrasts,false,false,false,row_order_count_matched_unvalidated,false,None
230630,ses230630-units-probe1-spk-AAAB.npy,55,3,165,S_plus_candidate,S_plus_candidate,P1 stimulus activation passed,0.05,0.3,within_session_all_units_all_primary_contrasts,false,false,false,row_order_count_matched_unvalidated,false,None
230630,ses230630-units-probe1-spk-AAAB.npy,56,3,165,null_or_unclassified,null_or_unclassified,No active phenotype detected,0.05,0.3,within_session_all_units_all_primary_contrasts,false,false,false,row_order_count_matched_unvalidated,false,None
230630,ses230630-units-probe1-spk-AAAB.npy,57,3,165,null_or_unclassified,null_or_unclassified,No active phenotype detected,0.05,0.3,within_session_all_units_all_primary_contrasts,false,false,false,row_order_count_matched_unvalidated,false,None
230630,ses230630-units-probe1-spk-AAAB.npy,58,3,165,S_minus_candidate,S_minus_candidate,P1 stimulus suppression passed,0.05,0.3,within_session_all_units_all_primary_contrasts,false,false,false,row_order_count_matched_unvalidated,false,None
230630,ses230630-units-probe1-spk-AAAB.npy,59,3,165,null_or_unclassified,null_or_unclassified,No active phenotype detected,0.05,0.3,within_session_all_units_all_primary_contrasts,false,false,false,row_order_count_matched_unvalidated,false,None
230630,ses230630-units-probe1-spk-AAAB.npy,60,3,165,S_minus_candidate,S_minus_candidate,P1 stimulus suppression passed,0.05,0.3,within_session_all_units_all_primary_contrasts,false,false,false,row_order_count_matched_unvalidated,false,None
230630,ses230630-units-probe1-spk-AAAB.npy,61,3,165,null_or_unclassified,null_or_unclassified,No active phenotype detected,0.05,0.3,within_session_all_units_all_primary_contrasts,false,false,false,row_order_count_matched_unvalidated,false,None
230630,ses230630-units-probe1-spk-AAAB.npy,62,3,165,null_or_unclassified,null_or_unclassified,No active phenotype detected,0.05,0.3,within_session_all_units_all_primary_contrasts,false,false,false,row_order_count_matched_unvalidated,false,None
230630,ses230630-units-probe1-spk-AAAB.npy,63,3,165,null_or_unclassified,null_or_unclassified,No active phenotype detected,0.05,0.3,within_session_all_units_all_primary_contrasts,false,false,false,row_order_count_matched_unvalidated,false,None
230630,ses230630-units-probe1-spk-AAAB.npy,64,3,165,null_or_unclassified,null_or_unclassified,No active phenotype detected,0.05,0.3,within_session_all_units_all_primary_contrasts,false,false,false,row_order_count_matched_unvalidated,false,None
230630,ses230630-units-probe1-spk-AAAB.npy,65,3,165,null_or_unclassified,null_or_unclassified,No active phenotype detected,0.05,0.3,within_session_all_units_all_primary_contrasts,false,false,false,row_order_count_matched_unvalidated,false,None
230630,ses230630-units-probe1-spk-AAAB.npy,66,3,165,S_minus_candidate,S_minus_candidate,P1 stimulus suppression passed,0.05,0.3,within_session_all_units_all_primary_contrasts,false,false,false,row_order_count_matched_unvalidated,false,None
230630,ses230630-units-probe1-spk-AAAB.npy,67,3,165,S_minus_candidate; S_plus_candidate,S_plus_candidate,P1 stimulus activation passed,0.05,0.3,within_session_all_units_all_primary_contrasts,false,false,false,row_order_count_matched_unvalidated,false,None
230630,ses230630-units-probe1-spk-AAAB.npy,68,3,165,null_or_unclassified,null_or_unclassified,No active phenotype detected,0.05,0.3,within_session_all_units_all_primary_contrasts,false,false,false,row_order_count_matched_unvalidated,false,None
230630,ses230630-units-probe1-spk-AAAB.npy,69,3,165,S_plus_candidate,S_plus_candidate,P1 stimulus activation passed,0.05,0.3,within_session_all_units_all_primary_contrasts,false,false,false,row_order_count_matched_unvalidated,false,None
230630,ses230630-units-probe1-spk-AAAB.npy,70,3,165,null_or_unclassified,null_or_unclassified,No active phenotype detected,0.05,0.3,within_session_all_units_all_primary_contrasts,false,false,false,row_order_count_matched_unvalidated,false,None
230630,ses230630-units-probe1-spk-AAAB.npy,71,3,165,S_plus_candidate,S_plus_candidate,P1 stimulus activation passed,0.05,0.3,within_session_all_units_all_primary_contrasts,false,false,false,row_order_count_matched_unvalidated,false,None
230630,ses230630-units-probe1-spk-AAAB.npy,72,3,165,null_or_unclassified,null_or_unclassified,No active phenotype detected,0.05,0.3,within_session_all_units_all_primary_contrasts,false,false,false,row_order_count_matched_unvalidated,false,None
230630,ses230630-units-probe1-spk-AAAB.npy,73,3,165,S_plus_candidate,S_plus_candidate,P1 stimulus activation passed,0.05,0.3,within_session_all_units_all_primary_contrasts,false,false,false,row_order_count_matched_unvalidated,false,None
230630,ses230630-units-probe1-spk-AAAB.npy,74,3,165,S_minus_candidate,S_minus_candidate,P1 stimulus suppression passed,0.05,0.3,within_session_all_units_all_primary_contrasts,false,false,false,row_order_count_matched_unvalidated,false,None
230630,ses230630-units-probe1-spk-AAAB.npy,75,3,165,null_or_unclassified,null_or_unclassified,No active phenotype detected,0.05,0.3,within_session_all_units_all_primary_contrasts,false,false,false,row_order_count_matched_unvalidated,false,None
230630,ses230630-units-probe1-spk-AAAB.npy,76,3,165,S_plus_candidate,S_plus_candidate,P1 stimulus activation passed,0.05,0.3,within_session_all_units_all_primary_contrasts,false,false,false,row_order_count_matched_unvalidated,false,None
230630,ses230630-units-probe1-spk-AAAB.npy,77,3,165,null_or_unclassified,null_or_unclassified,No active phenotype detected,0.05,0.3,within_session_all_units_all_primary_contrasts,false,false,false,row_order_count_matched_unvalidated,false,None
230630,ses230630-units-probe1-spk-AAAB.npy,78,3,165,S_plus_candidate; S_minus_candidate,S_plus_candidate,P1 stimulus suppression passed,0.05,0.3,within_session_all_units_all_primary_contrasts,false,false,false,row_order_count_matched_unvalidated,false,None
230630,ses230630-units-probe1-spk-AAAB.npy,79,3,165,S_plus_candidate,S_plus_candidate,P1 stimulus activation passed,0.05,0.3,within_session_all_units_all_primary_contrasts,false,false,false,row_order_count_matched_unvalidated,false,None
230630,ses230630-units-probe1-spk-AAAB.npy,80,3,165,null_or_unclassified,null_or_unclassified,No active phenotype detected,0.05,0.3,within_session_all_units_all_primary_contrasts,false,false,false,row_order_count_matched_unvalidated,false,None
230630,ses230630-units-probe1-spk-AAAB.npy,81,3,165,S_plus_candidate,S_plus_candidate,P1 stimulus activation passed,0.05,0.3,within_session_all_units_all_primary_contrasts,false,false,false,row_order_count_matched_unvalidated,false,None
230630,ses230630-units-probe1-spk-AAAB.npy,82,3,165,S_plus_candidate,S_plus_candidate,P1 stimulus activation passed,0.05,0.3,within_session_all_units_all_primary_contrasts,false,false,false,row_order_count_matched_unvalidated,false,None
230630,ses230630-units-probe1-spk-AAAB.npy,83,3,165,null_or_unclassified,null_or_unclassified,No active phenotype detected,0.05,0.3,within_session_all_units_all_primary_contrasts,false,false,false,row_order_count_matched_unvalidated,false,None
230630,ses230630-units-probe1-spk-AAAB.npy,84,3,165,null_or_unclassified,null_or_unclassified,No active phenotype detected,0.05,0.3,within_session_all_units_all_primary_contrasts,false,false,false,row_order_count_matched_unvalidated,false,None
230630,ses230630-units-probe1-spk-AAAB.npy,85,3,165,null_or_unclassified,null_or_unclassified,No active phenotype detected,0.05,0.3,within_session_all_units_all_primary_contrasts,false,false,false,row_order_count_matched_unvalidated,false,None
230630,ses230630-units-probe1-spk-AAAB.npy,86,3,165,null_or_unclassified,null_or_unclassified,No active phenotype detected,0.05,0.3,within_session_all_units_all_primary_contrasts,false,false,false,row_order_count_matched_unvalidated,false,None
230630,ses230630-units-probe1-spk-AAAB.npy,87,3,165,S_plus_candidate,S_plus_candidate,P1 stimulus activation passed,0.05,0.3,within_session_all_units_all_primary_contrasts,false,false,false,row_order_count_matched_unvalidated,false,None
230714,ses230714-units-probe0-spk-AAAB.npy,0,6,1230,S_plus_candidate,S_plus_candidate,P1 stimulus activation passed,0.05,0.3,within_session_all_units_all_primary_contrasts,false,false,false,missing_unit_metadata,false,None
230714,ses230714-units-probe0-spk-AAAB.npy,1,6,1230,null_or_unclassified,null_or_unclassified,No active phenotype detected,0.05,0.3,within_session_all_units_all_primary_contrasts,false,false,false,missing_unit_metadata,false,None
230714,ses230714-units-probe0-spk-AAAB.npy,2,6,1230,null_or_unclassified,null_or_unclassified,No active phenotype detected,0.05,0.3,within_session_all_units_all_primary_contrasts,false,false,false,missing_unit_metadata,false,None
230714,ses230714-units-probe0-spk-AAAB.npy,3,6,1230,null_or_unclassified,null_or_unclassified,No active phenotype detected,0.05,0.3,within_session_all_units_all_primary_contrasts,false,false,false,missing_unit_metadata,false,None
230714,ses230714-units-probe0-spk-AAAB.npy,4,6,1230,null_or_unclassified,null_or_unclassified,No active phenotype detected,0.05,0.3,within_session_all_units_all_primary_contrasts,false,false,false,missing_unit_metadata,false,None
230714,ses230714-units-probe0-spk-AAAB.npy,5,6,1230,null_or_unclassified,null_or_unclassified,No active phenotype detected,0.05,0.3,within_session_all_units_all_primary_contrasts,false,false,false,missing_unit_metadata,false,None
230714,ses230714-units-probe0-spk-AAAB.npy,6,6,1230,S_plus_candidate,S_plus_candidate,P1 stimulus activation passed,0.05,0.3,within_session_all_units_all_primary_contrasts,false,false,false,missing_unit_metadata,false,None
230714,ses230714-units-probe0-spk-AAAB.npy,7,6,1230,null_or_unclassified,null_or_unclassified,No active phenotype detected,0.05,0.3,within_session_all_units_all_primary_contrasts,false,false,false,missing_unit_metadata,false,None
230714,ses230714-units-probe0-spk-AAAB.npy,8,6,1230,null_or_unclassified,null_or_unclassified,No active phenotype detected,0.05,0.3,within_session_all_units_all_primary_contrasts,false,false,false,missing_unit_metadata,false,None
230714,ses230714-units-probe0-spk-AAAB.npy,9,6,1230,null_or_unclassified,null_or_unclassified,No active phenotype detected,0.05,0.3,within_session_all_units_all_primary_contrasts,false,false,false,missing_unit_metadata,false,None
230714,ses230714-units-probe0-spk-AAAB.npy,10,6,1230,S_plus_candidate,S_plus_candidate,P1 stimulus activation passed,0.05,0.3,within_session_all_units_all_primary_contrasts,false,false,false,missing_unit_metadata,false,None
230714,ses230714-units-probe0-spk-AAAB.npy,11,6,1230,S_plus_candidate,S_plus_candidate,P1 stimulus activation passed,0.05,0.3,within_session_all_units_all_primary_contrasts,false,false,false,missing_unit_metadata,false,None
230714,ses230714-units-probe0-spk-AAAB.npy,12,6,1230,S_plus_candidate,S_plus_candidate,P1 stimulus activation passed,0.05,0.3,within_session_all_units_all_primary_contrasts,false,false,false,missing_unit_metadata,false,None
230714,ses230714-units-probe0-spk-AAAB.npy,13,6,1230,null_or_unclassified,null_or_unclassified,No active phenotype detected,0.05,0.3,within_session_all_units_all_primary_contrasts,false,false,false,missing_unit_metadata,false,None
230714,ses230714-units-probe0-spk-AAAB.npy,14,6,1230,null_or_unclassified,null_or_unclassified,No active phenotype detected,0.05,0.3,within_session_all_units_all_primary_contrasts,false,false,false,missing_unit_metadata,false,None
230714,ses230714-units-probe0-spk-AAAB.npy,15,6,1230,null_or_unclassified,null_or_unclassified,No active phenotype detected,0.05,0.3,within_session_all_units_all_primary_contrasts,false,false,false,missing_unit_metadata,false,None
230714,ses230714-units-probe0-spk-AAAB.npy,16,6,1230,S_plus_candidate,S_plus_candidate,P1 stimulus activation passed,0.05,0.3,within_session_all_units_all_primary_contrasts,false,false,false,missing_unit_metadata,false,None
230714,ses230714-units-probe0-spk-AAAB.npy,17,6,1230,S_plus_candidate,S_plus_candidate,P1 stimulus activation passed,0.05,0.3,within_session_all_units_all_primary_contrasts,false,false,false,missing_unit_metadata,false,None
230714,ses230714-units-probe0-spk-AAAB.npy,18,6,1230,S_plus_candidate,S_plus_candidate,P1 stimulus activation passed,0.05,0.3,within_session_all_units_all_primary_contrasts,false,false,false,missing_unit_metadata,false,None
230714,ses230714-units-probe0-spk-AAAB.npy,19,6,1230,S_plus_candidate,S_plus_candidate,P1 stimulus activation passed,0.05,0.3,within_session_all_units_all_primary_contrasts,false,false,false,missing_unit_metadata,false,None
230714,ses230714-units-probe0-spk-AAAB.npy,20,6,1230,S_plus_candidate,S_plus_candidate,P1 stimulus activation passed,0.05,0.3,within_session_all_units_all_primary_contrasts,false,false,false,missing_unit_metadata,false,None
230714,ses230714-units-probe0-spk-AAAB.npy,21,6,1230,S_plus_candidate,S_plus_candidate,P1 stimulus activation passed,0.05,0.3,within_session_all_units_all_primary_contrasts,false,false,false,missing_unit_metadata,false,None
230714,ses230714-units-probe0-spk-AAAB.npy,22,6,1230,S_plus_candidate,S_plus_candidate,P1 stimulus activation passed,0.05,0.3,within_session_all_units_all_primary_contrasts,false,false,false,missing_unit_metadata,false,None
230714,ses230714-units-probe0-spk-AAAB.npy,23,6,1230,S_plus_candidate,S_plus_candidate,P1 stimulus activation passed,0.05,0.3,within_session_all_units_all_primary_contrasts,false,false,false,missing_unit_metadata,false,None
230714,ses230714-units-probe0-spk-AAAB.npy,24,6,1230,S_plus_candidate,S_plus_candidate,P1 stimulus activation passed,0.05,0.3,within_session_all_units_all_primary_contrasts,false,false,false,missing_unit_metadata,false,None
230714,ses230714-units-probe0-spk-AAAB.npy,25,6,1230,S_plus_candidate,S_plus_candidate,P1 stimulus activation passed,0.05,0.3,within_session_all_units_all_primary_contrasts,false,false,false,missing_unit_metadata,false,None
230714,ses230714-units-probe0-spk-AAAB.npy,26,6,1230,S_plus_candidate,S_plus_candidate,P1 stimulus activation passed,0.05,0.3,within_session_all_units_all_primary_contrasts,false,false,false,missing_unit_metadata,false,None
230714,ses230714-units-probe0-spk-AAAB.npy,27,6,1230,S_plus_candidate,S_plus_candidate,P1 stimulus activation passed,0.05,0.3,within_session_all_units_all_primary_contrasts,false,false,false,missing_unit_metadata,false,None
230714,ses230714-units-probe0-spk-AAAB.npy,28,6,1230,S_plus_candidate,S_plus_candidate,P1 stimulus activation passed,0.05,0.3,within_session_all_units_all_primary_contrasts,false,false,false,missing_unit_metadata,false,None
230714,ses230714-units-probe0-spk-AAAB.npy,29,6,1230,S_plus_candidate,S_plus_candidate,P1 stimulus activation passed,0.05,0.3,within_session_all_units_all_primary_contrasts,false,false,false,missing_unit_metadata,false,None
230714,ses230714-units-probe0-spk-AAAB.npy,30,6,1230,S_plus_candidate,S_plus_candidate,P1 stimulus activation passed,0.05,0.3,within_session_all_units_all_primary_contrasts,false,false,false,missing_unit_metadata,false,None
230714,ses230714-units-probe0-spk-AAAB.npy,31,6,1230,S_plus_candidate,S_plus_candidate,P1 stimulus activation passed,0.05,0.3,within_session_all_units_all_primary_contrasts,false,false,false,missing_unit_metadata,false,None
230714,ses230714-units-probe0-spk-AAAB.npy,32,6,1230,S_plus_candidate,S_plus_candidate,P1 stimulus activation passed,0.05,0.3,within_session_all_units_all_primary_contrasts,false,false,false,missing_unit_metadata,false,None
230714,ses230714-units-probe0-spk-AAAB.npy,33,6,1230,S_plus_candidate,S_plus_candidate,P1 stimulus activation passed,0.05,0.3,within_session_all_units_all_primary_contrasts,false,false,false,missing_unit_metadata,false,None
230714,ses230714-units-probe0-spk-AAAB.npy,34,6,1230,S_plus_candidate,S_plus_candidate,P1 stimulus activation passed,0.05,0.3,within_session_all_units_all_primary_contrasts,false,false,false,missing_unit_metadata,false,None
230714,ses230714-units-probe0-spk-AAAB.npy,35,6,1230,S_plus_candidate,S_plus_candidate,P1 stimulus activation passed,0.05,0.3,within_session_all_units_all_primary_contrasts,false,false,false,missing_unit_metadata,false,None
230714,ses230714-units-probe0-spk-AAAB.npy,36,6,1230,S_plus_candidate,S_plus_candidate,P1 stimulus activation passed,0.05,0.3,within_session_all_units_all_primary_contrasts,false,false,false,missing_unit_metadata,false,None
230714,ses230714-units-probe0-spk-AAAB.npy,37,6,1230,S_plus_candidate,S_plus_candidate,P1 stimulus activation passed,0.05,0.3,within_session_all_units_all_primary_contrasts,false,false,false,missing_unit_metadata,false,None
230714,ses230714-units-probe0-spk-AAAB.npy,38,6,1230,S_plus_candidate,S_plus_candidate,P1 stimulus activation passed,0.05,0.3,within_session_all_units_all_primary_contrasts,false,false,false,missing_unit_metadata,false,None
230714,ses230714-units-probe0-spk-AAAB.npy,39,6,1230,null_or_unclassified,null_or_unclassified,No active phenotype detected,0.05,0.3,within_session_all_units_all_primary_contrasts,false,false,false,missing_unit_metadata,false,None
230714,ses230714-units-probe0-spk-AAAB.npy,40,6,1230,S_plus_candidate,S_plus_candidate,P1 stimulus activation passed,0.05,0.3,within_session_all_units_all_primary_contrasts,false,false,false,missing_unit_metadata,false,None
230714,ses230714-units-probe0-spk-AAAB.npy,41,6,1230,null_or_unclassified,null_or_unclassified,No active phenotype detected,0.05,0.3,within_session_all_units_all_primary_contrasts,false,false,false,missing_unit_metadata,false,None
230714,ses230714-units-probe0-spk-AAAB.npy,42,6,1230,S_plus_candidate,S_plus_candidate,P1 stimulus activation passed,0.05,0.3,within_session_all_units_all_primary_contrasts,false,false,false,missing_unit_metadata,false,None
230714,ses230714-units-probe0-spk-AAAB.npy,43,6,1230,S_plus_candidate,S_plus_candidate,P1 stimulus activation passed,0.05,0.3,within_session_all_units_all_primary_contrasts,false,false,false,missing_unit_metadata,false,None
230714,ses230714-units-probe0-spk-AAAB.npy,44,6,1230,S_plus_candidate,S_plus_candidate,P1 stimulus activation passed,0.05,0.3,within_session_all_units_all_primary_contrasts,false,false,false,missing_unit_metadata,false,None
230714,ses230714-units-probe0-spk-AAAB.npy,45,6,1230,S_plus_candidate,S_plus_candidate,P1 stimulus activation passed,0.05,0.3,within_session_all_units_all_primary_contrasts,false,false,false,missing_unit_metadata,false,None
230714,ses230714-units-probe0-spk-AAAB.npy,46,6,1230,S_plus_candidate,S_plus_candidate,P1 stimulus activation passed,0.05,0.3,within_session_all_units_all_primary_contrasts,false,false,false,missing_unit_metadata,false,None
230714,ses230714-units-probe0-spk-AAAB.npy,47,6,1230,S_plus_candidate,S_plus_candidate,P1 stimulus activation passed,0.05,0.3,within_session_all_units_all_primary_contrasts,false,false,false,missing_unit_metadata,false,None
230714,ses230714-units-probe0-spk-AAAB.npy,48,6,1230,S_plus_candidate,S_plus_candidate,P1 stimulus activation passed,0.05,0.3,within_session_all_units_all_primary_contrasts,false,false,false,missing_unit_metadata,false,None
230714,ses230714-units-probe0-spk-AAAB.npy,49,6,1230,S_plus_candidate,S_plus_candidate,P1 stimulus activation passed,0.05,0.3,within_session_all_units_all_primary_contrasts,false,false,false,missing_unit_metadata,false,None
230714,ses230714-units-probe0-spk-AAAB.npy,50,6,1230,S_plus_candidate,S_plus_candidate,P1 stimulus activation passed,0.05,0.3,within_session_all_units_all_primary_contrasts,false,false,false,missing_unit_metadata,false,None
230714,ses230714-units-probe0-spk-AAAB.npy,51,6,1230,S_plus_candidate,S_plus_candidate,P1 stimulus activation passed,0.05,0.3,within_session_all_units_all_primary_contrasts,false,false,false,missing_unit_metadata,false,None
230714,ses230714-units-probe0-spk-AAAB.npy,52,6,1230,S_plus_candidate,S_plus_candidate,P1 stimulus activation passed,0.05,0.3,within_session_all_units_all_primary_contrasts,false,false,false,missing_unit_metadata,false,None
230714,ses230714-units-probe0-spk-AAAB.npy,53,6,1230,S_plus_candidate,S_plus_candidate,P1 stimulus activation passed,0.05,0.3,within_session_all_units_all_primary_contrasts,false,false,false,missing_unit_metadata,false,None
230714,ses230714-units-probe0-spk-AAAB.npy,54,6,1230,S_plus_candidate,S_plus_candidate,P1 stimulus activation passed,0.05,0.3,within_session_all_units_all_primary_contrasts,false,false,false,missing_unit_metadata,false,None
230714,ses230714-units-probe0-spk-AAAB.npy,55,6,1230,S_plus_candidate,S_plus_candidate,P1 stimulus activation passed,0.05,0.3,within_session_all_units_all_primary_contrasts,false,false,false,missing_unit_metadata,false,None
230714,ses230714-units-probe0-spk-AAAB.npy,56,6,1230,S_plus_candidate,S_plus_candidate,P1 stimulus activation passed,0.05,0.3,within_session_all_units_all_primary_contrasts,false,false,false,missing_unit_metadata,false,None
230714,ses230714-units-probe0-spk-AAAB.npy,57,6,1230,S_plus_candidate,S_plus_candidate,P1 stimulus activation passed,0.05,0.3,within_session_all_units_all_primary_contrasts,false,false,false,missing_unit_metadata,false,None
230714,ses230714-units-probe0-spk-AAAB.npy,58,6,1230,S_plus_candidate,S_plus_candidate,P1 stimulus activation passed,0.05,0.3,within_session_all_units_all_primary_contrasts,false,false,false,missing_unit_metadata,false,None
230714,ses230714-units-probe0-spk-AAAB.npy,59,6,1230,S_plus_candidate,S_plus_candidate,P1 stimulus activation passed,0.05,0.3,within_session_all_units_all_primary_contrasts,false,false,false,missing_unit_metadata,false,None
230714,ses230714-units-probe0-spk-AAAB.npy,60,6,1230,S_plus_candidate,S_plus_candidate,P1 stimulus activation passed,0.05,0.3,within_session_all_units_all_primary_contrasts,false,false,false,missing_unit_metadata,false,None
230714,ses230714-units-probe0-spk-AAAB.npy,61,6,1230,S_plus_candidate,S_plus_candidate,P1 stimulus activation passed,0.05,0.3,within_session_all_units_all_primary_contrasts,false,false,false,missing_unit_metadata,false,None
230714,ses230714-units-probe0-spk-AAAB.npy,62,6,1230,S_plus_candidate,S_plus_candidate,P1 stimulus activation passed,0.05,0.3,within_session_all_units_all_primary_contrasts,false,false,false,missing_unit_metadata,false,None
230714,ses230714-units-probe0-spk-AAAB.npy,63,6,1230,S_plus_candidate,S_plus_candidate,P1 stimulus activation passed,0.05,0.3,within_session_all_units_all_primary_contrasts,false,false,false,missing_unit_metadata,false,None
230714,ses230714-units-probe0-spk-AAAB.npy,64,6,1230,S_plus_candidate,S_plus_candidate,P1 stimulus activation passed,0.05,0.3,within_session_all_units_all_primary_contrasts,false,false,false,missing_unit_metadata,false,None
230714,ses230714-units-probe0-spk-AAAB.npy,65,6,1230,S_plus_candidate,S_plus_candidate,P1 stimulus activation passed,0.05,0.3,within_session_all_units_all_primary_contrasts,false,false,false,missing_unit_metadata,false,None
230714,ses230714-units-probe0-spk-AAAB.npy,66,6,1230,S_plus_candidate,S_plus_candidate,P1 stimulus activation passed,0.05,0.3,within_session_all_units_all_primary_contrasts,false,false,false,missing_unit_metadata,false,None
230714,ses230714-units-probe0-spk-AAAB.npy,67,6,1230,S_plus_candidate,S_plus_candidate,P1 stimulus activation passed,0.05,0.3,within_session_all_units_all_primary_contrasts,false,false,false,missing_unit_metadata,false,None
230714,ses230714-units-probe0-spk-AAAB.npy,68,6,1230,S_plus_candidate,S_plus_candidate,P1 stimulus activation passed,0.05,0.3,within_session_all_units_all_primary_contrasts,false,false,false,missing_unit_metadata,false,None
230714,ses230714-units-probe0-spk-AAAB.npy,69,6,1230,null_or_unclassified,null_or_unclassified,No active phenotype detected,0.05,0.3,within_session_all_units_all_primary_contrasts,false,false,false,missing_unit_metadata,false,None
230714,ses230714-units-probe0-spk-AAAB.npy,70,6,1230,S_plus_candidate,S_plus_candidate,P1 stimulus activation passed,0.05,0.3,within_session_all_units_all_primary_contrasts,false,false,false,missing_unit_metadata,false,None
230714,ses230714-units-probe0-spk-AAAB.npy,71,6,1230,S_plus_candidate,S_plus_candidate,P1 stimulus activation passed,0.05,0.3,within_session_all_units_all_primary_contrasts,false,false,false,missing_unit_metadata,false,None
230714,ses230714-units-probe0-spk-AAAB.npy,72,6,1230,S_plus_candidate,S_plus_candidate,P1 stimulus activation passed,0.05,0.3,within_session_all_units_all_primary_contrasts,false,false,false,missing_unit_metadata,false,None
230714,ses230714-units-probe0-spk-AAAB.npy,73,6,1230,null_or_unclassified,null_or_unclassified,No active phenotype detected,0.05,0.3,within_session_all_units_all_primary_contrasts,false,false,false,missing_unit_metadata,false,None
230714,ses230714-units-probe0-spk-AAAB.npy,74,6,1230,S_plus_candidate,S_plus_candidate,P1 stimulus activation passed,0.05,0.3,within_session_all_units_all_primary_contrasts,false,false,false,missing_unit_metadata,false,None
230714,ses230714-units-probe0-spk-AAAB.npy,75,6,1230,S_plus_candidate,S_plus_candidate,P1 stimulus activation passed,0.05,0.3,within_session_all_units_all_primary_contrasts,false,false,false,missing_unit_metadata,false,None
230714,ses230714-units-probe0-spk-AAAB.npy,76,6,1230,null_or_unclassified,null_or_unclassified,No active phenotype detected,0.05,0.3,within_session_all_units_all_primary_contrasts,false,false,false,missing_unit_metadata,false,None
230714,ses230714-units-probe0-spk-AAAB.npy,77,6,1230,S_plus_candidate,S_plus_candidate,P1 stimulus activation passed,0.05,0.3,within_session_all_units_all_primary_contrasts,false,false,false,missing_unit_metadata,false,None
230714,ses230714-units-probe0-spk-AAAB.npy,78,6,1230,S_plus_candidate,S_plus_candidate,P1 stimulus activation passed,0.05,0.3,within_session_all_units_all_primary_contrasts,false,false,false,missing_unit_metadata,false,None
230714,ses230714-units-probe0-spk-AAAB.npy,79,6,1230,null_or_unclassified,null_or_unclassified,No active phenotype detected,0.05,0.3,within_session_all_units_all_primary_contrasts,false,false,false,missing_unit_metadata,false,None
230714,ses230714-units-probe0-spk-AAAB.npy,80,6,1230,S_plus_candidate,S_plus_candidate,P1 stimulus activation passed,0.05,0.3,within_session_all_units_all_primary_contrasts,false,false,false,missing_unit_metadata,false,None
230714,ses230714-units-probe0-spk-AAAB.npy,81,6,1230,S_plus_candidate,S_plus_candidate,P1 stimulus activation passed,0.05,0.3,within_session_all_units_all_primary_contrasts,false,false,false,missing_unit_metadata,false,None
230714,ses230714-units-probe0-spk-AAAB.npy,82,6,1230,null_or_unclassified,null_or_unclassified,No active phenotype detected,0.05,0.3,within_session_all_units_all_primary_contrasts,false,false,false,missing_unit_metadata,false,None
230714,ses230714-units-probe0-spk-AAAB.npy,83,6,1230,null_or_unclassified,null_or_unclassified,No active phenotype detected,0.05,0.3,within_session_all_units_all_primary_contrasts,false,false,false,missing_unit_metadata,false,None
230714,ses230714-units-probe0-spk-AAAB.npy,84,6,1230,S_plus_candidate,S_plus_candidate,P1 stimulus activation passed,0.05,0.3,within_session_all_units_all_primary_contrasts,false,false,false,missing_unit_metadata,false,None
230714,ses230714-units-probe0-spk-AAAB.npy,85,6,1230,S_plus_candidate,S_plus_candidate,P1 stimulus activation passed,0.05,0.3,within_session_all_units_all_primary_contrasts,false,false,false,missing_unit_metadata,false,None
230714,ses230714-units-probe0-spk-AAAB.npy,86,6,1230,S_plus_candidate,S_plus_candidate,P1 stimulus activation passed,0.05,0.3,within_session_all_units_all_primary_contrasts,false,false,false,missing_unit_metadata,false,None
230714,ses230714-units-probe0-spk-AAAB.npy,87,6,1230,null_or_unclassified,null_or_unclassified,No active phenotype detected,0.05,0.3,within_session_all_units_all_primary_contrasts,false,false,false,missing_unit_metadata,false,None
230714,ses230714-units-probe0-spk-AAAB.npy,88,6,1230,null_or_unclassified,null_or_unclassified,No active phenotype detected,0.05,0.3,within_session_all_units_all_primary_contrasts,false,false,false,missing_unit_metadata,false,None
230714,ses230714-units-probe0-spk-AAAB.npy,89,6,1230,S_plus_candidate,S_plus_candidate,P1 stimulus activation passed,0.05,0.3,within_session_all_units_all_primary_contrasts,false,false,false,missing_unit_metadata,false,None
230714,ses230714-units-probe0-spk-AAAB.npy,90,6,1230,S_plus_candidate,S_plus_candidate,P1 stimulus activation passed,0.05,0.3,within_session_all_units_all_primary_contrasts,false,false,false,missing_unit_metadata,false,None
230714,ses230714-units-probe0-spk-AAAB.npy,91,6,1230,S_plus_candidate,S_plus_candidate,P1 stimulus activation passed,0.05,0.3,within_session_all_units_all_primary_contrasts,false,false,false,missing_unit_metadata,false,None
230714,ses230714-units-probe0-spk-AAAB.npy,92,6,1230,S_plus_candidate,S_plus_candidate,P1 stimulus activation passed,0.05,0.3,within_session_all_units_all_primary_contrasts,false,false,false,missing_unit_metadata,false,None
230714,ses230714-units-probe0-spk-AAAB.npy,93,6,1230,null_or_unclassified,null_or_unclassified,No active phenotype detected,0.05,0.3,within_session_all_units_all_primary_contrasts,false,false,false,missing_unit_metadata,false,None
230714,ses230714-units-probe0-spk-AAAB.npy,94,6,1230,null_or_unclassified,null_or_unclassified,No active phenotype detected,0.05,0.3,within_session_all_units_all_primary_contrasts,false,false,false,missing_unit_metadata,false,None
230714,ses230714-units-probe0-spk-AAAB.npy,95,6,1230,S_plus_candidate,S_plus_candidate,P1 stimulus activation passed,0.05,0.3,within_session_all_units_all_primary_contrasts,false,false,false,missing_unit_metadata,false,None
230714,ses230714-units-probe0-spk-AAAB.npy,96,6,1230,null_or_unclassified,null_or_unclassified,No active phenotype detected,0.05,0.3,within_session_all_units_all_primary_contrasts,false,false,false,missing_unit_metadata,false,None
230714,ses230714-units-probe0-spk-AAAB.npy,97,6,1230,S_plus_candidate,S_plus_candidate,P1 stimulus activation passed,0.05,0.3,within_session_all_units_all_primary_contrasts,false,false,false,missing_unit_metadata,false,None
230714,ses230714-units-probe0-spk-AAAB.npy,98,6,1230,S_plus_candidate,S_plus_candidate,P1 stimulus activation passed,0.05,0.3,within_session_all_units_all_primary_contrasts,false,false,false,missing_unit_metadata,false,None
230714,ses230714-units-probe0-spk-AAAB.npy,99,6,1230,S_plus_candidate,S_plus_candidate,P1 stimulus activation passed,0.05,0.3,within_session_all_units_all_primary_contrasts,false,false,false,missing_unit_metadata,false,None
230714,ses230714-units-probe0-spk-AAAB.npy,100,6,1230,S_plus_candidate,S_plus_candidate,P1 stimulus activation passed,0.05,0.3,within_session_all_units_all_primary_contrasts,false,false,false,missing_unit_metadata,false,None
230714,ses230714-units-probe0-spk-AAAB.npy,101,6,1230,null_or_unclassified,null_or_unclassified,No active phenotype detected,0.05,0.3,within_session_all_units_all_primary_contrasts,false,false,false,missing_unit_metadata,false,None
230714,ses230714-units-probe0-spk-AAAB.npy,102,6,1230,S_plus_candidate,S_plus_candidate,P1 stimulus activation passed,0.05,0.3,within_session_all_units_all_primary_contrasts,false,false,false,missing_unit_metadata,false,None
230714,ses230714-units-probe0-spk-AAAB.npy,103,6,1230,S_plus_candidate,S_plus_candidate,P1 stimulus activation passed,0.05,0.3,within_session_all_units_all_primary_contrasts,false,false,false,missing_unit_metadata,false,None
230714,ses230714-units-probe0-spk-AAAB.npy,104,6,1230,S_plus_candidate,S_plus_candidate,P1 stimulus activation passed,0.05,0.3,within_session_all_units_all_primary_contrasts,false,false,false,missing_unit_metadata,false,None
230714,ses230714-units-probe0-spk-AAAB.npy,105,6,1230,null_or_unclassified,null_or_unclassified,No active phenotype detected,0.05,0.3,within_session_all_units_all_primary_contrasts,false,false,false,missing_unit_metadata,false,None
230714,ses230714-units-probe0-spk-AAAB.npy,106,6,1230,S_plus_candidate,S_plus_candidate,P1 stimulus activation passed,0.05,0.3,within_session_all_units_all_primary_contrasts,false,false,false,missing_unit_metadata,false,None
230714,ses230714-units-probe0-spk-AAAB.npy,107,6,1230,null_or_unclassified,null_or_unclassified,No active phenotype detected,0.05,0.3,within_session_all_units_all_primary_contrasts,false,false,false,missing_unit_metadata,false,None
230714,ses230714-units-probe0-spk-AAAB.npy,108,6,1230,S_plus_candidate,S_plus_candidate,P1 stimulus activation passed,0.05,0.3,within_session_all_units_all_primary_contrasts,false,false,false,missing_unit_metadata,false,None
230714,ses230714-units-probe0-spk-AAAB.npy,109,6,1230,S_plus_candidate,S_plus_candidate,P1 stimulus activation passed,0.05,0.3,within_session_all_units_all_primary_contrasts,false,false,false,missing_unit_metadata,false,None
230714,ses230714-units-probe0-spk-AAAB.npy,110,6,1230,S_plus_candidate,S_plus_candidate,P1 stimulus activation passed,0.05,0.3,within_session_all_units_all_primary_contrasts,false,false,false,missing_unit_metadata,false,None
230714,ses230714-units-probe0-spk-AAAB.npy,111,6,1230,S_plus_candidate,S_plus_candidate,P1 stimulus activation passed,0.05,0.3,within_session_all_units_all_primary_contrasts,false,false,false,missing_unit_metadata,false,None
230714,ses230714-units-probe0-spk-AAAB.npy,112,6,1230,S_plus_candidate,S_plus_candidate,P1 stimulus activation passed,0.05,0.3,within_session_all_units_all_primary_contrasts,false,false,false,missing_unit_metadata,false,None
230714,ses230714-units-probe0-spk-AAAB.npy,113,6,1230,S_plus_candidate,S_plus_candidate,P1 stimulus activation passed,0.05,0.3,within_session_all_units_all_primary_contrasts,false,false,false,missing_unit_metadata,false,None
230714,ses230714-units-probe0-spk-AAAB.npy,114,6,1230,null_or_unclassified,null_or_unclassified,No active phenotype detected,0.05,0.3,within_session_all_units_all_primary_contrasts,false,false,false,missing_unit_metadata,false,None
230714,ses230714-units-probe0-spk-AAAB.npy,115,6,1230,null_or_unclassified,null_or_unclassified,No active phenotype detected,0.05,0.3,within_session_all_units_all_primary_contrasts,false,false,false,missing_unit_metadata,false,None
230714,ses230714-units-probe0-spk-AAAB.npy,116,6,1230,S_minus_candidate,S_minus_candidate,P1 stimulus suppression passed,0.05,0.3,within_session_all_units_all_primary_contrasts,false,false,false,missing_unit_metadata,false,None
230714,ses230714-units-probe0-spk-AAAB.npy,117,6,1230,null_or_unclassified,null_or_unclassified,No active phenotype detected,0.05,0.3,within_session_all_units_all_primary_contrasts,false,false,false,missing_unit_metadata,false,None
230714,ses230714-units-probe0-spk-AAAB.npy,118,6,1230,null_or_unclassified,null_or_unclassified,No active phenotype detected,0.05,0.3,within_session_all_units_all_primary_contrasts,false,false,false,missing_unit_metadata,false,None
230714,ses230714-units-probe0-spk-AAAB.npy,119,6,1230,S_minus_candidate,S_minus_candidate,P1 stimulus suppression passed,0.05,0.3,within_session_all_units_all_primary_contrasts,false,false,false,missing_unit_metadata,false,None
230714,ses230714-units-probe0-spk-AAAB.npy,120,6,1230,S_plus_candidate,S_plus_candidate,P1 stimulus activation passed,0.05,0.3,within_session_all_units_all_primary_contrasts,false,false,false,missing_unit_metadata,false,None
230714,ses230714-units-probe0-spk-AAAB.npy,121,6,1230,S_plus_candidate,S_plus_candidate,P1 stimulus activation passed,0.05,0.3,within_session_all_units_all_primary_contrasts,false,false,false,missing_unit_metadata,false,None
230714,ses230714-units-probe0-spk-AAAB.npy,122,6,1230,S_plus_candidate,S_plus_candidate,P1 stimulus activation passed,0.05,0.3,within_session_all_units_all_primary_contrasts,false,false,false,missing_unit_metadata,false,None
230714,ses230714-units-probe0-spk-AAAB.npy,123,6,1230,S_plus_candidate,S_plus_candidate,P1 stimulus activation passed,0.05,0.3,within_session_all_units_all_primary_contrasts,false,false,false,missing_unit_metadata,false,None
230714,ses230714-units-probe0-spk-AAAB.npy,124,6,1230,null_or_unclassified,null_or_unclassified,No active phenotype detected,0.05,0.3,within_session_all_units_all_primary_contrasts,false,false,false,missing_unit_metadata,false,None
230714,ses230714-units-probe0-spk-AAAB.npy,125,6,1230,S_plus_candidate,S_plus_candidate,P1 stimulus activation passed,0.05,0.3,within_session_all_units_all_primary_contrasts,false,false,false,missing_unit_metadata,false,None
230714,ses230714-units-probe0-spk-AAAB.npy,126,6,1230,S_plus_candidate,S_plus_candidate,P1 stimulus activation passed,0.05,0.3,within_session_all_units_all_primary_contrasts,false,false,false,missing_unit_metadata,false,None
230714,ses230714-units-probe0-spk-AAAB.npy,127,6,1230,S_plus_candidate,S_plus_candidate,P1 stimulus activation passed,0.05,0.3,within_session_all_units_all_primary_contrasts,false,false,false,missing_unit_metadata,false,None
230714,ses230714-units-probe0-spk-AAAB.npy,128,6,1230,S_plus_candidate,S_plus_candidate,P1 stimulus activation passed,0.05,0.3,within_session_all_units_all_primary_contrasts,false,false,false,missing_unit_metadata,false,None
230714,ses230714-units-probe0-spk-AAAB.npy,129,6,1230,S_plus_candidate,S_plus_candidate,P1 stimulus activation passed,0.05,0.3,within_session_all_units_all_primary_contrasts,false,false,false,missing_unit_metadata,false,None
230714,ses230714-units-probe0-spk-AAAB.npy,130,6,1230,S_plus_candidate,S_plus_candidate,P1 stimulus activation passed,0.05,0.3,within_session_all_units_all_primary_contrasts,false,false,false,missing_unit_metadata,false,None
230714,ses230714-units-probe0-spk-AAAB.npy,131,6,1230,null_or_unclassified,null_or_unclassified,No active phenotype detected,0.05,0.3,within_session_all_units_all_primary_contrasts,false,false,false,missing_unit_metadata,false,None
230714,ses230714-units-probe0-spk-AAAB.npy,132,6,1230,null_or_unclassified,null_or_unclassified,No active phenotype detected,0.05,0.3,within_session_all_units_all_primary_contrasts,false,false,false,missing_unit_metadata,false,None
230714,ses230714-units-probe0-spk-AAAB.npy,133,6,1230,null_or_unclassified,null_or_unclassified,No active phenotype detected,0.05,0.3,within_session_all_units_all_primary_contrasts,false,false,false,missing_unit_metadata,false,None
230714,ses230714-units-probe0-spk-AAAB.npy,134,6,1230,S_plus_candidate,S_plus_candidate,P1 stimulus activation passed,0.05,0.3,within_session_all_units_all_primary_contrasts,false,false,false,missing_unit_metadata,false,None
230714,ses230714-units-probe0-spk-AAAB.npy,135,6,1230,S_plus_candidate,S_plus_candidate,P1 stimulus activation passed,0.05,0.3,within_session_all_units_all_primary_contrasts,false,false,false,missing_unit_metadata,false,None
230714,ses230714-units-probe0-spk-AAAB.npy,136,6,1230,S_plus_candidate,S_plus_candidate,P1 stimulus activation passed,0.05,0.3,within_session_all_units_all_primary_contrasts,false,false,false,missing_unit_metadata,false,None
230714,ses230714-units-probe0-spk-AAAB.npy,137,6,1230,S_plus_candidate,S_plus_candidate,P1 stimulus activation passed,0.05,0.3,within_session_all_units_all_primary_contrasts,false,false,false,missing_unit_metadata,false,None
230714,ses230714-units-probe0-spk-AAAB.npy,138,6,1230,S_plus_candidate,S_plus_candidate,P1 stimulus activation passed,0.05,0.3,within_session_all_units_all_primary_contrasts,false,false,false,missing_unit_metadata,false,None
230714,ses230714-units-probe0-spk-AAAB.npy,139,6,1230,S_plus_candidate,S_plus_candidate,P1 stimulus activation passed,0.05,0.3,within_session_all_units_all_primary_contrasts,false,false,false,missing_unit_metadata,false,None
230714,ses230714-units-probe0-spk-AAAB.npy,140,6,1230,S_plus_candidate,S_plus_candidate,P1 stimulus activation passed,0.05,0.3,within_session_all_units_all_primary_contrasts,false,false,false,missing_unit_metadata,false,None
230714,ses230714-units-probe0-spk-AAAB.npy,141,6,1230,S_plus_candidate,S_plus_candidate,P1 stimulus activation passed,0.05,0.3,within_session_all_units_all_primary_contrasts,false,false,false,missing_unit_metadata,false,None
230714,ses230714-units-probe0-spk-AAAB.npy,142,6,1230,null_or_unclassified,null_or_unclassified,No active phenotype detected,0.05,0.3,within_session_all_units_all_primary_contrasts,false,false,false,missing_unit_metadata,false,None
230714,ses230714-units-probe0-spk-AAAB.npy,143,6,1230,null_or_unclassified,null_or_unclassified,No active phenotype detected,0.05,0.3,within_session_all_units_all_primary_contrasts,false,false,false,missing_unit_metadata,false,None
230714,ses230714-units-probe0-spk-AAAB.npy,144,6,1230,S_plus_candidate,S_plus_candidate,P1 stimulus activation passed,0.05,0.3,within_session_all_units_all_primary_contrasts,false,false,false,missing_unit_metadata,false,None
230714,ses230714-units-probe0-spk-AAAB.npy,145,6,1230,S_plus_candidate,S_plus_candidate,P1 stimulus activation passed,0.05,0.3,within_session_all_units_all_primary_contrasts,false,false,false,missing_unit_metadata,false,None
230714,ses230714-units-probe0-spk-AAAB.npy,146,6,1230,S_plus_candidate,S_plus_candidate,P1 stimulus activation passed,0.05,0.3,within_session_all_units_all_primary_contrasts,false,false,false,missing_unit_metadata,false,None
230714,ses230714-units-probe0-spk-AAAB.npy,147,6,1230,S_plus_candidate,S_plus_candidate,P1 stimulus activation passed,0.05,0.3,within_session_all_units_all_primary_contrasts,false,false,false,missing_unit_metadata,false,None
230714,ses230714-units-probe0-spk-AAAB.npy,148,6,1230,S_plus_candidate,S_plus_candidate,P1 stimulus activation passed,0.05,0.3,within_session_all_units_all_primary_contrasts,false,false,false,missing_unit_metadata,false,None
230714,ses230714-units-probe0-spk-AAAB.npy,149,6,1230,S_plus_candidate,S_plus_candidate,P1 stimulus activation passed,0.05,0.3,within_session_all_units_all_primary_contrasts,false,false,false,missing_unit_metadata,false,None
230714,ses230714-units-probe0-spk-AAAB.npy,150,6,1230,S_plus_candidate,S_plus_candidate,P1 stimulus activation passed,0.05,0.3,within_session_all_units_all_primary_contrasts,false,false,false,missing_unit_metadata,false,None
230714,ses230714-units-probe0-spk-AAAB.npy,151,6,1230,null_or_unclassified,null_or_unclassified,No active phenotype detected,0.05,0.3,within_session_all_units_all_primary_contrasts,false,false,false,missing_unit_metadata,false,None
230714,ses230714-units-probe0-spk-AAAB.npy,152,6,1230,S_plus_candidate,S_plus_candidate,P1 stimulus activation passed,0.05,0.3,within_session_all_units_all_primary_contrasts,false,false,false,missing_unit_metadata,false,None
230714,ses230714-units-probe0-spk-AAAB.npy,153,6,1230,S_plus_candidate,S_plus_candidate,P1 stimulus activation passed,0.05,0.3,within_session_all_units_all_primary_contrasts,false,false,false,missing_unit_metadata,false,None
230714,ses230714-units-probe0-spk-AAAB.npy,154,6,1230,S_plus_candidate,S_plus_candidate,P1 stimulus activation passed,0.05,0.3,within_session_all_units_all_primary_contrasts,false,false,false,missing_unit_metadata,false,None
230714,ses230714-units-probe0-spk-AAAB.npy,155,6,1230,S_plus_candidate,S_plus_candidate,P1 stimulus activation passed,0.05,0.3,within_session_all_units_all_primary_contrasts,false,false,false,missing_unit_metadata,false,None
230714,ses230714-units-probe0-spk-AAAB.npy,156,6,1230,S_plus_candidate,S_plus_candidate,P1 stimulus activation passed,0.05,0.3,within_session_all_units_all_primary_contrasts,false,false,false,missing_unit_metadata,false,None
230714,ses230714-units-probe0-spk-AAAB.npy,157,6,1230,S_minus_candidate,S_minus_candidate,P1 stimulus suppression passed,0.05,0.3,within_session_all_units_all_primary_contrasts,false,false,false,missing_unit_metadata,false,None
230714,ses230714-units-probe0-spk-AAAB.npy,158,6,1230,S_plus_candidate,S_plus_candidate,P1 stimulus activation passed,0.05,0.3,within_session_all_units_all_primary_contrasts,false,false,false,missing_unit_metadata,false,None
230714,ses230714-units-probe0-spk-AAAB.npy,159,6,1230,S_minus_candidate,S_minus_candidate,P1 stimulus suppression passed,0.05,0.3,within_session_all_units_all_primary_contrasts,false,false,false,missing_unit_metadata,false,None
230714,ses230714-units-probe0-spk-AAAB.npy,160,6,1230,null_or_unclassified,null_or_unclassified,No active phenotype detected,0.05,0.3,within_session_all_units_all_primary_contrasts,false,false,false,missing_unit_metadata,false,None
230714,ses230714-units-probe0-spk-AAAB.npy,161,6,1230,null_or_unclassified,null_or_unclassified,No active phenotype detected,0.05,0.3,within_session_all_units_all_primary_contrasts,false,false,false,missing_unit_metadata,false,None
230714,ses230714-units-probe0-spk-AAAB.npy,162,6,1230,null_or_unclassified,null_or_unclassified,No active phenotype detected,0.05,0.3,within_session_all_units_all_primary_contrasts,false,false,false,missing_unit_metadata,false,None
230714,ses230714-units-probe0-spk-AAAB.npy,163,6,1230,S_minus_candidate,S_minus_candidate,P1 stimulus suppression passed,0.05,0.3,within_session_all_units_all_primary_contrasts,false,false,false,missing_unit_metadata,false,None
230714,ses230714-units-probe0-spk-AAAB.npy,164,6,1230,null_or_unclassified,null_or_unclassified,No active phenotype detected,0.05,0.3,within_session_all_units_all_primary_contrasts,false,false,false,missing_unit_metadata,false,None
230714,ses230714-units-probe0-spk-AAAB.npy,165,6,1230,S_plus_candidate,S_plus_candidate,P1 stimulus activation passed,0.05,0.3,within_session_all_units_all_primary_contrasts,false,false,false,missing_unit_metadata,false,None
230714,ses230714-units-probe0-spk-AAAB.npy,166,3,615,null_or_unclassified,null_or_unclassified,No active phenotype detected,0.05,0.3,within_session_all_units_all_primary_contrasts,false,false,false,missing_unit_metadata,false,None
230714,ses230714-units-probe0-spk-AAAB.npy,167,3,615,null_or_unclassified,null_or_unclassified,No active phenotype detected,0.05,0.3,within_session_all_units_all_primary_contrasts,false,false,false,missing_unit_metadata,false,None
230714,ses230714-units-probe0-spk-AAAB.npy,168,3,615,S_minus_candidate,S_minus_candidate,P1 stimulus suppression passed,0.05,0.3,within_session_all_units_all_primary_contrasts,false,false,false,missing_unit_metadata,false,None
230714,ses230714-units-probe0-spk-AAAB.npy,169,3,615,S_plus_candidate,S_plus_candidate,P1 stimulus activation passed,0.05,0.3,within_session_all_units_all_primary_contrasts,false,false,false,missing_unit_metadata,false,None
230714,ses230714-units-probe0-spk-AAAB.npy,170,3,615,S_plus_candidate,S_plus_candidate,P1 stimulus activation passed,0.05,0.3,within_session_all_units_all_primary_contrasts,false,false,false,missing_unit_metadata,false,None
230714,ses230714-units-probe0-spk-AAAB.npy,171,3,615,null_or_unclassified,null_or_unclassified,No active phenotype detected,0.05,0.3,within_session_all_units_all_primary_contrasts,false,false,false,missing_unit_metadata,false,None
230714,ses230714-units-probe0-spk-AAAB.npy,172,3,615,S_plus_candidate,S_plus_candidate,P1 stimulus activation passed,0.05,0.3,within_session_all_units_all_primary_contrasts,false,false,false,missing_unit_metadata,false,None
230714,ses230714-units-probe0-spk-AAAB.npy,173,3,615,null_or_unclassified,null_or_unclassified,No active phenotype detected,0.05,0.3,within_session_all_units_all_primary_contrasts,false,false,false,missing_unit_metadata,false,None
230714,ses230714-units-probe0-spk-AAAB.npy,174,3,615,S_plus_candidate,S_plus_candidate,P1 stimulus activation passed,0.05,0.3,within_session_all_units_all_primary_contrasts,false,false,false,missing_unit_metadata,false,None
230714,ses230714-units-probe0-spk-AAAB.npy,175,3,615,S_plus_candidate,S_plus_candidate,P1 stimulus activation passed,0.05,0.3,within_session_all_units_all_primary_contrasts,false,false,false,missing_unit_metadata,false,None
230714,ses230714-units-probe0-spk-AAAB.npy,176,3,615,S_plus_candidate,S_plus_candidate,P1 stimulus activation passed,0.05,0.3,within_session_all_units_all_primary_contrasts,false,false,false,missing_unit_metadata,false,None
230714,ses230714-units-probe0-spk-AAAB.npy,177,3,615,S_plus_candidate,S_plus_candidate,P1 stimulus activation passed,0.05,0.3,within_session_all_units_all_primary_contrasts,false,false,false,missing_unit_metadata,false,None
230714,ses230714-units-probe0-spk-AAAB.npy,178,3,615,S_plus_candidate,S_plus_candidate,P1 stimulus activation passed,0.05,0.3,within_session_all_units_all_primary_contrasts,false,false,false,missing_unit_metadata,false,None
230714,ses230714-units-probe0-spk-AAAB.npy,179,3,615,S_plus_candidate,S_plus_candidate,P1 stimulus activation passed,0.05,0.3,within_session_all_units_all_primary_contrasts,false,false,false,missing_unit_metadata,false,None
230714,ses230714-units-probe0-spk-AAAB.npy,180,3,615,S_plus_candidate,S_plus_candidate,P1 stimulus activation passed,0.05,0.3,within_session_all_units_all_primary_contrasts,false,false,false,missing_unit_metadata,false,None
230714,ses230714-units-probe0-spk-AAAB.npy,181,3,615,null_or_unclassified,null_or_unclassified,No active phenotype detected,0.05,0.3,within_session_all_units_all_primary_contrasts,false,false,false,missing_unit_metadata,false,None
230714,ses230714-units-probe0-spk-AAAB.npy,182,3,615,S_plus_candidate,S_plus_candidate,P1 stimulus activation passed,0.05,0.3,within_session_all_units_all_primary_contrasts,false,false,false,missing_unit_metadata,false,None
230714,ses230714-units-probe0-spk-AAAB.npy,183,3,615,S_plus_candidate,S_plus_candidate,P1 stimulus activation passed,0.05,0.3,within_session_all_units_all_primary_contrasts,false,false,false,missing_unit_metadata,false,None
230714,ses230714-units-probe0-spk-AAAB.npy,184,3,615,S_plus_candidate,S_plus_candidate,P1 stimulus activation passed,0.05,0.3,within_session_all_units_all_primary_contrasts,false,false,false,missing_unit_metadata,false,None
230714,ses230714-units-probe0-spk-AAAB.npy,185,3,615,S_plus_candidate,S_plus_candidate,P1 stimulus activation passed,0.05,0.3,within_session_all_units_all_primary_contrasts,false,false,false,missing_unit_metadata,false,None
230714,ses230714-units-probe0-spk-AAAB.npy,186,3,615,S_plus_candidate,S_plus_candidate,P1 stimulus activation passed,0.05,0.3,within_session_all_units_all_primary_contrasts,false,false,false,missing_unit_metadata,false,None
230714,ses230714-units-probe0-spk-AAAB.npy,187,3,615,null_or_unclassified,null_or_unclassified,No active phenotype detected,0.05,0.3,within_session_all_units_all_primary_contrasts,false,false,false,missing_unit_metadata,false,None
230714,ses230714-units-probe0-spk-AAAB.npy,188,3,615,S_plus_candidate,S_plus_candidate,P1 stimulus activation passed,0.05,0.3,within_session_all_units_all_primary_contrasts,false,false,false,missing_unit_metadata,false,None
230714,ses230714-units-probe0-spk-AAAB.npy,189,3,615,S_plus_candidate,S_plus_candidate,P1 stimulus activation passed,0.05,0.3,within_session_all_units_all_primary_contrasts,false,false,false,missing_unit_metadata,false,None
230714,ses230714-units-probe0-spk-AAAB.npy,190,3,615,S_plus_candidate,S_plus_candidate,P1 stimulus activation passed,0.05,0.3,within_session_all_units_all_primary_contrasts,false,false,false,missing_unit_metadata,false,None
230714,ses230714-units-probe0-spk-AAAB.npy,191,3,615,S_plus_candidate,S_plus_candidate,P1 stimulus activation passed,0.05,0.3,within_session_all_units_all_primary_contrasts,false,false,false,missing_unit_metadata,false,None
230714,ses230714-units-probe0-spk-AAAB.npy,192,3,615,null_or_unclassified,null_or_unclassified,No active phenotype detected,0.05,0.3,within_session_all_units_all_primary_contrasts,false,false,false,missing_unit_metadata,false,None
230714,ses230714-units-probe0-spk-AAAB.npy,193,3,615,S_plus_candidate,S_plus_candidate,P1 stimulus activation passed,0.05,0.3,within_session_all_units_all_primary_contrasts,false,false,false,missing_unit_metadata,false,None
230714,ses230714-units-probe0-spk-AAAB.npy,194,3,615,S_plus_candidate,S_plus_candidate,P1 stimulus activation passed,0.05,0.3,within_session_all_units_all_primary_contrasts,false,false,false,missing_unit_metadata,false,None
230714,ses230714-units-probe0-spk-AAAB.npy,195,3,615,null_or_unclassified,null_or_unclassified,No active phenotype detected,0.05,0.3,within_session_all_units_all_primary_contrasts,false,false,false,missing_unit_metadata,false,None
230714,ses230714-units-probe0-spk-AAAB.npy,196,3,615,null_or_unclassified,null_or_unclassified,No active phenotype detected,0.05,0.3,within_session_all_units_all_primary_contrasts,false,false,false,missing_unit_metadata,false,None
230714,ses230714-units-probe0-spk-AAAB.npy,197,3,615,null_or_unclassified,null_or_unclassified,No active phenotype detected,0.05,0.3,within_session_all_units_all_primary_contrasts,false,false,false,missing_unit_metadata,false,None
230714,ses230714-units-probe0-spk-AAAB.npy,198,3,615,null_or_unclassified,null_or_unclassified,No active phenotype detected,0.05,0.3,within_session_all_units_all_primary_contrasts,false,false,false,missing_unit_metadata,false,None
230714,ses230714-units-probe0-spk-AAAB.npy,199,3,615,S_plus_candidate,S_plus_candidate,P1 stimulus activation passed,0.05,0.3,within_session_all_units_all_primary_contrasts,false,false,false,missing_unit_metadata,false,None
230714,ses230714-units-probe0-spk-AAAB.npy,200,3,615,S_plus_candidate,S_plus_candidate,P1 stimulus activation passed,0.05,0.3,within_session_all_units_all_primary_contrasts,false,false,false,missing_unit_metadata,false,None
230714,ses230714-units-probe0-spk-AAAB.npy,201,3,615,S_plus_candidate,S_plus_candidate,P1 stimulus activation passed,0.05,0.3,within_session_all_units_all_primary_contrasts,false,false,false,missing_unit_metadata,false,None
230714,ses230714-units-probe0-spk-AAAB.npy,202,3,615,null_or_unclassified,null_or_unclassified,No active phenotype detected,0.05,0.3,within_session_all_units_all_primary_contrasts,false,false,false,missing_unit_metadata,false,None
230714,ses230714-units-probe0-spk-AAAB.npy,203,3,615,S_plus_candidate,S_plus_candidate,P1 stimulus activation passed,0.05,0.3,within_session_all_units_all_primary_contrasts,false,false,false,missing_unit_metadata,false,None
230714,ses230714-units-probe0-spk-AAAB.npy,204,3,615,null_or_unclassified,null_or_unclassified,No active phenotype detected,0.05,0.3,within_session_all_units_all_primary_contrasts,false,false,false,missing_unit_metadata,false,None
230714,ses230714-units-probe0-spk-AAAB.npy,205,3,615,null_or_unclassified,null_or_unclassified,No active phenotype detected,0.05,0.3,within_session_all_units_all_primary_contrasts,false,false,false,missing_unit_metadata,false,None
230714,ses230714-units-probe0-spk-AAAB.npy,206,3,615,null_or_unclassified,null_or_unclassified,No active phenotype detected,0.05,0.3,within_session_all_units_all_primary_contrasts,false,false,false,missing_unit_metadata,false,None
230714,ses230714-units-probe0-spk-AAAB.npy,207,3,615,null_or_unclassified,null_or_unclassified,No active phenotype detected,0.05,0.3,within_session_all_units_all_primary_contrasts,false,false,false,missing_unit_metadata,false,None
230714,ses230714-units-probe0-spk-AAAB.npy,208,3,615,null_or_unclassified,null_or_unclassified,No active phenotype detected,0.05,0.3,within_session_all_units_all_primary_contrasts,false,false,false,missing_unit_metadata,false,None
230714,ses230714-units-probe0-spk-AAAB.npy,209,3,615,null_or_unclassified,null_or_unclassified,No active phenotype detected,0.05,0.3,within_session_all_units_all_primary_contrasts,false,false,false,missing_unit_metadata,false,None
230714,ses230714-units-probe0-spk-AAAB.npy,210,3,615,S_plus_candidate,S_plus_candidate,P1 stimulus activation passed,0.05,0.3,within_session_all_units_all_primary_contrasts,false,false,false,missing_unit_metadata,false,None
230714,ses230714-units-probe0-spk-AAAB.npy,211,3,615,S_plus_candidate,S_plus_candidate,P1 stimulus activation passed,0.05,0.3,within_session_all_units_all_primary_contrasts,false,false,false,missing_unit_metadata,false,None
230714,ses230714-units-probe0-spk-AAAB.npy,212,3,615,null_or_unclassified,null_or_unclassified,No active phenotype detected,0.05,0.3,within_session_all_units_all_primary_contrasts,false,false,false,missing_unit_metadata,false,None
230714,ses230714-units-probe0-spk-AAAB.npy,213,3,615,null_or_unclassified,null_or_unclassified,No active phenotype detected,0.05,0.3,within_session_all_units_all_primary_contrasts,false,false,false,missing_unit_metadata,false,None
230714,ses230714-units-probe0-spk-AAAB.npy,214,3,615,S_plus_candidate,S_plus_candidate,P1 stimulus activation passed,0.05,0.3,within_session_all_units_all_primary_contrasts,false,false,false,missing_unit_metadata,false,None
230714,ses230714-units-probe0-spk-AAAB.npy,215,3,615,null_or_unclassified,null_or_unclassified,No active phenotype detected,0.05,0.3,within_session_all_units_all_primary_contrasts,false,false,false,missing_unit_metadata,false,None
230714,ses230714-units-probe0-spk-AAAB.npy,216,3,615,null_or_unclassified,null_or_unclassified,No active phenotype detected,0.05,0.3,within_session_all_units_all_primary_contrasts,false,false,false,missing_unit_metadata,false,None
230714,ses230714-units-probe0-spk-AAAB.npy,217,3,615,null_or_unclassified,null_or_unclassified,No active phenotype detected,0.05,0.3,within_session_all_units_all_primary_contrasts,false,false,false,missing_unit_metadata,false,None
230714,ses230714-units-probe0-spk-AAAB.npy,218,3,615,null_or_unclassified,null_or_unclassified,No active phenotype detected,0.05,0.3,within_session_all_units_all_primary_contrasts,false,false,false,missing_unit_metadata,false,None
230714,ses230714-units-probe0-spk-AAAB.npy,219,3,615,null_or_unclassified,null_or_unclassified,No active phenotype detected,0.05,0.3,within_session_all_units_all_primary_contrasts,false,false,false,missing_unit_metadata,false,None
230714,ses230714-units-probe0-spk-AAAB.npy,220,3,615,S_plus_candidate,S_plus_candidate,P1 stimulus activation passed,0.05,0.3,within_session_all_units_all_primary_contrasts,false,false,false,missing_unit_metadata,false,None
230714,ses230714-units-probe0-spk-AAAB.npy,221,3,615,S_plus_candidate,S_plus_candidate,P1 stimulus activation passed,0.05,0.3,within_session_all_units_all_primary_contrasts,false,false,false,missing_unit_metadata,false,None
230714,ses230714-units-probe0-spk-AAAB.npy,222,3,615,null_or_unclassified,null_or_unclassified,No active phenotype detected,0.05,0.3,within_session_all_units_all_primary_contrasts,false,false,false,missing_unit_metadata,false,None
230714,ses230714-units-probe0-spk-AAAB.npy,223,3,615,null_or_unclassified,null_or_unclassified,No active phenotype detected,0.05,0.3,within_session_all_units_all_primary_contrasts,false,false,false,missing_unit_metadata,false,None
230714,ses230714-units-probe0-spk-AAAB.npy,224,3,615,S_plus_candidate,S_plus_candidate,P1 stimulus activation passed,0.05,0.3,within_session_all_units_all_primary_contrasts,false,false,false,missing_unit_metadata,false,None
230714,ses230714-units-probe0-spk-AAAB.npy,225,3,615,S_plus_candidate,S_plus_candidate,P1 stimulus activation passed,0.05,0.3,within_session_all_units_all_primary_contrasts,false,false,false,missing_unit_metadata,false,None
230714,ses230714-units-probe0-spk-AAAB.npy,226,3,615,null_or_unclassified,null_or_unclassified,No active phenotype detected,0.05,0.3,within_session_all_units_all_primary_contrasts,false,false,false,missing_unit_metadata,false,None
230714,ses230714-units-probe0-spk-AAAB.npy,227,3,615,null_or_unclassified,null_or_unclassified,No active phenotype detected,0.05,0.3,within_session_all_units_all_primary_contrasts,false,false,false,missing_unit_metadata,false,None
230714,ses230714-units-probe0-spk-AAAB.npy,228,3,615,null_or_unclassified,null_or_unclassified,No active phenotype detected,0.05,0.3,within_session_all_units_all_primary_contrasts,false,false,false,missing_unit_metadata,false,None
230714,ses230714-units-probe0-spk-AAAB.npy,229,3,615,null_or_unclassified,null_or_unclassified,No active phenotype detected,0.05,0.3,within_session_all_units_all_primary_contrasts,false,false,false,missing_unit_metadata,false,None
230714,ses230714-units-probe0-spk-AAAB.npy,230,3,615,null_or_unclassified,null_or_unclassified,No active phenotype detected,0.05,0.3,within_session_all_units_all_primary_contrasts,false,false,false,missing_unit_metadata,false,None
230714,ses230714-units-probe0-spk-AAAB.npy,231,3,615,null_or_unclassified,null_or_unclassified,No active phenotype detected,0.05,0.3,within_session_all_units_all_primary_contrasts,false,false,false,missing_unit_metadata,false,None
230714,ses230714-units-probe0-spk-AAAB.npy,232,3,615,null_or_unclassified,null_or_unclassified,No active phenotype detected,0.05,0.3,within_session_all_units_all_primary_contrasts,false,false,false,missing_unit_metadata,false,None
230714,ses230714-units-probe0-spk-AAAB.npy,233,3,615,S_plus_candidate,S_plus_candidate,P1 stimulus activation passed,0.05,0.3,within_session_all_units_all_primary_contrasts,false,false,false,missing_unit_metadata,false,None
230714,ses230714-units-probe0-spk-AAAB.npy,234,3,615,S_plus_candidate,S_plus_candidate,P1 stimulus activation passed,0.05,0.3,within_session_all_units_all_primary_contrasts,false,false,false,missing_unit_metadata,false,None
230714,ses230714-units-probe0-spk-AAAB.npy,235,3,615,S_plus_candidate,S_plus_candidate,P1 stimulus activation passed,0.05,0.3,within_session_all_units_all_primary_contrasts,false,false,false,missing_unit_metadata,false,None
230714,ses230714-units-probe0-spk-AAAB.npy,236,3,615,S_plus_candidate,S_plus_candidate,P1 stimulus activation passed,0.05,0.3,within_session_all_units_all_primary_contrasts,false,false,false,missing_unit_metadata,false,None
230714,ses230714-units-probe0-spk-AAAB.npy,237,3,615,S_plus_candidate,S_plus_candidate,P1 stimulus activation passed,0.05,0.3,within_session_all_units_all_primary_contrasts,false,false,false,missing_unit_metadata,false,None
230714,ses230714-units-probe0-spk-AAAB.npy,238,3,615,null_or_unclassified,null_or_unclassified,No active phenotype detected,0.05,0.3,within_session_all_units_all_primary_contrasts,false,false,false,missing_unit_metadata,false,None
230714,ses230714-units-probe0-spk-AAAB.npy,239,3,615,S_plus_candidate,S_plus_candidate,P1 stimulus activation passed,0.05,0.3,within_session_all_units_all_primary_contrasts,false,false,false,missing_unit_metadata,false,None
230714,ses230714-units-probe0-spk-AAAB.npy,240,3,615,S_plus_candidate,S_plus_candidate,P1 stimulus activation passed,0.05,0.3,within_session_all_units_all_primary_contrasts,false,false,false,missing_unit_metadata,false,None
230714,ses230714-units-probe0-spk-AAAB.npy,241,3,615,S_plus_candidate,S_plus_candidate,P1 stimulus activation passed,0.05,0.3,within_session_all_units_all_primary_contrasts,false,false,false,missing_unit_metadata,false,None
230714,ses230714-units-probe0-spk-AAAB.npy,242,3,615,null_or_unclassified,null_or_unclassified,No active phenotype detected,0.05,0.3,within_session_all_units_all_primary_contrasts,false,false,false,missing_unit_metadata,false,None
230714,ses230714-units-probe0-spk-AAAB.npy,243,3,615,S_plus_candidate,S_plus_candidate,P1 stimulus activation passed,0.05,0.3,within_session_all_units_all_primary_contrasts,false,false,false,missing_unit_metadata,false,None
230714,ses230714-units-probe0-spk-AAAB.npy,244,3,615,S_plus_candidate,S_plus_candidate,P1 stimulus activation passed,0.05,0.3,within_session_all_units_all_primary_contrasts,false,false,false,missing_unit_metadata,false,None
230714,ses230714-units-probe0-spk-AAAB.npy,245,3,615,null_or_unclassified,null_or_unclassified,No active phenotype detected,0.05,0.3,within_session_all_units_all_primary_contrasts,false,false,false,missing_unit_metadata,false,None
230714,ses230714-units-probe0-spk-AAAB.npy,246,3,615,S_minus_candidate,S_minus_candidate,P1 stimulus suppression passed,0.05,0.3,within_session_all_units_all_primary_contrasts,false,false,false,missing_unit_metadata,false,None
230714,ses230714-units-probe0-spk-AAAB.npy,247,3,615,S_plus_candidate,S_plus_candidate,P1 stimulus activation passed,0.05,0.3,within_session_all_units_all_primary_contrasts,false,false,false,missing_unit_metadata,false,None
230714,ses230714-units-probe0-spk-AAAB.npy,248,3,615,null_or_unclassified,null_or_unclassified,No active phenotype detected,0.05,0.3,within_session_all_units_all_primary_contrasts,false,false,false,missing_unit_metadata,false,None
230714,ses230714-units-probe0-spk-AAAB.npy,249,3,615,null_or_unclassified,null_or_unclassified,No active phenotype detected,0.05,0.3,within_session_all_units_all_primary_contrasts,false,false,false,missing_unit_metadata,false,None
230714,ses230714-units-probe0-spk-AAAB.npy,250,3,615,S_plus_candidate,S_plus_candidate,P1 stimulus activation passed,0.05,0.3,within_session_all_units_all_primary_contrasts,false,false,false,missing_unit_metadata,false,None
230714,ses230714-units-probe0-spk-AAAB.npy,251,3,615,null_or_unclassified,null_or_unclassified,No active phenotype detected,0.05,0.3,within_session_all_units_all_primary_contrasts,false,false,false,missing_unit_metadata,false,None
230714,ses230714-units-probe0-spk-AAAB.npy,252,3,615,S_plus_candidate,S_plus_candidate,P1 stimulus activation passed,0.05,0.3,within_session_all_units_all_primary_contrasts,false,false,false,missing_unit_metadata,false,None
230714,ses230714-units-probe0-spk-AAAB.npy,253,3,615,null_or_unclassified,null_or_unclassified,No active phenotype detected,0.05,0.3,within_session_all_units_all_primary_contrasts,false,false,false,missing_unit_metadata,false,None
230714,ses230714-units-probe0-spk-AAAB.npy,254,3,615,S_plus_candidate,S_plus_candidate,P1 stimulus activation passed,0.05,0.3,within_session_all_units_all_primary_contrasts,false,false,false,missing_unit_metadata,false,None
230714,ses230714-units-probe0-spk-AAAB.npy,255,3,615,S_minus_candidate; S_plus_candidate,S_plus_candidate,P1 stimulus activation passed,0.05,0.3,within_session_all_units_all_primary_contrasts,false,false,false,missing_unit_metadata,false,None
230714,ses230714-units-probe0-spk-AAAB.npy,256,3,615,null_or_unclassified,null_or_unclassified,No active phenotype detected,0.05,0.3,within_session_all_units_all_primary_contrasts,false,false,false,missing_unit_metadata,false,None
230714,ses230714-units-probe0-spk-AAAB.npy,257,3,615,null_or_unclassified,null_or_unclassified,No active phenotype detected,0.05,0.3,within_session_all_units_all_primary_contrasts,false,false,false,missing_unit_metadata,false,None
230714,ses230714-units-probe0-spk-AAAB.npy,258,3,615,S_plus_candidate,S_plus_candidate,P1 stimulus activation passed,0.05,0.3,within_session_all_units_all_primary_contrasts,false,false,false,missing_unit_metadata,false,None
230714,ses230714-units-probe0-spk-AAAB.npy,259,3,615,S_plus_candidate,S_plus_candidate,P1 stimulus activation passed,0.05,0.3,within_session_all_units_all_primary_contrasts,false,false,false,missing_unit_metadata,false,None
230714,ses230714-units-probe0-spk-AAAB.npy,260,3,615,null_or_unclassified,null_or_unclassified,No active phenotype detected,0.05,0.3,within_session_all_units_all_primary_contrasts,false,false,false,missing_unit_metadata,false,None
230714,ses230714-units-probe0-spk-AAAB.npy,261,3,615,S_plus_candidate,S_plus_candidate,P1 stimulus activation passed,0.05,0.3,within_session_all_units_all_primary_contrasts,false,false,false,missing_unit_metadata,false,None
230714,ses230714-units-probe0-spk-AAAB.npy,262,3,615,S_plus_candidate,S_plus_candidate,P1 stimulus activation passed,0.05,0.3,within_session_all_units_all_primary_contrasts,false,false,false,missing_unit_metadata,false,None
230714,ses230714-units-probe0-spk-AAAB.npy,263,3,615,S_plus_candidate,S_plus_candidate,P1 stimulus activation passed,0.05,0.3,within_session_all_units_all_primary_contrasts,false,false,false,missing_unit_metadata,false,None
230714,ses230714-units-probe0-spk-AAAB.npy,264,3,615,S_plus_candidate,S_plus_candidate,P1 stimulus activation passed,0.05,0.3,within_session_all_units_all_primary_contrasts,false,false,false,missing_unit_metadata,false,None
230714,ses230714-units-probe0-spk-AAAB.npy,265,3,615,S_plus_candidate,S_plus_candidate,P1 stimulus activation passed,0.05,0.3,within_session_all_units_all_primary_contrasts,false,false,false,missing_unit_metadata,false,None
230714,ses230714-units-probe0-spk-AAAB.npy,266,3,615,S_plus_candidate,S_plus_candidate,P1 stimulus activation passed,0.05,0.3,within_session_all_units_all_primary_contrasts,false,false,false,missing_unit_metadata,false,None
230714,ses230714-units-probe0-spk-AAAB.npy,267,3,615,S_plus_candidate,S_plus_candidate,P1 stimulus activation passed,0.05,0.3,within_session_all_units_all_primary_contrasts,false,false,false,missing_unit_metadata,false,None
230714,ses230714-units-probe0-spk-AAAB.npy,268,3,615,S_plus_candidate,S_plus_candidate,P1 stimulus activation passed,0.05,0.3,within_session_all_units_all_primary_contrasts,false,false,false,missing_unit_metadata,false,None
230714,ses230714-units-probe0-spk-AAAB.npy,269,3,615,S_plus_candidate,S_plus_candidate,P1 stimulus activation passed,0.05,0.3,within_session_all_units_all_primary_contrasts,false,false,false,missing_unit_metadata,false,None
230714,ses230714-units-probe0-spk-AAAB.npy,270,3,615,S_plus_candidate,S_plus_candidate,P1 stimulus activation passed,0.05,0.3,within_session_all_units_all_primary_contrasts,false,false,false,missing_unit_metadata,false,None
230714,ses230714-units-probe0-spk-AAAB.npy,271,3,615,S_minus_candidate; S_plus_candidate,S_plus_candidate,P1 stimulus activation passed,0.05,0.3,within_session_all_units_all_primary_contrasts,false,false,false,missing_unit_metadata,false,None
230714,ses230714-units-probe0-spk-AAAB.npy,272,3,615,S_plus_candidate,S_plus_candidate,P1 stimulus activation passed,0.05,0.3,within_session_all_units_all_primary_contrasts,false,false,false,missing_unit_metadata,false,None
230714,ses230714-units-probe0-spk-AAAB.npy,273,3,615,S_plus_candidate,S_plus_candidate,P1 stimulus activation passed,0.05,0.3,within_session_all_units_all_primary_contrasts,false,false,false,missing_unit_metadata,false,None
230714,ses230714-units-probe0-spk-AAAB.npy,274,3,615,null_or_unclassified,null_or_unclassified,No active phenotype detected,0.05,0.3,within_session_all_units_all_primary_contrasts,false,false,false,missing_unit_metadata,false,None
230714,ses230714-units-probe0-spk-AAAB.npy,275,3,615,S_plus_candidate,S_plus_candidate,P1 stimulus activation passed,0.05,0.3,within_session_all_units_all_primary_contrasts,false,false,false,missing_unit_metadata,false,None
230714,ses230714-units-probe0-spk-AAAB.npy,276,3,615,null_or_unclassified,null_or_unclassified,No active phenotype detected,0.05,0.3,within_session_all_units_all_primary_contrasts,false,false,false,missing_unit_metadata,false,None
230714,ses230714-units-probe0-spk-AAAB.npy,277,3,615,S_plus_candidate,S_plus_candidate,P1 stimulus activation passed,0.05,0.3,within_session_all_units_all_primary_contrasts,false,false,false,missing_unit_metadata,false,None
230714,ses230714-units-probe0-spk-AAAB.npy,278,3,615,S_plus_candidate,S_plus_candidate,P1 stimulus activation passed,0.05,0.3,within_session_all_units_all_primary_contrasts,false,false,false,missing_unit_metadata,false,None
230714,ses230714-units-probe0-spk-AAAB.npy,279,3,615,S_plus_candidate,S_plus_candidate,P1 stimulus activation passed,0.05,0.3,within_session_all_units_all_primary_contrasts,false,false,false,missing_unit_metadata,false,None
230714,ses230714-units-probe0-spk-AAAB.npy,280,3,615,S_plus_candidate,S_plus_candidate,P1 stimulus activation passed,0.05,0.3,within_session_all_units_all_primary_contrasts,false,false,false,missing_unit_metadata,false,None
230714,ses230714-units-probe0-spk-AAAB.npy,281,3,615,S_plus_candidate,S_plus_candidate,P1 stimulus activation passed,0.05,0.3,within_session_all_units_all_primary_contrasts,false,false,false,missing_unit_metadata,false,None
230714,ses230714-units-probe0-spk-AAAB.npy,282,3,615,S_plus_candidate,S_plus_candidate,P1 stimulus activation passed,0.05,0.3,within_session_all_units_all_primary_contrasts,false,false,false,missing_unit_metadata,false,None
230714,ses230714-units-probe0-spk-AAAB.npy,283,3,615,S_plus_candidate,S_plus_candidate,P1 stimulus activation passed,0.05,0.3,within_session_all_units_all_primary_contrasts,false,false,false,missing_unit_metadata,false,None
230714,ses230714-units-probe0-spk-AAAB.npy,284,3,615,S_plus_candidate,S_plus_candidate,P1 stimulus activation passed,0.05,0.3,within_session_all_units_all_primary_contrasts,false,false,false,missing_unit_metadata,false,None
230714,ses230714-units-probe0-spk-AAAB.npy,285,3,615,null_or_unclassified,null_or_unclassified,No active phenotype detected,0.05,0.3,within_session_all_units_all_primary_contrasts,false,false,false,missing_unit_metadata,false,None
230714,ses230714-units-probe0-spk-AAAB.npy,286,3,615,null_or_unclassified,null_or_unclassified,No active phenotype detected,0.05,0.3,within_session_all_units_all_primary_contrasts,false,false,false,missing_unit_metadata,false,None
230714,ses230714-units-probe0-spk-AAAB.npy,287,3,615,S_plus_candidate,S_plus_candidate,P1 stimulus activation passed,0.05,0.3,within_session_all_units_all_primary_contrasts,false,false,false,missing_unit_metadata,false,None
230714,ses230714-units-probe0-spk-AAAB.npy,288,3,615,S_plus_candidate,S_plus_candidate,P1 stimulus activation passed,0.05,0.3,within_session_all_units_all_primary_contrasts,false,false,false,missing_unit_metadata,false,None
230714,ses230714-units-probe0-spk-AAAB.npy,289,3,615,S_plus_candidate,S_plus_candidate,P1 stimulus activation passed,0.05,0.3,within_session_all_units_all_primary_contrasts,false,false,false,missing_unit_metadata,false,None
230714,ses230714-units-probe0-spk-AAAB.npy,290,3,615,null_or_unclassified,null_or_unclassified,No active phenotype detected,0.05,0.3,within_session_all_units_all_primary_contrasts,false,false,false,missing_unit_metadata,false,None
230714,ses230714-units-probe0-spk-AAAB.npy,291,3,615,null_or_unclassified,null_or_unclassified,No active phenotype detected,0.05,0.3,within_session_all_units_all_primary_contrasts,false,false,false,missing_unit_metadata,false,None
230714,ses230714-units-probe0-spk-AAAB.npy,292,3,615,S_plus_candidate,S_plus_candidate,P1 stimulus activation passed,0.05,0.3,within_session_all_units_all_primary_contrasts,false,false,false,missing_unit_metadata,false,None
230714,ses230714-units-probe0-spk-AAAB.npy,293,3,615,S_plus_candidate,S_plus_candidate,P1 stimulus activation passed,0.05,0.3,within_session_all_units_all_primary_contrasts,false,false,false,missing_unit_metadata,false,None
230714,ses230714-units-probe0-spk-AAAB.npy,294,3,615,S_plus_candidate,S_plus_candidate,P1 stimulus activation passed,0.05,0.3,within_session_all_units_all_primary_contrasts,false,false,false,missing_unit_metadata,false,None
230714,ses230714-units-probe0-spk-AAAB.npy,295,3,615,S_plus_candidate,S_plus_candidate,P1 stimulus activation passed,0.05,0.3,within_session_all_units_all_primary_contrasts,false,false,false,missing_unit_metadata,false,None
230714,ses230714-units-probe0-spk-AAAB.npy,296,3,615,null_or_unclassified,null_or_unclassified,No active phenotype detected,0.05,0.3,within_session_all_units_all_primary_contrasts,false,false,false,missing_unit_metadata,false,None
230714,ses230714-units-probe0-spk-AAAB.npy,297,3,615,S_plus_candidate,S_plus_candidate,P1 stimulus activation passed,0.05,0.3,within_session_all_units_all_primary_contrasts,false,false,false,missing_unit_metadata,false,None
230714,ses230714-units-probe0-spk-AAAB.npy,298,3,615,S_plus_candidate,S_plus_candidate,P1 stimulus activation passed,0.05,0.3,within_session_all_units_all_primary_contrasts,false,false,false,missing_unit_metadata,false,None
230714,ses230714-units-probe0-spk-AAAB.npy,299,3,615,S_plus_candidate,S_plus_candidate,P1 stimulus activation passed,0.05,0.3,within_session_all_units_all_primary_contrasts,false,false,false,missing_unit_metadata,false,None
230714,ses230714-units-probe0-spk-AAAB.npy,300,3,615,S_plus_candidate,S_plus_candidate,P1 stimulus activation passed,0.05,0.3,within_session_all_units_all_primary_contrasts,false,false,false,missing_unit_metadata,false,None
230714,ses230714-units-probe0-spk-AAAB.npy,301,3,615,S_plus_candidate,S_plus_candidate,P1 stimulus activation passed,0.05,0.3,within_session_all_units_all_primary_contrasts,false,false,false,missing_unit_metadata,false,None
230714,ses230714-units-probe0-spk-AAAB.npy,302,3,615,S_plus_candidate,S_plus_candidate,P1 stimulus activation passed,0.05,0.3,within_session_all_units_all_primary_contrasts,false,false,false,missing_unit_metadata,false,None
230714,ses230714-units-probe0-spk-AAAB.npy,303,3,615,S_plus_candidate,S_plus_candidate,P1 stimulus activation passed,0.05,0.3,within_session_all_units_all_primary_contrasts,false,false,false,missing_unit_metadata,false,None
230714,ses230714-units-probe0-spk-AAAB.npy,304,3,615,S_minus_candidate,S_minus_candidate,P1 stimulus suppression passed,0.05,0.3,within_session_all_units_all_primary_contrasts,false,false,false,missing_unit_metadata,false,None
230714,ses230714-units-probe0-spk-AAAB.npy,305,3,615,S_plus_candidate,S_plus_candidate,P1 stimulus activation passed,0.05,0.3,within_session_all_units_all_primary_contrasts,false,false,false,missing_unit_metadata,false,None
230714,ses230714-units-probe0-spk-AAAB.npy,306,3,615,null_or_unclassified,null_or_unclassified,No active phenotype detected,0.05,0.3,within_session_all_units_all_primary_contrasts,false,false,false,missing_unit_metadata,false,None
230714,ses230714-units-probe0-spk-AAAB.npy,307,3,615,S_plus_candidate,S_plus_candidate,P1 stimulus activation passed,0.05,0.3,within_session_all_units_all_primary_contrasts,false,false,false,missing_unit_metadata,false,None
230714,ses230714-units-probe0-spk-AAAB.npy,308,3,615,S_plus_candidate,S_plus_candidate,P1 stimulus activation passed,0.05,0.3,within_session_all_units_all_primary_contrasts,false,false,false,missing_unit_metadata,false,None
230714,ses230714-units-probe0-spk-AAAB.npy,309,3,615,S_minus_candidate,S_minus_candidate,P1 stimulus suppression passed,0.05,0.3,within_session_all_units_all_primary_contrasts,false,false,false,missing_unit_metadata,false,None
230714,ses230714-units-probe0-spk-AAAB.npy,310,3,615,S_plus_candidate,S_plus_candidate,P1 stimulus activation passed,0.05,0.3,within_session_all_units_all_primary_contrasts,false,false,false,missing_unit_metadata,false,None
230714,ses230714-units-probe0-spk-AAAB.npy,311,3,615,S_plus_candidate,S_plus_candidate,P1 stimulus activation passed,0.05,0.3,within_session_all_units_all_primary_contrasts,false,false,false,missing_unit_metadata,false,None
230714,ses230714-units-probe0-spk-AAAB.npy,312,3,615,S_plus_candidate,S_plus_candidate,P1 stimulus activation passed,0.05,0.3,within_session_all_units_all_primary_contrasts,false,false,false,missing_unit_metadata,false,None
230714,ses230714-units-probe0-spk-AAAB.npy,313,3,615,S_plus_candidate,S_plus_candidate,P1 stimulus activation passed,0.05,0.3,within_session_all_units_all_primary_contrasts,false,false,false,missing_unit_metadata,false,None
230714,ses230714-units-probe0-spk-AAAB.npy,314,3,615,null_or_unclassified,null_or_unclassified,No active phenotype detected,0.05,0.3,within_session_all_units_all_primary_contrasts,false,false,false,missing_unit_metadata,false,None
230714,ses230714-units-probe0-spk-AAAB.npy,315,3,615,S_plus_candidate,S_plus_candidate,P1 stimulus activation passed,0.05,0.3,within_session_all_units_all_primary_contrasts,false,false,false,missing_unit_metadata,false,None
230714,ses230714-units-probe0-spk-AAAB.npy,316,3,615,S_plus_candidate,S_plus_candidate,P1 stimulus activation passed,0.05,0.3,within_session_all_units_all_primary_contrasts,false,false,false,missing_unit_metadata,false,None
230714,ses230714-units-probe0-spk-AAAB.npy,317,3,615,S_plus_candidate,S_plus_candidate,P1 stimulus activation passed,0.05,0.3,within_session_all_units_all_primary_contrasts,false,false,false,missing_unit_metadata,false,None
230714,ses230714-units-probe0-spk-AAAB.npy,318,3,615,S_plus_candidate,S_plus_candidate,P1 stimulus activation passed,0.05,0.3,within_session_all_units_all_primary_contrasts,false,false,false,missing_unit_metadata,false,None
230714,ses230714-units-probe0-spk-AAAB.npy,319,3,615,S_plus_candidate,S_plus_candidate,P1 stimulus activation passed,0.05,0.3,within_session_all_units_all_primary_contrasts,false,false,false,missing_unit_metadata,false,None
230714,ses230714-units-probe0-spk-AAAB.npy,320,3,615,S_plus_candidate,S_plus_candidate,P1 stimulus activation passed,0.05,0.3,within_session_all_units_all_primary_contrasts,false,false,false,missing_unit_metadata,false,None
230714,ses230714-units-probe0-spk-AAAB.npy,321,3,615,S_plus_candidate,S_plus_candidate,P1 stimulus activation passed,0.05,0.3,within_session_all_units_all_primary_contrasts,false,false,false,missing_unit_metadata,false,None
230714,ses230714-units-probe0-spk-AAAB.npy,322,3,615,null_or_unclassified,null_or_unclassified,No active phenotype detected,0.05,0.3,within_session_all_units_all_primary_contrasts,false,false,false,missing_unit_metadata,false,None
230714,ses230714-units-probe0-spk-AAAB.npy,323,3,615,S_plus_candidate,S_plus_candidate,P1 stimulus activation passed,0.05,0.3,within_session_all_units_all_primary_contrasts,false,false,false,missing_unit_metadata,false,None
230714,ses230714-units-probe0-spk-AAAB.npy,324,3,615,null_or_unclassified,null_or_unclassified,No active phenotype detected,0.05,0.3,within_session_all_units_all_primary_contrasts,false,false,false,missing_unit_metadata,false,None
230714,ses230714-units-probe0-spk-AAAB.npy,325,3,615,S_plus_candidate,S_plus_candidate,P1 stimulus activation passed,0.05,0.3,within_session_all_units_all_primary_contrasts,false,false,false,missing_unit_metadata,false,None
230714,ses230714-units-probe0-spk-AAAB.npy,326,3,615,S_plus_candidate,S_plus_candidate,P1 stimulus activation passed,0.05,0.3,within_session_all_units_all_primary_contrasts,false,false,false,missing_unit_metadata,false,None
230714,ses230714-units-probe0-spk-AAAB.npy,327,3,615,S_plus_candidate,S_plus_candidate,P1 stimulus activation passed,0.05,0.3,within_session_all_units_all_primary_contrasts,false,false,false,missing_unit_metadata,false,None
230714,ses230714-units-probe0-spk-AAAB.npy,328,3,615,null_or_unclassified,null_or_unclassified,No active phenotype detected,0.05,0.3,within_session_all_units_all_primary_contrasts,false,false,false,missing_unit_metadata,false,None
230714,ses230714-units-probe0-spk-AAAB.npy,329,3,615,null_or_unclassified,null_or_unclassified,No active phenotype detected,0.05,0.3,within_session_all_units_all_primary_contrasts,false,false,false,missing_unit_metadata,false,None
230714,ses230714-units-probe0-spk-AAAB.npy,330,3,615,S_minus_candidate,S_minus_candidate,P1 stimulus suppression passed,0.05,0.3,within_session_all_units_all_primary_contrasts,false,false,false,missing_unit_metadata,false,None
230714,ses230714-units-probe0-spk-AAAB.npy,331,3,615,null_or_unclassified,null_or_unclassified,No active phenotype detected,0.05,0.3,within_session_all_units_all_primary_contrasts,false,false,false,missing_unit_metadata,false,None
230714,ses230714-units-probe0-spk-AAAB.npy,332,3,615,null_or_unclassified,null_or_unclassified,No active phenotype detected,0.05,0.3,within_session_all_units_all_primary_contrasts,false,false,false,missing_unit_metadata,false,None
230714,ses230714-units-probe0-spk-AAAB.npy,333,3,615,null_or_unclassified,null_or_unclassified,No active phenotype detected,0.05,0.3,within_session_all_units_all_primary_contrasts,false,false,false,missing_unit_metadata,false,None
230714,ses230714-units-probe0-spk-AAAB.npy,334,3,615,null_or_unclassified,null_or_unclassified,No active phenotype detected,0.05,0.3,within_session_all_units_all_primary_contrasts,false,false,false,missing_unit_metadata,false,None
230714,ses230714-units-probe0-spk-AAAB.npy,335,3,615,S_minus_candidate,S_minus_candidate,P1 stimulus suppression passed,0.05,0.3,within_session_all_units_all_primary_contrasts,false,false,false,missing_unit_metadata,false,None
230714,ses230714-units-probe0-spk-AAAB.npy,336,3,615,null_or_unclassified,null_or_unclassified,No active phenotype detected,0.05,0.3,within_session_all_units_all_primary_contrasts,false,false,false,missing_unit_metadata,false,None
230714,ses230714-units-probe0-spk-AAAB.npy,337,3,615,S_plus_candidate,S_plus_candidate,P1 stimulus activation passed,0.05,0.3,within_session_all_units_all_primary_contrasts,false,false,false,missing_unit_metadata,false,None
230714,ses230714-units-probe0-spk-AAAB.npy,338,3,615,null_or_unclassified,null_or_unclassified,No active phenotype detected,0.05,0.3,within_session_all_units_all_primary_contrasts,false,false,false,missing_unit_metadata,false,None
230714,ses230714-units-probe0-spk-AAAB.npy,339,3,615,null_or_unclassified,null_or_unclassified,No active phenotype detected,0.05,0.3,within_session_all_units_all_primary_contrasts,false,false,false,missing_unit_metadata,false,None
230714,ses230714-units-probe0-spk-AAAB.npy,340,3,615,S_plus_candidate,S_plus_candidate,P1 stimulus activation passed,0.05,0.3,within_session_all_units_all_primary_contrasts,false,false,false,missing_unit_metadata,false,None
230714,ses230714-units-probe0-spk-AAAB.npy,341,3,615,null_or_unclassified,null_or_unclassified,No active phenotype detected,0.05,0.3,within_session_all_units_all_primary_contrasts,false,false,false,missing_unit_metadata,false,None
230714,ses230714-units-probe0-spk-AAAB.npy,342,3,615,null_or_unclassified,null_or_unclassified,No active phenotype detected,0.05,0.3,within_session_all_units_all_primary_contrasts,false,false,false,missing_unit_metadata,false,None
230714,ses230714-units-probe0-spk-AAAB.npy,343,3,615,null_or_unclassified,null_or_unclassified,No active phenotype detected,0.05,0.3,within_session_all_units_all_primary_contrasts,false,false,false,missing_unit_metadata,false,None
230714,ses230714-units-probe0-spk-AAAB.npy,344,3,615,S_plus_candidate,S_plus_candidate,P1 stimulus activation passed,0.05,0.3,within_session_all_units_all_primary_contrasts,false,false,false,missing_unit_metadata,false,None
230714,ses230714-units-probe0-spk-AAAB.npy,345,3,615,null_or_unclassified,null_or_unclassified,No active phenotype detected,0.05,0.3,within_session_all_units_all_primary_contrasts,false,false,false,missing_unit_metadata,false,None
230714,ses230714-units-probe0-spk-AAAB.npy,346,3,615,S_plus_candidate,S_plus_candidate,P1 stimulus activation passed,0.05,0.3,within_session_all_units_all_primary_contrasts,false,false,false,missing_unit_metadata,false,None
230714,ses230714-units-probe0-spk-AAAB.npy,347,3,615,null_or_unclassified,null_or_unclassified,No active phenotype detected,0.05,0.3,within_session_all_units_all_primary_contrasts,false,false,false,missing_unit_metadata,false,None
230714,ses230714-units-probe0-spk-AAAB.npy,348,3,615,null_or_unclassified,null_or_unclassified,No active phenotype detected,0.05,0.3,within_session_all_units_all_primary_contrasts,false,false,false,missing_unit_metadata,false,None
230714,ses230714-units-probe0-spk-AAAB.npy,349,3,615,null_or_unclassified,null_or_unclassified,No active phenotype detected,0.05,0.3,within_session_all_units_all_primary_contrasts,false,false,false,missing_unit_metadata,false,None
230714,ses230714-units-probe0-spk-AAAB.npy,350,3,615,null_or_unclassified,null_or_unclassified,No active phenotype detected,0.05,0.3,within_session_all_units_all_primary_contrasts,false,false,false,missing_unit_metadata,false,None
230714,ses230714-units-probe0-spk-AAAB.npy,351,3,615,null_or_unclassified,null_or_unclassified,No active phenotype detected,0.05,0.3,within_session_all_units_all_primary_contrasts,false,false,false,missing_unit_metadata,false,None
230714,ses230714-units-probe0-spk-AAAB.npy,352,3,615,null_or_unclassified,null_or_unclassified,No active phenotype detected,0.05,0.3,within_session_all_units_all_primary_contrasts,false,false,false,missing_unit_metadata,false,None
230714,ses230714-units-probe0-spk-AAAB.npy,353,3,615,S_plus_candidate,S_plus_candidate,P1 stimulus activation passed,0.05,0.3,within_session_all_units_all_primary_contrasts,false,false,false,missing_unit_metadata,false,None
230714,ses230714-units-probe0-spk-AAAB.npy,354,3,615,S_plus_candidate,S_plus_candidate,P1 stimulus activation passed,0.05,0.3,within_session_all_units_all_primary_contrasts,false,false,false,missing_unit_metadata,false,None
230714,ses230714-units-probe0-spk-AAAB.npy,355,3,615,S_plus_candidate,S_plus_candidate,P1 stimulus activation passed,0.05,0.3,within_session_all_units_all_primary_contrasts,false,false,false,missing_unit_metadata,false,None
230714,ses230714-units-probe0-spk-AAAB.npy,356,3,615,S_plus_candidate,S_plus_candidate,P1 stimulus activation passed,0.05,0.3,within_session_all_units_all_primary_contrasts,false,false,false,missing_unit_metadata,false,None
230714,ses230714-units-probe0-spk-AAAB.npy,357,3,615,null_or_unclassified,null_or_unclassified,No active phenotype detected,0.05,0.3,within_session_all_units_all_primary_contrasts,false,false,false,missing_unit_metadata,false,None
230714,ses230714-units-probe0-spk-AAAB.npy,358,3,615,null_or_unclassified,null_or_unclassified,No active phenotype detected,0.05,0.3,within_session_all_units_all_primary_contrasts,false,false,false,missing_unit_metadata,false,None
230714,ses230714-units-probe0-spk-AAAB.npy,359,3,615,null_or_unclassified,null_or_unclassified,No active phenotype detected,0.05,0.3,within_session_all_units_all_primary_contrasts,false,false,false,missing_unit_metadata,false,None
230714,ses230714-units-probe0-spk-AAAB.npy,360,3,615,null_or_unclassified,null_or_unclassified,No active phenotype detected,0.05,0.3,within_session_all_units_all_primary_contrasts,false,false,false,missing_unit_metadata,false,None
230714,ses230714-units-probe0-spk-AAAB.npy,361,3,615,null_or_unclassified,null_or_unclassified,No active phenotype detected,0.05,0.3,within_session_all_units_all_primary_contrasts,false,false,false,missing_unit_metadata,false,None
230714,ses230714-units-probe0-spk-AAAB.npy,362,3,615,null_or_unclassified,null_or_unclassified,No active phenotype detected,0.05,0.3,within_session_all_units_all_primary_contrasts,false,false,false,missing_unit_metadata,false,None
230714,ses230714-units-probe0-spk-AAAB.npy,363,3,615,S_plus_candidate,S_plus_candidate,P1 stimulus activation passed,0.05,0.3,within_session_all_units_all_primary_contrasts,false,false,false,missing_unit_metadata,false,None
230714,ses230714-units-probe0-spk-AAAB.npy,364,3,615,null_or_unclassified,null_or_unclassified,No active phenotype detected,0.05,0.3,within_session_all_units_all_primary_contrasts,false,false,false,missing_unit_metadata,false,None
230714,ses230714-units-probe0-spk-AAAB.npy,365,3,615,S_plus_candidate,S_plus_candidate,P1 stimulus activation passed,0.05,0.3,within_session_all_units_all_primary_contrasts,false,false,false,missing_unit_metadata,false,None
230714,ses230714-units-probe0-spk-AAAB.npy,366,3,615,null_or_unclassified,null_or_unclassified,No active phenotype detected,0.05,0.3,within_session_all_units_all_primary_contrasts,false,false,false,missing_unit_metadata,false,None
230714,ses230714-units-probe0-spk-AAAB.npy,367,3,615,null_or_unclassified,null_or_unclassified,No active phenotype detected,0.05,0.3,within_session_all_units_all_primary_contrasts,false,false,false,missing_unit_metadata,false,None
230714,ses230714-units-probe0-spk-AAAB.npy,368,3,615,S_plus_candidate,S_plus_candidate,P1 stimulus activation passed,0.05,0.3,within_session_all_units_all_primary_contrasts,false,false,false,missing_unit_metadata,false,None
230714,ses230714-units-probe0-spk-AAAB.npy,369,3,615,S_plus_candidate,S_plus_candidate,P1 stimulus activation passed,0.05,0.3,within_session_all_units_all_primary_contrasts,false,false,false,missing_unit_metadata,false,None
230714,ses230714-units-probe0-spk-AAAB.npy,370,3,615,null_or_unclassified,null_or_unclassified,No active phenotype detected,0.05,0.3,within_session_all_units_all_primary_contrasts,false,false,false,missing_unit_metadata,false,None
230714,ses230714-units-probe0-spk-AAAB.npy,371,3,615,S_minus_candidate,S_minus_candidate,P1 stimulus suppression passed,0.05,0.3,within_session_all_units_all_primary_contrasts,false,false,false,missing_unit_metadata,false,None
230714,ses230714-units-probe0-spk-AAAB.npy,372,3,615,null_or_unclassified,null_or_unclassified,No active phenotype detected,0.05,0.3,within_session_all_units_all_primary_contrasts,false,false,false,missing_unit_metadata,false,None
230714,ses230714-units-probe0-spk-AAAB.npy,373,3,615,S_plus_candidate,S_plus_candidate,P1 stimulus activation passed,0.05,0.3,within_session_all_units_all_primary_contrasts,false,false,false,missing_unit_metadata,false,None
230714,ses230714-units-probe0-spk-AAAB.npy,374,3,615,S_plus_candidate,S_plus_candidate,P1 stimulus activation passed,0.05,0.3,within_session_all_units_all_primary_contrasts,false,false,false,missing_unit_metadata,false,None
230714,ses230714-units-probe0-spk-AAAB.npy,375,3,615,null_or_unclassified,null_or_unclassified,No active phenotype detected,0.05,0.3,within_session_all_units_all_primary_contrasts,false,false,false,missing_unit_metadata,false,None
230714,ses230714-units-probe0-spk-AAAB.npy,376,3,615,S_plus_candidate; S_minus_candidate,S_plus_candidate,P1 stimulus suppression passed,0.05,0.3,within_session_all_units_all_primary_contrasts,false,false,false,missing_unit_metadata,false,None
230714,ses230714-units-probe0-spk-AAAB.npy,377,3,615,S_plus_candidate,S_plus_candidate,P1 stimulus activation passed,0.05,0.3,within_session_all_units_all_primary_contrasts,false,false,false,missing_unit_metadata,false,None
230714,ses230714-units-probe0-spk-AAAB.npy,378,3,615,null_or_unclassified,null_or_unclassified,No active phenotype detected,0.05,0.3,within_session_all_units_all_primary_contrasts,false,false,false,missing_unit_metadata,false,None
230714,ses230714-units-probe0-spk-AAAB.npy,379,3,615,S_plus_candidate,S_plus_candidate,P1 stimulus activation passed,0.05,0.3,within_session_all_units_all_primary_contrasts,false,false,false,missing_unit_metadata,false,None
230714,ses230714-units-probe0-spk-AAAB.npy,380,3,615,null_or_unclassified,null_or_unclassified,No active phenotype detected,0.05,0.3,within_session_all_units_all_primary_contrasts,false,false,false,missing_unit_metadata,false,None
230714,ses230714-units-probe0-spk-AAAB.npy,381,3,615,S_plus_candidate,S_plus_candidate,P1 stimulus activation passed,0.05,0.3,within_session_all_units_all_primary_contrasts,false,false,false,missing_unit_metadata,false,None
230714,ses230714-units-probe0-spk-AAAB.npy,382,3,615,S_plus_candidate,S_plus_candidate,P1 stimulus activation passed,0.05,0.3,within_session_all_units_all_primary_contrasts,false,false,false,missing_unit_metadata,false,None
230714,ses230714-units-probe0-spk-AAAB.npy,383,3,615,null_or_unclassified,null_or_unclassified,No active phenotype detected,0.05,0.3,within_session_all_units_all_primary_contrasts,false,false,false,missing_unit_metadata,false,None
230714,ses230714-units-probe0-spk-AAAB.npy,384,3,615,null_or_unclassified,null_or_unclassified,No active phenotype detected,0.05,0.3,within_session_all_units_all_primary_contrasts,false,false,false,missing_unit_metadata,false,None
230714,ses230714-units-probe0-spk-AAAB.npy,385,3,615,null_or_unclassified,null_or_unclassified,No active phenotype detected,0.05,0.3,within_session_all_units_all_primary_contrasts,false,false,false,missing_unit_metadata,false,None
230714,ses230714-units-probe0-spk-AAAB.npy,386,3,615,S_plus_candidate,S_plus_candidate,P1 stimulus activation passed,0.05,0.3,within_session_all_units_all_primary_contrasts,false,false,false,missing_unit_metadata,false,None
230714,ses230714-units-probe0-spk-AAAB.npy,387,3,615,null_or_unclassified,null_or_unclassified,No active phenotype detected,0.05,0.3,within_session_all_units_all_primary_contrasts,false,false,false,missing_unit_metadata,false,None
230714,ses230714-units-probe0-spk-AAAB.npy,388,3,615,S_plus_candidate,S_plus_candidate,P1 stimulus activation passed,0.05,0.3,within_session_all_units_all_primary_contrasts,false,false,false,missing_unit_metadata,false,None
230714,ses230714-units-probe0-spk-AAAB.npy,389,3,615,null_or_unclassified,null_or_unclassified,No active phenotype detected,0.05,0.3,within_session_all_units_all_primary_contrasts,false,false,false,missing_unit_metadata,false,None
230714,ses230714-units-probe0-spk-AAAB.npy,390,3,615,S_plus_candidate,S_plus_candidate,P1 stimulus activation passed,0.05,0.3,within_session_all_units_all_primary_contrasts,false,false,false,missing_unit_metadata,false,None
230714,ses230714-units-probe0-spk-AAAB.npy,391,3,615,S_plus_candidate,S_plus_candidate,P1 stimulus activation passed,0.05,0.3,within_session_all_units_all_primary_contrasts,false,false,false,missing_unit_metadata,false,None
230714,ses230714-units-probe0-spk-AAAB.npy,392,3,615,null_or_unclassified,null_or_unclassified,No active phenotype detected,0.05,0.3,within_session_all_units_all_primary_contrasts,false,false,false,missing_unit_metadata,false,None
230714,ses230714-units-probe0-spk-AAAB.npy,393,3,615,null_or_unclassified,null_or_unclassified,No active phenotype detected,0.05,0.3,within_session_all_units_all_primary_contrasts,false,false,false,missing_unit_metadata,false,None
230714,ses230714-units-probe0-spk-AAAB.npy,394,3,615,null_or_unclassified,null_or_unclassified,No active phenotype detected,0.05,0.3,within_session_all_units_all_primary_contrasts,false,false,false,missing_unit_metadata,false,None
230714,ses230714-units-probe0-spk-AAAB.npy,395,3,615,null_or_unclassified,null_or_unclassified,No active phenotype detected,0.05,0.3,within_session_all_units_all_primary_contrasts,false,false,false,missing_unit_metadata,false,None
230714,ses230714-units-probe0-spk-AAAB.npy,396,3,615,null_or_unclassified,null_or_unclassified,No active phenotype detected,0.05,0.3,within_session_all_units_all_primary_contrasts,false,false,false,missing_unit_metadata,false,None
230714,ses230714-units-probe0-spk-AAAB.npy,397,3,615,null_or_unclassified,null_or_unclassified,No active phenotype detected,0.05,0.3,within_session_all_units_all_primary_contrasts,false,false,false,missing_unit_metadata,false,None
230714,ses230714-units-probe0-spk-AAAB.npy,398,3,615,null_or_unclassified,null_or_unclassified,No active phenotype detected,0.05,0.3,within_session_all_units_all_primary_contrasts,false,false,false,missing_unit_metadata,false,None
230714,ses230714-units-probe0-spk-AAAB.npy,399,3,615,null_or_unclassified,null_or_unclassified,No active phenotype detected,0.05,0.3,within_session_all_units_all_primary_contrasts,false,false,false,missing_unit_metadata,false,None
230714,ses230714-units-probe0-spk-AAAB.npy,400,3,615,S_plus_candidate,S_plus_candidate,P1 stimulus activation passed,0.05,0.3,within_session_all_units_all_primary_contrasts,false,false,false,missing_unit_metadata,false,None
230714,ses230714-units-probe0-spk-AAAB.npy,401,3,615,null_or_unclassified,null_or_unclassified,No active phenotype detected,0.05,0.3,within_session_all_units_all_primary_contrasts,false,false,false,missing_unit_metadata,false,None
230714,ses230714-units-probe0-spk-AAAB.npy,402,3,615,null_or_unclassified,null_or_unclassified,No active phenotype detected,0.05,0.3,within_session_all_units_all_primary_contrasts,false,false,false,missing_unit_metadata,false,None
230714,ses230714-units-probe0-spk-AAAB.npy,403,3,615,null_or_unclassified,null_or_unclassified,No active phenotype detected,0.05,0.3,within_session_all_units_all_primary_contrasts,false,false,false,missing_unit_metadata,false,None
230714,ses230714-units-probe0-spk-AAAB.npy,404,3,615,null_or_unclassified,null_or_unclassified,No active phenotype detected,0.05,0.3,within_session_all_units_all_primary_contrasts,false,false,false,missing_unit_metadata,false,None
230714,ses230714-units-probe0-spk-AAAB.npy,405,3,615,null_or_unclassified,null_or_unclassified,No active phenotype detected,0.05,0.3,within_session_all_units_all_primary_contrasts,false,false,false,missing_unit_metadata,false,None
230714,ses230714-units-probe0-spk-AAAB.npy,406,3,615,S_plus_candidate,S_plus_candidate,P1 stimulus activation passed,0.05,0.3,within_session_all_units_all_primary_contrasts,false,false,false,missing_unit_metadata,false,None
230714,ses230714-units-probe0-spk-AAAB.npy,407,3,615,S_plus_candidate,S_plus_candidate,P1 stimulus activation passed,0.05,0.3,within_session_all_units_all_primary_contrasts,false,false,false,missing_unit_metadata,false,None
230714,ses230714-units-probe0-spk-AAAB.npy,408,3,615,S_minus_candidate,S_minus_candidate,P1 stimulus suppression passed,0.05,0.3,within_session_all_units_all_primary_contrasts,false,false,false,missing_unit_metadata,false,None
230714,ses230714-units-probe0-spk-AAAB.npy,409,3,615,null_or_unclassified,null_or_unclassified,No active phenotype detected,0.05,0.3,within_session_all_units_all_primary_contrasts,false,false,false,missing_unit_metadata,false,None
230714,ses230714-units-probe0-spk-AAAB.npy,410,3,615,null_or_unclassified,null_or_unclassified,No active phenotype detected,0.05,0.3,within_session_all_units_all_primary_contrasts,false,false,false,missing_unit_metadata,false,None
230714,ses230714-units-probe0-spk-AAAB.npy,411,3,615,null_or_unclassified,null_or_unclassified,No active phenotype detected,0.05,0.3,within_session_all_units_all_primary_contrasts,false,false,false,missing_unit_metadata,false,None
230714,ses230714-units-probe0-spk-AAAB.npy,412,3,615,null_or_unclassified,null_or_unclassified,No active phenotype detected,0.05,0.3,within_session_all_units_all_primary_contrasts,false,false,false,missing_unit_metadata,false,None
230714,ses230714-units-probe0-spk-AAAB.npy,413,3,615,null_or_unclassified,null_or_unclassified,No active phenotype detected,0.05,0.3,within_session_all_units_all_primary_contrasts,false,false,false,missing_unit_metadata,false,None
230714,ses230714-units-probe0-spk-AAAB.npy,414,3,615,null_or_unclassified,null_or_unclassified,No active phenotype detected,0.05,0.3,within_session_all_units_all_primary_contrasts,false,false,false,missing_unit_metadata,false,None
230714,ses230714-units-probe0-spk-AAAB.npy,415,3,615,null_or_unclassified,null_or_unclassified,No active phenotype detected,0.05,0.3,within_session_all_units_all_primary_contrasts,false,false,false,missing_unit_metadata,false,None
230714,ses230714-units-probe0-spk-AAAB.npy,416,3,615,null_or_unclassified,null_or_unclassified,No active phenotype detected,0.05,0.3,within_session_all_units_all_primary_contrasts,false,false,false,missing_unit_metadata,false,None
230714,ses230714-units-probe0-spk-AAAB.npy,417,3,615,null_or_unclassified,null_or_unclassified,No active phenotype detected,0.05,0.3,within_session_all_units_all_primary_contrasts,false,false,false,missing_unit_metadata,false,None
230714,ses230714-units-probe0-spk-AAAB.npy,418,3,615,null_or_unclassified,null_or_unclassified,No active phenotype detected,0.05,0.3,within_session_all_units_all_primary_contrasts,false,false,false,missing_unit_metadata,false,None
230714,ses230714-units-probe0-spk-AAAB.npy,419,3,615,null_or_unclassified,null_or_unclassified,No active phenotype detected,0.05,0.3,within_session_all_units_all_primary_contrasts,false,false,false,missing_unit_metadata,false,None
230714,ses230714-units-probe0-spk-AAAB.npy,420,3,615,S_minus_candidate,S_minus_candidate,P1 stimulus suppression passed,0.05,0.3,within_session_all_units_all_primary_contrasts,false,false,false,missing_unit_metadata,false,None
230714,ses230714-units-probe0-spk-AAAB.npy,421,3,615,null_or_unclassified,null_or_unclassified,No active phenotype detected,0.05,0.3,within_session_all_units_all_primary_contrasts,false,false,false,missing_unit_metadata,false,None
230714,ses230714-units-probe0-spk-AAAB.npy,422,3,615,null_or_unclassified,null_or_unclassified,No active phenotype detected,0.05,0.3,within_session_all_units_all_primary_contrasts,false,false,false,missing_unit_metadata,false,None
230719,ses230719-units-probe0-spk-AAAB.npy,0,6,1212,null_or_unclassified,null_or_unclassified,No active phenotype detected,0.05,0.3,within_session_all_units_all_primary_contrasts,false,false,false,missing_unit_metadata,false,None
230719,ses230719-units-probe0-spk-AAAB.npy,1,6,1212,null_or_unclassified,null_or_unclassified,No active phenotype detected,0.05,0.3,within_session_all_units_all_primary_contrasts,false,false,false,missing_unit_metadata,false,None
230719,ses230719-units-probe0-spk-AAAB.npy,2,6,1212,null_or_unclassified,null_or_unclassified,No active phenotype detected,0.05,0.3,within_session_all_units_all_primary_contrasts,false,false,false,missing_unit_metadata,false,None
230719,ses230719-units-probe0-spk-AAAB.npy,3,6,1212,null_or_unclassified,null_or_unclassified,No active phenotype detected,0.05,0.3,within_session_all_units_all_primary_contrasts,false,false,false,missing_unit_metadata,false,None
230719,ses230719-units-probe0-spk-AAAB.npy,4,6,1212,S_plus_candidate,S_plus_candidate,P1 stimulus activation passed,0.05,0.3,within_session_all_units_all_primary_contrasts,false,false,false,missing_unit_metadata,false,None
230719,ses230719-units-probe0-spk-AAAB.npy,5,6,1212,S_plus_candidate,S_plus_candidate,P1 stimulus activation passed,0.05,0.3,within_session_all_units_all_primary_contrasts,false,false,false,missing_unit_metadata,false,None
230719,ses230719-units-probe0-spk-AAAB.npy,6,6,1212,S_plus_candidate,S_plus_candidate,P1 stimulus activation passed,0.05,0.3,within_session_all_units_all_primary_contrasts,false,false,false,missing_unit_metadata,false,None
230719,ses230719-units-probe0-spk-AAAB.npy,7,6,1212,S_plus_candidate,S_plus_candidate,P1 stimulus activation passed,0.05,0.3,within_session_all_units_all_primary_contrasts,false,false,false,missing_unit_metadata,false,None
230719,ses230719-units-probe0-spk-AAAB.npy,8,6,1212,S_plus_candidate,S_plus_candidate,P1 stimulus activation passed,0.05,0.3,within_session_all_units_all_primary_contrasts,false,false,false,missing_unit_metadata,false,None
230719,ses230719-units-probe0-spk-AAAB.npy,9,6,1212,S_plus_candidate,S_plus_candidate,P1 stimulus activation passed,0.05,0.3,within_session_all_units_all_primary_contrasts,false,false,false,missing_unit_metadata,false,None
230719,ses230719-units-probe0-spk-AAAB.npy,10,6,1212,null_or_unclassified,null_or_unclassified,No active phenotype detected,0.05,0.3,within_session_all_units_all_primary_contrasts,false,false,false,missing_unit_metadata,false,None
230719,ses230719-units-probe0-spk-AAAB.npy,11,6,1212,S_plus_candidate,S_plus_candidate,P1 stimulus activation passed,0.05,0.3,within_session_all_units_all_primary_contrasts,false,false,false,missing_unit_metadata,false,None
230719,ses230719-units-probe0-spk-AAAB.npy,12,6,1212,S_plus_candidate,S_plus_candidate,P1 stimulus activation passed,0.05,0.3,within_session_all_units_all_primary_contrasts,false,false,false,missing_unit_metadata,false,None
230719,ses230719-units-probe0-spk-AAAB.npy,13,6,1212,S_plus_candidate,S_plus_candidate,P1 stimulus activation passed,0.05,0.3,within_session_all_units_all_primary_contrasts,false,false,false,missing_unit_metadata,false,None
230719,ses230719-units-probe0-spk-AAAB.npy,14,6,1212,S_plus_candidate,S_plus_candidate,P1 stimulus activation passed,0.05,0.3,within_session_all_units_all_primary_contrasts,false,false,false,missing_unit_metadata,false,None
230719,ses230719-units-probe0-spk-AAAB.npy,15,6,1212,S_plus_candidate,S_plus_candidate,P1 stimulus activation passed,0.05,0.3,within_session_all_units_all_primary_contrasts,false,false,false,missing_unit_metadata,false,None
230719,ses230719-units-probe0-spk-AAAB.npy,16,6,1212,S_plus_candidate,S_plus_candidate,P1 stimulus activation passed,0.05,0.3,within_session_all_units_all_primary_contrasts,false,false,false,missing_unit_metadata,false,None
230719,ses230719-units-probe0-spk-AAAB.npy,17,6,1212,S_plus_candidate,S_plus_candidate,P1 stimulus activation passed,0.05,0.3,within_session_all_units_all_primary_contrasts,false,false,false,missing_unit_metadata,false,None
230719,ses230719-units-probe0-spk-AAAB.npy,18,6,1212,S_plus_candidate,S_plus_candidate,P1 stimulus activation passed,0.05,0.3,within_session_all_units_all_primary_contrasts,false,false,false,missing_unit_metadata,false,None
230719,ses230719-units-probe0-spk-AAAB.npy,19,6,1212,null_or_unclassified,null_or_unclassified,No active phenotype detected,0.05,0.3,within_session_all_units_all_primary_contrasts,false,false,false,missing_unit_metadata,false,None
230719,ses230719-units-probe0-spk-AAAB.npy,20,6,1212,null_or_unclassified,null_or_unclassified,No active phenotype detected,0.05,0.3,within_session_all_units_all_primary_contrasts,false,false,false,missing_unit_metadata,false,None
230719,ses230719-units-probe0-spk-AAAB.npy,21,6,1212,null_or_unclassified,null_or_unclassified,No active phenotype detected,0.05,0.3,within_session_all_units_all_primary_contrasts,false,false,false,missing_unit_metadata,false,None
230719,ses230719-units-probe0-spk-AAAB.npy,22,6,1212,S_plus_candidate,S_plus_candidate,P1 stimulus activation passed,0.05,0.3,within_session_all_units_all_primary_contrasts,false,false,false,missing_unit_metadata,false,None
230719,ses230719-units-probe0-spk-AAAB.npy,23,6,1212,null_or_unclassified,null_or_unclassified,No active phenotype detected,0.05,0.3,within_session_all_units_all_primary_contrasts,false,false,false,missing_unit_metadata,false,None
230719,ses230719-units-probe0-spk-AAAB.npy,24,6,1212,null_or_unclassified,null_or_unclassified,No active phenotype detected,0.05,0.3,within_session_all_units_all_primary_contrasts,false,false,false,missing_unit_metadata,false,None
230719,ses230719-units-probe0-spk-AAAB.npy,25,6,1212,S_plus_candidate,S_plus_candidate,P1 stimulus activation passed,0.05,0.3,within_session_all_units_all_primary_contrasts,false,false,false,missing_unit_metadata,false,None
230719,ses230719-units-probe0-spk-AAAB.npy,26,6,1212,S_plus_candidate,S_plus_candidate,P1 stimulus activation passed,0.05,0.3,within_session_all_units_all_primary_contrasts,false,false,false,missing_unit_metadata,false,None
230719,ses230719-units-probe0-spk-AAAB.npy,27,6,1212,S_plus_candidate,S_plus_candidate,P1 stimulus activation passed,0.05,0.3,within_session_all_units_all_primary_contrasts,false,false,false,missing_unit_metadata,false,None
230719,ses230719-units-probe0-spk-AAAB.npy,28,6,1212,S_plus_candidate,S_plus_candidate,P1 stimulus activation passed,0.05,0.3,within_session_all_units_all_primary_contrasts,false,false,false,missing_unit_metadata,false,None
230719,ses230719-units-probe0-spk-AAAB.npy,29,6,1212,S_plus_candidate; S_minus_candidate,S_plus_candidate,P1 stimulus suppression passed,0.05,0.3,within_session_all_units_all_primary_contrasts,false,false,false,missing_unit_metadata,false,None
230719,ses230719-units-probe0-spk-AAAB.npy,30,6,1212,null_or_unclassified,null_or_unclassified,No active phenotype detected,0.05,0.3,within_session_all_units_all_primary_contrasts,false,false,false,missing_unit_metadata,false,None
230719,ses230719-units-probe0-spk-AAAB.npy,31,6,1212,S_plus_candidate,S_plus_candidate,P1 stimulus activation passed,0.05,0.3,within_session_all_units_all_primary_contrasts,false,false,false,missing_unit_metadata,false,None
230719,ses230719-units-probe0-spk-AAAB.npy,32,6,1212,S_plus_candidate,S_plus_candidate,P1 stimulus activation passed,0.05,0.3,within_session_all_units_all_primary_contrasts,false,false,false,missing_unit_metadata,false,None
230719,ses230719-units-probe0-spk-AAAB.npy,33,6,1212,S_plus_candidate; S_minus_candidate,S_plus_candidate,P1 stimulus suppression passed,0.05,0.3,within_session_all_units_all_primary_contrasts,false,false,false,missing_unit_metadata,false,None
230719,ses230719-units-probe0-spk-AAAB.npy,34,6,1212,S_plus_candidate,S_plus_candidate,P1 stimulus activation passed,0.05,0.3,within_session_all_units_all_primary_contrasts,false,false,false,missing_unit_metadata,false,None
230719,ses230719-units-probe0-spk-AAAB.npy,35,6,1212,S_plus_candidate; S_minus_candidate,S_plus_candidate,P1 stimulus suppression passed,0.05,0.3,within_session_all_units_all_primary_contrasts,false,false,false,missing_unit_metadata,false,None
230719,ses230719-units-probe0-spk-AAAB.npy,36,6,1212,S_plus_candidate,S_plus_candidate,P1 stimulus activation passed,0.05,0.3,within_session_all_units_all_primary_contrasts,false,false,false,missing_unit_metadata,false,None
230719,ses230719-units-probe0-spk-AAAB.npy,37,6,1212,S_plus_candidate,S_plus_candidate,P1 stimulus activation passed,0.05,0.3,within_session_all_units_all_primary_contrasts,false,false,false,missing_unit_metadata,false,None
230719,ses230719-units-probe0-spk-AAAB.npy,38,6,1212,S_plus_candidate,S_plus_candidate,P1 stimulus activation passed,0.05,0.3,within_session_all_units_all_primary_contrasts,false,false,false,missing_unit_metadata,false,None
230719,ses230719-units-probe0-spk-AAAB.npy,39,6,1212,S_plus_candidate,S_plus_candidate,P1 stimulus activation passed,0.05,0.3,within_session_all_units_all_primary_contrasts,false,false,false,missing_unit_metadata,false,None
230719,ses230719-units-probe0-spk-AAAB.npy,40,6,1212,S_plus_candidate,S_plus_candidate,P1 stimulus activation passed,0.05,0.3,within_session_all_units_all_primary_contrasts,false,false,false,missing_unit_metadata,false,None
230719,ses230719-units-probe0-spk-AAAB.npy,41,6,1212,null_or_unclassified,null_or_unclassified,No active phenotype detected,0.05,0.3,within_session_all_units_all_primary_contrasts,false,false,false,missing_unit_metadata,false,None
230719,ses230719-units-probe0-spk-AAAB.npy,42,6,1212,S_plus_candidate; S_minus_candidate,S_plus_candidate,P1 stimulus activation passed,0.05,0.3,within_session_all_units_all_primary_contrasts,false,false,false,missing_unit_metadata,false,None
230719,ses230719-units-probe0-spk-AAAB.npy,43,6,1212,S_plus_candidate,S_plus_candidate,P1 stimulus activation passed,0.05,0.3,within_session_all_units_all_primary_contrasts,false,false,false,missing_unit_metadata,false,None
230719,ses230719-units-probe0-spk-AAAB.npy,44,6,1212,S_plus_candidate,S_plus_candidate,P1 stimulus activation passed,0.05,0.3,within_session_all_units_all_primary_contrasts,false,false,false,missing_unit_metadata,false,None
230719,ses230719-units-probe0-spk-AAAB.npy,45,6,1212,null_or_unclassified,null_or_unclassified,No active phenotype detected,0.05,0.3,within_session_all_units_all_primary_contrasts,false,false,false,missing_unit_metadata,false,None
230719,ses230719-units-probe0-spk-AAAB.npy,46,6,1212,S_plus_candidate,S_plus_candidate,P1 stimulus activation passed,0.05,0.3,within_session_all_units_all_primary_contrasts,false,false,false,missing_unit_metadata,false,None
230719,ses230719-units-probe0-spk-AAAB.npy,47,6,1212,S_plus_candidate,S_plus_candidate,P1 stimulus activation passed,0.05,0.3,within_session_all_units_all_primary_contrasts,false,false,false,missing_unit_metadata,false,None
230719,ses230719-units-probe0-spk-AAAB.npy,48,6,1212,S_plus_candidate; S_minus_candidate,S_plus_candidate,P1 stimulus suppression passed,0.05,0.3,within_session_all_units_all_primary_contrasts,false,false,false,missing_unit_metadata,false,None
230719,ses230719-units-probe0-spk-AAAB.npy,49,6,1212,S_plus_candidate,S_plus_candidate,P1 stimulus activation passed,0.05,0.3,within_session_all_units_all_primary_contrasts,false,false,false,missing_unit_metadata,false,None
230719,ses230719-units-probe0-spk-AAAB.npy,50,6,1212,S_plus_candidate,S_plus_candidate,P1 stimulus activation passed,0.05,0.3,within_session_all_units_all_primary_contrasts,false,false,false,missing_unit_metadata,false,None
230719,ses230719-units-probe0-spk-AAAB.npy,51,6,1212,S_plus_candidate,S_plus_candidate,P1 stimulus activation passed,0.05,0.3,within_session_all_units_all_primary_contrasts,false,false,false,missing_unit_metadata,false,None
230719,ses230719-units-probe0-spk-AAAB.npy,52,6,1212,S_plus_candidate,S_plus_candidate,P1 stimulus activation passed,0.05,0.3,within_session_all_units_all_primary_contrasts,false,false,false,missing_unit_metadata,false,None
230719,ses230719-units-probe0-spk-AAAB.npy,53,6,1212,S_plus_candidate,S_plus_candidate,P1 stimulus activation passed,0.05,0.3,within_session_all_units_all_primary_contrasts,false,false,false,missing_unit_metadata,false,None
230719,ses230719-units-probe0-spk-AAAB.npy,54,6,1212,S_plus_candidate,S_plus_candidate,P1 stimulus activation passed,0.05,0.3,within_session_all_units_all_primary_contrasts,false,false,false,missing_unit_metadata,false,None
230719,ses230719-units-probe0-spk-AAAB.npy,55,6,1212,S_minus_candidate; S_plus_candidate,S_plus_candidate,P1 stimulus activation passed,0.05,0.3,within_session_all_units_all_primary_contrasts,false,false,false,missing_unit_metadata,false,None
230719,ses230719-units-probe0-spk-AAAB.npy,56,6,1212,S_plus_candidate; S_minus_candidate,S_plus_candidate,P1 stimulus activation passed,0.05,0.3,within_session_all_units_all_primary_contrasts,false,false,false,missing_unit_metadata,false,None
230719,ses230719-units-probe0-spk-AAAB.npy,57,6,1212,S_plus_candidate,S_plus_candidate,P1 stimulus activation passed,0.05,0.3,within_session_all_units_all_primary_contrasts,false,false,false,missing_unit_metadata,false,None
230719,ses230719-units-probe0-spk-AAAB.npy,58,6,1212,S_plus_candidate,S_plus_candidate,P1 stimulus activation passed,0.05,0.3,within_session_all_units_all_primary_contrasts,false,false,false,missing_unit_metadata,false,None
230719,ses230719-units-probe0-spk-AAAB.npy,59,6,1212,S_plus_candidate,S_plus_candidate,P1 stimulus activation passed,0.05,0.3,within_session_all_units_all_primary_contrasts,false,false,false,missing_unit_metadata,false,None
230719,ses230719-units-probe0-spk-AAAB.npy,60,6,1212,S_plus_candidate,S_plus_candidate,P1 stimulus activation passed,0.05,0.3,within_session_all_units_all_primary_contrasts,false,false,false,missing_unit_metadata,false,None
230719,ses230719-units-probe0-spk-AAAB.npy,61,6,1212,S_plus_candidate,S_plus_candidate,P1 stimulus activation passed,0.05,0.3,within_session_all_units_all_primary_contrasts,false,false,false,missing_unit_metadata,false,None
230719,ses230719-units-probe0-spk-AAAB.npy,62,6,1212,S_plus_candidate,S_plus_candidate,P1 stimulus activation passed,0.05,0.3,within_session_all_units_all_primary_contrasts,false,false,false,missing_unit_metadata,false,None
230719,ses230719-units-probe0-spk-AAAB.npy,63,6,1212,S_plus_candidate,S_plus_candidate,P1 stimulus activation passed,0.05,0.3,within_session_all_units_all_primary_contrasts,false,false,false,missing_unit_metadata,false,None
230719,ses230719-units-probe0-spk-AAAB.npy,64,6,1212,S_plus_candidate,S_plus_candidate,P1 stimulus activation passed,0.05,0.3,within_session_all_units_all_primary_contrasts,false,false,false,missing_unit_metadata,false,None
230719,ses230719-units-probe0-spk-AAAB.npy,65,6,1212,S_plus_candidate,S_plus_candidate,P1 stimulus activation passed,0.05,0.3,within_session_all_units_all_primary_contrasts,false,false,false,missing_unit_metadata,false,None
230719,ses230719-units-probe0-spk-AAAB.npy,66,6,1212,S_plus_candidate,S_plus_candidate,P1 stimulus activation passed,0.05,0.3,within_session_all_units_all_primary_contrasts,false,false,false,missing_unit_metadata,false,None
230719,ses230719-units-probe0-spk-AAAB.npy,67,6,1212,S_plus_candidate,S_plus_candidate,P1 stimulus activation passed,0.05,0.3,within_session_all_units_all_primary_contrasts,false,false,false,missing_unit_metadata,false,None
230719,ses230719-units-probe0-spk-AAAB.npy,68,6,1212,S_plus_candidate,S_plus_candidate,P1 stimulus activation passed,0.05,0.3,within_session_all_units_all_primary_contrasts,false,false,false,missing_unit_metadata,false,None
230719,ses230719-units-probe0-spk-AAAB.npy,69,6,1212,S_plus_candidate,S_plus_candidate,P1 stimulus activation passed,0.05,0.3,within_session_all_units_all_primary_contrasts,false,false,false,missing_unit_metadata,false,None
230719,ses230719-units-probe0-spk-AAAB.npy,70,6,1212,S_plus_candidate,S_plus_candidate,P1 stimulus activation passed,0.05,0.3,within_session_all_units_all_primary_contrasts,false,false,false,missing_unit_metadata,false,None
230719,ses230719-units-probe0-spk-AAAB.npy,71,6,1212,S_plus_candidate,S_plus_candidate,P1 stimulus activation passed,0.05,0.3,within_session_all_units_all_primary_contrasts,false,false,false,missing_unit_metadata,false,None
230719,ses230719-units-probe0-spk-AAAB.npy,72,6,1212,S_plus_candidate,S_plus_candidate,P1 stimulus activation passed,0.05,0.3,within_session_all_units_all_primary_contrasts,false,false,false,missing_unit_metadata,false,None
230719,ses230719-units-probe0-spk-AAAB.npy,73,6,1212,S_plus_candidate,S_plus_candidate,P1 stimulus activation passed,0.05,0.3,within_session_all_units_all_primary_contrasts,false,false,false,missing_unit_metadata,false,None
230719,ses230719-units-probe0-spk-AAAB.npy,74,6,1212,S_plus_candidate,S_plus_candidate,P1 stimulus activation passed,0.05,0.3,within_session_all_units_all_primary_contrasts,false,false,false,missing_unit_metadata,false,None
230719,ses230719-units-probe0-spk-AAAB.npy,75,6,1212,S_plus_candidate; S_minus_candidate,S_plus_candidate,P1 stimulus suppression passed,0.05,0.3,within_session_all_units_all_primary_contrasts,false,false,false,missing_unit_metadata,false,None
230719,ses230719-units-probe0-spk-AAAB.npy,76,6,1212,S_minus_candidate,S_minus_candidate,P1 stimulus suppression passed,0.05,0.3,within_session_all_units_all_primary_contrasts,false,false,false,missing_unit_metadata,false,None
230719,ses230719-units-probe0-spk-AAAB.npy,77,6,1212,S_plus_candidate,S_plus_candidate,P1 stimulus activation passed,0.05,0.3,within_session_all_units_all_primary_contrasts,false,false,false,missing_unit_metadata,false,None
230719,ses230719-units-probe0-spk-AAAB.npy,78,6,1212,S_plus_candidate,S_plus_candidate,P1 stimulus activation passed,0.05,0.3,within_session_all_units_all_primary_contrasts,false,false,false,missing_unit_metadata,false,None
230719,ses230719-units-probe0-spk-AAAB.npy,79,6,1212,S_plus_candidate,S_plus_candidate,P1 stimulus activation passed,0.05,0.3,within_session_all_units_all_primary_contrasts,false,false,false,missing_unit_metadata,false,None
230719,ses230719-units-probe0-spk-AAAB.npy,80,6,1212,S_plus_candidate; S_minus_candidate,S_plus_candidate,P1 stimulus suppression passed,0.05,0.3,within_session_all_units_all_primary_contrasts,false,false,false,missing_unit_metadata,false,None
230719,ses230719-units-probe0-spk-AAAB.npy,81,6,1212,S_plus_candidate,S_plus_candidate,P1 stimulus activation passed,0.05,0.3,within_session_all_units_all_primary_contrasts,false,false,false,missing_unit_metadata,false,None
230719,ses230719-units-probe0-spk-AAAB.npy,82,6,1212,S_plus_candidate; S_minus_candidate,S_plus_candidate,P1 stimulus suppression passed,0.05,0.3,within_session_all_units_all_primary_contrasts,false,false,false,missing_unit_metadata,false,None
230719,ses230719-units-probe0-spk-AAAB.npy,83,6,1212,S_plus_candidate,S_plus_candidate,P1 stimulus activation passed,0.05,0.3,within_session_all_units_all_primary_contrasts,false,false,false,missing_unit_metadata,false,None
230719,ses230719-units-probe0-spk-AAAB.npy,84,6,1212,S_plus_candidate,S_plus_candidate,P1 stimulus activation passed,0.05,0.3,within_session_all_units_all_primary_contrasts,false,false,false,missing_unit_metadata,false,None
230719,ses230719-units-probe0-spk-AAAB.npy,85,6,1212,null_or_unclassified,null_or_unclassified,No active phenotype detected,0.05,0.3,within_session_all_units_all_primary_contrasts,false,false,false,missing_unit_metadata,false,None
230719,ses230719-units-probe0-spk-AAAB.npy,86,6,1212,S_plus_candidate,S_plus_candidate,P1 stimulus activation passed,0.05,0.3,within_session_all_units_all_primary_contrasts,false,false,false,missing_unit_metadata,false,None
230719,ses230719-units-probe0-spk-AAAB.npy,87,6,1212,null_or_unclassified,null_or_unclassified,No active phenotype detected,0.05,0.3,within_session_all_units_all_primary_contrasts,false,false,false,missing_unit_metadata,false,None
230719,ses230719-units-probe0-spk-AAAB.npy,88,6,1212,S_plus_candidate,S_plus_candidate,P1 stimulus activation passed,0.05,0.3,within_session_all_units_all_primary_contrasts,false,false,false,missing_unit_metadata,false,None
230719,ses230719-units-probe0-spk-AAAB.npy,89,6,1212,S_plus_candidate,S_plus_candidate,P1 stimulus activation passed,0.05,0.3,within_session_all_units_all_primary_contrasts,false,false,false,missing_unit_metadata,false,None
230719,ses230719-units-probe0-spk-AAAB.npy,90,6,1212,S_plus_candidate,S_plus_candidate,P1 stimulus activation passed,0.05,0.3,within_session_all_units_all_primary_contrasts,false,false,false,missing_unit_metadata,false,None
230719,ses230719-units-probe0-spk-AAAB.npy,91,6,1212,null_or_unclassified,null_or_unclassified,No active phenotype detected,0.05,0.3,within_session_all_units_all_primary_contrasts,false,false,false,missing_unit_metadata,false,None
230719,ses230719-units-probe0-spk-AAAB.npy,92,6,1212,S_plus_candidate; S_minus_candidate,S_plus_candidate,P1 stimulus suppression passed,0.05,0.3,within_session_all_units_all_primary_contrasts,false,false,false,missing_unit_metadata,false,None
230719,ses230719-units-probe0-spk-AAAB.npy,93,6,1212,S_plus_candidate,S_plus_candidate,P1 stimulus activation passed,0.05,0.3,within_session_all_units_all_primary_contrasts,false,false,false,missing_unit_metadata,false,None
230719,ses230719-units-probe0-spk-AAAB.npy,94,6,1212,S_plus_candidate; S_minus_candidate,S_plus_candidate,P1 stimulus suppression passed,0.05,0.3,within_session_all_units_all_primary_contrasts,false,false,false,missing_unit_metadata,false,None
230719,ses230719-units-probe0-spk-AAAB.npy,95,6,1212,null_or_unclassified,null_or_unclassified,No active phenotype detected,0.05,0.3,within_session_all_units_all_primary_contrasts,false,false,false,missing_unit_metadata,false,None
230719,ses230719-units-probe0-spk-AAAB.npy,96,6,1212,S_plus_candidate,S_plus_candidate,P1 stimulus activation passed,0.05,0.3,within_session_all_units_all_primary_contrasts,false,false,false,missing_unit_metadata,false,None
230719,ses230719-units-probe0-spk-AAAB.npy,97,6,1212,null_or_unclassified,null_or_unclassified,No active phenotype detected,0.05,0.3,within_session_all_units_all_primary_contrasts,false,false,false,missing_unit_metadata,false,None
230719,ses230719-units-probe0-spk-AAAB.npy,98,6,1212,S_plus_candidate,S_plus_candidate,P1 stimulus activation passed,0.05,0.3,within_session_all_units_all_primary_contrasts,false,false,false,missing_unit_metadata,false,None
230719,ses230719-units-probe0-spk-AAAB.npy,99,6,1212,S_plus_candidate,S_plus_candidate,P1 stimulus activation passed,0.05,0.3,within_session_all_units_all_primary_contrasts,false,false,false,missing_unit_metadata,false,None
230719,ses230719-units-probe0-spk-AAAB.npy,100,6,1212,S_plus_candidate,S_plus_candidate,P1 stimulus activation passed,0.05,0.3,within_session_all_units_all_primary_contrasts,false,false,false,missing_unit_metadata,false,None
230719,ses230719-units-probe0-spk-AAAB.npy,101,6,1212,null_or_unclassified,null_or_unclassified,No active phenotype detected,0.05,0.3,within_session_all_units_all_primary_contrasts,false,false,false,missing_unit_metadata,false,None
230719,ses230719-units-probe0-spk-AAAB.npy,102,6,1212,S_plus_candidate,S_plus_candidate,P1 stimulus activation passed,0.05,0.3,within_session_all_units_all_primary_contrasts,false,false,false,missing_unit_metadata,false,None
230719,ses230719-units-probe0-spk-AAAB.npy,103,6,1212,null_or_unclassified,null_or_unclassified,No active phenotype detected,0.05,0.3,within_session_all_units_all_primary_contrasts,false,false,false,missing_unit_metadata,false,None
230719,ses230719-units-probe0-spk-AAAB.npy,104,6,1212,S_plus_candidate,S_plus_candidate,P1 stimulus activation passed,0.05,0.3,within_session_all_units_all_primary_contrasts,false,false,false,missing_unit_metadata,false,None
230719,ses230719-units-probe0-spk-AAAB.npy,105,6,1212,null_or_unclassified,null_or_unclassified,No active phenotype detected,0.05,0.3,within_session_all_units_all_primary_contrasts,false,false,false,missing_unit_metadata,false,None
230719,ses230719-units-probe0-spk-AAAB.npy,106,6,1212,S_plus_candidate,S_plus_candidate,P1 stimulus activation passed,0.05,0.3,within_session_all_units_all_primary_contrasts,false,false,false,missing_unit_metadata,false,None
230719,ses230719-units-probe0-spk-AAAB.npy,107,6,1212,S_plus_candidate,S_plus_candidate,P1 stimulus activation passed,0.05,0.3,within_session_all_units_all_primary_contrasts,false,false,false,missing_unit_metadata,false,None
230719,ses230719-units-probe0-spk-AAAB.npy,108,6,1212,S_plus_candidate,S_plus_candidate,P1 stimulus activation passed,0.05,0.3,within_session_all_units_all_primary_contrasts,false,false,false,missing_unit_metadata,false,None
230719,ses230719-units-probe0-spk-AAAB.npy,109,6,1212,S_plus_candidate,S_plus_candidate,P1 stimulus activation passed,0.05,0.3,within_session_all_units_all_primary_contrasts,false,false,false,missing_unit_metadata,false,None
230719,ses230719-units-probe0-spk-AAAB.npy,110,6,1212,S_plus_candidate,S_plus_candidate,P1 stimulus activation passed,0.05,0.3,within_session_all_units_all_primary_contrasts,false,false,false,missing_unit_metadata,false,None
230719,ses230719-units-probe0-spk-AAAB.npy,111,6,1212,S_plus_candidate,S_plus_candidate,P1 stimulus activation passed,0.05,0.3,within_session_all_units_all_primary_contrasts,false,false,false,missing_unit_metadata,false,None
230719,ses230719-units-probe0-spk-AAAB.npy,112,6,1212,null_or_unclassified,null_or_unclassified,No active phenotype detected,0.05,0.3,within_session_all_units_all_primary_contrasts,false,false,false,missing_unit_metadata,false,None
230719,ses230719-units-probe0-spk-AAAB.npy,113,6,1212,S_plus_candidate,S_plus_candidate,P1 stimulus activation passed,0.05,0.3,within_session_all_units_all_primary_contrasts,false,false,false,missing_unit_metadata,false,None
230719,ses230719-units-probe0-spk-AAAB.npy,114,6,1212,S_plus_candidate,S_plus_candidate,P1 stimulus activation passed,0.05,0.3,within_session_all_units_all_primary_contrasts,false,false,false,missing_unit_metadata,false,None
230719,ses230719-units-probe0-spk-AAAB.npy,115,6,1212,null_or_unclassified,null_or_unclassified,No active phenotype detected,0.05,0.3,within_session_all_units_all_primary_contrasts,false,false,false,missing_unit_metadata,false,None
230719,ses230719-units-probe0-spk-AAAB.npy,116,6,1212,null_or_unclassified,null_or_unclassified,No active phenotype detected,0.05,0.3,within_session_all_units_all_primary_contrasts,false,false,false,missing_unit_metadata,false,None
230719,ses230719-units-probe0-spk-AAAB.npy,117,6,1212,null_or_unclassified,null_or_unclassified,No active phenotype detected,0.05,0.3,within_session_all_units_all_primary_contrasts,false,false,false,missing_unit_metadata,false,None
230719,ses230719-units-probe0-spk-AAAB.npy,118,6,1212,S_plus_candidate,S_plus_candidate,P1 stimulus activation passed,0.05,0.3,within_session_all_units_all_primary_contrasts,false,false,false,missing_unit_metadata,false,None
230719,ses230719-units-probe0-spk-AAAB.npy,119,6,1212,S_plus_candidate,S_plus_candidate,P1 stimulus activation passed,0.05,0.3,within_session_all_units_all_primary_contrasts,false,false,false,missing_unit_metadata,false,None
230719,ses230719-units-probe0-spk-AAAB.npy,120,6,1212,S_plus_candidate,S_plus_candidate,P1 stimulus activation passed,0.05,0.3,within_session_all_units_all_primary_contrasts,false,false,false,missing_unit_metadata,false,None
230719,ses230719-units-probe0-spk-AAAB.npy,121,6,1212,S_plus_candidate,S_plus_candidate,P1 stimulus activation passed,0.05,0.3,within_session_all_units_all_primary_contrasts,false,false,false,missing_unit_metadata,false,None
230719,ses230719-units-probe0-spk-AAAB.npy,122,6,1212,S_plus_candidate,S_plus_candidate,P1 stimulus activation passed,0.05,0.3,within_session_all_units_all_primary_contrasts,false,false,false,missing_unit_metadata,false,None
230719,ses230719-units-probe0-spk-AAAB.npy,123,6,1212,S_plus_candidate,S_plus_candidate,P1 stimulus activation passed,0.05,0.3,within_session_all_units_all_primary_contrasts,false,false,false,missing_unit_metadata,false,None
230719,ses230719-units-probe0-spk-AAAB.npy,124,6,1212,S_plus_candidate,S_plus_candidate,P1 stimulus activation passed,0.05,0.3,within_session_all_units_all_primary_contrasts,false,false,false,missing_unit_metadata,false,None
230719,ses230719-units-probe0-spk-AAAB.npy,125,6,1212,S_plus_candidate,S_plus_candidate,P1 stimulus activation passed,0.05,0.3,within_session_all_units_all_primary_contrasts,false,false,false,missing_unit_metadata,false,None
230719,ses230719-units-probe0-spk-AAAB.npy,126,6,1212,S_plus_candidate,S_plus_candidate,P1 stimulus activation passed,0.05,0.3,within_session_all_units_all_primary_contrasts,false,false,false,missing_unit_metadata,false,None
230719,ses230719-units-probe0-spk-AAAB.npy,127,3,606,S_plus_candidate,S_plus_candidate,P1 stimulus activation passed,0.05,0.3,within_session_all_units_all_primary_contrasts,false,false,false,missing_unit_metadata,false,None
230719,ses230719-units-probe0-spk-AAAB.npy,128,3,606,S_plus_candidate,S_plus_candidate,P1 stimulus activation passed,0.05,0.3,within_session_all_units_all_primary_contrasts,false,false,false,missing_unit_metadata,false,None
230719,ses230719-units-probe0-spk-AAAB.npy,129,3,606,null_or_unclassified,null_or_unclassified,No active phenotype detected,0.05,0.3,within_session_all_units_all_primary_contrasts,false,false,false,missing_unit_metadata,false,None
230719,ses230719-units-probe0-spk-AAAB.npy,130,3,606,S_plus_candidate,S_plus_candidate,P1 stimulus activation passed,0.05,0.3,within_session_all_units_all_primary_contrasts,false,false,false,missing_unit_metadata,false,None
230719,ses230719-units-probe0-spk-AAAB.npy,131,3,606,S_plus_candidate,S_plus_candidate,P1 stimulus activation passed,0.05,0.3,within_session_all_units_all_primary_contrasts,false,false,false,missing_unit_metadata,false,None
230719,ses230719-units-probe0-spk-AAAB.npy,132,3,606,S_plus_candidate,S_plus_candidate,P1 stimulus activation passed,0.05,0.3,within_session_all_units_all_primary_contrasts,false,false,false,missing_unit_metadata,false,None
230719,ses230719-units-probe0-spk-AAAB.npy,133,3,606,null_or_unclassified,null_or_unclassified,No active phenotype detected,0.05,0.3,within_session_all_units_all_primary_contrasts,false,false,false,missing_unit_metadata,false,None
230719,ses230719-units-probe0-spk-AAAB.npy,134,3,606,S_minus_candidate,S_minus_candidate,P1 stimulus suppression passed,0.05,0.3,within_session_all_units_all_primary_contrasts,false,false,false,missing_unit_metadata,false,None
230719,ses230719-units-probe0-spk-AAAB.npy,135,3,606,S_plus_candidate,S_plus_candidate,P1 stimulus activation passed,0.05,0.3,within_session_all_units_all_primary_contrasts,false,false,false,missing_unit_metadata,false,None
230719,ses230719-units-probe0-spk-AAAB.npy,136,3,606,null_or_unclassified,null_or_unclassified,No active phenotype detected,0.05,0.3,within_session_all_units_all_primary_contrasts,false,false,false,missing_unit_metadata,false,None
230719,ses230719-units-probe0-spk-AAAB.npy,137,3,606,S_plus_candidate,S_plus_candidate,P1 stimulus activation passed,0.05,0.3,within_session_all_units_all_primary_contrasts,false,false,false,missing_unit_metadata,false,None
230719,ses230719-units-probe0-spk-AAAB.npy,138,3,606,S_minus_candidate,S_minus_candidate,P1 stimulus suppression passed,0.05,0.3,within_session_all_units_all_primary_contrasts,false,false,false,missing_unit_metadata,false,None
230719,ses230719-units-probe0-spk-AAAB.npy,139,3,606,S_plus_candidate; S_minus_candidate,S_plus_candidate,P1 stimulus suppression passed,0.05,0.3,within_session_all_units_all_primary_contrasts,false,false,false,missing_unit_metadata,false,None
230719,ses230719-units-probe0-spk-AAAB.npy,140,3,606,null_or_unclassified,null_or_unclassified,No active phenotype detected,0.05,0.3,within_session_all_units_all_primary_contrasts,false,false,false,missing_unit_metadata,false,None
230719,ses230719-units-probe0-spk-AAAB.npy,141,3,606,S_minus_candidate,S_minus_candidate,P1 stimulus suppression passed,0.05,0.3,within_session_all_units_all_primary_contrasts,false,false,false,missing_unit_metadata,false,None
230719,ses230719-units-probe0-spk-AAAB.npy,142,3,606,S_plus_candidate,S_plus_candidate,P1 stimulus activation passed,0.05,0.3,within_session_all_units_all_primary_contrasts,false,false,false,missing_unit_metadata,false,None
230719,ses230719-units-probe0-spk-AAAB.npy,143,3,606,null_or_unclassified,null_or_unclassified,No active phenotype detected,0.05,0.3,within_session_all_units_all_primary_contrasts,false,false,false,missing_unit_metadata,false,None
230719,ses230719-units-probe0-spk-AAAB.npy,144,3,606,S_plus_candidate,S_plus_candidate,P1 stimulus activation passed,0.05,0.3,within_session_all_units_all_primary_contrasts,false,false,false,missing_unit_metadata,false,None
230719,ses230719-units-probe0-spk-AAAB.npy,145,3,606,null_or_unclassified,null_or_unclassified,No active phenotype detected,0.05,0.3,within_session_all_units_all_primary_contrasts,false,false,false,missing_unit_metadata,false,None
230719,ses230719-units-probe0-spk-AAAB.npy,146,3,606,null_or_unclassified,null_or_unclassified,No active phenotype detected,0.05,0.3,within_session_all_units_all_primary_contrasts,false,false,false,missing_unit_metadata,false,None
230719,ses230719-units-probe0-spk-AAAB.npy,147,3,606,S_plus_candidate; S_minus_candidate,S_plus_candidate,P1 stimulus suppression passed,0.05,0.3,within_session_all_units_all_primary_contrasts,false,false,false,missing_unit_metadata,false,None
230719,ses230719-units-probe0-spk-AAAB.npy,148,3,606,null_or_unclassified,null_or_unclassified,No active phenotype detected,0.05,0.3,within_session_all_units_all_primary_contrasts,false,false,false,missing_unit_metadata,false,None
230719,ses230719-units-probe0-spk-AAAB.npy,149,3,606,S_minus_candidate; S_plus_candidate,S_plus_candidate,P1 stimulus activation passed,0.05,0.3,within_session_all_units_all_primary_contrasts,false,false,false,missing_unit_metadata,false,None
230719,ses230719-units-probe0-spk-AAAB.npy,150,3,606,S_plus_candidate,S_plus_candidate,P1 stimulus activation passed,0.05,0.3,within_session_all_units_all_primary_contrasts,false,false,false,missing_unit_metadata,false,None
230719,ses230719-units-probe0-spk-AAAB.npy,151,3,606,null_or_unclassified,null_or_unclassified,No active phenotype detected,0.05,0.3,within_session_all_units_all_primary_contrasts,false,false,false,missing_unit_metadata,false,None
230719,ses230719-units-probe0-spk-AAAB.npy,152,3,606,null_or_unclassified,null_or_unclassified,No active phenotype detected,0.05,0.3,within_session_all_units_all_primary_contrasts,false,false,false,missing_unit_metadata,false,None
230719,ses230719-units-probe0-spk-AAAB.npy,153,3,606,null_or_unclassified,null_or_unclassified,No active phenotype detected,0.05,0.3,within_session_all_units_all_primary_contrasts,false,false,false,missing_unit_metadata,false,None
230719,ses230719-units-probe0-spk-AAAB.npy,154,3,606,null_or_unclassified,null_or_unclassified,No active phenotype detected,0.05,0.3,within_session_all_units_all_primary_contrasts,false,false,false,missing_unit_metadata,false,None
230719,ses230719-units-probe0-spk-AAAB.npy,155,3,606,null_or_unclassified,null_or_unclassified,No active phenotype detected,0.05,0.3,within_session_all_units_all_primary_contrasts,false,false,false,missing_unit_metadata,false,None
230719,ses230719-units-probe0-spk-AAAB.npy,156,3,606,null_or_unclassified,null_or_unclassified,No active phenotype detected,0.05,0.3,within_session_all_units_all_primary_contrasts,false,false,false,missing_unit_metadata,false,None
230719,ses230719-units-probe0-spk-AAAB.npy,157,3,606,null_or_unclassified,null_or_unclassified,No active phenotype detected,0.05,0.3,within_session_all_units_all_primary_contrasts,false,false,false,missing_unit_metadata,false,None
230719,ses230719-units-probe0-spk-AAAB.npy,158,3,606,null_or_unclassified,null_or_unclassified,No active phenotype detected,0.05,0.3,within_session_all_units_all_primary_contrasts,false,false,false,missing_unit_metadata,false,None
230719,ses230719-units-probe0-spk-AAAB.npy,159,3,606,null_or_unclassified,null_or_unclassified,No active phenotype detected,0.05,0.3,within_session_all_units_all_primary_contrasts,false,false,false,missing_unit_metadata,false,None
230719,ses230719-units-probe0-spk-AAAB.npy,160,3,606,null_or_unclassified,null_or_unclassified,No active phenotype detected,0.05,0.3,within_session_all_units_all_primary_contrasts,false,false,false,missing_unit_metadata,false,None
230719,ses230719-units-probe0-spk-AAAB.npy,161,3,606,S_plus_candidate,S_plus_candidate,P1 stimulus activation passed,0.05,0.3,within_session_all_units_all_primary_contrasts,false,false,false,missing_unit_metadata,false,None
230719,ses230719-units-probe0-spk-AAAB.npy,162,3,606,S_minus_candidate,S_minus_candidate,P1 stimulus suppression passed,0.05,0.3,within_session_all_units_all_primary_contrasts,false,false,false,missing_unit_metadata,false,None
230719,ses230719-units-probe0-spk-AAAB.npy,163,3,606,null_or_unclassified,null_or_unclassified,No active phenotype detected,0.05,0.3,within_session_all_units_all_primary_contrasts,false,false,false,missing_unit_metadata,false,None
230719,ses230719-units-probe0-spk-AAAB.npy,164,3,606,S_minus_candidate,S_minus_candidate,P1 stimulus suppression passed,0.05,0.3,within_session_all_units_all_primary_contrasts,false,false,false,missing_unit_metadata,false,None
230719,ses230719-units-probe0-spk-AAAB.npy,165,3,606,S_plus_candidate,S_plus_candidate,P1 stimulus activation passed,0.05,0.3,within_session_all_units_all_primary_contrasts,false,false,false,missing_unit_metadata,false,None
230719,ses230719-units-probe0-spk-AAAB.npy,166,3,606,S_plus_candidate,S_plus_candidate,P1 stimulus activation passed,0.05,0.3,within_session_all_units_all_primary_contrasts,false,false,false,missing_unit_metadata,false,None
230719,ses230719-units-probe0-spk-AAAB.npy,167,3,606,S_minus_candidate; S_plus_candidate,S_plus_candidate,P1 stimulus activation passed,0.05,0.3,within_session_all_units_all_primary_contrasts,false,false,false,missing_unit_metadata,false,None
230719,ses230719-units-probe0-spk-AAAB.npy,168,3,606,null_or_unclassified,null_or_unclassified,No active phenotype detected,0.05,0.3,within_session_all_units_all_primary_contrasts,false,false,false,missing_unit_metadata,false,None
230719,ses230719-units-probe0-spk-AAAB.npy,169,3,606,null_or_unclassified,null_or_unclassified,No active phenotype detected,0.05,0.3,within_session_all_units_all_primary_contrasts,false,false,false,missing_unit_metadata,false,None
230719,ses230719-units-probe0-spk-AAAB.npy,170,3,606,S_plus_candidate,S_plus_candidate,P1 stimulus activation passed,0.05,0.3,within_session_all_units_all_primary_contrasts,false,false,false,missing_unit_metadata,false,None
230719,ses230719-units-probe0-spk-AAAB.npy,171,3,606,S_plus_candidate,S_plus_candidate,P1 stimulus activation passed,0.05,0.3,within_session_all_units_all_primary_contrasts,false,false,false,missing_unit_metadata,false,None
230719,ses230719-units-probe0-spk-AAAB.npy,172,3,606,S_minus_candidate,S_minus_candidate,P1 stimulus suppression passed,0.05,0.3,within_session_all_units_all_primary_contrasts,false,false,false,missing_unit_metadata,false,None
230719,ses230719-units-probe0-spk-AAAB.npy,173,3,606,null_or_unclassified,null_or_unclassified,No active phenotype detected,0.05,0.3,within_session_all_units_all_primary_contrasts,false,false,false,missing_unit_metadata,false,None
230719,ses230719-units-probe0-spk-AAAB.npy,174,3,606,null_or_unclassified,null_or_unclassified,No active phenotype detected,0.05,0.3,within_session_all_units_all_primary_contrasts,false,false,false,missing_unit_metadata,false,None
230719,ses230719-units-probe0-spk-AAAB.npy,175,3,606,null_or_unclassified,null_or_unclassified,No active phenotype detected,0.05,0.3,within_session_all_units_all_primary_contrasts,false,false,false,missing_unit_metadata,false,None
230719,ses230719-units-probe0-spk-AAAB.npy,176,3,606,null_or_unclassified,null_or_unclassified,No active phenotype detected,0.05,0.3,within_session_all_units_all_primary_contrasts,false,false,false,missing_unit_metadata,false,None
230719,ses230719-units-probe0-spk-AAAB.npy,177,3,606,null_or_unclassified,null_or_unclassified,No active phenotype detected,0.05,0.3,within_session_all_units_all_primary_contrasts,false,false,false,missing_unit_metadata,false,None
230719,ses230719-units-probe0-spk-AAAB.npy,178,3,606,null_or_unclassified,null_or_unclassified,No active phenotype detected,0.05,0.3,within_session_all_units_all_primary_contrasts,false,false,false,missing_unit_metadata,false,None
230719,ses230719-units-probe0-spk-AAAB.npy,179,3,606,S_plus_candidate,S_plus_candidate,P1 stimulus activation passed,0.05,0.3,within_session_all_units_all_primary_contrasts,false,false,false,missing_unit_metadata,false,None
230719,ses230719-units-probe0-spk-AAAB.npy,180,3,606,S_plus_candidate,S_plus_candidate,P1 stimulus activation passed,0.05,0.3,within_session_all_units_all_primary_contrasts,false,false,false,missing_unit_metadata,false,None
230719,ses230719-units-probe0-spk-AAAB.npy,181,3,606,null_or_unclassified,null_or_unclassified,No active phenotype detected,0.05,0.3,within_session_all_units_all_primary_contrasts,false,false,false,missing_unit_metadata,false,None
230719,ses230719-units-probe0-spk-AAAB.npy,182,3,606,null_or_unclassified,null_or_unclassified,No active phenotype detected,0.05,0.3,within_session_all_units_all_primary_contrasts,false,false,false,missing_unit_metadata,false,None
230719,ses230719-units-probe0-spk-AAAB.npy,183,3,606,S_plus_candidate,S_plus_candidate,P1 stimulus activation passed,0.05,0.3,within_session_all_units_all_primary_contrasts,false,false,false,missing_unit_metadata,false,None
230719,ses230719-units-probe0-spk-AAAB.npy,184,3,606,null_or_unclassified,null_or_unclassified,No active phenotype detected,0.05,0.3,within_session_all_units_all_primary_contrasts,false,false,false,missing_unit_metadata,false,None
230719,ses230719-units-probe0-spk-AAAB.npy,185,3,606,null_or_unclassified,null_or_unclassified,No active phenotype detected,0.05,0.3,within_session_all_units_all_primary_contrasts,false,false,false,missing_unit_metadata,false,None
230719,ses230719-units-probe0-spk-AAAB.npy,186,3,606,null_or_unclassified,null_or_unclassified,No active phenotype detected,0.05,0.3,within_session_all_units_all_primary_contrasts,false,false,false,missing_unit_metadata,false,None
230719,ses230719-units-probe0-spk-AAAB.npy,187,3,606,null_or_unclassified,null_or_unclassified,No active phenotype detected,0.05,0.3,within_session_all_units_all_primary_contrasts,false,false,false,missing_unit_metadata,false,None
230719,ses230719-units-probe0-spk-AAAB.npy,188,3,606,null_or_unclassified,null_or_unclassified,No active phenotype detected,0.05,0.3,within_session_all_units_all_primary_contrasts,false,false,false,missing_unit_metadata,false,None
230719,ses230719-units-probe0-spk-AAAB.npy,189,3,606,null_or_unclassified,null_or_unclassified,No active phenotype detected,0.05,0.3,within_session_all_units_all_primary_contrasts,false,false,false,missing_unit_metadata,false,None
230719,ses230719-units-probe0-spk-AAAB.npy,190,3,606,null_or_unclassified,null_or_unclassified,No active phenotype detected,0.05,0.3,within_session_all_units_all_primary_contrasts,false,false,false,missing_unit_metadata,false,None
230719,ses230719-units-probe0-spk-AAAB.npy,191,3,606,null_or_unclassified,null_or_unclassified,No active phenotype detected,0.05,0.3,within_session_all_units_all_primary_contrasts,false,false,false,missing_unit_metadata,false,None
230719,ses230719-units-probe0-spk-AAAB.npy,192,3,606,null_or_unclassified,null_or_unclassified,No active phenotype detected,0.05,0.3,within_session_all_units_all_primary_contrasts,false,false,false,missing_unit_metadata,false,None
230719,ses230719-units-probe0-spk-AAAB.npy,193,3,606,null_or_unclassified,null_or_unclassified,No active phenotype detected,0.05,0.3,within_session_all_units_all_primary_contrasts,false,false,false,missing_unit_metadata,false,None
230719,ses230719-units-probe0-spk-AAAB.npy,194,3,606,null_or_unclassified,null_or_unclassified,No active phenotype detected,0.05,0.3,within_session_all_units_all_primary_contrasts,false,false,false,missing_unit_metadata,false,None
230719,ses230719-units-probe0-spk-AAAB.npy,195,3,606,null_or_unclassified,null_or_unclassified,No active phenotype detected,0.05,0.3,within_session_all_units_all_primary_contrasts,false,false,false,missing_unit_metadata,false,None
230719,ses230719-units-probe0-spk-AAAB.npy,196,3,606,null_or_unclassified,null_or_unclassified,No active phenotype detected,0.05,0.3,within_session_all_units_all_primary_contrasts,false,false,false,missing_unit_metadata,false,None
230719,ses230719-units-probe0-spk-AAAB.npy,197,3,606,null_or_unclassified,null_or_unclassified,No active phenotype detected,0.05,0.3,within_session_all_units_all_primary_contrasts,false,false,false,missing_unit_metadata,false,None
230719,ses230719-units-probe0-spk-AAAB.npy,198,3,606,null_or_unclassified,null_or_unclassified,No active phenotype detected,0.05,0.3,within_session_all_units_all_primary_contrasts,false,false,false,missing_unit_metadata,false,None
230719,ses230719-units-probe0-spk-AAAB.npy,199,3,606,null_or_unclassified,null_or_unclassified,No active phenotype detected,0.05,0.3,within_session_all_units_all_primary_contrasts,false,false,false,missing_unit_metadata,false,None
230719,ses230719-units-probe0-spk-AAAB.npy,200,3,606,null_or_unclassified,null_or_unclassified,No active phenotype detected,0.05,0.3,within_session_all_units_all_primary_contrasts,false,false,false,missing_unit_metadata,false,None
230719,ses230719-units-probe0-spk-AAAB.npy,201,3,606,null_or_unclassified,null_or_unclassified,No active phenotype detected,0.05,0.3,within_session_all_units_all_primary_contrasts,false,false,false,missing_unit_metadata,false,None
230719,ses230719-units-probe0-spk-AAAB.npy,202,3,606,null_or_unclassified,null_or_unclassified,No active phenotype detected,0.05,0.3,within_session_all_units_all_primary_contrasts,false,false,false,missing_unit_metadata,false,None
230719,ses230719-units-probe0-spk-AAAB.npy,203,3,606,null_or_unclassified,null_or_unclassified,No active phenotype detected,0.05,0.3,within_session_all_units_all_primary_contrasts,false,false,false,missing_unit_metadata,false,None
230719,ses230719-units-probe0-spk-AAAB.npy,204,3,606,null_or_unclassified,null_or_unclassified,No active phenotype detected,0.05,0.3,within_session_all_units_all_primary_contrasts,false,false,false,missing_unit_metadata,false,None
230719,ses230719-units-probe0-spk-AAAB.npy,205,3,606,null_or_unclassified,null_or_unclassified,No active phenotype detected,0.05,0.3,within_session_all_units_all_primary_contrasts,false,false,false,missing_unit_metadata,false,None
230719,ses230719-units-probe0-spk-AAAB.npy,206,3,606,null_or_unclassified,null_or_unclassified,No active phenotype detected,0.05,0.3,within_session_all_units_all_primary_contrasts,false,false,false,missing_unit_metadata,false,None
230719,ses230719-units-probe0-spk-AAAB.npy,207,3,606,null_or_unclassified,null_or_unclassified,No active phenotype detected,0.05,0.3,within_session_all_units_all_primary_contrasts,false,false,false,missing_unit_metadata,false,None
230719,ses230719-units-probe0-spk-AAAB.npy,208,3,606,S_minus_candidate,S_minus_candidate,P1 stimulus suppression passed,0.05,0.3,within_session_all_units_all_primary_contrasts,false,false,false,missing_unit_metadata,false,None
230719,ses230719-units-probe0-spk-AAAB.npy,209,3,606,null_or_unclassified,null_or_unclassified,No active phenotype detected,0.05,0.3,within_session_all_units_all_primary_contrasts,false,false,false,missing_unit_metadata,false,None
230719,ses230719-units-probe0-spk-AAAB.npy,210,3,606,null_or_unclassified,null_or_unclassified,No active phenotype detected,0.05,0.3,within_session_all_units_all_primary_contrasts,false,false,false,missing_unit_metadata,false,None
230719,ses230719-units-probe0-spk-AAAB.npy,211,3,606,null_or_unclassified,null_or_unclassified,No active phenotype detected,0.05,0.3,within_session_all_units_all_primary_contrasts,false,false,false,missing_unit_metadata,false,None
230719,ses230719-units-probe0-spk-AAAB.npy,212,3,606,null_or_unclassified,null_or_unclassified,No active phenotype detected,0.05,0.3,within_session_all_units_all_primary_contrasts,false,false,false,missing_unit_metadata,false,None
230719,ses230719-units-probe0-spk-AAAB.npy,213,3,606,null_or_unclassified,null_or_unclassified,No active phenotype detected,0.05,0.3,within_session_all_units_all_primary_contrasts,false,false,false,missing_unit_metadata,false,None
230719,ses230719-units-probe0-spk-AAAB.npy,214,3,606,null_or_unclassified,null_or_unclassified,No active phenotype detected,0.05,0.3,within_session_all_units_all_primary_contrasts,false,false,false,missing_unit_metadata,false,None
230719,ses230719-units-probe0-spk-AAAB.npy,215,3,606,null_or_unclassified,null_or_unclassified,No active phenotype detected,0.05,0.3,within_session_all_units_all_primary_contrasts,false,false,false,missing_unit_metadata,false,None
230719,ses230719-units-probe0-spk-AAAB.npy,216,3,606,null_or_unclassified,null_or_unclassified,No active phenotype detected,0.05,0.3,within_session_all_units_all_primary_contrasts,false,false,false,missing_unit_metadata,false,None
230719,ses230719-units-probe0-spk-AAAB.npy,217,3,606,null_or_unclassified,null_or_unclassified,No active phenotype detected,0.05,0.3,within_session_all_units_all_primary_contrasts,false,false,false,missing_unit_metadata,false,None
230719,ses230719-units-probe0-spk-AAAB.npy,218,3,606,null_or_unclassified,null_or_unclassified,No active phenotype detected,0.05,0.3,within_session_all_units_all_primary_contrasts,false,false,false,missing_unit_metadata,false,None
230719,ses230719-units-probe0-spk-AAAB.npy,219,3,606,null_or_unclassified,null_or_unclassified,No active phenotype detected,0.05,0.3,within_session_all_units_all_primary_contrasts,false,false,false,missing_unit_metadata,false,None
230719,ses230719-units-probe0-spk-AAAB.npy,220,3,606,null_or_unclassified,null_or_unclassified,No active phenotype detected,0.05,0.3,within_session_all_units_all_primary_contrasts,false,false,false,missing_unit_metadata,false,None
230719,ses230719-units-probe0-spk-AAAB.npy,221,3,606,null_or_unclassified,null_or_unclassified,No active phenotype detected,0.05,0.3,within_session_all_units_all_primary_contrasts,false,false,false,missing_unit_metadata,false,None
230719,ses230719-units-probe0-spk-AAAB.npy,222,3,606,null_or_unclassified,null_or_unclassified,No active phenotype detected,0.05,0.3,within_session_all_units_all_primary_contrasts,false,false,false,missing_unit_metadata,false,None
230719,ses230719-units-probe0-spk-AAAB.npy,223,3,606,null_or_unclassified,null_or_unclassified,No active phenotype detected,0.05,0.3,within_session_all_units_all_primary_contrasts,false,false,false,missing_unit_metadata,false,None
230719,ses230719-units-probe0-spk-AAAB.npy,224,3,606,null_or_unclassified,null_or_unclassified,No active phenotype detected,0.05,0.3,within_session_all_units_all_primary_contrasts,false,false,false,missing_unit_metadata,false,None
230719,ses230719-units-probe0-spk-AAAB.npy,225,3,606,null_or_unclassified,null_or_unclassified,No active phenotype detected,0.05,0.3,within_session_all_units_all_primary_contrasts,false,false,false,missing_unit_metadata,false,None
230719,ses230719-units-probe0-spk-AAAB.npy,226,3,606,null_or_unclassified,null_or_unclassified,No active phenotype detected,0.05,0.3,within_session_all_units_all_primary_contrasts,false,false,false,missing_unit_metadata,false,None
230719,ses230719-units-probe0-spk-AAAB.npy,227,3,606,null_or_unclassified,null_or_unclassified,No active phenotype detected,0.05,0.3,within_session_all_units_all_primary_contrasts,false,false,false,missing_unit_metadata,false,None
230719,ses230719-units-probe0-spk-AAAB.npy,228,3,606,null_or_unclassified,null_or_unclassified,No active phenotype detected,0.05,0.3,within_session_all_units_all_primary_contrasts,false,false,false,missing_unit_metadata,false,None
230719,ses230719-units-probe0-spk-AAAB.npy,229,3,606,null_or_unclassified,null_or_unclassified,No active phenotype detected,0.05,0.3,within_session_all_units_all_primary_contrasts,false,false,false,missing_unit_metadata,false,None
230719,ses230719-units-probe0-spk-AAAB.npy,230,3,606,null_or_unclassified,null_or_unclassified,No active phenotype detected,0.05,0.3,within_session_all_units_all_primary_contrasts,false,false,false,missing_unit_metadata,false,None
230719,ses230719-units-probe0-spk-AAAB.npy,231,3,606,null_or_unclassified,null_or_unclassified,No active phenotype detected,0.05,0.3,within_session_all_units_all_primary_contrasts,false,false,false,missing_unit_metadata,false,None
230719,ses230719-units-probe0-spk-AAAB.npy,232,3,606,null_or_unclassified,null_or_unclassified,No active phenotype detected,0.05,0.3,within_session_all_units_all_primary_contrasts,false,false,false,missing_unit_metadata,false,None
230719,ses230719-units-probe0-spk-AAAB.npy,233,3,606,null_or_unclassified,null_or_unclassified,No active phenotype detected,0.05,0.3,within_session_all_units_all_primary_contrasts,false,false,false,missing_unit_metadata,false,None
230719,ses230719-units-probe0-spk-AAAB.npy,234,3,606,null_or_unclassified,null_or_unclassified,No active phenotype detected,0.05,0.3,within_session_all_units_all_primary_contrasts,false,false,false,missing_unit_metadata,false,None
230719,ses230719-units-probe0-spk-AAAB.npy,235,3,606,null_or_unclassified,null_or_unclassified,No active phenotype detected,0.05,0.3,within_session_all_units_all_primary_contrasts,false,false,false,missing_unit_metadata,false,None
230719,ses230719-units-probe0-spk-AAAB.npy,236,3,606,null_or_unclassified,null_or_unclassified,No active phenotype detected,0.05,0.3,within_session_all_units_all_primary_contrasts,false,false,false,missing_unit_metadata,false,None
230719,ses230719-units-probe0-spk-AAAB.npy,237,3,606,null_or_unclassified,null_or_unclassified,No active phenotype detected,0.05,0.3,within_session_all_units_all_primary_contrasts,false,false,false,missing_unit_metadata,false,None
230719,ses230719-units-probe0-spk-AAAB.npy,238,3,606,null_or_unclassified,null_or_unclassified,No active phenotype detected,0.05,0.3,within_session_all_units_all_primary_contrasts,false,false,false,missing_unit_metadata,false,None
230719,ses230719-units-probe0-spk-AAAB.npy,239,3,606,null_or_unclassified,null_or_unclassified,No active phenotype detected,0.05,0.3,within_session_all_units_all_primary_contrasts,false,false,false,missing_unit_metadata,false,None
230719,ses230719-units-probe0-spk-AAAB.npy,240,3,606,null_or_unclassified,null_or_unclassified,No active phenotype detected,0.05,0.3,within_session_all_units_all_primary_contrasts,false,false,false,missing_unit_metadata,false,None
230719,ses230719-units-probe0-spk-AAAB.npy,241,3,606,null_or_unclassified,null_or_unclassified,No active phenotype detected,0.05,0.3,within_session_all_units_all_primary_contrasts,false,false,false,missing_unit_metadata,false,None
230719,ses230719-units-probe0-spk-AAAB.npy,242,3,606,null_or_unclassified,null_or_unclassified,No active phenotype detected,0.05,0.3,within_session_all_units_all_primary_contrasts,false,false,false,missing_unit_metadata,false,None
230719,ses230719-units-probe0-spk-AAAB.npy,243,3,606,null_or_unclassified,null_or_unclassified,No active phenotype detected,0.05,0.3,within_session_all_units_all_primary_contrasts,false,false,false,missing_unit_metadata,false,None
230719,ses230719-units-probe0-spk-AAAB.npy,244,3,606,null_or_unclassified,null_or_unclassified,No active phenotype detected,0.05,0.3,within_session_all_units_all_primary_contrasts,false,false,false,missing_unit_metadata,false,None
230719,ses230719-units-probe0-spk-AAAB.npy,245,3,606,null_or_unclassified,null_or_unclassified,No active phenotype detected,0.05,0.3,within_session_all_units_all_primary_contrasts,false,false,false,missing_unit_metadata,false,None
230719,ses230719-units-probe0-spk-AAAB.npy,246,3,606,null_or_unclassified,null_or_unclassified,No active phenotype detected,0.05,0.3,within_session_all_units_all_primary_contrasts,false,false,false,missing_unit_metadata,false,None
230719,ses230719-units-probe0-spk-AAAB.npy,247,3,606,null_or_unclassified,null_or_unclassified,No active phenotype detected,0.05,0.3,within_session_all_units_all_primary_contrasts,false,false,false,missing_unit_metadata,false,None
230719,ses230719-units-probe0-spk-AAAB.npy,248,3,606,null_or_unclassified,null_or_unclassified,No active phenotype detected,0.05,0.3,within_session_all_units_all_primary_contrasts,false,false,false,missing_unit_metadata,false,None
230719,ses230719-units-probe0-spk-AAAB.npy,249,3,606,null_or_unclassified,null_or_unclassified,No active phenotype detected,0.05,0.3,within_session_all_units_all_primary_contrasts,false,false,false,missing_unit_metadata,false,None
230719,ses230719-units-probe0-spk-AAAB.npy,250,3,606,null_or_unclassified,null_or_unclassified,No active phenotype detected,0.05,0.3,within_session_all_units_all_primary_contrasts,false,false,false,missing_unit_metadata,false,None
230719,ses230719-units-probe0-spk-AAAB.npy,251,3,606,null_or_unclassified,null_or_unclassified,No active phenotype detected,0.05,0.3,within_session_all_units_all_primary_contrasts,false,false,false,missing_unit_metadata,false,None
230719,ses230719-units-probe0-spk-AAAB.npy,252,3,606,null_or_unclassified,null_or_unclassified,No active phenotype detected,0.05,0.3,within_session_all_units_all_primary_contrasts,false,false,false,missing_unit_metadata,false,None
230719,ses230719-units-probe0-spk-AAAB.npy,253,3,606,null_or_unclassified,null_or_unclassified,No active phenotype detected,0.05,0.3,within_session_all_units_all_primary_contrasts,false,false,false,missing_unit_metadata,false,None
230719,ses230719-units-probe0-spk-AAAB.npy,254,3,606,null_or_unclassified,null_or_unclassified,No active phenotype detected,0.05,0.3,within_session_all_units_all_primary_contrasts,false,false,false,missing_unit_metadata,false,None
230719,ses230719-units-probe0-spk-AAAB.npy,255,3,606,null_or_unclassified,null_or_unclassified,No active phenotype detected,0.05,0.3,within_session_all_units_all_primary_contrasts,false,false,false,missing_unit_metadata,false,None
230719,ses230719-units-probe0-spk-AAAB.npy,256,3,606,null_or_unclassified,null_or_unclassified,No active phenotype detected,0.05,0.3,within_session_all_units_all_primary_contrasts,false,false,false,missing_unit_metadata,false,None
230719,ses230719-units-probe0-spk-AAAB.npy,257,3,606,null_or_unclassified,null_or_unclassified,No active phenotype detected,0.05,0.3,within_session_all_units_all_primary_contrasts,false,false,false,missing_unit_metadata,false,None
230719,ses230719-units-probe0-spk-AAAB.npy,258,3,606,null_or_unclassified,null_or_unclassified,No active phenotype detected,0.05,0.3,within_session_all_units_all_primary_contrasts,false,false,false,missing_unit_metadata,false,None
230719,ses230719-units-probe0-spk-AAAB.npy,259,3,606,null_or_unclassified,null_or_unclassified,No active phenotype detected,0.05,0.3,within_session_all_units_all_primary_contrasts,false,false,false,missing_unit_metadata,false,None
230719,ses230719-units-probe0-spk-AAAB.npy,260,3,606,null_or_unclassified,null_or_unclassified,No active phenotype detected,0.05,0.3,within_session_all_units_all_primary_contrasts,false,false,false,missing_unit_metadata,false,None
230719,ses230719-units-probe0-spk-AAAB.npy,261,3,606,null_or_unclassified,null_or_unclassified,No active phenotype detected,0.05,0.3,within_session_all_units_all_primary_contrasts,false,false,false,missing_unit_metadata,false,None
230719,ses230719-units-probe0-spk-AAAB.npy,262,3,606,null_or_unclassified,null_or_unclassified,No active phenotype detected,0.05,0.3,within_session_all_units_all_primary_contrasts,false,false,false,missing_unit_metadata,false,None
230719,ses230719-units-probe0-spk-AAAB.npy,263,3,606,null_or_unclassified,null_or_unclassified,No active phenotype detected,0.05,0.3,within_session_all_units_all_primary_contrasts,false,false,false,missing_unit_metadata,false,None
230719,ses230719-units-probe0-spk-AAAB.npy,264,3,606,null_or_unclassified,null_or_unclassified,No active phenotype detected,0.05,0.3,within_session_all_units_all_primary_contrasts,false,false,false,missing_unit_metadata,false,None
230719,ses230719-units-probe0-spk-AAAB.npy,265,3,606,null_or_unclassified,null_or_unclassified,No active phenotype detected,0.05,0.3,within_session_all_units_all_primary_contrasts,false,false,false,missing_unit_metadata,false,None
230719,ses230719-units-probe0-spk-AAAB.npy,266,3,606,null_or_unclassified,null_or_unclassified,No active phenotype detected,0.05,0.3,within_session_all_units_all_primary_contrasts,false,false,false,missing_unit_metadata,false,None
230719,ses230719-units-probe0-spk-AAAB.npy,267,3,606,null_or_unclassified,null_or_unclassified,No active phenotype detected,0.05,0.3,within_session_all_units_all_primary_contrasts,false,false,false,missing_unit_metadata,false,None
230719,ses230719-units-probe0-spk-AAAB.npy,268,3,606,null_or_unclassified,null_or_unclassified,No active phenotype detected,0.05,0.3,within_session_all_units_all_primary_contrasts,false,false,false,missing_unit_metadata,false,None
230719,ses230719-units-probe0-spk-AAAB.npy,269,3,606,null_or_unclassified,null_or_unclassified,No active phenotype detected,0.05,0.3,within_session_all_units_all_primary_contrasts,false,false,false,missing_unit_metadata,false,None
230719,ses230719-units-probe0-spk-AAAB.npy,270,3,606,null_or_unclassified,null_or_unclassified,No active phenotype detected,0.05,0.3,within_session_all_units_all_primary_contrasts,false,false,false,missing_unit_metadata,false,None
230719,ses230719-units-probe0-spk-AAAB.npy,271,3,606,null_or_unclassified,null_or_unclassified,No active phenotype detected,0.05,0.3,within_session_all_units_all_primary_contrasts,false,false,false,missing_unit_metadata,false,None
230719,ses230719-units-probe0-spk-AAAB.npy,272,3,606,null_or_unclassified,null_or_unclassified,No active phenotype detected,0.05,0.3,within_session_all_units_all_primary_contrasts,false,false,false,missing_unit_metadata,false,None
230719,ses230719-units-probe0-spk-AAAB.npy,273,3,606,null_or_unclassified,null_or_unclassified,No active phenotype detected,0.05,0.3,within_session_all_units_all_primary_contrasts,false,false,false,missing_unit_metadata,false,None
230719,ses230719-units-probe0-spk-AAAB.npy,274,3,606,null_or_unclassified,null_or_unclassified,No active phenotype detected,0.05,0.3,within_session_all_units_all_primary_contrasts,false,false,false,missing_unit_metadata,false,None
230719,ses230719-units-probe0-spk-AAAB.npy,275,3,606,null_or_unclassified,null_or_unclassified,No active phenotype detected,0.05,0.3,within_session_all_units_all_primary_contrasts,false,false,false,missing_unit_metadata,false,None
230719,ses230719-units-probe0-spk-AAAB.npy,276,3,606,null_or_unclassified,null_or_unclassified,No active phenotype detected,0.05,0.3,within_session_all_units_all_primary_contrasts,false,false,false,missing_unit_metadata,false,None
230719,ses230719-units-probe0-spk-AAAB.npy,277,3,606,null_or_unclassified,null_or_unclassified,No active phenotype detected,0.05,0.3,within_session_all_units_all_primary_contrasts,false,false,false,missing_unit_metadata,false,None
230719,ses230719-units-probe0-spk-AAAB.npy,278,3,606,null_or_unclassified,null_or_unclassified,No active phenotype detected,0.05,0.3,within_session_all_units_all_primary_contrasts,false,false,false,missing_unit_metadata,false,None
230719,ses230719-units-probe0-spk-AAAB.npy,279,3,606,null_or_unclassified,null_or_unclassified,No active phenotype detected,0.05,0.3,within_session_all_units_all_primary_contrasts,false,false,false,missing_unit_metadata,false,None
230719,ses230719-units-probe0-spk-AAAB.npy,280,3,606,null_or_unclassified,null_or_unclassified,No active phenotype detected,0.05,0.3,within_session_all_units_all_primary_contrasts,false,false,false,missing_unit_metadata,false,None
230719,ses230719-units-probe0-spk-AAAB.npy,281,3,606,null_or_unclassified,null_or_unclassified,No active phenotype detected,0.05,0.3,within_session_all_units_all_primary_contrasts,false,false,false,missing_unit_metadata,false,None
230719,ses230719-units-probe0-spk-AAAB.npy,282,3,606,null_or_unclassified,null_or_unclassified,No active phenotype detected,0.05,0.3,within_session_all_units_all_primary_contrasts,false,false,false,missing_unit_metadata,false,None
230719,ses230719-units-probe0-spk-AAAB.npy,283,3,606,null_or_unclassified,null_or_unclassified,No active phenotype detected,0.05,0.3,within_session_all_units_all_primary_contrasts,false,false,false,missing_unit_metadata,false,None
230719,ses230719-units-probe0-spk-AAAB.npy,284,3,606,null_or_unclassified,null_or_unclassified,No active phenotype detected,0.05,0.3,within_session_all_units_all_primary_contrasts,false,false,false,missing_unit_metadata,false,None
230719,ses230719-units-probe0-spk-AAAB.npy,285,3,606,null_or_unclassified,null_or_unclassified,No active phenotype detected,0.05,0.3,within_session_all_units_all_primary_contrasts,false,false,false,missing_unit_metadata,false,None
230719,ses230719-units-probe0-spk-AAAB.npy,286,3,606,null_or_unclassified,null_or_unclassified,No active phenotype detected,0.05,0.3,within_session_all_units_all_primary_contrasts,false,false,false,missing_unit_metadata,false,None
230719,ses230719-units-probe0-spk-AAAB.npy,287,3,606,null_or_unclassified,null_or_unclassified,No active phenotype detected,0.05,0.3,within_session_all_units_all_primary_contrasts,false,false,false,missing_unit_metadata,false,None
230720,ses230720-units-probe0-spk-AAAB.npy,0,6,1208,null_or_unclassified,null_or_unclassified,No active phenotype detected,0.05,0.3,within_session_all_units_all_primary_contrasts,false,false,false,missing_unit_metadata,false,None
230720,ses230720-units-probe0-spk-AAAB.npy,1,6,1208,null_or_unclassified,null_or_unclassified,No active phenotype detected,0.05,0.3,within_session_all_units_all_primary_contrasts,false,false,false,missing_unit_metadata,false,None
230720,ses230720-units-probe0-spk-AAAB.npy,2,6,1208,S_plus_candidate,S_plus_candidate,P1 stimulus activation passed,0.05,0.3,within_session_all_units_all_primary_contrasts,false,false,false,missing_unit_metadata,false,None
230720,ses230720-units-probe0-spk-AAAB.npy,3,6,1208,S_plus_candidate,S_plus_candidate,P1 stimulus activation passed,0.05,0.3,within_session_all_units_all_primary_contrasts,false,false,false,missing_unit_metadata,false,None
230720,ses230720-units-probe0-spk-AAAB.npy,4,6,1208,null_or_unclassified,null_or_unclassified,No active phenotype detected,0.05,0.3,within_session_all_units_all_primary_contrasts,false,false,false,missing_unit_metadata,false,None
230720,ses230720-units-probe0-spk-AAAB.npy,5,6,1208,null_or_unclassified,null_or_unclassified,No active phenotype detected,0.05,0.3,within_session_all_units_all_primary_contrasts,false,false,false,missing_unit_metadata,false,None
230720,ses230720-units-probe0-spk-AAAB.npy,6,6,1208,S_plus_candidate,S_plus_candidate,P1 stimulus activation passed,0.05,0.3,within_session_all_units_all_primary_contrasts,false,false,false,missing_unit_metadata,false,None
230720,ses230720-units-probe0-spk-AAAB.npy,7,6,1208,null_or_unclassified,null_or_unclassified,No active phenotype detected,0.05,0.3,within_session_all_units_all_primary_contrasts,false,false,false,missing_unit_metadata,false,None
230720,ses230720-units-probe0-spk-AAAB.npy,8,6,1208,null_or_unclassified,null_or_unclassified,No active phenotype detected,0.05,0.3,within_session_all_units_all_primary_contrasts,false,false,false,missing_unit_metadata,false,None
230720,ses230720-units-probe0-spk-AAAB.npy,9,6,1208,null_or_unclassified,null_or_unclassified,No active phenotype detected,0.05,0.3,within_session_all_units_all_primary_contrasts,false,false,false,missing_unit_metadata,false,None
230720,ses230720-units-probe0-spk-AAAB.npy,10,6,1208,null_or_unclassified,null_or_unclassified,No active phenotype detected,0.05,0.3,within_session_all_units_all_primary_contrasts,false,false,false,missing_unit_metadata,false,None
230720,ses230720-units-probe0-spk-AAAB.npy,11,6,1208,S_plus_candidate,S_plus_candidate,P1 stimulus activation passed,0.05,0.3,within_session_all_units_all_primary_contrasts,false,false,false,missing_unit_metadata,false,None
230720,ses230720-units-probe0-spk-AAAB.npy,12,6,1208,S_plus_candidate,S_plus_candidate,P1 stimulus activation passed,0.05,0.3,within_session_all_units_all_primary_contrasts,false,false,false,missing_unit_metadata,false,None
230720,ses230720-units-probe0-spk-AAAB.npy,13,6,1208,S_plus_candidate,S_plus_candidate,P1 stimulus activation passed,0.05,0.3,within_session_all_units_all_primary_contrasts,false,false,false,missing_unit_metadata,false,None
230720,ses230720-units-probe0-spk-AAAB.npy,14,6,1208,S_plus_candidate,S_plus_candidate,P1 stimulus activation passed,0.05,0.3,within_session_all_units_all_primary_contrasts,false,false,false,missing_unit_metadata,false,None
230720,ses230720-units-probe0-spk-AAAB.npy,15,6,1208,S_plus_candidate,S_plus_candidate,P1 stimulus activation passed,0.05,0.3,within_session_all_units_all_primary_contrasts,false,false,false,missing_unit_metadata,false,None
230720,ses230720-units-probe0-spk-AAAB.npy,16,6,1208,S_plus_candidate,S_plus_candidate,P1 stimulus activation passed,0.05,0.3,within_session_all_units_all_primary_contrasts,false,false,false,missing_unit_metadata,false,None
230720,ses230720-units-probe0-spk-AAAB.npy,17,6,1208,S_plus_candidate,S_plus_candidate,P1 stimulus activation passed,0.05,0.3,within_session_all_units_all_primary_contrasts,false,false,false,missing_unit_metadata,false,None
230720,ses230720-units-probe0-spk-AAAB.npy,18,6,1208,S_plus_candidate,S_plus_candidate,P1 stimulus activation passed,0.05,0.3,within_session_all_units_all_primary_contrasts,false,false,false,missing_unit_metadata,false,None
230720,ses230720-units-probe0-spk-AAAB.npy,19,6,1208,S_plus_candidate,S_plus_candidate,P1 stimulus activation passed,0.05,0.3,within_session_all_units_all_primary_contrasts,false,false,false,missing_unit_metadata,false,None
230720,ses230720-units-probe0-spk-AAAB.npy,20,6,1208,S_plus_candidate,S_plus_candidate,P1 stimulus activation passed,0.05,0.3,within_session_all_units_all_primary_contrasts,false,false,false,missing_unit_metadata,false,None
230720,ses230720-units-probe0-spk-AAAB.npy,21,6,1208,S_plus_candidate,S_plus_candidate,P1 stimulus activation passed,0.05,0.3,within_session_all_units_all_primary_contrasts,false,false,false,missing_unit_metadata,false,None
230720,ses230720-units-probe0-spk-AAAB.npy,22,6,1208,null_or_unclassified,null_or_unclassified,No active phenotype detected,0.05,0.3,within_session_all_units_all_primary_contrasts,false,false,false,missing_unit_metadata,false,None
230720,ses230720-units-probe0-spk-AAAB.npy,23,6,1208,S_plus_candidate,S_plus_candidate,P1 stimulus activation passed,0.05,0.3,within_session_all_units_all_primary_contrasts,false,false,false,missing_unit_metadata,false,None
230720,ses230720-units-probe0-spk-AAAB.npy,24,6,1208,S_plus_candidate,S_plus_candidate,P1 stimulus activation passed,0.05,0.3,within_session_all_units_all_primary_contrasts,false,false,false,missing_unit_metadata,false,None
230720,ses230720-units-probe0-spk-AAAB.npy,25,6,1208,S_plus_candidate,S_plus_candidate,P1 stimulus activation passed,0.05,0.3,within_session_all_units_all_primary_contrasts,false,false,false,missing_unit_metadata,false,None
230720,ses230720-units-probe0-spk-AAAB.npy,26,6,1208,S_plus_candidate,S_plus_candidate,P1 stimulus activation passed,0.05,0.3,within_session_all_units_all_primary_contrasts,false,false,false,missing_unit_metadata,false,None
230720,ses230720-units-probe0-spk-AAAB.npy,27,6,1208,S_plus_candidate,S_plus_candidate,P1 stimulus activation passed,0.05,0.3,within_session_all_units_all_primary_contrasts,false,false,false,missing_unit_metadata,false,None
230720,ses230720-units-probe0-spk-AAAB.npy,28,6,1208,null_or_unclassified,null_or_unclassified,No active phenotype detected,0.05,0.3,within_session_all_units_all_primary_contrasts,false,false,false,missing_unit_metadata,false,None
230720,ses230720-units-probe0-spk-AAAB.npy,29,6,1208,null_or_unclassified,null_or_unclassified,No active phenotype detected,0.05,0.3,within_session_all_units_all_primary_contrasts,false,false,false,missing_unit_metadata,false,None
230720,ses230720-units-probe0-spk-AAAB.npy,30,6,1208,null_or_unclassified,null_or_unclassified,No active phenotype detected,0.05,0.3,within_session_all_units_all_primary_contrasts,false,false,false,missing_unit_metadata,false,None
230720,ses230720-units-probe0-spk-AAAB.npy,31,6,1208,null_or_unclassified,null_or_unclassified,No active phenotype detected,0.05,0.3,within_session_all_units_all_primary_contrasts,false,false,false,missing_unit_metadata,false,None
230720,ses230720-units-probe0-spk-AAAB.npy,32,6,1208,S_plus_candidate,S_plus_candidate,P1 stimulus activation passed,0.05,0.3,within_session_all_units_all_primary_contrasts,false,false,false,missing_unit_metadata,false,None
230720,ses230720-units-probe0-spk-AAAB.npy,33,6,1208,null_or_unclassified,null_or_unclassified,No active phenotype detected,0.05,0.3,within_session_all_units_all_primary_contrasts,false,false,false,missing_unit_metadata,false,None
230720,ses230720-units-probe0-spk-AAAB.npy,34,6,1208,S_plus_candidate,S_plus_candidate,P1 stimulus activation passed,0.05,0.3,within_session_all_units_all_primary_contrasts,false,false,false,missing_unit_metadata,false,None
230720,ses230720-units-probe0-spk-AAAB.npy,35,6,1208,null_or_unclassified,null_or_unclassified,No active phenotype detected,0.05,0.3,within_session_all_units_all_primary_contrasts,false,false,false,missing_unit_metadata,false,None
230720,ses230720-units-probe0-spk-AAAB.npy,36,6,1208,null_or_unclassified,null_or_unclassified,No active phenotype detected,0.05,0.3,within_session_all_units_all_primary_contrasts,false,false,false,missing_unit_metadata,false,None
230720,ses230720-units-probe0-spk-AAAB.npy,37,6,1208,S_plus_candidate,S_plus_candidate,P1 stimulus activation passed,0.05,0.3,within_session_all_units_all_primary_contrasts,false,false,false,missing_unit_metadata,false,None
230720,ses230720-units-probe0-spk-AAAB.npy,38,6,1208,S_plus_candidate,S_plus_candidate,P1 stimulus activation passed,0.05,0.3,within_session_all_units_all_primary_contrasts,false,false,false,missing_unit_metadata,false,None
230720,ses230720-units-probe0-spk-AAAB.npy,39,6,1208,null_or_unclassified,null_or_unclassified,No active phenotype detected,0.05,0.3,within_session_all_units_all_primary_contrasts,false,false,false,missing_unit_metadata,false,None
230720,ses230720-units-probe0-spk-AAAB.npy,40,6,1208,null_or_unclassified,null_or_unclassified,No active phenotype detected,0.05,0.3,within_session_all_units_all_primary_contrasts,false,false,false,missing_unit_metadata,false,None
230720,ses230720-units-probe0-spk-AAAB.npy,41,6,1208,S_plus_candidate,S_plus_candidate,P1 stimulus activation passed,0.05,0.3,within_session_all_units_all_primary_contrasts,false,false,false,missing_unit_metadata,false,None
230720,ses230720-units-probe0-spk-AAAB.npy,42,6,1208,S_plus_candidate,S_plus_candidate,P1 stimulus activation passed,0.05,0.3,within_session_all_units_all_primary_contrasts,false,false,false,missing_unit_metadata,false,None
230720,ses230720-units-probe0-spk-AAAB.npy,43,6,1208,S_plus_candidate,S_plus_candidate,P1 stimulus activation passed,0.05,0.3,within_session_all_units_all_primary_contrasts,false,false,false,missing_unit_metadata,false,None
230720,ses230720-units-probe0-spk-AAAB.npy,44,6,1208,S_plus_candidate,S_plus_candidate,P1 stimulus activation passed,0.05,0.3,within_session_all_units_all_primary_contrasts,false,false,false,missing_unit_metadata,false,None
230720,ses230720-units-probe0-spk-AAAB.npy,45,6,1208,null_or_unclassified,null_or_unclassified,No active phenotype detected,0.05,0.3,within_session_all_units_all_primary_contrasts,false,false,false,missing_unit_metadata,false,None
230720,ses230720-units-probe0-spk-AAAB.npy,46,6,1208,S_plus_candidate,S_plus_candidate,P1 stimulus activation passed,0.05,0.3,within_session_all_units_all_primary_contrasts,false,false,false,missing_unit_metadata,false,None
230720,ses230720-units-probe0-spk-AAAB.npy,47,6,1208,S_plus_candidate,S_plus_candidate,P1 stimulus activation passed,0.05,0.3,within_session_all_units_all_primary_contrasts,false,false,false,missing_unit_metadata,false,None
230720,ses230720-units-probe0-spk-AAAB.npy,48,6,1208,null_or_unclassified,null_or_unclassified,No active phenotype detected,0.05,0.3,within_session_all_units_all_primary_contrasts,false,false,false,missing_unit_metadata,false,None
230720,ses230720-units-probe0-spk-AAAB.npy,49,6,1208,null_or_unclassified,null_or_unclassified,No active phenotype detected,0.05,0.3,within_session_all_units_all_primary_contrasts,false,false,false,missing_unit_metadata,false,None
230720,ses230720-units-probe0-spk-AAAB.npy,50,6,1208,S_plus_candidate,S_plus_candidate,P1 stimulus activation passed,0.05,0.3,within_session_all_units_all_primary_contrasts,false,false,false,missing_unit_metadata,false,None
230720,ses230720-units-probe0-spk-AAAB.npy,51,6,1208,null_or_unclassified,null_or_unclassified,No active phenotype detected,0.05,0.3,within_session_all_units_all_primary_contrasts,false,false,false,missing_unit_metadata,false,None
230720,ses230720-units-probe0-spk-AAAB.npy,52,6,1208,S_plus_candidate,S_plus_candidate,P1 stimulus activation passed,0.05,0.3,within_session_all_units_all_primary_contrasts,false,false,false,missing_unit_metadata,false,None
230720,ses230720-units-probe0-spk-AAAB.npy,53,6,1208,S_plus_candidate,S_plus_candidate,P1 stimulus activation passed,0.05,0.3,within_session_all_units_all_primary_contrasts,false,false,false,missing_unit_metadata,false,None
230720,ses230720-units-probe0-spk-AAAB.npy,54,6,1208,S_plus_candidate,S_plus_candidate,P1 stimulus activation passed,0.05,0.3,within_session_all_units_all_primary_contrasts,false,false,false,missing_unit_metadata,false,None
230720,ses230720-units-probe0-spk-AAAB.npy,55,6,1208,S_plus_candidate,S_plus_candidate,P1 stimulus activation passed,0.05,0.3,within_session_all_units_all_primary_contrasts,false,false,false,missing_unit_metadata,false,None
230720,ses230720-units-probe0-spk-AAAB.npy,56,6,1208,S_plus_candidate,S_plus_candidate,P1 stimulus activation passed,0.05,0.3,within_session_all_units_all_primary_contrasts,false,false,false,missing_unit_metadata,false,None
230720,ses230720-units-probe0-spk-AAAB.npy,57,6,1208,S_plus_candidate,S_plus_candidate,P1 stimulus activation passed,0.05,0.3,within_session_all_units_all_primary_contrasts,false,false,false,missing_unit_metadata,false,None
230720,ses230720-units-probe0-spk-AAAB.npy,58,6,1208,S_plus_candidate,S_plus_candidate,P1 stimulus activation passed,0.05,0.3,within_session_all_units_all_primary_contrasts,false,false,false,missing_unit_metadata,false,None
230720,ses230720-units-probe0-spk-AAAB.npy,59,6,1208,S_plus_candidate,S_plus_candidate,P1 stimulus activation passed,0.05,0.3,within_session_all_units_all_primary_contrasts,false,false,false,missing_unit_metadata,false,None
230720,ses230720-units-probe0-spk-AAAB.npy,60,6,1208,null_or_unclassified,null_or_unclassified,No active phenotype detected,0.05,0.3,within_session_all_units_all_primary_contrasts,false,false,false,missing_unit_metadata,false,None
230720,ses230720-units-probe0-spk-AAAB.npy,61,6,1208,S_plus_candidate,S_plus_candidate,P1 stimulus activation passed,0.05,0.3,within_session_all_units_all_primary_contrasts,false,false,false,missing_unit_metadata,false,None
230720,ses230720-units-probe0-spk-AAAB.npy,62,6,1208,S_plus_candidate,S_plus_candidate,P1 stimulus activation passed,0.05,0.3,within_session_all_units_all_primary_contrasts,false,false,false,missing_unit_metadata,false,None
230720,ses230720-units-probe0-spk-AAAB.npy,63,6,1208,S_plus_candidate,S_plus_candidate,P1 stimulus activation passed,0.05,0.3,within_session_all_units_all_primary_contrasts,false,false,false,missing_unit_metadata,false,None
230720,ses230720-units-probe0-spk-AAAB.npy,64,6,1208,S_plus_candidate,S_plus_candidate,P1 stimulus activation passed,0.05,0.3,within_session_all_units_all_primary_contrasts,false,false,false,missing_unit_metadata,false,None
230720,ses230720-units-probe0-spk-AAAB.npy,65,6,1208,S_plus_candidate,S_plus_candidate,P1 stimulus activation passed,0.05,0.3,within_session_all_units_all_primary_contrasts,false,false,false,missing_unit_metadata,false,None
230720,ses230720-units-probe0-spk-AAAB.npy,66,6,1208,S_plus_candidate,S_plus_candidate,P1 stimulus activation passed,0.05,0.3,within_session_all_units_all_primary_contrasts,false,false,false,missing_unit_metadata,false,None
230720,ses230720-units-probe0-spk-AAAB.npy,67,6,1208,null_or_unclassified,null_or_unclassified,No active phenotype detected,0.05,0.3,within_session_all_units_all_primary_contrasts,false,false,false,missing_unit_metadata,false,None
230720,ses230720-units-probe0-spk-AAAB.npy,68,6,1208,S_plus_candidate,S_plus_candidate,P1 stimulus activation passed,0.05,0.3,within_session_all_units_all_primary_contrasts,false,false,false,missing_unit_metadata,false,None
230720,ses230720-units-probe0-spk-AAAB.npy,69,6,1208,S_plus_candidate,S_plus_candidate,P1 stimulus activation passed,0.05,0.3,within_session_all_units_all_primary_contrasts,false,false,false,missing_unit_metadata,false,None
230720,ses230720-units-probe0-spk-AAAB.npy,70,6,1208,S_plus_candidate,S_plus_candidate,P1 stimulus activation passed,0.05,0.3,within_session_all_units_all_primary_contrasts,false,false,false,missing_unit_metadata,false,None
230720,ses230720-units-probe0-spk-AAAB.npy,71,6,1208,null_or_unclassified,null_or_unclassified,No active phenotype detected,0.05,0.3,within_session_all_units_all_primary_contrasts,false,false,false,missing_unit_metadata,false,None
230720,ses230720-units-probe0-spk-AAAB.npy,72,6,1208,S_plus_candidate,S_plus_candidate,P1 stimulus activation passed,0.05,0.3,within_session_all_units_all_primary_contrasts,false,false,false,missing_unit_metadata,false,None
230720,ses230720-units-probe0-spk-AAAB.npy,73,6,1208,S_plus_candidate,S_plus_candidate,P1 stimulus activation passed,0.05,0.3,within_session_all_units_all_primary_contrasts,false,false,false,missing_unit_metadata,false,None
230720,ses230720-units-probe0-spk-AAAB.npy,74,6,1208,S_plus_candidate,S_plus_candidate,P1 stimulus activation passed,0.05,0.3,within_session_all_units_all_primary_contrasts,false,false,false,missing_unit_metadata,false,None
230720,ses230720-units-probe0-spk-AAAB.npy,75,6,1208,S_plus_candidate,S_plus_candidate,P1 stimulus activation passed,0.05,0.3,within_session_all_units_all_primary_contrasts,false,false,false,missing_unit_metadata,false,None
230720,ses230720-units-probe0-spk-AAAB.npy,76,6,1208,S_plus_candidate,S_plus_candidate,P1 stimulus activation passed,0.05,0.3,within_session_all_units_all_primary_contrasts,false,false,false,missing_unit_metadata,false,None
230720,ses230720-units-probe0-spk-AAAB.npy,77,6,1208,S_plus_candidate,S_plus_candidate,P1 stimulus activation passed,0.05,0.3,within_session_all_units_all_primary_contrasts,false,false,false,missing_unit_metadata,false,None
230720,ses230720-units-probe0-spk-AAAB.npy,78,6,1208,S_plus_candidate,S_plus_candidate,P1 stimulus activation passed,0.05,0.3,within_session_all_units_all_primary_contrasts,false,false,false,missing_unit_metadata,false,None
230720,ses230720-units-probe0-spk-AAAB.npy,79,6,1208,S_plus_candidate,S_plus_candidate,P1 stimulus activation passed,0.05,0.3,within_session_all_units_all_primary_contrasts,false,false,false,missing_unit_metadata,false,None
230720,ses230720-units-probe0-spk-AAAB.npy,80,6,1208,S_plus_candidate,S_plus_candidate,P1 stimulus activation passed,0.05,0.3,within_session_all_units_all_primary_contrasts,false,false,false,missing_unit_metadata,false,None
230720,ses230720-units-probe0-spk-AAAB.npy,81,6,1208,S_plus_candidate,S_plus_candidate,P1 stimulus activation passed,0.05,0.3,within_session_all_units_all_primary_contrasts,false,false,false,missing_unit_metadata,false,None
230720,ses230720-units-probe0-spk-AAAB.npy,82,6,1208,S_plus_candidate,S_plus_candidate,P1 stimulus activation passed,0.05,0.3,within_session_all_units_all_primary_contrasts,false,false,false,missing_unit_metadata,false,None
230720,ses230720-units-probe0-spk-AAAB.npy,83,6,1208,S_plus_candidate,S_plus_candidate,P1 stimulus activation passed,0.05,0.3,within_session_all_units_all_primary_contrasts,false,false,false,missing_unit_metadata,false,None
230720,ses230720-units-probe0-spk-AAAB.npy,84,6,1208,S_plus_candidate,S_plus_candidate,P1 stimulus activation passed,0.05,0.3,within_session_all_units_all_primary_contrasts,false,false,false,missing_unit_metadata,false,None
230720,ses230720-units-probe0-spk-AAAB.npy,85,6,1208,null_or_unclassified,null_or_unclassified,No active phenotype detected,0.05,0.3,within_session_all_units_all_primary_contrasts,false,false,false,missing_unit_metadata,false,None
230720,ses230720-units-probe0-spk-AAAB.npy,86,6,1208,S_plus_candidate,S_plus_candidate,P1 stimulus activation passed,0.05,0.3,within_session_all_units_all_primary_contrasts,false,false,false,missing_unit_metadata,false,None
230720,ses230720-units-probe0-spk-AAAB.npy,87,6,1208,S_plus_candidate,S_plus_candidate,P1 stimulus activation passed,0.05,0.3,within_session_all_units_all_primary_contrasts,false,false,false,missing_unit_metadata,false,None
230720,ses230720-units-probe0-spk-AAAB.npy,88,6,1208,S_plus_candidate,S_plus_candidate,P1 stimulus activation passed,0.05,0.3,within_session_all_units_all_primary_contrasts,false,false,false,missing_unit_metadata,false,None
230720,ses230720-units-probe0-spk-AAAB.npy,89,6,1208,null_or_unclassified,null_or_unclassified,No active phenotype detected,0.05,0.3,within_session_all_units_all_primary_contrasts,false,false,false,missing_unit_metadata,false,None
230720,ses230720-units-probe0-spk-AAAB.npy,90,6,1208,S_plus_candidate,S_plus_candidate,P1 stimulus activation passed,0.05,0.3,within_session_all_units_all_primary_contrasts,false,false,false,missing_unit_metadata,false,None
230720,ses230720-units-probe0-spk-AAAB.npy,91,6,1208,S_plus_candidate,S_plus_candidate,P1 stimulus activation passed,0.05,0.3,within_session_all_units_all_primary_contrasts,false,false,false,missing_unit_metadata,false,None
230720,ses230720-units-probe0-spk-AAAB.npy,92,6,1208,S_plus_candidate,S_plus_candidate,P1 stimulus activation passed,0.05,0.3,within_session_all_units_all_primary_contrasts,false,false,false,missing_unit_metadata,false,None
230720,ses230720-units-probe0-spk-AAAB.npy,93,6,1208,S_plus_candidate,S_plus_candidate,P1 stimulus activation passed,0.05,0.3,within_session_all_units_all_primary_contrasts,false,false,false,missing_unit_metadata,false,None
230720,ses230720-units-probe0-spk-AAAB.npy,94,6,1208,S_plus_candidate,S_plus_candidate,P1 stimulus activation passed,0.05,0.3,within_session_all_units_all_primary_contrasts,false,false,false,missing_unit_metadata,false,None
230720,ses230720-units-probe0-spk-AAAB.npy,95,6,1208,S_plus_candidate,S_plus_candidate,P1 stimulus activation passed,0.05,0.3,within_session_all_units_all_primary_contrasts,false,false,false,missing_unit_metadata,false,None
230720,ses230720-units-probe0-spk-AAAB.npy,96,6,1208,S_plus_candidate,S_plus_candidate,P1 stimulus activation passed,0.05,0.3,within_session_all_units_all_primary_contrasts,false,false,false,missing_unit_metadata,false,None
230720,ses230720-units-probe0-spk-AAAB.npy,97,6,1208,S_plus_candidate,S_plus_candidate,P1 stimulus activation passed,0.05,0.3,within_session_all_units_all_primary_contrasts,false,false,false,missing_unit_metadata,false,None
230720,ses230720-units-probe0-spk-AAAB.npy,98,6,1208,S_plus_candidate,S_plus_candidate,P1 stimulus activation passed,0.05,0.3,within_session_all_units_all_primary_contrasts,false,false,false,missing_unit_metadata,false,None
230720,ses230720-units-probe0-spk-AAAB.npy,99,6,1208,S_plus_candidate,S_plus_candidate,P1 stimulus activation passed,0.05,0.3,within_session_all_units_all_primary_contrasts,false,false,false,missing_unit_metadata,false,None
230720,ses230720-units-probe0-spk-AAAB.npy,100,6,1208,S_plus_candidate,S_plus_candidate,P1 stimulus activation passed,0.05,0.3,within_session_all_units_all_primary_contrasts,false,false,false,missing_unit_metadata,false,None
230720,ses230720-units-probe0-spk-AAAB.npy,101,6,1208,S_plus_candidate,S_plus_candidate,P1 stimulus activation passed,0.05,0.3,within_session_all_units_all_primary_contrasts,false,false,false,missing_unit_metadata,false,None
230720,ses230720-units-probe0-spk-AAAB.npy,102,6,1208,S_plus_candidate,S_plus_candidate,P1 stimulus activation passed,0.05,0.3,within_session_all_units_all_primary_contrasts,false,false,false,missing_unit_metadata,false,None
230720,ses230720-units-probe0-spk-AAAB.npy,103,6,1208,S_plus_candidate,S_plus_candidate,P1 stimulus activation passed,0.05,0.3,within_session_all_units_all_primary_contrasts,false,false,false,missing_unit_metadata,false,None
230720,ses230720-units-probe0-spk-AAAB.npy,104,6,1208,S_plus_candidate,S_plus_candidate,P1 stimulus activation passed,0.05,0.3,within_session_all_units_all_primary_contrasts,false,false,false,missing_unit_metadata,false,None
230720,ses230720-units-probe0-spk-AAAB.npy,105,6,1208,S_plus_candidate,S_plus_candidate,P1 stimulus activation passed,0.05,0.3,within_session_all_units_all_primary_contrasts,false,false,false,missing_unit_metadata,false,None
230720,ses230720-units-probe0-spk-AAAB.npy,106,6,1208,S_minus_candidate; S_plus_candidate,S_plus_candidate,P1 stimulus activation passed,0.05,0.3,within_session_all_units_all_primary_contrasts,false,false,false,missing_unit_metadata,false,None
230720,ses230720-units-probe0-spk-AAAB.npy,107,6,1208,S_plus_candidate,S_plus_candidate,P1 stimulus activation passed,0.05,0.3,within_session_all_units_all_primary_contrasts,false,false,false,missing_unit_metadata,false,None
230720,ses230720-units-probe0-spk-AAAB.npy,108,6,1208,null_or_unclassified,null_or_unclassified,No active phenotype detected,0.05,0.3,within_session_all_units_all_primary_contrasts,false,false,false,missing_unit_metadata,false,None
230720,ses230720-units-probe0-spk-AAAB.npy,109,6,1208,S_plus_candidate,S_plus_candidate,P1 stimulus activation passed,0.05,0.3,within_session_all_units_all_primary_contrasts,false,false,false,missing_unit_metadata,false,None
230720,ses230720-units-probe0-spk-AAAB.npy,110,6,1208,null_or_unclassified,null_or_unclassified,No active phenotype detected,0.05,0.3,within_session_all_units_all_primary_contrasts,false,false,false,missing_unit_metadata,false,None
230720,ses230720-units-probe0-spk-AAAB.npy,111,6,1208,S_plus_candidate,S_plus_candidate,P1 stimulus activation passed,0.05,0.3,within_session_all_units_all_primary_contrasts,false,false,false,missing_unit_metadata,false,None
230720,ses230720-units-probe0-spk-AAAB.npy,112,6,1208,S_plus_candidate,S_plus_candidate,P1 stimulus activation passed,0.05,0.3,within_session_all_units_all_primary_contrasts,false,false,false,missing_unit_metadata,false,None
230720,ses230720-units-probe0-spk-AAAB.npy,113,6,1208,S_plus_candidate,S_plus_candidate,P1 stimulus activation passed,0.05,0.3,within_session_all_units_all_primary_contrasts,false,false,false,missing_unit_metadata,false,None
230720,ses230720-units-probe0-spk-AAAB.npy,114,6,1208,S_plus_candidate,S_plus_candidate,P1 stimulus activation passed,0.05,0.3,within_session_all_units_all_primary_contrasts,false,false,false,missing_unit_metadata,false,None
230720,ses230720-units-probe0-spk-AAAB.npy,115,6,1208,S_minus_candidate,S_minus_candidate,P1 stimulus suppression passed,0.05,0.3,within_session_all_units_all_primary_contrasts,false,false,false,missing_unit_metadata,false,None
230720,ses230720-units-probe0-spk-AAAB.npy,116,6,1208,null_or_unclassified,null_or_unclassified,No active phenotype detected,0.05,0.3,within_session_all_units_all_primary_contrasts,false,false,false,missing_unit_metadata,false,None
230720,ses230720-units-probe0-spk-AAAB.npy,117,6,1208,S_plus_candidate,S_plus_candidate,P1 stimulus activation passed,0.05,0.3,within_session_all_units_all_primary_contrasts,false,false,false,missing_unit_metadata,false,None
230720,ses230720-units-probe0-spk-AAAB.npy,118,6,1208,null_or_unclassified,null_or_unclassified,No active phenotype detected,0.05,0.3,within_session_all_units_all_primary_contrasts,false,false,false,missing_unit_metadata,false,None
230720,ses230720-units-probe0-spk-AAAB.npy,119,6,1208,S_minus_candidate,S_minus_candidate,P1 stimulus suppression passed,0.05,0.3,within_session_all_units_all_primary_contrasts,false,false,false,missing_unit_metadata,false,None
230720,ses230720-units-probe0-spk-AAAB.npy,120,6,1208,null_or_unclassified,null_or_unclassified,No active phenotype detected,0.05,0.3,within_session_all_units_all_primary_contrasts,false,false,false,missing_unit_metadata,false,None
230720,ses230720-units-probe0-spk-AAAB.npy,121,6,1208,S_plus_candidate,S_plus_candidate,P1 stimulus activation passed,0.05,0.3,within_session_all_units_all_primary_contrasts,false,false,false,missing_unit_metadata,false,None
230720,ses230720-units-probe0-spk-AAAB.npy,122,6,1208,null_or_unclassified,null_or_unclassified,No active phenotype detected,0.05,0.3,within_session_all_units_all_primary_contrasts,false,false,false,missing_unit_metadata,false,None
230720,ses230720-units-probe0-spk-AAAB.npy,123,6,1208,S_plus_candidate,S_plus_candidate,P1 stimulus activation passed,0.05,0.3,within_session_all_units_all_primary_contrasts,false,false,false,missing_unit_metadata,false,None
230720,ses230720-units-probe0-spk-AAAB.npy,124,6,1208,null_or_unclassified,null_or_unclassified,No active phenotype detected,0.05,0.3,within_session_all_units_all_primary_contrasts,false,false,false,missing_unit_metadata,false,None
230720,ses230720-units-probe0-spk-AAAB.npy,125,6,1208,S_plus_candidate,S_plus_candidate,P1 stimulus activation passed,0.05,0.3,within_session_all_units_all_primary_contrasts,false,false,false,missing_unit_metadata,false,None
230720,ses230720-units-probe0-spk-AAAB.npy,126,6,1208,S_minus_candidate,S_minus_candidate,P1 stimulus suppression passed,0.05,0.3,within_session_all_units_all_primary_contrasts,false,false,false,missing_unit_metadata,false,None
230720,ses230720-units-probe0-spk-AAAB.npy,127,6,1208,S_plus_candidate,S_plus_candidate,P1 stimulus activation passed,0.05,0.3,within_session_all_units_all_primary_contrasts,false,false,false,missing_unit_metadata,false,None
230720,ses230720-units-probe0-spk-AAAB.npy,128,6,1208,null_or_unclassified,null_or_unclassified,No active phenotype detected,0.05,0.3,within_session_all_units_all_primary_contrasts,false,false,false,missing_unit_metadata,false,None
230720,ses230720-units-probe0-spk-AAAB.npy,129,6,1208,S_minus_candidate; S_plus_candidate,S_plus_candidate,P1 stimulus activation passed,0.05,0.3,within_session_all_units_all_primary_contrasts,false,false,false,missing_unit_metadata,false,None
230720,ses230720-units-probe0-spk-AAAB.npy,130,6,1208,null_or_unclassified,null_or_unclassified,No active phenotype detected,0.05,0.3,within_session_all_units_all_primary_contrasts,false,false,false,missing_unit_metadata,false,None
230720,ses230720-units-probe0-spk-AAAB.npy,131,6,1208,null_or_unclassified,null_or_unclassified,No active phenotype detected,0.05,0.3,within_session_all_units_all_primary_contrasts,false,false,false,missing_unit_metadata,false,None
230720,ses230720-units-probe0-spk-AAAB.npy,132,6,1208,null_or_unclassified,null_or_unclassified,No active phenotype detected,0.05,0.3,within_session_all_units_all_primary_contrasts,false,false,false,missing_unit_metadata,false,None
230720,ses230720-units-probe0-spk-AAAB.npy,133,6,1208,null_or_unclassified,null_or_unclassified,No active phenotype detected,0.05,0.3,within_session_all_units_all_primary_contrasts,false,false,false,missing_unit_metadata,false,None
230720,ses230720-units-probe0-spk-AAAB.npy,134,6,1208,null_or_unclassified,null_or_unclassified,No active phenotype detected,0.05,0.3,within_session_all_units_all_primary_contrasts,false,false,false,missing_unit_metadata,false,None
230720,ses230720-units-probe0-spk-AAAB.npy,135,6,1208,null_or_unclassified,null_or_unclassified,No active phenotype detected,0.05,0.3,within_session_all_units_all_primary_contrasts,false,false,false,missing_unit_metadata,false,None
230720,ses230720-units-probe0-spk-AAAB.npy,136,3,604,null_or_unclassified,null_or_unclassified,No active phenotype detected,0.05,0.3,within_session_all_units_all_primary_contrasts,false,false,false,missing_unit_metadata,false,None
230720,ses230720-units-probe0-spk-AAAB.npy,137,3,604,null_or_unclassified,null_or_unclassified,No active phenotype detected,0.05,0.3,within_session_all_units_all_primary_contrasts,false,false,false,missing_unit_metadata,false,None
230720,ses230720-units-probe0-spk-AAAB.npy,138,3,604,null_or_unclassified,null_or_unclassified,No active phenotype detected,0.05,0.3,within_session_all_units_all_primary_contrasts,false,false,false,missing_unit_metadata,false,None
230720,ses230720-units-probe0-spk-AAAB.npy,139,3,604,null_or_unclassified,null_or_unclassified,No active phenotype detected,0.05,0.3,within_session_all_units_all_primary_contrasts,false,false,false,missing_unit_metadata,false,None
230720,ses230720-units-probe0-spk-AAAB.npy,140,3,604,null_or_unclassified,null_or_unclassified,No active phenotype detected,0.05,0.3,within_session_all_units_all_primary_contrasts,false,false,false,missing_unit_metadata,false,None
230720,ses230720-units-probe0-spk-AAAB.npy,141,3,604,null_or_unclassified,null_or_unclassified,No active phenotype detected,0.05,0.3,within_session_all_units_all_primary_contrasts,false,false,false,missing_unit_metadata,false,None
230720,ses230720-units-probe0-spk-AAAB.npy,142,3,604,null_or_unclassified,null_or_unclassified,No active phenotype detected,0.05,0.3,within_session_all_units_all_primary_contrasts,false,false,false,missing_unit_metadata,false,None
230720,ses230720-units-probe0-spk-AAAB.npy,143,3,604,null_or_unclassified,null_or_unclassified,No active phenotype detected,0.05,0.3,within_session_all_units_all_primary_contrasts,false,false,false,missing_unit_metadata,false,None
230720,ses230720-units-probe0-spk-AAAB.npy,144,3,604,null_or_unclassified,null_or_unclassified,No active phenotype detected,0.05,0.3,within_session_all_units_all_primary_contrasts,false,false,false,missing_unit_metadata,false,None
230720,ses230720-units-probe0-spk-AAAB.npy,145,3,604,null_or_unclassified,null_or_unclassified,No active phenotype detected,0.05,0.3,within_session_all_units_all_primary_contrasts,false,false,false,missing_unit_metadata,false,None
230720,ses230720-units-probe0-spk-AAAB.npy,146,3,604,S_plus_candidate,S_plus_candidate,P1 stimulus activation passed,0.05,0.3,within_session_all_units_all_primary_contrasts,false,false,false,missing_unit_metadata,false,None
230720,ses230720-units-probe0-spk-AAAB.npy,147,3,604,S_plus_candidate,S_plus_candidate,P1 stimulus activation passed,0.05,0.3,within_session_all_units_all_primary_contrasts,false,false,false,missing_unit_metadata,false,None
230720,ses230720-units-probe0-spk-AAAB.npy,148,3,604,null_or_unclassified,null_or_unclassified,No active phenotype detected,0.05,0.3,within_session_all_units_all_primary_contrasts,false,false,false,missing_unit_metadata,false,None
230720,ses230720-units-probe0-spk-AAAB.npy,149,3,604,null_or_unclassified,null_or_unclassified,No active phenotype detected,0.05,0.3,within_session_all_units_all_primary_contrasts,false,false,false,missing_unit_metadata,false,None
230720,ses230720-units-probe0-spk-AAAB.npy,150,3,604,S_plus_candidate,S_plus_candidate,P1 stimulus activation passed,0.05,0.3,within_session_all_units_all_primary_contrasts,false,false,false,missing_unit_metadata,false,None
230720,ses230720-units-probe0-spk-AAAB.npy,151,3,604,null_or_unclassified,null_or_unclassified,No active phenotype detected,0.05,0.3,within_session_all_units_all_primary_contrasts,false,false,false,missing_unit_metadata,false,None
230720,ses230720-units-probe0-spk-AAAB.npy,152,3,604,null_or_unclassified,null_or_unclassified,No active phenotype detected,0.05,0.3,within_session_all_units_all_primary_contrasts,false,false,false,missing_unit_metadata,false,None
230720,ses230720-units-probe0-spk-AAAB.npy,153,3,604,null_or_unclassified,null_or_unclassified,No active phenotype detected,0.05,0.3,within_session_all_units_all_primary_contrasts,false,false,false,missing_unit_metadata,false,None
230720,ses230720-units-probe0-spk-AAAB.npy,154,3,604,null_or_unclassified,null_or_unclassified,No active phenotype detected,0.05,0.3,within_session_all_units_all_primary_contrasts,false,false,false,missing_unit_metadata,false,None
230720,ses230720-units-probe0-spk-AAAB.npy,155,3,604,null_or_unclassified,null_or_unclassified,No active phenotype detected,0.05,0.3,within_session_all_units_all_primary_contrasts,false,false,false,missing_unit_metadata,false,None
230720,ses230720-units-probe0-spk-AAAB.npy,156,3,604,null_or_unclassified,null_or_unclassified,No active phenotype detected,0.05,0.3,within_session_all_units_all_primary_contrasts,false,false,false,missing_unit_metadata,false,None
230720,ses230720-units-probe0-spk-AAAB.npy,157,3,604,null_or_unclassified,null_or_unclassified,No active phenotype detected,0.05,0.3,within_session_all_units_all_primary_contrasts,false,false,false,missing_unit_metadata,false,None
230720,ses230720-units-probe0-spk-AAAB.npy,158,3,604,null_or_unclassified,null_or_unclassified,No active phenotype detected,0.05,0.3,within_session_all_units_all_primary_contrasts,false,false,false,missing_unit_metadata,false,None
230720,ses230720-units-probe0-spk-AAAB.npy,159,3,604,null_or_unclassified,null_or_unclassified,No active phenotype detected,0.05,0.3,within_session_all_units_all_primary_contrasts,false,false,false,missing_unit_metadata,false,None
230720,ses230720-units-probe0-spk-AAAB.npy,160,3,604,null_or_unclassified,null_or_unclassified,No active phenotype detected,0.05,0.3,within_session_all_units_all_primary_contrasts,false,false,false,missing_unit_metadata,false,None
230720,ses230720-units-probe0-spk-AAAB.npy,161,3,604,null_or_unclassified,null_or_unclassified,No active phenotype detected,0.05,0.3,within_session_all_units_all_primary_contrasts,false,false,false,missing_unit_metadata,false,None
230720,ses230720-units-probe0-spk-AAAB.npy,162,3,604,null_or_unclassified,null_or_unclassified,No active phenotype detected,0.05,0.3,within_session_all_units_all_primary_contrasts,false,false,false,missing_unit_metadata,false,None
230720,ses230720-units-probe0-spk-AAAB.npy,163,3,604,null_or_unclassified,null_or_unclassified,No active phenotype detected,0.05,0.3,within_session_all_units_all_primary_contrasts,false,false,false,missing_unit_metadata,false,None
230720,ses230720-units-probe0-spk-AAAB.npy,164,3,604,null_or_unclassified,null_or_unclassified,No active phenotype detected,0.05,0.3,within_session_all_units_all_primary_contrasts,false,false,false,missing_unit_metadata,false,None
230720,ses230720-units-probe0-spk-AAAB.npy,165,3,604,null_or_unclassified,null_or_unclassified,No active phenotype detected,0.05,0.3,within_session_all_units_all_primary_contrasts,false,false,false,missing_unit_metadata,false,None
230720,ses230720-units-probe0-spk-AAAB.npy,166,3,604,null_or_unclassified,null_or_unclassified,No active phenotype detected,0.05,0.3,within_session_all_units_all_primary_contrasts,false,false,false,missing_unit_metadata,false,None
230720,ses230720-units-probe0-spk-AAAB.npy,167,3,604,null_or_unclassified,null_or_unclassified,No active phenotype detected,0.05,0.3,within_session_all_units_all_primary_contrasts,false,false,false,missing_unit_metadata,false,None
230720,ses230720-units-probe0-spk-AAAB.npy,168,3,604,null_or_unclassified,null_or_unclassified,No active phenotype detected,0.05,0.3,within_session_all_units_all_primary_contrasts,false,false,false,missing_unit_metadata,false,None
230720,ses230720-units-probe0-spk-AAAB.npy,169,3,604,null_or_unclassified,null_or_unclassified,No active phenotype detected,0.05,0.3,within_session_all_units_all_primary_contrasts,false,false,false,missing_unit_metadata,false,None
230720,ses230720-units-probe0-spk-AAAB.npy,170,3,604,S_plus_candidate,S_plus_candidate,P1 stimulus activation passed,0.05,0.3,within_session_all_units_all_primary_contrasts,false,false,false,missing_unit_metadata,false,None
230720,ses230720-units-probe0-spk-AAAB.npy,171,3,604,null_or_unclassified,null_or_unclassified,No active phenotype detected,0.05,0.3,within_session_all_units_all_primary_contrasts,false,false,false,missing_unit_metadata,false,None
230720,ses230720-units-probe0-spk-AAAB.npy,172,3,604,null_or_unclassified,null_or_unclassified,No active phenotype detected,0.05,0.3,within_session_all_units_all_primary_contrasts,false,false,false,missing_unit_metadata,false,None
230720,ses230720-units-probe0-spk-AAAB.npy,173,3,604,S_plus_candidate,S_plus_candidate,P1 stimulus activation passed,0.05,0.3,within_session_all_units_all_primary_contrasts,false,false,false,missing_unit_metadata,false,None
230720,ses230720-units-probe0-spk-AAAB.npy,174,3,604,null_or_unclassified,null_or_unclassified,No active phenotype detected,0.05,0.3,within_session_all_units_all_primary_contrasts,false,false,false,missing_unit_metadata,false,None
230720,ses230720-units-probe0-spk-AAAB.npy,175,3,604,null_or_unclassified,null_or_unclassified,No active phenotype detected,0.05,0.3,within_session_all_units_all_primary_contrasts,false,false,false,missing_unit_metadata,false,None
230720,ses230720-units-probe0-spk-AAAB.npy,176,3,604,null_or_unclassified,null_or_unclassified,No active phenotype detected,0.05,0.3,within_session_all_units_all_primary_contrasts,false,false,false,missing_unit_metadata,false,None
230720,ses230720-units-probe0-spk-AAAB.npy,177,3,604,null_or_unclassified,null_or_unclassified,No active phenotype detected,0.05,0.3,within_session_all_units_all_primary_contrasts,false,false,false,missing_unit_metadata,false,None
230720,ses230720-units-probe0-spk-AAAB.npy,178,3,604,null_or_unclassified,null_or_unclassified,No active phenotype detected,0.05,0.3,within_session_all_units_all_primary_contrasts,false,false,false,missing_unit_metadata,false,None
230720,ses230720-units-probe0-spk-AAAB.npy,179,3,604,null_or_unclassified,null_or_unclassified,No active phenotype detected,0.05,0.3,within_session_all_units_all_primary_contrasts,false,false,false,missing_unit_metadata,false,None
230720,ses230720-units-probe0-spk-AAAB.npy,180,3,604,null_or_unclassified,null_or_unclassified,No active phenotype detected,0.05,0.3,within_session_all_units_all_primary_contrasts,false,false,false,missing_unit_metadata,false,None
230721,ses230721-units-probe0-spk-AAAB.npy,0,6,1218,null_or_unclassified,null_or_unclassified,No active phenotype detected,0.05,0.3,within_session_all_units_all_primary_contrasts,false,false,false,missing_unit_metadata,false,None
230721,ses230721-units-probe0-spk-AAAB.npy,1,6,1218,S_minus_candidate,S_minus_candidate,P1 stimulus suppression passed,0.05,0.3,within_session_all_units_all_primary_contrasts,false,false,false,missing_unit_metadata,false,None
230721,ses230721-units-probe0-spk-AAAB.npy,2,6,1218,null_or_unclassified,null_or_unclassified,No active phenotype detected,0.05,0.3,within_session_all_units_all_primary_contrasts,false,false,false,missing_unit_metadata,false,None
230721,ses230721-units-probe0-spk-AAAB.npy,3,6,1218,null_or_unclassified,null_or_unclassified,No active phenotype detected,0.05,0.3,within_session_all_units_all_primary_contrasts,false,false,false,missing_unit_metadata,false,None
230721,ses230721-units-probe0-spk-AAAB.npy,4,6,1218,S_minus_candidate,S_minus_candidate,P1 stimulus suppression passed,0.05,0.3,within_session_all_units_all_primary_contrasts,false,false,false,missing_unit_metadata,false,None
230721,ses230721-units-probe0-spk-AAAB.npy,5,6,1218,S_minus_candidate,S_minus_candidate,P1 stimulus suppression passed,0.05,0.3,within_session_all_units_all_primary_contrasts,false,false,false,missing_unit_metadata,false,None
230721,ses230721-units-probe0-spk-AAAB.npy,6,6,1218,S_minus_candidate,S_minus_candidate,P1 stimulus suppression passed,0.05,0.3,within_session_all_units_all_primary_contrasts,false,false,false,missing_unit_metadata,false,None
230721,ses230721-units-probe0-spk-AAAB.npy,7,6,1218,S_minus_candidate,S_minus_candidate,P1 stimulus suppression passed,0.05,0.3,within_session_all_units_all_primary_contrasts,false,false,false,missing_unit_metadata,false,None
230721,ses230721-units-probe0-spk-AAAB.npy,8,6,1218,S_minus_candidate,S_minus_candidate,P1 stimulus suppression passed,0.05,0.3,within_session_all_units_all_primary_contrasts,false,false,false,missing_unit_metadata,false,None
230721,ses230721-units-probe0-spk-AAAB.npy,9,6,1218,S_minus_candidate,S_minus_candidate,P1 stimulus suppression passed,0.05,0.3,within_session_all_units_all_primary_contrasts,false,false,false,missing_unit_metadata,false,None
230721,ses230721-units-probe0-spk-AAAB.npy,10,6,1218,null_or_unclassified,null_or_unclassified,No active phenotype detected,0.05,0.3,within_session_all_units_all_primary_contrasts,false,false,false,missing_unit_metadata,false,None
230721,ses230721-units-probe0-spk-AAAB.npy,11,6,1218,S_minus_candidate,S_minus_candidate,P1 stimulus suppression passed,0.05,0.3,within_session_all_units_all_primary_contrasts,false,false,false,missing_unit_metadata,false,None
230721,ses230721-units-probe0-spk-AAAB.npy,12,6,1218,S_minus_candidate,S_minus_candidate,P1 stimulus suppression passed,0.05,0.3,within_session_all_units_all_primary_contrasts,false,false,false,missing_unit_metadata,false,None
230721,ses230721-units-probe0-spk-AAAB.npy,13,6,1218,null_or_unclassified,null_or_unclassified,No active phenotype detected,0.05,0.3,within_session_all_units_all_primary_contrasts,false,false,false,missing_unit_metadata,false,None
230721,ses230721-units-probe0-spk-AAAB.npy,14,6,1218,null_or_unclassified,null_or_unclassified,No active phenotype detected,0.05,0.3,within_session_all_units_all_primary_contrasts,false,false,false,missing_unit_metadata,false,None
230721,ses230721-units-probe0-spk-AAAB.npy,15,6,1218,null_or_unclassified,null_or_unclassified,No active phenotype detected,0.05,0.3,within_session_all_units_all_primary_contrasts,false,false,false,missing_unit_metadata,false,None
230721,ses230721-units-probe0-spk-AAAB.npy,16,6,1218,S_plus_candidate,S_plus_candidate,P1 stimulus activation passed,0.05,0.3,within_session_all_units_all_primary_contrasts,false,false,false,missing_unit_metadata,false,None
230721,ses230721-units-probe0-spk-AAAB.npy,17,6,1218,S_plus_candidate,S_plus_candidate,P1 stimulus activation passed,0.05,0.3,within_session_all_units_all_primary_contrasts,false,false,false,missing_unit_metadata,false,None
230721,ses230721-units-probe0-spk-AAAB.npy,18,6,1218,S_plus_candidate,S_plus_candidate,P1 stimulus activation passed,0.05,0.3,within_session_all_units_all_primary_contrasts,false,false,false,missing_unit_metadata,false,None
230721,ses230721-units-probe0-spk-AAAB.npy,19,6,1218,null_or_unclassified,null_or_unclassified,No active phenotype detected,0.05,0.3,within_session_all_units_all_primary_contrasts,false,false,false,missing_unit_metadata,false,None
230721,ses230721-units-probe0-spk-AAAB.npy,20,6,1218,null_or_unclassified,null_or_unclassified,No active phenotype detected,0.05,0.3,within_session_all_units_all_primary_contrasts,false,false,false,missing_unit_metadata,false,None
230721,ses230721-units-probe0-spk-AAAB.npy,21,6,1218,S_plus_candidate,S_plus_candidate,P1 stimulus activation passed,0.05,0.3,within_session_all_units_all_primary_contrasts,false,false,false,missing_unit_metadata,false,None
230721,ses230721-units-probe0-spk-AAAB.npy,22,6,1218,null_or_unclassified,null_or_unclassified,No active phenotype detected,0.05,0.3,within_session_all_units_all_primary_contrasts,false,false,false,missing_unit_metadata,false,None
230721,ses230721-units-probe0-spk-AAAB.npy,23,6,1218,null_or_unclassified,null_or_unclassified,No active phenotype detected,0.05,0.3,within_session_all_units_all_primary_contrasts,false,false,false,missing_unit_metadata,false,None
230721,ses230721-units-probe0-spk-AAAB.npy,24,6,1218,S_minus_candidate,S_minus_candidate,P1 stimulus suppression passed,0.05,0.3,within_session_all_units_all_primary_contrasts,false,false,false,missing_unit_metadata,false,None
230721,ses230721-units-probe0-spk-AAAB.npy,25,6,1218,null_or_unclassified,null_or_unclassified,No active phenotype detected,0.05,0.3,within_session_all_units_all_primary_contrasts,false,false,false,missing_unit_metadata,false,None
230721,ses230721-units-probe0-spk-AAAB.npy,26,6,1218,null_or_unclassified,null_or_unclassified,No active phenotype detected,0.05,0.3,within_session_all_units_all_primary_contrasts,false,false,false,missing_unit_metadata,false,None
230721,ses230721-units-probe0-spk-AAAB.npy,27,6,1218,S_minus_candidate,S_minus_candidate,P1 stimulus suppression passed,0.05,0.3,within_session_all_units_all_primary_contrasts,false,false,false,missing_unit_metadata,false,None
230721,ses230721-units-probe0-spk-AAAB.npy,28,6,1218,null_or_unclassified,null_or_unclassified,No active phenotype detected,0.05,0.3,within_session_all_units_all_primary_contrasts,false,false,false,missing_unit_metadata,false,None
230721,ses230721-units-probe0-spk-AAAB.npy,29,6,1218,null_or_unclassified,null_or_unclassified,No active phenotype detected,0.05,0.3,within_session_all_units_all_primary_contrasts,false,false,false,missing_unit_metadata,false,None
230721,ses230721-units-probe0-spk-AAAB.npy,30,6,1218,null_or_unclassified,null_or_unclassified,No active phenotype detected,0.05,0.3,within_session_all_units_all_primary_contrasts,false,false,false,missing_unit_metadata,false,None
230721,ses230721-units-probe0-spk-AAAB.npy,31,6,1218,null_or_unclassified,null_or_unclassified,No active phenotype detected,0.05,0.3,within_session_all_units_all_primary_contrasts,false,false,false,missing_unit_metadata,false,None
230721,ses230721-units-probe0-spk-AAAB.npy,32,6,1218,S_plus_candidate,S_plus_candidate,P1 stimulus activation passed,0.05,0.3,within_session_all_units_all_primary_contrasts,false,false,false,missing_unit_metadata,false,None
230721,ses230721-units-probe0-spk-AAAB.npy,33,6,1218,null_or_unclassified,null_or_unclassified,No active phenotype detected,0.05,0.3,within_session_all_units_all_primary_contrasts,false,false,false,missing_unit_metadata,false,None
230721,ses230721-units-probe0-spk-AAAB.npy,34,6,1218,S_plus_candidate,S_plus_candidate,P1 stimulus activation passed,0.05,0.3,within_session_all_units_all_primary_contrasts,false,false,false,missing_unit_metadata,false,None
230721,ses230721-units-probe0-spk-AAAB.npy,35,6,1218,null_or_unclassified,null_or_unclassified,No active phenotype detected,0.05,0.3,within_session_all_units_all_primary_contrasts,false,false,false,missing_unit_metadata,false,None
230721,ses230721-units-probe0-spk-AAAB.npy,36,6,1218,null_or_unclassified,null_or_unclassified,No active phenotype detected,0.05,0.3,within_session_all_units_all_primary_contrasts,false,false,false,missing_unit_metadata,false,None
230721,ses230721-units-probe0-spk-AAAB.npy,37,6,1218,null_or_unclassified,null_or_unclassified,No active phenotype detected,0.05,0.3,within_session_all_units_all_primary_contrasts,false,false,false,missing_unit_metadata,false,None
230721,ses230721-units-probe0-spk-AAAB.npy,38,6,1218,null_or_unclassified,null_or_unclassified,No active phenotype detected,0.05,0.3,within_session_all_units_all_primary_contrasts,false,false,false,missing_unit_metadata,false,None
230721,ses230721-units-probe0-spk-AAAB.npy,39,6,1218,null_or_unclassified,null_or_unclassified,No active phenotype detected,0.05,0.3,within_session_all_units_all_primary_contrasts,false,false,false,missing_unit_metadata,false,None
230721,ses230721-units-probe0-spk-AAAB.npy,40,6,1218,null_or_unclassified,null_or_unclassified,No active phenotype detected,0.05,0.3,within_session_all_units_all_primary_contrasts,false,false,false,missing_unit_metadata,false,None
230721,ses230721-units-probe0-spk-AAAB.npy,41,6,1218,null_or_unclassified,null_or_unclassified,No active phenotype detected,0.05,0.3,within_session_all_units_all_primary_contrasts,false,false,false,missing_unit_metadata,false,None
230721,ses230721-units-probe0-spk-AAAB.npy,42,6,1218,null_or_unclassified,null_or_unclassified,No active phenotype detected,0.05,0.3,within_session_all_units_all_primary_contrasts,false,false,false,missing_unit_metadata,false,None
230721,ses230721-units-probe0-spk-AAAB.npy,43,6,1218,null_or_unclassified,null_or_unclassified,No active phenotype detected,0.05,0.3,within_session_all_units_all_primary_contrasts,false,false,false,missing_unit_metadata,false,None
230721,ses230721-units-probe0-spk-AAAB.npy,44,6,1218,S_minus_candidate,S_minus_candidate,P1 stimulus suppression passed,0.05,0.3,within_session_all_units_all_primary_contrasts,false,false,false,missing_unit_metadata,false,None
230721,ses230721-units-probe0-spk-AAAB.npy,45,6,1218,null_or_unclassified,null_or_unclassified,No active phenotype detected,0.05,0.3,within_session_all_units_all_primary_contrasts,false,false,false,missing_unit_metadata,false,None
230721,ses230721-units-probe0-spk-AAAB.npy,46,6,1218,S_minus_candidate,S_minus_candidate,P1 stimulus suppression passed,0.05,0.3,within_session_all_units_all_primary_contrasts,false,false,false,missing_unit_metadata,false,None
230721,ses230721-units-probe0-spk-AAAB.npy,47,6,1218,S_minus_candidate,S_minus_candidate,P1 stimulus suppression passed,0.05,0.3,within_session_all_units_all_primary_contrasts,false,false,false,missing_unit_metadata,false,None
230721,ses230721-units-probe0-spk-AAAB.npy,48,6,1218,S_minus_candidate,S_minus_candidate,P1 stimulus suppression passed,0.05,0.3,within_session_all_units_all_primary_contrasts,false,false,false,missing_unit_metadata,false,None
230721,ses230721-units-probe0-spk-AAAB.npy,49,6,1218,S_minus_candidate,S_minus_candidate,P1 stimulus suppression passed,0.05,0.3,within_session_all_units_all_primary_contrasts,false,false,false,missing_unit_metadata,false,None
230721,ses230721-units-probe0-spk-AAAB.npy,50,6,1218,null_or_unclassified,null_or_unclassified,No active phenotype detected,0.05,0.3,within_session_all_units_all_primary_contrasts,false,false,false,missing_unit_metadata,false,None
230721,ses230721-units-probe0-spk-AAAB.npy,51,6,1218,null_or_unclassified,null_or_unclassified,No active phenotype detected,0.05,0.3,within_session_all_units_all_primary_contrasts,false,false,false,missing_unit_metadata,false,None
230721,ses230721-units-probe0-spk-AAAB.npy,52,6,1218,S_plus_candidate,S_plus_candidate,P1 stimulus activation passed,0.05,0.3,within_session_all_units_all_primary_contrasts,false,false,false,missing_unit_metadata,false,None
230721,ses230721-units-probe0-spk-AAAB.npy,53,6,1218,null_or_unclassified,null_or_unclassified,No active phenotype detected,0.05,0.3,within_session_all_units_all_primary_contrasts,false,false,false,missing_unit_metadata,false,None
230721,ses230721-units-probe0-spk-AAAB.npy,54,6,1218,null_or_unclassified,null_or_unclassified,No active phenotype detected,0.05,0.3,within_session_all_units_all_primary_contrasts,false,false,false,missing_unit_metadata,false,None
230721,ses230721-units-probe0-spk-AAAB.npy,55,6,1218,null_or_unclassified,null_or_unclassified,No active phenotype detected,0.05,0.3,within_session_all_units_all_primary_contrasts,false,false,false,missing_unit_metadata,false,None
230721,ses230721-units-probe0-spk-AAAB.npy,56,6,1218,null_or_unclassified,null_or_unclassified,No active phenotype detected,0.05,0.3,within_session_all_units_all_primary_contrasts,false,false,false,missing_unit_metadata,false,None
230721,ses230721-units-probe1-spk-AAAB.npy,57,3,609,S_plus_candidate,S_plus_candidate,P1 stimulus activation passed,0.05,0.3,within_session_all_units_all_primary_contrasts,false,false,false,missing_unit_metadata,false,None
230721,ses230721-units-probe1-spk-AAAB.npy,58,3,609,null_or_unclassified,null_or_unclassified,No active phenotype detected,0.05,0.3,within_session_all_units_all_primary_contrasts,false,false,false,missing_unit_metadata,false,None
230721,ses230721-units-probe1-spk-AAAB.npy,59,3,609,null_or_unclassified,null_or_unclassified,No active phenotype detected,0.05,0.3,within_session_all_units_all_primary_contrasts,false,false,false,missing_unit_metadata,false,None
230721,ses230721-units-probe1-spk-AAAB.npy,60,3,609,S_minus_candidate,S_minus_candidate,P1 stimulus suppression passed,0.05,0.3,within_session_all_units_all_primary_contrasts,false,false,false,missing_unit_metadata,false,None
230721,ses230721-units-probe1-spk-AAAB.npy,61,3,609,S_minus_candidate,S_minus_candidate,P1 stimulus suppression passed,0.05,0.3,within_session_all_units_all_primary_contrasts,false,false,false,missing_unit_metadata,false,None
230721,ses230721-units-probe1-spk-AAAB.npy,62,3,609,null_or_unclassified,null_or_unclassified,No active phenotype detected,0.05,0.3,within_session_all_units_all_primary_contrasts,false,false,false,missing_unit_metadata,false,None
230721,ses230721-units-probe1-spk-AAAB.npy,63,3,609,S_minus_candidate,S_minus_candidate,P1 stimulus suppression passed,0.05,0.3,within_session_all_units_all_primary_contrasts,false,false,false,missing_unit_metadata,false,None
230721,ses230721-units-probe1-spk-AAAB.npy,64,3,609,S_plus_candidate,S_plus_candidate,P1 stimulus activation passed,0.05,0.3,within_session_all_units_all_primary_contrasts,false,false,false,missing_unit_metadata,false,None
230721,ses230721-units-probe1-spk-AAAB.npy,65,3,609,S_plus_candidate,S_plus_candidate,P1 stimulus activation passed,0.05,0.3,within_session_all_units_all_primary_contrasts,false,false,false,missing_unit_metadata,false,None
230721,ses230721-units-probe1-spk-AAAB.npy,66,3,609,null_or_unclassified,null_or_unclassified,No active phenotype detected,0.05,0.3,within_session_all_units_all_primary_contrasts,false,false,false,missing_unit_metadata,false,None
230721,ses230721-units-probe1-spk-AAAB.npy,67,3,609,S_plus_candidate,S_plus_candidate,P1 stimulus activation passed,0.05,0.3,within_session_all_units_all_primary_contrasts,false,false,false,missing_unit_metadata,false,None
230721,ses230721-units-probe1-spk-AAAB.npy,68,3,609,null_or_unclassified,null_or_unclassified,No active phenotype detected,0.05,0.3,within_session_all_units_all_primary_contrasts,false,false,false,missing_unit_metadata,false,None
230721,ses230721-units-probe1-spk-AAAB.npy,69,3,609,null_or_unclassified,null_or_unclassified,No active phenotype detected,0.05,0.3,within_session_all_units_all_primary_contrasts,false,false,false,missing_unit_metadata,false,None
230721,ses230721-units-probe1-spk-AAAB.npy,70,3,609,null_or_unclassified,null_or_unclassified,No active phenotype detected,0.05,0.3,within_session_all_units_all_primary_contrasts,false,false,false,missing_unit_metadata,false,None
230721,ses230721-units-probe1-spk-AAAB.npy,71,3,609,null_or_unclassified,null_or_unclassified,No active phenotype detected,0.05,0.3,within_session_all_units_all_primary_contrasts,false,false,false,missing_unit_metadata,false,None
230721,ses230721-units-probe1-spk-AAAB.npy,72,3,609,null_or_unclassified,null_or_unclassified,No active phenotype detected,0.05,0.3,within_session_all_units_all_primary_contrasts,false,false,false,missing_unit_metadata,false,None
230721,ses230721-units-probe1-spk-AAAB.npy,73,3,609,S_minus_candidate,S_minus_candidate,P1 stimulus suppression passed,0.05,0.3,within_session_all_units_all_primary_contrasts,false,false,false,missing_unit_metadata,false,None
230721,ses230721-units-probe1-spk-AAAB.npy,74,3,609,null_or_unclassified,null_or_unclassified,No active phenotype detected,0.05,0.3,within_session_all_units_all_primary_contrasts,false,false,false,missing_unit_metadata,false,None
230721,ses230721-units-probe1-spk-AAAB.npy,75,3,609,null_or_unclassified,null_or_unclassified,No active phenotype detected,0.05,0.3,within_session_all_units_all_primary_contrasts,false,false,false,missing_unit_metadata,false,None
230721,ses230721-units-probe1-spk-AAAB.npy,76,3,609,null_or_unclassified,null_or_unclassified,No active phenotype detected,0.05,0.3,within_session_all_units_all_primary_contrasts,false,false,false,missing_unit_metadata,false,None
230721,ses230721-units-probe1-spk-AAAB.npy,77,3,609,null_or_unclassified,null_or_unclassified,No active phenotype detected,0.05,0.3,within_session_all_units_all_primary_contrasts,false,false,false,missing_unit_metadata,false,None
230721,ses230721-units-probe1-spk-AAAB.npy,78,3,609,S_plus_candidate,S_plus_candidate,P1 stimulus activation passed,0.05,0.3,within_session_all_units_all_primary_contrasts,false,false,false,missing_unit_metadata,false,None
230721,ses230721-units-probe1-spk-AAAB.npy,79,3,609,null_or_unclassified,null_or_unclassified,No active phenotype detected,0.05,0.3,within_session_all_units_all_primary_contrasts,false,false,false,missing_unit_metadata,false,None
230721,ses230721-units-probe1-spk-AAAB.npy,80,3,609,null_or_unclassified,null_or_unclassified,No active phenotype detected,0.05,0.3,within_session_all_units_all_primary_contrasts,false,false,false,missing_unit_metadata,false,None
230721,ses230721-units-probe1-spk-AAAB.npy,81,3,609,null_or_unclassified,null_or_unclassified,No active phenotype detected,0.05,0.3,within_session_all_units_all_primary_contrasts,false,false,false,missing_unit_metadata,false,None
230721,ses230721-units-probe1-spk-AAAB.npy,82,3,609,null_or_unclassified,null_or_unclassified,No active phenotype detected,0.05,0.3,within_session_all_units_all_primary_contrasts,false,false,false,missing_unit_metadata,false,None
230721,ses230721-units-probe1-spk-AAAB.npy,83,3,609,null_or_unclassified,null_or_unclassified,No active phenotype detected,0.05,0.3,within_session_all_units_all_primary_contrasts,false,false,false,missing_unit_metadata,false,None
230721,ses230721-units-probe1-spk-AAAB.npy,84,3,609,null_or_unclassified,null_or_unclassified,No active phenotype detected,0.05,0.3,within_session_all_units_all_primary_contrasts,false,false,false,missing_unit_metadata,false,None
230721,ses230721-units-probe1-spk-AAAB.npy,85,3,609,null_or_unclassified,null_or_unclassified,No active phenotype detected,0.05,0.3,within_session_all_units_all_primary_contrasts,false,false,false,missing_unit_metadata,false,None
230721,ses230721-units-probe1-spk-AAAB.npy,86,3,609,null_or_unclassified,null_or_unclassified,No active phenotype detected,0.05,0.3,within_session_all_units_all_primary_contrasts,false,false,false,missing_unit_metadata,false,None
230721,ses230721-units-probe1-spk-AAAB.npy,87,3,609,null_or_unclassified,null_or_unclassified,No active phenotype detected,0.05,0.3,within_session_all_units_all_primary_contrasts,false,false,false,missing_unit_metadata,false,None
230721,ses230721-units-probe1-spk-AAAB.npy,88,3,609,null_or_unclassified,null_or_unclassified,No active phenotype detected,0.05,0.3,within_session_all_units_all_primary_contrasts,false,false,false,missing_unit_metadata,false,None
230721,ses230721-units-probe1-spk-AAAB.npy,89,3,609,null_or_unclassified,null_or_unclassified,No active phenotype detected,0.05,0.3,within_session_all_units_all_primary_contrasts,false,false,false,missing_unit_metadata,false,None
230721,ses230721-units-probe1-spk-AAAB.npy,90,3,609,null_or_unclassified,null_or_unclassified,No active phenotype detected,0.05,0.3,within_session_all_units_all_primary_contrasts,false,false,false,missing_unit_metadata,false,None
230721,ses230721-units-probe1-spk-AAAB.npy,91,3,609,null_or_unclassified,null_or_unclassified,No active phenotype detected,0.05,0.3,within_session_all_units_all_primary_contrasts,false,false,false,missing_unit_metadata,false,None
230721,ses230721-units-probe1-spk-AAAB.npy,92,3,609,null_or_unclassified,null_or_unclassified,No active phenotype detected,0.05,0.3,within_session_all_units_all_primary_contrasts,false,false,false,missing_unit_metadata,false,None
230721,ses230721-units-probe1-spk-AAAB.npy,93,3,609,null_or_unclassified,null_or_unclassified,No active phenotype detected,0.05,0.3,within_session_all_units_all_primary_contrasts,false,false,false,missing_unit_metadata,false,None
230721,ses230721-units-probe1-spk-AAAB.npy,94,3,609,null_or_unclassified,null_or_unclassified,No active phenotype detected,0.05,0.3,within_session_all_units_all_primary_contrasts,false,false,false,missing_unit_metadata,false,None
230721,ses230721-units-probe1-spk-AAAB.npy,95,3,609,null_or_unclassified,null_or_unclassified,No active phenotype detected,0.05,0.3,within_session_all_units_all_primary_contrasts,false,false,false,missing_unit_metadata,false,None
230721,ses230721-units-probe1-spk-AAAB.npy,96,3,609,S_minus_candidate,S_minus_candidate,P1 stimulus suppression passed,0.05,0.3,within_session_all_units_all_primary_contrasts,false,false,false,missing_unit_metadata,false,None
230721,ses230721-units-probe1-spk-AAAB.npy,97,3,609,null_or_unclassified,null_or_unclassified,No active phenotype detected,0.05,0.3,within_session_all_units_all_primary_contrasts,false,false,false,missing_unit_metadata,false,None
230721,ses230721-units-probe1-spk-AAAB.npy,98,3,609,null_or_unclassified,null_or_unclassified,No active phenotype detected,0.05,0.3,within_session_all_units_all_primary_contrasts,false,false,false,missing_unit_metadata,false,None
230721,ses230721-units-probe1-spk-AAAB.npy,99,3,609,null_or_unclassified,null_or_unclassified,No active phenotype detected,0.05,0.3,within_session_all_units_all_primary_contrasts,false,false,false,missing_unit_metadata,false,None
230721,ses230721-units-probe1-spk-AAAB.npy,100,3,609,null_or_unclassified,null_or_unclassified,No active phenotype detected,0.05,0.3,within_session_all_units_all_primary_contrasts,false,false,false,missing_unit_metadata,false,None
230721,ses230721-units-probe1-spk-AAAB.npy,101,3,609,null_or_unclassified,null_or_unclassified,No active phenotype detected,0.05,0.3,within_session_all_units_all_primary_contrasts,false,false,false,missing_unit_metadata,false,None
230721,ses230721-units-probe1-spk-AAAB.npy,102,3,609,null_or_unclassified,null_or_unclassified,No active phenotype detected,0.05,0.3,within_session_all_units_all_primary_contrasts,false,false,false,missing_unit_metadata,false,None
230721,ses230721-units-probe1-spk-AAAB.npy,103,3,609,null_or_unclassified,null_or_unclassified,No active phenotype detected,0.05,0.3,within_session_all_units_all_primary_contrasts,false,false,false,missing_unit_metadata,false,None
230721,ses230721-units-probe1-spk-AAAB.npy,104,3,609,S_minus_candidate,S_minus_candidate,P1 stimulus suppression passed,0.05,0.3,within_session_all_units_all_primary_contrasts,false,false,false,missing_unit_metadata,false,None
230721,ses230721-units-probe1-spk-AAAB.npy,105,3,609,null_or_unclassified,null_or_unclassified,No active phenotype detected,0.05,0.3,within_session_all_units_all_primary_contrasts,false,false,false,missing_unit_metadata,false,None
230721,ses230721-units-probe1-spk-AAAB.npy,106,3,609,null_or_unclassified,null_or_unclassified,No active phenotype detected,0.05,0.3,within_session_all_units_all_primary_contrasts,false,false,false,missing_unit_metadata,false,None
230721,ses230721-units-probe1-spk-AAAB.npy,107,3,609,S_minus_candidate,S_minus_candidate,P1 stimulus suppression passed,0.05,0.3,within_session_all_units_all_primary_contrasts,false,false,false,missing_unit_metadata,false,None
230721,ses230721-units-probe1-spk-AAAB.npy,108,3,609,null_or_unclassified,null_or_unclassified,No active phenotype detected,0.05,0.3,within_session_all_units_all_primary_contrasts,false,false,false,missing_unit_metadata,false,None
230721,ses230721-units-probe1-spk-AAAB.npy,109,3,609,null_or_unclassified,null_or_unclassified,No active phenotype detected,0.05,0.3,within_session_all_units_all_primary_contrasts,false,false,false,missing_unit_metadata,false,None
230721,ses230721-units-probe1-spk-AAAB.npy,110,3,609,null_or_unclassified,null_or_unclassified,No active phenotype detected,0.05,0.3,within_session_all_units_all_primary_contrasts,false,false,false,missing_unit_metadata,false,None
230721,ses230721-units-probe1-spk-AAAB.npy,111,3,609,S_plus_candidate,S_plus_candidate,P1 stimulus activation passed,0.05,0.3,within_session_all_units_all_primary_contrasts,false,false,false,missing_unit_metadata,false,None
230721,ses230721-units-probe1-spk-AAAB.npy,112,3,609,null_or_unclassified,null_or_unclassified,No active phenotype detected,0.05,0.3,within_session_all_units_all_primary_contrasts,false,false,false,missing_unit_metadata,false,None
230721,ses230721-units-probe1-spk-AAAB.npy,113,3,609,null_or_unclassified,null_or_unclassified,No active phenotype detected,0.05,0.3,within_session_all_units_all_primary_contrasts,false,false,false,missing_unit_metadata,false,None
230721,ses230721-units-probe1-spk-AAAB.npy,114,3,609,S_plus_candidate,S_plus_candidate,P1 stimulus activation passed,0.05,0.3,within_session_all_units_all_primary_contrasts,false,false,false,missing_unit_metadata,false,None
230721,ses230721-units-probe1-spk-AAAB.npy,115,3,609,S_plus_candidate,S_plus_candidate,P1 stimulus activation passed,0.05,0.3,within_session_all_units_all_primary_contrasts,false,false,false,missing_unit_metadata,false,None
230721,ses230721-units-probe1-spk-AAAB.npy,116,3,609,null_or_unclassified,null_or_unclassified,No active phenotype detected,0.05,0.3,within_session_all_units_all_primary_contrasts,false,false,false,missing_unit_metadata,false,None
230721,ses230721-units-probe1-spk-AAAB.npy,117,3,609,null_or_unclassified,null_or_unclassified,No active phenotype detected,0.05,0.3,within_session_all_units_all_primary_contrasts,false,false,false,missing_unit_metadata,false,None
230721,ses230721-units-probe1-spk-AAAB.npy,118,3,609,null_or_unclassified,null_or_unclassified,No active phenotype detected,0.05,0.3,within_session_all_units_all_primary_contrasts,false,false,false,missing_unit_metadata,false,None
230721,ses230721-units-probe1-spk-AAAB.npy,119,3,609,null_or_unclassified,null_or_unclassified,No active phenotype detected,0.05,0.3,within_session_all_units_all_primary_contrasts,false,false,false,missing_unit_metadata,false,None
230721,ses230721-units-probe1-spk-AAAB.npy,120,3,609,S_plus_candidate,S_plus_candidate,P1 stimulus activation passed,0.05,0.3,within_session_all_units_all_primary_contrasts,false,false,false,missing_unit_metadata,false,None
230721,ses230721-units-probe1-spk-AAAB.npy,121,3,609,null_or_unclassified,null_or_unclassified,No active phenotype detected,0.05,0.3,within_session_all_units_all_primary_contrasts,false,false,false,missing_unit_metadata,false,None
230721,ses230721-units-probe1-spk-AAAB.npy,122,3,609,null_or_unclassified,null_or_unclassified,No active phenotype detected,0.05,0.3,within_session_all_units_all_primary_contrasts,false,false,false,missing_unit_metadata,false,None
230721,ses230721-units-probe1-spk-AAAB.npy,123,3,609,null_or_unclassified,null_or_unclassified,No active phenotype detected,0.05,0.3,within_session_all_units_all_primary_contrasts,false,false,false,missing_unit_metadata,false,None
230721,ses230721-units-probe1-spk-AAAB.npy,124,3,609,null_or_unclassified,null_or_unclassified,No active phenotype detected,0.05,0.3,within_session_all_units_all_primary_contrasts,false,false,false,missing_unit_metadata,false,None
230721,ses230721-units-probe1-spk-AAAB.npy,125,3,609,S_minus_candidate,S_minus_candidate,P1 stimulus suppression passed,0.05,0.3,within_session_all_units_all_primary_contrasts,false,false,false,missing_unit_metadata,false,None
230721,ses230721-units-probe1-spk-AAAB.npy,126,3,609,null_or_unclassified,null_or_unclassified,No active phenotype detected,0.05,0.3,within_session_all_units_all_primary_contrasts,false,false,false,missing_unit_metadata,false,None
230721,ses230721-units-probe1-spk-AAAB.npy,127,3,609,null_or_unclassified,null_or_unclassified,No active phenotype detected,0.05,0.3,within_session_all_units_all_primary_contrasts,false,false,false,missing_unit_metadata,false,None
230721,ses230721-units-probe1-spk-AAAB.npy,128,3,609,null_or_unclassified,null_or_unclassified,No active phenotype detected,0.05,0.3,within_session_all_units_all_primary_contrasts,false,false,false,missing_unit_metadata,false,None
230721,ses230721-units-probe1-spk-AAAB.npy,129,3,609,null_or_unclassified,null_or_unclassified,No active phenotype detected,0.05,0.3,within_session_all_units_all_primary_contrasts,false,false,false,missing_unit_metadata,false,None
230721,ses230721-units-probe1-spk-AAAB.npy,130,3,609,S_minus_candidate,S_minus_candidate,P1 stimulus suppression passed,0.05,0.3,within_session_all_units_all_primary_contrasts,false,false,false,missing_unit_metadata,false,None
230721,ses230721-units-probe1-spk-AAAB.npy,131,3,609,null_or_unclassified,null_or_unclassified,No active phenotype detected,0.05,0.3,within_session_all_units_all_primary_contrasts,false,false,false,missing_unit_metadata,false,None
230721,ses230721-units-probe1-spk-AAAB.npy,132,3,609,S_minus_candidate,S_minus_candidate,P1 stimulus suppression passed,0.05,0.3,within_session_all_units_all_primary_contrasts,false,false,false,missing_unit_metadata,false,None
230721,ses230721-units-probe1-spk-AAAB.npy,133,3,609,null_or_unclassified,null_or_unclassified,No active phenotype detected,0.05,0.3,within_session_all_units_all_primary_contrasts,false,false,false,missing_unit_metadata,false,None
230721,ses230721-units-probe1-spk-AAAB.npy,134,3,609,null_or_unclassified,null_or_unclassified,No active phenotype detected,0.05,0.3,within_session_all_units_all_primary_contrasts,false,false,false,missing_unit_metadata,false,None
230721,ses230721-units-probe1-spk-AAAB.npy,135,3,609,null_or_unclassified,null_or_unclassified,No active phenotype detected,0.05,0.3,within_session_all_units_all_primary_contrasts,false,false,false,missing_unit_metadata,false,None
230721,ses230721-units-probe1-spk-AAAB.npy,136,3,609,null_or_unclassified,null_or_unclassified,No active phenotype detected,0.05,0.3,within_session_all_units_all_primary_contrasts,false,false,false,missing_unit_metadata,false,None
230721,ses230721-units-probe1-spk-AAAB.npy,137,3,609,null_or_unclassified,null_or_unclassified,No active phenotype detected,0.05,0.3,within_session_all_units_all_primary_contrasts,false,false,false,missing_unit_metadata,false,None
230721,ses230721-units-probe1-spk-AAAB.npy,138,3,609,null_or_unclassified,null_or_unclassified,No active phenotype detected,0.05,0.3,within_session_all_units_all_primary_contrasts,false,false,false,missing_unit_metadata,false,None
230721,ses230721-units-probe1-spk-AAAB.npy,139,3,609,null_or_unclassified,null_or_unclassified,No active phenotype detected,0.05,0.3,within_session_all_units_all_primary_contrasts,false,false,false,missing_unit_metadata,false,None
230721,ses230721-units-probe1-spk-AAAB.npy,140,3,609,null_or_unclassified,null_or_unclassified,No active phenotype detected,0.05,0.3,within_session_all_units_all_primary_contrasts,false,false,false,missing_unit_metadata,false,None
230721,ses230721-units-probe1-spk-AAAB.npy,141,3,609,null_or_unclassified,null_or_unclassified,No active phenotype detected,0.05,0.3,within_session_all_units_all_primary_contrasts,false,false,false,missing_unit_metadata,false,None
230721,ses230721-units-probe1-spk-AAAB.npy,142,3,609,null_or_unclassified,null_or_unclassified,No active phenotype detected,0.05,0.3,within_session_all_units_all_primary_contrasts,false,false,false,missing_unit_metadata,false,None
230721,ses230721-units-probe1-spk-AAAB.npy,143,3,609,null_or_unclassified,null_or_unclassified,No active phenotype detected,0.05,0.3,within_session_all_units_all_primary_contrasts,false,false,false,missing_unit_metadata,false,None
230721,ses230721-units-probe1-spk-AAAB.npy,144,3,609,S_minus_candidate,S_minus_candidate,P1 stimulus suppression passed,0.05,0.3,within_session_all_units_all_primary_contrasts,false,false,false,missing_unit_metadata,false,None
230721,ses230721-units-probe1-spk-AAAB.npy,145,3,609,null_or_unclassified,null_or_unclassified,No active phenotype detected,0.05,0.3,within_session_all_units_all_primary_contrasts,false,false,false,missing_unit_metadata,false,None
230721,ses230721-units-probe1-spk-AAAB.npy,146,3,609,null_or_unclassified,null_or_unclassified,No active phenotype detected,0.05,0.3,within_session_all_units_all_primary_contrasts,false,false,false,missing_unit_metadata,false,None
230721,ses230721-units-probe1-spk-AAAB.npy,147,3,609,null_or_unclassified,null_or_unclassified,No active phenotype detected,0.05,0.3,within_session_all_units_all_primary_contrasts,false,false,false,missing_unit_metadata,false,None
230721,ses230721-units-probe1-spk-AAAB.npy,148,3,609,null_or_unclassified,null_or_unclassified,No active phenotype detected,0.05,0.3,within_session_all_units_all_primary_contrasts,false,false,false,missing_unit_metadata,false,None
230721,ses230721-units-probe1-spk-AAAB.npy,149,3,609,null_or_unclassified,null_or_unclassified,No active phenotype detected,0.05,0.3,within_session_all_units_all_primary_contrasts,false,false,false,missing_unit_metadata,false,None
230721,ses230721-units-probe1-spk-AAAB.npy,150,3,609,null_or_unclassified,null_or_unclassified,No active phenotype detected,0.05,0.3,within_session_all_units_all_primary_contrasts,false,false,false,missing_unit_metadata,false,None
230721,ses230721-units-probe1-spk-AAAB.npy,151,3,609,null_or_unclassified,null_or_unclassified,No active phenotype detected,0.05,0.3,within_session_all_units_all_primary_contrasts,false,false,false,missing_unit_metadata,false,None
230721,ses230721-units-probe1-spk-AAAB.npy,152,3,609,null_or_unclassified,null_or_unclassified,No active phenotype detected,0.05,0.3,within_session_all_units_all_primary_contrasts,false,false,false,missing_unit_metadata,false,None
230721,ses230721-units-probe1-spk-AAAB.npy,153,3,609,null_or_unclassified,null_or_unclassified,No active phenotype detected,0.05,0.3,within_session_all_units_all_primary_contrasts,false,false,false,missing_unit_metadata,false,None
230721,ses230721-units-probe1-spk-AAAB.npy,154,3,609,null_or_unclassified,null_or_unclassified,No active phenotype detected,0.05,0.3,within_session_all_units_all_primary_contrasts,false,false,false,missing_unit_metadata,false,None
230721,ses230721-units-probe1-spk-AAAB.npy,155,3,609,null_or_unclassified,null_or_unclassified,No active phenotype detected,0.05,0.3,within_session_all_units_all_primary_contrasts,false,false,false,missing_unit_metadata,false,None
230721,ses230721-units-probe1-spk-AAAB.npy,156,3,609,null_or_unclassified,null_or_unclassified,No active phenotype detected,0.05,0.3,within_session_all_units_all_primary_contrasts,false,false,false,missing_unit_metadata,false,None
230721,ses230721-units-probe1-spk-AAAB.npy,157,3,609,null_or_unclassified,null_or_unclassified,No active phenotype detected,0.05,0.3,within_session_all_units_all_primary_contrasts,false,false,false,missing_unit_metadata,false,None
230721,ses230721-units-probe1-spk-AAAB.npy,158,3,609,null_or_unclassified,null_or_unclassified,No active phenotype detected,0.05,0.3,within_session_all_units_all_primary_contrasts,false,false,false,missing_unit_metadata,false,None
230721,ses230721-units-probe1-spk-AAAB.npy,159,3,609,null_or_unclassified,null_or_unclassified,No active phenotype detected,0.05,0.3,within_session_all_units_all_primary_contrasts,false,false,false,missing_unit_metadata,false,None
230721,ses230721-units-probe1-spk-AAAB.npy,160,3,609,null_or_unclassified,null_or_unclassified,No active phenotype detected,0.05,0.3,within_session_all_units_all_primary_contrasts,false,false,false,missing_unit_metadata,false,None
230721,ses230721-units-probe1-spk-AAAB.npy,161,3,609,null_or_unclassified,null_or_unclassified,No active phenotype detected,0.05,0.3,within_session_all_units_all_primary_contrasts,false,false,false,missing_unit_metadata,false,None
230721,ses230721-units-probe1-spk-AAAB.npy,162,3,609,null_or_unclassified,null_or_unclassified,No active phenotype detected,0.05,0.3,within_session_all_units_all_primary_contrasts,false,false,false,missing_unit_metadata,false,None
230721,ses230721-units-probe1-spk-AAAB.npy,163,3,609,null_or_unclassified,null_or_unclassified,No active phenotype detected,0.05,0.3,within_session_all_units_all_primary_contrasts,false,false,false,missing_unit_metadata,false,None
230721,ses230721-units-probe1-spk-AAAB.npy,164,3,609,null_or_unclassified,null_or_unclassified,No active phenotype detected,0.05,0.3,within_session_all_units_all_primary_contrasts,false,false,false,missing_unit_metadata,false,None
230721,ses230721-units-probe1-spk-AAAB.npy,165,3,609,null_or_unclassified,null_or_unclassified,No active phenotype detected,0.05,0.3,within_session_all_units_all_primary_contrasts,false,false,false,missing_unit_metadata,false,None
230721,ses230721-units-probe1-spk-AAAB.npy,166,3,609,S_minus_candidate,S_minus_candidate,P1 stimulus suppression passed,0.05,0.3,within_session_all_units_all_primary_contrasts,false,false,false,missing_unit_metadata,false,None
230721,ses230721-units-probe1-spk-AAAB.npy,167,3,609,null_or_unclassified,null_or_unclassified,No active phenotype detected,0.05,0.3,within_session_all_units_all_primary_contrasts,false,false,false,missing_unit_metadata,false,None
230721,ses230721-units-probe1-spk-AAAB.npy,168,3,609,null_or_unclassified,null_or_unclassified,No active phenotype detected,0.05,0.3,within_session_all_units_all_primary_contrasts,false,false,false,missing_unit_metadata,false,None
230721,ses230721-units-probe1-spk-AAAB.npy,169,3,609,null_or_unclassified,null_or_unclassified,No active phenotype detected,0.05,0.3,within_session_all_units_all_primary_contrasts,false,false,false,missing_unit_metadata,false,None
230721,ses230721-units-probe1-spk-AAAB.npy,170,3,609,null_or_unclassified,null_or_unclassified,No active phenotype detected,0.05,0.3,within_session_all_units_all_primary_contrasts,false,false,false,missing_unit_metadata,false,None
230721,ses230721-units-probe1-spk-AAAB.npy,171,3,609,null_or_unclassified,null_or_unclassified,No active phenotype detected,0.05,0.3,within_session_all_units_all_primary_contrasts,false,false,false,missing_unit_metadata,false,None
230721,ses230721-units-probe1-spk-AAAB.npy,172,3,609,null_or_unclassified,null_or_unclassified,No active phenotype detected,0.05,0.3,within_session_all_units_all_primary_contrasts,false,false,false,missing_unit_metadata,false,None
230721,ses230721-units-probe1-spk-AAAB.npy,173,3,609,null_or_unclassified,null_or_unclassified,No active phenotype detected,0.05,0.3,within_session_all_units_all_primary_contrasts,false,false,false,missing_unit_metadata,false,None
230721,ses230721-units-probe1-spk-AAAB.npy,174,3,609,null_or_unclassified,null_or_unclassified,No active phenotype detected,0.05,0.3,within_session_all_units_all_primary_contrasts,false,false,false,missing_unit_metadata,false,None
230721,ses230721-units-probe1-spk-AAAB.npy,175,3,609,null_or_unclassified,null_or_unclassified,No active phenotype detected,0.05,0.3,within_session_all_units_all_primary_contrasts,false,false,false,missing_unit_metadata,false,None
230721,ses230721-units-probe1-spk-AAAB.npy,176,3,609,null_or_unclassified,null_or_unclassified,No active phenotype detected,0.05,0.3,within_session_all_units_all_primary_contrasts,false,false,false,missing_unit_metadata,false,None
230721,ses230721-units-probe1-spk-AAAB.npy,177,3,609,null_or_unclassified,null_or_unclassified,No active phenotype detected,0.05,0.3,within_session_all_units_all_primary_contrasts,false,false,false,missing_unit_metadata,false,None
230721,ses230721-units-probe1-spk-AAAB.npy,178,3,609,null_or_unclassified,null_or_unclassified,No active phenotype detected,0.05,0.3,within_session_all_units_all_primary_contrasts,false,false,false,missing_unit_metadata,false,None
230721,ses230721-units-probe1-spk-AAAB.npy,179,3,609,null_or_unclassified,null_or_unclassified,No active phenotype detected,0.05,0.3,within_session_all_units_all_primary_contrasts,false,false,false,missing_unit_metadata,false,None
230721,ses230721-units-probe1-spk-AAAB.npy,180,3,609,null_or_unclassified,null_or_unclassified,No active phenotype detected,0.05,0.3,within_session_all_units_all_primary_contrasts,false,false,false,missing_unit_metadata,false,None
230721,ses230721-units-probe1-spk-AAAB.npy,181,3,609,null_or_unclassified,null_or_unclassified,No active phenotype detected,0.05,0.3,within_session_all_units_all_primary_contrasts,false,false,false,missing_unit_metadata,false,None
230721,ses230721-units-probe1-spk-AAAB.npy,182,3,609,null_or_unclassified,null_or_unclassified,No active phenotype detected,0.05,0.3,within_session_all_units_all_primary_contrasts,false,false,false,missing_unit_metadata,false,None
230721,ses230721-units-probe1-spk-AAAB.npy,183,3,609,null_or_unclassified,null_or_unclassified,No active phenotype detected,0.05,0.3,within_session_all_units_all_primary_contrasts,false,false,false,missing_unit_metadata,false,None
230721,ses230721-units-probe1-spk-AAAB.npy,184,3,609,null_or_unclassified,null_or_unclassified,No active phenotype detected,0.05,0.3,within_session_all_units_all_primary_contrasts,false,false,false,missing_unit_metadata,false,None
230721,ses230721-units-probe1-spk-AAAB.npy,185,3,609,null_or_unclassified,null_or_unclassified,No active phenotype detected,0.05,0.3,within_session_all_units_all_primary_contrasts,false,false,false,missing_unit_metadata,false,None
230721,ses230721-units-probe1-spk-AAAB.npy,186,3,609,null_or_unclassified,null_or_unclassified,No active phenotype detected,0.05,0.3,within_session_all_units_all_primary_contrasts,false,false,false,missing_unit_metadata,false,None
230721,ses230721-units-probe1-spk-AAAB.npy,187,3,609,null_or_unclassified,null_or_unclassified,No active phenotype detected,0.05,0.3,within_session_all_units_all_primary_contrasts,false,false,false,missing_unit_metadata,false,None
230721,ses230721-units-probe1-spk-AAAB.npy,188,3,609,null_or_unclassified,null_or_unclassified,No active phenotype detected,0.05,0.3,within_session_all_units_all_primary_contrasts,false,false,false,missing_unit_metadata,false,None
230721,ses230721-units-probe1-spk-AAAB.npy,189,3,609,null_or_unclassified,null_or_unclassified,No active phenotype detected,0.05,0.3,within_session_all_units_all_primary_contrasts,false,false,false,missing_unit_metadata,false,None
230721,ses230721-units-probe1-spk-AAAB.npy,190,3,609,null_or_unclassified,null_or_unclassified,No active phenotype detected,0.05,0.3,within_session_all_units_all_primary_contrasts,false,false,false,missing_unit_metadata,false,None
230721,ses230721-units-probe1-spk-AAAB.npy,191,3,609,null_or_unclassified,null_or_unclassified,No active phenotype detected,0.05,0.3,within_session_all_units_all_primary_contrasts,false,false,false,missing_unit_metadata,false,None
230721,ses230721-units-probe1-spk-AAAB.npy,192,3,609,null_or_unclassified,null_or_unclassified,No active phenotype detected,0.05,0.3,within_session_all_units_all_primary_contrasts,false,false,false,missing_unit_metadata,false,None
230721,ses230721-units-probe1-spk-AAAB.npy,193,3,609,null_or_unclassified,null_or_unclassified,No active phenotype detected,0.05,0.3,within_session_all_units_all_primary_contrasts,false,false,false,missing_unit_metadata,false,None
230721,ses230721-units-probe1-spk-AAAB.npy,194,3,609,null_or_unclassified,null_or_unclassified,No active phenotype detected,0.05,0.3,within_session_all_units_all_primary_contrasts,false,false,false,missing_unit_metadata,false,None
230721,ses230721-units-probe1-spk-AAAB.npy,195,3,609,null_or_unclassified,null_or_unclassified,No active phenotype detected,0.05,0.3,within_session_all_units_all_primary_contrasts,false,false,false,missing_unit_metadata,false,None
230721,ses230721-units-probe1-spk-AAAB.npy,196,3,609,S_minus_candidate,S_minus_candidate,P1 stimulus suppression passed,0.05,0.3,within_session_all_units_all_primary_contrasts,false,false,false,missing_unit_metadata,false,None
230721,ses230721-units-probe1-spk-AAAB.npy,197,3,609,null_or_unclassified,null_or_unclassified,No active phenotype detected,0.05,0.3,within_session_all_units_all_primary_contrasts,false,false,false,missing_unit_metadata,false,None
230721,ses230721-units-probe1-spk-AAAB.npy,198,3,609,S_plus_candidate,S_plus_candidate,P1 stimulus activation passed,0.05,0.3,within_session_all_units_all_primary_contrasts,false,false,false,missing_unit_metadata,false,None
230721,ses230721-units-probe1-spk-AAAB.npy,199,3,609,null_or_unclassified,null_or_unclassified,No active phenotype detected,0.05,0.3,within_session_all_units_all_primary_contrasts,false,false,false,missing_unit_metadata,false,None
230721,ses230721-units-probe1-spk-AAAB.npy,200,3,609,null_or_unclassified,null_or_unclassified,No active phenotype detected,0.05,0.3,within_session_all_units_all_primary_contrasts,false,false,false,missing_unit_metadata,false,None
230721,ses230721-units-probe1-spk-AAAB.npy,201,3,609,S_plus_candidate,S_plus_candidate,P1 stimulus activation passed,0.05,0.3,within_session_all_units_all_primary_contrasts,false,false,false,missing_unit_metadata,false,None
230721,ses230721-units-probe1-spk-AAAB.npy,202,3,609,null_or_unclassified,null_or_unclassified,No active phenotype detected,0.05,0.3,within_session_all_units_all_primary_contrasts,false,false,false,missing_unit_metadata,false,None
230721,ses230721-units-probe1-spk-AAAB.npy,203,3,609,null_or_unclassified,null_or_unclassified,No active phenotype detected,0.05,0.3,within_session_all_units_all_primary_contrasts,false,false,false,missing_unit_metadata,false,None
230721,ses230721-units-probe1-spk-AAAB.npy,204,3,609,null_or_unclassified,null_or_unclassified,No active phenotype detected,0.05,0.3,within_session_all_units_all_primary_contrasts,false,false,false,missing_unit_metadata,false,None
230721,ses230721-units-probe1-spk-AAAB.npy,205,3,609,null_or_unclassified,null_or_unclassified,No active phenotype detected,0.05,0.3,within_session_all_units_all_primary_contrasts,false,false,false,missing_unit_metadata,false,None
230721,ses230721-units-probe1-spk-AAAB.npy,206,3,609,null_or_unclassified,null_or_unclassified,No active phenotype detected,0.05,0.3,within_session_all_units_all_primary_contrasts,false,false,false,missing_unit_metadata,false,None
230721,ses230721-units-probe1-spk-AAAB.npy,207,3,609,null_or_unclassified,null_or_unclassified,No active phenotype detected,0.05,0.3,within_session_all_units_all_primary_contrasts,false,false,false,missing_unit_metadata,false,None
230721,ses230721-units-probe1-spk-AAAB.npy,208,3,609,null_or_unclassified,null_or_unclassified,No active phenotype detected,0.05,0.3,within_session_all_units_all_primary_contrasts,false,false,false,missing_unit_metadata,false,None
230721,ses230721-units-probe1-spk-AAAB.npy,209,3,609,null_or_unclassified,null_or_unclassified,No active phenotype detected,0.05,0.3,within_session_all_units_all_primary_contrasts,false,false,false,missing_unit_metadata,false,None
230721,ses230721-units-probe1-spk-AAAB.npy,210,3,609,null_or_unclassified,null_or_unclassified,No active phenotype detected,0.05,0.3,within_session_all_units_all_primary_contrasts,false,false,false,missing_unit_metadata,false,None
230721,ses230721-units-probe1-spk-AAAB.npy,211,3,609,null_or_unclassified,null_or_unclassified,No active phenotype detected,0.05,0.3,within_session_all_units_all_primary_contrasts,false,false,false,missing_unit_metadata,false,None
230721,ses230721-units-probe1-spk-AAAB.npy,212,3,609,null_or_unclassified,null_or_unclassified,No active phenotype detected,0.05,0.3,within_session_all_units_all_primary_contrasts,false,false,false,missing_unit_metadata,false,None
230721,ses230721-units-probe1-spk-AAAB.npy,213,3,609,S_minus_candidate,S_minus_candidate,P1 stimulus suppression passed,0.05,0.3,within_session_all_units_all_primary_contrasts,false,false,false,missing_unit_metadata,false,None
230721,ses230721-units-probe1-spk-AAAB.npy,214,3,609,S_plus_candidate,S_plus_candidate,P1 stimulus activation passed,0.05,0.3,within_session_all_units_all_primary_contrasts,false,false,false,missing_unit_metadata,false,None
230721,ses230721-units-probe1-spk-AAAB.npy,215,3,609,S_plus_candidate,S_plus_candidate,P1 stimulus activation passed,0.05,0.3,within_session_all_units_all_primary_contrasts,false,false,false,missing_unit_metadata,false,None
230721,ses230721-units-probe1-spk-AAAB.npy,216,3,609,null_or_unclassified,null_or_unclassified,No active phenotype detected,0.05,0.3,within_session_all_units_all_primary_contrasts,false,false,false,missing_unit_metadata,false,None
230721,ses230721-units-probe1-spk-AAAB.npy,217,3,609,null_or_unclassified,null_or_unclassified,No active phenotype detected,0.05,0.3,within_session_all_units_all_primary_contrasts,false,false,false,missing_unit_metadata,false,None
230721,ses230721-units-probe1-spk-AAAB.npy,218,3,609,null_or_unclassified,null_or_unclassified,No active phenotype detected,0.05,0.3,within_session_all_units_all_primary_contrasts,false,false,false,missing_unit_metadata,false,None
230721,ses230721-units-probe1-spk-AAAB.npy,219,3,609,null_or_unclassified,null_or_unclassified,No active phenotype detected,0.05,0.3,within_session_all_units_all_primary_contrasts,false,false,false,missing_unit_metadata,false,None
230816,ses230816-units-probe0-spk-AAAB.npy,0,9,2625,S_minus_candidate,S_minus_candidate,P1 stimulus suppression passed,0.05,0.3,within_session_all_units_all_primary_contrasts,false,false,false,missing_unit_metadata,false,None
230816,ses230816-units-probe0-spk-AAAB.npy,1,9,2625,S_minus_candidate,S_minus_candidate,P1 stimulus suppression passed,0.05,0.3,within_session_all_units_all_primary_contrasts,false,false,false,missing_unit_metadata,false,None
230816,ses230816-units-probe0-spk-AAAB.npy,2,9,2625,S_minus_candidate,S_minus_candidate,P1 stimulus suppression passed,0.05,0.3,within_session_all_units_all_primary_contrasts,false,false,false,missing_unit_metadata,false,None
230816,ses230816-units-probe0-spk-AAAB.npy,3,9,2625,S_plus_candidate; S_minus_candidate,S_plus_candidate,P1 stimulus suppression passed,0.05,0.3,within_session_all_units_all_primary_contrasts,false,false,false,missing_unit_metadata,false,None
230816,ses230816-units-probe0-spk-AAAB.npy,4,9,2625,S_minus_candidate,S_minus_candidate,P1 stimulus suppression passed,0.05,0.3,within_session_all_units_all_primary_contrasts,false,false,false,missing_unit_metadata,false,None
230816,ses230816-units-probe0-spk-AAAB.npy,5,9,2625,S_minus_candidate,S_minus_candidate,P1 stimulus suppression passed,0.05,0.3,within_session_all_units_all_primary_contrasts,false,false,false,missing_unit_metadata,false,None
230816,ses230816-units-probe0-spk-AAAB.npy,6,9,2625,S_plus_candidate; S_minus_candidate,S_plus_candidate,P1 stimulus suppression passed,0.05,0.3,within_session_all_units_all_primary_contrasts,false,false,false,missing_unit_metadata,false,None
230816,ses230816-units-probe0-spk-AAAB.npy,7,9,2625,S_minus_candidate,S_minus_candidate,P1 stimulus suppression passed,0.05,0.3,within_session_all_units_all_primary_contrasts,false,false,false,missing_unit_metadata,false,None
230816,ses230816-units-probe0-spk-AAAB.npy,8,9,2625,null_or_unclassified,null_or_unclassified,No active phenotype detected,0.05,0.3,within_session_all_units_all_primary_contrasts,false,false,false,missing_unit_metadata,false,None
230816,ses230816-units-probe0-spk-AAAB.npy,9,9,2625,S_plus_candidate,S_plus_candidate,P1 stimulus activation passed,0.05,0.3,within_session_all_units_all_primary_contrasts,false,false,false,missing_unit_metadata,false,None
230816,ses230816-units-probe0-spk-AAAB.npy,10,9,2625,S_plus_candidate; S_minus_candidate,S_plus_candidate,P1 stimulus suppression passed,0.05,0.3,within_session_all_units_all_primary_contrasts,false,false,false,missing_unit_metadata,false,None
230816,ses230816-units-probe0-spk-AAAB.npy,11,9,2625,null_or_unclassified,null_or_unclassified,No active phenotype detected,0.05,0.3,within_session_all_units_all_primary_contrasts,false,false,false,missing_unit_metadata,false,None
230816,ses230816-units-probe0-spk-AAAB.npy,12,9,2625,S_plus_candidate; S_minus_candidate,S_plus_candidate,P1 stimulus suppression passed,0.05,0.3,within_session_all_units_all_primary_contrasts,false,false,false,missing_unit_metadata,false,None
230816,ses230816-units-probe0-spk-AAAB.npy,13,9,2625,S_plus_candidate; S_minus_candidate,S_plus_candidate,P1 stimulus suppression passed,0.05,0.3,within_session_all_units_all_primary_contrasts,false,false,false,missing_unit_metadata,false,None
230816,ses230816-units-probe0-spk-AAAB.npy,14,9,2625,null_or_unclassified,null_or_unclassified,No active phenotype detected,0.05,0.3,within_session_all_units_all_primary_contrasts,false,false,false,missing_unit_metadata,false,None
230816,ses230816-units-probe0-spk-AAAB.npy,15,9,2625,S_plus_candidate,S_plus_candidate,P1 stimulus activation passed,0.05,0.3,within_session_all_units_all_primary_contrasts,false,false,false,missing_unit_metadata,false,None
230816,ses230816-units-probe0-spk-AAAB.npy,16,9,2625,null_or_unclassified,null_or_unclassified,No active phenotype detected,0.05,0.3,within_session_all_units_all_primary_contrasts,false,false,false,missing_unit_metadata,false,None
230816,ses230816-units-probe0-spk-AAAB.npy,17,9,2625,null_or_unclassified,null_or_unclassified,No active phenotype detected,0.05,0.3,within_session_all_units_all_primary_contrasts,false,false,false,missing_unit_metadata,false,None
230816,ses230816-units-probe0-spk-AAAB.npy,18,9,2625,null_or_unclassified,null_or_unclassified,No active phenotype detected,0.05,0.3,within_session_all_units_all_primary_contrasts,false,false,false,missing_unit_metadata,false,None
230816,ses230816-units-probe0-spk-AAAB.npy,19,9,2625,S_plus_candidate,S_plus_candidate,P1 stimulus activation passed,0.05,0.3,within_session_all_units_all_primary_contrasts,false,false,false,missing_unit_metadata,false,None
230816,ses230816-units-probe0-spk-AAAB.npy,20,9,2625,S_minus_candidate; S_plus_candidate,S_plus_candidate,P1 stimulus activation passed,0.05,0.3,within_session_all_units_all_primary_contrasts,false,false,false,missing_unit_metadata,false,None
230816,ses230816-units-probe0-spk-AAAB.npy,21,9,2625,S_minus_candidate,S_minus_candidate,P1 stimulus suppression passed,0.05,0.3,within_session_all_units_all_primary_contrasts,false,false,false,missing_unit_metadata,false,None
230816,ses230816-units-probe0-spk-AAAB.npy,22,9,2625,S_plus_candidate,S_plus_candidate,P1 stimulus activation passed,0.05,0.3,within_session_all_units_all_primary_contrasts,false,false,false,missing_unit_metadata,false,None
230816,ses230816-units-probe0-spk-AAAB.npy,23,9,2625,S_minus_candidate,S_minus_candidate,P1 stimulus suppression passed,0.05,0.3,within_session_all_units_all_primary_contrasts,false,false,false,missing_unit_metadata,false,None
230816,ses230816-units-probe0-spk-AAAB.npy,24,9,2625,S_plus_candidate; S_minus_candidate,S_plus_candidate,P1 stimulus suppression passed,0.05,0.3,within_session_all_units_all_primary_contrasts,false,false,false,missing_unit_metadata,false,None
230816,ses230816-units-probe0-spk-AAAB.npy,25,9,2625,S_plus_candidate; S_minus_candidate,S_plus_candidate,P1 stimulus suppression passed,0.05,0.3,within_session_all_units_all_primary_contrasts,false,false,false,missing_unit_metadata,false,None
230816,ses230816-units-probe0-spk-AAAB.npy,26,9,2625,S_plus_candidate; S_minus_candidate,S_plus_candidate,P1 stimulus suppression passed,0.05,0.3,within_session_all_units_all_primary_contrasts,false,false,false,missing_unit_metadata,false,None
230816,ses230816-units-probe0-spk-AAAB.npy,27,9,2625,S_minus_candidate,S_minus_candidate,P1 stimulus suppression passed,0.05,0.3,within_session_all_units_all_primary_contrasts,false,false,false,missing_unit_metadata,false,None
230816,ses230816-units-probe0-spk-AAAB.npy,28,9,2625,S_minus_candidate,S_minus_candidate,P1 stimulus suppression passed,0.05,0.3,within_session_all_units_all_primary_contrasts,false,false,false,missing_unit_metadata,false,None
230816,ses230816-units-probe0-spk-AAAB.npy,29,9,2625,S_minus_candidate,S_minus_candidate,P1 stimulus suppression passed,0.05,0.3,within_session_all_units_all_primary_contrasts,false,false,false,missing_unit_metadata,false,None
230816,ses230816-units-probe0-spk-AAAB.npy,30,9,2625,S_plus_candidate,S_plus_candidate,P1 stimulus activation passed,0.05,0.3,within_session_all_units_all_primary_contrasts,false,false,false,missing_unit_metadata,false,None
230816,ses230816-units-probe0-spk-AAAB.npy,31,9,2625,S_minus_candidate,S_minus_candidate,P1 stimulus suppression passed,0.05,0.3,within_session_all_units_all_primary_contrasts,false,false,false,missing_unit_metadata,false,None
230816,ses230816-units-probe0-spk-AAAB.npy,32,9,2625,S_plus_candidate,S_plus_candidate,P1 stimulus activation passed,0.05,0.3,within_session_all_units_all_primary_contrasts,false,false,false,missing_unit_metadata,false,None
230816,ses230816-units-probe0-spk-AAAB.npy,33,9,2625,S_plus_candidate,S_plus_candidate,P1 stimulus activation passed,0.05,0.3,within_session_all_units_all_primary_contrasts,false,false,false,missing_unit_metadata,false,None
230816,ses230816-units-probe0-spk-AAAB.npy,34,9,2625,S_plus_candidate,S_plus_candidate,P1 stimulus activation passed,0.05,0.3,within_session_all_units_all_primary_contrasts,false,false,false,missing_unit_metadata,false,None
230816,ses230816-units-probe0-spk-AAAB.npy,35,9,2625,S_plus_candidate,S_plus_candidate,P1 stimulus activation passed,0.05,0.3,within_session_all_units_all_primary_contrasts,false,false,false,missing_unit_metadata,false,None
230816,ses230816-units-probe0-spk-AAAB.npy,36,9,2625,S_plus_candidate; S_minus_candidate,S_plus_candidate,P1 stimulus suppression passed,0.05,0.3,within_session_all_units_all_primary_contrasts,false,false,false,missing_unit_metadata,false,None
230816,ses230816-units-probe0-spk-AAAB.npy,37,9,2625,null_or_unclassified,null_or_unclassified,No active phenotype detected,0.05,0.3,within_session_all_units_all_primary_contrasts,false,false,false,missing_unit_metadata,false,None
230816,ses230816-units-probe0-spk-AAAB.npy,38,9,2625,S_minus_candidate; S_plus_candidate,S_plus_candidate,P1 stimulus activation passed,0.05,0.3,within_session_all_units_all_primary_contrasts,false,false,false,missing_unit_metadata,false,None
230816,ses230816-units-probe0-spk-AAAB.npy,39,9,2625,S_minus_candidate,S_minus_candidate,P1 stimulus suppression passed,0.05,0.3,within_session_all_units_all_primary_contrasts,false,false,false,missing_unit_metadata,false,None
230816,ses230816-units-probe0-spk-AAAB.npy,40,9,2625,S_plus_candidate,S_plus_candidate,P1 stimulus activation passed,0.05,0.3,within_session_all_units_all_primary_contrasts,false,false,false,missing_unit_metadata,false,None
230816,ses230816-units-probe0-spk-AAAB.npy,41,9,2625,S_minus_candidate; S_plus_candidate,S_plus_candidate,P1 stimulus activation passed,0.05,0.3,within_session_all_units_all_primary_contrasts,false,false,false,missing_unit_metadata,false,None
230816,ses230816-units-probe0-spk-AAAB.npy,42,9,2625,S_plus_candidate,S_plus_candidate,P1 stimulus activation passed,0.05,0.3,within_session_all_units_all_primary_contrasts,false,false,false,missing_unit_metadata,false,None
230816,ses230816-units-probe0-spk-AAAB.npy,43,9,2625,S_minus_candidate; S_plus_candidate,S_plus_candidate,P1 stimulus activation passed,0.05,0.3,within_session_all_units_all_primary_contrasts,false,false,false,missing_unit_metadata,false,None
230816,ses230816-units-probe0-spk-AAAB.npy,44,9,2625,S_minus_candidate,S_minus_candidate,P1 stimulus suppression passed,0.05,0.3,within_session_all_units_all_primary_contrasts,false,false,false,missing_unit_metadata,false,None
230816,ses230816-units-probe0-spk-AAAB.npy,45,9,2625,S_minus_candidate; S_plus_candidate,S_plus_candidate,P1 stimulus activation passed,0.05,0.3,within_session_all_units_all_primary_contrasts,false,false,false,missing_unit_metadata,false,None
230816,ses230816-units-probe0-spk-AAAB.npy,46,9,2625,S_minus_candidate; S_plus_candidate,S_plus_candidate,P1 stimulus activation passed,0.05,0.3,within_session_all_units_all_primary_contrasts,false,false,false,missing_unit_metadata,false,None
230816,ses230816-units-probe0-spk-AAAB.npy,47,9,2625,S_minus_candidate; S_plus_candidate,S_plus_candidate,P1 stimulus activation passed,0.05,0.3,within_session_all_units_all_primary_contrasts,false,false,false,missing_unit_metadata,false,None
230816,ses230816-units-probe0-spk-AAAB.npy,48,9,2625,S_plus_candidate,S_plus_candidate,P1 stimulus activation passed,0.05,0.3,within_session_all_units_all_primary_contrasts,false,false,false,missing_unit_metadata,false,None
230816,ses230816-units-probe0-spk-AAAB.npy,49,9,2625,S_minus_candidate; S_plus_candidate,S_plus_candidate,P1 stimulus suppression passed,0.05,0.3,within_session_all_units_all_primary_contrasts,false,false,false,missing_unit_metadata,false,None
230816,ses230816-units-probe0-spk-AAAB.npy,50,9,2625,S_minus_candidate; S_plus_candidate,S_plus_candidate,P1 stimulus activation passed,0.05,0.3,within_session_all_units_all_primary_contrasts,false,false,false,missing_unit_metadata,false,None
230816,ses230816-units-probe0-spk-AAAB.npy,51,9,2625,S_plus_candidate,S_plus_candidate,P1 stimulus activation passed,0.05,0.3,within_session_all_units_all_primary_contrasts,false,false,false,missing_unit_metadata,false,None
230816,ses230816-units-probe0-spk-AAAB.npy,52,9,2625,S_minus_candidate; S_plus_candidate,S_plus_candidate,P1 stimulus activation passed,0.05,0.3,within_session_all_units_all_primary_contrasts,false,false,false,missing_unit_metadata,false,None
230816,ses230816-units-probe0-spk-AAAB.npy,53,9,2625,S_plus_candidate,S_plus_candidate,P1 stimulus activation passed,0.05,0.3,within_session_all_units_all_primary_contrasts,false,false,false,missing_unit_metadata,false,None
230816,ses230816-units-probe0-spk-AAAB.npy,54,9,2625,S_plus_candidate,S_plus_candidate,P1 stimulus activation passed,0.05,0.3,within_session_all_units_all_primary_contrasts,false,false,false,missing_unit_metadata,false,None
230816,ses230816-units-probe0-spk-AAAB.npy,55,9,2625,null_or_unclassified,null_or_unclassified,No active phenotype detected,0.05,0.3,within_session_all_units_all_primary_contrasts,false,false,false,missing_unit_metadata,false,None
230816,ses230816-units-probe0-spk-AAAB.npy,56,9,2625,S_minus_candidate,S_minus_candidate,P1 stimulus suppression passed,0.05,0.3,within_session_all_units_all_primary_contrasts,false,false,false,missing_unit_metadata,false,None
230816,ses230816-units-probe0-spk-AAAB.npy,57,9,2625,null_or_unclassified,null_or_unclassified,No active phenotype detected,0.05,0.3,within_session_all_units_all_primary_contrasts,false,false,false,missing_unit_metadata,false,None
230816,ses230816-units-probe0-spk-AAAB.npy,58,9,2625,null_or_unclassified,null_or_unclassified,No active phenotype detected,0.05,0.3,within_session_all_units_all_primary_contrasts,false,false,false,missing_unit_metadata,false,None
230816,ses230816-units-probe0-spk-AAAB.npy,59,9,2625,S_plus_candidate; S_minus_candidate,S_plus_candidate,P1 stimulus suppression passed,0.05,0.3,within_session_all_units_all_primary_contrasts,false,false,false,missing_unit_metadata,false,None
230816,ses230816-units-probe0-spk-AAAB.npy,60,9,2625,null_or_unclassified,null_or_unclassified,No active phenotype detected,0.05,0.3,within_session_all_units_all_primary_contrasts,false,false,false,missing_unit_metadata,false,None
230816,ses230816-units-probe0-spk-AAAB.npy,61,9,2625,S_plus_candidate; S_minus_candidate,S_plus_candidate,P1 stimulus suppression passed,0.05,0.3,within_session_all_units_all_primary_contrasts,false,false,false,missing_unit_metadata,false,None
230816,ses230816-units-probe0-spk-AAAB.npy,62,9,2625,S_minus_candidate,S_minus_candidate,P1 stimulus suppression passed,0.05,0.3,within_session_all_units_all_primary_contrasts,false,false,false,missing_unit_metadata,false,None
230816,ses230816-units-probe0-spk-AAAB.npy,63,9,2625,S_plus_candidate; S_minus_candidate,S_plus_candidate,P1 stimulus suppression passed,0.05,0.3,within_session_all_units_all_primary_contrasts,false,false,false,missing_unit_metadata,false,None
230816,ses230816-units-probe0-spk-AAAB.npy,64,9,2625,S_minus_candidate,S_minus_candidate,P1 stimulus suppression passed,0.05,0.3,within_session_all_units_all_primary_contrasts,false,false,false,missing_unit_metadata,false,None
230816,ses230816-units-probe0-spk-AAAB.npy,65,9,2625,S_plus_candidate; S_minus_candidate,S_plus_candidate,P1 stimulus suppression passed,0.05,0.3,within_session_all_units_all_primary_contrasts,false,false,false,missing_unit_metadata,false,None
230816,ses230816-units-probe0-spk-AAAB.npy,66,9,2625,null_or_unclassified,null_or_unclassified,No active phenotype detected,0.05,0.3,within_session_all_units_all_primary_contrasts,false,false,false,missing_unit_metadata,false,None
230816,ses230816-units-probe0-spk-AAAB.npy,67,9,2625,S_plus_candidate,S_plus_candidate,P1 stimulus activation passed,0.05,0.3,within_session_all_units_all_primary_contrasts,false,false,false,missing_unit_metadata,false,None
230816,ses230816-units-probe0-spk-AAAB.npy,68,9,2625,S_plus_candidate,S_plus_candidate,P1 stimulus activation passed,0.05,0.3,within_session_all_units_all_primary_contrasts,false,false,false,missing_unit_metadata,false,None
230816,ses230816-units-probe0-spk-AAAB.npy,69,9,2625,S_minus_candidate,S_minus_candidate,P1 stimulus suppression passed,0.05,0.3,within_session_all_units_all_primary_contrasts,false,false,false,missing_unit_metadata,false,None
230816,ses230816-units-probe0-spk-AAAB.npy,70,9,2625,S_minus_candidate,S_minus_candidate,P1 stimulus suppression passed,0.05,0.3,within_session_all_units_all_primary_contrasts,false,false,false,missing_unit_metadata,false,None
230816,ses230816-units-probe0-spk-AAAB.npy,71,9,2625,S_minus_candidate,S_minus_candidate,P1 stimulus suppression passed,0.05,0.3,within_session_all_units_all_primary_contrasts,false,false,false,missing_unit_metadata,false,None
230816,ses230816-units-probe0-spk-AAAB.npy,72,9,2625,S_plus_candidate,S_plus_candidate,P1 stimulus activation passed,0.05,0.3,within_session_all_units_all_primary_contrasts,false,false,false,missing_unit_metadata,false,None
230816,ses230816-units-probe0-spk-AAAB.npy,73,9,2625,null_or_unclassified,null_or_unclassified,No active phenotype detected,0.05,0.3,within_session_all_units_all_primary_contrasts,false,false,false,missing_unit_metadata,false,None
230816,ses230816-units-probe0-spk-AAAB.npy,74,9,2625,S_plus_candidate,S_plus_candidate,P1 stimulus activation passed,0.05,0.3,within_session_all_units_all_primary_contrasts,false,false,false,missing_unit_metadata,false,None
230816,ses230816-units-probe0-spk-AAAB.npy,75,9,2625,S_plus_candidate; S_minus_candidate,S_plus_candidate,P1 stimulus suppression passed,0.05,0.3,within_session_all_units_all_primary_contrasts,false,false,false,missing_unit_metadata,false,None
230816,ses230816-units-probe0-spk-AAAB.npy,76,9,2625,S_minus_candidate,S_minus_candidate,P1 stimulus suppression passed,0.05,0.3,within_session_all_units_all_primary_contrasts,false,false,false,missing_unit_metadata,false,None
230816,ses230816-units-probe0-spk-AAAB.npy,77,9,2625,S_minus_candidate; S_plus_candidate,S_plus_candidate,P1 stimulus activation passed,0.05,0.3,within_session_all_units_all_primary_contrasts,false,false,false,missing_unit_metadata,false,None
230816,ses230816-units-probe0-spk-AAAB.npy,78,9,2625,S_plus_candidate,S_plus_candidate,P1 stimulus activation passed,0.05,0.3,within_session_all_units_all_primary_contrasts,false,false,false,missing_unit_metadata,false,None
230816,ses230816-units-probe0-spk-AAAB.npy,79,9,2625,S_plus_candidate,S_plus_candidate,P1 stimulus activation passed,0.05,0.3,within_session_all_units_all_primary_contrasts,false,false,false,missing_unit_metadata,false,None
230816,ses230816-units-probe0-spk-AAAB.npy,80,9,2625,S_minus_candidate,S_minus_candidate,P1 stimulus suppression passed,0.05,0.3,within_session_all_units_all_primary_contrasts,false,false,false,missing_unit_metadata,false,None
230816,ses230816-units-probe0-spk-AAAB.npy,81,9,2625,S_minus_candidate; S_plus_candidate,S_plus_candidate,P1 stimulus suppression passed,0.05,0.3,within_session_all_units_all_primary_contrasts,false,false,false,missing_unit_metadata,false,None
230816,ses230816-units-probe0-spk-AAAB.npy,82,9,2625,null_or_unclassified,null_or_unclassified,No active phenotype detected,0.05,0.3,within_session_all_units_all_primary_contrasts,false,false,false,missing_unit_metadata,false,None
230816,ses230816-units-probe0-spk-AAAB.npy,83,9,2625,S_minus_candidate; S_plus_candidate,S_plus_candidate,P1 stimulus activation passed,0.05,0.3,within_session_all_units_all_primary_contrasts,false,false,false,missing_unit_metadata,false,None
230816,ses230816-units-probe0-spk-AAAB.npy,84,9,2625,S_plus_candidate; S_minus_candidate,S_plus_candidate,P1 stimulus suppression passed,0.05,0.3,within_session_all_units_all_primary_contrasts,false,false,false,missing_unit_metadata,false,None
230816,ses230816-units-probe0-spk-AAAB.npy,85,9,2625,S_minus_candidate,S_minus_candidate,P1 stimulus suppression passed,0.05,0.3,within_session_all_units_all_primary_contrasts,false,false,false,missing_unit_metadata,false,None
230816,ses230816-units-probe0-spk-AAAB.npy,86,9,2625,S_minus_candidate,S_minus_candidate,P1 stimulus suppression passed,0.05,0.3,within_session_all_units_all_primary_contrasts,false,false,false,missing_unit_metadata,false,None
230816,ses230816-units-probe0-spk-AAAB.npy,87,9,2625,null_or_unclassified,null_or_unclassified,No active phenotype detected,0.05,0.3,within_session_all_units_all_primary_contrasts,false,false,false,missing_unit_metadata,false,None
230816,ses230816-units-probe0-spk-AAAB.npy,88,9,2625,null_or_unclassified,null_or_unclassified,No active phenotype detected,0.05,0.3,within_session_all_units_all_primary_contrasts,false,false,false,missing_unit_metadata,false,None
230816,ses230816-units-probe0-spk-AAAB.npy,89,9,2625,S_minus_candidate; S_plus_candidate,S_plus_candidate,P1 stimulus activation passed,0.05,0.3,within_session_all_units_all_primary_contrasts,false,false,false,missing_unit_metadata,false,None
230816,ses230816-units-probe0-spk-AAAB.npy,90,9,2625,S_plus_candidate,S_plus_candidate,P1 stimulus activation passed,0.05,0.3,within_session_all_units_all_primary_contrasts,false,false,false,missing_unit_metadata,false,None
230816,ses230816-units-probe0-spk-AAAB.npy,91,9,2625,S_plus_candidate,S_plus_candidate,P1 stimulus activation passed,0.05,0.3,within_session_all_units_all_primary_contrasts,false,false,false,missing_unit_metadata,false,None
230816,ses230816-units-probe0-spk-AAAB.npy,92,9,2625,null_or_unclassified,null_or_unclassified,No active phenotype detected,0.05,0.3,within_session_all_units_all_primary_contrasts,false,false,false,missing_unit_metadata,false,None
230816,ses230816-units-probe0-spk-AAAB.npy,93,9,2625,null_or_unclassified,null_or_unclassified,No active phenotype detected,0.05,0.3,within_session_all_units_all_primary_contrasts,false,false,false,missing_unit_metadata,false,None
230816,ses230816-units-probe0-spk-AAAB.npy,94,9,2625,S_plus_candidate,S_plus_candidate,P1 stimulus activation passed,0.05,0.3,within_session_all_units_all_primary_contrasts,false,false,false,missing_unit_metadata,false,None
230816,ses230816-units-probe0-spk-AAAB.npy,95,9,2625,null_or_unclassified,null_or_unclassified,No active phenotype detected,0.05,0.3,within_session_all_units_all_primary_contrasts,false,false,false,missing_unit_metadata,false,None
230816,ses230816-units-probe0-spk-AAAB.npy,96,9,2625,S_plus_candidate; S_minus_candidate,S_plus_candidate,P1 stimulus suppression passed,0.05,0.3,within_session_all_units_all_primary_contrasts,false,false,false,missing_unit_metadata,false,None
230816,ses230816-units-probe0-spk-AAAB.npy,97,9,2625,S_plus_candidate,S_plus_candidate,P1 stimulus activation passed,0.05,0.3,within_session_all_units_all_primary_contrasts,false,false,false,missing_unit_metadata,false,None
230816,ses230816-units-probe0-spk-AAAB.npy,98,9,2625,null_or_unclassified,null_or_unclassified,No active phenotype detected,0.05,0.3,within_session_all_units_all_primary_contrasts,false,false,false,missing_unit_metadata,false,None
230816,ses230816-units-probe0-spk-AAAB.npy,99,9,2625,S_plus_candidate,S_plus_candidate,P1 stimulus activation passed,0.05,0.3,within_session_all_units_all_primary_contrasts,false,false,false,missing_unit_metadata,false,None
230816,ses230816-units-probe0-spk-AAAB.npy,100,9,2625,null_or_unclassified,null_or_unclassified,No active phenotype detected,0.05,0.3,within_session_all_units_all_primary_contrasts,false,false,false,missing_unit_metadata,false,None
230816,ses230816-units-probe0-spk-AAAB.npy,101,9,2625,S_minus_candidate; S_plus_candidate,S_plus_candidate,P1 stimulus activation passed,0.05,0.3,within_session_all_units_all_primary_contrasts,false,false,false,missing_unit_metadata,false,None
230816,ses230816-units-probe1-spk-AAAB.npy,102,6,1750,S_minus_candidate; S_plus_candidate,S_plus_candidate,P1 stimulus activation passed,0.05,0.3,within_session_all_units_all_primary_contrasts,false,false,false,missing_unit_metadata,false,None
230816,ses230816-units-probe1-spk-AAAB.npy,103,6,1750,S_minus_candidate; S_plus_candidate,S_plus_candidate,P1 stimulus activation passed,0.05,0.3,within_session_all_units_all_primary_contrasts,false,false,false,missing_unit_metadata,false,None
230816,ses230816-units-probe1-spk-AAAB.npy,104,6,1750,S_plus_candidate,S_plus_candidate,P1 stimulus activation passed,0.05,0.3,within_session_all_units_all_primary_contrasts,false,false,false,missing_unit_metadata,false,None
230816,ses230816-units-probe1-spk-AAAB.npy,105,6,1750,null_or_unclassified,null_or_unclassified,No active phenotype detected,0.05,0.3,within_session_all_units_all_primary_contrasts,false,false,false,missing_unit_metadata,false,None
230816,ses230816-units-probe1-spk-AAAB.npy,106,6,1750,S_minus_candidate; S_plus_candidate,S_plus_candidate,P1 stimulus activation passed,0.05,0.3,within_session_all_units_all_primary_contrasts,false,false,false,missing_unit_metadata,false,None
230816,ses230816-units-probe1-spk-AAAB.npy,107,6,1750,null_or_unclassified,null_or_unclassified,No active phenotype detected,0.05,0.3,within_session_all_units_all_primary_contrasts,false,false,false,missing_unit_metadata,false,None
230816,ses230816-units-probe1-spk-AAAB.npy,108,6,1750,S_minus_candidate,S_minus_candidate,P1 stimulus suppression passed,0.05,0.3,within_session_all_units_all_primary_contrasts,false,false,false,missing_unit_metadata,false,None
230816,ses230816-units-probe1-spk-AAAB.npy,109,6,1750,null_or_unclassified,null_or_unclassified,No active phenotype detected,0.05,0.3,within_session_all_units_all_primary_contrasts,false,false,false,missing_unit_metadata,false,None
230816,ses230816-units-probe1-spk-AAAB.npy,110,6,1750,S_plus_candidate,S_plus_candidate,P1 stimulus activation passed,0.05,0.3,within_session_all_units_all_primary_contrasts,false,false,false,missing_unit_metadata,false,None
230816,ses230816-units-probe1-spk-AAAB.npy,111,6,1750,null_or_unclassified,null_or_unclassified,No active phenotype detected,0.05,0.3,within_session_all_units_all_primary_contrasts,false,false,false,missing_unit_metadata,false,None
230816,ses230816-units-probe1-spk-AAAB.npy,112,6,1750,S_minus_candidate; S_plus_candidate,S_plus_candidate,P1 stimulus activation passed,0.05,0.3,within_session_all_units_all_primary_contrasts,false,false,false,missing_unit_metadata,false,None
230816,ses230816-units-probe1-spk-AAAB.npy,113,6,1750,S_minus_candidate; S_plus_candidate,S_plus_candidate,P1 stimulus activation passed,0.05,0.3,within_session_all_units_all_primary_contrasts,false,false,false,missing_unit_metadata,false,None
230816,ses230816-units-probe2-spk-AAAB.npy,114,3,875,null_or_unclassified,null_or_unclassified,No active phenotype detected,0.05,0.3,within_session_all_units_all_primary_contrasts,false,false,false,missing_unit_metadata,false,None
230816,ses230816-units-probe2-spk-AAAB.npy,115,3,875,null_or_unclassified,null_or_unclassified,No active phenotype detected,0.05,0.3,within_session_all_units_all_primary_contrasts,false,false,false,missing_unit_metadata,false,None
230816,ses230816-units-probe2-spk-AAAB.npy,116,3,875,S_minus_candidate,S_minus_candidate,P1 stimulus suppression passed,0.05,0.3,within_session_all_units_all_primary_contrasts,false,false,false,missing_unit_metadata,false,None
230816,ses230816-units-probe2-spk-AAAB.npy,117,3,875,S_minus_candidate,S_minus_candidate,P1 stimulus suppression passed,0.05,0.3,within_session_all_units_all_primary_contrasts,false,false,false,missing_unit_metadata,false,None
230816,ses230816-units-probe2-spk-AAAB.npy,118,3,875,null_or_unclassified,null_or_unclassified,No active phenotype detected,0.05,0.3,within_session_all_units_all_primary_contrasts,false,false,false,missing_unit_metadata,false,None
230816,ses230816-units-probe2-spk-AAAB.npy,119,3,875,null_or_unclassified,null_or_unclassified,No active phenotype detected,0.05,0.3,within_session_all_units_all_primary_contrasts,false,false,false,missing_unit_metadata,false,None
230816,ses230816-units-probe2-spk-AAAB.npy,120,3,875,S_minus_candidate,S_minus_candidate,P1 stimulus suppression passed,0.05,0.3,within_session_all_units_all_primary_contrasts,false,false,false,missing_unit_metadata,false,None
230816,ses230816-units-probe2-spk-AAAB.npy,121,3,875,null_or_unclassified,null_or_unclassified,No active phenotype detected,0.05,0.3,within_session_all_units_all_primary_contrasts,false,false,false,missing_unit_metadata,false,None
230816,ses230816-units-probe2-spk-AAAB.npy,122,3,875,S_minus_candidate,S_minus_candidate,P1 stimulus suppression passed,0.05,0.3,within_session_all_units_all_primary_contrasts,false,false,false,missing_unit_metadata,false,None
230816,ses230816-units-probe2-spk-AAAB.npy,123,3,875,S_minus_candidate,S_minus_candidate,P1 stimulus suppression passed,0.05,0.3,within_session_all_units_all_primary_contrasts,false,false,false,missing_unit_metadata,false,None
230816,ses230816-units-probe2-spk-AAAB.npy,124,3,875,null_or_unclassified,null_or_unclassified,No active phenotype detected,0.05,0.3,within_session_all_units_all_primary_contrasts,false,false,false,missing_unit_metadata,false,None
230816,ses230816-units-probe2-spk-AAAB.npy,125,3,875,null_or_unclassified,null_or_unclassified,No active phenotype detected,0.05,0.3,within_session_all_units_all_primary_contrasts,false,false,false,missing_unit_metadata,false,None
230816,ses230816-units-probe2-spk-AAAB.npy,126,3,875,null_or_unclassified,null_or_unclassified,No active phenotype detected,0.05,0.3,within_session_all_units_all_primary_contrasts,false,false,false,missing_unit_metadata,false,None
230816,ses230816-units-probe2-spk-AAAB.npy,127,3,875,S_minus_candidate,S_minus_candidate,P1 stimulus suppression passed,0.05,0.3,within_session_all_units_all_primary_contrasts,false,false,false,missing_unit_metadata,false,None
230816,ses230816-units-probe2-spk-AAAB.npy,128,3,875,S_minus_candidate,S_minus_candidate,P1 stimulus suppression passed,0.05,0.3,within_session_all_units_all_primary_contrasts,false,false,false,missing_unit_metadata,false,None
230816,ses230816-units-probe2-spk-AAAB.npy,129,3,875,null_or_unclassified,null_or_unclassified,No active phenotype detected,0.05,0.3,within_session_all_units_all_primary_contrasts,false,false,false,missing_unit_metadata,false,None
230816,ses230816-units-probe2-spk-AAAB.npy,130,3,875,null_or_unclassified,null_or_unclassified,No active phenotype detected,0.05,0.3,within_session_all_units_all_primary_contrasts,false,false,false,missing_unit_metadata,false,None
230816,ses230816-units-probe2-spk-AAAB.npy,131,3,875,null_or_unclassified,null_or_unclassified,No active phenotype detected,0.05,0.3,within_session_all_units_all_primary_contrasts,false,false,false,missing_unit_metadata,false,None
230816,ses230816-units-probe2-spk-AAAB.npy,132,3,875,null_or_unclassified,null_or_unclassified,No active phenotype detected,0.05,0.3,within_session_all_units_all_primary_contrasts,false,false,false,missing_unit_metadata,false,None
230816,ses230816-units-probe2-spk-AAAB.npy,133,3,875,S_plus_candidate,S_plus_candidate,P1 stimulus activation passed,0.05,0.3,within_session_all_units_all_primary_contrasts,false,false,false,missing_unit_metadata,false,None
230816,ses230816-units-probe2-spk-AAAB.npy,134,3,875,null_or_unclassified,null_or_unclassified,No active phenotype detected,0.05,0.3,within_session_all_units_all_primary_contrasts,false,false,false,missing_unit_metadata,false,None
230816,ses230816-units-probe2-spk-AAAB.npy,135,3,875,null_or_unclassified,null_or_unclassified,No active phenotype detected,0.05,0.3,within_session_all_units_all_primary_contrasts,false,false,false,missing_unit_metadata,false,None
230816,ses230816-units-probe2-spk-AAAB.npy,136,3,875,null_or_unclassified,null_or_unclassified,No active phenotype detected,0.05,0.3,within_session_all_units_all_primary_contrasts,false,false,false,missing_unit_metadata,false,None
230816,ses230816-units-probe2-spk-AAAB.npy,137,3,875,S_plus_candidate,S_plus_candidate,P1 stimulus activation passed,0.05,0.3,within_session_all_units_all_primary_contrasts,false,false,false,missing_unit_metadata,false,None
230816,ses230816-units-probe2-spk-AAAB.npy,138,3,875,S_plus_candidate; S_minus_candidate,S_plus_candidate,P1 stimulus activation passed,0.05,0.3,within_session_all_units_all_primary_contrasts,false,false,false,missing_unit_metadata,false,None
230816,ses230816-units-probe2-spk-AAAB.npy,139,3,875,null_or_unclassified,null_or_unclassified,No active phenotype detected,0.05,0.3,within_session_all_units_all_primary_contrasts,false,false,false,missing_unit_metadata,false,None
230816,ses230816-units-probe2-spk-AAAB.npy,140,3,875,null_or_unclassified,null_or_unclassified,No active phenotype detected,0.05,0.3,within_session_all_units_all_primary_contrasts,false,false,false,missing_unit_metadata,false,None
230818,ses230818-units-probe0-spk-AAAB.npy,0,12,1989,S_minus_candidate,S_minus_candidate,P1 stimulus suppression passed,0.05,0.3,within_session_all_units_all_primary_contrasts,false,false,false,row_order_count_matched_unvalidated,false,None
230818,ses230818-units-probe0-spk-AAAB.npy,1,12,1989,S_minus_candidate,S_minus_candidate,P1 stimulus suppression passed,0.05,0.3,within_session_all_units_all_primary_contrasts,false,false,false,row_order_count_matched_unvalidated,false,None
230818,ses230818-units-probe0-spk-AAAB.npy,2,12,1989,null_or_unclassified,null_or_unclassified,No active phenotype detected,0.05,0.3,within_session_all_units_all_primary_contrasts,false,false,false,row_order_count_matched_unvalidated,false,None
230818,ses230818-units-probe0-spk-AAAB.npy,3,12,1989,O_plus_candidate; S_plus_candidate,O_plus_candidate,P1 stimulus activation passed,0.05,0.3,within_session_all_units_all_primary_contrasts,false,false,false,row_order_count_matched_unvalidated,false,None
230818,ses230818-units-probe0-spk-AAAB.npy,4,12,1989,S_plus_candidate,S_plus_candidate,P1 stimulus activation passed,0.05,0.3,within_session_all_units_all_primary_contrasts,false,false,false,row_order_count_matched_unvalidated,false,None
230818,ses230818-units-probe0-spk-AAAB.npy,5,12,1989,null_or_unclassified,null_or_unclassified,No active phenotype detected,0.05,0.3,within_session_all_units_all_primary_contrasts,false,false,false,row_order_count_matched_unvalidated,false,None
230818,ses230818-units-probe0-spk-AAAB.npy,6,12,1989,null_or_unclassified,null_or_unclassified,No active phenotype detected,0.05,0.3,within_session_all_units_all_primary_contrasts,false,false,false,row_order_count_matched_unvalidated,false,None
230818,ses230818-units-probe0-spk-AAAB.npy,7,12,1989,null_or_unclassified,null_or_unclassified,No active phenotype detected,0.05,0.3,within_session_all_units_all_primary_contrasts,false,false,false,row_order_count_matched_unvalidated,false,None
230818,ses230818-units-probe0-spk-AAAB.npy,8,12,1989,S_minus_candidate,S_minus_candidate,P1 stimulus suppression passed,0.05,0.3,within_session_all_units_all_primary_contrasts,false,false,false,row_order_count_matched_unvalidated,false,None
230818,ses230818-units-probe0-spk-AAAB.npy,9,12,1989,S_minus_candidate; S_plus_candidate,S_plus_candidate,P1 stimulus activation passed,0.05,0.3,within_session_all_units_all_primary_contrasts,false,false,false,row_order_count_matched_unvalidated,false,None
230818,ses230818-units-probe0-spk-AAAB.npy,10,12,1989,S_plus_candidate,S_plus_candidate,P1 stimulus activation passed,0.05,0.3,within_session_all_units_all_primary_contrasts,false,false,false,row_order_count_matched_unvalidated,false,None
230818,ses230818-units-probe0-spk-AAAB.npy,11,12,1989,null_or_unclassified,null_or_unclassified,No active phenotype detected,0.05,0.3,within_session_all_units_all_primary_contrasts,false,false,false,row_order_count_matched_unvalidated,false,None
230818,ses230818-units-probe0-spk-AAAB.npy,12,12,1989,S_plus_candidate,S_plus_candidate,P1 stimulus activation passed,0.05,0.3,within_session_all_units_all_primary_contrasts,false,false,false,row_order_count_matched_unvalidated,false,None
230818,ses230818-units-probe0-spk-AAAB.npy,13,12,1989,S_plus_candidate,S_plus_candidate,P1 stimulus activation passed,0.05,0.3,within_session_all_units_all_primary_contrasts,false,false,false,row_order_count_matched_unvalidated,false,None
230818,ses230818-units-probe0-spk-AAAB.npy,14,12,1989,S_plus_candidate,S_plus_candidate,P1 stimulus activation passed,0.05,0.3,within_session_all_units_all_primary_contrasts,false,false,false,row_order_count_matched_unvalidated,false,None
230818,ses230818-units-probe0-spk-AAAB.npy,15,12,1989,S_plus_candidate,S_plus_candidate,P1 stimulus activation passed,0.05,0.3,within_session_all_units_all_primary_contrasts,false,false,false,row_order_count_matched_unvalidated,false,None
230818,ses230818-units-probe0-spk-AAAB.npy,16,12,1989,S_plus_candidate,S_plus_candidate,P1 stimulus activation passed,0.05,0.3,within_session_all_units_all_primary_contrasts,false,false,false,row_order_count_matched_unvalidated,false,None
230818,ses230818-units-probe0-spk-AAAB.npy,17,12,1989,S_minus_candidate; S_plus_candidate,S_plus_candidate,P1 stimulus activation passed,0.05,0.3,within_session_all_units_all_primary_contrasts,false,false,false,row_order_count_matched_unvalidated,false,None
230818,ses230818-units-probe0-spk-AAAB.npy,18,12,1989,S_plus_candidate,S_plus_candidate,P1 stimulus activation passed,0.05,0.3,within_session_all_units_all_primary_contrasts,false,false,false,row_order_count_matched_unvalidated,false,None
230818,ses230818-units-probe0-spk-AAAB.npy,19,12,1989,S_plus_candidate,S_plus_candidate,P1 stimulus activation passed,0.05,0.3,within_session_all_units_all_primary_contrasts,false,false,false,row_order_count_matched_unvalidated,false,None
230818,ses230818-units-probe0-spk-AAAB.npy,20,12,1989,S_plus_candidate,S_plus_candidate,P1 stimulus activation passed,0.05,0.3,within_session_all_units_all_primary_contrasts,false,false,false,row_order_count_matched_unvalidated,false,None
230818,ses230818-units-probe0-spk-AAAB.npy,21,12,1989,S_plus_candidate; O_plus_candidate,O_plus_candidate,P1 stimulus activation passed,0.05,0.3,within_session_all_units_all_primary_contrasts,false,false,false,row_order_count_matched_unvalidated,false,None
230818,ses230818-units-probe0-spk-AAAB.npy,22,12,1989,S_minus_candidate; S_plus_candidate,S_plus_candidate,P1 stimulus activation passed,0.05,0.3,within_session_all_units_all_primary_contrasts,false,false,false,row_order_count_matched_unvalidated,false,None
230818,ses230818-units-probe0-spk-AAAB.npy,23,12,1989,S_plus_candidate,S_plus_candidate,P1 stimulus activation passed,0.05,0.3,within_session_all_units_all_primary_contrasts,false,false,false,row_order_count_matched_unvalidated,false,None
230818,ses230818-units-probe0-spk-AAAB.npy,24,12,1989,S_minus_candidate; O_minus_candidate; S_plus_candidate,O_minus_candidate,P1 stimulus activation passed,0.05,0.3,within_session_all_units_all_primary_contrasts,false,false,false,row_order_count_matched_unvalidated,false,None
230818,ses230818-units-probe0-spk-AAAB.npy,25,12,1989,S_plus_candidate,S_plus_candidate,P1 stimulus activation passed,0.05,0.3,within_session_all_units_all_primary_contrasts,false,false,false,row_order_count_matched_unvalidated,false,None
230818,ses230818-units-probe0-spk-AAAB.npy,26,12,1989,S_plus_candidate,S_plus_candidate,P1 stimulus activation passed,0.05,0.3,within_session_all_units_all_primary_contrasts,false,false,false,row_order_count_matched_unvalidated,false,None
230818,ses230818-units-probe0-spk-AAAB.npy,27,12,1989,S_minus_candidate; S_plus_candidate,S_plus_candidate,P1 stimulus activation passed,0.05,0.3,within_session_all_units_all_primary_contrasts,false,false,false,row_order_count_matched_unvalidated,false,None
230818,ses230818-units-probe0-spk-AAAB.npy,28,12,1989,S_plus_candidate,S_plus_candidate,P1 stimulus activation passed,0.05,0.3,within_session_all_units_all_primary_contrasts,false,false,false,row_order_count_matched_unvalidated,false,None
230818,ses230818-units-probe0-spk-AAAB.npy,29,12,1989,S_plus_candidate,S_plus_candidate,P1 stimulus activation passed,0.05,0.3,within_session_all_units_all_primary_contrasts,false,false,false,row_order_count_matched_unvalidated,false,None
230818,ses230818-units-probe0-spk-AAAB.npy,30,12,1989,O_minus_candidate; S_plus_candidate,O_minus_candidate,P1 stimulus activation passed,0.05,0.3,within_session_all_units_all_primary_contrasts,false,false,false,row_order_count_matched_unvalidated,false,None
230818,ses230818-units-probe0-spk-AAAB.npy,31,12,1989,S_plus_candidate,S_plus_candidate,P1 stimulus activation passed,0.05,0.3,within_session_all_units_all_primary_contrasts,false,false,false,row_order_count_matched_unvalidated,false,None
230818,ses230818-units-probe0-spk-AAAB.npy,32,12,1989,O_plus_candidate; X_candidate; S_plus_candidate,X_candidate,P1 stimulus activation passed,0.05,0.3,within_session_all_units_all_primary_contrasts,false,false,false,row_order_count_matched_unvalidated,false,None
230818,ses230818-units-probe0-spk-AAAB.npy,33,12,1989,S_plus_candidate,S_plus_candidate,P1 stimulus activation passed,0.05,0.3,within_session_all_units_all_primary_contrasts,false,false,false,row_order_count_matched_unvalidated,false,None
230818,ses230818-units-probe0-spk-AAAB.npy,34,12,1989,O_plus_candidate; X_candidate; S_plus_candidate,X_candidate,P1 stimulus activation passed,0.05,0.3,within_session_all_units_all_primary_contrasts,false,false,false,row_order_count_matched_unvalidated,false,None
230818,ses230818-units-probe0-spk-AAAB.npy,35,12,1989,S_plus_candidate,S_plus_candidate,P1 stimulus activation passed,0.05,0.3,within_session_all_units_all_primary_contrasts,false,false,false,row_order_count_matched_unvalidated,false,None
230818,ses230818-units-probe0-spk-AAAB.npy,36,12,1989,S_minus_candidate; S_plus_candidate,S_plus_candidate,P1 stimulus activation passed,0.05,0.3,within_session_all_units_all_primary_contrasts,false,false,false,row_order_count_matched_unvalidated,false,None
230818,ses230818-units-probe0-spk-AAAB.npy,37,12,1989,S_minus_candidate; S_plus_candidate,S_plus_candidate,P1 stimulus activation passed,0.05,0.3,within_session_all_units_all_primary_contrasts,false,false,false,row_order_count_matched_unvalidated,false,None
230818,ses230818-units-probe0-spk-AAAB.npy,38,12,1989,S_minus_candidate; S_plus_candidate,S_plus_candidate,P1 stimulus activation passed,0.05,0.3,within_session_all_units_all_primary_contrasts,false,false,false,row_order_count_matched_unvalidated,false,None
230818,ses230818-units-probe0-spk-AAAB.npy,39,12,1989,S_minus_candidate; S_plus_candidate,S_plus_candidate,P1 stimulus activation passed,0.05,0.3,within_session_all_units_all_primary_contrasts,false,false,false,row_order_count_matched_unvalidated,false,None
230818,ses230818-units-probe0-spk-AAAB.npy,40,12,1989,S_plus_candidate,S_plus_candidate,P1 stimulus activation passed,0.05,0.3,within_session_all_units_all_primary_contrasts,false,false,false,row_order_count_matched_unvalidated,false,None
230818,ses230818-units-probe0-spk-AAAB.npy,41,12,1989,S_minus_candidate; S_plus_candidate,S_plus_candidate,P1 stimulus activation passed,0.05,0.3,within_session_all_units_all_primary_contrasts,false,false,false,row_order_count_matched_unvalidated,false,None
230818,ses230818-units-probe0-spk-AAAB.npy,42,12,1989,O_plus_candidate; S_plus_candidate,O_plus_candidate,P1 stimulus activation passed,0.05,0.3,within_session_all_units_all_primary_contrasts,false,false,false,row_order_count_matched_unvalidated,false,None
230818,ses230818-units-probe0-spk-AAAB.npy,43,12,1989,S_plus_candidate,S_plus_candidate,P1 stimulus activation passed,0.05,0.3,within_session_all_units_all_primary_contrasts,false,false,false,row_order_count_matched_unvalidated,false,None
230818,ses230818-units-probe0-spk-AAAB.npy,44,12,1989,S_plus_candidate,S_plus_candidate,P1 stimulus activation passed,0.05,0.3,within_session_all_units_all_primary_contrasts,false,false,false,row_order_count_matched_unvalidated,false,None
230818,ses230818-units-probe0-spk-AAAB.npy,45,12,1989,S_minus_candidate; O_minus_candidate; S_plus_candidate,O_minus_candidate,P1 stimulus activation passed,0.05,0.3,within_session_all_units_all_primary_contrasts,false,false,false,row_order_count_matched_unvalidated,false,None
230818,ses230818-units-probe0-spk-AAAB.npy,46,12,1989,S_minus_candidate; O_minus_candidate,O_minus_candidate,Omission local suppression passed,0.05,0.3,within_session_all_units_all_primary_contrasts,false,false,false,row_order_count_matched_unvalidated,false,None
230818,ses230818-units-probe0-spk-AAAB.npy,47,12,1989,S_minus_candidate; S_plus_candidate,S_plus_candidate,P1 stimulus activation passed,0.05,0.3,within_session_all_units_all_primary_contrasts,false,false,false,row_order_count_matched_unvalidated,false,None
230818,ses230818-units-probe0-spk-AAAB.npy,48,12,1989,null_or_unclassified,null_or_unclassified,No active phenotype detected,0.05,0.3,within_session_all_units_all_primary_contrasts,false,false,false,row_order_count_matched_unvalidated,false,None
230818,ses230818-units-probe0-spk-AAAB.npy,49,12,1989,S_minus_candidate,S_minus_candidate,P1 stimulus suppression passed,0.05,0.3,within_session_all_units_all_primary_contrasts,false,false,false,row_order_count_matched_unvalidated,false,None
230818,ses230818-units-probe0-spk-AAAB.npy,50,12,1989,S_plus_candidate,S_plus_candidate,P1 stimulus activation passed,0.05,0.3,within_session_all_units_all_primary_contrasts,false,false,false,row_order_count_matched_unvalidated,false,None
230818,ses230818-units-probe0-spk-AAAB.npy,51,12,1989,S_minus_candidate; O_minus_candidate; S_plus_candidate,O_minus_candidate,P1 stimulus activation passed,0.05,0.3,within_session_all_units_all_primary_contrasts,false,false,false,row_order_count_matched_unvalidated,false,None
230818,ses230818-units-probe0-spk-AAAB.npy,52,12,1989,S_minus_candidate; S_plus_candidate,S_plus_candidate,P1 stimulus activation passed,0.05,0.3,within_session_all_units_all_primary_contrasts,false,false,false,row_order_count_matched_unvalidated,false,None
230818,ses230818-units-probe0-spk-AAAB.npy,53,12,1989,null_or_unclassified,null_or_unclassified,No active phenotype detected,0.05,0.3,within_session_all_units_all_primary_contrasts,false,false,false,row_order_count_matched_unvalidated,false,None
230818,ses230818-units-probe0-spk-AAAB.npy,54,12,1989,S_plus_candidate,S_plus_candidate,P1 stimulus activation passed,0.05,0.3,within_session_all_units_all_primary_contrasts,false,false,false,row_order_count_matched_unvalidated,false,None
230818,ses230818-units-probe0-spk-AAAB.npy,55,12,1989,S_plus_candidate,S_plus_candidate,P1 stimulus activation passed,0.05,0.3,within_session_all_units_all_primary_contrasts,false,false,false,row_order_count_matched_unvalidated,false,None
230818,ses230818-units-probe0-spk-AAAB.npy,56,12,1989,S_plus_candidate,S_plus_candidate,P1 stimulus activation passed,0.05,0.3,within_session_all_units_all_primary_contrasts,false,false,false,row_order_count_matched_unvalidated,false,None
230818,ses230818-units-probe0-spk-AAAB.npy,57,12,1989,S_minus_candidate,S_minus_candidate,P1 stimulus suppression passed,0.05,0.3,within_session_all_units_all_primary_contrasts,false,false,false,row_order_count_matched_unvalidated,false,None
230818,ses230818-units-probe0-spk-AAAB.npy,58,12,1989,S_minus_candidate,S_minus_candidate,P1 stimulus suppression passed,0.05,0.3,within_session_all_units_all_primary_contrasts,false,false,false,row_order_count_matched_unvalidated,false,None
230818,ses230818-units-probe0-spk-AAAB.npy,59,12,1989,O_plus_candidate; X_candidate; S_minus_candidate,X_candidate,P1 stimulus suppression passed,0.05,0.3,within_session_all_units_all_primary_contrasts,false,false,false,row_order_count_matched_unvalidated,false,None
230818,ses230818-units-probe0-spk-AAAB.npy,60,12,1989,S_minus_candidate,S_minus_candidate,P1 stimulus suppression passed,0.05,0.3,within_session_all_units_all_primary_contrasts,false,false,false,row_order_count_matched_unvalidated,false,None
230818,ses230818-units-probe0-spk-AAAB.npy,61,12,1989,S_minus_candidate; S_plus_candidate,S_plus_candidate,P1 stimulus activation passed,0.05,0.3,within_session_all_units_all_primary_contrasts,false,false,false,row_order_count_matched_unvalidated,false,None
230818,ses230818-units-probe0-spk-AAAB.npy,62,12,1989,S_plus_candidate,S_plus_candidate,P1 stimulus activation passed,0.05,0.3,within_session_all_units_all_primary_contrasts,false,false,false,row_order_count_matched_unvalidated,false,None
230818,ses230818-units-probe0-spk-AAAB.npy,63,12,1989,S_plus_candidate,S_plus_candidate,P1 stimulus activation passed,0.05,0.3,within_session_all_units_all_primary_contrasts,false,false,false,row_order_count_matched_unvalidated,false,None
230818,ses230818-units-probe0-spk-AAAB.npy,64,12,1989,S_plus_candidate,S_plus_candidate,P1 stimulus activation passed,0.05,0.3,within_session_all_units_all_primary_contrasts,false,false,false,row_order_count_matched_unvalidated,false,None
230818,ses230818-units-probe0-spk-AAAB.npy,65,12,1989,S_minus_candidate,S_minus_candidate,P1 stimulus suppression passed,0.05,0.3,within_session_all_units_all_primary_contrasts,false,false,false,row_order_count_matched_unvalidated,false,None
230818,ses230818-units-probe0-spk-AAAB.npy,66,12,1989,null_or_unclassified,null_or_unclassified,No active phenotype detected,0.05,0.3,within_session_all_units_all_primary_contrasts,false,false,false,row_order_count_matched_unvalidated,false,None
230818,ses230818-units-probe0-spk-AAAB.npy,67,12,1989,S_plus_candidate; S_minus_candidate,S_plus_candidate,P1 stimulus suppression passed,0.05,0.3,within_session_all_units_all_primary_contrasts,false,false,false,row_order_count_matched_unvalidated,false,None
230818,ses230818-units-probe0-spk-AAAB.npy,68,12,1989,S_minus_candidate,S_minus_candidate,P1 stimulus suppression passed,0.05,0.3,within_session_all_units_all_primary_contrasts,false,false,false,row_order_count_matched_unvalidated,false,None
230818,ses230818-units-probe0-spk-AAAB.npy,69,12,1989,S_minus_candidate; O_minus_candidate,O_minus_candidate,P1 stimulus suppression passed,0.05,0.3,within_session_all_units_all_primary_contrasts,false,false,false,row_order_count_matched_unvalidated,false,None
230818,ses230818-units-probe0-spk-AAAB.npy,70,12,1989,O_plus_candidate; X_candidate; S_minus_candidate,X_candidate,P1 stimulus suppression passed,0.05,0.3,within_session_all_units_all_primary_contrasts,false,false,false,row_order_count_matched_unvalidated,false,None
230818,ses230818-units-probe0-spk-AAAB.npy,71,12,1989,S_minus_candidate,S_minus_candidate,P1 stimulus suppression passed,0.05,0.3,within_session_all_units_all_primary_contrasts,false,false,false,row_order_count_matched_unvalidated,false,None
230818,ses230818-units-probe0-spk-AAAB.npy,72,12,1989,O_minus_candidate; O_plus_candidate; X_candidate,X_candidate,Omission local activation passed; Omission selective contrast passed,0.05,0.3,within_session_all_units_all_primary_contrasts,false,false,false,row_order_count_matched_unvalidated,false,None
230818,ses230818-units-probe0-spk-AAAB.npy,73,12,1989,S_plus_candidate,S_plus_candidate,P1 stimulus activation passed,0.05,0.3,within_session_all_units_all_primary_contrasts,false,false,false,row_order_count_matched_unvalidated,false,None
230818,ses230818-units-probe0-spk-AAAB.npy,74,12,1989,S_plus_candidate,S_plus_candidate,P1 stimulus activation passed,0.05,0.3,within_session_all_units_all_primary_contrasts,false,false,false,row_order_count_matched_unvalidated,false,None
230818,ses230818-units-probe0-spk-AAAB.npy,75,12,1989,S_plus_candidate,S_plus_candidate,P1 stimulus activation passed,0.05,0.3,within_session_all_units_all_primary_contrasts,false,false,false,row_order_count_matched_unvalidated,false,None
230818,ses230818-units-probe0-spk-AAAB.npy,76,12,1989,S_minus_candidate,S_minus_candidate,P1 stimulus suppression passed,0.05,0.3,within_session_all_units_all_primary_contrasts,false,false,false,row_order_count_matched_unvalidated,false,None
230818,ses230818-units-probe0-spk-AAAB.npy,77,12,1989,S_minus_candidate; S_plus_candidate,S_plus_candidate,P1 stimulus activation passed,0.05,0.3,within_session_all_units_all_primary_contrasts,false,false,false,row_order_count_matched_unvalidated,false,None
230818,ses230818-units-probe0-spk-AAAB.npy,78,12,1989,O_minus_candidate; S_plus_candidate,O_minus_candidate,P1 stimulus activation passed,0.05,0.3,within_session_all_units_all_primary_contrasts,false,false,false,row_order_count_matched_unvalidated,false,None
230818,ses230818-units-probe0-spk-AAAB.npy,79,12,1989,S_plus_candidate,S_plus_candidate,P1 stimulus activation passed,0.05,0.3,within_session_all_units_all_primary_contrasts,false,false,false,row_order_count_matched_unvalidated,false,None
230818,ses230818-units-probe0-spk-AAAB.npy,80,12,1989,S_minus_candidate; S_plus_candidate,S_plus_candidate,P1 stimulus activation passed,0.05,0.3,within_session_all_units_all_primary_contrasts,false,false,false,row_order_count_matched_unvalidated,false,None
230818,ses230818-units-probe0-spk-AAAB.npy,81,12,1989,S_minus_candidate; S_plus_candidate,S_plus_candidate,P1 stimulus activation passed,0.05,0.3,within_session_all_units_all_primary_contrasts,false,false,false,row_order_count_matched_unvalidated,false,None
230818,ses230818-units-probe0-spk-AAAB.npy,82,12,1989,O_plus_candidate; S_plus_candidate,O_plus_candidate,P1 stimulus activation passed,0.05,0.3,within_session_all_units_all_primary_contrasts,false,false,false,row_order_count_matched_unvalidated,false,None
230818,ses230818-units-probe0-spk-AAAB.npy,83,12,1989,S_plus_candidate,S_plus_candidate,P1 stimulus activation passed,0.05,0.3,within_session_all_units_all_primary_contrasts,false,false,false,row_order_count_matched_unvalidated,false,None
230818,ses230818-units-probe0-spk-AAAB.npy,84,12,1989,O_plus_candidate; S_plus_candidate,O_plus_candidate,P1 stimulus activation passed,0.05,0.3,within_session_all_units_all_primary_contrasts,false,false,false,row_order_count_matched_unvalidated,false,None
230818,ses230818-units-probe0-spk-AAAB.npy,85,12,1989,O_plus_candidate; X_candidate; S_plus_candidate,X_candidate,P1 stimulus activation passed,0.05,0.3,within_session_all_units_all_primary_contrasts,false,false,false,row_order_count_matched_unvalidated,false,None
230818,ses230818-units-probe0-spk-AAAB.npy,86,12,1989,S_minus_candidate; S_plus_candidate,S_plus_candidate,P1 stimulus activation passed,0.05,0.3,within_session_all_units_all_primary_contrasts,false,false,false,row_order_count_matched_unvalidated,false,None
230818,ses230818-units-probe0-spk-AAAB.npy,87,12,1989,S_plus_candidate,S_plus_candidate,P1 stimulus activation passed,0.05,0.3,within_session_all_units_all_primary_contrasts,false,false,false,row_order_count_matched_unvalidated,false,None
230818,ses230818-units-probe0-spk-AAAB.npy,88,12,1989,S_plus_candidate,S_plus_candidate,P1 stimulus activation passed,0.05,0.3,within_session_all_units_all_primary_contrasts,false,false,false,row_order_count_matched_unvalidated,false,None
230818,ses230818-units-probe0-spk-AAAB.npy,89,12,1989,S_plus_candidate,S_plus_candidate,P1 stimulus activation passed,0.05,0.3,within_session_all_units_all_primary_contrasts,false,false,false,row_order_count_matched_unvalidated,false,None
230818,ses230818-units-probe0-spk-AAAB.npy,90,12,1989,O_plus_candidate; X_candidate; S_plus_candidate,X_candidate,P1 stimulus activation passed,0.05,0.3,within_session_all_units_all_primary_contrasts,false,false,false,row_order_count_matched_unvalidated,false,None
230818,ses230818-units-probe0-spk-AAAB.npy,91,12,1989,S_minus_candidate,S_minus_candidate,P1 stimulus suppression passed,0.05,0.3,within_session_all_units_all_primary_contrasts,false,false,false,row_order_count_matched_unvalidated,false,None
230818,ses230818-units-probe0-spk-AAAB.npy,92,12,1989,S_plus_candidate; S_minus_candidate,S_plus_candidate,P1 stimulus suppression passed,0.05,0.3,within_session_all_units_all_primary_contrasts,false,false,false,row_order_count_matched_unvalidated,false,None
230818,ses230818-units-probe0-spk-AAAB.npy,93,12,1989,S_minus_candidate; S_plus_candidate,S_plus_candidate,P1 stimulus activation passed,0.05,0.3,within_session_all_units_all_primary_contrasts,false,false,false,row_order_count_matched_unvalidated,false,None
230818,ses230818-units-probe0-spk-AAAB.npy,94,12,1989,O_plus_candidate; X_candidate; S_minus_candidate,X_candidate,P1 stimulus suppression passed,0.05,0.3,within_session_all_units_all_primary_contrasts,false,false,false,row_order_count_matched_unvalidated,false,None
230818,ses230818-units-probe0-spk-AAAB.npy,95,12,1989,S_minus_candidate; S_plus_candidate; O_minus_candidate,O_minus_candidate,Omission local suppression passed,0.05,0.3,within_session_all_units_all_primary_contrasts,false,false,false,row_order_count_matched_unvalidated,false,None
230818,ses230818-units-probe0-spk-AAAB.npy,96,12,1989,S_minus_candidate,S_minus_candidate,P1 stimulus suppression passed,0.05,0.3,within_session_all_units_all_primary_contrasts,false,false,false,row_order_count_matched_unvalidated,false,None
230818,ses230818-units-probe0-spk-AAAB.npy,97,12,1989,S_plus_candidate; O_plus_candidate; X_candidate; S_minus_candidate; O_minus_candidate,X_candidate,Omission local suppression passed,0.05,0.3,within_session_all_units_all_primary_contrasts,false,false,false,row_order_count_matched_unvalidated,false,None
230818,ses230818-units-probe0-spk-AAAB.npy,98,12,1989,S_minus_candidate,S_minus_candidate,P1 stimulus suppression passed,0.05,0.3,within_session_all_units_all_primary_contrasts,false,false,false,row_order_count_matched_unvalidated,false,None
230818,ses230818-units-probe0-spk-AAAB.npy,99,12,1989,S_plus_candidate,S_plus_candidate,P1 stimulus activation passed,0.05,0.3,within_session_all_units_all_primary_contrasts,false,false,false,row_order_count_matched_unvalidated,false,None
230818,ses230818-units-probe0-spk-AAAB.npy,100,12,1989,O_plus_candidate; X_candidate; S_minus_candidate,X_candidate,P1 stimulus suppression passed,0.05,0.3,within_session_all_units_all_primary_contrasts,false,false,false,row_order_count_matched_unvalidated,false,None
230818,ses230818-units-probe0-spk-AAAB.npy,101,12,1989,S_minus_candidate; O_minus_candidate,O_minus_candidate,Omission local suppression passed; P1 stimulus suppression passed,0.05,0.3,within_session_all_units_all_primary_contrasts,false,false,false,row_order_count_matched_unvalidated,false,None
230818,ses230818-units-probe0-spk-AAAB.npy,102,12,1989,S_minus_candidate; S_plus_candidate,S_plus_candidate,P1 stimulus activation passed,0.05,0.3,within_session_all_units_all_primary_contrasts,false,false,false,row_order_count_matched_unvalidated,false,None
230818,ses230818-units-probe0-spk-AAAB.npy,103,12,1989,O_minus_candidate; S_minus_candidate; S_plus_candidate,O_minus_candidate,P1 stimulus activation passed,0.05,0.3,within_session_all_units_all_primary_contrasts,false,false,false,row_order_count_matched_unvalidated,false,None
230818,ses230818-units-probe0-spk-AAAB.npy,104,12,1989,S_minus_candidate; S_plus_candidate,S_plus_candidate,P1 stimulus activation passed,0.05,0.3,within_session_all_units_all_primary_contrasts,false,false,false,row_order_count_matched_unvalidated,false,None
230818,ses230818-units-probe0-spk-AAAB.npy,105,12,1989,S_minus_candidate; O_minus_candidate; S_plus_candidate,O_minus_candidate,P1 stimulus suppression passed,0.05,0.3,within_session_all_units_all_primary_contrasts,false,false,false,row_order_count_matched_unvalidated,false,None
230818,ses230818-units-probe0-spk-AAAB.npy,106,12,1989,S_minus_candidate,S_minus_candidate,P1 stimulus suppression passed,0.05,0.3,within_session_all_units_all_primary_contrasts,false,false,false,row_order_count_matched_unvalidated,false,None
230818,ses230818-units-probe0-spk-AAAB.npy,107,12,1989,S_plus_candidate; S_minus_candidate,S_plus_candidate,P1 stimulus suppression passed,0.05,0.3,within_session_all_units_all_primary_contrasts,false,false,false,row_order_count_matched_unvalidated,false,None
230818,ses230818-units-probe0-spk-AAAB.npy,108,12,1989,S_minus_candidate; S_plus_candidate,S_plus_candidate,P1 stimulus activation passed,0.05,0.3,within_session_all_units_all_primary_contrasts,false,false,false,row_order_count_matched_unvalidated,false,None
230818,ses230818-units-probe0-spk-AAAB.npy,109,12,1989,S_plus_candidate; S_minus_candidate,S_plus_candidate,P1 stimulus activation passed,0.05,0.3,within_session_all_units_all_primary_contrasts,false,false,false,row_order_count_matched_unvalidated,false,None
230818,ses230818-units-probe0-spk-AAAB.npy,110,12,1989,S_plus_candidate; S_minus_candidate,S_plus_candidate,P1 stimulus suppression passed,0.05,0.3,within_session_all_units_all_primary_contrasts,false,false,false,row_order_count_matched_unvalidated,false,None
230818,ses230818-units-probe0-spk-AAAB.npy,111,12,1989,S_plus_candidate,S_plus_candidate,P1 stimulus activation passed,0.05,0.3,within_session_all_units_all_primary_contrasts,false,false,false,row_order_count_matched_unvalidated,false,None
230818,ses230818-units-probe0-spk-AAAB.npy,112,12,1989,O_minus_candidate; S_minus_candidate; S_plus_candidate,O_minus_candidate,P1 stimulus activation passed,0.05,0.3,within_session_all_units_all_primary_contrasts,false,false,false,row_order_count_matched_unvalidated,false,None
230818,ses230818-units-probe0-spk-AAAB.npy,113,12,1989,S_plus_candidate; O_minus_candidate,O_minus_candidate,Omission local suppression passed; P1 stimulus activation passed,0.05,0.3,within_session_all_units_all_primary_contrasts,false,false,false,row_order_count_matched_unvalidated,false,None
230818,ses230818-units-probe0-spk-AAAB.npy,114,12,1989,null_or_unclassified,null_or_unclassified,No active phenotype detected,0.05,0.3,within_session_all_units_all_primary_contrasts,false,false,false,row_order_count_matched_unvalidated,false,None
230818,ses230818-units-probe0-spk-AAAB.npy,115,12,1989,S_plus_candidate,S_plus_candidate,P1 stimulus activation passed,0.05,0.3,within_session_all_units_all_primary_contrasts,false,false,false,row_order_count_matched_unvalidated,false,None
230818,ses230818-units-probe0-spk-AAAB.npy,116,12,1989,null_or_unclassified,null_or_unclassified,No active phenotype detected,0.05,0.3,within_session_all_units_all_primary_contrasts,false,false,false,row_order_count_matched_unvalidated,false,None
230818,ses230818-units-probe0-spk-AAAB.npy,117,12,1989,O_minus_candidate,O_minus_candidate,Omission local suppression passed,0.05,0.3,within_session_all_units_all_primary_contrasts,false,false,false,row_order_count_matched_unvalidated,false,None
230818,ses230818-units-probe0-spk-AAAB.npy,118,12,1989,S_minus_candidate; S_plus_candidate,S_plus_candidate,P1 stimulus activation passed,0.05,0.3,within_session_all_units_all_primary_contrasts,false,false,false,row_order_count_matched_unvalidated,false,None
230818,ses230818-units-probe0-spk-AAAB.npy,119,12,1989,S_plus_candidate,S_plus_candidate,P1 stimulus activation passed,0.05,0.3,within_session_all_units_all_primary_contrasts,false,false,false,row_order_count_matched_unvalidated,false,None
230818,ses230818-units-probe0-spk-AAAB.npy,120,12,1989,S_minus_candidate; S_plus_candidate,S_plus_candidate,P1 stimulus activation passed,0.05,0.3,within_session_all_units_all_primary_contrasts,false,false,false,row_order_count_matched_unvalidated,false,None
230818,ses230818-units-probe0-spk-AAAB.npy,121,12,1989,S_minus_candidate,S_minus_candidate,P1 stimulus suppression passed,0.05,0.3,within_session_all_units_all_primary_contrasts,false,false,false,row_order_count_matched_unvalidated,false,None
230818,ses230818-units-probe0-spk-AAAB.npy,122,12,1989,S_minus_candidate,S_minus_candidate,P1 stimulus suppression passed,0.05,0.3,within_session_all_units_all_primary_contrasts,false,false,false,row_order_count_matched_unvalidated,false,None
230818,ses230818-units-probe0-spk-AAAB.npy,123,12,1989,S_minus_candidate,S_minus_candidate,P1 stimulus suppression passed,0.05,0.3,within_session_all_units_all_primary_contrasts,false,false,false,row_order_count_matched_unvalidated,false,None
230818,ses230818-units-probe0-spk-AAAB.npy,124,12,1989,S_plus_candidate,S_plus_candidate,P1 stimulus activation passed,0.05,0.3,within_session_all_units_all_primary_contrasts,false,false,false,row_order_count_matched_unvalidated,false,None
230818,ses230818-units-probe0-spk-AAAB.npy,125,12,1989,S_minus_candidate,S_minus_candidate,P1 stimulus suppression passed,0.05,0.3,within_session_all_units_all_primary_contrasts,false,false,false,row_order_count_matched_unvalidated,false,None
230818,ses230818-units-probe0-spk-AAAB.npy,126,12,1989,S_minus_candidate,S_minus_candidate,P1 stimulus suppression passed,0.05,0.3,within_session_all_units_all_primary_contrasts,false,false,false,row_order_count_matched_unvalidated,false,None
230818,ses230818-units-probe0-spk-AAAB.npy,127,12,1989,S_minus_candidate; O_plus_candidate,O_plus_candidate,Omission local activation passed,0.05,0.3,within_session_all_units_all_primary_contrasts,false,false,false,row_order_count_matched_unvalidated,false,None
230818,ses230818-units-probe0-spk-AAAB.npy,128,12,1989,S_minus_candidate; O_plus_candidate; S_plus_candidate,O_plus_candidate,P1 stimulus activation passed,0.05,0.3,within_session_all_units_all_primary_contrasts,false,false,false,row_order_count_matched_unvalidated,false,None
230818,ses230818-units-probe0-spk-AAAB.npy,129,12,1989,S_plus_candidate,S_plus_candidate,P1 stimulus activation passed,0.05,0.3,within_session_all_units_all_primary_contrasts,false,false,false,row_order_count_matched_unvalidated,false,None
230818,ses230818-units-probe0-spk-AAAB.npy,130,12,1989,S_minus_candidate,S_minus_candidate,P1 stimulus suppression passed,0.05,0.3,within_session_all_units_all_primary_contrasts,false,false,false,row_order_count_matched_unvalidated,false,None
230818,ses230818-units-probe0-spk-AAAB.npy,131,12,1989,S_minus_candidate; O_plus_candidate; X_candidate,X_candidate,Omission local activation passed; Omission selective contrast passed; P1 stimulus suppression passed,0.05,0.3,within_session_all_units_all_primary_contrasts,false,false,false,row_order_count_matched_unvalidated,false,None
230818,ses230818-units-probe0-spk-AAAB.npy,132,12,1989,S_minus_candidate,S_minus_candidate,P1 stimulus suppression passed,0.05,0.3,within_session_all_units_all_primary_contrasts,false,false,false,row_order_count_matched_unvalidated,false,None
230818,ses230818-units-probe0-spk-AAAB.npy,133,12,1989,S_minus_candidate,S_minus_candidate,P1 stimulus suppression passed,0.05,0.3,within_session_all_units_all_primary_contrasts,false,false,false,row_order_count_matched_unvalidated,false,None
230818,ses230818-units-probe0-spk-AAAB.npy,134,12,1989,S_minus_candidate,S_minus_candidate,P1 stimulus suppression passed,0.05,0.3,within_session_all_units_all_primary_contrasts,false,false,false,row_order_count_matched_unvalidated,false,None
230818,ses230818-units-probe0-spk-AAAB.npy,135,12,1989,S_minus_candidate; O_plus_candidate; X_candidate,X_candidate,Omission local activation passed; Omission selective contrast passed,0.05,0.3,within_session_all_units_all_primary_contrasts,false,false,false,row_order_count_matched_unvalidated,false,None
230818,ses230818-units-probe0-spk-AAAB.npy,136,12,1989,null_or_unclassified,null_or_unclassified,No active phenotype detected,0.05,0.3,within_session_all_units_all_primary_contrasts,false,false,false,row_order_count_matched_unvalidated,false,None
230818,ses230818-units-probe0-spk-AAAB.npy,137,12,1989,S_minus_candidate,S_minus_candidate,P1 stimulus suppression passed,0.05,0.3,within_session_all_units_all_primary_contrasts,false,false,false,row_order_count_matched_unvalidated,false,None
230818,ses230818-units-probe0-spk-AAAB.npy,138,12,1989,null_or_unclassified,null_or_unclassified,No active phenotype detected,0.05,0.3,within_session_all_units_all_primary_contrasts,false,false,false,row_order_count_matched_unvalidated,false,None
230818,ses230818-units-probe0-spk-AAAB.npy,139,12,1989,null_or_unclassified,null_or_unclassified,No active phenotype detected,0.05,0.3,within_session_all_units_all_primary_contrasts,false,false,false,row_order_count_matched_unvalidated,false,None
230818,ses230818-units-probe0-spk-AAAB.npy,140,12,1989,null_or_unclassified,null_or_unclassified,No active phenotype detected,0.05,0.3,within_session_all_units_all_primary_contrasts,false,false,false,row_order_count_matched_unvalidated,false,None
230818,ses230818-units-probe0-spk-AAAB.npy,141,12,1989,null_or_unclassified,null_or_unclassified,No active phenotype detected,0.05,0.3,within_session_all_units_all_primary_contrasts,false,false,false,row_order_count_matched_unvalidated,false,None
230818,ses230818-units-probe0-spk-AAAB.npy,142,12,1989,null_or_unclassified,null_or_unclassified,No active phenotype detected,0.05,0.3,within_session_all_units_all_primary_contrasts,false,false,false,row_order_count_matched_unvalidated,false,None
230818,ses230818-units-probe0-spk-AAAB.npy,143,12,1989,O_plus_candidate; X_candidate,X_candidate,Omission local activation passed; Omission selective contrast passed,0.05,0.3,within_session_all_units_all_primary_contrasts,false,false,false,row_order_count_matched_unvalidated,false,None
230818,ses230818-units-probe0-spk-AAAB.npy,144,12,1989,null_or_unclassified,null_or_unclassified,No active phenotype detected,0.05,0.3,within_session_all_units_all_primary_contrasts,false,false,false,row_order_count_matched_unvalidated,false,None
230818,ses230818-units-probe0-spk-AAAB.npy,145,12,1989,S_plus_candidate; O_plus_candidate; X_candidate,X_candidate,Omission local activation passed; Omission selective contrast passed,0.05,0.3,within_session_all_units_all_primary_contrasts,false,false,false,row_order_count_matched_unvalidated,false,None
230818,ses230818-units-probe0-spk-AAAB.npy,146,12,1989,S_plus_candidate; O_plus_candidate; X_candidate,X_candidate,P1 stimulus activation passed,0.05,0.3,within_session_all_units_all_primary_contrasts,false,false,false,row_order_count_matched_unvalidated,false,None
230818,ses230818-units-probe0-spk-AAAB.npy,147,12,1989,S_plus_candidate; O_plus_candidate; X_candidate,X_candidate,P1 stimulus activation passed,0.05,0.3,within_session_all_units_all_primary_contrasts,false,false,false,row_order_count_matched_unvalidated,false,None
230818,ses230818-units-probe0-spk-AAAB.npy,148,12,1989,S_plus_candidate,S_plus_candidate,P1 stimulus activation passed,0.05,0.3,within_session_all_units_all_primary_contrasts,false,false,false,row_order_count_matched_unvalidated,false,None
230818,ses230818-units-probe0-spk-AAAB.npy,149,12,1989,O_plus_candidate; S_plus_candidate,O_plus_candidate,Omission local activation passed; P1 stimulus activation passed,0.05,0.3,within_session_all_units_all_primary_contrasts,false,false,false,row_order_count_matched_unvalidated,false,None
230818,ses230818-units-probe0-spk-AAAB.npy,150,12,1989,null_or_unclassified,null_or_unclassified,No active phenotype detected,0.05,0.3,within_session_all_units_all_primary_contrasts,false,false,false,row_order_count_matched_unvalidated,false,None
230818,ses230818-units-probe0-spk-AAAB.npy,151,12,1989,S_minus_candidate; S_plus_candidate,S_plus_candidate,P1 stimulus activation passed,0.05,0.3,within_session_all_units_all_primary_contrasts,false,false,false,row_order_count_matched_unvalidated,false,None
230818,ses230818-units-probe0-spk-AAAB.npy,152,12,1989,S_minus_candidate; O_plus_candidate; X_candidate; S_plus_candidate,X_candidate,P1 stimulus activation passed,0.05,0.3,within_session_all_units_all_primary_contrasts,false,false,false,row_order_count_matched_unvalidated,false,None
230818,ses230818-units-probe0-spk-AAAB.npy,153,12,1989,S_plus_candidate,S_plus_candidate,P1 stimulus activation passed,0.05,0.3,within_session_all_units_all_primary_contrasts,false,false,false,row_order_count_matched_unvalidated,false,None
230818,ses230818-units-probe0-spk-AAAB.npy,154,12,1989,S_minus_candidate; O_plus_candidate; X_candidate,X_candidate,Omission local activation passed; Omission selective contrast passed; P1 stimulus suppression passed,0.05,0.3,within_session_all_units_all_primary_contrasts,false,false,false,row_order_count_matched_unvalidated,false,None
230818,ses230818-units-probe0-spk-AAAB.npy,155,12,1989,S_minus_candidate; O_plus_candidate; X_candidate,X_candidate,Omission local activation passed; Omission selective contrast passed; P1 stimulus suppression passed,0.05,0.3,within_session_all_units_all_primary_contrasts,false,false,false,row_order_count_matched_unvalidated,false,None
230818,ses230818-units-probe0-spk-AAAB.npy,156,12,1989,S_minus_candidate; O_plus_candidate; X_candidate,X_candidate,Omission local activation passed; Omission selective contrast passed; P1 stimulus suppression passed,0.05,0.3,within_session_all_units_all_primary_contrasts,false,false,false,row_order_count_matched_unvalidated,false,None
230818,ses230818-units-probe0-spk-AAAB.npy,157,12,1989,null_or_unclassified,null_or_unclassified,No active phenotype detected,0.05,0.3,within_session_all_units_all_primary_contrasts,false,false,false,row_order_count_matched_unvalidated,false,None
230818,ses230818-units-probe0-spk-AAAB.npy,158,12,1989,S_minus_candidate,S_minus_candidate,P1 stimulus suppression passed,0.05,0.3,within_session_all_units_all_primary_contrasts,false,false,false,row_order_count_matched_unvalidated,false,None
230818,ses230818-units-probe0-spk-AAAB.npy,159,12,1989,S_minus_candidate; S_plus_candidate,S_plus_candidate,P1 stimulus activation passed,0.05,0.3,within_session_all_units_all_primary_contrasts,false,false,false,row_order_count_matched_unvalidated,false,None
230818,ses230818-units-probe0-spk-AAAB.npy,160,12,1989,S_minus_candidate,S_minus_candidate,P1 stimulus suppression passed,0.05,0.3,within_session_all_units_all_primary_contrasts,false,false,false,row_order_count_matched_unvalidated,false,None
230818,ses230818-units-probe0-spk-AAAB.npy,161,12,1989,S_minus_candidate,S_minus_candidate,P1 stimulus suppression passed,0.05,0.3,within_session_all_units_all_primary_contrasts,false,false,false,row_order_count_matched_unvalidated,false,None
230818,ses230818-units-probe0-spk-AAAB.npy,162,12,1989,null_or_unclassified,null_or_unclassified,No active phenotype detected,0.05,0.3,within_session_all_units_all_primary_contrasts,false,false,false,row_order_count_matched_unvalidated,false,None
230818,ses230818-units-probe0-spk-AAAB.npy,163,12,1989,null_or_unclassified,null_or_unclassified,No active phenotype detected,0.05,0.3,within_session_all_units_all_primary_contrasts,false,false,false,row_order_count_matched_unvalidated,false,None
230818,ses230818-units-probe0-spk-AAAB.npy,164,12,1989,S_minus_candidate,S_minus_candidate,P1 stimulus suppression passed,0.05,0.3,within_session_all_units_all_primary_contrasts,false,false,false,row_order_count_matched_unvalidated,false,None
230818,ses230818-units-probe0-spk-AAAB.npy,165,12,1989,O_plus_candidate; X_candidate; S_plus_candidate,X_candidate,Omission local activation passed; P1 stimulus activation passed,0.05,0.3,within_session_all_units_all_primary_contrasts,false,false,false,row_order_count_matched_unvalidated,false,None
230818,ses230818-units-probe0-spk-AAAB.npy,166,12,1989,S_plus_candidate,S_plus_candidate,P1 stimulus activation passed,0.05,0.3,within_session_all_units_all_primary_contrasts,false,false,false,row_order_count_matched_unvalidated,false,None
230818,ses230818-units-probe0-spk-AAAB.npy,167,12,1989,null_or_unclassified,null_or_unclassified,No active phenotype detected,0.05,0.3,within_session_all_units_all_primary_contrasts,false,false,false,row_order_count_matched_unvalidated,false,None
230818,ses230818-units-probe0-spk-AAAB.npy,168,12,1989,S_minus_candidate,S_minus_candidate,P1 stimulus suppression passed,0.05,0.3,within_session_all_units_all_primary_contrasts,false,false,false,row_order_count_matched_unvalidated,false,None
230818,ses230818-units-probe0-spk-AAAB.npy,169,12,1989,S_minus_candidate; O_plus_candidate; X_candidate,X_candidate,Omission local activation passed; Omission selective contrast passed,0.05,0.3,within_session_all_units_all_primary_contrasts,false,false,false,row_order_count_matched_unvalidated,false,None
230818,ses230818-units-probe0-spk-AAAB.npy,170,8,1326,O_plus_candidate; S_plus_candidate,O_plus_candidate,P1 stimulus activation passed,0.05,0.3,within_session_all_units_all_primary_contrasts,false,false,false,row_order_count_matched_unvalidated,false,None
230818,ses230818-units-probe0-spk-AAAB.npy,171,8,1326,null_or_unclassified,null_or_unclassified,No active phenotype detected,0.05,0.3,within_session_all_units_all_primary_contrasts,false,false,false,row_order_count_matched_unvalidated,false,None
230818,ses230818-units-probe0-spk-AAAB.npy,172,8,1326,null_or_unclassified,null_or_unclassified,No active phenotype detected,0.05,0.3,within_session_all_units_all_primary_contrasts,false,false,false,row_order_count_matched_unvalidated,false,None
230818,ses230818-units-probe0-spk-AAAB.npy,173,8,1326,null_or_unclassified,null_or_unclassified,No active phenotype detected,0.05,0.3,within_session_all_units_all_primary_contrasts,false,false,false,row_order_count_matched_unvalidated,false,None
230818,ses230818-units-probe0-spk-AAAB.npy,174,8,1326,S_minus_candidate,S_minus_candidate,P1 stimulus suppression passed,0.05,0.3,within_session_all_units_all_primary_contrasts,false,false,false,row_order_count_matched_unvalidated,false,None
230818,ses230818-units-probe0-spk-AAAB.npy,175,8,1326,null_or_unclassified,null_or_unclassified,No active phenotype detected,0.05,0.3,within_session_all_units_all_primary_contrasts,false,false,false,row_order_count_matched_unvalidated,false,None
230818,ses230818-units-probe0-spk-AAAB.npy,176,8,1326,S_plus_candidate,S_plus_candidate,P1 stimulus activation passed,0.05,0.3,within_session_all_units_all_primary_contrasts,false,false,false,row_order_count_matched_unvalidated,false,None
230818,ses230818-units-probe0-spk-AAAB.npy,177,8,1326,S_plus_candidate,S_plus_candidate,P1 stimulus activation passed,0.05,0.3,within_session_all_units_all_primary_contrasts,false,false,false,row_order_count_matched_unvalidated,false,None
230818,ses230818-units-probe0-spk-AAAB.npy,178,8,1326,S_minus_candidate,S_minus_candidate,P1 stimulus suppression passed,0.05,0.3,within_session_all_units_all_primary_contrasts,false,false,false,row_order_count_matched_unvalidated,false,None
230818,ses230818-units-probe0-spk-AAAB.npy,179,3,559,null_or_unclassified,null_or_unclassified,No active phenotype detected,0.05,0.3,within_session_all_units_all_primary_contrasts,false,false,false,row_order_count_matched_unvalidated,false,None
230818,ses230818-units-probe0-spk-AAAB.npy,180,3,559,null_or_unclassified,null_or_unclassified,No active phenotype detected,0.05,0.3,within_session_all_units_all_primary_contrasts,false,false,false,row_order_count_matched_unvalidated,false,None
230818,ses230818-units-probe0-spk-AAAB.npy,181,3,559,null_or_unclassified,null_or_unclassified,No active phenotype detected,0.05,0.3,within_session_all_units_all_primary_contrasts,false,false,false,row_order_count_matched_unvalidated,false,None
230818,ses230818-units-probe0-spk-AAAB.npy,182,3,559,null_or_unclassified,null_or_unclassified,No active phenotype detected,0.05,0.3,within_session_all_units_all_primary_contrasts,false,false,false,row_order_count_matched_unvalidated,false,None
230818,ses230818-units-probe0-spk-AAAB.npy,183,3,559,null_or_unclassified,null_or_unclassified,No active phenotype detected,0.05,0.3,within_session_all_units_all_primary_contrasts,false,false,false,row_order_count_matched_unvalidated,false,None
230818,ses230818-units-probe0-spk-AAAB.npy,184,3,559,null_or_unclassified,null_or_unclassified,No active phenotype detected,0.05,0.3,within_session_all_units_all_primary_contrasts,false,false,false,row_order_count_matched_unvalidated,false,None
230818,ses230818-units-probe0-spk-AAAB.npy,185,3,559,null_or_unclassified,null_or_unclassified,No active phenotype detected,0.05,0.3,within_session_all_units_all_primary_contrasts,false,false,false,row_order_count_matched_unvalidated,false,None
230818,ses230818-units-probe0-spk-AAAB.npy,186,3,559,null_or_unclassified,null_or_unclassified,No active phenotype detected,0.05,0.3,within_session_all_units_all_primary_contrasts,false,false,false,row_order_count_matched_unvalidated,false,None
230818,ses230818-units-probe0-spk-AAAB.npy,187,3,559,null_or_unclassified,null_or_unclassified,No active phenotype detected,0.05,0.3,within_session_all_units_all_primary_contrasts,false,false,false,row_order_count_matched_unvalidated,false,None
230818,ses230818-units-probe0-spk-AAAB.npy,188,3,559,null_or_unclassified,null_or_unclassified,No active phenotype detected,0.05,0.3,within_session_all_units_all_primary_contrasts,false,false,false,row_order_count_matched_unvalidated,false,None
230818,ses230818-units-probe0-spk-AAAB.npy,189,3,559,null_or_unclassified,null_or_unclassified,No active phenotype detected,0.05,0.3,within_session_all_units_all_primary_contrasts,false,false,false,row_order_count_matched_unvalidated,false,None
230818,ses230818-units-probe0-spk-AAAB.npy,190,3,559,null_or_unclassified,null_or_unclassified,No active phenotype detected,0.05,0.3,within_session_all_units_all_primary_contrasts,false,false,false,row_order_count_matched_unvalidated,false,None
230818,ses230818-units-probe0-spk-AAAB.npy,191,3,559,null_or_unclassified,null_or_unclassified,No active phenotype detected,0.05,0.3,within_session_all_units_all_primary_contrasts,false,false,false,row_order_count_matched_unvalidated,false,None
230823,ses230823-units-probe0-spk-AAAB.npy,0,9,1671,S_minus_candidate,S_minus_candidate,P1 stimulus suppression passed,0.05,0.3,within_session_all_units_all_primary_contrasts,false,false,false,missing_unit_metadata,false,None
230823,ses230823-units-probe0-spk-AAAB.npy,1,9,1671,S_plus_candidate; S_minus_candidate,S_plus_candidate,P1 stimulus suppression passed,0.05,0.3,within_session_all_units_all_primary_contrasts,false,false,false,missing_unit_metadata,false,None
230823,ses230823-units-probe0-spk-AAAB.npy,2,9,1671,null_or_unclassified,null_or_unclassified,No active phenotype detected,0.05,0.3,within_session_all_units_all_primary_contrasts,false,false,false,missing_unit_metadata,false,None
230823,ses230823-units-probe0-spk-AAAB.npy,3,9,1671,S_plus_candidate,S_plus_candidate,P1 stimulus activation passed,0.05,0.3,within_session_all_units_all_primary_contrasts,false,false,false,missing_unit_metadata,false,None
230823,ses230823-units-probe0-spk-AAAB.npy,4,9,1671,S_minus_candidate,S_minus_candidate,P1 stimulus suppression passed,0.05,0.3,within_session_all_units_all_primary_contrasts,false,false,false,missing_unit_metadata,false,None
230823,ses230823-units-probe0-spk-AAAB.npy,5,9,1671,S_plus_candidate,S_plus_candidate,P1 stimulus activation passed,0.05,0.3,within_session_all_units_all_primary_contrasts,false,false,false,missing_unit_metadata,false,None
230823,ses230823-units-probe0-spk-AAAB.npy,6,9,1671,S_minus_candidate,S_minus_candidate,P1 stimulus suppression passed,0.05,0.3,within_session_all_units_all_primary_contrasts,false,false,false,missing_unit_metadata,false,None
230823,ses230823-units-probe0-spk-AAAB.npy,7,9,1671,S_plus_candidate,S_plus_candidate,P1 stimulus activation passed,0.05,0.3,within_session_all_units_all_primary_contrasts,false,false,false,missing_unit_metadata,false,None
230823,ses230823-units-probe0-spk-AAAB.npy,8,9,1671,null_or_unclassified,null_or_unclassified,No active phenotype detected,0.05,0.3,within_session_all_units_all_primary_contrasts,false,false,false,missing_unit_metadata,false,None
230823,ses230823-units-probe0-spk-AAAB.npy,9,9,1671,S_minus_candidate,S_minus_candidate,P1 stimulus suppression passed,0.05,0.3,within_session_all_units_all_primary_contrasts,false,false,false,missing_unit_metadata,false,None
230823,ses230823-units-probe0-spk-AAAB.npy,10,9,1671,S_plus_candidate; S_minus_candidate,S_plus_candidate,P1 stimulus suppression passed,0.05,0.3,within_session_all_units_all_primary_contrasts,false,false,false,missing_unit_metadata,false,None
230823,ses230823-units-probe0-spk-AAAB.npy,11,9,1671,S_plus_candidate,S_plus_candidate,P1 stimulus activation passed,0.05,0.3,within_session_all_units_all_primary_contrasts,false,false,false,missing_unit_metadata,false,None
230823,ses230823-units-probe0-spk-AAAB.npy,12,9,1671,null_or_unclassified,null_or_unclassified,No active phenotype detected,0.05,0.3,within_session_all_units_all_primary_contrasts,false,false,false,missing_unit_metadata,false,None
230823,ses230823-units-probe0-spk-AAAB.npy,13,9,1671,S_plus_candidate; S_minus_candidate,S_plus_candidate,P1 stimulus suppression passed,0.05,0.3,within_session_all_units_all_primary_contrasts,false,false,false,missing_unit_metadata,false,None
230823,ses230823-units-probe0-spk-AAAB.npy,14,9,1671,null_or_unclassified,null_or_unclassified,No active phenotype detected,0.05,0.3,within_session_all_units_all_primary_contrasts,false,false,false,missing_unit_metadata,false,None
230823,ses230823-units-probe0-spk-AAAB.npy,15,9,1671,S_minus_candidate,S_minus_candidate,P1 stimulus suppression passed,0.05,0.3,within_session_all_units_all_primary_contrasts,false,false,false,missing_unit_metadata,false,None
230823,ses230823-units-probe0-spk-AAAB.npy,16,9,1671,S_plus_candidate,S_plus_candidate,P1 stimulus activation passed,0.05,0.3,within_session_all_units_all_primary_contrasts,false,false,false,missing_unit_metadata,false,None
230823,ses230823-units-probe0-spk-AAAB.npy,17,9,1671,S_plus_candidate,S_plus_candidate,P1 stimulus activation passed,0.05,0.3,within_session_all_units_all_primary_contrasts,false,false,false,missing_unit_metadata,false,None
230823,ses230823-units-probe0-spk-AAAB.npy,18,9,1671,S_plus_candidate,S_plus_candidate,P1 stimulus activation passed,0.05,0.3,within_session_all_units_all_primary_contrasts,false,false,false,missing_unit_metadata,false,None
230823,ses230823-units-probe0-spk-AAAB.npy,19,6,1114,S_minus_candidate,S_minus_candidate,P1 stimulus suppression passed,0.05,0.3,within_session_all_units_all_primary_contrasts,false,false,false,missing_unit_metadata,false,None
230823,ses230823-units-probe0-spk-AAAB.npy,20,6,1114,S_minus_candidate,S_minus_candidate,P1 stimulus suppression passed,0.05,0.3,within_session_all_units_all_primary_contrasts,false,false,false,missing_unit_metadata,false,None
230823,ses230823-units-probe0-spk-AAAB.npy,21,6,1114,S_plus_candidate,S_plus_candidate,P1 stimulus activation passed,0.05,0.3,within_session_all_units_all_primary_contrasts,false,false,false,missing_unit_metadata,false,None
230823,ses230823-units-probe0-spk-AAAB.npy,22,6,1114,S_plus_candidate,S_plus_candidate,P1 stimulus activation passed,0.05,0.3,within_session_all_units_all_primary_contrasts,false,false,false,missing_unit_metadata,false,None
230823,ses230823-units-probe0-spk-AAAB.npy,23,6,1114,S_plus_candidate,S_plus_candidate,P1 stimulus activation passed,0.05,0.3,within_session_all_units_all_primary_contrasts,false,false,false,missing_unit_metadata,false,None
230823,ses230823-units-probe0-spk-AAAB.npy,24,6,1114,null_or_unclassified,null_or_unclassified,No active phenotype detected,0.05,0.3,within_session_all_units_all_primary_contrasts,false,false,false,missing_unit_metadata,false,None
230823,ses230823-units-probe0-spk-AAAB.npy,25,6,1114,S_plus_candidate,S_plus_candidate,P1 stimulus activation passed,0.05,0.3,within_session_all_units_all_primary_contrasts,false,false,false,missing_unit_metadata,false,None
230823,ses230823-units-probe0-spk-AAAB.npy,26,6,1114,S_minus_candidate,S_minus_candidate,P1 stimulus suppression passed,0.05,0.3,within_session_all_units_all_primary_contrasts,false,false,false,missing_unit_metadata,false,None
230823,ses230823-units-probe0-spk-AAAB.npy,27,6,1114,S_plus_candidate,S_plus_candidate,P1 stimulus activation passed,0.05,0.3,within_session_all_units_all_primary_contrasts,false,false,false,missing_unit_metadata,false,None
230823,ses230823-units-probe0-spk-AAAB.npy,28,6,1114,S_plus_candidate,S_plus_candidate,P1 stimulus activation passed,0.05,0.3,within_session_all_units_all_primary_contrasts,false,false,false,missing_unit_metadata,false,None
230823,ses230823-units-probe0-spk-AAAB.npy,29,6,1114,null_or_unclassified,null_or_unclassified,No active phenotype detected,0.05,0.3,within_session_all_units_all_primary_contrasts,false,false,false,missing_unit_metadata,false,None
230823,ses230823-units-probe0-spk-AAAB.npy,30,6,1114,null_or_unclassified,null_or_unclassified,No active phenotype detected,0.05,0.3,within_session_all_units_all_primary_contrasts,false,false,false,missing_unit_metadata,false,None
230823,ses230823-units-probe0-spk-AAAB.npy,31,6,1114,S_plus_candidate,S_plus_candidate,P1 stimulus activation passed,0.05,0.3,within_session_all_units_all_primary_contrasts,false,false,false,missing_unit_metadata,false,None
230823,ses230823-units-probe0-spk-AAAB.npy,32,6,1114,null_or_unclassified,null_or_unclassified,No active phenotype detected,0.05,0.3,within_session_all_units_all_primary_contrasts,false,false,false,missing_unit_metadata,false,None
230823,ses230823-units-probe0-spk-AAAB.npy,33,6,1114,S_plus_candidate,S_plus_candidate,P1 stimulus activation passed,0.05,0.3,within_session_all_units_all_primary_contrasts,false,false,false,missing_unit_metadata,false,None
230823,ses230823-units-probe0-spk-AAAB.npy,34,6,1114,null_or_unclassified,null_or_unclassified,No active phenotype detected,0.05,0.3,within_session_all_units_all_primary_contrasts,false,false,false,missing_unit_metadata,false,None
230823,ses230823-units-probe0-spk-AAAB.npy,35,6,1114,null_or_unclassified,null_or_unclassified,No active phenotype detected,0.05,0.3,within_session_all_units_all_primary_contrasts,false,false,false,missing_unit_metadata,false,None
230823,ses230823-units-probe0-spk-AAAB.npy,36,6,1114,null_or_unclassified,null_or_unclassified,No active phenotype detected,0.05,0.3,within_session_all_units_all_primary_contrasts,false,false,false,missing_unit_metadata,false,None
230823,ses230823-units-probe0-spk-AAAB.npy,37,6,1114,null_or_unclassified,null_or_unclassified,No active phenotype detected,0.05,0.3,within_session_all_units_all_primary_contrasts,false,false,false,missing_unit_metadata,false,None
230823,ses230823-units-probe0-spk-AAAB.npy,38,6,1114,null_or_unclassified,null_or_unclassified,No active phenotype detected,0.05,0.3,within_session_all_units_all_primary_contrasts,false,false,false,missing_unit_metadata,false,None
230823,ses230823-units-probe0-spk-AAAB.npy,39,6,1114,S_plus_candidate,S_plus_candidate,P1 stimulus activation passed,0.05,0.3,within_session_all_units_all_primary_contrasts,false,false,false,missing_unit_metadata,false,None
230823,ses230823-units-probe0-spk-AAAB.npy,40,6,1114,null_or_unclassified,null_or_unclassified,No active phenotype detected,0.05,0.3,within_session_all_units_all_primary_contrasts,false,false,false,missing_unit_metadata,false,None
230823,ses230823-units-probe0-spk-AAAB.npy,41,6,1114,null_or_unclassified,null_or_unclassified,No active phenotype detected,0.05,0.3,within_session_all_units_all_primary_contrasts,false,false,false,missing_unit_metadata,false,None
230823,ses230823-units-probe0-spk-AAAB.npy,42,6,1114,S_minus_candidate; S_plus_candidate,S_plus_candidate,P1 stimulus activation passed,0.05,0.3,within_session_all_units_all_primary_contrasts,false,false,false,missing_unit_metadata,false,None
230823,ses230823-units-probe0-spk-AAAB.npy,43,6,1114,S_plus_candidate,S_plus_candidate,P1 stimulus activation passed,0.05,0.3,within_session_all_units_all_primary_contrasts,false,false,false,missing_unit_metadata,false,None
230823,ses230823-units-probe0-spk-AAAB.npy,44,6,1114,S_minus_candidate,S_minus_candidate,P1 stimulus suppression passed,0.05,0.3,within_session_all_units_all_primary_contrasts,false,false,false,missing_unit_metadata,false,None
230823,ses230823-units-probe0-spk-AAAB.npy,45,6,1114,S_minus_candidate,S_minus_candidate,P1 stimulus suppression passed,0.05,0.3,within_session_all_units_all_primary_contrasts,false,false,false,missing_unit_metadata,false,None
230823,ses230823-units-probe0-spk-AAAB.npy,46,6,1114,S_plus_candidate,S_plus_candidate,P1 stimulus activation passed,0.05,0.3,within_session_all_units_all_primary_contrasts,false,false,false,missing_unit_metadata,false,None
230823,ses230823-units-probe0-spk-AAAB.npy,47,6,1114,null_or_unclassified,null_or_unclassified,No active phenotype detected,0.05,0.3,within_session_all_units_all_primary_contrasts,false,false,false,missing_unit_metadata,false,None
230823,ses230823-units-probe0-spk-AAAB.npy,48,6,1114,S_plus_candidate,S_plus_candidate,P1 stimulus activation passed,0.05,0.3,within_session_all_units_all_primary_contrasts,false,false,false,missing_unit_metadata,false,None
230823,ses230823-units-probe0-spk-AAAB.npy,49,6,1114,S_plus_candidate,S_plus_candidate,P1 stimulus activation passed,0.05,0.3,within_session_all_units_all_primary_contrasts,false,false,false,missing_unit_metadata,false,None
230823,ses230823-units-probe0-spk-AAAB.npy,50,6,1114,S_plus_candidate,S_plus_candidate,P1 stimulus activation passed,0.05,0.3,within_session_all_units_all_primary_contrasts,false,false,false,missing_unit_metadata,false,None
230823,ses230823-units-probe0-spk-AAAB.npy,51,6,1114,S_minus_candidate,S_minus_candidate,P1 stimulus suppression passed,0.05,0.3,within_session_all_units_all_primary_contrasts,false,false,false,missing_unit_metadata,false,None
230823,ses230823-units-probe0-spk-AAAB.npy,52,6,1114,null_or_unclassified,null_or_unclassified,No active phenotype detected,0.05,0.3,within_session_all_units_all_primary_contrasts,false,false,false,missing_unit_metadata,false,None
230823,ses230823-units-probe0-spk-AAAB.npy,53,6,1114,null_or_unclassified,null_or_unclassified,No active phenotype detected,0.05,0.3,within_session_all_units_all_primary_contrasts,false,false,false,missing_unit_metadata,false,None
230823,ses230823-units-probe0-spk-AAAB.npy,54,6,1114,S_minus_candidate,S_minus_candidate,P1 stimulus suppression passed,0.05,0.3,within_session_all_units_all_primary_contrasts,false,false,false,missing_unit_metadata,false,None
230823,ses230823-units-probe0-spk-AAAB.npy,55,6,1114,null_or_unclassified,null_or_unclassified,No active phenotype detected,0.05,0.3,within_session_all_units_all_primary_contrasts,false,false,false,missing_unit_metadata,false,None
230823,ses230823-units-probe0-spk-AAAB.npy,56,6,1114,null_or_unclassified,null_or_unclassified,No active phenotype detected,0.05,0.3,within_session_all_units_all_primary_contrasts,false,false,false,missing_unit_metadata,false,None
230823,ses230823-units-probe0-spk-AAAB.npy,57,6,1114,S_minus_candidate,S_minus_candidate,P1 stimulus suppression passed,0.05,0.3,within_session_all_units_all_primary_contrasts,false,false,false,missing_unit_metadata,false,None
230823,ses230823-units-probe0-spk-AAAB.npy,58,6,1114,S_plus_candidate; S_minus_candidate,S_plus_candidate,P1 stimulus suppression passed,0.05,0.3,within_session_all_units_all_primary_contrasts,false,false,false,missing_unit_metadata,false,None
230823,ses230823-units-probe0-spk-AAAB.npy,59,6,1114,S_plus_candidate; S_minus_candidate,S_plus_candidate,P1 stimulus suppression passed,0.05,0.3,within_session_all_units_all_primary_contrasts,false,false,false,missing_unit_metadata,false,None
230823,ses230823-units-probe0-spk-AAAB.npy,60,6,1114,null_or_unclassified,null_or_unclassified,No active phenotype detected,0.05,0.3,within_session_all_units_all_primary_contrasts,false,false,false,missing_unit_metadata,false,None
230823,ses230823-units-probe0-spk-AAAB.npy,61,6,1114,S_plus_candidate; S_minus_candidate,S_plus_candidate,P1 stimulus suppression passed,0.05,0.3,within_session_all_units_all_primary_contrasts,false,false,false,missing_unit_metadata,false,None
230823,ses230823-units-probe0-spk-AAAB.npy,62,6,1114,S_minus_candidate,S_minus_candidate,P1 stimulus suppression passed,0.05,0.3,within_session_all_units_all_primary_contrasts,false,false,false,missing_unit_metadata,false,None
230823,ses230823-units-probe0-spk-AAAB.npy,63,6,1114,S_plus_candidate; S_minus_candidate,S_plus_candidate,P1 stimulus suppression passed,0.05,0.3,within_session_all_units_all_primary_contrasts,false,false,false,missing_unit_metadata,false,None
230823,ses230823-units-probe0-spk-AAAB.npy,64,6,1114,null_or_unclassified,null_or_unclassified,No active phenotype detected,0.05,0.3,within_session_all_units_all_primary_contrasts,false,false,false,missing_unit_metadata,false,None
230823,ses230823-units-probe0-spk-AAAB.npy,65,6,1114,S_minus_candidate,S_minus_candidate,P1 stimulus suppression passed,0.05,0.3,within_session_all_units_all_primary_contrasts,false,false,false,missing_unit_metadata,false,None
230823,ses230823-units-probe0-spk-AAAB.npy,66,6,1114,S_minus_candidate,S_minus_candidate,P1 stimulus suppression passed,0.05,0.3,within_session_all_units_all_primary_contrasts,false,false,false,missing_unit_metadata,false,None
230823,ses230823-units-probe0-spk-AAAB.npy,67,6,1114,S_plus_candidate,S_plus_candidate,P1 stimulus activation passed,0.05,0.3,within_session_all_units_all_primary_contrasts,false,false,false,missing_unit_metadata,false,None
230823,ses230823-units-probe0-spk-AAAB.npy,68,6,1114,null_or_unclassified,null_or_unclassified,No active phenotype detected,0.05,0.3,within_session_all_units_all_primary_contrasts,false,false,false,missing_unit_metadata,false,None
230823,ses230823-units-probe0-spk-AAAB.npy,69,6,1114,null_or_unclassified,null_or_unclassified,No active phenotype detected,0.05,0.3,within_session_all_units_all_primary_contrasts,false,false,false,missing_unit_metadata,false,None
230823,ses230823-units-probe0-spk-AAAB.npy,70,6,1114,null_or_unclassified,null_or_unclassified,No active phenotype detected,0.05,0.3,within_session_all_units_all_primary_contrasts,false,false,false,missing_unit_metadata,false,None
230823,ses230823-units-probe0-spk-AAAB.npy,71,6,1114,S_plus_candidate; S_minus_candidate,S_plus_candidate,P1 stimulus suppression passed,0.05,0.3,within_session_all_units_all_primary_contrasts,false,false,false,missing_unit_metadata,false,None
230823,ses230823-units-probe0-spk-AAAB.npy,72,6,1114,S_plus_candidate,S_plus_candidate,P1 stimulus activation passed,0.05,0.3,within_session_all_units_all_primary_contrasts,false,false,false,missing_unit_metadata,false,None
230823,ses230823-units-probe0-spk-AAAB.npy,73,6,1114,null_or_unclassified,null_or_unclassified,No active phenotype detected,0.05,0.3,within_session_all_units_all_primary_contrasts,false,false,false,missing_unit_metadata,false,None
230823,ses230823-units-probe0-spk-AAAB.npy,74,6,1114,S_minus_candidate; S_plus_candidate,S_plus_candidate,P1 stimulus activation passed,0.05,0.3,within_session_all_units_all_primary_contrasts,false,false,false,missing_unit_metadata,false,None
230823,ses230823-units-probe0-spk-AAAB.npy,75,6,1114,S_minus_candidate,S_minus_candidate,P1 stimulus suppression passed,0.05,0.3,within_session_all_units_all_primary_contrasts,false,false,false,missing_unit_metadata,false,None
230823,ses230823-units-probe0-spk-AAAB.npy,76,6,1114,S_minus_candidate,S_minus_candidate,P1 stimulus suppression passed,0.05,0.3,within_session_all_units_all_primary_contrasts,false,false,false,missing_unit_metadata,false,None
230823,ses230823-units-probe0-spk-AAAB.npy,77,6,1114,null_or_unclassified,null_or_unclassified,No active phenotype detected,0.05,0.3,within_session_all_units_all_primary_contrasts,false,false,false,missing_unit_metadata,false,None
230823,ses230823-units-probe0-spk-AAAB.npy,78,6,1114,S_minus_candidate,S_minus_candidate,P1 stimulus suppression passed,0.05,0.3,within_session_all_units_all_primary_contrasts,false,false,false,missing_unit_metadata,false,None
230823,ses230823-units-probe0-spk-AAAB.npy,79,6,1114,S_minus_candidate,S_minus_candidate,P1 stimulus suppression passed,0.05,0.3,within_session_all_units_all_primary_contrasts,false,false,false,missing_unit_metadata,false,None
230823,ses230823-units-probe0-spk-AAAB.npy,80,6,1114,S_minus_candidate,S_minus_candidate,P1 stimulus suppression passed,0.05,0.3,within_session_all_units_all_primary_contrasts,false,false,false,missing_unit_metadata,false,None
230823,ses230823-units-probe0-spk-AAAB.npy,81,6,1114,S_minus_candidate,S_minus_candidate,P1 stimulus suppression passed,0.05,0.3,within_session_all_units_all_primary_contrasts,false,false,false,missing_unit_metadata,false,None
230823,ses230823-units-probe0-spk-AAAB.npy,82,6,1114,S_minus_candidate,S_minus_candidate,P1 stimulus suppression passed,0.05,0.3,within_session_all_units_all_primary_contrasts,false,false,false,missing_unit_metadata,false,None
230823,ses230823-units-probe0-spk-AAAB.npy,83,6,1114,S_minus_candidate,S_minus_candidate,P1 stimulus suppression passed,0.05,0.3,within_session_all_units_all_primary_contrasts,false,false,false,missing_unit_metadata,false,None
230823,ses230823-units-probe0-spk-AAAB.npy,84,6,1114,S_minus_candidate,S_minus_candidate,P1 stimulus suppression passed,0.05,0.3,within_session_all_units_all_primary_contrasts,false,false,false,missing_unit_metadata,false,None
230823,ses230823-units-probe0-spk-AAAB.npy,85,6,1114,S_minus_candidate,S_minus_candidate,P1 stimulus suppression passed,0.05,0.3,within_session_all_units_all_primary_contrasts,false,false,false,missing_unit_metadata,false,None
230823,ses230823-units-probe0-spk-AAAB.npy,86,6,1114,S_plus_candidate; S_minus_candidate,S_plus_candidate,P1 stimulus suppression passed,0.05,0.3,within_session_all_units_all_primary_contrasts,false,false,false,missing_unit_metadata,false,None
230823,ses230823-units-probe0-spk-AAAB.npy,87,6,1114,S_minus_candidate,S_minus_candidate,P1 stimulus suppression passed,0.05,0.3,within_session_all_units_all_primary_contrasts,false,false,false,missing_unit_metadata,false,None
230823,ses230823-units-probe0-spk-AAAB.npy,88,6,1114,S_plus_candidate; S_minus_candidate,S_plus_candidate,P1 stimulus suppression passed,0.05,0.3,within_session_all_units_all_primary_contrasts,false,false,false,missing_unit_metadata,false,None
230823,ses230823-units-probe0-spk-AAAB.npy,89,6,1114,S_minus_candidate,S_minus_candidate,P1 stimulus suppression passed,0.05,0.3,within_session_all_units_all_primary_contrasts,false,false,false,missing_unit_metadata,false,None
230823,ses230823-units-probe0-spk-AAAB.npy,90,6,1114,S_minus_candidate,S_minus_candidate,P1 stimulus suppression passed,0.05,0.3,within_session_all_units_all_primary_contrasts,false,false,false,missing_unit_metadata,false,None
230823,ses230823-units-probe0-spk-AAAB.npy,91,6,1114,S_minus_candidate,S_minus_candidate,P1 stimulus suppression passed,0.05,0.3,within_session_all_units_all_primary_contrasts,false,false,false,missing_unit_metadata,false,None
230823,ses230823-units-probe0-spk-AAAB.npy,92,6,1114,S_minus_candidate,S_minus_candidate,P1 stimulus suppression passed,0.05,0.3,within_session_all_units_all_primary_contrasts,false,false,false,missing_unit_metadata,false,None
230823,ses230823-units-probe0-spk-AAAB.npy,93,6,1114,S_minus_candidate,S_minus_candidate,P1 stimulus suppression passed,0.05,0.3,within_session_all_units_all_primary_contrasts,false,false,false,missing_unit_metadata,false,None
230823,ses230823-units-probe0-spk-AAAB.npy,94,6,1114,S_plus_candidate; S_minus_candidate,S_plus_candidate,P1 stimulus suppression passed,0.05,0.3,within_session_all_units_all_primary_contrasts,false,false,false,missing_unit_metadata,false,None
230823,ses230823-units-probe0-spk-AAAB.npy,95,6,1114,S_minus_candidate,S_minus_candidate,P1 stimulus suppression passed,0.05,0.3,within_session_all_units_all_primary_contrasts,false,false,false,missing_unit_metadata,false,None
230823,ses230823-units-probe0-spk-AAAB.npy,96,6,1114,S_minus_candidate,S_minus_candidate,P1 stimulus suppression passed,0.05,0.3,within_session_all_units_all_primary_contrasts,false,false,false,missing_unit_metadata,false,None
230823,ses230823-units-probe0-spk-AAAB.npy,97,6,1114,S_minus_candidate,S_minus_candidate,P1 stimulus suppression passed,0.05,0.3,within_session_all_units_all_primary_contrasts,false,false,false,missing_unit_metadata,false,None
230823,ses230823-units-probe0-spk-AAAB.npy,98,6,1114,S_minus_candidate,S_minus_candidate,P1 stimulus suppression passed,0.05,0.3,within_session_all_units_all_primary_contrasts,false,false,false,missing_unit_metadata,false,None
230823,ses230823-units-probe0-spk-AAAB.npy,99,6,1114,S_minus_candidate,S_minus_candidate,P1 stimulus suppression passed,0.05,0.3,within_session_all_units_all_primary_contrasts,false,false,false,missing_unit_metadata,false,None
230823,ses230823-units-probe0-spk-AAAB.npy,100,6,1114,S_minus_candidate,S_minus_candidate,P1 stimulus suppression passed,0.05,0.3,within_session_all_units_all_primary_contrasts,false,false,false,missing_unit_metadata,false,None
230823,ses230823-units-probe0-spk-AAAB.npy,101,6,1114,S_minus_candidate,S_minus_candidate,P1 stimulus suppression passed,0.05,0.3,within_session_all_units_all_primary_contrasts,false,false,false,missing_unit_metadata,false,None
230823,ses230823-units-probe0-spk-AAAB.npy,102,6,1114,S_plus_candidate; S_minus_candidate,S_plus_candidate,P1 stimulus suppression passed,0.05,0.3,within_session_all_units_all_primary_contrasts,false,false,false,missing_unit_metadata,false,None
230823,ses230823-units-probe0-spk-AAAB.npy,103,6,1114,S_plus_candidate; S_minus_candidate,S_plus_candidate,P1 stimulus suppression passed,0.05,0.3,within_session_all_units_all_primary_contrasts,false,false,false,missing_unit_metadata,false,None
230823,ses230823-units-probe0-spk-AAAB.npy,104,6,1114,S_plus_candidate; S_minus_candidate,S_plus_candidate,P1 stimulus suppression passed,0.05,0.3,within_session_all_units_all_primary_contrasts,false,false,false,missing_unit_metadata,false,None
230823,ses230823-units-probe0-spk-AAAB.npy,105,6,1114,S_minus_candidate,S_minus_candidate,P1 stimulus suppression passed,0.05,0.3,within_session_all_units_all_primary_contrasts,false,false,false,missing_unit_metadata,false,None
230823,ses230823-units-probe0-spk-AAAB.npy,106,6,1114,S_minus_candidate,S_minus_candidate,P1 stimulus suppression passed,0.05,0.3,within_session_all_units_all_primary_contrasts,false,false,false,missing_unit_metadata,false,None
230823,ses230823-units-probe0-spk-AAAB.npy,107,6,1114,S_minus_candidate,S_minus_candidate,P1 stimulus suppression passed,0.05,0.3,within_session_all_units_all_primary_contrasts,false,false,false,missing_unit_metadata,false,None
230823,ses230823-units-probe0-spk-AAAB.npy,108,6,1114,S_plus_candidate; S_minus_candidate,S_plus_candidate,P1 stimulus suppression passed,0.05,0.3,within_session_all_units_all_primary_contrasts,false,false,false,missing_unit_metadata,false,None
230823,ses230823-units-probe0-spk-AAAB.npy,109,6,1114,S_minus_candidate,S_minus_candidate,P1 stimulus suppression passed,0.05,0.3,within_session_all_units_all_primary_contrasts,false,false,false,missing_unit_metadata,false,None
230823,ses230823-units-probe0-spk-AAAB.npy,110,6,1114,S_minus_candidate,S_minus_candidate,P1 stimulus suppression passed,0.05,0.3,within_session_all_units_all_primary_contrasts,false,false,false,missing_unit_metadata,false,None
230823,ses230823-units-probe0-spk-AAAB.npy,111,6,1114,S_minus_candidate,S_minus_candidate,P1 stimulus suppression passed,0.05,0.3,within_session_all_units_all_primary_contrasts,false,false,false,missing_unit_metadata,false,None
230823,ses230823-units-probe0-spk-AAAB.npy,112,6,1114,S_minus_candidate,S_minus_candidate,P1 stimulus suppression passed,0.05,0.3,within_session_all_units_all_primary_contrasts,false,false,false,missing_unit_metadata,false,None
230823,ses230823-units-probe0-spk-AAAB.npy,113,6,1114,S_minus_candidate,S_minus_candidate,P1 stimulus suppression passed,0.05,0.3,within_session_all_units_all_primary_contrasts,false,false,false,missing_unit_metadata,false,None
230823,ses230823-units-probe0-spk-AAAB.npy,114,6,1114,S_minus_candidate,S_minus_candidate,P1 stimulus suppression passed,0.05,0.3,within_session_all_units_all_primary_contrasts,false,false,false,missing_unit_metadata,false,None
230823,ses230823-units-probe0-spk-AAAB.npy,115,6,1114,S_plus_candidate,S_plus_candidate,P1 stimulus activation passed,0.05,0.3,within_session_all_units_all_primary_contrasts,false,false,false,missing_unit_metadata,false,None
230823,ses230823-units-probe0-spk-AAAB.npy,116,6,1114,S_plus_candidate,S_plus_candidate,P1 stimulus activation passed,0.05,0.3,within_session_all_units_all_primary_contrasts,false,false,false,missing_unit_metadata,false,None
230823,ses230823-units-probe0-spk-AAAB.npy,117,6,1114,S_plus_candidate,S_plus_candidate,P1 stimulus activation passed,0.05,0.3,within_session_all_units_all_primary_contrasts,false,false,false,missing_unit_metadata,false,None
230823,ses230823-units-probe0-spk-AAAB.npy,118,6,1114,null_or_unclassified,null_or_unclassified,No active phenotype detected,0.05,0.3,within_session_all_units_all_primary_contrasts,false,false,false,missing_unit_metadata,false,None
230823,ses230823-units-probe0-spk-AAAB.npy,119,6,1114,S_minus_candidate,S_minus_candidate,P1 stimulus suppression passed,0.05,0.3,within_session_all_units_all_primary_contrasts,false,false,false,missing_unit_metadata,false,None
230823,ses230823-units-probe0-spk-AAAB.npy,120,6,1114,S_minus_candidate,S_minus_candidate,P1 stimulus suppression passed,0.05,0.3,within_session_all_units_all_primary_contrasts,false,false,false,missing_unit_metadata,false,None
230823,ses230823-units-probe0-spk-AAAB.npy,121,6,1114,S_minus_candidate,S_minus_candidate,P1 stimulus suppression passed,0.05,0.3,within_session_all_units_all_primary_contrasts,false,false,false,missing_unit_metadata,false,None
230823,ses230823-units-probe0-spk-AAAB.npy,122,6,1114,S_minus_candidate,S_minus_candidate,P1 stimulus suppression passed,0.05,0.3,within_session_all_units_all_primary_contrasts,false,false,false,missing_unit_metadata,false,None
230823,ses230823-units-probe0-spk-AAAB.npy,123,6,1114,null_or_unclassified,null_or_unclassified,No active phenotype detected,0.05,0.3,within_session_all_units_all_primary_contrasts,false,false,false,missing_unit_metadata,false,None
230823,ses230823-units-probe0-spk-AAAB.npy,124,6,1114,S_minus_candidate,S_minus_candidate,P1 stimulus suppression passed,0.05,0.3,within_session_all_units_all_primary_contrasts,false,false,false,missing_unit_metadata,false,None
230823,ses230823-units-probe0-spk-AAAB.npy,125,6,1114,S_plus_candidate,S_plus_candidate,P1 stimulus activation passed,0.05,0.3,within_session_all_units_all_primary_contrasts,false,false,false,missing_unit_metadata,false,None
230823,ses230823-units-probe0-spk-AAAB.npy,126,6,1114,S_plus_candidate,S_plus_candidate,P1 stimulus activation passed,0.05,0.3,within_session_all_units_all_primary_contrasts,false,false,false,missing_unit_metadata,false,None
230823,ses230823-units-probe0-spk-AAAB.npy,127,6,1114,null_or_unclassified,null_or_unclassified,No active phenotype detected,0.05,0.3,within_session_all_units_all_primary_contrasts,false,false,false,missing_unit_metadata,false,None
230823,ses230823-units-probe0-spk-AAAB.npy,128,6,1114,S_minus_candidate; S_plus_candidate,S_plus_candidate,P1 stimulus activation passed,0.05,0.3,within_session_all_units_all_primary_contrasts,false,false,false,missing_unit_metadata,false,None
230823,ses230823-units-probe0-spk-AAAB.npy,129,6,1114,null_or_unclassified,null_or_unclassified,No active phenotype detected,0.05,0.3,within_session_all_units_all_primary_contrasts,false,false,false,missing_unit_metadata,false,None
230823,ses230823-units-probe0-spk-AAAB.npy,130,6,1114,S_plus_candidate,S_plus_candidate,P1 stimulus activation passed,0.05,0.3,within_session_all_units_all_primary_contrasts,false,false,false,missing_unit_metadata,false,None
230823,ses230823-units-probe0-spk-AAAB.npy,131,6,1114,S_minus_candidate,S_minus_candidate,P1 stimulus suppression passed,0.05,0.3,within_session_all_units_all_primary_contrasts,false,false,false,missing_unit_metadata,false,None
230823,ses230823-units-probe0-spk-AAAB.npy,132,6,1114,S_minus_candidate,S_minus_candidate,P1 stimulus suppression passed,0.05,0.3,within_session_all_units_all_primary_contrasts,false,false,false,missing_unit_metadata,false,None
230823,ses230823-units-probe0-spk-AAAB.npy,133,6,1114,S_minus_candidate,S_minus_candidate,P1 stimulus suppression passed,0.05,0.3,within_session_all_units_all_primary_contrasts,false,false,false,missing_unit_metadata,false,None
230823,ses230823-units-probe0-spk-AAAB.npy,134,6,1114,S_minus_candidate,S_minus_candidate,P1 stimulus suppression passed,0.05,0.3,within_session_all_units_all_primary_contrasts,false,false,false,missing_unit_metadata,false,None
230823,ses230823-units-probe0-spk-AAAB.npy,135,6,1114,S_minus_candidate,S_minus_candidate,P1 stimulus suppression passed,0.05,0.3,within_session_all_units_all_primary_contrasts,false,false,false,missing_unit_metadata,false,None
230823,ses230823-units-probe0-spk-AAAB.npy,136,6,1114,S_plus_candidate; S_minus_candidate,S_plus_candidate,P1 stimulus suppression passed,0.05,0.3,within_session_all_units_all_primary_contrasts,false,false,false,missing_unit_metadata,false,None
230823,ses230823-units-probe0-spk-AAAB.npy,137,6,1114,S_minus_candidate,S_minus_candidate,P1 stimulus suppression passed,0.05,0.3,within_session_all_units_all_primary_contrasts,false,false,false,missing_unit_metadata,false,None
230823,ses230823-units-probe0-spk-AAAB.npy,138,6,1114,S_minus_candidate,S_minus_candidate,P1 stimulus suppression passed,0.05,0.3,within_session_all_units_all_primary_contrasts,false,false,false,missing_unit_metadata,false,None
230823,ses230823-units-probe0-spk-AAAB.npy,139,6,1114,S_minus_candidate,S_minus_candidate,P1 stimulus suppression passed,0.05,0.3,within_session_all_units_all_primary_contrasts,false,false,false,missing_unit_metadata,false,None
230823,ses230823-units-probe0-spk-AAAB.npy,140,6,1114,S_minus_candidate,S_minus_candidate,P1 stimulus suppression passed,0.05,0.3,within_session_all_units_all_primary_contrasts,false,false,false,missing_unit_metadata,false,None
230823,ses230823-units-probe0-spk-AAAB.npy,141,6,1114,S_minus_candidate,S_minus_candidate,P1 stimulus suppression passed,0.05,0.3,within_session_all_units_all_primary_contrasts,false,false,false,missing_unit_metadata,false,None
230823,ses230823-units-probe0-spk-AAAB.npy,142,6,1114,S_minus_candidate,S_minus_candidate,P1 stimulus suppression passed,0.05,0.3,within_session_all_units_all_primary_contrasts,false,false,false,missing_unit_metadata,false,None
230823,ses230823-units-probe0-spk-AAAB.npy,143,6,1114,S_minus_candidate,S_minus_candidate,P1 stimulus suppression passed,0.05,0.3,within_session_all_units_all_primary_contrasts,false,false,false,missing_unit_metadata,false,None
230823,ses230823-units-probe0-spk-AAAB.npy,144,6,1114,S_minus_candidate,S_minus_candidate,P1 stimulus suppression passed,0.05,0.3,within_session_all_units_all_primary_contrasts,false,false,false,missing_unit_metadata,false,None
230823,ses230823-units-probe0-spk-AAAB.npy,145,6,1114,S_minus_candidate,S_minus_candidate,P1 stimulus suppression passed,0.05,0.3,within_session_all_units_all_primary_contrasts,false,false,false,missing_unit_metadata,false,None
230823,ses230823-units-probe0-spk-AAAB.npy,146,6,1114,S_minus_candidate,S_minus_candidate,P1 stimulus suppression passed,0.05,0.3,within_session_all_units_all_primary_contrasts,false,false,false,missing_unit_metadata,false,None
230823,ses230823-units-probe0-spk-AAAB.npy,147,6,1114,S_minus_candidate,S_minus_candidate,P1 stimulus suppression passed,0.05,0.3,within_session_all_units_all_primary_contrasts,false,false,false,missing_unit_metadata,false,None
230823,ses230823-units-probe0-spk-AAAB.npy,148,6,1114,S_plus_candidate,S_plus_candidate,P1 stimulus activation passed,0.05,0.3,within_session_all_units_all_primary_contrasts,false,false,false,missing_unit_metadata,false,None
230823,ses230823-units-probe0-spk-AAAB.npy,149,6,1114,S_minus_candidate,S_minus_candidate,P1 stimulus suppression passed,0.05,0.3,within_session_all_units_all_primary_contrasts,false,false,false,missing_unit_metadata,false,None
230823,ses230823-units-probe0-spk-AAAB.npy,150,6,1114,S_minus_candidate,S_minus_candidate,P1 stimulus suppression passed,0.05,0.3,within_session_all_units_all_primary_contrasts,false,false,false,missing_unit_metadata,false,None
230823,ses230823-units-probe0-spk-AAAB.npy,151,6,1114,S_plus_candidate; S_minus_candidate,S_plus_candidate,P1 stimulus suppression passed,0.05,0.3,within_session_all_units_all_primary_contrasts,false,false,false,missing_unit_metadata,false,None
230823,ses230823-units-probe0-spk-AAAB.npy,152,6,1114,S_minus_candidate,S_minus_candidate,P1 stimulus suppression passed,0.05,0.3,within_session_all_units_all_primary_contrasts,false,false,false,missing_unit_metadata,false,None
230823,ses230823-units-probe0-spk-AAAB.npy,153,6,1114,S_minus_candidate; S_plus_candidate,S_plus_candidate,P1 stimulus activation passed,0.05,0.3,within_session_all_units_all_primary_contrasts,false,false,false,missing_unit_metadata,false,None
230823,ses230823-units-probe0-spk-AAAB.npy,154,6,1114,S_minus_candidate,S_minus_candidate,P1 stimulus suppression passed,0.05,0.3,within_session_all_units_all_primary_contrasts,false,false,false,missing_unit_metadata,false,None
230823,ses230823-units-probe0-spk-AAAB.npy,155,6,1114,S_minus_candidate; S_plus_candidate,S_plus_candidate,P1 stimulus activation passed,0.05,0.3,within_session_all_units_all_primary_contrasts,false,false,false,missing_unit_metadata,false,None
230823,ses230823-units-probe2-spk-AAAB.npy,156,3,557,S_minus_candidate; S_plus_candidate,S_plus_candidate,P1 stimulus activation passed,0.05,0.3,within_session_all_units_all_primary_contrasts,false,false,false,missing_unit_metadata,false,None
230823,ses230823-units-probe2-spk-AAAB.npy,157,3,557,S_minus_candidate; S_plus_candidate,S_plus_candidate,P1 stimulus activation passed,0.05,0.3,within_session_all_units_all_primary_contrasts,false,false,false,missing_unit_metadata,false,None
230823,ses230823-units-probe2-spk-AAAB.npy,158,3,557,S_minus_candidate; S_plus_candidate,S_plus_candidate,P1 stimulus activation passed,0.05,0.3,within_session_all_units_all_primary_contrasts,false,false,false,missing_unit_metadata,false,None
230823,ses230823-units-probe2-spk-AAAB.npy,159,3,557,S_plus_candidate,S_plus_candidate,P1 stimulus activation passed,0.05,0.3,within_session_all_units_all_primary_contrasts,false,false,false,missing_unit_metadata,false,None
230823,ses230823-units-probe2-spk-AAAB.npy,160,3,557,S_minus_candidate; S_plus_candidate,S_plus_candidate,P1 stimulus activation passed,0.05,0.3,within_session_all_units_all_primary_contrasts,false,false,false,missing_unit_metadata,false,None
230823,ses230823-units-probe2-spk-AAAB.npy,161,3,557,null_or_unclassified,null_or_unclassified,No active phenotype detected,0.05,0.3,within_session_all_units_all_primary_contrasts,false,false,false,missing_unit_metadata,false,None
230823,ses230823-units-probe2-spk-AAAB.npy,162,3,557,S_plus_candidate,S_plus_candidate,P1 stimulus activation passed,0.05,0.3,within_session_all_units_all_primary_contrasts,false,false,false,missing_unit_metadata,false,None
230823,ses230823-units-probe2-spk-AAAB.npy,163,3,557,S_plus_candidate,S_plus_candidate,P1 stimulus activation passed,0.05,0.3,within_session_all_units_all_primary_contrasts,false,false,false,missing_unit_metadata,false,None
230823,ses230823-units-probe2-spk-AAAB.npy,164,3,557,S_minus_candidate; S_plus_candidate,S_plus_candidate,P1 stimulus activation passed,0.05,0.3,within_session_all_units_all_primary_contrasts,false,false,false,missing_unit_metadata,false,None
230823,ses230823-units-probe2-spk-AAAB.npy,165,3,557,S_minus_candidate,S_minus_candidate,P1 stimulus suppression passed,0.05,0.3,within_session_all_units_all_primary_contrasts,false,false,false,missing_unit_metadata,false,None
230823,ses230823-units-probe2-spk-AAAB.npy,166,3,557,S_minus_candidate; S_plus_candidate,S_plus_candidate,P1 stimulus activation passed,0.05,0.3,within_session_all_units_all_primary_contrasts,false,false,false,missing_unit_metadata,false,None
230823,ses230823-units-probe2-spk-AAAB.npy,167,3,557,S_plus_candidate,S_plus_candidate,P1 stimulus activation passed,0.05,0.3,within_session_all_units_all_primary_contrasts,false,false,false,missing_unit_metadata,false,None
230823,ses230823-units-probe2-spk-AAAB.npy,168,3,557,S_plus_candidate,S_plus_candidate,P1 stimulus activation passed,0.05,0.3,within_session_all_units_all_primary_contrasts,false,false,false,missing_unit_metadata,false,None
230823,ses230823-units-probe2-spk-AAAB.npy,169,3,557,S_minus_candidate,S_minus_candidate,P1 stimulus suppression passed,0.05,0.3,within_session_all_units_all_primary_contrasts,false,false,false,missing_unit_metadata,false,None
230823,ses230823-units-probe2-spk-AAAB.npy,170,3,557,S_minus_candidate; S_plus_candidate,S_plus_candidate,P1 stimulus activation passed,0.05,0.3,within_session_all_units_all_primary_contrasts,false,false,false,missing_unit_metadata,false,None
230823,ses230823-units-probe2-spk-AAAB.npy,171,3,557,S_plus_candidate,S_plus_candidate,P1 stimulus activation passed,0.05,0.3,within_session_all_units_all_primary_contrasts,false,false,false,missing_unit_metadata,false,None
230823,ses230823-units-probe2-spk-AAAB.npy,172,3,557,S_minus_candidate,S_minus_candidate,P1 stimulus suppression passed,0.05,0.3,within_session_all_units_all_primary_contrasts,false,false,false,missing_unit_metadata,false,None
230823,ses230823-units-probe2-spk-AAAB.npy,173,3,557,null_or_unclassified,null_or_unclassified,No active phenotype detected,0.05,0.3,within_session_all_units_all_primary_contrasts,false,false,false,missing_unit_metadata,false,None
230823,ses230823-units-probe2-spk-AAAB.npy,174,3,557,S_minus_candidate; S_plus_candidate,S_plus_candidate,P1 stimulus activation passed,0.05,0.3,within_session_all_units_all_primary_contrasts,false,false,false,missing_unit_metadata,false,None
230823,ses230823-units-probe2-spk-AAAB.npy,175,3,557,S_minus_candidate,S_minus_candidate,P1 stimulus suppression passed,0.05,0.3,within_session_all_units_all_primary_contrasts,false,false,false,missing_unit_metadata,false,None
230823,ses230823-units-probe2-spk-AAAB.npy,176,3,557,null_or_unclassified,null_or_unclassified,No active phenotype detected,0.05,0.3,within_session_all_units_all_primary_contrasts,false,false,false,missing_unit_metadata,false,None
230823,ses230823-units-probe2-spk-AAAB.npy,177,3,557,S_minus_candidate,S_minus_candidate,P1 stimulus suppression passed,0.05,0.3,within_session_all_units_all_primary_contrasts,false,false,false,missing_unit_metadata,false,None
230823,ses230823-units-probe2-spk-AAAB.npy,178,3,557,S_minus_candidate,S_minus_candidate,P1 stimulus suppression passed,0.05,0.3,within_session_all_units_all_primary_contrasts,false,false,false,missing_unit_metadata,false,None
230823,ses230823-units-probe2-spk-AAAB.npy,179,3,557,S_minus_candidate,S_minus_candidate,P1 stimulus suppression passed,0.05,0.3,within_session_all_units_all_primary_contrasts,false,false,false,missing_unit_metadata,false,None
230823,ses230823-units-probe2-spk-AAAB.npy,180,3,557,S_minus_candidate,S_minus_candidate,P1 stimulus suppression passed,0.05,0.3,within_session_all_units_all_primary_contrasts,false,false,false,missing_unit_metadata,false,None
230823,ses230823-units-probe2-spk-AAAB.npy,181,3,557,S_minus_candidate,S_minus_candidate,P1 stimulus suppression passed,0.05,0.3,within_session_all_units_all_primary_contrasts,false,false,false,missing_unit_metadata,false,None
230823,ses230823-units-probe2-spk-AAAB.npy,182,3,557,S_minus_candidate,S_minus_candidate,P1 stimulus suppression passed,0.05,0.3,within_session_all_units_all_primary_contrasts,false,false,false,missing_unit_metadata,false,None
230823,ses230823-units-probe2-spk-AAAB.npy,183,3,557,S_minus_candidate,S_minus_candidate,P1 stimulus suppression passed,0.05,0.3,within_session_all_units_all_primary_contrasts,false,false,false,missing_unit_metadata,false,None
230823,ses230823-units-probe2-spk-AAAB.npy,184,3,557,S_minus_candidate,S_minus_candidate,P1 stimulus suppression passed,0.05,0.3,within_session_all_units_all_primary_contrasts,false,false,false,missing_unit_metadata,false,None
230823,ses230823-units-probe2-spk-AAAB.npy,185,3,557,S_minus_candidate,S_minus_candidate,P1 stimulus suppression passed,0.05,0.3,within_session_all_units_all_primary_contrasts,false,false,false,missing_unit_metadata,false,None
230823,ses230823-units-probe2-spk-AAAB.npy,186,3,557,S_minus_candidate,S_minus_candidate,P1 stimulus suppression passed,0.05,0.3,within_session_all_units_all_primary_contrasts,false,false,false,missing_unit_metadata,false,None
230823,ses230823-units-probe2-spk-AAAB.npy,187,3,557,S_minus_candidate,S_minus_candidate,P1 stimulus suppression passed,0.05,0.3,within_session_all_units_all_primary_contrasts,false,false,false,missing_unit_metadata,false,None
230823,ses230823-units-probe2-spk-AAAB.npy,188,3,557,S_plus_candidate,S_plus_candidate,P1 stimulus activation passed,0.05,0.3,within_session_all_units_all_primary_contrasts,false,false,false,missing_unit_metadata,false,None
230823,ses230823-units-probe2-spk-AAAB.npy,189,3,557,null_or_unclassified,null_or_unclassified,No active phenotype detected,0.05,0.3,within_session_all_units_all_primary_contrasts,false,false,false,missing_unit_metadata,false,None
230823,ses230823-units-probe2-spk-AAAB.npy,190,3,557,null_or_unclassified,null_or_unclassified,No active phenotype detected,0.05,0.3,within_session_all_units_all_primary_contrasts,false,false,false,missing_unit_metadata,false,None
230823,ses230823-units-probe2-spk-AAAB.npy,191,3,557,S_minus_candidate,S_minus_candidate,P1 stimulus suppression passed,0.05,0.3,within_session_all_units_all_primary_contrasts,false,false,false,missing_unit_metadata,false,None
230823,ses230823-units-probe2-spk-AAAB.npy,192,3,557,null_or_unclassified,null_or_unclassified,No active phenotype detected,0.05,0.3,within_session_all_units_all_primary_contrasts,false,false,false,missing_unit_metadata,false,None
230825,ses230825-units-probe0-spk-AAAB.npy,0,9,1695,S_minus_candidate,S_minus_candidate,P1 stimulus suppression passed,0.05,0.3,within_session_all_units_all_primary_contrasts,false,false,false,missing_unit_metadata,false,None
230825,ses230825-units-probe0-spk-AAAB.npy,1,9,1695,S_minus_candidate,S_minus_candidate,P1 stimulus suppression passed,0.05,0.3,within_session_all_units_all_primary_contrasts,false,false,false,missing_unit_metadata,false,None
230825,ses230825-units-probe0-spk-AAAB.npy,2,9,1695,null_or_unclassified,null_or_unclassified,No active phenotype detected,0.05,0.3,within_session_all_units_all_primary_contrasts,false,false,false,missing_unit_metadata,false,None
230825,ses230825-units-probe0-spk-AAAB.npy,3,9,1695,S_plus_candidate; S_minus_candidate,S_plus_candidate,P1 stimulus suppression passed,0.05,0.3,within_session_all_units_all_primary_contrasts,false,false,false,missing_unit_metadata,false,None
230825,ses230825-units-probe0-spk-AAAB.npy,4,9,1695,S_minus_candidate,S_minus_candidate,P1 stimulus suppression passed,0.05,0.3,within_session_all_units_all_primary_contrasts,false,false,false,missing_unit_metadata,false,None
230825,ses230825-units-probe0-spk-AAAB.npy,5,9,1695,S_minus_candidate,S_minus_candidate,P1 stimulus suppression passed,0.05,0.3,within_session_all_units_all_primary_contrasts,false,false,false,missing_unit_metadata,false,None
230825,ses230825-units-probe0-spk-AAAB.npy,6,9,1695,S_minus_candidate,S_minus_candidate,P1 stimulus suppression passed,0.05,0.3,within_session_all_units_all_primary_contrasts,false,false,false,missing_unit_metadata,false,None
230825,ses230825-units-probe0-spk-AAAB.npy,7,9,1695,S_minus_candidate,S_minus_candidate,P1 stimulus suppression passed,0.05,0.3,within_session_all_units_all_primary_contrasts,false,false,false,missing_unit_metadata,false,None
230825,ses230825-units-probe0-spk-AAAB.npy,8,9,1695,S_minus_candidate,S_minus_candidate,P1 stimulus suppression passed,0.05,0.3,within_session_all_units_all_primary_contrasts,false,false,false,missing_unit_metadata,false,None
230825,ses230825-units-probe0-spk-AAAB.npy,9,9,1695,S_minus_candidate,S_minus_candidate,P1 stimulus suppression passed,0.05,0.3,within_session_all_units_all_primary_contrasts,false,false,false,missing_unit_metadata,false,None
230825,ses230825-units-probe0-spk-AAAB.npy,10,9,1695,S_minus_candidate,S_minus_candidate,P1 stimulus suppression passed,0.05,0.3,within_session_all_units_all_primary_contrasts,false,false,false,missing_unit_metadata,false,None
230825,ses230825-units-probe0-spk-AAAB.npy,11,9,1695,S_minus_candidate,S_minus_candidate,P1 stimulus suppression passed,0.05,0.3,within_session_all_units_all_primary_contrasts,false,false,false,missing_unit_metadata,false,None
230825,ses230825-units-probe0-spk-AAAB.npy,12,9,1695,S_minus_candidate,S_minus_candidate,P1 stimulus suppression passed,0.05,0.3,within_session_all_units_all_primary_contrasts,false,false,false,missing_unit_metadata,false,None
230825,ses230825-units-probe0-spk-AAAB.npy,13,9,1695,S_minus_candidate,S_minus_candidate,P1 stimulus suppression passed,0.05,0.3,within_session_all_units_all_primary_contrasts,false,false,false,missing_unit_metadata,false,None
230825,ses230825-units-probe0-spk-AAAB.npy,14,9,1695,S_plus_candidate; S_minus_candidate,S_plus_candidate,P1 stimulus suppression passed,0.05,0.3,within_session_all_units_all_primary_contrasts,false,false,false,missing_unit_metadata,false,None
230825,ses230825-units-probe0-spk-AAAB.npy,15,9,1695,S_minus_candidate,S_minus_candidate,P1 stimulus suppression passed,0.05,0.3,within_session_all_units_all_primary_contrasts,false,false,false,missing_unit_metadata,false,None
230825,ses230825-units-probe0-spk-AAAB.npy,16,9,1695,S_minus_candidate,S_minus_candidate,P1 stimulus suppression passed,0.05,0.3,within_session_all_units_all_primary_contrasts,false,false,false,missing_unit_metadata,false,None
230825,ses230825-units-probe0-spk-AAAB.npy,17,9,1695,S_minus_candidate,S_minus_candidate,P1 stimulus suppression passed,0.05,0.3,within_session_all_units_all_primary_contrasts,false,false,false,missing_unit_metadata,false,None
230825,ses230825-units-probe0-spk-AAAB.npy,18,9,1695,S_minus_candidate,S_minus_candidate,P1 stimulus suppression passed,0.05,0.3,within_session_all_units_all_primary_contrasts,false,false,false,missing_unit_metadata,false,None
230825,ses230825-units-probe0-spk-AAAB.npy,19,9,1695,S_minus_candidate,S_minus_candidate,P1 stimulus suppression passed,0.05,0.3,within_session_all_units_all_primary_contrasts,false,false,false,missing_unit_metadata,false,None
230825,ses230825-units-probe0-spk-AAAB.npy,20,9,1695,S_minus_candidate,S_minus_candidate,P1 stimulus suppression passed,0.05,0.3,within_session_all_units_all_primary_contrasts,false,false,false,missing_unit_metadata,false,None
230825,ses230825-units-probe0-spk-AAAB.npy,21,9,1695,S_minus_candidate,S_minus_candidate,P1 stimulus suppression passed,0.05,0.3,within_session_all_units_all_primary_contrasts,false,false,false,missing_unit_metadata,false,None
230825,ses230825-units-probe0-spk-AAAB.npy,22,9,1695,S_plus_candidate; S_minus_candidate,S_plus_candidate,P1 stimulus suppression passed,0.05,0.3,within_session_all_units_all_primary_contrasts,false,false,false,missing_unit_metadata,false,None
230825,ses230825-units-probe0-spk-AAAB.npy,23,9,1695,null_or_unclassified,null_or_unclassified,No active phenotype detected,0.05,0.3,within_session_all_units_all_primary_contrasts,false,false,false,missing_unit_metadata,false,None
230825,ses230825-units-probe0-spk-AAAB.npy,24,9,1695,null_or_unclassified,null_or_unclassified,No active phenotype detected,0.05,0.3,within_session_all_units_all_primary_contrasts,false,false,false,missing_unit_metadata,false,None
230825,ses230825-units-probe0-spk-AAAB.npy,25,9,1695,S_plus_candidate,S_plus_candidate,P1 stimulus activation passed,0.05,0.3,within_session_all_units_all_primary_contrasts,false,false,false,missing_unit_metadata,false,None
230825,ses230825-units-probe0-spk-AAAB.npy,26,9,1695,null_or_unclassified,null_or_unclassified,No active phenotype detected,0.05,0.3,within_session_all_units_all_primary_contrasts,false,false,false,missing_unit_metadata,false,None
230825,ses230825-units-probe0-spk-AAAB.npy,27,9,1695,null_or_unclassified,null_or_unclassified,No active phenotype detected,0.05,0.3,within_session_all_units_all_primary_contrasts,false,false,false,missing_unit_metadata,false,None
230825,ses230825-units-probe0-spk-AAAB.npy,28,9,1695,S_plus_candidate,S_plus_candidate,P1 stimulus activation passed,0.05,0.3,within_session_all_units_all_primary_contrasts,false,false,false,missing_unit_metadata,false,None
230825,ses230825-units-probe0-spk-AAAB.npy,29,9,1695,null_or_unclassified,null_or_unclassified,No active phenotype detected,0.05,0.3,within_session_all_units_all_primary_contrasts,false,false,false,missing_unit_metadata,false,None
230825,ses230825-units-probe0-spk-AAAB.npy,30,9,1695,null_or_unclassified,null_or_unclassified,No active phenotype detected,0.05,0.3,within_session_all_units_all_primary_contrasts,false,false,false,missing_unit_metadata,false,None
230825,ses230825-units-probe0-spk-AAAB.npy,31,9,1695,S_minus_candidate,S_minus_candidate,P1 stimulus suppression passed,0.05,0.3,within_session_all_units_all_primary_contrasts,false,false,false,missing_unit_metadata,false,None
230825,ses230825-units-probe0-spk-AAAB.npy,32,9,1695,null_or_unclassified,null_or_unclassified,No active phenotype detected,0.05,0.3,within_session_all_units_all_primary_contrasts,false,false,false,missing_unit_metadata,false,None
230825,ses230825-units-probe0-spk-AAAB.npy,33,9,1695,S_plus_candidate,S_plus_candidate,P1 stimulus activation passed,0.05,0.3,within_session_all_units_all_primary_contrasts,false,false,false,missing_unit_metadata,false,None
230825,ses230825-units-probe0-spk-AAAB.npy,34,9,1695,S_plus_candidate,S_plus_candidate,P1 stimulus activation passed,0.05,0.3,within_session_all_units_all_primary_contrasts,false,false,false,missing_unit_metadata,false,None
230825,ses230825-units-probe0-spk-AAAB.npy,35,9,1695,null_or_unclassified,null_or_unclassified,No active phenotype detected,0.05,0.3,within_session_all_units_all_primary_contrasts,false,false,false,missing_unit_metadata,false,None
230825,ses230825-units-probe0-spk-AAAB.npy,36,9,1695,S_minus_candidate,S_minus_candidate,P1 stimulus suppression passed,0.05,0.3,within_session_all_units_all_primary_contrasts,false,false,false,missing_unit_metadata,false,None
230825,ses230825-units-probe0-spk-AAAB.npy,37,9,1695,S_plus_candidate,S_plus_candidate,P1 stimulus activation passed,0.05,0.3,within_session_all_units_all_primary_contrasts,false,false,false,missing_unit_metadata,false,None
230825,ses230825-units-probe0-spk-AAAB.npy,38,9,1695,S_minus_candidate; S_plus_candidate,S_plus_candidate,P1 stimulus activation passed,0.05,0.3,within_session_all_units_all_primary_contrasts,false,false,false,missing_unit_metadata,false,None
230825,ses230825-units-probe0-spk-AAAB.npy,39,9,1695,S_minus_candidate,S_minus_candidate,P1 stimulus suppression passed,0.05,0.3,within_session_all_units_all_primary_contrasts,false,false,false,missing_unit_metadata,false,None
230825,ses230825-units-probe0-spk-AAAB.npy,40,9,1695,S_plus_candidate; S_minus_candidate,S_plus_candidate,P1 stimulus suppression passed,0.05,0.3,within_session_all_units_all_primary_contrasts,false,false,false,missing_unit_metadata,false,None
230825,ses230825-units-probe0-spk-AAAB.npy,41,9,1695,null_or_unclassified,null_or_unclassified,No active phenotype detected,0.05,0.3,within_session_all_units_all_primary_contrasts,false,false,false,missing_unit_metadata,false,None
230825,ses230825-units-probe0-spk-AAAB.npy,42,9,1695,null_or_unclassified,null_or_unclassified,No active phenotype detected,0.05,0.3,within_session_all_units_all_primary_contrasts,false,false,false,missing_unit_metadata,false,None
230825,ses230825-units-probe0-spk-AAAB.npy,43,9,1695,S_minus_candidate,S_minus_candidate,P1 stimulus suppression passed,0.05,0.3,within_session_all_units_all_primary_contrasts,false,false,false,missing_unit_metadata,false,None
230825,ses230825-units-probe0-spk-AAAB.npy,44,9,1695,S_plus_candidate; S_minus_candidate,S_plus_candidate,P1 stimulus suppression passed,0.05,0.3,within_session_all_units_all_primary_contrasts,false,false,false,missing_unit_metadata,false,None
230825,ses230825-units-probe0-spk-AAAB.npy,45,9,1695,S_plus_candidate,S_plus_candidate,P1 stimulus activation passed,0.05,0.3,within_session_all_units_all_primary_contrasts,false,false,false,missing_unit_metadata,false,None
230825,ses230825-units-probe0-spk-AAAB.npy,46,9,1695,null_or_unclassified,null_or_unclassified,No active phenotype detected,0.05,0.3,within_session_all_units_all_primary_contrasts,false,false,false,missing_unit_metadata,false,None
230825,ses230825-units-probe0-spk-AAAB.npy,47,9,1695,S_minus_candidate; S_plus_candidate,S_plus_candidate,P1 stimulus activation passed,0.05,0.3,within_session_all_units_all_primary_contrasts,false,false,false,missing_unit_metadata,false,None
230825,ses230825-units-probe0-spk-AAAB.npy,48,9,1695,S_minus_candidate; S_plus_candidate,S_plus_candidate,P1 stimulus activation passed,0.05,0.3,within_session_all_units_all_primary_contrasts,false,false,false,missing_unit_metadata,false,None
230825,ses230825-units-probe0-spk-AAAB.npy,49,9,1695,null_or_unclassified,null_or_unclassified,No active phenotype detected,0.05,0.3,within_session_all_units_all_primary_contrasts,false,false,false,missing_unit_metadata,false,None
230825,ses230825-units-probe0-spk-AAAB.npy,50,9,1695,null_or_unclassified,null_or_unclassified,No active phenotype detected,0.05,0.3,within_session_all_units_all_primary_contrasts,false,false,false,missing_unit_metadata,false,None
230825,ses230825-units-probe0-spk-AAAB.npy,51,9,1695,null_or_unclassified,null_or_unclassified,No active phenotype detected,0.05,0.3,within_session_all_units_all_primary_contrasts,false,false,false,missing_unit_metadata,false,None
230825,ses230825-units-probe0-spk-AAAB.npy,52,9,1695,null_or_unclassified,null_or_unclassified,No active phenotype detected,0.05,0.3,within_session_all_units_all_primary_contrasts,false,false,false,missing_unit_metadata,false,None
230825,ses230825-units-probe0-spk-AAAB.npy,53,9,1695,null_or_unclassified,null_or_unclassified,No active phenotype detected,0.05,0.3,within_session_all_units_all_primary_contrasts,false,false,false,missing_unit_metadata,false,None
230825,ses230825-units-probe0-spk-AAAB.npy,54,9,1695,S_plus_candidate,S_plus_candidate,P1 stimulus activation passed,0.05,0.3,within_session_all_units_all_primary_contrasts,false,false,false,missing_unit_metadata,false,None
230825,ses230825-units-probe0-spk-AAAB.npy,55,9,1695,null_or_unclassified,null_or_unclassified,No active phenotype detected,0.05,0.3,within_session_all_units_all_primary_contrasts,false,false,false,missing_unit_metadata,false,None
230825,ses230825-units-probe0-spk-AAAB.npy,56,9,1695,null_or_unclassified,null_or_unclassified,No active phenotype detected,0.05,0.3,within_session_all_units_all_primary_contrasts,false,false,false,missing_unit_metadata,false,None
230825,ses230825-units-probe0-spk-AAAB.npy,57,9,1695,S_plus_candidate,S_plus_candidate,P1 stimulus activation passed,0.05,0.3,within_session_all_units_all_primary_contrasts,false,false,false,missing_unit_metadata,false,None
230825,ses230825-units-probe0-spk-AAAB.npy,58,9,1695,null_or_unclassified,null_or_unclassified,No active phenotype detected,0.05,0.3,within_session_all_units_all_primary_contrasts,false,false,false,missing_unit_metadata,false,None
230825,ses230825-units-probe0-spk-AAAB.npy,59,9,1695,S_plus_candidate,S_plus_candidate,P1 stimulus activation passed,0.05,0.3,within_session_all_units_all_primary_contrasts,false,false,false,missing_unit_metadata,false,None
230825,ses230825-units-probe0-spk-AAAB.npy,60,9,1695,S_plus_candidate,S_plus_candidate,P1 stimulus activation passed,0.05,0.3,within_session_all_units_all_primary_contrasts,false,false,false,missing_unit_metadata,false,None
230825,ses230825-units-probe0-spk-AAAB.npy,61,9,1695,S_minus_candidate,S_minus_candidate,P1 stimulus suppression passed,0.05,0.3,within_session_all_units_all_primary_contrasts,false,false,false,missing_unit_metadata,false,None
230825,ses230825-units-probe0-spk-AAAB.npy,62,9,1695,null_or_unclassified,null_or_unclassified,No active phenotype detected,0.05,0.3,within_session_all_units_all_primary_contrasts,false,false,false,missing_unit_metadata,false,None
230825,ses230825-units-probe0-spk-AAAB.npy,63,9,1695,S_plus_candidate,S_plus_candidate,P1 stimulus activation passed,0.05,0.3,within_session_all_units_all_primary_contrasts,false,false,false,missing_unit_metadata,false,None
230825,ses230825-units-probe0-spk-AAAB.npy,64,9,1695,S_plus_candidate,S_plus_candidate,P1 stimulus activation passed,0.05,0.3,within_session_all_units_all_primary_contrasts,false,false,false,missing_unit_metadata,false,None
230825,ses230825-units-probe0-spk-AAAB.npy,65,9,1695,S_minus_candidate; S_plus_candidate,S_plus_candidate,P1 stimulus activation passed,0.05,0.3,within_session_all_units_all_primary_contrasts,false,false,false,missing_unit_metadata,false,None
230825,ses230825-units-probe0-spk-AAAB.npy,66,9,1695,S_plus_candidate,S_plus_candidate,P1 stimulus activation passed,0.05,0.3,within_session_all_units_all_primary_contrasts,false,false,false,missing_unit_metadata,false,None
230825,ses230825-units-probe0-spk-AAAB.npy,67,9,1695,S_minus_candidate,S_minus_candidate,P1 stimulus suppression passed,0.05,0.3,within_session_all_units_all_primary_contrasts,false,false,false,missing_unit_metadata,false,None
230825,ses230825-units-probe0-spk-AAAB.npy,68,9,1695,S_minus_candidate,S_minus_candidate,P1 stimulus suppression passed,0.05,0.3,within_session_all_units_all_primary_contrasts,false,false,false,missing_unit_metadata,false,None
230825,ses230825-units-probe0-spk-AAAB.npy,69,9,1695,null_or_unclassified,null_or_unclassified,No active phenotype detected,0.05,0.3,within_session_all_units_all_primary_contrasts,false,false,false,missing_unit_metadata,false,None
230825,ses230825-units-probe0-spk-AAAB.npy,70,9,1695,null_or_unclassified,null_or_unclassified,No active phenotype detected,0.05,0.3,within_session_all_units_all_primary_contrasts,false,false,false,missing_unit_metadata,false,None
230825,ses230825-units-probe0-spk-AAAB.npy,71,9,1695,S_plus_candidate,S_plus_candidate,P1 stimulus activation passed,0.05,0.3,within_session_all_units_all_primary_contrasts,false,false,false,missing_unit_metadata,false,None
230825,ses230825-units-probe0-spk-AAAB.npy,72,9,1695,null_or_unclassified,null_or_unclassified,No active phenotype detected,0.05,0.3,within_session_all_units_all_primary_contrasts,false,false,false,missing_unit_metadata,false,None
230825,ses230825-units-probe0-spk-AAAB.npy,73,9,1695,null_or_unclassified,null_or_unclassified,No active phenotype detected,0.05,0.3,within_session_all_units_all_primary_contrasts,false,false,false,missing_unit_metadata,false,None
230825,ses230825-units-probe0-spk-AAAB.npy,74,9,1695,S_plus_candidate,S_plus_candidate,P1 stimulus activation passed,0.05,0.3,within_session_all_units_all_primary_contrasts,false,false,false,missing_unit_metadata,false,None
230825,ses230825-units-probe0-spk-AAAB.npy,75,9,1695,null_or_unclassified,null_or_unclassified,No active phenotype detected,0.05,0.3,within_session_all_units_all_primary_contrasts,false,false,false,missing_unit_metadata,false,None
230825,ses230825-units-probe0-spk-AAAB.npy,76,9,1695,S_minus_candidate,S_minus_candidate,P1 stimulus suppression passed,0.05,0.3,within_session_all_units_all_primary_contrasts,false,false,false,missing_unit_metadata,false,None
230825,ses230825-units-probe0-spk-AAAB.npy,77,9,1695,S_minus_candidate,S_minus_candidate,P1 stimulus suppression passed,0.05,0.3,within_session_all_units_all_primary_contrasts,false,false,false,missing_unit_metadata,false,None
230825,ses230825-units-probe0-spk-AAAB.npy,78,9,1695,null_or_unclassified,null_or_unclassified,No active phenotype detected,0.05,0.3,within_session_all_units_all_primary_contrasts,false,false,false,missing_unit_metadata,false,None
230825,ses230825-units-probe0-spk-AAAB.npy,79,9,1695,S_minus_candidate,S_minus_candidate,P1 stimulus suppression passed,0.05,0.3,within_session_all_units_all_primary_contrasts,false,false,false,missing_unit_metadata,false,None
230825,ses230825-units-probe0-spk-AAAB.npy,80,9,1695,S_minus_candidate,S_minus_candidate,P1 stimulus suppression passed,0.05,0.3,within_session_all_units_all_primary_contrasts,false,false,false,missing_unit_metadata,false,None
230825,ses230825-units-probe0-spk-AAAB.npy,81,9,1695,S_plus_candidate,S_plus_candidate,P1 stimulus activation passed,0.05,0.3,within_session_all_units_all_primary_contrasts,false,false,false,missing_unit_metadata,false,None
230825,ses230825-units-probe0-spk-AAAB.npy,82,9,1695,S_plus_candidate,S_plus_candidate,P1 stimulus activation passed,0.05,0.3,within_session_all_units_all_primary_contrasts,false,false,false,missing_unit_metadata,false,None
230825,ses230825-units-probe0-spk-AAAB.npy,83,9,1695,S_plus_candidate,S_plus_candidate,P1 stimulus activation passed,0.05,0.3,within_session_all_units_all_primary_contrasts,false,false,false,missing_unit_metadata,false,None
230825,ses230825-units-probe0-spk-AAAB.npy,84,9,1695,S_minus_candidate,S_minus_candidate,P1 stimulus suppression passed,0.05,0.3,within_session_all_units_all_primary_contrasts,false,false,false,missing_unit_metadata,false,None
230825,ses230825-units-probe0-spk-AAAB.npy,85,9,1695,null_or_unclassified,null_or_unclassified,No active phenotype detected,0.05,0.3,within_session_all_units_all_primary_contrasts,false,false,false,missing_unit_metadata,false,None
230825,ses230825-units-probe0-spk-AAAB.npy,86,9,1695,S_minus_candidate,S_minus_candidate,P1 stimulus suppression passed,0.05,0.3,within_session_all_units_all_primary_contrasts,false,false,false,missing_unit_metadata,false,None
230825,ses230825-units-probe0-spk-AAAB.npy,87,9,1695,S_minus_candidate,S_minus_candidate,P1 stimulus suppression passed,0.05,0.3,within_session_all_units_all_primary_contrasts,false,false,false,missing_unit_metadata,false,None
230825,ses230825-units-probe0-spk-AAAB.npy,88,9,1695,null_or_unclassified,null_or_unclassified,No active phenotype detected,0.05,0.3,within_session_all_units_all_primary_contrasts,false,false,false,missing_unit_metadata,false,None
230825,ses230825-units-probe0-spk-AAAB.npy,89,9,1695,S_minus_candidate,S_minus_candidate,P1 stimulus suppression passed,0.05,0.3,within_session_all_units_all_primary_contrasts,false,false,false,missing_unit_metadata,false,None
230825,ses230825-units-probe0-spk-AAAB.npy,90,9,1695,S_minus_candidate,S_minus_candidate,P1 stimulus suppression passed,0.05,0.3,within_session_all_units_all_primary_contrasts,false,false,false,missing_unit_metadata,false,None
230825,ses230825-units-probe0-spk-AAAB.npy,91,9,1695,S_minus_candidate,S_minus_candidate,P1 stimulus suppression passed,0.05,0.3,within_session_all_units_all_primary_contrasts,false,false,false,missing_unit_metadata,false,None
230825,ses230825-units-probe0-spk-AAAB.npy,92,9,1695,S_minus_candidate,S_minus_candidate,P1 stimulus suppression passed,0.05,0.3,within_session_all_units_all_primary_contrasts,false,false,false,missing_unit_metadata,false,None
230825,ses230825-units-probe0-spk-AAAB.npy,93,9,1695,S_minus_candidate,S_minus_candidate,P1 stimulus suppression passed,0.05,0.3,within_session_all_units_all_primary_contrasts,false,false,false,missing_unit_metadata,false,None
230825,ses230825-units-probe0-spk-AAAB.npy,94,9,1695,S_minus_candidate,S_minus_candidate,P1 stimulus suppression passed,0.05,0.3,within_session_all_units_all_primary_contrasts,false,false,false,missing_unit_metadata,false,None
230825,ses230825-units-probe0-spk-AAAB.npy,95,9,1695,S_minus_candidate,S_minus_candidate,P1 stimulus suppression passed,0.05,0.3,within_session_all_units_all_primary_contrasts,false,false,false,missing_unit_metadata,false,None
230825,ses230825-units-probe0-spk-AAAB.npy,96,9,1695,S_plus_candidate; S_minus_candidate,S_plus_candidate,P1 stimulus suppression passed,0.05,0.3,within_session_all_units_all_primary_contrasts,false,false,false,missing_unit_metadata,false,None
230825,ses230825-units-probe0-spk-AAAB.npy,97,9,1695,S_plus_candidate; S_minus_candidate,S_plus_candidate,P1 stimulus suppression passed,0.05,0.3,within_session_all_units_all_primary_contrasts,false,false,false,missing_unit_metadata,false,None
230825,ses230825-units-probe0-spk-AAAB.npy,98,9,1695,S_plus_candidate,S_plus_candidate,P1 stimulus activation passed,0.05,0.3,within_session_all_units_all_primary_contrasts,false,false,false,missing_unit_metadata,false,None
230825,ses230825-units-probe0-spk-AAAB.npy,99,9,1695,S_plus_candidate,S_plus_candidate,P1 stimulus activation passed,0.05,0.3,within_session_all_units_all_primary_contrasts,false,false,false,missing_unit_metadata,false,None
230825,ses230825-units-probe0-spk-AAAB.npy,100,9,1695,S_minus_candidate,S_minus_candidate,P1 stimulus suppression passed,0.05,0.3,within_session_all_units_all_primary_contrasts,false,false,false,missing_unit_metadata,false,None
230825,ses230825-units-probe0-spk-AAAB.npy,101,9,1695,S_minus_candidate,S_minus_candidate,P1 stimulus suppression passed,0.05,0.3,within_session_all_units_all_primary_contrasts,false,false,false,missing_unit_metadata,false,None
230825,ses230825-units-probe0-spk-AAAB.npy,102,9,1695,S_minus_candidate,S_minus_candidate,P1 stimulus suppression passed,0.05,0.3,within_session_all_units_all_primary_contrasts,false,false,false,missing_unit_metadata,false,None
230825,ses230825-units-probe0-spk-AAAB.npy,103,9,1695,S_minus_candidate,S_minus_candidate,P1 stimulus suppression passed,0.05,0.3,within_session_all_units_all_primary_contrasts,false,false,false,missing_unit_metadata,false,None
230825,ses230825-units-probe0-spk-AAAB.npy,104,9,1695,S_minus_candidate,S_minus_candidate,P1 stimulus suppression passed,0.05,0.3,within_session_all_units_all_primary_contrasts,false,false,false,missing_unit_metadata,false,None
230825,ses230825-units-probe0-spk-AAAB.npy,105,9,1695,null_or_unclassified,null_or_unclassified,No active phenotype detected,0.05,0.3,within_session_all_units_all_primary_contrasts,false,false,false,missing_unit_metadata,false,None
230825,ses230825-units-probe0-spk-AAAB.npy,106,9,1695,S_minus_candidate,S_minus_candidate,P1 stimulus suppression passed,0.05,0.3,within_session_all_units_all_primary_contrasts,false,false,false,missing_unit_metadata,false,None
230825,ses230825-units-probe0-spk-AAAB.npy,107,9,1695,S_minus_candidate,S_minus_candidate,P1 stimulus suppression passed,0.05,0.3,within_session_all_units_all_primary_contrasts,false,false,false,missing_unit_metadata,false,None
230825,ses230825-units-probe0-spk-AAAB.npy,108,9,1695,S_minus_candidate,S_minus_candidate,P1 stimulus suppression passed,0.05,0.3,within_session_all_units_all_primary_contrasts,false,false,false,missing_unit_metadata,false,None
230825,ses230825-units-probe0-spk-AAAB.npy,109,9,1695,S_minus_candidate,S_minus_candidate,P1 stimulus suppression passed,0.05,0.3,within_session_all_units_all_primary_contrasts,false,false,false,missing_unit_metadata,false,None
230825,ses230825-units-probe0-spk-AAAB.npy,110,9,1695,S_minus_candidate,S_minus_candidate,P1 stimulus suppression passed,0.05,0.3,within_session_all_units_all_primary_contrasts,false,false,false,missing_unit_metadata,false,None
230825,ses230825-units-probe0-spk-AAAB.npy,111,9,1695,null_or_unclassified,null_or_unclassified,No active phenotype detected,0.05,0.3,within_session_all_units_all_primary_contrasts,false,false,false,missing_unit_metadata,false,None
230825,ses230825-units-probe0-spk-AAAB.npy,112,9,1695,S_minus_candidate,S_minus_candidate,P1 stimulus suppression passed,0.05,0.3,within_session_all_units_all_primary_contrasts,false,false,false,missing_unit_metadata,false,None
230825,ses230825-units-probe0-spk-AAAB.npy,113,9,1695,S_plus_candidate,S_plus_candidate,P1 stimulus activation passed,0.05,0.3,within_session_all_units_all_primary_contrasts,false,false,false,missing_unit_metadata,false,None
230825,ses230825-units-probe0-spk-AAAB.npy,114,9,1695,S_plus_candidate; S_minus_candidate,S_plus_candidate,P1 stimulus suppression passed,0.05,0.3,within_session_all_units_all_primary_contrasts,false,false,false,missing_unit_metadata,false,None
230825,ses230825-units-probe0-spk-AAAB.npy,115,9,1695,S_minus_candidate,S_minus_candidate,P1 stimulus suppression passed,0.05,0.3,within_session_all_units_all_primary_contrasts,false,false,false,missing_unit_metadata,false,None
230825,ses230825-units-probe0-spk-AAAB.npy,116,9,1695,S_plus_candidate,S_plus_candidate,P1 stimulus activation passed,0.05,0.3,within_session_all_units_all_primary_contrasts,false,false,false,missing_unit_metadata,false,None
230825,ses230825-units-probe0-spk-AAAB.npy,117,9,1695,S_minus_candidate,S_minus_candidate,P1 stimulus suppression passed,0.05,0.3,within_session_all_units_all_primary_contrasts,false,false,false,missing_unit_metadata,false,None
230825,ses230825-units-probe0-spk-AAAB.npy,118,9,1695,S_minus_candidate,S_minus_candidate,P1 stimulus suppression passed,0.05,0.3,within_session_all_units_all_primary_contrasts,false,false,false,missing_unit_metadata,false,None
230825,ses230825-units-probe0-spk-AAAB.npy,119,9,1695,S_minus_candidate,S_minus_candidate,P1 stimulus suppression passed,0.05,0.3,within_session_all_units_all_primary_contrasts,false,false,false,missing_unit_metadata,false,None
230825,ses230825-units-probe0-spk-AAAB.npy,120,9,1695,S_minus_candidate,S_minus_candidate,P1 stimulus suppression passed,0.05,0.3,within_session_all_units_all_primary_contrasts,false,false,false,missing_unit_metadata,false,None
230825,ses230825-units-probe0-spk-AAAB.npy,121,9,1695,S_minus_candidate,S_minus_candidate,P1 stimulus suppression passed,0.05,0.3,within_session_all_units_all_primary_contrasts,false,false,false,missing_unit_metadata,false,None
230825,ses230825-units-probe0-spk-AAAB.npy,122,9,1695,S_plus_candidate; S_minus_candidate,S_plus_candidate,P1 stimulus suppression passed,0.05,0.3,within_session_all_units_all_primary_contrasts,false,false,false,missing_unit_metadata,false,None
230825,ses230825-units-probe0-spk-AAAB.npy,123,9,1695,S_plus_candidate,S_plus_candidate,P1 stimulus activation passed,0.05,0.3,within_session_all_units_all_primary_contrasts,false,false,false,missing_unit_metadata,false,None
230825,ses230825-units-probe0-spk-AAAB.npy,124,9,1695,S_minus_candidate,S_minus_candidate,P1 stimulus suppression passed,0.05,0.3,within_session_all_units_all_primary_contrasts,false,false,false,missing_unit_metadata,false,None
230825,ses230825-units-probe0-spk-AAAB.npy,125,9,1695,S_minus_candidate,S_minus_candidate,P1 stimulus suppression passed,0.05,0.3,within_session_all_units_all_primary_contrasts,false,false,false,missing_unit_metadata,false,None
230825,ses230825-units-probe0-spk-AAAB.npy,126,9,1695,S_minus_candidate,S_minus_candidate,P1 stimulus suppression passed,0.05,0.3,within_session_all_units_all_primary_contrasts,false,false,false,missing_unit_metadata,false,None
230825,ses230825-units-probe0-spk-AAAB.npy,127,9,1695,S_plus_candidate,S_plus_candidate,P1 stimulus activation passed,0.05,0.3,within_session_all_units_all_primary_contrasts,false,false,false,missing_unit_metadata,false,None
230825,ses230825-units-probe0-spk-AAAB.npy,128,9,1695,S_plus_candidate; S_minus_candidate,S_plus_candidate,P1 stimulus suppression passed,0.05,0.3,within_session_all_units_all_primary_contrasts,false,false,false,missing_unit_metadata,false,None
230825,ses230825-units-probe0-spk-AAAB.npy,129,9,1695,S_plus_candidate,S_plus_candidate,P1 stimulus activation passed,0.05,0.3,within_session_all_units_all_primary_contrasts,false,false,false,missing_unit_metadata,false,None
230825,ses230825-units-probe0-spk-AAAB.npy,130,9,1695,S_minus_candidate,S_minus_candidate,P1 stimulus suppression passed,0.05,0.3,within_session_all_units_all_primary_contrasts,false,false,false,missing_unit_metadata,false,None
230825,ses230825-units-probe0-spk-AAAB.npy,131,9,1695,null_or_unclassified,null_or_unclassified,No active phenotype detected,0.05,0.3,within_session_all_units_all_primary_contrasts,false,false,false,missing_unit_metadata,false,None
230825,ses230825-units-probe0-spk-AAAB.npy,132,9,1695,S_plus_candidate,S_plus_candidate,P1 stimulus activation passed,0.05,0.3,within_session_all_units_all_primary_contrasts,false,false,false,missing_unit_metadata,false,None
230825,ses230825-units-probe0-spk-AAAB.npy,133,9,1695,S_minus_candidate; S_plus_candidate,S_plus_candidate,P1 stimulus activation passed,0.05,0.3,within_session_all_units_all_primary_contrasts,false,false,false,missing_unit_metadata,false,None
230825,ses230825-units-probe0-spk-AAAB.npy,134,9,1695,S_plus_candidate,S_plus_candidate,P1 stimulus activation passed,0.05,0.3,within_session_all_units_all_primary_contrasts,false,false,false,missing_unit_metadata,false,None
230825,ses230825-units-probe0-spk-AAAB.npy,135,9,1695,S_minus_candidate,S_minus_candidate,P1 stimulus suppression passed,0.05,0.3,within_session_all_units_all_primary_contrasts,false,false,false,missing_unit_metadata,false,None
230825,ses230825-units-probe0-spk-AAAB.npy,136,9,1695,S_minus_candidate,S_minus_candidate,P1 stimulus suppression passed,0.05,0.3,within_session_all_units_all_primary_contrasts,false,false,false,missing_unit_metadata,false,None
230825,ses230825-units-probe0-spk-AAAB.npy,137,9,1695,S_minus_candidate,S_minus_candidate,P1 stimulus suppression passed,0.05,0.3,within_session_all_units_all_primary_contrasts,false,false,false,missing_unit_metadata,false,None
230825,ses230825-units-probe0-spk-AAAB.npy,138,9,1695,S_minus_candidate,S_minus_candidate,P1 stimulus suppression passed,0.05,0.3,within_session_all_units_all_primary_contrasts,false,false,false,missing_unit_metadata,false,None
230825,ses230825-units-probe0-spk-AAAB.npy,139,9,1695,S_minus_candidate,S_minus_candidate,P1 stimulus suppression passed,0.05,0.3,within_session_all_units_all_primary_contrasts,false,false,false,missing_unit_metadata,false,None
230825,ses230825-units-probe0-spk-AAAB.npy,140,9,1695,S_minus_candidate,S_minus_candidate,P1 stimulus suppression passed,0.05,0.3,within_session_all_units_all_primary_contrasts,false,false,false,missing_unit_metadata,false,None
230825,ses230825-units-probe0-spk-AAAB.npy,141,9,1695,null_or_unclassified,null_or_unclassified,No active phenotype detected,0.05,0.3,within_session_all_units_all_primary_contrasts,false,false,false,missing_unit_metadata,false,None
230825,ses230825-units-probe0-spk-AAAB.npy,142,9,1695,S_plus_candidate,S_plus_candidate,P1 stimulus activation passed,0.05,0.3,within_session_all_units_all_primary_contrasts,false,false,false,missing_unit_metadata,false,None
230825,ses230825-units-probe0-spk-AAAB.npy,143,9,1695,S_minus_candidate,S_minus_candidate,P1 stimulus suppression passed,0.05,0.3,within_session_all_units_all_primary_contrasts,false,false,false,missing_unit_metadata,false,None
230825,ses230825-units-probe0-spk-AAAB.npy,144,9,1695,S_minus_candidate,S_minus_candidate,P1 stimulus suppression passed,0.05,0.3,within_session_all_units_all_primary_contrasts,false,false,false,missing_unit_metadata,false,None
230825,ses230825-units-probe0-spk-AAAB.npy,145,9,1695,null_or_unclassified,null_or_unclassified,No active phenotype detected,0.05,0.3,within_session_all_units_all_primary_contrasts,false,false,false,missing_unit_metadata,false,None
230825,ses230825-units-probe0-spk-AAAB.npy,146,9,1695,null_or_unclassified,null_or_unclassified,No active phenotype detected,0.05,0.3,within_session_all_units_all_primary_contrasts,false,false,false,missing_unit_metadata,false,None
230825,ses230825-units-probe0-spk-AAAB.npy,147,9,1695,S_plus_candidate,S_plus_candidate,P1 stimulus activation passed,0.05,0.3,within_session_all_units_all_primary_contrasts,false,false,false,missing_unit_metadata,false,None
230825,ses230825-units-probe0-spk-AAAB.npy,148,9,1695,S_minus_candidate,S_minus_candidate,P1 stimulus suppression passed,0.05,0.3,within_session_all_units_all_primary_contrasts,false,false,false,missing_unit_metadata,false,None
230825,ses230825-units-probe0-spk-AAAB.npy,149,9,1695,S_plus_candidate,S_plus_candidate,P1 stimulus activation passed,0.05,0.3,within_session_all_units_all_primary_contrasts,false,false,false,missing_unit_metadata,false,None
230825,ses230825-units-probe0-spk-AAAB.npy,150,9,1695,S_minus_candidate,S_minus_candidate,P1 stimulus suppression passed,0.05,0.3,within_session_all_units_all_primary_contrasts,false,false,false,missing_unit_metadata,false,None
230825,ses230825-units-probe0-spk-AAAB.npy,151,9,1695,null_or_unclassified,null_or_unclassified,No active phenotype detected,0.05,0.3,within_session_all_units_all_primary_contrasts,false,false,false,missing_unit_metadata,false,None
230825,ses230825-units-probe0-spk-AAAB.npy,152,9,1695,null_or_unclassified,null_or_unclassified,No active phenotype detected,0.05,0.3,within_session_all_units_all_primary_contrasts,false,false,false,missing_unit_metadata,false,None
230825,ses230825-units-probe0-spk-AAAB.npy,153,9,1695,S_minus_candidate,S_minus_candidate,P1 stimulus suppression passed,0.05,0.3,within_session_all_units_all_primary_contrasts,false,false,false,missing_unit_metadata,false,None
230825,ses230825-units-probe0-spk-AAAB.npy,154,9,1695,null_or_unclassified,null_or_unclassified,No active phenotype detected,0.05,0.3,within_session_all_units_all_primary_contrasts,false,false,false,missing_unit_metadata,false,None
230825,ses230825-units-probe0-spk-AAAB.npy,155,9,1695,S_minus_candidate,S_minus_candidate,P1 stimulus suppression passed,0.05,0.3,within_session_all_units_all_primary_contrasts,false,false,false,missing_unit_metadata,false,None
230825,ses230825-units-probe0-spk-AAAB.npy,156,6,1130,null_or_unclassified,null_or_unclassified,No active phenotype detected,0.05,0.3,within_session_all_units_all_primary_contrasts,false,false,false,missing_unit_metadata,false,None
230825,ses230825-units-probe0-spk-AAAB.npy,157,6,1130,null_or_unclassified,null_or_unclassified,No active phenotype detected,0.05,0.3,within_session_all_units_all_primary_contrasts,false,false,false,missing_unit_metadata,false,None
230825,ses230825-units-probe0-spk-AAAB.npy,158,6,1130,null_or_unclassified,null_or_unclassified,No active phenotype detected,0.05,0.3,within_session_all_units_all_primary_contrasts,false,false,false,missing_unit_metadata,false,None
230825,ses230825-units-probe0-spk-AAAB.npy,159,6,1130,S_plus_candidate,S_plus_candidate,P1 stimulus activation passed,0.05,0.3,within_session_all_units_all_primary_contrasts,false,false,false,missing_unit_metadata,false,None
230825,ses230825-units-probe0-spk-AAAB.npy,160,6,1130,null_or_unclassified,null_or_unclassified,No active phenotype detected,0.05,0.3,within_session_all_units_all_primary_contrasts,false,false,false,missing_unit_metadata,false,None
230825,ses230825-units-probe0-spk-AAAB.npy,161,6,1130,null_or_unclassified,null_or_unclassified,No active phenotype detected,0.05,0.3,within_session_all_units_all_primary_contrasts,false,false,false,missing_unit_metadata,false,None
230825,ses230825-units-probe0-spk-AAAB.npy,162,3,565,null_or_unclassified,null_or_unclassified,No active phenotype detected,0.05,0.3,within_session_all_units_all_primary_contrasts,false,false,false,missing_unit_metadata,false,None
230825,ses230825-units-probe0-spk-AAAB.npy,163,3,565,null_or_unclassified,null_or_unclassified,No active phenotype detected,0.05,0.3,within_session_all_units_all_primary_contrasts,false,false,false,missing_unit_metadata,false,None
230825,ses230825-units-probe0-spk-AAAB.npy,164,3,565,S_minus_candidate,S_minus_candidate,P1 stimulus suppression passed,0.05,0.3,within_session_all_units_all_primary_contrasts,false,false,false,missing_unit_metadata,false,None
230825,ses230825-units-probe0-spk-AAAB.npy,165,3,565,null_or_unclassified,null_or_unclassified,No active phenotype detected,0.05,0.3,within_session_all_units_all_primary_contrasts,false,false,false,missing_unit_metadata,false,None
230825,ses230825-units-probe0-spk-AAAB.npy,166,3,565,null_or_unclassified,null_or_unclassified,No active phenotype detected,0.05,0.3,within_session_all_units_all_primary_contrasts,false,false,false,missing_unit_metadata,false,None
230825,ses230825-units-probe0-spk-AAAB.npy,167,3,565,null_or_unclassified,null_or_unclassified,No active phenotype detected,0.05,0.3,within_session_all_units_all_primary_contrasts,false,false,false,missing_unit_metadata,false,None
230825,ses230825-units-probe0-spk-AAAB.npy,168,3,565,null_or_unclassified,null_or_unclassified,No active phenotype detected,0.05,0.3,within_session_all_units_all_primary_contrasts,false,false,false,missing_unit_metadata,false,None
230825,ses230825-units-probe0-spk-AAAB.npy,169,3,565,null_or_unclassified,null_or_unclassified,No active phenotype detected,0.05,0.3,within_session_all_units_all_primary_contrasts,false,false,false,missing_unit_metadata,false,None
230825,ses230825-units-probe0-spk-AAAB.npy,170,3,565,S_plus_candidate,S_plus_candidate,P1 stimulus activation passed,0.05,0.3,within_session_all_units_all_primary_contrasts,false,false,false,missing_unit_metadata,false,None
230825,ses230825-units-probe0-spk-AAAB.npy,171,3,565,null_or_unclassified,null_or_unclassified,No active phenotype detected,0.05,0.3,within_session_all_units_all_primary_contrasts,false,false,false,missing_unit_metadata,false,None
230825,ses230825-units-probe0-spk-AAAB.npy,172,3,565,null_or_unclassified,null_or_unclassified,No active phenotype detected,0.05,0.3,within_session_all_units_all_primary_contrasts,false,false,false,missing_unit_metadata,false,None
230830,ses230830-units-probe0-spk-AAAB.npy,0,9,1659,null_or_unclassified,null_or_unclassified,No active phenotype detected,0.05,0.3,within_session_all_units_all_primary_contrasts,false,false,false,row_order_count_matched_unvalidated,false,None
230830,ses230830-units-probe0-spk-AAAB.npy,1,9,1659,null_or_unclassified,null_or_unclassified,No active phenotype detected,0.05,0.3,within_session_all_units_all_primary_contrasts,false,false,false,row_order_count_matched_unvalidated,false,None
230830,ses230830-units-probe0-spk-AAAB.npy,2,9,1659,S_minus_candidate,S_minus_candidate,P1 stimulus suppression passed,0.05,0.3,within_session_all_units_all_primary_contrasts,false,false,false,row_order_count_matched_unvalidated,false,None
230830,ses230830-units-probe0-spk-AAAB.npy,3,9,1659,S_plus_candidate,S_plus_candidate,P1 stimulus activation passed,0.05,0.3,within_session_all_units_all_primary_contrasts,false,false,false,row_order_count_matched_unvalidated,false,None
230830,ses230830-units-probe0-spk-AAAB.npy,4,9,1659,S_plus_candidate,S_plus_candidate,P1 stimulus activation passed,0.05,0.3,within_session_all_units_all_primary_contrasts,false,false,false,row_order_count_matched_unvalidated,false,None
230830,ses230830-units-probe0-spk-AAAB.npy,5,9,1659,null_or_unclassified,null_or_unclassified,No active phenotype detected,0.05,0.3,within_session_all_units_all_primary_contrasts,false,false,false,row_order_count_matched_unvalidated,false,None
230830,ses230830-units-probe0-spk-AAAB.npy,6,9,1659,S_plus_candidate,S_plus_candidate,P1 stimulus activation passed,0.05,0.3,within_session_all_units_all_primary_contrasts,false,false,false,row_order_count_matched_unvalidated,false,None
230830,ses230830-units-probe0-spk-AAAB.npy,7,9,1659,S_plus_candidate,S_plus_candidate,P1 stimulus activation passed,0.05,0.3,within_session_all_units_all_primary_contrasts,false,false,false,row_order_count_matched_unvalidated,false,None
230830,ses230830-units-probe0-spk-AAAB.npy,8,9,1659,S_minus_candidate,S_minus_candidate,P1 stimulus suppression passed,0.05,0.3,within_session_all_units_all_primary_contrasts,false,false,false,row_order_count_matched_unvalidated,false,None
230830,ses230830-units-probe0-spk-AAAB.npy,9,9,1659,null_or_unclassified,null_or_unclassified,No active phenotype detected,0.05,0.3,within_session_all_units_all_primary_contrasts,false,false,false,row_order_count_matched_unvalidated,false,None
230830,ses230830-units-probe0-spk-AAAB.npy,10,9,1659,S_plus_candidate,S_plus_candidate,P1 stimulus activation passed,0.05,0.3,within_session_all_units_all_primary_contrasts,false,false,false,row_order_count_matched_unvalidated,false,None
230830,ses230830-units-probe0-spk-AAAB.npy,11,9,1659,S_plus_candidate; S_minus_candidate,S_plus_candidate,P1 stimulus suppression passed,0.05,0.3,within_session_all_units_all_primary_contrasts,false,false,false,row_order_count_matched_unvalidated,false,None
230830,ses230830-units-probe0-spk-AAAB.npy,12,9,1659,S_plus_candidate,S_plus_candidate,P1 stimulus activation passed,0.05,0.3,within_session_all_units_all_primary_contrasts,false,false,false,row_order_count_matched_unvalidated,false,None
230830,ses230830-units-probe0-spk-AAAB.npy,13,9,1659,null_or_unclassified,null_or_unclassified,No active phenotype detected,0.05,0.3,within_session_all_units_all_primary_contrasts,false,false,false,row_order_count_matched_unvalidated,false,None
230830,ses230830-units-probe0-spk-AAAB.npy,14,9,1659,null_or_unclassified,null_or_unclassified,No active phenotype detected,0.05,0.3,within_session_all_units_all_primary_contrasts,false,false,false,row_order_count_matched_unvalidated,false,None
230830,ses230830-units-probe0-spk-AAAB.npy,15,9,1659,S_plus_candidate; S_minus_candidate,S_plus_candidate,P1 stimulus suppression passed,0.05,0.3,within_session_all_units_all_primary_contrasts,false,false,false,row_order_count_matched_unvalidated,false,None
230830,ses230830-units-probe0-spk-AAAB.npy,16,9,1659,null_or_unclassified,null_or_unclassified,No active phenotype detected,0.05,0.3,within_session_all_units_all_primary_contrasts,false,false,false,row_order_count_matched_unvalidated,false,None
230830,ses230830-units-probe0-spk-AAAB.npy,17,9,1659,null_or_unclassified,null_or_unclassified,No active phenotype detected,0.05,0.3,within_session_all_units_all_primary_contrasts,false,false,false,row_order_count_matched_unvalidated,false,None
230830,ses230830-units-probe0-spk-AAAB.npy,18,9,1659,S_minus_candidate,S_minus_candidate,P1 stimulus suppression passed,0.05,0.3,within_session_all_units_all_primary_contrasts,false,false,false,row_order_count_matched_unvalidated,false,None
230830,ses230830-units-probe0-spk-AAAB.npy,19,9,1659,null_or_unclassified,null_or_unclassified,No active phenotype detected,0.05,0.3,within_session_all_units_all_primary_contrasts,false,false,false,row_order_count_matched_unvalidated,false,None
230830,ses230830-units-probe0-spk-AAAB.npy,20,9,1659,null_or_unclassified,null_or_unclassified,No active phenotype detected,0.05,0.3,within_session_all_units_all_primary_contrasts,false,false,false,row_order_count_matched_unvalidated,false,None
230830,ses230830-units-probe0-spk-AAAB.npy,21,9,1659,S_plus_candidate,S_plus_candidate,P1 stimulus activation passed,0.05,0.3,within_session_all_units_all_primary_contrasts,false,false,false,row_order_count_matched_unvalidated,false,None
230830,ses230830-units-probe0-spk-AAAB.npy,22,9,1659,null_or_unclassified,null_or_unclassified,No active phenotype detected,0.05,0.3,within_session_all_units_all_primary_contrasts,false,false,false,row_order_count_matched_unvalidated,false,None
230830,ses230830-units-probe0-spk-AAAB.npy,23,9,1659,S_plus_candidate,S_plus_candidate,P1 stimulus activation passed,0.05,0.3,within_session_all_units_all_primary_contrasts,false,false,false,row_order_count_matched_unvalidated,false,None
230830,ses230830-units-probe0-spk-AAAB.npy,24,9,1659,S_plus_candidate,S_plus_candidate,P1 stimulus activation passed,0.05,0.3,within_session_all_units_all_primary_contrasts,false,false,false,row_order_count_matched_unvalidated,false,None
230830,ses230830-units-probe0-spk-AAAB.npy,25,9,1659,S_minus_candidate,S_minus_candidate,P1 stimulus suppression passed,0.05,0.3,within_session_all_units_all_primary_contrasts,false,false,false,row_order_count_matched_unvalidated,false,None
230830,ses230830-units-probe0-spk-AAAB.npy,26,9,1659,S_plus_candidate,S_plus_candidate,P1 stimulus activation passed,0.05,0.3,within_session_all_units_all_primary_contrasts,false,false,false,row_order_count_matched_unvalidated,false,None
230830,ses230830-units-probe0-spk-AAAB.npy,27,9,1659,null_or_unclassified,null_or_unclassified,No active phenotype detected,0.05,0.3,within_session_all_units_all_primary_contrasts,false,false,false,row_order_count_matched_unvalidated,false,None
230830,ses230830-units-probe0-spk-AAAB.npy,28,9,1659,S_minus_candidate,S_minus_candidate,P1 stimulus suppression passed,0.05,0.3,within_session_all_units_all_primary_contrasts,false,false,false,row_order_count_matched_unvalidated,false,None
230830,ses230830-units-probe0-spk-AAAB.npy,29,9,1659,S_plus_candidate,S_plus_candidate,P1 stimulus activation passed,0.05,0.3,within_session_all_units_all_primary_contrasts,false,false,false,row_order_count_matched_unvalidated,false,None
230830,ses230830-units-probe0-spk-AAAB.npy,30,9,1659,S_minus_candidate,S_minus_candidate,P1 stimulus suppression passed,0.05,0.3,within_session_all_units_all_primary_contrasts,false,false,false,row_order_count_matched_unvalidated,false,None
230830,ses230830-units-probe0-spk-AAAB.npy,31,9,1659,null_or_unclassified,null_or_unclassified,No active phenotype detected,0.05,0.3,within_session_all_units_all_primary_contrasts,false,false,false,row_order_count_matched_unvalidated,false,None
230830,ses230830-units-probe0-spk-AAAB.npy,32,9,1659,S_plus_candidate,S_plus_candidate,P1 stimulus activation passed,0.05,0.3,within_session_all_units_all_primary_contrasts,false,false,false,row_order_count_matched_unvalidated,false,None
230830,ses230830-units-probe0-spk-AAAB.npy,33,9,1659,null_or_unclassified,null_or_unclassified,No active phenotype detected,0.05,0.3,within_session_all_units_all_primary_contrasts,false,false,false,row_order_count_matched_unvalidated,false,None
230830,ses230830-units-probe0-spk-AAAB.npy,34,9,1659,S_minus_candidate; S_plus_candidate,S_plus_candidate,P1 stimulus activation passed,0.05,0.3,within_session_all_units_all_primary_contrasts,false,false,false,row_order_count_matched_unvalidated,false,None
230830,ses230830-units-probe0-spk-AAAB.npy,35,9,1659,S_plus_candidate,S_plus_candidate,P1 stimulus activation passed,0.05,0.3,within_session_all_units_all_primary_contrasts,false,false,false,row_order_count_matched_unvalidated,false,None
230830,ses230830-units-probe0-spk-AAAB.npy,36,9,1659,S_plus_candidate; S_minus_candidate,S_plus_candidate,P1 stimulus suppression passed,0.05,0.3,within_session_all_units_all_primary_contrasts,false,false,false,row_order_count_matched_unvalidated,false,None
230830,ses230830-units-probe0-spk-AAAB.npy,37,9,1659,S_plus_candidate; S_minus_candidate,S_plus_candidate,P1 stimulus suppression passed,0.05,0.3,within_session_all_units_all_primary_contrasts,false,false,false,row_order_count_matched_unvalidated,false,None
230830,ses230830-units-probe0-spk-AAAB.npy,38,9,1659,null_or_unclassified,null_or_unclassified,No active phenotype detected,0.05,0.3,within_session_all_units_all_primary_contrasts,false,false,false,row_order_count_matched_unvalidated,false,None
230830,ses230830-units-probe0-spk-AAAB.npy,39,9,1659,S_plus_candidate,S_plus_candidate,P1 stimulus activation passed,0.05,0.3,within_session_all_units_all_primary_contrasts,false,false,false,row_order_count_matched_unvalidated,false,None
230830,ses230830-units-probe0-spk-AAAB.npy,40,9,1659,S_plus_candidate,S_plus_candidate,P1 stimulus activation passed,0.05,0.3,within_session_all_units_all_primary_contrasts,false,false,false,row_order_count_matched_unvalidated,false,None
230830,ses230830-units-probe0-spk-AAAB.npy,41,9,1659,S_minus_candidate,S_minus_candidate,P1 stimulus suppression passed,0.05,0.3,within_session_all_units_all_primary_contrasts,false,false,false,row_order_count_matched_unvalidated,false,None
230830,ses230830-units-probe0-spk-AAAB.npy,42,9,1659,S_plus_candidate,S_plus_candidate,P1 stimulus activation passed,0.05,0.3,within_session_all_units_all_primary_contrasts,false,false,false,row_order_count_matched_unvalidated,false,None
230830,ses230830-units-probe0-spk-AAAB.npy,43,9,1659,S_plus_candidate,S_plus_candidate,P1 stimulus activation passed,0.05,0.3,within_session_all_units_all_primary_contrasts,false,false,false,row_order_count_matched_unvalidated,false,None
230830,ses230830-units-probe0-spk-AAAB.npy,44,9,1659,S_plus_candidate,S_plus_candidate,P1 stimulus activation passed,0.05,0.3,within_session_all_units_all_primary_contrasts,false,false,false,row_order_count_matched_unvalidated,false,None
230830,ses230830-units-probe0-spk-AAAB.npy,45,9,1659,S_minus_candidate,S_minus_candidate,P1 stimulus suppression passed,0.05,0.3,within_session_all_units_all_primary_contrasts,false,false,false,row_order_count_matched_unvalidated,false,None
230830,ses230830-units-probe0-spk-AAAB.npy,46,9,1659,S_minus_candidate,S_minus_candidate,P1 stimulus suppression passed,0.05,0.3,within_session_all_units_all_primary_contrasts,false,false,false,row_order_count_matched_unvalidated,false,None
230830,ses230830-units-probe0-spk-AAAB.npy,47,9,1659,S_plus_candidate,S_plus_candidate,P1 stimulus activation passed,0.05,0.3,within_session_all_units_all_primary_contrasts,false,false,false,row_order_count_matched_unvalidated,false,None
230830,ses230830-units-probe0-spk-AAAB.npy,48,9,1659,null_or_unclassified,null_or_unclassified,No active phenotype detected,0.05,0.3,within_session_all_units_all_primary_contrasts,false,false,false,row_order_count_matched_unvalidated,false,None
230830,ses230830-units-probe0-spk-AAAB.npy,49,9,1659,S_minus_candidate,S_minus_candidate,P1 stimulus suppression passed,0.05,0.3,within_session_all_units_all_primary_contrasts,false,false,false,row_order_count_matched_unvalidated,false,None
230830,ses230830-units-probe0-spk-AAAB.npy,50,9,1659,null_or_unclassified,null_or_unclassified,No active phenotype detected,0.05,0.3,within_session_all_units_all_primary_contrasts,false,false,false,row_order_count_matched_unvalidated,false,None
230830,ses230830-units-probe0-spk-AAAB.npy,51,9,1659,S_plus_candidate,S_plus_candidate,P1 stimulus activation passed,0.05,0.3,within_session_all_units_all_primary_contrasts,false,false,false,row_order_count_matched_unvalidated,false,None
230830,ses230830-units-probe0-spk-AAAB.npy,52,9,1659,null_or_unclassified,null_or_unclassified,No active phenotype detected,0.05,0.3,within_session_all_units_all_primary_contrasts,false,false,false,row_order_count_matched_unvalidated,false,None
230830,ses230830-units-probe0-spk-AAAB.npy,53,9,1659,S_plus_candidate,S_plus_candidate,P1 stimulus activation passed,0.05,0.3,within_session_all_units_all_primary_contrasts,false,false,false,row_order_count_matched_unvalidated,false,None
230830,ses230830-units-probe0-spk-AAAB.npy,54,9,1659,S_minus_candidate,S_minus_candidate,P1 stimulus suppression passed,0.05,0.3,within_session_all_units_all_primary_contrasts,false,false,false,row_order_count_matched_unvalidated,false,None
230830,ses230830-units-probe0-spk-AAAB.npy,55,9,1659,S_minus_candidate; S_plus_candidate,S_plus_candidate,P1 stimulus activation passed,0.05,0.3,within_session_all_units_all_primary_contrasts,false,false,false,row_order_count_matched_unvalidated,false,None
230830,ses230830-units-probe0-spk-AAAB.npy,56,9,1659,null_or_unclassified,null_or_unclassified,No active phenotype detected,0.05,0.3,within_session_all_units_all_primary_contrasts,false,false,false,row_order_count_matched_unvalidated,false,None
230830,ses230830-units-probe0-spk-AAAB.npy,57,9,1659,null_or_unclassified,null_or_unclassified,No active phenotype detected,0.05,0.3,within_session_all_units_all_primary_contrasts,false,false,false,row_order_count_matched_unvalidated,false,None
230830,ses230830-units-probe0-spk-AAAB.npy,58,9,1659,null_or_unclassified,null_or_unclassified,No active phenotype detected,0.05,0.3,within_session_all_units_all_primary_contrasts,false,false,false,row_order_count_matched_unvalidated,false,None
230830,ses230830-units-probe0-spk-AAAB.npy,59,9,1659,null_or_unclassified,null_or_unclassified,No active phenotype detected,0.05,0.3,within_session_all_units_all_primary_contrasts,false,false,false,row_order_count_matched_unvalidated,false,None
230830,ses230830-units-probe0-spk-AAAB.npy,60,9,1659,null_or_unclassified,null_or_unclassified,No active phenotype detected,0.05,0.3,within_session_all_units_all_primary_contrasts,false,false,false,row_order_count_matched_unvalidated,false,None
230830,ses230830-units-probe0-spk-AAAB.npy,61,9,1659,null_or_unclassified,null_or_unclassified,No active phenotype detected,0.05,0.3,within_session_all_units_all_primary_contrasts,false,false,false,row_order_count_matched_unvalidated,false,None
230830,ses230830-units-probe0-spk-AAAB.npy,62,9,1659,S_minus_candidate,S_minus_candidate,P1 stimulus suppression passed,0.05,0.3,within_session_all_units_all_primary_contrasts,false,false,false,row_order_count_matched_unvalidated,false,None
230830,ses230830-units-probe0-spk-AAAB.npy,63,9,1659,null_or_unclassified,null_or_unclassified,No active phenotype detected,0.05,0.3,within_session_all_units_all_primary_contrasts,false,false,false,row_order_count_matched_unvalidated,false,None
230830,ses230830-units-probe0-spk-AAAB.npy,64,9,1659,null_or_unclassified,null_or_unclassified,No active phenotype detected,0.05,0.3,within_session_all_units_all_primary_contrasts,false,false,false,row_order_count_matched_unvalidated,false,None
230830,ses230830-units-probe0-spk-AAAB.npy,65,9,1659,S_plus_candidate,S_plus_candidate,P1 stimulus activation passed,0.05,0.3,within_session_all_units_all_primary_contrasts,false,false,false,row_order_count_matched_unvalidated,false,None
230830,ses230830-units-probe0-spk-AAAB.npy,66,9,1659,null_or_unclassified,null_or_unclassified,No active phenotype detected,0.05,0.3,within_session_all_units_all_primary_contrasts,false,false,false,row_order_count_matched_unvalidated,false,None
230830,ses230830-units-probe0-spk-AAAB.npy,67,9,1659,null_or_unclassified,null_or_unclassified,No active phenotype detected,0.05,0.3,within_session_all_units_all_primary_contrasts,false,false,false,row_order_count_matched_unvalidated,false,None
230830,ses230830-units-probe0-spk-AAAB.npy,68,9,1659,S_minus_candidate,S_minus_candidate,P1 stimulus suppression passed,0.05,0.3,within_session_all_units_all_primary_contrasts,false,false,false,row_order_count_matched_unvalidated,false,None
230830,ses230830-units-probe0-spk-AAAB.npy,69,9,1659,S_minus_candidate,S_minus_candidate,P1 stimulus suppression passed,0.05,0.3,within_session_all_units_all_primary_contrasts,false,false,false,row_order_count_matched_unvalidated,false,None
230830,ses230830-units-probe0-spk-AAAB.npy,70,9,1659,null_or_unclassified,null_or_unclassified,No active phenotype detected,0.05,0.3,within_session_all_units_all_primary_contrasts,false,false,false,row_order_count_matched_unvalidated,false,None
230830,ses230830-units-probe0-spk-AAAB.npy,71,9,1659,null_or_unclassified,null_or_unclassified,No active phenotype detected,0.05,0.3,within_session_all_units_all_primary_contrasts,false,false,false,row_order_count_matched_unvalidated,false,None
230830,ses230830-units-probe0-spk-AAAB.npy,72,9,1659,S_minus_candidate,S_minus_candidate,P1 stimulus suppression passed,0.05,0.3,within_session_all_units_all_primary_contrasts,false,false,false,row_order_count_matched_unvalidated,false,None
230830,ses230830-units-probe0-spk-AAAB.npy,73,9,1659,null_or_unclassified,null_or_unclassified,No active phenotype detected,0.05,0.3,within_session_all_units_all_primary_contrasts,false,false,false,row_order_count_matched_unvalidated,false,None
230830,ses230830-units-probe0-spk-AAAB.npy,74,9,1659,null_or_unclassified,null_or_unclassified,No active phenotype detected,0.05,0.3,within_session_all_units_all_primary_contrasts,false,false,false,row_order_count_matched_unvalidated,false,None
230830,ses230830-units-probe0-spk-AAAB.npy,75,9,1659,null_or_unclassified,null_or_unclassified,No active phenotype detected,0.05,0.3,within_session_all_units_all_primary_contrasts,false,false,false,row_order_count_matched_unvalidated,false,None
230830,ses230830-units-probe0-spk-AAAB.npy,76,9,1659,null_or_unclassified,null_or_unclassified,No active phenotype detected,0.05,0.3,within_session_all_units_all_primary_contrasts,false,false,false,row_order_count_matched_unvalidated,false,None
230830,ses230830-units-probe0-spk-AAAB.npy,77,9,1659,S_minus_candidate,S_minus_candidate,P1 stimulus suppression passed,0.05,0.3,within_session_all_units_all_primary_contrasts,false,false,false,row_order_count_matched_unvalidated,false,None
230830,ses230830-units-probe0-spk-AAAB.npy,78,9,1659,null_or_unclassified,null_or_unclassified,No active phenotype detected,0.05,0.3,within_session_all_units_all_primary_contrasts,false,false,false,row_order_count_matched_unvalidated,false,None
230830,ses230830-units-probe0-spk-AAAB.npy,79,9,1659,S_plus_candidate; S_minus_candidate,S_plus_candidate,P1 stimulus suppression passed,0.05,0.3,within_session_all_units_all_primary_contrasts,false,false,false,row_order_count_matched_unvalidated,false,None
230830,ses230830-units-probe0-spk-AAAB.npy,80,9,1659,null_or_unclassified,null_or_unclassified,No active phenotype detected,0.05,0.3,within_session_all_units_all_primary_contrasts,false,false,false,row_order_count_matched_unvalidated,false,None
230830,ses230830-units-probe0-spk-AAAB.npy,81,9,1659,S_minus_candidate,S_minus_candidate,P1 stimulus suppression passed,0.05,0.3,within_session_all_units_all_primary_contrasts,false,false,false,row_order_count_matched_unvalidated,false,None
230830,ses230830-units-probe0-spk-AAAB.npy,82,9,1659,null_or_unclassified,null_or_unclassified,No active phenotype detected,0.05,0.3,within_session_all_units_all_primary_contrasts,false,false,false,row_order_count_matched_unvalidated,false,None
230830,ses230830-units-probe0-spk-AAAB.npy,83,9,1659,null_or_unclassified,null_or_unclassified,No active phenotype detected,0.05,0.3,within_session_all_units_all_primary_contrasts,false,false,false,row_order_count_matched_unvalidated,false,None
230830,ses230830-units-probe0-spk-AAAB.npy,84,9,1659,S_plus_candidate,S_plus_candidate,P1 stimulus activation passed,0.05,0.3,within_session_all_units_all_primary_contrasts,false,false,false,row_order_count_matched_unvalidated,false,None
230830,ses230830-units-probe0-spk-AAAB.npy,85,9,1659,null_or_unclassified,null_or_unclassified,No active phenotype detected,0.05,0.3,within_session_all_units_all_primary_contrasts,false,false,false,row_order_count_matched_unvalidated,false,None
230830,ses230830-units-probe0-spk-AAAB.npy,86,9,1659,null_or_unclassified,null_or_unclassified,No active phenotype detected,0.05,0.3,within_session_all_units_all_primary_contrasts,false,false,false,row_order_count_matched_unvalidated,false,None
230830,ses230830-units-probe0-spk-AAAB.npy,87,9,1659,S_minus_candidate; S_plus_candidate,S_plus_candidate,P1 stimulus activation passed,0.05,0.3,within_session_all_units_all_primary_contrasts,false,false,false,row_order_count_matched_unvalidated,false,None
230830,ses230830-units-probe0-spk-AAAB.npy,88,9,1659,S_plus_candidate,S_plus_candidate,P1 stimulus activation passed,0.05,0.3,within_session_all_units_all_primary_contrasts,false,false,false,row_order_count_matched_unvalidated,false,None
230830,ses230830-units-probe0-spk-AAAB.npy,89,9,1659,null_or_unclassified,null_or_unclassified,No active phenotype detected,0.05,0.3,within_session_all_units_all_primary_contrasts,false,false,false,row_order_count_matched_unvalidated,false,None
230830,ses230830-units-probe0-spk-AAAB.npy,90,9,1659,S_minus_candidate,S_minus_candidate,P1 stimulus suppression passed,0.05,0.3,within_session_all_units_all_primary_contrasts,false,false,false,row_order_count_matched_unvalidated,false,None
230830,ses230830-units-probe0-spk-AAAB.npy,91,9,1659,S_minus_candidate,S_minus_candidate,P1 stimulus suppression passed,0.05,0.3,within_session_all_units_all_primary_contrasts,false,false,false,row_order_count_matched_unvalidated,false,None
230830,ses230830-units-probe0-spk-AAAB.npy,92,9,1659,null_or_unclassified,null_or_unclassified,No active phenotype detected,0.05,0.3,within_session_all_units_all_primary_contrasts,false,false,false,row_order_count_matched_unvalidated,false,None
230830,ses230830-units-probe0-spk-AAAB.npy,93,9,1659,null_or_unclassified,null_or_unclassified,No active phenotype detected,0.05,0.3,within_session_all_units_all_primary_contrasts,false,false,false,row_order_count_matched_unvalidated,false,None
230830,ses230830-units-probe0-spk-AAAB.npy,94,9,1659,S_minus_candidate,S_minus_candidate,P1 stimulus suppression passed,0.05,0.3,within_session_all_units_all_primary_contrasts,false,false,false,row_order_count_matched_unvalidated,false,None
230830,ses230830-units-probe0-spk-AAAB.npy,95,9,1659,null_or_unclassified,null_or_unclassified,No active phenotype detected,0.05,0.3,within_session_all_units_all_primary_contrasts,false,false,false,row_order_count_matched_unvalidated,false,None
230830,ses230830-units-probe0-spk-AAAB.npy,96,9,1659,S_plus_candidate,S_plus_candidate,P1 stimulus activation passed,0.05,0.3,within_session_all_units_all_primary_contrasts,false,false,false,row_order_count_matched_unvalidated,false,None
230830,ses230830-units-probe0-spk-AAAB.npy,97,9,1659,S_minus_candidate,S_minus_candidate,P1 stimulus suppression passed,0.05,0.3,within_session_all_units_all_primary_contrasts,false,false,false,row_order_count_matched_unvalidated,false,None
230830,ses230830-units-probe0-spk-AAAB.npy,98,9,1659,S_plus_candidate,S_plus_candidate,P1 stimulus activation passed,0.05,0.3,within_session_all_units_all_primary_contrasts,false,false,false,row_order_count_matched_unvalidated,false,None
230830,ses230830-units-probe0-spk-AAAB.npy,99,9,1659,null_or_unclassified,null_or_unclassified,No active phenotype detected,0.05,0.3,within_session_all_units_all_primary_contrasts,false,false,false,row_order_count_matched_unvalidated,false,None
230830,ses230830-units-probe0-spk-AAAB.npy,100,9,1659,S_plus_candidate,S_plus_candidate,P1 stimulus activation passed,0.05,0.3,within_session_all_units_all_primary_contrasts,false,false,false,row_order_count_matched_unvalidated,false,None
230830,ses230830-units-probe0-spk-AAAB.npy,101,9,1659,null_or_unclassified,null_or_unclassified,No active phenotype detected,0.05,0.3,within_session_all_units_all_primary_contrasts,false,false,false,row_order_count_matched_unvalidated,false,None
230830,ses230830-units-probe0-spk-AAAB.npy,102,9,1659,null_or_unclassified,null_or_unclassified,No active phenotype detected,0.05,0.3,within_session_all_units_all_primary_contrasts,false,false,false,row_order_count_matched_unvalidated,false,None
230830,ses230830-units-probe0-spk-AAAB.npy,103,9,1659,S_plus_candidate,S_plus_candidate,P1 stimulus activation passed,0.05,0.3,within_session_all_units_all_primary_contrasts,false,false,false,row_order_count_matched_unvalidated,false,None
230830,ses230830-units-probe0-spk-AAAB.npy,104,9,1659,null_or_unclassified,null_or_unclassified,No active phenotype detected,0.05,0.3,within_session_all_units_all_primary_contrasts,false,false,false,row_order_count_matched_unvalidated,false,None
230830,ses230830-units-probe0-spk-AAAB.npy,105,9,1659,null_or_unclassified,null_or_unclassified,No active phenotype detected,0.05,0.3,within_session_all_units_all_primary_contrasts,false,false,false,row_order_count_matched_unvalidated,false,None
230830,ses230830-units-probe0-spk-AAAB.npy,106,9,1659,null_or_unclassified,null_or_unclassified,No active phenotype detected,0.05,0.3,within_session_all_units_all_primary_contrasts,false,false,false,row_order_count_matched_unvalidated,false,None
230830,ses230830-units-probe0-spk-AAAB.npy,107,9,1659,S_minus_candidate,S_minus_candidate,P1 stimulus suppression passed,0.05,0.3,within_session_all_units_all_primary_contrasts,false,false,false,row_order_count_matched_unvalidated,false,None
230830,ses230830-units-probe0-spk-AAAB.npy,108,9,1659,null_or_unclassified,null_or_unclassified,No active phenotype detected,0.05,0.3,within_session_all_units_all_primary_contrasts,false,false,false,row_order_count_matched_unvalidated,false,None
230830,ses230830-units-probe0-spk-AAAB.npy,109,9,1659,null_or_unclassified,null_or_unclassified,No active phenotype detected,0.05,0.3,within_session_all_units_all_primary_contrasts,false,false,false,row_order_count_matched_unvalidated,false,None
230830,ses230830-units-probe0-spk-AAAB.npy,110,9,1659,S_plus_candidate,S_plus_candidate,P1 stimulus activation passed,0.05,0.3,within_session_all_units_all_primary_contrasts,false,false,false,row_order_count_matched_unvalidated,false,None
230830,ses230830-units-probe0-spk-AAAB.npy,111,9,1659,S_plus_candidate,S_plus_candidate,P1 stimulus activation passed,0.05,0.3,within_session_all_units_all_primary_contrasts,false,false,false,row_order_count_matched_unvalidated,false,None
230830,ses230830-units-probe0-spk-AAAB.npy,112,9,1659,S_plus_candidate; S_minus_candidate,S_plus_candidate,P1 stimulus suppression passed,0.05,0.3,within_session_all_units_all_primary_contrasts,false,false,false,row_order_count_matched_unvalidated,false,None
230830,ses230830-units-probe0-spk-AAAB.npy,113,9,1659,null_or_unclassified,null_or_unclassified,No active phenotype detected,0.05,0.3,within_session_all_units_all_primary_contrasts,false,false,false,row_order_count_matched_unvalidated,false,None
230830,ses230830-units-probe0-spk-AAAB.npy,114,9,1659,null_or_unclassified,null_or_unclassified,No active phenotype detected,0.05,0.3,within_session_all_units_all_primary_contrasts,false,false,false,row_order_count_matched_unvalidated,false,None
230830,ses230830-units-probe0-spk-AAAB.npy,115,9,1659,null_or_unclassified,null_or_unclassified,No active phenotype detected,0.05,0.3,within_session_all_units_all_primary_contrasts,false,false,false,row_order_count_matched_unvalidated,false,None
230830,ses230830-units-probe0-spk-AAAB.npy,116,9,1659,null_or_unclassified,null_or_unclassified,No active phenotype detected,0.05,0.3,within_session_all_units_all_primary_contrasts,false,false,false,row_order_count_matched_unvalidated,false,None
230830,ses230830-units-probe0-spk-AAAB.npy,117,9,1659,S_minus_candidate,S_minus_candidate,P1 stimulus suppression passed,0.05,0.3,within_session_all_units_all_primary_contrasts,false,false,false,row_order_count_matched_unvalidated,false,None
230830,ses230830-units-probe0-spk-AAAB.npy,118,9,1659,null_or_unclassified,null_or_unclassified,No active phenotype detected,0.05,0.3,within_session_all_units_all_primary_contrasts,false,false,false,row_order_count_matched_unvalidated,false,None
230830,ses230830-units-probe0-spk-AAAB.npy,119,9,1659,S_minus_candidate,S_minus_candidate,P1 stimulus suppression passed,0.05,0.3,within_session_all_units_all_primary_contrasts,false,false,false,row_order_count_matched_unvalidated,false,None
230830,ses230830-units-probe0-spk-AAAB.npy,120,9,1659,null_or_unclassified,null_or_unclassified,No active phenotype detected,0.05,0.3,within_session_all_units_all_primary_contrasts,false,false,false,row_order_count_matched_unvalidated,false,None
230830,ses230830-units-probe0-spk-AAAB.npy,121,9,1659,null_or_unclassified,null_or_unclassified,No active phenotype detected,0.05,0.3,within_session_all_units_all_primary_contrasts,false,false,false,row_order_count_matched_unvalidated,false,None
230830,ses230830-units-probe0-spk-AAAB.npy,122,9,1659,null_or_unclassified,null_or_unclassified,No active phenotype detected,0.05,0.3,within_session_all_units_all_primary_contrasts,false,false,false,row_order_count_matched_unvalidated,false,None
230830,ses230830-units-probe0-spk-AAAB.npy,123,9,1659,null_or_unclassified,null_or_unclassified,No active phenotype detected,0.05,0.3,within_session_all_units_all_primary_contrasts,false,false,false,row_order_count_matched_unvalidated,false,None
230830,ses230830-units-probe0-spk-AAAB.npy,124,9,1659,null_or_unclassified,null_or_unclassified,No active phenotype detected,0.05,0.3,within_session_all_units_all_primary_contrasts,false,false,false,row_order_count_matched_unvalidated,false,None
230830,ses230830-units-probe0-spk-AAAB.npy,125,6,1106,null_or_unclassified,null_or_unclassified,No active phenotype detected,0.05,0.3,within_session_all_units_all_primary_contrasts,false,false,false,row_order_count_matched_unvalidated,false,None
230830,ses230830-units-probe0-spk-AAAB.npy,126,6,1106,S_plus_candidate,S_plus_candidate,P1 stimulus activation passed,0.05,0.3,within_session_all_units_all_primary_contrasts,false,false,false,row_order_count_matched_unvalidated,false,None
230830,ses230830-units-probe0-spk-AAAB.npy,127,6,1106,null_or_unclassified,null_or_unclassified,No active phenotype detected,0.05,0.3,within_session_all_units_all_primary_contrasts,false,false,false,row_order_count_matched_unvalidated,false,None
230830,ses230830-units-probe0-spk-AAAB.npy,128,6,1106,null_or_unclassified,null_or_unclassified,No active phenotype detected,0.05,0.3,within_session_all_units_all_primary_contrasts,false,false,false,row_order_count_matched_unvalidated,false,None
230830,ses230830-units-probe0-spk-AAAB.npy,129,6,1106,null_or_unclassified,null_or_unclassified,No active phenotype detected,0.05,0.3,within_session_all_units_all_primary_contrasts,false,false,false,row_order_count_matched_unvalidated,false,None
230830,ses230830-units-probe0-spk-AAAB.npy,130,6,1106,null_or_unclassified,null_or_unclassified,No active phenotype detected,0.05,0.3,within_session_all_units_all_primary_contrasts,false,false,false,row_order_count_matched_unvalidated,false,None
230830,ses230830-units-probe0-spk-AAAB.npy,131,6,1106,null_or_unclassified,null_or_unclassified,No active phenotype detected,0.05,0.3,within_session_all_units_all_primary_contrasts,false,false,false,row_order_count_matched_unvalidated,false,None
230830,ses230830-units-probe0-spk-AAAB.npy,132,6,1106,null_or_unclassified,null_or_unclassified,No active phenotype detected,0.05,0.3,within_session_all_units_all_primary_contrasts,false,false,false,row_order_count_matched_unvalidated,false,None
230830,ses230830-units-probe0-spk-AAAB.npy,133,6,1106,null_or_unclassified,null_or_unclassified,No active phenotype detected,0.05,0.3,within_session_all_units_all_primary_contrasts,false,false,false,row_order_count_matched_unvalidated,false,None
230830,ses230830-units-probe0-spk-AAAB.npy,134,6,1106,S_plus_candidate,S_plus_candidate,P1 stimulus activation passed,0.05,0.3,within_session_all_units_all_primary_contrasts,false,false,false,row_order_count_matched_unvalidated,false,None
230830,ses230830-units-probe0-spk-AAAB.npy,135,6,1106,S_plus_candidate,S_plus_candidate,P1 stimulus activation passed,0.05,0.3,within_session_all_units_all_primary_contrasts,false,false,false,row_order_count_matched_unvalidated,false,None
230830,ses230830-units-probe1-spk-AAAB.npy,136,3,553,null_or_unclassified,null_or_unclassified,No active phenotype detected,0.05,0.3,within_session_all_units_all_primary_contrasts,false,false,false,row_order_count_matched_unvalidated,false,None
230830,ses230830-units-probe1-spk-AAAB.npy,137,3,553,null_or_unclassified,null_or_unclassified,No active phenotype detected,0.05,0.3,within_session_all_units_all_primary_contrasts,false,false,false,row_order_count_matched_unvalidated,false,None
230830,ses230830-units-probe1-spk-AAAB.npy,138,3,553,null_or_unclassified,null_or_unclassified,No active phenotype detected,0.05,0.3,within_session_all_units_all_primary_contrasts,false,false,false,row_order_count_matched_unvalidated,false,None
230830,ses230830-units-probe1-spk-AAAB.npy,139,3,553,null_or_unclassified,null_or_unclassified,No active phenotype detected,0.05,0.3,within_session_all_units_all_primary_contrasts,false,false,false,row_order_count_matched_unvalidated,false,None
230830,ses230830-units-probe1-spk-AAAB.npy,140,3,553,null_or_unclassified,null_or_unclassified,No active phenotype detected,0.05,0.3,within_session_all_units_all_primary_contrasts,false,false,false,row_order_count_matched_unvalidated,false,None
230830,ses230830-units-probe1-spk-AAAB.npy,141,3,553,null_or_unclassified,null_or_unclassified,No active phenotype detected,0.05,0.3,within_session_all_units_all_primary_contrasts,false,false,false,row_order_count_matched_unvalidated,false,None
230830,ses230830-units-probe1-spk-AAAB.npy,142,3,553,null_or_unclassified,null_or_unclassified,No active phenotype detected,0.05,0.3,within_session_all_units_all_primary_contrasts,false,false,false,row_order_count_matched_unvalidated,false,None
230830,ses230830-units-probe1-spk-AAAB.npy,143,3,553,null_or_unclassified,null_or_unclassified,No active phenotype detected,0.05,0.3,within_session_all_units_all_primary_contrasts,false,false,false,row_order_count_matched_unvalidated,false,None
230830,ses230830-units-probe1-spk-AAAB.npy,144,3,553,null_or_unclassified,null_or_unclassified,No active phenotype detected,0.05,0.3,within_session_all_units_all_primary_contrasts,false,false,false,row_order_count_matched_unvalidated,false,None
230830,ses230830-units-probe1-spk-AAAB.npy,145,3,553,null_or_unclassified,null_or_unclassified,No active phenotype detected,0.05,0.3,within_session_all_units_all_primary_contrasts,false,false,false,row_order_count_matched_unvalidated,false,None
230830,ses230830-units-probe1-spk-AAAB.npy,146,3,553,null_or_unclassified,null_or_unclassified,No active phenotype detected,0.05,0.3,within_session_all_units_all_primary_contrasts,false,false,false,row_order_count_matched_unvalidated,false,None
230830,ses230830-units-probe1-spk-AAAB.npy,147,3,553,S_plus_candidate,S_plus_candidate,P1 stimulus activation passed,0.05,0.3,within_session_all_units_all_primary_contrasts,false,false,false,row_order_count_matched_unvalidated,false,None
230830,ses230830-units-probe1-spk-AAAB.npy,148,3,553,null_or_unclassified,null_or_unclassified,No active phenotype detected,0.05,0.3,within_session_all_units_all_primary_contrasts,false,false,false,row_order_count_matched_unvalidated,false,None
230830,ses230830-units-probe1-spk-AAAB.npy,149,3,553,null_or_unclassified,null_or_unclassified,No active phenotype detected,0.05,0.3,within_session_all_units_all_primary_contrasts,false,false,false,row_order_count_matched_unvalidated,false,None
230830,ses230830-units-probe1-spk-AAAB.npy,150,3,553,null_or_unclassified,null_or_unclassified,No active phenotype detected,0.05,0.3,within_session_all_units_all_primary_contrasts,false,false,false,row_order_count_matched_unvalidated,false,None
230830,ses230830-units-probe1-spk-AAAB.npy,151,3,553,null_or_unclassified,null_or_unclassified,No active phenotype detected,0.05,0.3,within_session_all_units_all_primary_contrasts,false,false,false,row_order_count_matched_unvalidated,false,None
230830,ses230830-units-probe1-spk-AAAB.npy,152,3,553,null_or_unclassified,null_or_unclassified,No active phenotype detected,0.05,0.3,within_session_all_units_all_primary_contrasts,false,false,false,row_order_count_matched_unvalidated,false,None
230830,ses230830-units-probe1-spk-AAAB.npy,153,3,553,null_or_unclassified,null_or_unclassified,No active phenotype detected,0.05,0.3,within_session_all_units_all_primary_contrasts,false,false,false,row_order_count_matched_unvalidated,false,None
230830,ses230830-units-probe1-spk-AAAB.npy,154,3,553,null_or_unclassified,null_or_unclassified,No active phenotype detected,0.05,0.3,within_session_all_units_all_primary_contrasts,false,false,false,row_order_count_matched_unvalidated,false,None
230830,ses230830-units-probe1-spk-AAAB.npy,155,3,553,null_or_unclassified,null_or_unclassified,No active phenotype detected,0.05,0.3,within_session_all_units_all_primary_contrasts,false,false,false,row_order_count_matched_unvalidated,false,None
230830,ses230830-units-probe1-spk-AAAB.npy,156,3,553,null_or_unclassified,null_or_unclassified,No active phenotype detected,0.05,0.3,within_session_all_units_all_primary_contrasts,false,false,false,row_order_count_matched_unvalidated,false,None
230830,ses230830-units-probe1-spk-AAAB.npy,157,3,553,null_or_unclassified,null_or_unclassified,No active phenotype detected,0.05,0.3,within_session_all_units_all_primary_contrasts,false,false,false,row_order_count_matched_unvalidated,false,None
230830,ses230830-units-probe1-spk-AAAB.npy,158,3,553,null_or_unclassified,null_or_unclassified,No active phenotype detected,0.05,0.3,within_session_all_units_all_primary_contrasts,false,false,false,row_order_count_matched_unvalidated,false,None
230830,ses230830-units-probe1-spk-AAAB.npy,159,3,553,null_or_unclassified,null_or_unclassified,No active phenotype detected,0.05,0.3,within_session_all_units_all_primary_contrasts,false,false,false,row_order_count_matched_unvalidated,false,None
230830,ses230830-units-probe1-spk-AAAB.npy,160,3,553,null_or_unclassified,null_or_unclassified,No active phenotype detected,0.05,0.3,within_session_all_units_all_primary_contrasts,false,false,false,row_order_count_matched_unvalidated,false,None
230830,ses230830-units-probe1-spk-AAAB.npy,161,3,553,null_or_unclassified,null_or_unclassified,No active phenotype detected,0.05,0.3,within_session_all_units_all_primary_contrasts,false,false,false,row_order_count_matched_unvalidated,false,None
230830,ses230830-units-probe1-spk-AAAB.npy,162,3,553,null_or_unclassified,null_or_unclassified,No active phenotype detected,0.05,0.3,within_session_all_units_all_primary_contrasts,false,false,false,row_order_count_matched_unvalidated,false,None
230830,ses230830-units-probe1-spk-AAAB.npy,163,3,553,null_or_unclassified,null_or_unclassified,No active phenotype detected,0.05,0.3,within_session_all_units_all_primary_contrasts,false,false,false,row_order_count_matched_unvalidated,false,None
230830,ses230830-units-probe1-spk-AAAB.npy,164,3,553,null_or_unclassified,null_or_unclassified,No active phenotype detected,0.05,0.3,within_session_all_units_all_primary_contrasts,false,false,false,row_order_count_matched_unvalidated,false,None
230830,ses230830-units-probe1-spk-AAAB.npy,165,3,553,null_or_unclassified,null_or_unclassified,No active phenotype detected,0.05,0.3,within_session_all_units_all_primary_contrasts,false,false,false,row_order_count_matched_unvalidated,false,None
230830,ses230830-units-probe1-spk-AAAB.npy,166,3,553,null_or_unclassified,null_or_unclassified,No active phenotype detected,0.05,0.3,within_session_all_units_all_primary_contrasts,false,false,false,row_order_count_matched_unvalidated,false,None
230830,ses230830-units-probe1-spk-AAAB.npy,167,3,553,null_or_unclassified,null_or_unclassified,No active phenotype detected,0.05,0.3,within_session_all_units_all_primary_contrasts,false,false,false,row_order_count_matched_unvalidated,false,None
230830,ses230830-units-probe1-spk-AAAB.npy,168,3,553,null_or_unclassified,null_or_unclassified,No active phenotype detected,0.05,0.3,within_session_all_units_all_primary_contrasts,false,false,false,row_order_count_matched_unvalidated,false,None
230830,ses230830-units-probe1-spk-AAAB.npy,169,3,553,null_or_unclassified,null_or_unclassified,No active phenotype detected,0.05,0.3,within_session_all_units_all_primary_contrasts,false,false,false,row_order_count_matched_unvalidated,false,None
230830,ses230830-units-probe1-spk-AAAB.npy,170,3,553,null_or_unclassified,null_or_unclassified,No active phenotype detected,0.05,0.3,within_session_all_units_all_primary_contrasts,false,false,false,row_order_count_matched_unvalidated,false,None
230830,ses230830-units-probe1-spk-AAAB.npy,171,3,553,null_or_unclassified,null_or_unclassified,No active phenotype detected,0.05,0.3,within_session_all_units_all_primary_contrasts,false,false,false,row_order_count_matched_unvalidated,false,None
230830,ses230830-units-probe1-spk-AAAB.npy,172,3,553,null_or_unclassified,null_or_unclassified,No active phenotype detected,0.05,0.3,within_session_all_units_all_primary_contrasts,false,false,false,row_order_count_matched_unvalidated,false,None
230830,ses230830-units-probe1-spk-AAAB.npy,173,3,553,null_or_unclassified,null_or_unclassified,No active phenotype detected,0.05,0.3,within_session_all_units_all_primary_contrasts,false,false,false,row_order_count_matched_unvalidated,false,None
230830,ses230830-units-probe1-spk-AAAB.npy,174,3,553,null_or_unclassified,null_or_unclassified,No active phenotype detected,0.05,0.3,within_session_all_units_all_primary_contrasts,false,false,false,row_order_count_matched_unvalidated,false,None
230830,ses230830-units-probe1-spk-AAAB.npy,175,3,553,null_or_unclassified,null_or_unclassified,No active phenotype detected,0.05,0.3,within_session_all_units_all_primary_contrasts,false,false,false,row_order_count_matched_unvalidated,false,None
230830,ses230830-units-probe1-spk-AAAB.npy,176,3,553,null_or_unclassified,null_or_unclassified,No active phenotype detected,0.05,0.3,within_session_all_units_all_primary_contrasts,false,false,false,row_order_count_matched_unvalidated,false,None
230830,ses230830-units-probe1-spk-AAAB.npy,177,3,553,null_or_unclassified,null_or_unclassified,No active phenotype detected,0.05,0.3,within_session_all_units_all_primary_contrasts,false,false,false,row_order_count_matched_unvalidated,false,None
230830,ses230830-units-probe1-spk-AAAB.npy,178,3,553,null_or_unclassified,null_or_unclassified,No active phenotype detected,0.05,0.3,within_session_all_units_all_primary_contrasts,false,false,false,row_order_count_matched_unvalidated,false,None
230830,ses230830-units-probe1-spk-AAAB.npy,179,3,553,null_or_unclassified,null_or_unclassified,No active phenotype detected,0.05,0.3,within_session_all_units_all_primary_contrasts,false,false,false,row_order_count_matched_unvalidated,false,None
230830,ses230830-units-probe1-spk-AAAB.npy,180,3,553,null_or_unclassified,null_or_unclassified,No active phenotype detected,0.05,0.3,within_session_all_units_all_primary_contrasts,false,false,false,row_order_count_matched_unvalidated,false,None
230830,ses230830-units-probe1-spk-AAAB.npy,181,3,553,null_or_unclassified,null_or_unclassified,No active phenotype detected,0.05,0.3,within_session_all_units_all_primary_contrasts,false,false,false,row_order_count_matched_unvalidated,false,None
230830,ses230830-units-probe1-spk-AAAB.npy,182,3,553,null_or_unclassified,null_or_unclassified,No active phenotype detected,0.05,0.3,within_session_all_units_all_primary_contrasts,false,false,false,row_order_count_matched_unvalidated,false,None
230830,ses230830-units-probe1-spk-AAAB.npy,183,3,553,null_or_unclassified,null_or_unclassified,No active phenotype detected,0.05,0.3,within_session_all_units_all_primary_contrasts,false,false,false,row_order_count_matched_unvalidated,false,None
230830,ses230830-units-probe1-spk-AAAB.npy,184,3,553,null_or_unclassified,null_or_unclassified,No active phenotype detected,0.05,0.3,within_session_all_units_all_primary_contrasts,false,false,false,row_order_count_matched_unvalidated,false,None
230830,ses230830-units-probe1-spk-AAAB.npy,185,3,553,null_or_unclassified,null_or_unclassified,No active phenotype detected,0.05,0.3,within_session_all_units_all_primary_contrasts,false,false,false,row_order_count_matched_unvalidated,false,None
230830,ses230830-units-probe1-spk-AAAB.npy,186,3,553,null_or_unclassified,null_or_unclassified,No active phenotype detected,0.05,0.3,within_session_all_units_all_primary_contrasts,false,false,false,row_order_count_matched_unvalidated,false,None
230830,ses230830-units-probe1-spk-AAAB.npy,187,3,553,null_or_unclassified,null_or_unclassified,No active phenotype detected,0.05,0.3,within_session_all_units_all_primary_contrasts,false,false,false,row_order_count_matched_unvalidated,false,None
230830,ses230830-units-probe1-spk-AAAB.npy,188,3,553,null_or_unclassified,null_or_unclassified,No active phenotype detected,0.05,0.3,within_session_all_units_all_primary_contrasts,false,false,false,row_order_count_matched_unvalidated,false,None
230830,ses230830-units-probe1-spk-AAAB.npy,189,3,553,null_or_unclassified,null_or_unclassified,No active phenotype detected,0.05,0.3,within_session_all_units_all_primary_contrasts,false,false,false,row_order_count_matched_unvalidated,false,None
230830,ses230830-units-probe1-spk-AAAB.npy,190,3,553,null_or_unclassified,null_or_unclassified,No active phenotype detected,0.05,0.3,within_session_all_units_all_primary_contrasts,false,false,false,row_order_count_matched_unvalidated,false,None
230830,ses230830-units-probe1-spk-AAAB.npy,191,3,553,null_or_unclassified,null_or_unclassified,No active phenotype detected,0.05,0.3,within_session_all_units_all_primary_contrasts,false,false,false,row_order_count_matched_unvalidated,false,None
230830,ses230830-units-probe1-spk-AAAB.npy,192,3,553,null_or_unclassified,null_or_unclassified,No active phenotype detected,0.05,0.3,within_session_all_units_all_primary_contrasts,false,false,false,row_order_count_matched_unvalidated,false,None
230830,ses230830-units-probe1-spk-AAAB.npy,193,3,553,null_or_unclassified,null_or_unclassified,No active phenotype detected,0.05,0.3,within_session_all_units_all_primary_contrasts,false,false,false,row_order_count_matched_unvalidated,false,None
230830,ses230830-units-probe1-spk-AAAB.npy,194,3,553,null_or_unclassified,null_or_unclassified,No active phenotype detected,0.05,0.3,within_session_all_units_all_primary_contrasts,false,false,false,row_order_count_matched_unvalidated,false,None
230830,ses230830-units-probe1-spk-AAAB.npy,195,3,553,null_or_unclassified,null_or_unclassified,No active phenotype detected,0.05,0.3,within_session_all_units_all_primary_contrasts,false,false,false,row_order_count_matched_unvalidated,false,None
230830,ses230830-units-probe1-spk-AAAB.npy,196,3,553,null_or_unclassified,null_or_unclassified,No active phenotype detected,0.05,0.3,within_session_all_units_all_primary_contrasts,false,false,false,row_order_count_matched_unvalidated,false,None
230830,ses230830-units-probe1-spk-AAAB.npy,197,3,553,null_or_unclassified,null_or_unclassified,No active phenotype detected,0.05,0.3,within_session_all_units_all_primary_contrasts,false,false,false,row_order_count_matched_unvalidated,false,None
230830,ses230830-units-probe1-spk-AAAB.npy,198,3,553,null_or_unclassified,null_or_unclassified,No active phenotype detected,0.05,0.3,within_session_all_units_all_primary_contrasts,false,false,false,row_order_count_matched_unvalidated,false,None
230830,ses230830-units-probe1-spk-AAAB.npy,199,3,553,null_or_unclassified,null_or_unclassified,No active phenotype detected,0.05,0.3,within_session_all_units_all_primary_contrasts,false,false,false,row_order_count_matched_unvalidated,false,None
230830,ses230830-units-probe1-spk-AAAB.npy,200,3,553,null_or_unclassified,null_or_unclassified,No active phenotype detected,0.05,0.3,within_session_all_units_all_primary_contrasts,false,false,false,row_order_count_matched_unvalidated,false,None
230830,ses230830-units-probe1-spk-AAAB.npy,201,3,553,null_or_unclassified,null_or_unclassified,No active phenotype detected,0.05,0.3,within_session_all_units_all_primary_contrasts,false,false,false,row_order_count_matched_unvalidated,false,None
230830,ses230830-units-probe1-spk-AAAB.npy,202,3,553,null_or_unclassified,null_or_unclassified,No active phenotype detected,0.05,0.3,within_session_all_units_all_primary_contrasts,false,false,false,row_order_count_matched_unvalidated,false,None
230830,ses230830-units-probe1-spk-AAAB.npy,203,3,553,null_or_unclassified,null_or_unclassified,No active phenotype detected,0.05,0.3,within_session_all_units_all_primary_contrasts,false,false,false,row_order_count_matched_unvalidated,false,None
230830,ses230830-units-probe1-spk-AAAB.npy,204,3,553,null_or_unclassified,null_or_unclassified,No active phenotype detected,0.05,0.3,within_session_all_units_all_primary_contrasts,false,false,false,row_order_count_matched_unvalidated,false,None
230830,ses230830-units-probe1-spk-AAAB.npy,205,3,553,null_or_unclassified,null_or_unclassified,No active phenotype detected,0.05,0.3,within_session_all_units_all_primary_contrasts,false,false,false,row_order_count_matched_unvalidated,false,None
230830,ses230830-units-probe1-spk-AAAB.npy,206,3,553,null_or_unclassified,null_or_unclassified,No active phenotype detected,0.05,0.3,within_session_all_units_all_primary_contrasts,false,false,false,row_order_count_matched_unvalidated,false,None
230830,ses230830-units-probe1-spk-AAAB.npy,207,3,553,null_or_unclassified,null_or_unclassified,No active phenotype detected,0.05,0.3,within_session_all_units_all_primary_contrasts,false,false,false,row_order_count_matched_unvalidated,false,None
230830,ses230830-units-probe1-spk-AAAB.npy,208,3,553,null_or_unclassified,null_or_unclassified,No active phenotype detected,0.05,0.3,within_session_all_units_all_primary_contrasts,false,false,false,row_order_count_matched_unvalidated,false,None
230830,ses230830-units-probe1-spk-AAAB.npy,209,3,553,null_or_unclassified,null_or_unclassified,No active phenotype detected,0.05,0.3,within_session_all_units_all_primary_contrasts,false,false,false,row_order_count_matched_unvalidated,false,None
230830,ses230830-units-probe1-spk-AAAB.npy,210,3,553,null_or_unclassified,null_or_unclassified,No active phenotype detected,0.05,0.3,within_session_all_units_all_primary_contrasts,false,false,false,row_order_count_matched_unvalidated,false,None
230830,ses230830-units-probe1-spk-AAAB.npy,211,3,553,null_or_unclassified,null_or_unclassified,No active phenotype detected,0.05,0.3,within_session_all_units_all_primary_contrasts,false,false,false,row_order_count_matched_unvalidated,false,None
230830,ses230830-units-probe1-spk-AAAB.npy,212,3,553,null_or_unclassified,null_or_unclassified,No active phenotype detected,0.05,0.3,within_session_all_units_all_primary_contrasts,false,false,false,row_order_count_matched_unvalidated,false,None
230830,ses230830-units-probe1-spk-AAAB.npy,213,3,553,null_or_unclassified,null_or_unclassified,No active phenotype detected,0.05,0.3,within_session_all_units_all_primary_contrasts,false,false,false,row_order_count_matched_unvalidated,false,None
230830,ses230830-units-probe1-spk-AAAB.npy,214,3,553,null_or_unclassified,null_or_unclassified,No active phenotype detected,0.05,0.3,within_session_all_units_all_primary_contrasts,false,false,false,row_order_count_matched_unvalidated,false,None
230830,ses230830-units-probe1-spk-AAAB.npy,215,3,553,null_or_unclassified,null_or_unclassified,No active phenotype detected,0.05,0.3,within_session_all_units_all_primary_contrasts,false,false,false,row_order_count_matched_unvalidated,false,None
230830,ses230830-units-probe1-spk-AAAB.npy,216,3,553,null_or_unclassified,null_or_unclassified,No active phenotype detected,0.05,0.3,within_session_all_units_all_primary_contrasts,false,false,false,row_order_count_matched_unvalidated,false,None
230830,ses230830-units-probe1-spk-AAAB.npy,217,3,553,null_or_unclassified,null_or_unclassified,No active phenotype detected,0.05,0.3,within_session_all_units_all_primary_contrasts,false,false,false,row_order_count_matched_unvalidated,false,None
230830,ses230830-units-probe1-spk-AAAB.npy,218,3,553,null_or_unclassified,null_or_unclassified,No active phenotype detected,0.05,0.3,within_session_all_units_all_primary_contrasts,false,false,false,row_order_count_matched_unvalidated,false,None
230830,ses230830-units-probe1-spk-AAAB.npy,219,3,553,null_or_unclassified,null_or_unclassified,No active phenotype detected,0.05,0.3,within_session_all_units_all_primary_contrasts,false,false,false,row_order_count_matched_unvalidated,false,None
230830,ses230830-units-probe1-spk-AAAB.npy,220,3,553,null_or_unclassified,null_or_unclassified,No active phenotype detected,0.05,0.3,within_session_all_units_all_primary_contrasts,false,false,false,row_order_count_matched_unvalidated,false,None
230830,ses230830-units-probe1-spk-AAAB.npy,221,3,553,null_or_unclassified,null_or_unclassified,No active phenotype detected,0.05,0.3,within_session_all_units_all_primary_contrasts,false,false,false,row_order_count_matched_unvalidated,false,None
230830,ses230830-units-probe1-spk-AAAB.npy,222,3,553,null_or_unclassified,null_or_unclassified,No active phenotype detected,0.05,0.3,within_session_all_units_all_primary_contrasts,false,false,false,row_order_count_matched_unvalidated,false,None
230830,ses230830-units-probe1-spk-AAAB.npy,223,3,553,null_or_unclassified,null_or_unclassified,No active phenotype detected,0.05,0.3,within_session_all_units_all_primary_contrasts,false,false,false,row_order_count_matched_unvalidated,false,None
230830,ses230830-units-probe1-spk-AAAB.npy,224,3,553,null_or_unclassified,null_or_unclassified,No active phenotype detected,0.05,0.3,within_session_all_units_all_primary_contrasts,false,false,false,row_order_count_matched_unvalidated,false,None
230830,ses230830-units-probe1-spk-AAAB.npy,225,3,553,null_or_unclassified,null_or_unclassified,No active phenotype detected,0.05,0.3,within_session_all_units_all_primary_contrasts,false,false,false,row_order_count_matched_unvalidated,false,None
230830,ses230830-units-probe1-spk-AAAB.npy,226,3,553,null_or_unclassified,null_or_unclassified,No active phenotype detected,0.05,0.3,within_session_all_units_all_primary_contrasts,false,false,false,row_order_count_matched_unvalidated,false,None
230830,ses230830-units-probe1-spk-AAAB.npy,227,3,553,null_or_unclassified,null_or_unclassified,No active phenotype detected,0.05,0.3,within_session_all_units_all_primary_contrasts,false,false,false,row_order_count_matched_unvalidated,false,None
230830,ses230830-units-probe1-spk-AAAB.npy,228,3,553,null_or_unclassified,null_or_unclassified,No active phenotype detected,0.05,0.3,within_session_all_units_all_primary_contrasts,false,false,false,row_order_count_matched_unvalidated,false,None
230830,ses230830-units-probe1-spk-AAAB.npy,229,3,553,null_or_unclassified,null_or_unclassified,No active phenotype detected,0.05,0.3,within_session_all_units_all_primary_contrasts,false,false,false,row_order_count_matched_unvalidated,false,None
230830,ses230830-units-probe1-spk-AAAB.npy,230,3,553,null_or_unclassified,null_or_unclassified,No active phenotype detected,0.05,0.3,within_session_all_units_all_primary_contrasts,false,false,false,row_order_count_matched_unvalidated,false,None
230830,ses230830-units-probe1-spk-AAAB.npy,231,3,553,null_or_unclassified,null_or_unclassified,No active phenotype detected,0.05,0.3,within_session_all_units_all_primary_contrasts,false,false,false,row_order_count_matched_unvalidated,false,None
230830,ses230830-units-probe1-spk-AAAB.npy,232,3,553,null_or_unclassified,null_or_unclassified,No active phenotype detected,0.05,0.3,within_session_all_units_all_primary_contrasts,false,false,false,row_order_count_matched_unvalidated,false,None
230830,ses230830-units-probe1-spk-AAAB.npy,233,3,553,null_or_unclassified,null_or_unclassified,No active phenotype detected,0.05,0.3,within_session_all_units_all_primary_contrasts,false,false,false,row_order_count_matched_unvalidated,false,None
230830,ses230830-units-probe1-spk-AAAB.npy,234,3,553,null_or_unclassified,null_or_unclassified,No active phenotype detected,0.05,0.3,within_session_all_units_all_primary_contrasts,false,false,false,row_order_count_matched_unvalidated,false,None
230830,ses230830-units-probe1-spk-AAAB.npy,235,3,553,null_or_unclassified,null_or_unclassified,No active phenotype detected,0.05,0.3,within_session_all_units_all_primary_contrasts,false,false,false,row_order_count_matched_unvalidated,false,None
230830,ses230830-units-probe1-spk-AAAB.npy,236,3,553,null_or_unclassified,null_or_unclassified,No active phenotype detected,0.05,0.3,within_session_all_units_all_primary_contrasts,false,false,false,row_order_count_matched_unvalidated,false,None
230830,ses230830-units-probe1-spk-AAAB.npy,237,3,553,null_or_unclassified,null_or_unclassified,No active phenotype detected,0.05,0.3,within_session_all_units_all_primary_contrasts,false,false,false,row_order_count_matched_unvalidated,false,None
230830,ses230830-units-probe1-spk-AAAB.npy,238,3,553,null_or_unclassified,null_or_unclassified,No active phenotype detected,0.05,0.3,within_session_all_units_all_primary_contrasts,false,false,false,row_order_count_matched_unvalidated,false,None
230830,ses230830-units-probe1-spk-AAAB.npy,239,3,553,S_plus_candidate,S_plus_candidate,P1 stimulus activation passed,0.05,0.3,within_session_all_units_all_primary_contrasts,false,false,false,row_order_count_matched_unvalidated,false,None
230830,ses230830-units-probe1-spk-AAAB.npy,240,3,553,null_or_unclassified,null_or_unclassified,No active phenotype detected,0.05,0.3,within_session_all_units_all_primary_contrasts,false,false,false,row_order_count_matched_unvalidated,false,None
230830,ses230830-units-probe1-spk-AAAB.npy,241,3,553,null_or_unclassified,null_or_unclassified,No active phenotype detected,0.05,0.3,within_session_all_units_all_primary_contrasts,false,false,false,row_order_count_matched_unvalidated,false,None
230830,ses230830-units-probe1-spk-AAAB.npy,242,3,553,null_or_unclassified,null_or_unclassified,No active phenotype detected,0.05,0.3,within_session_all_units_all_primary_contrasts,false,false,false,row_order_count_matched_unvalidated,false,None
230830,ses230830-units-probe1-spk-AAAB.npy,243,3,553,null_or_unclassified,null_or_unclassified,No active phenotype detected,0.05,0.3,within_session_all_units_all_primary_contrasts,false,false,false,row_order_count_matched_unvalidated,false,None
230830,ses230830-units-probe1-spk-AAAB.npy,244,3,553,null_or_unclassified,null_or_unclassified,No active phenotype detected,0.05,0.3,within_session_all_units_all_primary_contrasts,false,false,false,row_order_count_matched_unvalidated,false,None
230830,ses230830-units-probe1-spk-AAAB.npy,245,3,553,S_minus_candidate,S_minus_candidate,P1 stimulus suppression passed,0.05,0.3,within_session_all_units_all_primary_contrasts,false,false,false,row_order_count_matched_unvalidated,false,None
230830,ses230830-units-probe1-spk-AAAB.npy,246,3,553,null_or_unclassified,null_or_unclassified,No active phenotype detected,0.05,0.3,within_session_all_units_all_primary_contrasts,false,false,false,row_order_count_matched_unvalidated,false,None
230830,ses230830-units-probe1-spk-AAAB.npy,247,3,553,null_or_unclassified,null_or_unclassified,No active phenotype detected,0.05,0.3,within_session_all_units_all_primary_contrasts,false,false,false,row_order_count_matched_unvalidated,false,None
230830,ses230830-units-probe1-spk-AAAB.npy,248,3,553,null_or_unclassified,null_or_unclassified,No active phenotype detected,0.05,0.3,within_session_all_units_all_primary_contrasts,false,false,false,row_order_count_matched_unvalidated,false,None
230830,ses230830-units-probe1-spk-AAAB.npy,249,3,553,null_or_unclassified,null_or_unclassified,No active phenotype detected,0.05,0.3,within_session_all_units_all_primary_contrasts,false,false,false,row_order_count_matched_unvalidated,false,None
230830,ses230830-units-probe1-spk-AAAB.npy,250,3,553,null_or_unclassified,null_or_unclassified,No active phenotype detected,0.05,0.3,within_session_all_units_all_primary_contrasts,false,false,false,row_order_count_matched_unvalidated,false,None
230830,ses230830-units-probe1-spk-AAAB.npy,251,3,553,null_or_unclassified,null_or_unclassified,No active phenotype detected,0.05,0.3,within_session_all_units_all_primary_contrasts,false,false,false,row_order_count_matched_unvalidated,false,None
230830,ses230830-units-probe1-spk-AAAB.npy,252,3,553,null_or_unclassified,null_or_unclassified,No active phenotype detected,0.05,0.3,within_session_all_units_all_primary_contrasts,false,false,false,row_order_count_matched_unvalidated,false,None
230830,ses230830-units-probe1-spk-AAAB.npy,253,3,553,null_or_unclassified,null_or_unclassified,No active phenotype detected,0.05,0.3,within_session_all_units_all_primary_contrasts,false,false,false,row_order_count_matched_unvalidated,false,None
230830,ses230830-units-probe1-spk-AAAB.npy,254,3,553,null_or_unclassified,null_or_unclassified,No active phenotype detected,0.05,0.3,within_session_all_units_all_primary_contrasts,false,false,false,row_order_count_matched_unvalidated,false,None
230830,ses230830-units-probe1-spk-AAAB.npy,255,3,553,null_or_unclassified,null_or_unclassified,No active phenotype detected,0.05,0.3,within_session_all_units_all_primary_contrasts,false,false,false,row_order_count_matched_unvalidated,false,None
230830,ses230830-units-probe1-spk-AAAB.npy,256,3,553,null_or_unclassified,null_or_unclassified,No active phenotype detected,0.05,0.3,within_session_all_units_all_primary_contrasts,false,false,false,row_order_count_matched_unvalidated,false,None
230830,ses230830-units-probe1-spk-AAAB.npy,257,3,553,null_or_unclassified,null_or_unclassified,No active phenotype detected,0.05,0.3,within_session_all_units_all_primary_contrasts,false,false,false,row_order_count_matched_unvalidated,false,None
230830,ses230830-units-probe1-spk-AAAB.npy,258,3,553,null_or_unclassified,null_or_unclassified,No active phenotype detected,0.05,0.3,within_session_all_units_all_primary_contrasts,false,false,false,row_order_count_matched_unvalidated,false,None
230830,ses230830-units-probe1-spk-AAAB.npy,259,3,553,null_or_unclassified,null_or_unclassified,No active phenotype detected,0.05,0.3,within_session_all_units_all_primary_contrasts,false,false,false,row_order_count_matched_unvalidated,false,None
230830,ses230830-units-probe1-spk-AAAB.npy,260,3,553,null_or_unclassified,null_or_unclassified,No active phenotype detected,0.05,0.3,within_session_all_units_all_primary_contrasts,false,false,false,row_order_count_matched_unvalidated,false,None
230830,ses230830-units-probe1-spk-AAAB.npy,261,3,553,null_or_unclassified,null_or_unclassified,No active phenotype detected,0.05,0.3,within_session_all_units_all_primary_contrasts,false,false,false,row_order_count_matched_unvalidated,false,None
230830,ses230830-units-probe1-spk-AAAB.npy,262,3,553,null_or_unclassified,null_or_unclassified,No active phenotype detected,0.05,0.3,within_session_all_units_all_primary_contrasts,false,false,false,row_order_count_matched_unvalidated,false,None
230830,ses230830-units-probe1-spk-AAAB.npy,263,3,553,S_plus_candidate,S_plus_candidate,P1 stimulus activation passed,0.05,0.3,within_session_all_units_all_primary_contrasts,false,false,false,row_order_count_matched_unvalidated,false,None
230830,ses230830-units-probe1-spk-AAAB.npy,264,3,553,null_or_unclassified,null_or_unclassified,No active phenotype detected,0.05,0.3,within_session_all_units_all_primary_contrasts,false,false,false,row_order_count_matched_unvalidated,false,None
230830,ses230830-units-probe1-spk-AAAB.npy,265,3,553,null_or_unclassified,null_or_unclassified,No active phenotype detected,0.05,0.3,within_session_all_units_all_primary_contrasts,false,false,false,row_order_count_matched_unvalidated,false,None
230830,ses230830-units-probe1-spk-AAAB.npy,266,3,553,null_or_unclassified,null_or_unclassified,No active phenotype detected,0.05,0.3,within_session_all_units_all_primary_contrasts,false,false,false,row_order_count_matched_unvalidated,false,None
230830,ses230830-units-probe1-spk-AAAB.npy,267,3,553,null_or_unclassified,null_or_unclassified,No active phenotype detected,0.05,0.3,within_session_all_units_all_primary_contrasts,false,false,false,row_order_count_matched_unvalidated,false,None
230830,ses230830-units-probe1-spk-AAAB.npy,268,3,553,null_or_unclassified,null_or_unclassified,No active phenotype detected,0.05,0.3,within_session_all_units_all_primary_contrasts,false,false,false,row_order_count_matched_unvalidated,false,None
230830,ses230830-units-probe1-spk-AAAB.npy,269,3,553,null_or_unclassified,null_or_unclassified,No active phenotype detected,0.05,0.3,within_session_all_units_all_primary_contrasts,false,false,false,row_order_count_matched_unvalidated,false,None
230830,ses230830-units-probe1-spk-AAAB.npy,270,3,553,S_plus_candidate,S_plus_candidate,P1 stimulus activation passed,0.05,0.3,within_session_all_units_all_primary_contrasts,false,false,false,row_order_count_matched_unvalidated,false,None
230830,ses230830-units-probe1-spk-AAAB.npy,271,3,553,null_or_unclassified,null_or_unclassified,No active phenotype detected,0.05,0.3,within_session_all_units_all_primary_contrasts,false,false,false,row_order_count_matched_unvalidated,false,None
230830,ses230830-units-probe1-spk-AAAB.npy,272,3,553,null_or_unclassified,null_or_unclassified,No active phenotype detected,0.05,0.3,within_session_all_units_all_primary_contrasts,false,false,false,row_order_count_matched_unvalidated,false,None
230830,ses230830-units-probe1-spk-AAAB.npy,273,3,553,S_minus_candidate; S_plus_candidate,S_plus_candidate,P1 stimulus activation passed,0.05,0.3,within_session_all_units_all_primary_contrasts,false,false,false,row_order_count_matched_unvalidated,false,None
230830,ses230830-units-probe1-spk-AAAB.npy,274,3,553,S_minus_candidate; S_plus_candidate,S_plus_candidate,P1 stimulus activation passed,0.05,0.3,within_session_all_units_all_primary_contrasts,false,false,false,row_order_count_matched_unvalidated,false,None
230830,ses230830-units-probe1-spk-AAAB.npy,275,3,553,S_minus_candidate,S_minus_candidate,P1 stimulus suppression passed,0.05,0.3,within_session_all_units_all_primary_contrasts,false,false,false,row_order_count_matched_unvalidated,false,None
230830,ses230830-units-probe1-spk-AAAB.npy,276,3,553,null_or_unclassified,null_or_unclassified,No active phenotype detected,0.05,0.3,within_session_all_units_all_primary_contrasts,false,false,false,row_order_count_matched_unvalidated,false,None
230830,ses230830-units-probe1-spk-AAAB.npy,277,3,553,null_or_unclassified,null_or_unclassified,No active phenotype detected,0.05,0.3,within_session_all_units_all_primary_contrasts,false,false,false,row_order_count_matched_unvalidated,false,None
230830,ses230830-units-probe1-spk-AAAB.npy,278,3,553,null_or_unclassified,null_or_unclassified,No active phenotype detected,0.05,0.3,within_session_all_units_all_primary_contrasts,false,false,false,row_order_count_matched_unvalidated,false,None
230830,ses230830-units-probe1-spk-AAAB.npy,279,3,553,null_or_unclassified,null_or_unclassified,No active phenotype detected,0.05,0.3,within_session_all_units_all_primary_contrasts,false,false,false,row_order_count_matched_unvalidated,false,None
230830,ses230830-units-probe1-spk-AAAB.npy,280,3,553,null_or_unclassified,null_or_unclassified,No active phenotype detected,0.05,0.3,within_session_all_units_all_primary_contrasts,false,false,false,row_order_count_matched_unvalidated,false,None
230830,ses230830-units-probe1-spk-AAAB.npy,281,3,553,null_or_unclassified,null_or_unclassified,No active phenotype detected,0.05,0.3,within_session_all_units_all_primary_contrasts,false,false,false,row_order_count_matched_unvalidated,false,None
230830,ses230830-units-probe1-spk-AAAB.npy,282,3,553,null_or_unclassified,null_or_unclassified,No active phenotype detected,0.05,0.3,within_session_all_units_all_primary_contrasts,false,false,false,row_order_count_matched_unvalidated,false,None
230830,ses230830-units-probe1-spk-AAAB.npy,283,3,553,null_or_unclassified,null_or_unclassified,No active phenotype detected,0.05,0.3,within_session_all_units_all_primary_contrasts,false,false,false,row_order_count_matched_unvalidated,false,None
230830,ses230830-units-probe1-spk-AAAB.npy,284,3,553,null_or_unclassified,null_or_unclassified,No active phenotype detected,0.05,0.3,within_session_all_units_all_primary_contrasts,false,false,false,row_order_count_matched_unvalidated,false,None
230830,ses230830-units-probe1-spk-AAAB.npy,285,3,553,null_or_unclassified,null_or_unclassified,No active phenotype detected,0.05,0.3,within_session_all_units_all_primary_contrasts,false,false,false,row_order_count_matched_unvalidated,false,None
230830,ses230830-units-probe1-spk-AAAB.npy,286,3,553,null_or_unclassified,null_or_unclassified,No active phenotype detected,0.05,0.3,within_session_all_units_all_primary_contrasts,false,false,false,row_order_count_matched_unvalidated,false,None
230830,ses230830-units-probe1-spk-AAAB.npy,287,3,553,null_or_unclassified,null_or_unclassified,No active phenotype detected,0.05,0.3,within_session_all_units_all_primary_contrasts,false,false,false,row_order_count_matched_unvalidated,false,None
230830,ses230830-units-probe1-spk-AAAB.npy,288,3,553,null_or_unclassified,null_or_unclassified,No active phenotype detected,0.05,0.3,within_session_all_units_all_primary_contrasts,false,false,false,row_order_count_matched_unvalidated,false,None
230830,ses230830-units-probe1-spk-AAAB.npy,289,3,553,null_or_unclassified,null_or_unclassified,No active phenotype detected,0.05,0.3,within_session_all_units_all_primary_contrasts,false,false,false,row_order_count_matched_unvalidated,false,None
230830,ses230830-units-probe1-spk-AAAB.npy,290,3,553,null_or_unclassified,null_or_unclassified,No active phenotype detected,0.05,0.3,within_session_all_units_all_primary_contrasts,false,false,false,row_order_count_matched_unvalidated,false,None
230830,ses230830-units-probe1-spk-AAAB.npy,291,3,553,null_or_unclassified,null_or_unclassified,No active phenotype detected,0.05,0.3,within_session_all_units_all_primary_contrasts,false,false,false,row_order_count_matched_unvalidated,false,None
230830,ses230830-units-probe1-spk-AAAB.npy,292,3,553,null_or_unclassified,null_or_unclassified,No active phenotype detected,0.05,0.3,within_session_all_units_all_primary_contrasts,false,false,false,row_order_count_matched_unvalidated,false,None
230830,ses230830-units-probe1-spk-AAAB.npy,293,3,553,S_plus_candidate,S_plus_candidate,P1 stimulus activation passed,0.05,0.3,within_session_all_units_all_primary_contrasts,false,false,false,row_order_count_matched_unvalidated,false,None
230830,ses230830-units-probe1-spk-AAAB.npy,294,3,553,null_or_unclassified,null_or_unclassified,No active phenotype detected,0.05,0.3,within_session_all_units_all_primary_contrasts,false,false,false,row_order_count_matched_unvalidated,false,None
230830,ses230830-units-probe1-spk-AAAB.npy,295,3,553,null_or_unclassified,null_or_unclassified,No active phenotype detected,0.05,0.3,within_session_all_units_all_primary_contrasts,false,false,false,row_order_count_matched_unvalidated,false,None
230830,ses230830-units-probe1-spk-AAAB.npy,296,3,553,null_or_unclassified,null_or_unclassified,No active phenotype detected,0.05,0.3,within_session_all_units_all_primary_contrasts,false,false,false,row_order_count_matched_unvalidated,false,None
230830,ses230830-units-probe1-spk-AAAB.npy,297,3,553,null_or_unclassified,null_or_unclassified,No active phenotype detected,0.05,0.3,within_session_all_units_all_primary_contrasts,false,false,false,row_order_count_matched_unvalidated,false,None
230830,ses230830-units-probe1-spk-AAAB.npy,298,3,553,null_or_unclassified,null_or_unclassified,No active phenotype detected,0.05,0.3,within_session_all_units_all_primary_contrasts,false,false,false,row_order_count_matched_unvalidated,false,None
230830,ses230830-units-probe1-spk-AAAB.npy,299,3,553,null_or_unclassified,null_or_unclassified,No active phenotype detected,0.05,0.3,within_session_all_units_all_primary_contrasts,false,false,false,row_order_count_matched_unvalidated,false,None
230830,ses230830-units-probe1-spk-AAAB.npy,300,3,553,null_or_unclassified,null_or_unclassified,No active phenotype detected,0.05,0.3,within_session_all_units_all_primary_contrasts,false,false,false,row_order_count_matched_unvalidated,false,None
230830,ses230830-units-probe1-spk-AAAB.npy,301,3,553,null_or_unclassified,null_or_unclassified,No active phenotype detected,0.05,0.3,within_session_all_units_all_primary_contrasts,false,false,false,row_order_count_matched_unvalidated,false,None
230830,ses230830-units-probe1-spk-AAAB.npy,302,3,553,null_or_unclassified,null_or_unclassified,No active phenotype detected,0.05,0.3,within_session_all_units_all_primary_contrasts,false,false,false,row_order_count_matched_unvalidated,false,None
230830,ses230830-units-probe1-spk-AAAB.npy,303,3,553,null_or_unclassified,null_or_unclassified,No active phenotype detected,0.05,0.3,within_session_all_units_all_primary_contrasts,false,false,false,row_order_count_matched_unvalidated,false,None
230830,ses230830-units-probe1-spk-AAAB.npy,304,3,553,null_or_unclassified,null_or_unclassified,No active phenotype detected,0.05,0.3,within_session_all_units_all_primary_contrasts,false,false,false,row_order_count_matched_unvalidated,false,None
230830,ses230830-units-probe1-spk-AAAB.npy,305,3,553,null_or_unclassified,null_or_unclassified,No active phenotype detected,0.05,0.3,within_session_all_units_all_primary_contrasts,false,false,false,row_order_count_matched_unvalidated,false,None
230830,ses230830-units-probe1-spk-AAAB.npy,306,3,553,null_or_unclassified,null_or_unclassified,No active phenotype detected,0.05,0.3,within_session_all_units_all_primary_contrasts,false,false,false,row_order_count_matched_unvalidated,false,None
230830,ses230830-units-probe1-spk-AAAB.npy,307,3,553,null_or_unclassified,null_or_unclassified,No active phenotype detected,0.05,0.3,within_session_all_units_all_primary_contrasts,false,false,false,row_order_count_matched_unvalidated,false,None
230830,ses230830-units-probe1-spk-AAAB.npy,308,3,553,null_or_unclassified,null_or_unclassified,No active phenotype detected,0.05,0.3,within_session_all_units_all_primary_contrasts,false,false,false,row_order_count_matched_unvalidated,false,None
230830,ses230830-units-probe1-spk-AAAB.npy,309,3,553,null_or_unclassified,null_or_unclassified,No active phenotype detected,0.05,0.3,within_session_all_units_all_primary_contrasts,false,false,false,row_order_count_matched_unvalidated,false,None
230830,ses230830-units-probe1-spk-AAAB.npy,310,3,553,null_or_unclassified,null_or_unclassified,No active phenotype detected,0.05,0.3,within_session_all_units_all_primary_contrasts,false,false,false,row_order_count_matched_unvalidated,false,None
230830,ses230830-units-probe1-spk-AAAB.npy,311,3,553,null_or_unclassified,null_or_unclassified,No active phenotype detected,0.05,0.3,within_session_all_units_all_primary_contrasts,false,false,false,row_order_count_matched_unvalidated,false,None
230830,ses230830-units-probe1-spk-AAAB.npy,312,3,553,null_or_unclassified,null_or_unclassified,No active phenotype detected,0.05,0.3,within_session_all_units_all_primary_contrasts,false,false,false,row_order_count_matched_unvalidated,false,None
230830,ses230830-units-probe1-spk-AAAB.npy,313,3,553,null_or_unclassified,null_or_unclassified,No active phenotype detected,0.05,0.3,within_session_all_units_all_primary_contrasts,false,false,false,row_order_count_matched_unvalidated,false,None
230830,ses230830-units-probe1-spk-AAAB.npy,314,3,553,null_or_unclassified,null_or_unclassified,No active phenotype detected,0.05,0.3,within_session_all_units_all_primary_contrasts,false,false,false,row_order_count_matched_unvalidated,false,None
230830,ses230830-units-probe1-spk-AAAB.npy,315,3,553,null_or_unclassified,null_or_unclassified,No active phenotype detected,0.05,0.3,within_session_all_units_all_primary_contrasts,false,false,false,row_order_count_matched_unvalidated,false,None
230830,ses230830-units-probe1-spk-AAAB.npy,316,3,553,null_or_unclassified,null_or_unclassified,No active phenotype detected,0.05,0.3,within_session_all_units_all_primary_contrasts,false,false,false,row_order_count_matched_unvalidated,false,None
230830,ses230830-units-probe1-spk-AAAB.npy,317,3,553,null_or_unclassified,null_or_unclassified,No active phenotype detected,0.05,0.3,within_session_all_units_all_primary_contrasts,false,false,false,row_order_count_matched_unvalidated,false,None
230830,ses230830-units-probe1-spk-AAAB.npy,318,3,553,null_or_unclassified,null_or_unclassified,No active phenotype detected,0.05,0.3,within_session_all_units_all_primary_contrasts,false,false,false,row_order_count_matched_unvalidated,false,None
230830,ses230830-units-probe1-spk-AAAB.npy,319,3,553,null_or_unclassified,null_or_unclassified,No active phenotype detected,0.05,0.3,within_session_all_units_all_primary_contrasts,false,false,false,row_order_count_matched_unvalidated,false,None
230830,ses230830-units-probe1-spk-AAAB.npy,320,3,553,null_or_unclassified,null_or_unclassified,No active phenotype detected,0.05,0.3,within_session_all_units_all_primary_contrasts,false,false,false,row_order_count_matched_unvalidated,false,None
230830,ses230830-units-probe1-spk-AAAB.npy,321,3,553,null_or_unclassified,null_or_unclassified,No active phenotype detected,0.05,0.3,within_session_all_units_all_primary_contrasts,false,false,false,row_order_count_matched_unvalidated,false,None
230830,ses230830-units-probe1-spk-AAAB.npy,322,3,553,null_or_unclassified,null_or_unclassified,No active phenotype detected,0.05,0.3,within_session_all_units_all_primary_contrasts,false,false,false,row_order_count_matched_unvalidated,false,None
230830,ses230830-units-probe1-spk-AAAB.npy,323,3,553,null_or_unclassified,null_or_unclassified,No active phenotype detected,0.05,0.3,within_session_all_units_all_primary_contrasts,false,false,false,row_order_count_matched_unvalidated,false,None
230830,ses230830-units-probe1-spk-AAAB.npy,324,3,553,null_or_unclassified,null_or_unclassified,No active phenotype detected,0.05,0.3,within_session_all_units_all_primary_contrasts,false,false,false,row_order_count_matched_unvalidated,false,None
230830,ses230830-units-probe1-spk-AAAB.npy,325,3,553,null_or_unclassified,null_or_unclassified,No active phenotype detected,0.05,0.3,within_session_all_units_all_primary_contrasts,false,false,false,row_order_count_matched_unvalidated,false,None
230830,ses230830-units-probe1-spk-AAAB.npy,326,3,553,null_or_unclassified,null_or_unclassified,No active phenotype detected,0.05,0.3,within_session_all_units_all_primary_contrasts,false,false,false,row_order_count_matched_unvalidated,false,None
230830,ses230830-units-probe1-spk-AAAB.npy,327,3,553,null_or_unclassified,null_or_unclassified,No active phenotype detected,0.05,0.3,within_session_all_units_all_primary_contrasts,false,false,false,row_order_count_matched_unvalidated,false,None
230830,ses230830-units-probe1-spk-AAAB.npy,328,3,553,null_or_unclassified,null_or_unclassified,No active phenotype detected,0.05,0.3,within_session_all_units_all_primary_contrasts,false,false,false,row_order_count_matched_unvalidated,false,None
230830,ses230830-units-probe1-spk-AAAB.npy,329,3,553,null_or_unclassified,null_or_unclassified,No active phenotype detected,0.05,0.3,within_session_all_units_all_primary_contrasts,false,false,false,row_order_count_matched_unvalidated,false,None
230830,ses230830-units-probe1-spk-AAAB.npy,330,3,553,null_or_unclassified,null_or_unclassified,No active phenotype detected,0.05,0.3,within_session_all_units_all_primary_contrasts,false,false,false,row_order_count_matched_unvalidated,false,None
230830,ses230830-units-probe1-spk-AAAB.npy,331,3,553,S_plus_candidate,S_plus_candidate,P1 stimulus activation passed,0.05,0.3,within_session_all_units_all_primary_contrasts,false,false,false,row_order_count_matched_unvalidated,false,None
230830,ses230830-units-probe1-spk-AAAB.npy,332,3,553,null_or_unclassified,null_or_unclassified,No active phenotype detected,0.05,0.3,within_session_all_units_all_primary_contrasts,false,false,false,row_order_count_matched_unvalidated,false,None
230830,ses230830-units-probe1-spk-AAAB.npy,333,3,553,S_plus_candidate,S_plus_candidate,P1 stimulus activation passed,0.05,0.3,within_session_all_units_all_primary_contrasts,false,false,false,row_order_count_matched_unvalidated,false,None
230830,ses230830-units-probe1-spk-AAAB.npy,334,3,553,S_minus_candidate,S_minus_candidate,P1 stimulus suppression passed,0.05,0.3,within_session_all_units_all_primary_contrasts,false,false,false,row_order_count_matched_unvalidated,false,None
230830,ses230830-units-probe1-spk-AAAB.npy,335,3,553,null_or_unclassified,null_or_unclassified,No active phenotype detected,0.05,0.3,within_session_all_units_all_primary_contrasts,false,false,false,row_order_count_matched_unvalidated,false,None
230830,ses230830-units-probe1-spk-AAAB.npy,336,3,553,null_or_unclassified,null_or_unclassified,No active phenotype detected,0.05,0.3,within_session_all_units_all_primary_contrasts,false,false,false,row_order_count_matched_unvalidated,false,None
230830,ses230830-units-probe1-spk-AAAB.npy,337,3,553,null_or_unclassified,null_or_unclassified,No active phenotype detected,0.05,0.3,within_session_all_units_all_primary_contrasts,false,false,false,row_order_count_matched_unvalidated,false,None
230830,ses230830-units-probe1-spk-AAAB.npy,338,3,553,null_or_unclassified,null_or_unclassified,No active phenotype detected,0.05,0.3,within_session_all_units_all_primary_contrasts,false,false,false,row_order_count_matched_unvalidated,false,None
230830,ses230830-units-probe1-spk-AAAB.npy,339,3,553,null_or_unclassified,null_or_unclassified,No active phenotype detected,0.05,0.3,within_session_all_units_all_primary_contrasts,false,false,false,row_order_count_matched_unvalidated,false,None
230830,ses230830-units-probe1-spk-AAAB.npy,340,3,553,null_or_unclassified,null_or_unclassified,No active phenotype detected,0.05,0.3,within_session_all_units_all_primary_contrasts,false,false,false,row_order_count_matched_unvalidated,false,None
230830,ses230830-units-probe1-spk-AAAB.npy,341,3,553,S_plus_candidate,S_plus_candidate,P1 stimulus activation passed,0.05,0.3,within_session_all_units_all_primary_contrasts,false,false,false,row_order_count_matched_unvalidated,false,None
230830,ses230830-units-probe1-spk-AAAB.npy,342,3,553,S_minus_candidate,S_minus_candidate,P1 stimulus suppression passed,0.05,0.3,within_session_all_units_all_primary_contrasts,false,false,false,row_order_count_matched_unvalidated,false,None
230830,ses230830-units-probe1-spk-AAAB.npy,343,3,553,null_or_unclassified,null_or_unclassified,No active phenotype detected,0.05,0.3,within_session_all_units_all_primary_contrasts,false,false,false,row_order_count_matched_unvalidated,false,None
230830,ses230830-units-probe1-spk-AAAB.npy,344,3,553,null_or_unclassified,null_or_unclassified,No active phenotype detected,0.05,0.3,within_session_all_units_all_primary_contrasts,false,false,false,row_order_count_matched_unvalidated,false,None
230830,ses230830-units-probe1-spk-AAAB.npy,345,3,553,S_plus_candidate,S_plus_candidate,P1 stimulus activation passed,0.05,0.3,within_session_all_units_all_primary_contrasts,false,false,false,row_order_count_matched_unvalidated,false,None
230830,ses230830-units-probe1-spk-AAAB.npy,346,3,553,null_or_unclassified,null_or_unclassified,No active phenotype detected,0.05,0.3,within_session_all_units_all_primary_contrasts,false,false,false,row_order_count_matched_unvalidated,false,None
230830,ses230830-units-probe1-spk-AAAB.npy,347,3,553,null_or_unclassified,null_or_unclassified,No active phenotype detected,0.05,0.3,within_session_all_units_all_primary_contrasts,false,false,false,row_order_count_matched_unvalidated,false,None
230830,ses230830-units-probe1-spk-AAAB.npy,348,3,553,null_or_unclassified,null_or_unclassified,No active phenotype detected,0.05,0.3,within_session_all_units_all_primary_contrasts,false,false,false,row_order_count_matched_unvalidated,false,None
230830,ses230830-units-probe1-spk-AAAB.npy,349,3,553,null_or_unclassified,null_or_unclassified,No active phenotype detected,0.05,0.3,within_session_all_units_all_primary_contrasts,false,false,false,row_order_count_matched_unvalidated,false,None
230830,ses230830-units-probe1-spk-AAAB.npy,350,3,553,null_or_unclassified,null_or_unclassified,No active phenotype detected,0.05,0.3,within_session_all_units_all_primary_contrasts,false,false,false,row_order_count_matched_unvalidated,false,None
230830,ses230830-units-probe1-spk-AAAB.npy,351,3,553,S_plus_candidate,S_plus_candidate,P1 stimulus activation passed,0.05,0.3,within_session_all_units_all_primary_contrasts,false,false,false,row_order_count_matched_unvalidated,false,None
230830,ses230830-units-probe1-spk-AAAB.npy,352,3,553,null_or_unclassified,null_or_unclassified,No active phenotype detected,0.05,0.3,within_session_all_units_all_primary_contrasts,false,false,false,row_order_count_matched_unvalidated,false,None
230830,ses230830-units-probe1-spk-AAAB.npy,353,3,553,null_or_unclassified,null_or_unclassified,No active phenotype detected,0.05,0.3,within_session_all_units_all_primary_contrasts,false,false,false,row_order_count_matched_unvalidated,false,None
230830,ses230830-units-probe1-spk-AAAB.npy,354,3,553,S_plus_candidate,S_plus_candidate,P1 stimulus activation passed,0.05,0.3,within_session_all_units_all_primary_contrasts,false,false,false,row_order_count_matched_unvalidated,false,None
230830,ses230830-units-probe1-spk-AAAB.npy,355,3,553,null_or_unclassified,null_or_unclassified,No active phenotype detected,0.05,0.3,within_session_all_units_all_primary_contrasts,false,false,false,row_order_count_matched_unvalidated,false,None
230830,ses230830-units-probe1-spk-AAAB.npy,356,3,553,null_or_unclassified,null_or_unclassified,No active phenotype detected,0.05,0.3,within_session_all_units_all_primary_contrasts,false,false,false,row_order_count_matched_unvalidated,false,None
230830,ses230830-units-probe1-spk-AAAB.npy,357,3,553,null_or_unclassified,null_or_unclassified,No active phenotype detected,0.05,0.3,within_session_all_units_all_primary_contrasts,false,false,false,row_order_count_matched_unvalidated,false,None
230830,ses230830-units-probe1-spk-AAAB.npy,358,3,553,null_or_unclassified,null_or_unclassified,No active phenotype detected,0.05,0.3,within_session_all_units_all_primary_contrasts,false,false,false,row_order_count_matched_unvalidated,false,None
230830,ses230830-units-probe1-spk-AAAB.npy,359,3,553,S_minus_candidate,S_minus_candidate,P1 stimulus suppression passed,0.05,0.3,within_session_all_units_all_primary_contrasts,false,false,false,row_order_count_matched_unvalidated,false,None
230830,ses230830-units-probe1-spk-AAAB.npy,360,3,553,null_or_unclassified,null_or_unclassified,No active phenotype detected,0.05,0.3,within_session_all_units_all_primary_contrasts,false,false,false,row_order_count_matched_unvalidated,false,None
230830,ses230830-units-probe1-spk-AAAB.npy,361,3,553,null_or_unclassified,null_or_unclassified,No active phenotype detected,0.05,0.3,within_session_all_units_all_primary_contrasts,false,false,false,row_order_count_matched_unvalidated,false,None
230830,ses230830-units-probe1-spk-AAAB.npy,362,3,553,null_or_unclassified,null_or_unclassified,No active phenotype detected,0.05,0.3,within_session_all_units_all_primary_contrasts,false,false,false,row_order_count_matched_unvalidated,false,None
230830,ses230830-units-probe1-spk-AAAB.npy,363,3,553,null_or_unclassified,null_or_unclassified,No active phenotype detected,0.05,0.3,within_session_all_units_all_primary_contrasts,false,false,false,row_order_count_matched_unvalidated,false,None
230830,ses230830-units-probe1-spk-AAAB.npy,364,3,553,null_or_unclassified,null_or_unclassified,No active phenotype detected,0.05,0.3,within_session_all_units_all_primary_contrasts,false,false,false,row_order_count_matched_unvalidated,false,None
230830,ses230830-units-probe1-spk-AAAB.npy,365,3,553,null_or_unclassified,null_or_unclassified,No active phenotype detected,0.05,0.3,within_session_all_units_all_primary_contrasts,false,false,false,row_order_count_matched_unvalidated,false,None
230830,ses230830-units-probe1-spk-AAAB.npy,366,3,553,null_or_unclassified,null_or_unclassified,No active phenotype detected,0.05,0.3,within_session_all_units_all_primary_contrasts,false,false,false,row_order_count_matched_unvalidated,false,None
230830,ses230830-units-probe1-spk-AAAB.npy,367,3,553,null_or_unclassified,null_or_unclassified,No active phenotype detected,0.05,0.3,within_session_all_units_all_primary_contrasts,false,false,false,row_order_count_matched_unvalidated,false,None
230830,ses230830-units-probe1-spk-AAAB.npy,368,3,553,null_or_unclassified,null_or_unclassified,No active phenotype detected,0.05,0.3,within_session_all_units_all_primary_contrasts,false,false,false,row_order_count_matched_unvalidated,false,None
230830,ses230830-units-probe1-spk-AAAB.npy,369,3,553,null_or_unclassified,null_or_unclassified,No active phenotype detected,0.05,0.3,within_session_all_units_all_primary_contrasts,false,false,false,row_order_count_matched_unvalidated,false,None
230830,ses230830-units-probe1-spk-AAAB.npy,370,3,553,null_or_unclassified,null_or_unclassified,No active phenotype detected,0.05,0.3,within_session_all_units_all_primary_contrasts,false,false,false,row_order_count_matched_unvalidated,false,None
230830,ses230830-units-probe1-spk-AAAB.npy,371,3,553,null_or_unclassified,null_or_unclassified,No active phenotype detected,0.05,0.3,within_session_all_units_all_primary_contrasts,false,false,false,row_order_count_matched_unvalidated,false,None
230830,ses230830-units-probe1-spk-AAAB.npy,372,3,553,null_or_unclassified,null_or_unclassified,No active phenotype detected,0.05,0.3,within_session_all_units_all_primary_contrasts,false,false,false,row_order_count_matched_unvalidated,false,None
230830,ses230830-units-probe1-spk-AAAB.npy,373,3,553,null_or_unclassified,null_or_unclassified,No active phenotype detected,0.05,0.3,within_session_all_units_all_primary_contrasts,false,false,false,row_order_count_matched_unvalidated,false,None
230830,ses230830-units-probe1-spk-AAAB.npy,374,3,553,null_or_unclassified,null_or_unclassified,No active phenotype detected,0.05,0.3,within_session_all_units_all_primary_contrasts,false,false,false,row_order_count_matched_unvalidated,false,None
230830,ses230830-units-probe1-spk-AAAB.npy,375,3,553,null_or_unclassified,null_or_unclassified,No active phenotype detected,0.05,0.3,within_session_all_units_all_primary_contrasts,false,false,false,row_order_count_matched_unvalidated,false,None
230830,ses230830-units-probe1-spk-AAAB.npy,376,3,553,null_or_unclassified,null_or_unclassified,No active phenotype detected,0.05,0.3,within_session_all_units_all_primary_contrasts,false,false,false,row_order_count_matched_unvalidated,false,None
230830,ses230830-units-probe1-spk-AAAB.npy,377,3,553,null_or_unclassified,null_or_unclassified,No active phenotype detected,0.05,0.3,within_session_all_units_all_primary_contrasts,false,false,false,row_order_count_matched_unvalidated,false,None
230830,ses230830-units-probe1-spk-AAAB.npy,378,3,553,null_or_unclassified,null_or_unclassified,No active phenotype detected,0.05,0.3,within_session_all_units_all_primary_contrasts,false,false,false,row_order_count_matched_unvalidated,false,None
230830,ses230830-units-probe1-spk-AAAB.npy,379,3,553,null_or_unclassified,null_or_unclassified,No active phenotype detected,0.05,0.3,within_session_all_units_all_primary_contrasts,false,false,false,row_order_count_matched_unvalidated,false,None
230830,ses230830-units-probe1-spk-AAAB.npy,380,3,553,null_or_unclassified,null_or_unclassified,No active phenotype detected,0.05,0.3,within_session_all_units_all_primary_contrasts,false,false,false,row_order_count_matched_unvalidated,false,None
230830,ses230830-units-probe1-spk-AAAB.npy,381,3,553,null_or_unclassified,null_or_unclassified,No active phenotype detected,0.05,0.3,within_session_all_units_all_primary_contrasts,false,false,false,row_order_count_matched_unvalidated,false,None
230830,ses230830-units-probe1-spk-AAAB.npy,382,3,553,null_or_unclassified,null_or_unclassified,No active phenotype detected,0.05,0.3,within_session_all_units_all_primary_contrasts,false,false,false,row_order_count_matched_unvalidated,false,None
230830,ses230830-units-probe1-spk-AAAB.npy,383,3,553,null_or_unclassified,null_or_unclassified,No active phenotype detected,0.05,0.3,within_session_all_units_all_primary_contrasts,false,false,false,row_order_count_matched_unvalidated,false,None
230830,ses230830-units-probe1-spk-AAAB.npy,384,3,553,null_or_unclassified,null_or_unclassified,No active phenotype detected,0.05,0.3,within_session_all_units_all_primary_contrasts,false,false,false,row_order_count_matched_unvalidated,false,None
230830,ses230830-units-probe1-spk-AAAB.npy,385,3,553,null_or_unclassified,null_or_unclassified,No active phenotype detected,0.05,0.3,within_session_all_units_all_primary_contrasts,false,false,false,row_order_count_matched_unvalidated,false,None
230830,ses230830-units-probe1-spk-AAAB.npy,386,3,553,null_or_unclassified,null_or_unclassified,No active phenotype detected,0.05,0.3,within_session_all_units_all_primary_contrasts,false,false,false,row_order_count_matched_unvalidated,false,None
230830,ses230830-units-probe1-spk-AAAB.npy,387,3,553,null_or_unclassified,null_or_unclassified,No active phenotype detected,0.05,0.3,within_session_all_units_all_primary_contrasts,false,false,false,row_order_count_matched_unvalidated,false,None
230830,ses230830-units-probe1-spk-AAAB.npy,388,3,553,null_or_unclassified,null_or_unclassified,No active phenotype detected,0.05,0.3,within_session_all_units_all_primary_contrasts,false,false,false,row_order_count_matched_unvalidated,false,None
230830,ses230830-units-probe1-spk-AAAB.npy,389,3,553,null_or_unclassified,null_or_unclassified,No active phenotype detected,0.05,0.3,within_session_all_units_all_primary_contrasts,false,false,false,row_order_count_matched_unvalidated,false,None
230830,ses230830-units-probe1-spk-AAAB.npy,390,3,553,null_or_unclassified,null_or_unclassified,No active phenotype detected,0.05,0.3,within_session_all_units_all_primary_contrasts,false,false,false,row_order_count_matched_unvalidated,false,None
230830,ses230830-units-probe1-spk-AAAB.npy,391,3,553,null_or_unclassified,null_or_unclassified,No active phenotype detected,0.05,0.3,within_session_all_units_all_primary_contrasts,false,false,false,row_order_count_matched_unvalidated,false,None
230830,ses230830-units-probe1-spk-AAAB.npy,392,3,553,null_or_unclassified,null_or_unclassified,No active phenotype detected,0.05,0.3,within_session_all_units_all_primary_contrasts,false,false,false,row_order_count_matched_unvalidated,false,None
230830,ses230830-units-probe1-spk-AAAB.npy,393,3,553,null_or_unclassified,null_or_unclassified,No active phenotype detected,0.05,0.3,within_session_all_units_all_primary_contrasts,false,false,false,row_order_count_matched_unvalidated,false,None
230830,ses230830-units-probe1-spk-AAAB.npy,394,3,553,null_or_unclassified,null_or_unclassified,No active phenotype detected,0.05,0.3,within_session_all_units_all_primary_contrasts,false,false,false,row_order_count_matched_unvalidated,false,None
230830,ses230830-units-probe1-spk-AAAB.npy,395,3,553,null_or_unclassified,null_or_unclassified,No active phenotype detected,0.05,0.3,within_session_all_units_all_primary_contrasts,false,false,false,row_order_count_matched_unvalidated,false,None
230830,ses230830-units-probe1-spk-AAAB.npy,396,3,553,null_or_unclassified,null_or_unclassified,No active phenotype detected,0.05,0.3,within_session_all_units_all_primary_contrasts,false,false,false,row_order_count_matched_unvalidated,false,None
230830,ses230830-units-probe1-spk-AAAB.npy,397,3,553,null_or_unclassified,null_or_unclassified,No active phenotype detected,0.05,0.3,within_session_all_units_all_primary_contrasts,false,false,false,row_order_count_matched_unvalidated,false,None
230830,ses230830-units-probe1-spk-AAAB.npy,398,3,553,null_or_unclassified,null_or_unclassified,No active phenotype detected,0.05,0.3,within_session_all_units_all_primary_contrasts,false,false,false,row_order_count_matched_unvalidated,false,None
230830,ses230830-units-probe1-spk-AAAB.npy,399,3,553,null_or_unclassified,null_or_unclassified,No active phenotype detected,0.05,0.3,within_session_all_units_all_primary_contrasts,false,false,false,row_order_count_matched_unvalidated,false,None
230830,ses230830-units-probe1-spk-AAAB.npy,400,3,553,null_or_unclassified,null_or_unclassified,No active phenotype detected,0.05,0.3,within_session_all_units_all_primary_contrasts,false,false,false,row_order_count_matched_unvalidated,false,None
230830,ses230830-units-probe1-spk-AAAB.npy,401,3,553,S_plus_candidate,S_plus_candidate,P1 stimulus activation passed,0.05,0.3,within_session_all_units_all_primary_contrasts,false,false,false,row_order_count_matched_unvalidated,false,None
230830,ses230830-units-probe1-spk-AAAB.npy,402,3,553,null_or_unclassified,null_or_unclassified,No active phenotype detected,0.05,0.3,within_session_all_units_all_primary_contrasts,false,false,false,row_order_count_matched_unvalidated,false,None
230830,ses230830-units-probe1-spk-AAAB.npy,403,3,553,null_or_unclassified,null_or_unclassified,No active phenotype detected,0.05,0.3,within_session_all_units_all_primary_contrasts,false,false,false,row_order_count_matched_unvalidated,false,None
230830,ses230830-units-probe1-spk-AAAB.npy,404,3,553,null_or_unclassified,null_or_unclassified,No active phenotype detected,0.05,0.3,within_session_all_units_all_primary_contrasts,false,false,false,row_order_count_matched_unvalidated,false,None
230830,ses230830-units-probe1-spk-AAAB.npy,405,3,553,null_or_unclassified,null_or_unclassified,No active phenotype detected,0.05,0.3,within_session_all_units_all_primary_contrasts,false,false,false,row_order_count_matched_unvalidated,false,None
230830,ses230830-units-probe1-spk-AAAB.npy,406,3,553,null_or_unclassified,null_or_unclassified,No active phenotype detected,0.05,0.3,within_session_all_units_all_primary_contrasts,false,false,false,row_order_count_matched_unvalidated,false,None
230830,ses230830-units-probe1-spk-AAAB.npy,407,3,553,null_or_unclassified,null_or_unclassified,No active phenotype detected,0.05,0.3,within_session_all_units_all_primary_contrasts,false,false,false,row_order_count_matched_unvalidated,false,None
230830,ses230830-units-probe1-spk-AAAB.npy,408,3,553,null_or_unclassified,null_or_unclassified,No active phenotype detected,0.05,0.3,within_session_all_units_all_primary_contrasts,false,false,false,row_order_count_matched_unvalidated,false,None
230830,ses230830-units-probe1-spk-AAAB.npy,409,3,553,S_plus_candidate,S_plus_candidate,P1 stimulus activation passed,0.05,0.3,within_session_all_units_all_primary_contrasts,false,false,false,row_order_count_matched_unvalidated,false,None
230830,ses230830-units-probe1-spk-AAAB.npy,410,3,553,S_plus_candidate,S_plus_candidate,P1 stimulus activation passed,0.05,0.3,within_session_all_units_all_primary_contrasts,false,false,false,row_order_count_matched_unvalidated,false,None
230830,ses230830-units-probe1-spk-AAAB.npy,411,3,553,null_or_unclassified,null_or_unclassified,No active phenotype detected,0.05,0.3,within_session_all_units_all_primary_contrasts,false,false,false,row_order_count_matched_unvalidated,false,None
230830,ses230830-units-probe1-spk-AAAB.npy,412,3,553,null_or_unclassified,null_or_unclassified,No active phenotype detected,0.05,0.3,within_session_all_units_all_primary_contrasts,false,false,false,row_order_count_matched_unvalidated,false,None
230830,ses230830-units-probe1-spk-AAAB.npy,413,3,553,null_or_unclassified,null_or_unclassified,No active phenotype detected,0.05,0.3,within_session_all_units_all_primary_contrasts,false,false,false,row_order_count_matched_unvalidated,false,None
230830,ses230830-units-probe1-spk-AAAB.npy,414,3,553,null_or_unclassified,null_or_unclassified,No active phenotype detected,0.05,0.3,within_session_all_units_all_primary_contrasts,false,false,false,row_order_count_matched_unvalidated,false,None
230830,ses230830-units-probe1-spk-AAAB.npy,415,3,553,null_or_unclassified,null_or_unclassified,No active phenotype detected,0.05,0.3,within_session_all_units_all_primary_contrasts,false,false,false,row_order_count_matched_unvalidated,false,None
230830,ses230830-units-probe1-spk-AAAB.npy,416,3,553,null_or_unclassified,null_or_unclassified,No active phenotype detected,0.05,0.3,within_session_all_units_all_primary_contrasts,false,false,false,row_order_count_matched_unvalidated,false,None
230830,ses230830-units-probe1-spk-AAAB.npy,417,3,553,null_or_unclassified,null_or_unclassified,No active phenotype detected,0.05,0.3,within_session_all_units_all_primary_contrasts,false,false,false,row_order_count_matched_unvalidated,false,None
230830,ses230830-units-probe1-spk-AAAB.npy,418,3,553,null_or_unclassified,null_or_unclassified,No active phenotype detected,0.05,0.3,within_session_all_units_all_primary_contrasts,false,false,false,row_order_count_matched_unvalidated,false,None
230830,ses230830-units-probe1-spk-AAAB.npy,419,3,553,null_or_unclassified,null_or_unclassified,No active phenotype detected,0.05,0.3,within_session_all_units_all_primary_contrasts,false,false,false,row_order_count_matched_unvalidated,false,None
230830,ses230830-units-probe1-spk-AAAB.npy,420,3,553,null_or_unclassified,null_or_unclassified,No active phenotype detected,0.05,0.3,within_session_all_units_all_primary_contrasts,false,false,false,row_order_count_matched_unvalidated,false,None
230830,ses230830-units-probe1-spk-AAAB.npy,421,3,553,null_or_unclassified,null_or_unclassified,No active phenotype detected,0.05,0.3,within_session_all_units_all_primary_contrasts,false,false,false,row_order_count_matched_unvalidated,false,None
230830,ses230830-units-probe1-spk-AAAB.npy,422,3,553,null_or_unclassified,null_or_unclassified,No active phenotype detected,0.05,0.3,within_session_all_units_all_primary_contrasts,false,false,false,row_order_count_matched_unvalidated,false,None
230830,ses230830-units-probe1-spk-AAAB.npy,423,3,553,null_or_unclassified,null_or_unclassified,No active phenotype detected,0.05,0.3,within_session_all_units_all_primary_contrasts,false,false,false,row_order_count_matched_unvalidated,false,None
230830,ses230830-units-probe1-spk-AAAB.npy,424,3,553,null_or_unclassified,null_or_unclassified,No active phenotype detected,0.05,0.3,within_session_all_units_all_primary_contrasts,false,false,false,row_order_count_matched_unvalidated,false,None
230830,ses230830-units-probe1-spk-AAAB.npy,425,3,553,null_or_unclassified,null_or_unclassified,No active phenotype detected,0.05,0.3,within_session_all_units_all_primary_contrasts,false,false,false,row_order_count_matched_unvalidated,false,None
230830,ses230830-units-probe1-spk-AAAB.npy,426,3,553,null_or_unclassified,null_or_unclassified,No active phenotype detected,0.05,0.3,within_session_all_units_all_primary_contrasts,false,false,false,row_order_count_matched_unvalidated,false,None
230830,ses230830-units-probe1-spk-AAAB.npy,427,3,553,null_or_unclassified,null_or_unclassified,No active phenotype detected,0.05,0.3,within_session_all_units_all_primary_contrasts,false,false,false,row_order_count_matched_unvalidated,false,None
230830,ses230830-units-probe1-spk-AAAB.npy,428,3,553,null_or_unclassified,null_or_unclassified,No active phenotype detected,0.05,0.3,within_session_all_units_all_primary_contrasts,false,false,false,row_order_count_matched_unvalidated,false,None
230830,ses230830-units-probe1-spk-AAAB.npy,429,3,553,null_or_unclassified,null_or_unclassified,No active phenotype detected,0.05,0.3,within_session_all_units_all_primary_contrasts,false,false,false,row_order_count_matched_unvalidated,false,None
230830,ses230830-units-probe1-spk-AAAB.npy,430,3,553,null_or_unclassified,null_or_unclassified,No active phenotype detected,0.05,0.3,within_session_all_units_all_primary_contrasts,false,false,false,row_order_count_matched_unvalidated,false,None
230830,ses230830-units-probe1-spk-AAAB.npy,431,3,553,null_or_unclassified,null_or_unclassified,No active phenotype detected,0.05,0.3,within_session_all_units_all_primary_contrasts,false,false,false,row_order_count_matched_unvalidated,false,None
230830,ses230830-units-probe1-spk-AAAB.npy,432,3,553,null_or_unclassified,null_or_unclassified,No active phenotype detected,0.05,0.3,within_session_all_units_all_primary_contrasts,false,false,false,row_order_count_matched_unvalidated,false,None
230830,ses230830-units-probe1-spk-AAAB.npy,433,3,553,null_or_unclassified,null_or_unclassified,No active phenotype detected,0.05,0.3,within_session_all_units_all_primary_contrasts,false,false,false,row_order_count_matched_unvalidated,false,None
230830,ses230830-units-probe1-spk-AAAB.npy,434,3,553,null_or_unclassified,null_or_unclassified,No active phenotype detected,0.05,0.3,within_session_all_units_all_primary_contrasts,false,false,false,row_order_count_matched_unvalidated,false,None
230830,ses230830-units-probe1-spk-AAAB.npy,435,3,553,null_or_unclassified,null_or_unclassified,No active phenotype detected,0.05,0.3,within_session_all_units_all_primary_contrasts,false,false,false,row_order_count_matched_unvalidated,false,None
230830,ses230830-units-probe1-spk-AAAB.npy,436,3,553,null_or_unclassified,null_or_unclassified,No active phenotype detected,0.05,0.3,within_session_all_units_all_primary_contrasts,false,false,false,row_order_count_matched_unvalidated,false,None
230830,ses230830-units-probe1-spk-AAAB.npy,437,3,553,null_or_unclassified,null_or_unclassified,No active phenotype detected,0.05,0.3,within_session_all_units_all_primary_contrasts,false,false,false,row_order_count_matched_unvalidated,false,None
230830,ses230830-units-probe1-spk-AAAB.npy,438,3,553,null_or_unclassified,null_or_unclassified,No active phenotype detected,0.05,0.3,within_session_all_units_all_primary_contrasts,false,false,false,row_order_count_matched_unvalidated,false,None
230830,ses230830-units-probe1-spk-AAAB.npy,439,3,553,null_or_unclassified,null_or_unclassified,No active phenotype detected,0.05,0.3,within_session_all_units_all_primary_contrasts,false,false,false,row_order_count_matched_unvalidated,false,None
230830,ses230830-units-probe1-spk-AAAB.npy,440,3,553,null_or_unclassified,null_or_unclassified,No active phenotype detected,0.05,0.3,within_session_all_units_all_primary_contrasts,false,false,false,row_order_count_matched_unvalidated,false,None
230830,ses230830-units-probe1-spk-AAAB.npy,441,3,553,null_or_unclassified,null_or_unclassified,No active phenotype detected,0.05,0.3,within_session_all_units_all_primary_contrasts,false,false,false,row_order_count_matched_unvalidated,false,None
230830,ses230830-units-probe1-spk-AAAB.npy,442,3,553,null_or_unclassified,null_or_unclassified,No active phenotype detected,0.05,0.3,within_session_all_units_all_primary_contrasts,false,false,false,row_order_count_matched_unvalidated,false,None
230830,ses230830-units-probe1-spk-AAAB.npy,443,3,553,null_or_unclassified,null_or_unclassified,No active phenotype detected,0.05,0.3,within_session_all_units_all_primary_contrasts,false,false,false,row_order_count_matched_unvalidated,false,None
230830,ses230830-units-probe1-spk-AAAB.npy,444,3,553,null_or_unclassified,null_or_unclassified,No active phenotype detected,0.05,0.3,within_session_all_units_all_primary_contrasts,false,false,false,row_order_count_matched_unvalidated,false,None
230830,ses230830-units-probe1-spk-AAAB.npy,445,3,553,null_or_unclassified,null_or_unclassified,No active phenotype detected,0.05,0.3,within_session_all_units_all_primary_contrasts,false,false,false,row_order_count_matched_unvalidated,false,None
230830,ses230830-units-probe1-spk-AAAB.npy,446,3,553,null_or_unclassified,null_or_unclassified,No active phenotype detected,0.05,0.3,within_session_all_units_all_primary_contrasts,false,false,false,row_order_count_matched_unvalidated,false,None
230830,ses230830-units-probe1-spk-AAAB.npy,447,3,553,null_or_unclassified,null_or_unclassified,No active phenotype detected,0.05,0.3,within_session_all_units_all_primary_contrasts,false,false,false,row_order_count_matched_unvalidated,false,None
230830,ses230830-units-probe1-spk-AAAB.npy,448,3,553,null_or_unclassified,null_or_unclassified,No active phenotype detected,0.05,0.3,within_session_all_units_all_primary_contrasts,false,false,false,row_order_count_matched_unvalidated,false,None
230830,ses230830-units-probe1-spk-AAAB.npy,449,3,553,null_or_unclassified,null_or_unclassified,No active phenotype detected,0.05,0.3,within_session_all_units_all_primary_contrasts,false,false,false,row_order_count_matched_unvalidated,false,None
230830,ses230830-units-probe1-spk-AAAB.npy,450,3,553,null_or_unclassified,null_or_unclassified,No active phenotype detected,0.05,0.3,within_session_all_units_all_primary_contrasts,false,false,false,row_order_count_matched_unvalidated,false,None
230830,ses230830-units-probe1-spk-AAAB.npy,451,3,553,null_or_unclassified,null_or_unclassified,No active phenotype detected,0.05,0.3,within_session_all_units_all_primary_contrasts,false,false,false,row_order_count_matched_unvalidated,false,None
230830,ses230830-units-probe1-spk-AAAB.npy,452,3,553,null_or_unclassified,null_or_unclassified,No active phenotype detected,0.05,0.3,within_session_all_units_all_primary_contrasts,false,false,false,row_order_count_matched_unvalidated,false,None
230830,ses230830-units-probe1-spk-AAAB.npy,453,3,553,null_or_unclassified,null_or_unclassified,No active phenotype detected,0.05,0.3,within_session_all_units_all_primary_contrasts,false,false,false,row_order_count_matched_unvalidated,false,None
230830,ses230830-units-probe1-spk-AAAB.npy,454,3,553,null_or_unclassified,null_or_unclassified,No active phenotype detected,0.05,0.3,within_session_all_units_all_primary_contrasts,false,false,false,row_order_count_matched_unvalidated,false,None
230830,ses230830-units-probe1-spk-AAAB.npy,455,3,553,null_or_unclassified,null_or_unclassified,No active phenotype detected,0.05,0.3,within_session_all_units_all_primary_contrasts,false,false,false,row_order_count_matched_unvalidated,false,None
230830,ses230830-units-probe1-spk-AAAB.npy,456,3,553,null_or_unclassified,null_or_unclassified,No active phenotype detected,0.05,0.3,within_session_all_units_all_primary_contrasts,false,false,false,row_order_count_matched_unvalidated,false,None
230830,ses230830-units-probe1-spk-AAAB.npy,457,3,553,null_or_unclassified,null_or_unclassified,No active phenotype detected,0.05,0.3,within_session_all_units_all_primary_contrasts,false,false,false,row_order_count_matched_unvalidated,false,None
230830,ses230830-units-probe1-spk-AAAB.npy,458,3,553,null_or_unclassified,null_or_unclassified,No active phenotype detected,0.05,0.3,within_session_all_units_all_primary_contrasts,false,false,false,row_order_count_matched_unvalidated,false,None
230830,ses230830-units-probe1-spk-AAAB.npy,459,3,553,null_or_unclassified,null_or_unclassified,No active phenotype detected,0.05,0.3,within_session_all_units_all_primary_contrasts,false,false,false,row_order_count_matched_unvalidated,false,None
230830,ses230830-units-probe1-spk-AAAB.npy,460,3,553,null_or_unclassified,null_or_unclassified,No active phenotype detected,0.05,0.3,within_session_all_units_all_primary_contrasts,false,false,false,row_order_count_matched_unvalidated,false,None
230830,ses230830-units-probe1-spk-AAAB.npy,461,3,553,null_or_unclassified,null_or_unclassified,No active phenotype detected,0.05,0.3,within_session_all_units_all_primary_contrasts,false,false,false,row_order_count_matched_unvalidated,false,None
230830,ses230830-units-probe1-spk-AAAB.npy,462,3,553,null_or_unclassified,null_or_unclassified,No active phenotype detected,0.05,0.3,within_session_all_units_all_primary_contrasts,false,false,false,row_order_count_matched_unvalidated,false,None
230830,ses230830-units-probe1-spk-AAAB.npy,463,3,553,S_plus_candidate,S_plus_candidate,P1 stimulus activation passed,0.05,0.3,within_session_all_units_all_primary_contrasts,false,false,false,row_order_count_matched_unvalidated,false,None
230830,ses230830-units-probe1-spk-AAAB.npy,464,3,553,null_or_unclassified,null_or_unclassified,No active phenotype detected,0.05,0.3,within_session_all_units_all_primary_contrasts,false,false,false,row_order_count_matched_unvalidated,false,None
230830,ses230830-units-probe1-spk-AAAB.npy,465,3,553,null_or_unclassified,null_or_unclassified,No active phenotype detected,0.05,0.3,within_session_all_units_all_primary_contrasts,false,false,false,row_order_count_matched_unvalidated,false,None
230830,ses230830-units-probe1-spk-AAAB.npy,466,3,553,null_or_unclassified,null_or_unclassified,No active phenotype detected,0.05,0.3,within_session_all_units_all_primary_contrasts,false,false,false,row_order_count_matched_unvalidated,false,None
230830,ses230830-units-probe1-spk-AAAB.npy,467,3,553,null_or_unclassified,null_or_unclassified,No active phenotype detected,0.05,0.3,within_session_all_units_all_primary_contrasts,false,false,false,row_order_count_matched_unvalidated,false,None
230830,ses230830-units-probe1-spk-AAAB.npy,468,3,553,null_or_unclassified,null_or_unclassified,No active phenotype detected,0.05,0.3,within_session_all_units_all_primary_contrasts,false,false,false,row_order_count_matched_unvalidated,false,None
230830,ses230830-units-probe1-spk-AAAB.npy,469,3,553,null_or_unclassified,null_or_unclassified,No active phenotype detected,0.05,0.3,within_session_all_units_all_primary_contrasts,false,false,false,row_order_count_matched_unvalidated,false,None
230830,ses230830-units-probe1-spk-AAAB.npy,470,3,553,null_or_unclassified,null_or_unclassified,No active phenotype detected,0.05,0.3,within_session_all_units_all_primary_contrasts,false,false,false,row_order_count_matched_unvalidated,false,None
230830,ses230830-units-probe1-spk-AAAB.npy,471,3,553,null_or_unclassified,null_or_unclassified,No active phenotype detected,0.05,0.3,within_session_all_units_all_primary_contrasts,false,false,false,row_order_count_matched_unvalidated,false,None
230830,ses230830-units-probe1-spk-AAAB.npy,472,3,553,S_plus_candidate,S_plus_candidate,P1 stimulus activation passed,0.05,0.3,within_session_all_units_all_primary_contrasts,false,false,false,row_order_count_matched_unvalidated,false,None
230830,ses230830-units-probe1-spk-AAAB.npy,473,3,553,S_plus_candidate,S_plus_candidate,P1 stimulus activation passed,0.05,0.3,within_session_all_units_all_primary_contrasts,false,false,false,row_order_count_matched_unvalidated,false,None
230830,ses230830-units-probe1-spk-AAAB.npy,474,3,553,null_or_unclassified,null_or_unclassified,No active phenotype detected,0.05,0.3,within_session_all_units_all_primary_contrasts,false,false,false,row_order_count_matched_unvalidated,false,None
230830,ses230830-units-probe1-spk-AAAB.npy,475,3,553,null_or_unclassified,null_or_unclassified,No active phenotype detected,0.05,0.3,within_session_all_units_all_primary_contrasts,false,false,false,row_order_count_matched_unvalidated,false,None
230830,ses230830-units-probe1-spk-AAAB.npy,476,3,553,null_or_unclassified,null_or_unclassified,No active phenotype detected,0.05,0.3,within_session_all_units_all_primary_contrasts,false,false,false,row_order_count_matched_unvalidated,false,None
230830,ses230830-units-probe1-spk-AAAB.npy,477,3,553,null_or_unclassified,null_or_unclassified,No active phenotype detected,0.05,0.3,within_session_all_units_all_primary_contrasts,false,false,false,row_order_count_matched_unvalidated,false,None
230830,ses230830-units-probe1-spk-AAAB.npy,478,3,553,null_or_unclassified,null_or_unclassified,No active phenotype detected,0.05,0.3,within_session_all_units_all_primary_contrasts,false,false,false,row_order_count_matched_unvalidated,false,None
230830,ses230830-units-probe1-spk-AAAB.npy,479,3,553,null_or_unclassified,null_or_unclassified,No active phenotype detected,0.05,0.3,within_session_all_units_all_primary_contrasts,false,false,false,row_order_count_matched_unvalidated,false,None
230830,ses230830-units-probe1-spk-AAAB.npy,480,3,553,null_or_unclassified,null_or_unclassified,No active phenotype detected,0.05,0.3,within_session_all_units_all_primary_contrasts,false,false,false,row_order_count_matched_unvalidated,false,None
230830,ses230830-units-probe1-spk-AAAB.npy,481,3,553,null_or_unclassified,null_or_unclassified,No active phenotype detected,0.05,0.3,within_session_all_units_all_primary_contrasts,false,false,false,row_order_count_matched_unvalidated,false,None
230830,ses230830-units-probe1-spk-AAAB.npy,482,3,553,null_or_unclassified,null_or_unclassified,No active phenotype detected,0.05,0.3,within_session_all_units_all_primary_contrasts,false,false,false,row_order_count_matched_unvalidated,false,None
230830,ses230830-units-probe1-spk-AAAB.npy,483,3,553,null_or_unclassified,null_or_unclassified,No active phenotype detected,0.05,0.3,within_session_all_units_all_primary_contrasts,false,false,false,row_order_count_matched_unvalidated,false,None
230830,ses230830-units-probe1-spk-AAAB.npy,484,3,553,null_or_unclassified,null_or_unclassified,No active phenotype detected,0.05,0.3,within_session_all_units_all_primary_contrasts,false,false,false,row_order_count_matched_unvalidated,false,None
230830,ses230830-units-probe1-spk-AAAB.npy,485,3,553,null_or_unclassified,null_or_unclassified,No active phenotype detected,0.05,0.3,within_session_all_units_all_primary_contrasts,false,false,false,row_order_count_matched_unvalidated,false,None
230830,ses230830-units-probe1-spk-AAAB.npy,486,3,553,null_or_unclassified,null_or_unclassified,No active phenotype detected,0.05,0.3,within_session_all_units_all_primary_contrasts,false,false,false,row_order_count_matched_unvalidated,false,None
230830,ses230830-units-probe1-spk-AAAB.npy,487,3,553,S_plus_candidate,S_plus_candidate,P1 stimulus activation passed,0.05,0.3,within_session_all_units_all_primary_contrasts,false,false,false,row_order_count_matched_unvalidated,false,None
230830,ses230830-units-probe1-spk-AAAB.npy,488,3,553,null_or_unclassified,null_or_unclassified,No active phenotype detected,0.05,0.3,within_session_all_units_all_primary_contrasts,false,false,false,row_order_count_matched_unvalidated,false,None
230830,ses230830-units-probe1-spk-AAAB.npy,489,3,553,null_or_unclassified,null_or_unclassified,No active phenotype detected,0.05,0.3,within_session_all_units_all_primary_contrasts,false,false,false,row_order_count_matched_unvalidated,false,None
230830,ses230830-units-probe1-spk-AAAB.npy,490,3,553,null_or_unclassified,null_or_unclassified,No active phenotype detected,0.05,0.3,within_session_all_units_all_primary_contrasts,false,false,false,row_order_count_matched_unvalidated,false,None
230830,ses230830-units-probe1-spk-AAAB.npy,491,3,553,null_or_unclassified,null_or_unclassified,No active phenotype detected,0.05,0.3,within_session_all_units_all_primary_contrasts,false,false,false,row_order_count_matched_unvalidated,false,None
230830,ses230830-units-probe1-spk-AAAB.npy,492,3,553,null_or_unclassified,null_or_unclassified,No active phenotype detected,0.05,0.3,within_session_all_units_all_primary_contrasts,false,false,false,row_order_count_matched_unvalidated,false,None
230830,ses230830-units-probe1-spk-AAAB.npy,493,3,553,null_or_unclassified,null_or_unclassified,No active phenotype detected,0.05,0.3,within_session_all_units_all_primary_contrasts,false,false,false,row_order_count_matched_unvalidated,false,None
230830,ses230830-units-probe1-spk-AAAB.npy,494,3,553,null_or_unclassified,null_or_unclassified,No active phenotype detected,0.05,0.3,within_session_all_units_all_primary_contrasts,false,false,false,row_order_count_matched_unvalidated,false,None
230830,ses230830-units-probe1-spk-AAAB.npy,495,3,553,null_or_unclassified,null_or_unclassified,No active phenotype detected,0.05,0.3,within_session_all_units_all_primary_contrasts,false,false,false,row_order_count_matched_unvalidated,false,None
230830,ses230830-units-probe1-spk-AAAB.npy,496,3,553,null_or_unclassified,null_or_unclassified,No active phenotype detected,0.05,0.3,within_session_all_units_all_primary_contrasts,false,false,false,row_order_count_matched_unvalidated,false,None
230830,ses230830-units-probe1-spk-AAAB.npy,497,3,553,null_or_unclassified,null_or_unclassified,No active phenotype detected,0.05,0.3,within_session_all_units_all_primary_contrasts,false,false,false,row_order_count_matched_unvalidated,false,None
230830,ses230830-units-probe1-spk-AAAB.npy,498,3,553,null_or_unclassified,null_or_unclassified,No active phenotype detected,0.05,0.3,within_session_all_units_all_primary_contrasts,false,false,false,row_order_count_matched_unvalidated,false,None
230830,ses230830-units-probe1-spk-AAAB.npy,499,3,553,null_or_unclassified,null_or_unclassified,No active phenotype detected,0.05,0.3,within_session_all_units_all_primary_contrasts,false,false,false,row_order_count_matched_unvalidated,false,None
230830,ses230830-units-probe1-spk-AAAB.npy,500,3,553,null_or_unclassified,null_or_unclassified,No active phenotype detected,0.05,0.3,within_session_all_units_all_primary_contrasts,false,false,false,row_order_count_matched_unvalidated,false,None
230830,ses230830-units-probe1-spk-AAAB.npy,501,3,553,null_or_unclassified,null_or_unclassified,No active phenotype detected,0.05,0.3,within_session_all_units_all_primary_contrasts,false,false,false,row_order_count_matched_unvalidated,false,None
230830,ses230830-units-probe1-spk-AAAB.npy,502,3,553,null_or_unclassified,null_or_unclassified,No active phenotype detected,0.05,0.3,within_session_all_units_all_primary_contrasts,false,false,false,row_order_count_matched_unvalidated,false,None
230830,ses230830-units-probe1-spk-AAAB.npy,503,3,553,null_or_unclassified,null_or_unclassified,No active phenotype detected,0.05,0.3,within_session_all_units_all_primary_contrasts,false,false,false,row_order_count_matched_unvalidated,false,None
230830,ses230830-units-probe1-spk-AAAB.npy,504,3,553,null_or_unclassified,null_or_unclassified,No active phenotype detected,0.05,0.3,within_session_all_units_all_primary_contrasts,false,false,false,row_order_count_matched_unvalidated,false,None
230830,ses230830-units-probe1-spk-AAAB.npy,505,3,553,null_or_unclassified,null_or_unclassified,No active phenotype detected,0.05,0.3,within_session_all_units_all_primary_contrasts,false,false,false,row_order_count_matched_unvalidated,false,None
230830,ses230830-units-probe1-spk-AAAB.npy,506,3,553,null_or_unclassified,null_or_unclassified,No active phenotype detected,0.05,0.3,within_session_all_units_all_primary_contrasts,false,false,false,row_order_count_matched_unvalidated,false,None
230830,ses230830-units-probe1-spk-AAAB.npy,507,3,553,null_or_unclassified,null_or_unclassified,No active phenotype detected,0.05,0.3,within_session_all_units_all_primary_contrasts,false,false,false,row_order_count_matched_unvalidated,false,None
230830,ses230830-units-probe1-spk-AAAB.npy,508,3,553,null_or_unclassified,null_or_unclassified,No active phenotype detected,0.05,0.3,within_session_all_units_all_primary_contrasts,false,false,false,row_order_count_matched_unvalidated,false,None
230830,ses230830-units-probe1-spk-AAAB.npy,509,3,553,null_or_unclassified,null_or_unclassified,No active phenotype detected,0.05,0.3,within_session_all_units_all_primary_contrasts,false,false,false,row_order_count_matched_unvalidated,false,None
230830,ses230830-units-probe1-spk-AAAB.npy,510,3,553,S_plus_candidate,S_plus_candidate,P1 stimulus activation passed,0.05,0.3,within_session_all_units_all_primary_contrasts,false,false,false,row_order_count_matched_unvalidated,false,None
230830,ses230830-units-probe1-spk-AAAB.npy,511,3,553,S_minus_candidate,S_minus_candidate,P1 stimulus suppression passed,0.05,0.3,within_session_all_units_all_primary_contrasts,false,false,false,row_order_count_matched_unvalidated,false,None
230830,ses230830-units-probe1-spk-AAAB.npy,512,3,553,S_plus_candidate,S_plus_candidate,P1 stimulus activation passed,0.05,0.3,within_session_all_units_all_primary_contrasts,false,false,false,row_order_count_matched_unvalidated,false,None
230831,ses230831-units-probe0-spk-AAAB.npy,0,9,1680,S_plus_candidate; S_minus_candidate,S_plus_candidate,P1 stimulus suppression passed,0.05,0.3,within_session_all_units_all_primary_contrasts,false,false,false,missing_unit_metadata,false,None
230831,ses230831-units-probe0-spk-AAAB.npy,1,9,1680,S_minus_candidate,S_minus_candidate,P1 stimulus suppression passed,0.05,0.3,within_session_all_units_all_primary_contrasts,false,false,false,missing_unit_metadata,false,None
230831,ses230831-units-probe0-spk-AAAB.npy,2,9,1680,S_minus_candidate,S_minus_candidate,P1 stimulus suppression passed,0.05,0.3,within_session_all_units_all_primary_contrasts,false,false,false,missing_unit_metadata,false,None
230831,ses230831-units-probe0-spk-AAAB.npy,3,9,1680,S_minus_candidate,S_minus_candidate,P1 stimulus suppression passed,0.05,0.3,within_session_all_units_all_primary_contrasts,false,false,false,missing_unit_metadata,false,None
230831,ses230831-units-probe0-spk-AAAB.npy,4,9,1680,S_plus_candidate; S_minus_candidate,S_plus_candidate,P1 stimulus suppression passed,0.05,0.3,within_session_all_units_all_primary_contrasts,false,false,false,missing_unit_metadata,false,None
230831,ses230831-units-probe0-spk-AAAB.npy,5,9,1680,null_or_unclassified,null_or_unclassified,No active phenotype detected,0.05,0.3,within_session_all_units_all_primary_contrasts,false,false,false,missing_unit_metadata,false,None
230831,ses230831-units-probe0-spk-AAAB.npy,6,9,1680,S_minus_candidate,S_minus_candidate,P1 stimulus suppression passed,0.05,0.3,within_session_all_units_all_primary_contrasts,false,false,false,missing_unit_metadata,false,None
230831,ses230831-units-probe0-spk-AAAB.npy,7,9,1680,S_minus_candidate,S_minus_candidate,P1 stimulus suppression passed,0.05,0.3,within_session_all_units_all_primary_contrasts,false,false,false,missing_unit_metadata,false,None
230831,ses230831-units-probe0-spk-AAAB.npy,8,9,1680,S_plus_candidate,S_plus_candidate,P1 stimulus activation passed,0.05,0.3,within_session_all_units_all_primary_contrasts,false,false,false,missing_unit_metadata,false,None
230831,ses230831-units-probe0-spk-AAAB.npy,9,9,1680,null_or_unclassified,null_or_unclassified,No active phenotype detected,0.05,0.3,within_session_all_units_all_primary_contrasts,false,false,false,missing_unit_metadata,false,None
230831,ses230831-units-probe0-spk-AAAB.npy,10,9,1680,S_minus_candidate,S_minus_candidate,P1 stimulus suppression passed,0.05,0.3,within_session_all_units_all_primary_contrasts,false,false,false,missing_unit_metadata,false,None
230831,ses230831-units-probe0-spk-AAAB.npy,11,9,1680,null_or_unclassified,null_or_unclassified,No active phenotype detected,0.05,0.3,within_session_all_units_all_primary_contrasts,false,false,false,missing_unit_metadata,false,None
230831,ses230831-units-probe0-spk-AAAB.npy,12,9,1680,S_minus_candidate,S_minus_candidate,P1 stimulus suppression passed,0.05,0.3,within_session_all_units_all_primary_contrasts,false,false,false,missing_unit_metadata,false,None
230831,ses230831-units-probe0-spk-AAAB.npy,13,9,1680,S_minus_candidate,S_minus_candidate,P1 stimulus suppression passed,0.05,0.3,within_session_all_units_all_primary_contrasts,false,false,false,missing_unit_metadata,false,None
230831,ses230831-units-probe0-spk-AAAB.npy,14,9,1680,S_plus_candidate,S_plus_candidate,P1 stimulus activation passed,0.05,0.3,within_session_all_units_all_primary_contrasts,false,false,false,missing_unit_metadata,false,None
230831,ses230831-units-probe0-spk-AAAB.npy,15,9,1680,null_or_unclassified,null_or_unclassified,No active phenotype detected,0.05,0.3,within_session_all_units_all_primary_contrasts,false,false,false,missing_unit_metadata,false,None
230831,ses230831-units-probe0-spk-AAAB.npy,16,9,1680,S_plus_candidate,S_plus_candidate,P1 stimulus activation passed,0.05,0.3,within_session_all_units_all_primary_contrasts,false,false,false,missing_unit_metadata,false,None
230831,ses230831-units-probe0-spk-AAAB.npy,17,9,1680,S_minus_candidate,S_minus_candidate,P1 stimulus suppression passed,0.05,0.3,within_session_all_units_all_primary_contrasts,false,false,false,missing_unit_metadata,false,None
230831,ses230831-units-probe0-spk-AAAB.npy,18,9,1680,S_minus_candidate,S_minus_candidate,P1 stimulus suppression passed,0.05,0.3,within_session_all_units_all_primary_contrasts,false,false,false,missing_unit_metadata,false,None
230831,ses230831-units-probe0-spk-AAAB.npy,19,9,1680,S_minus_candidate,S_minus_candidate,P1 stimulus suppression passed,0.05,0.3,within_session_all_units_all_primary_contrasts,false,false,false,missing_unit_metadata,false,None
230831,ses230831-units-probe0-spk-AAAB.npy,20,9,1680,S_minus_candidate,S_minus_candidate,P1 stimulus suppression passed,0.05,0.3,within_session_all_units_all_primary_contrasts,false,false,false,missing_unit_metadata,false,None
230831,ses230831-units-probe0-spk-AAAB.npy,21,9,1680,S_plus_candidate,S_plus_candidate,P1 stimulus activation passed,0.05,0.3,within_session_all_units_all_primary_contrasts,false,false,false,missing_unit_metadata,false,None
230831,ses230831-units-probe0-spk-AAAB.npy,22,9,1680,null_or_unclassified,null_or_unclassified,No active phenotype detected,0.05,0.3,within_session_all_units_all_primary_contrasts,false,false,false,missing_unit_metadata,false,None
230831,ses230831-units-probe0-spk-AAAB.npy,23,9,1680,null_or_unclassified,null_or_unclassified,No active phenotype detected,0.05,0.3,within_session_all_units_all_primary_contrasts,false,false,false,missing_unit_metadata,false,None
230831,ses230831-units-probe0-spk-AAAB.npy,24,9,1680,S_minus_candidate,S_minus_candidate,P1 stimulus suppression passed,0.05,0.3,within_session_all_units_all_primary_contrasts,false,false,false,missing_unit_metadata,false,None
230831,ses230831-units-probe0-spk-AAAB.npy,25,9,1680,null_or_unclassified,null_or_unclassified,No active phenotype detected,0.05,0.3,within_session_all_units_all_primary_contrasts,false,false,false,missing_unit_metadata,false,None
230831,ses230831-units-probe0-spk-AAAB.npy,26,9,1680,S_minus_candidate,S_minus_candidate,P1 stimulus suppression passed,0.05,0.3,within_session_all_units_all_primary_contrasts,false,false,false,missing_unit_metadata,false,None
230831,ses230831-units-probe0-spk-AAAB.npy,27,9,1680,S_minus_candidate,S_minus_candidate,P1 stimulus suppression passed,0.05,0.3,within_session_all_units_all_primary_contrasts,false,false,false,missing_unit_metadata,false,None
230831,ses230831-units-probe0-spk-AAAB.npy,28,9,1680,S_plus_candidate; S_minus_candidate,S_plus_candidate,P1 stimulus suppression passed,0.05,0.3,within_session_all_units_all_primary_contrasts,false,false,false,missing_unit_metadata,false,None
230831,ses230831-units-probe0-spk-AAAB.npy,29,9,1680,S_plus_candidate,S_plus_candidate,P1 stimulus activation passed,0.05,0.3,within_session_all_units_all_primary_contrasts,false,false,false,missing_unit_metadata,false,None
230831,ses230831-units-probe0-spk-AAAB.npy,30,9,1680,S_plus_candidate; S_minus_candidate,S_plus_candidate,P1 stimulus suppression passed,0.05,0.3,within_session_all_units_all_primary_contrasts,false,false,false,missing_unit_metadata,false,None
230831,ses230831-units-probe0-spk-AAAB.npy,31,9,1680,S_plus_candidate,S_plus_candidate,P1 stimulus activation passed,0.05,0.3,within_session_all_units_all_primary_contrasts,false,false,false,missing_unit_metadata,false,None
230831,ses230831-units-probe0-spk-AAAB.npy,32,9,1680,S_plus_candidate; S_minus_candidate,S_plus_candidate,P1 stimulus suppression passed,0.05,0.3,within_session_all_units_all_primary_contrasts,false,false,false,missing_unit_metadata,false,None
230831,ses230831-units-probe0-spk-AAAB.npy,33,9,1680,S_plus_candidate; S_minus_candidate,S_plus_candidate,P1 stimulus suppression passed,0.05,0.3,within_session_all_units_all_primary_contrasts,false,false,false,missing_unit_metadata,false,None
230831,ses230831-units-probe0-spk-AAAB.npy,34,9,1680,S_plus_candidate,S_plus_candidate,P1 stimulus activation passed,0.05,0.3,within_session_all_units_all_primary_contrasts,false,false,false,missing_unit_metadata,false,None
230831,ses230831-units-probe0-spk-AAAB.npy,35,9,1680,S_plus_candidate,S_plus_candidate,P1 stimulus activation passed,0.05,0.3,within_session_all_units_all_primary_contrasts,false,false,false,missing_unit_metadata,false,None
230831,ses230831-units-probe0-spk-AAAB.npy,36,9,1680,S_minus_candidate,S_minus_candidate,P1 stimulus suppression passed,0.05,0.3,within_session_all_units_all_primary_contrasts,false,false,false,missing_unit_metadata,false,None
230831,ses230831-units-probe0-spk-AAAB.npy,37,9,1680,S_plus_candidate,S_plus_candidate,P1 stimulus activation passed,0.05,0.3,within_session_all_units_all_primary_contrasts,false,false,false,missing_unit_metadata,false,None
230831,ses230831-units-probe0-spk-AAAB.npy,38,9,1680,S_plus_candidate,S_plus_candidate,P1 stimulus activation passed,0.05,0.3,within_session_all_units_all_primary_contrasts,false,false,false,missing_unit_metadata,false,None
230831,ses230831-units-probe0-spk-AAAB.npy,39,9,1680,S_plus_candidate; S_minus_candidate,S_plus_candidate,P1 stimulus suppression passed,0.05,0.3,within_session_all_units_all_primary_contrasts,false,false,false,missing_unit_metadata,false,None
230831,ses230831-units-probe0-spk-AAAB.npy,40,9,1680,null_or_unclassified,null_or_unclassified,No active phenotype detected,0.05,0.3,within_session_all_units_all_primary_contrasts,false,false,false,missing_unit_metadata,false,None
230831,ses230831-units-probe0-spk-AAAB.npy,41,9,1680,S_plus_candidate; S_minus_candidate,S_plus_candidate,P1 stimulus suppression passed,0.05,0.3,within_session_all_units_all_primary_contrasts,false,false,false,missing_unit_metadata,false,None
230831,ses230831-units-probe0-spk-AAAB.npy,42,9,1680,S_minus_candidate,S_minus_candidate,P1 stimulus suppression passed,0.05,0.3,within_session_all_units_all_primary_contrasts,false,false,false,missing_unit_metadata,false,None
230831,ses230831-units-probe0-spk-AAAB.npy,43,9,1680,S_minus_candidate,S_minus_candidate,P1 stimulus suppression passed,0.05,0.3,within_session_all_units_all_primary_contrasts,false,false,false,missing_unit_metadata,false,None
230831,ses230831-units-probe0-spk-AAAB.npy,44,9,1680,null_or_unclassified,null_or_unclassified,No active phenotype detected,0.05,0.3,within_session_all_units_all_primary_contrasts,false,false,false,missing_unit_metadata,false,None
230831,ses230831-units-probe0-spk-AAAB.npy,45,9,1680,S_plus_candidate,S_plus_candidate,P1 stimulus activation passed,0.05,0.3,within_session_all_units_all_primary_contrasts,false,false,false,missing_unit_metadata,false,None
230831,ses230831-units-probe0-spk-AAAB.npy,46,9,1680,S_plus_candidate,S_plus_candidate,P1 stimulus activation passed,0.05,0.3,within_session_all_units_all_primary_contrasts,false,false,false,missing_unit_metadata,false,None
230831,ses230831-units-probe0-spk-AAAB.npy,47,9,1680,S_plus_candidate,S_plus_candidate,P1 stimulus activation passed,0.05,0.3,within_session_all_units_all_primary_contrasts,false,false,false,missing_unit_metadata,false,None
230831,ses230831-units-probe0-spk-AAAB.npy,48,9,1680,null_or_unclassified,null_or_unclassified,No active phenotype detected,0.05,0.3,within_session_all_units_all_primary_contrasts,false,false,false,missing_unit_metadata,false,None
230831,ses230831-units-probe0-spk-AAAB.npy,49,9,1680,null_or_unclassified,null_or_unclassified,No active phenotype detected,0.05,0.3,within_session_all_units_all_primary_contrasts,false,false,false,missing_unit_metadata,false,None
230831,ses230831-units-probe0-spk-AAAB.npy,50,9,1680,S_plus_candidate,S_plus_candidate,P1 stimulus activation passed,0.05,0.3,within_session_all_units_all_primary_contrasts,false,false,false,missing_unit_metadata,false,None
230831,ses230831-units-probe0-spk-AAAB.npy,51,9,1680,S_plus_candidate,S_plus_candidate,P1 stimulus activation passed,0.05,0.3,within_session_all_units_all_primary_contrasts,false,false,false,missing_unit_metadata,false,None
230831,ses230831-units-probe0-spk-AAAB.npy,52,9,1680,S_plus_candidate; S_minus_candidate,S_plus_candidate,P1 stimulus suppression passed,0.05,0.3,within_session_all_units_all_primary_contrasts,false,false,false,missing_unit_metadata,false,None
230831,ses230831-units-probe0-spk-AAAB.npy,53,9,1680,S_plus_candidate,S_plus_candidate,P1 stimulus activation passed,0.05,0.3,within_session_all_units_all_primary_contrasts,false,false,false,missing_unit_metadata,false,None
230831,ses230831-units-probe0-spk-AAAB.npy,54,9,1680,S_minus_candidate,S_minus_candidate,P1 stimulus suppression passed,0.05,0.3,within_session_all_units_all_primary_contrasts,false,false,false,missing_unit_metadata,false,None
230831,ses230831-units-probe0-spk-AAAB.npy,55,9,1680,S_plus_candidate,S_plus_candidate,P1 stimulus activation passed,0.05,0.3,within_session_all_units_all_primary_contrasts,false,false,false,missing_unit_metadata,false,None
230831,ses230831-units-probe0-spk-AAAB.npy,56,9,1680,null_or_unclassified,null_or_unclassified,No active phenotype detected,0.05,0.3,within_session_all_units_all_primary_contrasts,false,false,false,missing_unit_metadata,false,None
230831,ses230831-units-probe0-spk-AAAB.npy,57,9,1680,S_minus_candidate,S_minus_candidate,P1 stimulus suppression passed,0.05,0.3,within_session_all_units_all_primary_contrasts,false,false,false,missing_unit_metadata,false,None
230831,ses230831-units-probe0-spk-AAAB.npy,58,9,1680,S_minus_candidate,S_minus_candidate,P1 stimulus suppression passed,0.05,0.3,within_session_all_units_all_primary_contrasts,false,false,false,missing_unit_metadata,false,None
230831,ses230831-units-probe0-spk-AAAB.npy,59,9,1680,S_minus_candidate,S_minus_candidate,P1 stimulus suppression passed,0.05,0.3,within_session_all_units_all_primary_contrasts,false,false,false,missing_unit_metadata,false,None
230831,ses230831-units-probe0-spk-AAAB.npy,60,9,1680,S_plus_candidate; S_minus_candidate,S_plus_candidate,P1 stimulus suppression passed,0.05,0.3,within_session_all_units_all_primary_contrasts,false,false,false,missing_unit_metadata,false,None
230831,ses230831-units-probe0-spk-AAAB.npy,61,9,1680,S_plus_candidate,S_plus_candidate,P1 stimulus activation passed,0.05,0.3,within_session_all_units_all_primary_contrasts,false,false,false,missing_unit_metadata,false,None
230831,ses230831-units-probe0-spk-AAAB.npy,62,9,1680,S_minus_candidate,S_minus_candidate,P1 stimulus suppression passed,0.05,0.3,within_session_all_units_all_primary_contrasts,false,false,false,missing_unit_metadata,false,None
230831,ses230831-units-probe0-spk-AAAB.npy,63,9,1680,S_minus_candidate,S_minus_candidate,P1 stimulus suppression passed,0.05,0.3,within_session_all_units_all_primary_contrasts,false,false,false,missing_unit_metadata,false,None
230831,ses230831-units-probe0-spk-AAAB.npy,64,9,1680,S_plus_candidate; S_minus_candidate,S_plus_candidate,P1 stimulus activation passed,0.05,0.3,within_session_all_units_all_primary_contrasts,false,false,false,missing_unit_metadata,false,None
230831,ses230831-units-probe0-spk-AAAB.npy,65,9,1680,S_plus_candidate,S_plus_candidate,P1 stimulus activation passed,0.05,0.3,within_session_all_units_all_primary_contrasts,false,false,false,missing_unit_metadata,false,None
230831,ses230831-units-probe0-spk-AAAB.npy,66,9,1680,null_or_unclassified,null_or_unclassified,No active phenotype detected,0.05,0.3,within_session_all_units_all_primary_contrasts,false,false,false,missing_unit_metadata,false,None
230831,ses230831-units-probe0-spk-AAAB.npy,67,9,1680,null_or_unclassified,null_or_unclassified,No active phenotype detected,0.05,0.3,within_session_all_units_all_primary_contrasts,false,false,false,missing_unit_metadata,false,None
230831,ses230831-units-probe0-spk-AAAB.npy,68,9,1680,null_or_unclassified,null_or_unclassified,No active phenotype detected,0.05,0.3,within_session_all_units_all_primary_contrasts,false,false,false,missing_unit_metadata,false,None
230831,ses230831-units-probe0-spk-AAAB.npy,69,9,1680,null_or_unclassified,null_or_unclassified,No active phenotype detected,0.05,0.3,within_session_all_units_all_primary_contrasts,false,false,false,missing_unit_metadata,false,None
230831,ses230831-units-probe0-spk-AAAB.npy,70,9,1680,null_or_unclassified,null_or_unclassified,No active phenotype detected,0.05,0.3,within_session_all_units_all_primary_contrasts,false,false,false,missing_unit_metadata,false,None
230831,ses230831-units-probe0-spk-AAAB.npy,71,9,1680,null_or_unclassified,null_or_unclassified,No active phenotype detected,0.05,0.3,within_session_all_units_all_primary_contrasts,false,false,false,missing_unit_metadata,false,None
230831,ses230831-units-probe0-spk-AAAB.npy,72,9,1680,null_or_unclassified,null_or_unclassified,No active phenotype detected,0.05,0.3,within_session_all_units_all_primary_contrasts,false,false,false,missing_unit_metadata,false,None
230831,ses230831-units-probe0-spk-AAAB.npy,73,9,1680,null_or_unclassified,null_or_unclassified,No active phenotype detected,0.05,0.3,within_session_all_units_all_primary_contrasts,false,false,false,missing_unit_metadata,false,None
230831,ses230831-units-probe0-spk-AAAB.npy,74,9,1680,S_minus_candidate,S_minus_candidate,P1 stimulus suppression passed,0.05,0.3,within_session_all_units_all_primary_contrasts,false,false,false,missing_unit_metadata,false,None
230831,ses230831-units-probe0-spk-AAAB.npy,75,9,1680,S_minus_candidate,S_minus_candidate,P1 stimulus suppression passed,0.05,0.3,within_session_all_units_all_primary_contrasts,false,false,false,missing_unit_metadata,false,None
230831,ses230831-units-probe0-spk-AAAB.npy,76,9,1680,S_plus_candidate,S_plus_candidate,P1 stimulus activation passed,0.05,0.3,within_session_all_units_all_primary_contrasts,false,false,false,missing_unit_metadata,false,None
230831,ses230831-units-probe0-spk-AAAB.npy,77,9,1680,S_minus_candidate,S_minus_candidate,P1 stimulus suppression passed,0.05,0.3,within_session_all_units_all_primary_contrasts,false,false,false,missing_unit_metadata,false,None
230831,ses230831-units-probe0-spk-AAAB.npy,78,9,1680,null_or_unclassified,null_or_unclassified,No active phenotype detected,0.05,0.3,within_session_all_units_all_primary_contrasts,false,false,false,missing_unit_metadata,false,None
230831,ses230831-units-probe0-spk-AAAB.npy,79,9,1680,null_or_unclassified,null_or_unclassified,No active phenotype detected,0.05,0.3,within_session_all_units_all_primary_contrasts,false,false,false,missing_unit_metadata,false,None
230831,ses230831-units-probe0-spk-AAAB.npy,80,9,1680,S_minus_candidate,S_minus_candidate,P1 stimulus suppression passed,0.05,0.3,within_session_all_units_all_primary_contrasts,false,false,false,missing_unit_metadata,false,None
230831,ses230831-units-probe0-spk-AAAB.npy,81,9,1680,S_plus_candidate,S_plus_candidate,P1 stimulus activation passed,0.05,0.3,within_session_all_units_all_primary_contrasts,false,false,false,missing_unit_metadata,false,None
230831,ses230831-units-probe0-spk-AAAB.npy,82,9,1680,null_or_unclassified,null_or_unclassified,No active phenotype detected,0.05,0.3,within_session_all_units_all_primary_contrasts,false,false,false,missing_unit_metadata,false,None
230831,ses230831-units-probe0-spk-AAAB.npy,83,9,1680,S_minus_candidate,S_minus_candidate,P1 stimulus suppression passed,0.05,0.3,within_session_all_units_all_primary_contrasts,false,false,false,missing_unit_metadata,false,None
230831,ses230831-units-probe0-spk-AAAB.npy,84,9,1680,S_minus_candidate,S_minus_candidate,P1 stimulus suppression passed,0.05,0.3,within_session_all_units_all_primary_contrasts,false,false,false,missing_unit_metadata,false,None
230831,ses230831-units-probe0-spk-AAAB.npy,85,9,1680,S_minus_candidate,S_minus_candidate,P1 stimulus suppression passed,0.05,0.3,within_session_all_units_all_primary_contrasts,false,false,false,missing_unit_metadata,false,None
230831,ses230831-units-probe0-spk-AAAB.npy,86,9,1680,S_minus_candidate,S_minus_candidate,P1 stimulus suppression passed,0.05,0.3,within_session_all_units_all_primary_contrasts,false,false,false,missing_unit_metadata,false,None
230831,ses230831-units-probe0-spk-AAAB.npy,87,9,1680,S_minus_candidate,S_minus_candidate,P1 stimulus suppression passed,0.05,0.3,within_session_all_units_all_primary_contrasts,false,false,false,missing_unit_metadata,false,None
230831,ses230831-units-probe0-spk-AAAB.npy,88,9,1680,S_minus_candidate,S_minus_candidate,P1 stimulus suppression passed,0.05,0.3,within_session_all_units_all_primary_contrasts,false,false,false,missing_unit_metadata,false,None
230831,ses230831-units-probe0-spk-AAAB.npy,89,9,1680,S_minus_candidate,S_minus_candidate,P1 stimulus suppression passed,0.05,0.3,within_session_all_units_all_primary_contrasts,false,false,false,missing_unit_metadata,false,None
230831,ses230831-units-probe0-spk-AAAB.npy,90,9,1680,S_minus_candidate,S_minus_candidate,P1 stimulus suppression passed,0.05,0.3,within_session_all_units_all_primary_contrasts,false,false,false,missing_unit_metadata,false,None
230831,ses230831-units-probe0-spk-AAAB.npy,91,9,1680,null_or_unclassified,null_or_unclassified,No active phenotype detected,0.05,0.3,within_session_all_units_all_primary_contrasts,false,false,false,missing_unit_metadata,false,None
230831,ses230831-units-probe0-spk-AAAB.npy,92,9,1680,null_or_unclassified,null_or_unclassified,No active phenotype detected,0.05,0.3,within_session_all_units_all_primary_contrasts,false,false,false,missing_unit_metadata,false,None
230831,ses230831-units-probe0-spk-AAAB.npy,93,9,1680,null_or_unclassified,null_or_unclassified,No active phenotype detected,0.05,0.3,within_session_all_units_all_primary_contrasts,false,false,false,missing_unit_metadata,false,None
230831,ses230831-units-probe0-spk-AAAB.npy,94,9,1680,S_plus_candidate,S_plus_candidate,P1 stimulus activation passed,0.05,0.3,within_session_all_units_all_primary_contrasts,false,false,false,missing_unit_metadata,false,None
230831,ses230831-units-probe0-spk-AAAB.npy,95,9,1680,null_or_unclassified,null_or_unclassified,No active phenotype detected,0.05,0.3,within_session_all_units_all_primary_contrasts,false,false,false,missing_unit_metadata,false,None
230831,ses230831-units-probe0-spk-AAAB.npy,96,9,1680,S_minus_candidate,S_minus_candidate,P1 stimulus suppression passed,0.05,0.3,within_session_all_units_all_primary_contrasts,false,false,false,missing_unit_metadata,false,None
230831,ses230831-units-probe0-spk-AAAB.npy,97,9,1680,null_or_unclassified,null_or_unclassified,No active phenotype detected,0.05,0.3,within_session_all_units_all_primary_contrasts,false,false,false,missing_unit_metadata,false,None
230831,ses230831-units-probe0-spk-AAAB.npy,98,9,1680,S_plus_candidate,S_plus_candidate,P1 stimulus activation passed,0.05,0.3,within_session_all_units_all_primary_contrasts,false,false,false,missing_unit_metadata,false,None
230831,ses230831-units-probe0-spk-AAAB.npy,99,9,1680,S_minus_candidate,S_minus_candidate,P1 stimulus suppression passed,0.05,0.3,within_session_all_units_all_primary_contrasts,false,false,false,missing_unit_metadata,false,None
230831,ses230831-units-probe0-spk-AAAB.npy,100,9,1680,S_plus_candidate,S_plus_candidate,P1 stimulus activation passed,0.05,0.3,within_session_all_units_all_primary_contrasts,false,false,false,missing_unit_metadata,false,None
230831,ses230831-units-probe0-spk-AAAB.npy,101,9,1680,null_or_unclassified,null_or_unclassified,No active phenotype detected,0.05,0.3,within_session_all_units_all_primary_contrasts,false,false,false,missing_unit_metadata,false,None
230831,ses230831-units-probe0-spk-AAAB.npy,102,9,1680,S_minus_candidate,S_minus_candidate,P1 stimulus suppression passed,0.05,0.3,within_session_all_units_all_primary_contrasts,false,false,false,missing_unit_metadata,false,None
230831,ses230831-units-probe0-spk-AAAB.npy,103,9,1680,null_or_unclassified,null_or_unclassified,No active phenotype detected,0.05,0.3,within_session_all_units_all_primary_contrasts,false,false,false,missing_unit_metadata,false,None
230831,ses230831-units-probe0-spk-AAAB.npy,104,9,1680,S_plus_candidate,S_plus_candidate,P1 stimulus activation passed,0.05,0.3,within_session_all_units_all_primary_contrasts,false,false,false,missing_unit_metadata,false,None
230831,ses230831-units-probe0-spk-AAAB.npy,105,9,1680,S_minus_candidate,S_minus_candidate,P1 stimulus suppression passed,0.05,0.3,within_session_all_units_all_primary_contrasts,false,false,false,missing_unit_metadata,false,None
230831,ses230831-units-probe0-spk-AAAB.npy,106,9,1680,null_or_unclassified,null_or_unclassified,No active phenotype detected,0.05,0.3,within_session_all_units_all_primary_contrasts,false,false,false,missing_unit_metadata,false,None
230831,ses230831-units-probe0-spk-AAAB.npy,107,9,1680,null_or_unclassified,null_or_unclassified,No active phenotype detected,0.05,0.3,within_session_all_units_all_primary_contrasts,false,false,false,missing_unit_metadata,false,None
230831,ses230831-units-probe0-spk-AAAB.npy,108,9,1680,null_or_unclassified,null_or_unclassified,No active phenotype detected,0.05,0.3,within_session_all_units_all_primary_contrasts,false,false,false,missing_unit_metadata,false,None
230831,ses230831-units-probe0-spk-AAAB.npy,109,9,1680,S_minus_candidate,S_minus_candidate,P1 stimulus suppression passed,0.05,0.3,within_session_all_units_all_primary_contrasts,false,false,false,missing_unit_metadata,false,None
230831,ses230831-units-probe0-spk-AAAB.npy,110,9,1680,null_or_unclassified,null_or_unclassified,No active phenotype detected,0.05,0.3,within_session_all_units_all_primary_contrasts,false,false,false,missing_unit_metadata,false,None
230831,ses230831-units-probe0-spk-AAAB.npy,111,9,1680,S_minus_candidate,S_minus_candidate,P1 stimulus suppression passed,0.05,0.3,within_session_all_units_all_primary_contrasts,false,false,false,missing_unit_metadata,false,None
230831,ses230831-units-probe0-spk-AAAB.npy,112,9,1680,S_minus_candidate,S_minus_candidate,P1 stimulus suppression passed,0.05,0.3,within_session_all_units_all_primary_contrasts,false,false,false,missing_unit_metadata,false,None
230831,ses230831-units-probe0-spk-AAAB.npy,113,9,1680,S_minus_candidate,S_minus_candidate,P1 stimulus suppression passed,0.05,0.3,within_session_all_units_all_primary_contrasts,false,false,false,missing_unit_metadata,false,None
230831,ses230831-units-probe0-spk-AAAB.npy,114,9,1680,null_or_unclassified,null_or_unclassified,No active phenotype detected,0.05,0.3,within_session_all_units_all_primary_contrasts,false,false,false,missing_unit_metadata,false,None
230831,ses230831-units-probe0-spk-AAAB.npy,115,9,1680,S_minus_candidate,S_minus_candidate,P1 stimulus suppression passed,0.05,0.3,within_session_all_units_all_primary_contrasts,false,false,false,missing_unit_metadata,false,None
230831,ses230831-units-probe0-spk-AAAB.npy,116,9,1680,null_or_unclassified,null_or_unclassified,No active phenotype detected,0.05,0.3,within_session_all_units_all_primary_contrasts,false,false,false,missing_unit_metadata,false,None
230831,ses230831-units-probe0-spk-AAAB.npy,117,9,1680,null_or_unclassified,null_or_unclassified,No active phenotype detected,0.05,0.3,within_session_all_units_all_primary_contrasts,false,false,false,missing_unit_metadata,false,None
230831,ses230831-units-probe0-spk-AAAB.npy,118,9,1680,S_minus_candidate,S_minus_candidate,P1 stimulus suppression passed,0.05,0.3,within_session_all_units_all_primary_contrasts,false,false,false,missing_unit_metadata,false,None
230831,ses230831-units-probe0-spk-AAAB.npy,119,9,1680,null_or_unclassified,null_or_unclassified,No active phenotype detected,0.05,0.3,within_session_all_units_all_primary_contrasts,false,false,false,missing_unit_metadata,false,None
230831,ses230831-units-probe0-spk-AAAB.npy,120,9,1680,S_plus_candidate,S_plus_candidate,P1 stimulus activation passed,0.05,0.3,within_session_all_units_all_primary_contrasts,false,false,false,missing_unit_metadata,false,None
230831,ses230831-units-probe0-spk-AAAB.npy,121,9,1680,S_plus_candidate,S_plus_candidate,P1 stimulus activation passed,0.05,0.3,within_session_all_units_all_primary_contrasts,false,false,false,missing_unit_metadata,false,None
230831,ses230831-units-probe0-spk-AAAB.npy,122,9,1680,null_or_unclassified,null_or_unclassified,No active phenotype detected,0.05,0.3,within_session_all_units_all_primary_contrasts,false,false,false,missing_unit_metadata,false,None
230831,ses230831-units-probe0-spk-AAAB.npy,123,9,1680,S_plus_candidate,S_plus_candidate,P1 stimulus activation passed,0.05,0.3,within_session_all_units_all_primary_contrasts,false,false,false,missing_unit_metadata,false,None
230831,ses230831-units-probe0-spk-AAAB.npy,124,9,1680,null_or_unclassified,null_or_unclassified,No active phenotype detected,0.05,0.3,within_session_all_units_all_primary_contrasts,false,false,false,missing_unit_metadata,false,None
230831,ses230831-units-probe0-spk-AAAB.npy,125,9,1680,S_minus_candidate; S_plus_candidate,S_plus_candidate,P1 stimulus activation passed,0.05,0.3,within_session_all_units_all_primary_contrasts,false,false,false,missing_unit_metadata,false,None
230831,ses230831-units-probe0-spk-AAAB.npy,126,9,1680,S_plus_candidate,S_plus_candidate,P1 stimulus activation passed,0.05,0.3,within_session_all_units_all_primary_contrasts,false,false,false,missing_unit_metadata,false,None
230831,ses230831-units-probe0-spk-AAAB.npy,127,9,1680,S_plus_candidate,S_plus_candidate,P1 stimulus activation passed,0.05,0.3,within_session_all_units_all_primary_contrasts,false,false,false,missing_unit_metadata,false,None
230831,ses230831-units-probe0-spk-AAAB.npy,128,9,1680,null_or_unclassified,null_or_unclassified,No active phenotype detected,0.05,0.3,within_session_all_units_all_primary_contrasts,false,false,false,missing_unit_metadata,false,None
230831,ses230831-units-probe0-spk-AAAB.npy,129,9,1680,null_or_unclassified,null_or_unclassified,No active phenotype detected,0.05,0.3,within_session_all_units_all_primary_contrasts,false,false,false,missing_unit_metadata,false,None
230831,ses230831-units-probe0-spk-AAAB.npy,130,9,1680,S_plus_candidate,S_plus_candidate,P1 stimulus activation passed,0.05,0.3,within_session_all_units_all_primary_contrasts,false,false,false,missing_unit_metadata,false,None
230831,ses230831-units-probe0-spk-AAAB.npy,131,9,1680,null_or_unclassified,null_or_unclassified,No active phenotype detected,0.05,0.3,within_session_all_units_all_primary_contrasts,false,false,false,missing_unit_metadata,false,None
230831,ses230831-units-probe0-spk-AAAB.npy,132,9,1680,S_minus_candidate,S_minus_candidate,P1 stimulus suppression passed,0.05,0.3,within_session_all_units_all_primary_contrasts,false,false,false,missing_unit_metadata,false,None
230831,ses230831-units-probe0-spk-AAAB.npy,133,9,1680,null_or_unclassified,null_or_unclassified,No active phenotype detected,0.05,0.3,within_session_all_units_all_primary_contrasts,false,false,false,missing_unit_metadata,false,None
230831,ses230831-units-probe0-spk-AAAB.npy,134,9,1680,null_or_unclassified,null_or_unclassified,No active phenotype detected,0.05,0.3,within_session_all_units_all_primary_contrasts,false,false,false,missing_unit_metadata,false,None
230831,ses230831-units-probe0-spk-AAAB.npy,135,9,1680,S_minus_candidate,S_minus_candidate,P1 stimulus suppression passed,0.05,0.3,within_session_all_units_all_primary_contrasts,false,false,false,missing_unit_metadata,false,None
230831,ses230831-units-probe0-spk-AAAB.npy,136,9,1680,null_or_unclassified,null_or_unclassified,No active phenotype detected,0.05,0.3,within_session_all_units_all_primary_contrasts,false,false,false,missing_unit_metadata,false,None
230831,ses230831-units-probe1-spk-AAAB.npy,137,6,1120,S_minus_candidate; S_plus_candidate,S_plus_candidate,P1 stimulus activation passed,0.05,0.3,within_session_all_units_all_primary_contrasts,false,false,false,missing_unit_metadata,false,None
230831,ses230831-units-probe1-spk-AAAB.npy,138,6,1120,S_plus_candidate,S_plus_candidate,P1 stimulus activation passed,0.05,0.3,within_session_all_units_all_primary_contrasts,false,false,false,missing_unit_metadata,false,None
230831,ses230831-units-probe1-spk-AAAB.npy,139,6,1120,S_minus_candidate,S_minus_candidate,P1 stimulus suppression passed,0.05,0.3,within_session_all_units_all_primary_contrasts,false,false,false,missing_unit_metadata,false,None
230831,ses230831-units-probe1-spk-AAAB.npy,140,6,1120,S_minus_candidate,S_minus_candidate,P1 stimulus suppression passed,0.05,0.3,within_session_all_units_all_primary_contrasts,false,false,false,missing_unit_metadata,false,None
230831,ses230831-units-probe1-spk-AAAB.npy,141,6,1120,null_or_unclassified,null_or_unclassified,No active phenotype detected,0.05,0.3,within_session_all_units_all_primary_contrasts,false,false,false,missing_unit_metadata,false,None
230831,ses230831-units-probe1-spk-AAAB.npy,142,6,1120,S_minus_candidate,S_minus_candidate,P1 stimulus suppression passed,0.05,0.3,within_session_all_units_all_primary_contrasts,false,false,false,missing_unit_metadata,false,None
230831,ses230831-units-probe1-spk-AAAB.npy,143,6,1120,null_or_unclassified,null_or_unclassified,No active phenotype detected,0.05,0.3,within_session_all_units_all_primary_contrasts,false,false,false,missing_unit_metadata,false,None
230831,ses230831-units-probe1-spk-AAAB.npy,144,6,1120,S_minus_candidate; S_plus_candidate,S_plus_candidate,P1 stimulus activation passed,0.05,0.3,within_session_all_units_all_primary_contrasts,false,false,false,missing_unit_metadata,false,None
230831,ses230831-units-probe1-spk-AAAB.npy,145,6,1120,S_plus_candidate,S_plus_candidate,P1 stimulus activation passed,0.05,0.3,within_session_all_units_all_primary_contrasts,false,false,false,missing_unit_metadata,false,None
230831,ses230831-units-probe1-spk-AAAB.npy,146,6,1120,S_plus_candidate,S_plus_candidate,P1 stimulus activation passed,0.05,0.3,within_session_all_units_all_primary_contrasts,false,false,false,missing_unit_metadata,false,None
230831,ses230831-units-probe1-spk-AAAB.npy,147,6,1120,S_minus_candidate,S_minus_candidate,P1 stimulus suppression passed,0.05,0.3,within_session_all_units_all_primary_contrasts,false,false,false,missing_unit_metadata,false,None
230831,ses230831-units-probe1-spk-AAAB.npy,148,6,1120,S_minus_candidate,S_minus_candidate,P1 stimulus suppression passed,0.05,0.3,within_session_all_units_all_primary_contrasts,false,false,false,missing_unit_metadata,false,None
230831,ses230831-units-probe1-spk-AAAB.npy,149,6,1120,S_minus_candidate,S_minus_candidate,P1 stimulus suppression passed,0.05,0.3,within_session_all_units_all_primary_contrasts,false,false,false,missing_unit_metadata,false,None
230831,ses230831-units-probe1-spk-AAAB.npy,150,6,1120,S_plus_candidate,S_plus_candidate,P1 stimulus activation passed,0.05,0.3,within_session_all_units_all_primary_contrasts,false,false,false,missing_unit_metadata,false,None
230831,ses230831-units-probe1-spk-AAAB.npy,151,6,1120,S_minus_candidate,S_minus_candidate,P1 stimulus suppression passed,0.05,0.3,within_session_all_units_all_primary_contrasts,false,false,false,missing_unit_metadata,false,None
230831,ses230831-units-probe1-spk-AAAB.npy,152,6,1120,S_plus_candidate,S_plus_candidate,P1 stimulus activation passed,0.05,0.3,within_session_all_units_all_primary_contrasts,false,false,false,missing_unit_metadata,false,None
230831,ses230831-units-probe1-spk-AAAB.npy,153,6,1120,null_or_unclassified,null_or_unclassified,No active phenotype detected,0.05,0.3,within_session_all_units_all_primary_contrasts,false,false,false,missing_unit_metadata,false,None
230831,ses230831-units-probe1-spk-AAAB.npy,154,6,1120,S_minus_candidate,S_minus_candidate,P1 stimulus suppression passed,0.05,0.3,within_session_all_units_all_primary_contrasts,false,false,false,missing_unit_metadata,false,None
230831,ses230831-units-probe1-spk-AAAB.npy,155,6,1120,null_or_unclassified,null_or_unclassified,No active phenotype detected,0.05,0.3,within_session_all_units_all_primary_contrasts,false,false,false,missing_unit_metadata,false,None
230831,ses230831-units-probe1-spk-AAAB.npy,156,6,1120,null_or_unclassified,null_or_unclassified,No active phenotype detected,0.05,0.3,within_session_all_units_all_primary_contrasts,false,false,false,missing_unit_metadata,false,None
230831,ses230831-units-probe1-spk-AAAB.npy,157,6,1120,null_or_unclassified,null_or_unclassified,No active phenotype detected,0.05,0.3,within_session_all_units_all_primary_contrasts,false,false,false,missing_unit_metadata,false,None
230831,ses230831-units-probe1-spk-AAAB.npy,158,6,1120,null_or_unclassified,null_or_unclassified,No active phenotype detected,0.05,0.3,within_session_all_units_all_primary_contrasts,false,false,false,missing_unit_metadata,false,None
230831,ses230831-units-probe1-spk-AAAB.npy,159,6,1120,null_or_unclassified,null_or_unclassified,No active phenotype detected,0.05,0.3,within_session_all_units_all_primary_contrasts,false,false,false,missing_unit_metadata,false,None
230831,ses230831-units-probe1-spk-AAAB.npy,160,6,1120,S_plus_candidate,S_plus_candidate,P1 stimulus activation passed,0.05,0.3,within_session_all_units_all_primary_contrasts,false,false,false,missing_unit_metadata,false,None
230831,ses230831-units-probe1-spk-AAAB.npy,161,6,1120,S_minus_candidate,S_minus_candidate,P1 stimulus suppression passed,0.05,0.3,within_session_all_units_all_primary_contrasts,false,false,false,missing_unit_metadata,false,None
230831,ses230831-units-probe1-spk-AAAB.npy,162,6,1120,null_or_unclassified,null_or_unclassified,No active phenotype detected,0.05,0.3,within_session_all_units_all_primary_contrasts,false,false,false,missing_unit_metadata,false,None
230831,ses230831-units-probe1-spk-AAAB.npy,163,6,1120,S_plus_candidate; S_minus_candidate,S_plus_candidate,P1 stimulus suppression passed,0.05,0.3,within_session_all_units_all_primary_contrasts,false,false,false,missing_unit_metadata,false,None
230831,ses230831-units-probe1-spk-AAAB.npy,164,6,1120,S_minus_candidate,S_minus_candidate,P1 stimulus suppression passed,0.05,0.3,within_session_all_units_all_primary_contrasts,false,false,false,missing_unit_metadata,false,None
230831,ses230831-units-probe1-spk-AAAB.npy,165,6,1120,S_minus_candidate,S_minus_candidate,P1 stimulus suppression passed,0.05,0.3,within_session_all_units_all_primary_contrasts,false,false,false,missing_unit_metadata,false,None
230831,ses230831-units-probe1-spk-AAAB.npy,166,6,1120,S_minus_candidate,S_minus_candidate,P1 stimulus suppression passed,0.05,0.3,within_session_all_units_all_primary_contrasts,false,false,false,missing_unit_metadata,false,None
230831,ses230831-units-probe1-spk-AAAB.npy,167,6,1120,S_plus_candidate,S_plus_candidate,P1 stimulus activation passed,0.05,0.3,within_session_all_units_all_primary_contrasts,false,false,false,missing_unit_metadata,false,None
230831,ses230831-units-probe1-spk-AAAB.npy,168,6,1120,S_plus_candidate,S_plus_candidate,P1 stimulus activation passed,0.05,0.3,within_session_all_units_all_primary_contrasts,false,false,false,missing_unit_metadata,false,None
230831,ses230831-units-probe1-spk-AAAB.npy,169,6,1120,null_or_unclassified,null_or_unclassified,No active phenotype detected,0.05,0.3,within_session_all_units_all_primary_contrasts,false,false,false,missing_unit_metadata,false,None
230831,ses230831-units-probe1-spk-AAAB.npy,170,6,1120,S_plus_candidate,S_plus_candidate,P1 stimulus activation passed,0.05,0.3,within_session_all_units_all_primary_contrasts,false,false,false,missing_unit_metadata,false,None
230831,ses230831-units-probe1-spk-AAAB.npy,171,6,1120,S_minus_candidate,S_minus_candidate,P1 stimulus suppression passed,0.05,0.3,within_session_all_units_all_primary_contrasts,false,false,false,missing_unit_metadata,false,None
230831,ses230831-units-probe1-spk-AAAB.npy,172,6,1120,S_minus_candidate,S_minus_candidate,P1 stimulus suppression passed,0.05,0.3,within_session_all_units_all_primary_contrasts,false,false,false,missing_unit_metadata,false,None
230831,ses230831-units-probe1-spk-AAAB.npy,173,6,1120,null_or_unclassified,null_or_unclassified,No active phenotype detected,0.05,0.3,within_session_all_units_all_primary_contrasts,false,false,false,missing_unit_metadata,false,None
230831,ses230831-units-probe1-spk-AAAB.npy,174,6,1120,null_or_unclassified,null_or_unclassified,No active phenotype detected,0.05,0.3,within_session_all_units_all_primary_contrasts,false,false,false,missing_unit_metadata,false,None
230831,ses230831-units-probe1-spk-AAAB.npy,175,6,1120,null_or_unclassified,null_or_unclassified,No active phenotype detected,0.05,0.3,within_session_all_units_all_primary_contrasts,false,false,false,missing_unit_metadata,false,None
230831,ses230831-units-probe1-spk-AAAB.npy,176,6,1120,S_minus_candidate,S_minus_candidate,P1 stimulus suppression passed,0.05,0.3,within_session_all_units_all_primary_contrasts,false,false,false,missing_unit_metadata,false,None
230831,ses230831-units-probe1-spk-AAAB.npy,177,6,1120,S_minus_candidate,S_minus_candidate,P1 stimulus suppression passed,0.05,0.3,within_session_all_units_all_primary_contrasts,false,false,false,missing_unit_metadata,false,None
230831,ses230831-units-probe1-spk-AAAB.npy,178,6,1120,null_or_unclassified,null_or_unclassified,No active phenotype detected,0.05,0.3,within_session_all_units_all_primary_contrasts,false,false,false,missing_unit_metadata,false,None
230831,ses230831-units-probe1-spk-AAAB.npy,179,6,1120,null_or_unclassified,null_or_unclassified,No active phenotype detected,0.05,0.3,within_session_all_units_all_primary_contrasts,false,false,false,missing_unit_metadata,false,None
230831,ses230831-units-probe1-spk-AAAB.npy,180,6,1120,S_minus_candidate,S_minus_candidate,P1 stimulus suppression passed,0.05,0.3,within_session_all_units_all_primary_contrasts,false,false,false,missing_unit_metadata,false,None
230831,ses230831-units-probe1-spk-AAAB.npy,181,6,1120,null_or_unclassified,null_or_unclassified,No active phenotype detected,0.05,0.3,within_session_all_units_all_primary_contrasts,false,false,false,missing_unit_metadata,false,None
230831,ses230831-units-probe1-spk-AAAB.npy,182,6,1120,S_minus_candidate; S_plus_candidate,S_plus_candidate,P1 stimulus suppression passed,0.05,0.3,within_session_all_units_all_primary_contrasts,false,false,false,missing_unit_metadata,false,None
230831,ses230831-units-probe1-spk-AAAB.npy,183,6,1120,S_minus_candidate; S_plus_candidate,S_plus_candidate,P1 stimulus suppression passed,0.05,0.3,within_session_all_units_all_primary_contrasts,false,false,false,missing_unit_metadata,false,None
230831,ses230831-units-probe1-spk-AAAB.npy,184,6,1120,S_minus_candidate; S_plus_candidate,S_plus_candidate,P1 stimulus activation passed,0.05,0.3,within_session_all_units_all_primary_contrasts,false,false,false,missing_unit_metadata,false,None
230831,ses230831-units-probe1-spk-AAAB.npy,185,6,1120,S_minus_candidate; S_plus_candidate,S_plus_candidate,P1 stimulus activation passed,0.05,0.3,within_session_all_units_all_primary_contrasts,false,false,false,missing_unit_metadata,false,None
230831,ses230831-units-probe1-spk-AAAB.npy,186,6,1120,S_plus_candidate,S_plus_candidate,P1 stimulus activation passed,0.05,0.3,within_session_all_units_all_primary_contrasts,false,false,false,missing_unit_metadata,false,None
230831,ses230831-units-probe1-spk-AAAB.npy,187,6,1120,null_or_unclassified,null_or_unclassified,No active phenotype detected,0.05,0.3,within_session_all_units_all_primary_contrasts,false,false,false,missing_unit_metadata,false,None
230831,ses230831-units-probe1-spk-AAAB.npy,188,6,1120,S_minus_candidate,S_minus_candidate,P1 stimulus suppression passed,0.05,0.3,within_session_all_units_all_primary_contrasts,false,false,false,missing_unit_metadata,false,None
230831,ses230831-units-probe1-spk-AAAB.npy,189,6,1120,S_plus_candidate,S_plus_candidate,P1 stimulus activation passed,0.05,0.3,within_session_all_units_all_primary_contrasts,false,false,false,missing_unit_metadata,false,None
230831,ses230831-units-probe1-spk-AAAB.npy,190,6,1120,S_plus_candidate,S_plus_candidate,P1 stimulus activation passed,0.05,0.3,within_session_all_units_all_primary_contrasts,false,false,false,missing_unit_metadata,false,None
230831,ses230831-units-probe1-spk-AAAB.npy,191,6,1120,S_minus_candidate,S_minus_candidate,P1 stimulus suppression passed,0.05,0.3,within_session_all_units_all_primary_contrasts,false,false,false,missing_unit_metadata,false,None
230831,ses230831-units-probe1-spk-AAAB.npy,192,6,1120,null_or_unclassified,null_or_unclassified,No active phenotype detected,0.05,0.3,within_session_all_units_all_primary_contrasts,false,false,false,missing_unit_metadata,false,None
230831,ses230831-units-probe1-spk-AAAB.npy,193,6,1120,null_or_unclassified,null_or_unclassified,No active phenotype detected,0.05,0.3,within_session_all_units_all_primary_contrasts,false,false,false,missing_unit_metadata,false,None
230831,ses230831-units-probe1-spk-AAAB.npy,194,6,1120,null_or_unclassified,null_or_unclassified,No active phenotype detected,0.05,0.3,within_session_all_units_all_primary_contrasts,false,false,false,missing_unit_metadata,false,None
230831,ses230831-units-probe1-spk-AAAB.npy,195,6,1120,S_minus_candidate,S_minus_candidate,P1 stimulus suppression passed,0.05,0.3,within_session_all_units_all_primary_contrasts,false,false,false,missing_unit_metadata,false,None
230831,ses230831-units-probe1-spk-AAAB.npy,196,6,1120,S_minus_candidate,S_minus_candidate,P1 stimulus suppression passed,0.05,0.3,within_session_all_units_all_primary_contrasts,false,false,false,missing_unit_metadata,false,None
230831,ses230831-units-probe1-spk-AAAB.npy,197,6,1120,null_or_unclassified,null_or_unclassified,No active phenotype detected,0.05,0.3,within_session_all_units_all_primary_contrasts,false,false,false,missing_unit_metadata,false,None
230831,ses230831-units-probe1-spk-AAAB.npy,198,6,1120,null_or_unclassified,null_or_unclassified,No active phenotype detected,0.05,0.3,within_session_all_units_all_primary_contrasts,false,false,false,missing_unit_metadata,false,None
230831,ses230831-units-probe1-spk-AAAB.npy,199,6,1120,null_or_unclassified,null_or_unclassified,No active phenotype detected,0.05,0.3,within_session_all_units_all_primary_contrasts,false,false,false,missing_unit_metadata,false,None
230831,ses230831-units-probe1-spk-AAAB.npy,200,3,560,null_or_unclassified,null_or_unclassified,No active phenotype detected,0.05,0.3,within_session_all_units_all_primary_contrasts,false,false,false,missing_unit_metadata,false,None
230831,ses230831-units-probe1-spk-AAAB.npy,201,3,560,null_or_unclassified,null_or_unclassified,No active phenotype detected,0.05,0.3,within_session_all_units_all_primary_contrasts,false,false,false,missing_unit_metadata,false,None
230831,ses230831-units-probe1-spk-AAAB.npy,202,3,560,S_minus_candidate,S_minus_candidate,P1 stimulus suppression passed,0.05,0.3,within_session_all_units_all_primary_contrasts,false,false,false,missing_unit_metadata,false,None
230831,ses230831-units-probe1-spk-AAAB.npy,203,3,560,null_or_unclassified,null_or_unclassified,No active phenotype detected,0.05,0.3,within_session_all_units_all_primary_contrasts,false,false,false,missing_unit_metadata,false,None
230831,ses230831-units-probe1-spk-AAAB.npy,204,3,560,null_or_unclassified,null_or_unclassified,No active phenotype detected,0.05,0.3,within_session_all_units_all_primary_contrasts,false,false,false,missing_unit_metadata,false,None
230831,ses230831-units-probe1-spk-AAAB.npy,205,3,560,null_or_unclassified,null_or_unclassified,No active phenotype detected,0.05,0.3,within_session_all_units_all_primary_contrasts,false,false,false,missing_unit_metadata,false,None
230831,ses230831-units-probe1-spk-AAAB.npy,206,3,560,null_or_unclassified,null_or_unclassified,No active phenotype detected,0.05,0.3,within_session_all_units_all_primary_contrasts,false,false,false,missing_unit_metadata,false,None
230831,ses230831-units-probe1-spk-AAAB.npy,207,3,560,null_or_unclassified,null_or_unclassified,No active phenotype detected,0.05,0.3,within_session_all_units_all_primary_contrasts,false,false,false,missing_unit_metadata,false,None
230831,ses230831-units-probe1-spk-AAAB.npy,208,3,560,null_or_unclassified,null_or_unclassified,No active phenotype detected,0.05,0.3,within_session_all_units_all_primary_contrasts,false,false,false,missing_unit_metadata,false,None
230831,ses230831-units-probe1-spk-AAAB.npy,209,3,560,null_or_unclassified,null_or_unclassified,No active phenotype detected,0.05,0.3,within_session_all_units_all_primary_contrasts,false,false,false,missing_unit_metadata,false,None
230831,ses230831-units-probe1-spk-AAAB.npy,210,3,560,S_minus_candidate,S_minus_candidate,P1 stimulus suppression passed,0.05,0.3,within_session_all_units_all_primary_contrasts,false,false,false,missing_unit_metadata,false,None
230831,ses230831-units-probe1-spk-AAAB.npy,211,3,560,null_or_unclassified,null_or_unclassified,No active phenotype detected,0.05,0.3,within_session_all_units_all_primary_contrasts,false,false,false,missing_unit_metadata,false,None
230831,ses230831-units-probe1-spk-AAAB.npy,212,3,560,null_or_unclassified,null_or_unclassified,No active phenotype detected,0.05,0.3,within_session_all_units_all_primary_contrasts,false,false,false,missing_unit_metadata,false,None
230831,ses230831-units-probe1-spk-AAAB.npy,213,3,560,null_or_unclassified,null_or_unclassified,No active phenotype detected,0.05,0.3,within_session_all_units_all_primary_contrasts,false,false,false,missing_unit_metadata,false,None
230831,ses230831-units-probe1-spk-AAAB.npy,214,3,560,null_or_unclassified,null_or_unclassified,No active phenotype detected,0.05,0.3,within_session_all_units_all_primary_contrasts,false,false,false,missing_unit_metadata,false,None
230831,ses230831-units-probe1-spk-AAAB.npy,215,3,560,S_plus_candidate,S_plus_candidate,P1 stimulus activation passed,0.05,0.3,within_session_all_units_all_primary_contrasts,false,false,false,missing_unit_metadata,false,None
230831,ses230831-units-probe1-spk-AAAB.npy,216,3,560,null_or_unclassified,null_or_unclassified,No active phenotype detected,0.05,0.3,within_session_all_units_all_primary_contrasts,false,false,false,missing_unit_metadata,false,None
230831,ses230831-units-probe1-spk-AAAB.npy,217,3,560,null_or_unclassified,null_or_unclassified,No active phenotype detected,0.05,0.3,within_session_all_units_all_primary_contrasts,false,false,false,missing_unit_metadata,false,None
230831,ses230831-units-probe1-spk-AAAB.npy,218,3,560,S_plus_candidate,S_plus_candidate,P1 stimulus activation passed,0.05,0.3,within_session_all_units_all_primary_contrasts,false,false,false,missing_unit_metadata,false,None
230831,ses230831-units-probe1-spk-AAAB.npy,219,3,560,S_plus_candidate,S_plus_candidate,P1 stimulus activation passed,0.05,0.3,within_session_all_units_all_primary_contrasts,false,false,false,missing_unit_metadata,false,None
230831,ses230831-units-probe1-spk-AAAB.npy,220,3,560,null_or_unclassified,null_or_unclassified,No active phenotype detected,0.05,0.3,within_session_all_units_all_primary_contrasts,false,false,false,missing_unit_metadata,false,None
230831,ses230831-units-probe1-spk-AAAB.npy,221,3,560,null_or_unclassified,null_or_unclassified,No active phenotype detected,0.05,0.3,within_session_all_units_all_primary_contrasts,false,false,false,missing_unit_metadata,false,None
230831,ses230831-units-probe1-spk-AAAB.npy,222,3,560,null_or_unclassified,null_or_unclassified,No active phenotype detected,0.05,0.3,within_session_all_units_all_primary_contrasts,false,false,false,missing_unit_metadata,false,None
230831,ses230831-units-probe1-spk-AAAB.npy,223,3,560,null_or_unclassified,null_or_unclassified,No active phenotype detected,0.05,0.3,within_session_all_units_all_primary_contrasts,false,false,false,missing_unit_metadata,false,None
230831,ses230831-units-probe1-spk-AAAB.npy,224,3,560,null_or_unclassified,null_or_unclassified,No active phenotype detected,0.05,0.3,within_session_all_units_all_primary_contrasts,false,false,false,missing_unit_metadata,false,None
230831,ses230831-units-probe1-spk-AAAB.npy,225,3,560,null_or_unclassified,null_or_unclassified,No active phenotype detected,0.05,0.3,within_session_all_units_all_primary_contrasts,false,false,false,missing_unit_metadata,false,None
230831,ses230831-units-probe1-spk-AAAB.npy,226,3,560,null_or_unclassified,null_or_unclassified,No active phenotype detected,0.05,0.3,within_session_all_units_all_primary_contrasts,false,false,false,missing_unit_metadata,false,None
230831,ses230831-units-probe1-spk-AAAB.npy,227,3,560,null_or_unclassified,null_or_unclassified,No active phenotype detected,0.05,0.3,within_session_all_units_all_primary_contrasts,false,false,false,missing_unit_metadata,false,None
230831,ses230831-units-probe1-spk-AAAB.npy,228,3,560,null_or_unclassified,null_or_unclassified,No active phenotype detected,0.05,0.3,within_session_all_units_all_primary_contrasts,false,false,false,missing_unit_metadata,false,None
230831,ses230831-units-probe1-spk-AAAB.npy,229,3,560,null_or_unclassified,null_or_unclassified,No active phenotype detected,0.05,0.3,within_session_all_units_all_primary_contrasts,false,false,false,missing_unit_metadata,false,None
230831,ses230831-units-probe1-spk-AAAB.npy,230,3,560,null_or_unclassified,null_or_unclassified,No active phenotype detected,0.05,0.3,within_session_all_units_all_primary_contrasts,false,false,false,missing_unit_metadata,false,None
230831,ses230831-units-probe1-spk-AAAB.npy,231,3,560,null_or_unclassified,null_or_unclassified,No active phenotype detected,0.05,0.3,within_session_all_units_all_primary_contrasts,false,false,false,missing_unit_metadata,false,None
230831,ses230831-units-probe1-spk-AAAB.npy,232,3,560,S_plus_candidate,S_plus_candidate,P1 stimulus activation passed,0.05,0.3,within_session_all_units_all_primary_contrasts,false,false,false,missing_unit_metadata,false,None
230831,ses230831-units-probe1-spk-AAAB.npy,233,3,560,null_or_unclassified,null_or_unclassified,No active phenotype detected,0.05,0.3,within_session_all_units_all_primary_contrasts,false,false,false,missing_unit_metadata,false,None
230831,ses230831-units-probe1-spk-AAAB.npy,234,3,560,null_or_unclassified,null_or_unclassified,No active phenotype detected,0.05,0.3,within_session_all_units_all_primary_contrasts,false,false,false,missing_unit_metadata,false,None
230831,ses230831-units-probe1-spk-AAAB.npy,235,3,560,S_plus_candidate,S_plus_candidate,P1 stimulus activation passed,0.05,0.3,within_session_all_units_all_primary_contrasts,false,false,false,missing_unit_metadata,false,None
230831,ses230831-units-probe1-spk-AAAB.npy,236,3,560,null_or_unclassified,null_or_unclassified,No active phenotype detected,0.05,0.3,within_session_all_units_all_primary_contrasts,false,false,false,missing_unit_metadata,false,None
230831,ses230831-units-probe1-spk-AAAB.npy,237,3,560,null_or_unclassified,null_or_unclassified,No active phenotype detected,0.05,0.3,within_session_all_units_all_primary_contrasts,false,false,false,missing_unit_metadata,false,None
230831,ses230831-units-probe1-spk-AAAB.npy,238,3,560,null_or_unclassified,null_or_unclassified,No active phenotype detected,0.05,0.3,within_session_all_units_all_primary_contrasts,false,false,false,missing_unit_metadata,false,None
230831,ses230831-units-probe1-spk-AAAB.npy,239,3,560,null_or_unclassified,null_or_unclassified,No active phenotype detected,0.05,0.3,within_session_all_units_all_primary_contrasts,false,false,false,missing_unit_metadata,false,None
230831,ses230831-units-probe1-spk-AAAB.npy,240,3,560,null_or_unclassified,null_or_unclassified,No active phenotype detected,0.05,0.3,within_session_all_units_all_primary_contrasts,false,false,false,missing_unit_metadata,false,None
230831,ses230831-units-probe1-spk-AAAB.npy,241,3,560,null_or_unclassified,null_or_unclassified,No active phenotype detected,0.05,0.3,within_session_all_units_all_primary_contrasts,false,false,false,missing_unit_metadata,false,None
230831,ses230831-units-probe1-spk-AAAB.npy,242,3,560,null_or_unclassified,null_or_unclassified,No active phenotype detected,0.05,0.3,within_session_all_units_all_primary_contrasts,false,false,false,missing_unit_metadata,false,None
230831,ses230831-units-probe1-spk-AAAB.npy,243,3,560,null_or_unclassified,null_or_unclassified,No active phenotype detected,0.05,0.3,within_session_all_units_all_primary_contrasts,false,false,false,missing_unit_metadata,false,None
230831,ses230831-units-probe1-spk-AAAB.npy,244,3,560,S_minus_candidate,S_minus_candidate,P1 stimulus suppression passed,0.05,0.3,within_session_all_units_all_primary_contrasts,false,false,false,missing_unit_metadata,false,None
230831,ses230831-units-probe1-spk-AAAB.npy,245,3,560,null_or_unclassified,null_or_unclassified,No active phenotype detected,0.05,0.3,within_session_all_units_all_primary_contrasts,false,false,false,missing_unit_metadata,false,None
230831,ses230831-units-probe1-spk-AAAB.npy,246,3,560,null_or_unclassified,null_or_unclassified,No active phenotype detected,0.05,0.3,within_session_all_units_all_primary_contrasts,false,false,false,missing_unit_metadata,false,None
230901,ses230901-units-probe0-spk-AAAB.npy,0,6,1138,S_plus_candidate,S_plus_candidate,P1 stimulus activation passed,0.05,0.3,within_session_all_units_all_primary_contrasts,false,false,false,missing_unit_metadata,false,None
230901,ses230901-units-probe0-spk-AAAB.npy,1,6,1138,S_plus_candidate,S_plus_candidate,P1 stimulus activation passed,0.05,0.3,within_session_all_units_all_primary_contrasts,false,false,false,missing_unit_metadata,false,None
230901,ses230901-units-probe0-spk-AAAB.npy,2,6,1138,S_plus_candidate,S_plus_candidate,P1 stimulus activation passed,0.05,0.3,within_session_all_units_all_primary_contrasts,false,false,false,missing_unit_metadata,false,None
230901,ses230901-units-probe0-spk-AAAB.npy,3,6,1138,null_or_unclassified,null_or_unclassified,No active phenotype detected,0.05,0.3,within_session_all_units_all_primary_contrasts,false,false,false,missing_unit_metadata,false,None
230901,ses230901-units-probe0-spk-AAAB.npy,4,6,1138,S_plus_candidate; S_minus_candidate,S_plus_candidate,P1 stimulus suppression passed,0.05,0.3,within_session_all_units_all_primary_contrasts,false,false,false,missing_unit_metadata,false,None
230901,ses230901-units-probe0-spk-AAAB.npy,5,6,1138,S_minus_candidate,S_minus_candidate,P1 stimulus suppression passed,0.05,0.3,within_session_all_units_all_primary_contrasts,false,false,false,missing_unit_metadata,false,None
230901,ses230901-units-probe0-spk-AAAB.npy,6,6,1138,S_plus_candidate; S_minus_candidate,S_plus_candidate,P1 stimulus suppression passed,0.05,0.3,within_session_all_units_all_primary_contrasts,false,false,false,missing_unit_metadata,false,None
230901,ses230901-units-probe0-spk-AAAB.npy,7,6,1138,S_minus_candidate,S_minus_candidate,P1 stimulus suppression passed,0.05,0.3,within_session_all_units_all_primary_contrasts,false,false,false,missing_unit_metadata,false,None
230901,ses230901-units-probe0-spk-AAAB.npy,8,6,1138,null_or_unclassified,null_or_unclassified,No active phenotype detected,0.05,0.3,within_session_all_units_all_primary_contrasts,false,false,false,missing_unit_metadata,false,None
230901,ses230901-units-probe0-spk-AAAB.npy,9,6,1138,S_plus_candidate,S_plus_candidate,P1 stimulus activation passed,0.05,0.3,within_session_all_units_all_primary_contrasts,false,false,false,missing_unit_metadata,false,None
230901,ses230901-units-probe0-spk-AAAB.npy,10,6,1138,S_plus_candidate; S_minus_candidate,S_plus_candidate,P1 stimulus suppression passed,0.05,0.3,within_session_all_units_all_primary_contrasts,false,false,false,missing_unit_metadata,false,None
230901,ses230901-units-probe0-spk-AAAB.npy,11,6,1138,S_plus_candidate,S_plus_candidate,P1 stimulus activation passed,0.05,0.3,within_session_all_units_all_primary_contrasts,false,false,false,missing_unit_metadata,false,None
230901,ses230901-units-probe0-spk-AAAB.npy,12,6,1138,S_plus_candidate,S_plus_candidate,P1 stimulus activation passed,0.05,0.3,within_session_all_units_all_primary_contrasts,false,false,false,missing_unit_metadata,false,None
230901,ses230901-units-probe0-spk-AAAB.npy,13,6,1138,S_plus_candidate; S_minus_candidate,S_plus_candidate,P1 stimulus suppression passed,0.05,0.3,within_session_all_units_all_primary_contrasts,false,false,false,missing_unit_metadata,false,None
230901,ses230901-units-probe0-spk-AAAB.npy,14,6,1138,S_minus_candidate,S_minus_candidate,P1 stimulus suppression passed,0.05,0.3,within_session_all_units_all_primary_contrasts,false,false,false,missing_unit_metadata,false,None
230901,ses230901-units-probe0-spk-AAAB.npy,15,6,1138,S_plus_candidate; S_minus_candidate,S_plus_candidate,P1 stimulus suppression passed,0.05,0.3,within_session_all_units_all_primary_contrasts,false,false,false,missing_unit_metadata,false,None
230901,ses230901-units-probe0-spk-AAAB.npy,16,6,1138,null_or_unclassified,null_or_unclassified,No active phenotype detected,0.05,0.3,within_session_all_units_all_primary_contrasts,false,false,false,missing_unit_metadata,false,None
230901,ses230901-units-probe0-spk-AAAB.npy,17,6,1138,null_or_unclassified,null_or_unclassified,No active phenotype detected,0.05,0.3,within_session_all_units_all_primary_contrasts,false,false,false,missing_unit_metadata,false,None
230901,ses230901-units-probe0-spk-AAAB.npy,18,6,1138,S_plus_candidate; S_minus_candidate,S_plus_candidate,P1 stimulus activation passed,0.05,0.3,within_session_all_units_all_primary_contrasts,false,false,false,missing_unit_metadata,false,None
230901,ses230901-units-probe0-spk-AAAB.npy,19,6,1138,S_plus_candidate,S_plus_candidate,P1 stimulus activation passed,0.05,0.3,within_session_all_units_all_primary_contrasts,false,false,false,missing_unit_metadata,false,None
230901,ses230901-units-probe0-spk-AAAB.npy,20,6,1138,null_or_unclassified,null_or_unclassified,No active phenotype detected,0.05,0.3,within_session_all_units_all_primary_contrasts,false,false,false,missing_unit_metadata,false,None
230901,ses230901-units-probe0-spk-AAAB.npy,21,6,1138,null_or_unclassified,null_or_unclassified,No active phenotype detected,0.05,0.3,within_session_all_units_all_primary_contrasts,false,false,false,missing_unit_metadata,false,None
230901,ses230901-units-probe0-spk-AAAB.npy,22,6,1138,S_minus_candidate,S_minus_candidate,P1 stimulus suppression passed,0.05,0.3,within_session_all_units_all_primary_contrasts,false,false,false,missing_unit_metadata,false,None
230901,ses230901-units-probe0-spk-AAAB.npy,23,6,1138,S_minus_candidate,S_minus_candidate,P1 stimulus suppression passed,0.05,0.3,within_session_all_units_all_primary_contrasts,false,false,false,missing_unit_metadata,false,None
230901,ses230901-units-probe0-spk-AAAB.npy,24,6,1138,null_or_unclassified,null_or_unclassified,No active phenotype detected,0.05,0.3,within_session_all_units_all_primary_contrasts,false,false,false,missing_unit_metadata,false,None
230901,ses230901-units-probe0-spk-AAAB.npy,25,6,1138,S_minus_candidate,S_minus_candidate,P1 stimulus suppression passed,0.05,0.3,within_session_all_units_all_primary_contrasts,false,false,false,missing_unit_metadata,false,None
230901,ses230901-units-probe0-spk-AAAB.npy,26,6,1138,S_minus_candidate,S_minus_candidate,P1 stimulus suppression passed,0.05,0.3,within_session_all_units_all_primary_contrasts,false,false,false,missing_unit_metadata,false,None
230901,ses230901-units-probe0-spk-AAAB.npy,27,6,1138,null_or_unclassified,null_or_unclassified,No active phenotype detected,0.05,0.3,within_session_all_units_all_primary_contrasts,false,false,false,missing_unit_metadata,false,None
230901,ses230901-units-probe0-spk-AAAB.npy,28,6,1138,S_minus_candidate,S_minus_candidate,P1 stimulus suppression passed,0.05,0.3,within_session_all_units_all_primary_contrasts,false,false,false,missing_unit_metadata,false,None
230901,ses230901-units-probe0-spk-AAAB.npy,29,6,1138,S_plus_candidate,S_plus_candidate,P1 stimulus activation passed,0.05,0.3,within_session_all_units_all_primary_contrasts,false,false,false,missing_unit_metadata,false,None
230901,ses230901-units-probe0-spk-AAAB.npy,30,6,1138,null_or_unclassified,null_or_unclassified,No active phenotype detected,0.05,0.3,within_session_all_units_all_primary_contrasts,false,false,false,missing_unit_metadata,false,None
230901,ses230901-units-probe0-spk-AAAB.npy,31,6,1138,S_plus_candidate,S_plus_candidate,P1 stimulus activation passed,0.05,0.3,within_session_all_units_all_primary_contrasts,false,false,false,missing_unit_metadata,false,None
230901,ses230901-units-probe0-spk-AAAB.npy,32,6,1138,null_or_unclassified,null_or_unclassified,No active phenotype detected,0.05,0.3,within_session_all_units_all_primary_contrasts,false,false,false,missing_unit_metadata,false,None
230901,ses230901-units-probe0-spk-AAAB.npy,33,6,1138,null_or_unclassified,null_or_unclassified,No active phenotype detected,0.05,0.3,within_session_all_units_all_primary_contrasts,false,false,false,missing_unit_metadata,false,None
230901,ses230901-units-probe0-spk-AAAB.npy,34,6,1138,null_or_unclassified,null_or_unclassified,No active phenotype detected,0.05,0.3,within_session_all_units_all_primary_contrasts,false,false,false,missing_unit_metadata,false,None
230901,ses230901-units-probe0-spk-AAAB.npy,35,6,1138,S_minus_candidate,S_minus_candidate,P1 stimulus suppression passed,0.05,0.3,within_session_all_units_all_primary_contrasts,false,false,false,missing_unit_metadata,false,None
230901,ses230901-units-probe0-spk-AAAB.npy,36,6,1138,S_minus_candidate,S_minus_candidate,P1 stimulus suppression passed,0.05,0.3,within_session_all_units_all_primary_contrasts,false,false,false,missing_unit_metadata,false,None
230901,ses230901-units-probe0-spk-AAAB.npy,37,6,1138,null_or_unclassified,null_or_unclassified,No active phenotype detected,0.05,0.3,within_session_all_units_all_primary_contrasts,false,false,false,missing_unit_metadata,false,None
230901,ses230901-units-probe0-spk-AAAB.npy,38,6,1138,S_minus_candidate,S_minus_candidate,P1 stimulus suppression passed,0.05,0.3,within_session_all_units_all_primary_contrasts,false,false,false,missing_unit_metadata,false,None
230901,ses230901-units-probe0-spk-AAAB.npy,39,6,1138,S_minus_candidate,S_minus_candidate,P1 stimulus suppression passed,0.05,0.3,within_session_all_units_all_primary_contrasts,false,false,false,missing_unit_metadata,false,None
230901,ses230901-units-probe0-spk-AAAB.npy,40,6,1138,null_or_unclassified,null_or_unclassified,No active phenotype detected,0.05,0.3,within_session_all_units_all_primary_contrasts,false,false,false,missing_unit_metadata,false,None
230901,ses230901-units-probe0-spk-AAAB.npy,41,6,1138,null_or_unclassified,null_or_unclassified,No active phenotype detected,0.05,0.3,within_session_all_units_all_primary_contrasts,false,false,false,missing_unit_metadata,false,None
230901,ses230901-units-probe0-spk-AAAB.npy,42,6,1138,S_minus_candidate,S_minus_candidate,P1 stimulus suppression passed,0.05,0.3,within_session_all_units_all_primary_contrasts,false,false,false,missing_unit_metadata,false,None
230901,ses230901-units-probe0-spk-AAAB.npy,43,6,1138,S_minus_candidate,S_minus_candidate,P1 stimulus suppression passed,0.05,0.3,within_session_all_units_all_primary_contrasts,false,false,false,missing_unit_metadata,false,None
230901,ses230901-units-probe0-spk-AAAB.npy,44,6,1138,S_minus_candidate,S_minus_candidate,P1 stimulus suppression passed,0.05,0.3,within_session_all_units_all_primary_contrasts,false,false,false,missing_unit_metadata,false,None
230901,ses230901-units-probe0-spk-AAAB.npy,45,6,1138,null_or_unclassified,null_or_unclassified,No active phenotype detected,0.05,0.3,within_session_all_units_all_primary_contrasts,false,false,false,missing_unit_metadata,false,None
230901,ses230901-units-probe0-spk-AAAB.npy,46,6,1138,S_minus_candidate,S_minus_candidate,P1 stimulus suppression passed,0.05,0.3,within_session_all_units_all_primary_contrasts,false,false,false,missing_unit_metadata,false,None
230901,ses230901-units-probe0-spk-AAAB.npy,47,6,1138,S_minus_candidate; S_plus_candidate,S_plus_candidate,P1 stimulus activation passed,0.05,0.3,within_session_all_units_all_primary_contrasts,false,false,false,missing_unit_metadata,false,None
230901,ses230901-units-probe0-spk-AAAB.npy,48,6,1138,S_minus_candidate,S_minus_candidate,P1 stimulus suppression passed,0.05,0.3,within_session_all_units_all_primary_contrasts,false,false,false,missing_unit_metadata,false,None
230901,ses230901-units-probe0-spk-AAAB.npy,49,6,1138,null_or_unclassified,null_or_unclassified,No active phenotype detected,0.05,0.3,within_session_all_units_all_primary_contrasts,false,false,false,missing_unit_metadata,false,None
230901,ses230901-units-probe0-spk-AAAB.npy,50,6,1138,null_or_unclassified,null_or_unclassified,No active phenotype detected,0.05,0.3,within_session_all_units_all_primary_contrasts,false,false,false,missing_unit_metadata,false,None
230901,ses230901-units-probe0-spk-AAAB.npy,51,6,1138,null_or_unclassified,null_or_unclassified,No active phenotype detected,0.05,0.3,within_session_all_units_all_primary_contrasts,false,false,false,missing_unit_metadata,false,None
230901,ses230901-units-probe0-spk-AAAB.npy,52,6,1138,S_minus_candidate,S_minus_candidate,P1 stimulus suppression passed,0.05,0.3,within_session_all_units_all_primary_contrasts,false,false,false,missing_unit_metadata,false,None
230901,ses230901-units-probe0-spk-AAAB.npy,53,6,1138,null_or_unclassified,null_or_unclassified,No active phenotype detected,0.05,0.3,within_session_all_units_all_primary_contrasts,false,false,false,missing_unit_metadata,false,None
230901,ses230901-units-probe0-spk-AAAB.npy,54,6,1138,S_minus_candidate; S_plus_candidate,S_plus_candidate,P1 stimulus activation passed,0.05,0.3,within_session_all_units_all_primary_contrasts,false,false,false,missing_unit_metadata,false,None
230901,ses230901-units-probe0-spk-AAAB.npy,55,6,1138,null_or_unclassified,null_or_unclassified,No active phenotype detected,0.05,0.3,within_session_all_units_all_primary_contrasts,false,false,false,missing_unit_metadata,false,None
230901,ses230901-units-probe0-spk-AAAB.npy,56,6,1138,null_or_unclassified,null_or_unclassified,No active phenotype detected,0.05,0.3,within_session_all_units_all_primary_contrasts,false,false,false,missing_unit_metadata,false,None
230901,ses230901-units-probe0-spk-AAAB.npy,57,6,1138,S_minus_candidate,S_minus_candidate,P1 stimulus suppression passed,0.05,0.3,within_session_all_units_all_primary_contrasts,false,false,false,missing_unit_metadata,false,None
230901,ses230901-units-probe0-spk-AAAB.npy,58,6,1138,null_or_unclassified,null_or_unclassified,No active phenotype detected,0.05,0.3,within_session_all_units_all_primary_contrasts,false,false,false,missing_unit_metadata,false,None
230901,ses230901-units-probe0-spk-AAAB.npy,59,6,1138,S_minus_candidate,S_minus_candidate,P1 stimulus suppression passed,0.05,0.3,within_session_all_units_all_primary_contrasts,false,false,false,missing_unit_metadata,false,None
230901,ses230901-units-probe0-spk-AAAB.npy,60,6,1138,S_minus_candidate,S_minus_candidate,P1 stimulus suppression passed,0.05,0.3,within_session_all_units_all_primary_contrasts,false,false,false,missing_unit_metadata,false,None
230901,ses230901-units-probe0-spk-AAAB.npy,61,6,1138,S_minus_candidate,S_minus_candidate,P1 stimulus suppression passed,0.05,0.3,within_session_all_units_all_primary_contrasts,false,false,false,missing_unit_metadata,false,None
230901,ses230901-units-probe0-spk-AAAB.npy,62,6,1138,S_plus_candidate,S_plus_candidate,P1 stimulus activation passed,0.05,0.3,within_session_all_units_all_primary_contrasts,false,false,false,missing_unit_metadata,false,None
230901,ses230901-units-probe0-spk-AAAB.npy,63,6,1138,null_or_unclassified,null_or_unclassified,No active phenotype detected,0.05,0.3,within_session_all_units_all_primary_contrasts,false,false,false,missing_unit_metadata,false,None
230901,ses230901-units-probe0-spk-AAAB.npy,64,6,1138,null_or_unclassified,null_or_unclassified,No active phenotype detected,0.05,0.3,within_session_all_units_all_primary_contrasts,false,false,false,missing_unit_metadata,false,None
230901,ses230901-units-probe0-spk-AAAB.npy,65,6,1138,null_or_unclassified,null_or_unclassified,No active phenotype detected,0.05,0.3,within_session_all_units_all_primary_contrasts,false,false,false,missing_unit_metadata,false,None
230901,ses230901-units-probe0-spk-AAAB.npy,66,6,1138,S_plus_candidate,S_plus_candidate,P1 stimulus activation passed,0.05,0.3,within_session_all_units_all_primary_contrasts,false,false,false,missing_unit_metadata,false,None
230901,ses230901-units-probe0-spk-AAAB.npy,67,6,1138,S_minus_candidate,S_minus_candidate,P1 stimulus suppression passed,0.05,0.3,within_session_all_units_all_primary_contrasts,false,false,false,missing_unit_metadata,false,None
230901,ses230901-units-probe0-spk-AAAB.npy,68,6,1138,null_or_unclassified,null_or_unclassified,No active phenotype detected,0.05,0.3,within_session_all_units_all_primary_contrasts,false,false,false,missing_unit_metadata,false,None
230901,ses230901-units-probe0-spk-AAAB.npy,69,6,1138,S_minus_candidate,S_minus_candidate,P1 stimulus suppression passed,0.05,0.3,within_session_all_units_all_primary_contrasts,false,false,false,missing_unit_metadata,false,None
230901,ses230901-units-probe0-spk-AAAB.npy,70,6,1138,null_or_unclassified,null_or_unclassified,No active phenotype detected,0.05,0.3,within_session_all_units_all_primary_contrasts,false,false,false,missing_unit_metadata,false,None
230901,ses230901-units-probe0-spk-AAAB.npy,71,6,1138,S_minus_candidate,S_minus_candidate,P1 stimulus suppression passed,0.05,0.3,within_session_all_units_all_primary_contrasts,false,false,false,missing_unit_metadata,false,None
230901,ses230901-units-probe0-spk-AAAB.npy,72,6,1138,S_minus_candidate,S_minus_candidate,P1 stimulus suppression passed,0.05,0.3,within_session_all_units_all_primary_contrasts,false,false,false,missing_unit_metadata,false,None
230901,ses230901-units-probe0-spk-AAAB.npy,73,6,1138,S_minus_candidate,S_minus_candidate,P1 stimulus suppression passed,0.05,0.3,within_session_all_units_all_primary_contrasts,false,false,false,missing_unit_metadata,false,None
230901,ses230901-units-probe0-spk-AAAB.npy,74,6,1138,null_or_unclassified,null_or_unclassified,No active phenotype detected,0.05,0.3,within_session_all_units_all_primary_contrasts,false,false,false,missing_unit_metadata,false,None
230901,ses230901-units-probe0-spk-AAAB.npy,75,6,1138,S_minus_candidate,S_minus_candidate,P1 stimulus suppression passed,0.05,0.3,within_session_all_units_all_primary_contrasts,false,false,false,missing_unit_metadata,false,None
230901,ses230901-units-probe0-spk-AAAB.npy,76,6,1138,null_or_unclassified,null_or_unclassified,No active phenotype detected,0.05,0.3,within_session_all_units_all_primary_contrasts,false,false,false,missing_unit_metadata,false,None
230901,ses230901-units-probe0-spk-AAAB.npy,77,6,1138,null_or_unclassified,null_or_unclassified,No active phenotype detected,0.05,0.3,within_session_all_units_all_primary_contrasts,false,false,false,missing_unit_metadata,false,None
230901,ses230901-units-probe0-spk-AAAB.npy,78,6,1138,null_or_unclassified,null_or_unclassified,No active phenotype detected,0.05,0.3,within_session_all_units_all_primary_contrasts,false,false,false,missing_unit_metadata,false,None
230901,ses230901-units-probe0-spk-AAAB.npy,79,6,1138,null_or_unclassified,null_or_unclassified,No active phenotype detected,0.05,0.3,within_session_all_units_all_primary_contrasts,false,false,false,missing_unit_metadata,false,None
230901,ses230901-units-probe0-spk-AAAB.npy,80,6,1138,S_minus_candidate,S_minus_candidate,P1 stimulus suppression passed,0.05,0.3,within_session_all_units_all_primary_contrasts,false,false,false,missing_unit_metadata,false,None
230901,ses230901-units-probe0-spk-AAAB.npy,81,6,1138,S_minus_candidate,S_minus_candidate,P1 stimulus suppression passed,0.05,0.3,within_session_all_units_all_primary_contrasts,false,false,false,missing_unit_metadata,false,None
230901,ses230901-units-probe0-spk-AAAB.npy,82,6,1138,null_or_unclassified,null_or_unclassified,No active phenotype detected,0.05,0.3,within_session_all_units_all_primary_contrasts,false,false,false,missing_unit_metadata,false,None
230901,ses230901-units-probe0-spk-AAAB.npy,83,6,1138,S_minus_candidate,S_minus_candidate,P1 stimulus suppression passed,0.05,0.3,within_session_all_units_all_primary_contrasts,false,false,false,missing_unit_metadata,false,None
230901,ses230901-units-probe0-spk-AAAB.npy,84,6,1138,S_minus_candidate,S_minus_candidate,P1 stimulus suppression passed,0.05,0.3,within_session_all_units_all_primary_contrasts,false,false,false,missing_unit_metadata,false,None
230901,ses230901-units-probe0-spk-AAAB.npy,85,6,1138,S_minus_candidate,S_minus_candidate,P1 stimulus suppression passed,0.05,0.3,within_session_all_units_all_primary_contrasts,false,false,false,missing_unit_metadata,false,None
230901,ses230901-units-probe0-spk-AAAB.npy,86,6,1138,S_minus_candidate,S_minus_candidate,P1 stimulus suppression passed,0.05,0.3,within_session_all_units_all_primary_contrasts,false,false,false,missing_unit_metadata,false,None
230901,ses230901-units-probe0-spk-AAAB.npy,87,6,1138,S_minus_candidate,S_minus_candidate,P1 stimulus suppression passed,0.05,0.3,within_session_all_units_all_primary_contrasts,false,false,false,missing_unit_metadata,false,None
230901,ses230901-units-probe0-spk-AAAB.npy,88,6,1138,S_minus_candidate,S_minus_candidate,P1 stimulus suppression passed,0.05,0.3,within_session_all_units_all_primary_contrasts,false,false,false,missing_unit_metadata,false,None
230901,ses230901-units-probe0-spk-AAAB.npy,89,6,1138,S_minus_candidate,S_minus_candidate,P1 stimulus suppression passed,0.05,0.3,within_session_all_units_all_primary_contrasts,false,false,false,missing_unit_metadata,false,None
230901,ses230901-units-probe0-spk-AAAB.npy,90,6,1138,S_minus_candidate,S_minus_candidate,P1 stimulus suppression passed,0.05,0.3,within_session_all_units_all_primary_contrasts,false,false,false,missing_unit_metadata,false,None
230901,ses230901-units-probe0-spk-AAAB.npy,91,6,1138,S_minus_candidate,S_minus_candidate,P1 stimulus suppression passed,0.05,0.3,within_session_all_units_all_primary_contrasts,false,false,false,missing_unit_metadata,false,None
230901,ses230901-units-probe0-spk-AAAB.npy,92,6,1138,S_minus_candidate,S_minus_candidate,P1 stimulus suppression passed,0.05,0.3,within_session_all_units_all_primary_contrasts,false,false,false,missing_unit_metadata,false,None
230901,ses230901-units-probe0-spk-AAAB.npy,93,6,1138,S_minus_candidate,S_minus_candidate,P1 stimulus suppression passed,0.05,0.3,within_session_all_units_all_primary_contrasts,false,false,false,missing_unit_metadata,false,None
230901,ses230901-units-probe0-spk-AAAB.npy,94,6,1138,S_minus_candidate,S_minus_candidate,P1 stimulus suppression passed,0.05,0.3,within_session_all_units_all_primary_contrasts,false,false,false,missing_unit_metadata,false,None
230901,ses230901-units-probe0-spk-AAAB.npy,95,6,1138,null_or_unclassified,null_or_unclassified,No active phenotype detected,0.05,0.3,within_session_all_units_all_primary_contrasts,false,false,false,missing_unit_metadata,false,None
230901,ses230901-units-probe0-spk-AAAB.npy,96,6,1138,null_or_unclassified,null_or_unclassified,No active phenotype detected,0.05,0.3,within_session_all_units_all_primary_contrasts,false,false,false,missing_unit_metadata,false,None
230901,ses230901-units-probe0-spk-AAAB.npy,97,6,1138,S_plus_candidate,S_plus_candidate,P1 stimulus activation passed,0.05,0.3,within_session_all_units_all_primary_contrasts,false,false,false,missing_unit_metadata,false,None
230901,ses230901-units-probe0-spk-AAAB.npy,98,6,1138,S_plus_candidate,S_plus_candidate,P1 stimulus activation passed,0.05,0.3,within_session_all_units_all_primary_contrasts,false,false,false,missing_unit_metadata,false,None
230901,ses230901-units-probe0-spk-AAAB.npy,99,6,1138,S_plus_candidate,S_plus_candidate,P1 stimulus activation passed,0.05,0.3,within_session_all_units_all_primary_contrasts,false,false,false,missing_unit_metadata,false,None
230901,ses230901-units-probe0-spk-AAAB.npy,100,6,1138,S_plus_candidate,S_plus_candidate,P1 stimulus activation passed,0.05,0.3,within_session_all_units_all_primary_contrasts,false,false,false,missing_unit_metadata,false,None
230901,ses230901-units-probe0-spk-AAAB.npy,101,6,1138,S_plus_candidate,S_plus_candidate,P1 stimulus activation passed,0.05,0.3,within_session_all_units_all_primary_contrasts,false,false,false,missing_unit_metadata,false,None
230901,ses230901-units-probe0-spk-AAAB.npy,102,6,1138,S_plus_candidate,S_plus_candidate,P1 stimulus activation passed,0.05,0.3,within_session_all_units_all_primary_contrasts,false,false,false,missing_unit_metadata,false,None
230901,ses230901-units-probe0-spk-AAAB.npy,103,6,1138,S_plus_candidate,S_plus_candidate,P1 stimulus activation passed,0.05,0.3,within_session_all_units_all_primary_contrasts,false,false,false,missing_unit_metadata,false,None
230901,ses230901-units-probe0-spk-AAAB.npy,104,6,1138,S_minus_candidate; S_plus_candidate,S_plus_candidate,P1 stimulus activation passed,0.05,0.3,within_session_all_units_all_primary_contrasts,false,false,false,missing_unit_metadata,false,None
230901,ses230901-units-probe0-spk-AAAB.npy,105,6,1138,S_plus_candidate,S_plus_candidate,P1 stimulus activation passed,0.05,0.3,within_session_all_units_all_primary_contrasts,false,false,false,missing_unit_metadata,false,None
230901,ses230901-units-probe0-spk-AAAB.npy,106,6,1138,S_plus_candidate,S_plus_candidate,P1 stimulus activation passed,0.05,0.3,within_session_all_units_all_primary_contrasts,false,false,false,missing_unit_metadata,false,None
230901,ses230901-units-probe0-spk-AAAB.npy,107,6,1138,S_plus_candidate,S_plus_candidate,P1 stimulus activation passed,0.05,0.3,within_session_all_units_all_primary_contrasts,false,false,false,missing_unit_metadata,false,None
230901,ses230901-units-probe0-spk-AAAB.npy,108,6,1138,S_plus_candidate,S_plus_candidate,P1 stimulus activation passed,0.05,0.3,within_session_all_units_all_primary_contrasts,false,false,false,missing_unit_metadata,false,None
230901,ses230901-units-probe0-spk-AAAB.npy,109,6,1138,S_plus_candidate,S_plus_candidate,P1 stimulus activation passed,0.05,0.3,within_session_all_units_all_primary_contrasts,false,false,false,missing_unit_metadata,false,None
230901,ses230901-units-probe0-spk-AAAB.npy,110,6,1138,S_plus_candidate,S_plus_candidate,P1 stimulus activation passed,0.05,0.3,within_session_all_units_all_primary_contrasts,false,false,false,missing_unit_metadata,false,None
230901,ses230901-units-probe0-spk-AAAB.npy,111,6,1138,S_plus_candidate,S_plus_candidate,P1 stimulus activation passed,0.05,0.3,within_session_all_units_all_primary_contrasts,false,false,false,missing_unit_metadata,false,None
230901,ses230901-units-probe0-spk-AAAB.npy,112,6,1138,S_plus_candidate,S_plus_candidate,P1 stimulus activation passed,0.05,0.3,within_session_all_units_all_primary_contrasts,false,false,false,missing_unit_metadata,false,None
230901,ses230901-units-probe0-spk-AAAB.npy,113,6,1138,S_plus_candidate,S_plus_candidate,P1 stimulus activation passed,0.05,0.3,within_session_all_units_all_primary_contrasts,false,false,false,missing_unit_metadata,false,None
230901,ses230901-units-probe0-spk-AAAB.npy,114,6,1138,S_plus_candidate,S_plus_candidate,P1 stimulus activation passed,0.05,0.3,within_session_all_units_all_primary_contrasts,false,false,false,missing_unit_metadata,false,None
230901,ses230901-units-probe0-spk-AAAB.npy,115,6,1138,S_plus_candidate,S_plus_candidate,P1 stimulus activation passed,0.05,0.3,within_session_all_units_all_primary_contrasts,false,false,false,missing_unit_metadata,false,None
230901,ses230901-units-probe0-spk-AAAB.npy,116,6,1138,S_plus_candidate,S_plus_candidate,P1 stimulus activation passed,0.05,0.3,within_session_all_units_all_primary_contrasts,false,false,false,missing_unit_metadata,false,None
230901,ses230901-units-probe0-spk-AAAB.npy,117,6,1138,null_or_unclassified,null_or_unclassified,No active phenotype detected,0.05,0.3,within_session_all_units_all_primary_contrasts,false,false,false,missing_unit_metadata,false,None
230901,ses230901-units-probe0-spk-AAAB.npy,118,6,1138,S_plus_candidate,S_plus_candidate,P1 stimulus activation passed,0.05,0.3,within_session_all_units_all_primary_contrasts,false,false,false,missing_unit_metadata,false,None
230901,ses230901-units-probe0-spk-AAAB.npy,119,6,1138,S_plus_candidate,S_plus_candidate,P1 stimulus activation passed,0.05,0.3,within_session_all_units_all_primary_contrasts,false,false,false,missing_unit_metadata,false,None
230901,ses230901-units-probe0-spk-AAAB.npy,120,6,1138,S_plus_candidate,S_plus_candidate,P1 stimulus activation passed,0.05,0.3,within_session_all_units_all_primary_contrasts,false,false,false,missing_unit_metadata,false,None
230901,ses230901-units-probe0-spk-AAAB.npy,121,6,1138,S_plus_candidate,S_plus_candidate,P1 stimulus activation passed,0.05,0.3,within_session_all_units_all_primary_contrasts,false,false,false,missing_unit_metadata,false,None
230901,ses230901-units-probe0-spk-AAAB.npy,122,6,1138,S_minus_candidate; S_plus_candidate,S_plus_candidate,P1 stimulus activation passed,0.05,0.3,within_session_all_units_all_primary_contrasts,false,false,false,missing_unit_metadata,false,None
230901,ses230901-units-probe0-spk-AAAB.npy,123,6,1138,S_plus_candidate,S_plus_candidate,P1 stimulus activation passed,0.05,0.3,within_session_all_units_all_primary_contrasts,false,false,false,missing_unit_metadata,false,None
230901,ses230901-units-probe0-spk-AAAB.npy,124,6,1138,S_plus_candidate,S_plus_candidate,P1 stimulus activation passed,0.05,0.3,within_session_all_units_all_primary_contrasts,false,false,false,missing_unit_metadata,false,None
230901,ses230901-units-probe0-spk-AAAB.npy,125,6,1138,S_plus_candidate,S_plus_candidate,P1 stimulus activation passed,0.05,0.3,within_session_all_units_all_primary_contrasts,false,false,false,missing_unit_metadata,false,None
230901,ses230901-units-probe0-spk-AAAB.npy,126,6,1138,S_plus_candidate,S_plus_candidate,P1 stimulus activation passed,0.05,0.3,within_session_all_units_all_primary_contrasts,false,false,false,missing_unit_metadata,false,None
230901,ses230901-units-probe0-spk-AAAB.npy,127,6,1138,null_or_unclassified,null_or_unclassified,No active phenotype detected,0.05,0.3,within_session_all_units_all_primary_contrasts,false,false,false,missing_unit_metadata,false,None
230901,ses230901-units-probe0-spk-AAAB.npy,128,6,1138,S_plus_candidate,S_plus_candidate,P1 stimulus activation passed,0.05,0.3,within_session_all_units_all_primary_contrasts,false,false,false,missing_unit_metadata,false,None
230901,ses230901-units-probe0-spk-AAAB.npy,129,6,1138,null_or_unclassified,null_or_unclassified,No active phenotype detected,0.05,0.3,within_session_all_units_all_primary_contrasts,false,false,false,missing_unit_metadata,false,None
230901,ses230901-units-probe0-spk-AAAB.npy,130,6,1138,S_plus_candidate,S_plus_candidate,P1 stimulus activation passed,0.05,0.3,within_session_all_units_all_primary_contrasts,false,false,false,missing_unit_metadata,false,None
230901,ses230901-units-probe0-spk-AAAB.npy,131,6,1138,S_plus_candidate; S_minus_candidate,S_plus_candidate,P1 stimulus activation passed,0.05,0.3,within_session_all_units_all_primary_contrasts,false,false,false,missing_unit_metadata,false,None
230901,ses230901-units-probe0-spk-AAAB.npy,132,6,1138,S_plus_candidate,S_plus_candidate,P1 stimulus activation passed,0.05,0.3,within_session_all_units_all_primary_contrasts,false,false,false,missing_unit_metadata,false,None
230901,ses230901-units-probe0-spk-AAAB.npy,133,6,1138,S_plus_candidate,S_plus_candidate,P1 stimulus activation passed,0.05,0.3,within_session_all_units_all_primary_contrasts,false,false,false,missing_unit_metadata,false,None
230901,ses230901-units-probe0-spk-AAAB.npy,134,6,1138,null_or_unclassified,null_or_unclassified,No active phenotype detected,0.05,0.3,within_session_all_units_all_primary_contrasts,false,false,false,missing_unit_metadata,false,None
230901,ses230901-units-probe0-spk-AAAB.npy,135,6,1138,null_or_unclassified,null_or_unclassified,No active phenotype detected,0.05,0.3,within_session_all_units_all_primary_contrasts,false,false,false,missing_unit_metadata,false,None
230901,ses230901-units-probe0-spk-AAAB.npy,136,6,1138,null_or_unclassified,null_or_unclassified,No active phenotype detected,0.05,0.3,within_session_all_units_all_primary_contrasts,false,false,false,missing_unit_metadata,false,None
230901,ses230901-units-probe0-spk-AAAB.npy,137,6,1138,null_or_unclassified,null_or_unclassified,No active phenotype detected,0.05,0.3,within_session_all_units_all_primary_contrasts,false,false,false,missing_unit_metadata,false,None
230901,ses230901-units-probe0-spk-AAAB.npy,138,6,1138,S_plus_candidate,S_plus_candidate,P1 stimulus activation passed,0.05,0.3,within_session_all_units_all_primary_contrasts,false,false,false,missing_unit_metadata,false,None
230901,ses230901-units-probe0-spk-AAAB.npy,139,6,1138,S_minus_candidate,S_minus_candidate,P1 stimulus suppression passed,0.05,0.3,within_session_all_units_all_primary_contrasts,false,false,false,missing_unit_metadata,false,None
230901,ses230901-units-probe0-spk-AAAB.npy,140,6,1138,null_or_unclassified,null_or_unclassified,No active phenotype detected,0.05,0.3,within_session_all_units_all_primary_contrasts,false,false,false,missing_unit_metadata,false,None
230901,ses230901-units-probe0-spk-AAAB.npy,141,6,1138,S_minus_candidate; S_plus_candidate,S_plus_candidate,P1 stimulus activation passed,0.05,0.3,within_session_all_units_all_primary_contrasts,false,false,false,missing_unit_metadata,false,None
230901,ses230901-units-probe0-spk-AAAB.npy,142,6,1138,S_plus_candidate,S_plus_candidate,P1 stimulus activation passed,0.05,0.3,within_session_all_units_all_primary_contrasts,false,false,false,missing_unit_metadata,false,None
230901,ses230901-units-probe0-spk-AAAB.npy,143,6,1138,S_plus_candidate,S_plus_candidate,P1 stimulus activation passed,0.05,0.3,within_session_all_units_all_primary_contrasts,false,false,false,missing_unit_metadata,false,None
230901,ses230901-units-probe0-spk-AAAB.npy,144,6,1138,S_plus_candidate,S_plus_candidate,P1 stimulus activation passed,0.05,0.3,within_session_all_units_all_primary_contrasts,false,false,false,missing_unit_metadata,false,None
230901,ses230901-units-probe0-spk-AAAB.npy,145,6,1138,null_or_unclassified,null_or_unclassified,No active phenotype detected,0.05,0.3,within_session_all_units_all_primary_contrasts,false,false,false,missing_unit_metadata,false,None
230901,ses230901-units-probe0-spk-AAAB.npy,146,6,1138,S_minus_candidate; S_plus_candidate,S_plus_candidate,P1 stimulus activation passed,0.05,0.3,within_session_all_units_all_primary_contrasts,false,false,false,missing_unit_metadata,false,None
230901,ses230901-units-probe0-spk-AAAB.npy,147,6,1138,null_or_unclassified,null_or_unclassified,No active phenotype detected,0.05,0.3,within_session_all_units_all_primary_contrasts,false,false,false,missing_unit_metadata,false,None
230901,ses230901-units-probe0-spk-AAAB.npy,148,6,1138,S_minus_candidate,S_minus_candidate,P1 stimulus suppression passed,0.05,0.3,within_session_all_units_all_primary_contrasts,false,false,false,missing_unit_metadata,false,None
230901,ses230901-units-probe0-spk-AAAB.npy,149,6,1138,S_minus_candidate,S_minus_candidate,P1 stimulus suppression passed,0.05,0.3,within_session_all_units_all_primary_contrasts,false,false,false,missing_unit_metadata,false,None
230901,ses230901-units-probe0-spk-AAAB.npy,150,6,1138,S_minus_candidate,S_minus_candidate,P1 stimulus suppression passed,0.05,0.3,within_session_all_units_all_primary_contrasts,false,false,false,missing_unit_metadata,false,None
230901,ses230901-units-probe0-spk-AAAB.npy,151,6,1138,S_minus_candidate,S_minus_candidate,P1 stimulus suppression passed,0.05,0.3,within_session_all_units_all_primary_contrasts,false,false,false,missing_unit_metadata,false,None
230901,ses230901-units-probe0-spk-AAAB.npy,152,6,1138,S_plus_candidate; S_minus_candidate,S_plus_candidate,P1 stimulus suppression passed,0.05,0.3,within_session_all_units_all_primary_contrasts,false,false,false,missing_unit_metadata,false,None
230901,ses230901-units-probe0-spk-AAAB.npy,153,6,1138,S_minus_candidate,S_minus_candidate,P1 stimulus suppression passed,0.05,0.3,within_session_all_units_all_primary_contrasts,false,false,false,missing_unit_metadata,false,None
230901,ses230901-units-probe0-spk-AAAB.npy,154,6,1138,S_plus_candidate,S_plus_candidate,P1 stimulus activation passed,0.05,0.3,within_session_all_units_all_primary_contrasts,false,false,false,missing_unit_metadata,false,None
230901,ses230901-units-probe0-spk-AAAB.npy,155,6,1138,null_or_unclassified,null_or_unclassified,No active phenotype detected,0.05,0.3,within_session_all_units_all_primary_contrasts,false,false,false,missing_unit_metadata,false,None
230901,ses230901-units-probe0-spk-AAAB.npy,156,6,1138,null_or_unclassified,null_or_unclassified,No active phenotype detected,0.05,0.3,within_session_all_units_all_primary_contrasts,false,false,false,missing_unit_metadata,false,None
230901,ses230901-units-probe0-spk-AAAB.npy,157,6,1138,S_minus_candidate; S_plus_candidate,S_plus_candidate,P1 stimulus activation passed,0.05,0.3,within_session_all_units_all_primary_contrasts,false,false,false,missing_unit_metadata,false,None
230901,ses230901-units-probe0-spk-AAAB.npy,158,6,1138,S_plus_candidate,S_plus_candidate,P1 stimulus activation passed,0.05,0.3,within_session_all_units_all_primary_contrasts,false,false,false,missing_unit_metadata,false,None
230901,ses230901-units-probe0-spk-AAAB.npy,159,6,1138,null_or_unclassified,null_or_unclassified,No active phenotype detected,0.05,0.3,within_session_all_units_all_primary_contrasts,false,false,false,missing_unit_metadata,false,None
230901,ses230901-units-probe0-spk-AAAB.npy,160,6,1138,null_or_unclassified,null_or_unclassified,No active phenotype detected,0.05,0.3,within_session_all_units_all_primary_contrasts,false,false,false,missing_unit_metadata,false,None
230901,ses230901-units-probe0-spk-AAAB.npy,161,6,1138,S_minus_candidate,S_minus_candidate,P1 stimulus suppression passed,0.05,0.3,within_session_all_units_all_primary_contrasts,false,false,false,missing_unit_metadata,false,None
230901,ses230901-units-probe0-spk-AAAB.npy,162,6,1138,S_plus_candidate,S_plus_candidate,P1 stimulus activation passed,0.05,0.3,within_session_all_units_all_primary_contrasts,false,false,false,missing_unit_metadata,false,None
230901,ses230901-units-probe0-spk-AAAB.npy,163,6,1138,null_or_unclassified,null_or_unclassified,No active phenotype detected,0.05,0.3,within_session_all_units_all_primary_contrasts,false,false,false,missing_unit_metadata,false,None
230901,ses230901-units-probe0-spk-AAAB.npy,164,6,1138,S_minus_candidate,S_minus_candidate,P1 stimulus suppression passed,0.05,0.3,within_session_all_units_all_primary_contrasts,false,false,false,missing_unit_metadata,false,None
230901,ses230901-units-probe0-spk-AAAB.npy,165,6,1138,null_or_unclassified,null_or_unclassified,No active phenotype detected,0.05,0.3,within_session_all_units_all_primary_contrasts,false,false,false,missing_unit_metadata,false,None
230901,ses230901-units-probe0-spk-AAAB.npy,166,6,1138,null_or_unclassified,null_or_unclassified,No active phenotype detected,0.05,0.3,within_session_all_units_all_primary_contrasts,false,false,false,missing_unit_metadata,false,None
230901,ses230901-units-probe0-spk-AAAB.npy,167,6,1138,S_minus_candidate,S_minus_candidate,P1 stimulus suppression passed,0.05,0.3,within_session_all_units_all_primary_contrasts,false,false,false,missing_unit_metadata,false,None
230901,ses230901-units-probe0-spk-AAAB.npy,168,6,1138,S_plus_candidate,S_plus_candidate,P1 stimulus activation passed,0.05,0.3,within_session_all_units_all_primary_contrasts,false,false,false,missing_unit_metadata,false,None
230901,ses230901-units-probe0-spk-AAAB.npy,169,6,1138,null_or_unclassified,null_or_unclassified,No active phenotype detected,0.05,0.3,within_session_all_units_all_primary_contrasts,false,false,false,missing_unit_metadata,false,None
230901,ses230901-units-probe0-spk-AAAB.npy,170,6,1138,S_plus_candidate,S_plus_candidate,P1 stimulus activation passed,0.05,0.3,within_session_all_units_all_primary_contrasts,false,false,false,missing_unit_metadata,false,None
230901,ses230901-units-probe0-spk-AAAB.npy,171,6,1138,null_or_unclassified,null_or_unclassified,No active phenotype detected,0.05,0.3,within_session_all_units_all_primary_contrasts,false,false,false,missing_unit_metadata,false,None
230901,ses230901-units-probe0-spk-AAAB.npy,172,6,1138,null_or_unclassified,null_or_unclassified,No active phenotype detected,0.05,0.3,within_session_all_units_all_primary_contrasts,false,false,false,missing_unit_metadata,false,None
230901,ses230901-units-probe0-spk-AAAB.npy,173,6,1138,null_or_unclassified,null_or_unclassified,No active phenotype detected,0.05,0.3,within_session_all_units_all_primary_contrasts,false,false,false,missing_unit_metadata,false,None
230901,ses230901-units-probe0-spk-AAAB.npy,174,6,1138,null_or_unclassified,null_or_unclassified,No active phenotype detected,0.05,0.3,within_session_all_units_all_primary_contrasts,false,false,false,missing_unit_metadata,false,None
230901,ses230901-units-probe0-spk-AAAB.npy,175,6,1138,null_or_unclassified,null_or_unclassified,No active phenotype detected,0.05,0.3,within_session_all_units_all_primary_contrasts,false,false,false,missing_unit_metadata,false,None
230901,ses230901-units-probe0-spk-AAAB.npy,176,6,1138,S_minus_candidate,S_minus_candidate,P1 stimulus suppression passed,0.05,0.3,within_session_all_units_all_primary_contrasts,false,false,false,missing_unit_metadata,false,None
230901,ses230901-units-probe0-spk-AAAB.npy,177,6,1138,S_minus_candidate,S_minus_candidate,P1 stimulus suppression passed,0.05,0.3,within_session_all_units_all_primary_contrasts,false,false,false,missing_unit_metadata,false,None
230901,ses230901-units-probe0-spk-AAAB.npy,178,6,1138,null_or_unclassified,null_or_unclassified,No active phenotype detected,0.05,0.3,within_session_all_units_all_primary_contrasts,false,false,false,missing_unit_metadata,false,None
230901,ses230901-units-probe0-spk-AAAB.npy,179,6,1138,null_or_unclassified,null_or_unclassified,No active phenotype detected,0.05,0.3,within_session_all_units_all_primary_contrasts,false,false,false,missing_unit_metadata,false,None
230901,ses230901-units-probe0-spk-AAAB.npy,180,6,1138,null_or_unclassified,null_or_unclassified,No active phenotype detected,0.05,0.3,within_session_all_units_all_primary_contrasts,false,false,false,missing_unit_metadata,false,None
230901,ses230901-units-probe0-spk-AAAB.npy,181,6,1138,S_plus_candidate,S_plus_candidate,P1 stimulus activation passed,0.05,0.3,within_session_all_units_all_primary_contrasts,false,false,false,missing_unit_metadata,false,None
230901,ses230901-units-probe0-spk-AAAB.npy,182,6,1138,null_or_unclassified,null_or_unclassified,No active phenotype detected,0.05,0.3,within_session_all_units_all_primary_contrasts,false,false,false,missing_unit_metadata,false,None
230901,ses230901-units-probe0-spk-AAAB.npy,183,6,1138,null_or_unclassified,null_or_unclassified,No active phenotype detected,0.05,0.3,within_session_all_units_all_primary_contrasts,false,false,false,missing_unit_metadata,false,None
230901,ses230901-units-probe0-spk-AAAB.npy,184,6,1138,S_minus_candidate,S_minus_candidate,P1 stimulus suppression passed,0.05,0.3,within_session_all_units_all_primary_contrasts,false,false,false,missing_unit_metadata,false,None
230901,ses230901-units-probe0-spk-AAAB.npy,185,6,1138,S_plus_candidate,S_plus_candidate,P1 stimulus activation passed,0.05,0.3,within_session_all_units_all_primary_contrasts,false,false,false,missing_unit_metadata,false,None
230901,ses230901-units-probe0-spk-AAAB.npy,186,6,1138,null_or_unclassified,null_or_unclassified,No active phenotype detected,0.05,0.3,within_session_all_units_all_primary_contrasts,false,false,false,missing_unit_metadata,false,None
230901,ses230901-units-probe0-spk-AAAB.npy,187,6,1138,S_minus_candidate,S_minus_candidate,P1 stimulus suppression passed,0.05,0.3,within_session_all_units_all_primary_contrasts,false,false,false,missing_unit_metadata,false,None
230901,ses230901-units-probe0-spk-AAAB.npy,188,3,569,null_or_unclassified,null_or_unclassified,No active phenotype detected,0.05,0.3,within_session_all_units_all_primary_contrasts,false,false,false,missing_unit_metadata,false,None
230901,ses230901-units-probe0-spk-AAAB.npy,189,3,569,null_or_unclassified,null_or_unclassified,No active phenotype detected,0.05,0.3,within_session_all_units_all_primary_contrasts,false,false,false,missing_unit_metadata,false,None
230901,ses230901-units-probe0-spk-AAAB.npy,190,3,569,null_or_unclassified,null_or_unclassified,No active phenotype detected,0.05,0.3,within_session_all_units_all_primary_contrasts,false,false,false,missing_unit_metadata,false,None
230901,ses230901-units-probe0-spk-AAAB.npy,191,3,569,null_or_unclassified,null_or_unclassified,No active phenotype detected,0.05,0.3,within_session_all_units_all_primary_contrasts,false,false,false,missing_unit_metadata,false,None
230901,ses230901-units-probe0-spk-AAAB.npy,192,3,569,null_or_unclassified,null_or_unclassified,No active phenotype detected,0.05,0.3,within_session_all_units_all_primary_contrasts,false,false,false,missing_unit_metadata,false,None
230901,ses230901-units-probe0-spk-AAAB.npy,193,3,569,null_or_unclassified,null_or_unclassified,No active phenotype detected,0.05,0.3,within_session_all_units_all_primary_contrasts,false,false,false,missing_unit_metadata,false,None
230901,ses230901-units-probe0-spk-AAAB.npy,194,3,569,null_or_unclassified,null_or_unclassified,No active phenotype detected,0.05,0.3,within_session_all_units_all_primary_contrasts,false,false,false,missing_unit_metadata,false,None
230901,ses230901-units-probe0-spk-AAAB.npy,195,3,569,null_or_unclassified,null_or_unclassified,No active phenotype detected,0.05,0.3,within_session_all_units_all_primary_contrasts,false,false,false,missing_unit_metadata,false,None
230901,ses230901-units-probe0-spk-AAAB.npy,196,3,569,null_or_unclassified,null_or_unclassified,No active phenotype detected,0.05,0.3,within_session_all_units_all_primary_contrasts,false,false,false,missing_unit_metadata,false,None
230901,ses230901-units-probe0-spk-AAAB.npy,197,3,569,null_or_unclassified,null_or_unclassified,No active phenotype detected,0.05,0.3,within_session_all_units_all_primary_contrasts,false,false,false,missing_unit_metadata,false,None
230901,ses230901-units-probe0-spk-AAAB.npy,198,3,569,null_or_unclassified,null_or_unclassified,No active phenotype detected,0.05,0.3,within_session_all_units_all_primary_contrasts,false,false,false,missing_unit_metadata,false,None
230901,ses230901-units-probe0-spk-AAAB.npy,199,3,569,null_or_unclassified,null_or_unclassified,No active phenotype detected,0.05,0.3,within_session_all_units_all_primary_contrasts,false,false,false,missing_unit_metadata,false,None
230901,ses230901-units-probe0-spk-AAAB.npy,200,3,569,null_or_unclassified,null_or_unclassified,No active phenotype detected,0.05,0.3,within_session_all_units_all_primary_contrasts,false,false,false,missing_unit_metadata,false,None
230901,ses230901-units-probe0-spk-AAAB.npy,201,3,569,null_or_unclassified,null_or_unclassified,No active phenotype detected,0.05,0.3,within_session_all_units_all_primary_contrasts,false,false,false,missing_unit_metadata,false,None
230901,ses230901-units-probe0-spk-AAAB.npy,202,3,569,null_or_unclassified,null_or_unclassified,No active phenotype detected,0.05,0.3,within_session_all_units_all_primary_contrasts,false,false,false,missing_unit_metadata,false,None
230901,ses230901-units-probe0-spk-AAAB.npy,203,3,569,null_or_unclassified,null_or_unclassified,No active phenotype detected,0.05,0.3,within_session_all_units_all_primary_contrasts,false,false,false,missing_unit_metadata,false,None
230901,ses230901-units-probe0-spk-AAAB.npy,204,3,569,null_or_unclassified,null_or_unclassified,No active phenotype detected,0.05,0.3,within_session_all_units_all_primary_contrasts,false,false,false,missing_unit_metadata,false,None
230901,ses230901-units-probe0-spk-AAAB.npy,205,3,569,null_or_unclassified,null_or_unclassified,No active phenotype detected,0.05,0.3,within_session_all_units_all_primary_contrasts,false,false,false,missing_unit_metadata,false,None
230901,ses230901-units-probe0-spk-AAAB.npy,206,3,569,null_or_unclassified,null_or_unclassified,No active phenotype detected,0.05,0.3,within_session_all_units_all_primary_contrasts,false,false,false,missing_unit_metadata,false,None
230901,ses230901-units-probe0-spk-AAAB.npy,207,3,569,null_or_unclassified,null_or_unclassified,No active phenotype detected,0.05,0.3,within_session_all_units_all_primary_contrasts,false,false,false,missing_unit_metadata,false,None
230901,ses230901-units-probe0-spk-AAAB.npy,208,3,569,null_or_unclassified,null_or_unclassified,No active phenotype detected,0.05,0.3,within_session_all_units_all_primary_contrasts,false,false,false,missing_unit_metadata,false,None
230901,ses230901-units-probe0-spk-AAAB.npy,209,3,569,null_or_unclassified,null_or_unclassified,No active phenotype detected,0.05,0.3,within_session_all_units_all_primary_contrasts,false,false,false,missing_unit_metadata,false,None
230901,ses230901-units-probe0-spk-AAAB.npy,210,3,569,null_or_unclassified,null_or_unclassified,No active phenotype detected,0.05,0.3,within_session_all_units_all_primary_contrasts,false,false,false,missing_unit_metadata,false,None
230901,ses230901-units-probe0-spk-AAAB.npy,211,3,569,null_or_unclassified,null_or_unclassified,No active phenotype detected,0.05,0.3,within_session_all_units_all_primary_contrasts,false,false,false,missing_unit_metadata,false,None
230901,ses230901-units-probe0-spk-AAAB.npy,212,3,569,null_or_unclassified,null_or_unclassified,No active phenotype detected,0.05,0.3,within_session_all_units_all_primary_contrasts,false,false,false,missing_unit_metadata,false,None
230901,ses230901-units-probe0-spk-AAAB.npy,213,3,569,null_or_unclassified,null_or_unclassified,No active phenotype detected,0.05,0.3,within_session_all_units_all_primary_contrasts,false,false,false,missing_unit_metadata,false,None
230901,ses230901-units-probe0-spk-AAAB.npy,214,3,569,null_or_unclassified,null_or_unclassified,No active phenotype detected,0.05,0.3,within_session_all_units_all_primary_contrasts,false,false,false,missing_unit_metadata,false,None
230901,ses230901-units-probe0-spk-AAAB.npy,215,3,569,null_or_unclassified,null_or_unclassified,No active phenotype detected,0.05,0.3,within_session_all_units_all_primary_contrasts,false,false,false,missing_unit_metadata,false,None
230901,ses230901-units-probe0-spk-AAAB.npy,216,3,569,null_or_unclassified,null_or_unclassified,No active phenotype detected,0.05,0.3,within_session_all_units_all_primary_contrasts,false,false,false,missing_unit_metadata,false,None
230901,ses230901-units-probe0-spk-AAAB.npy,217,3,569,null_or_unclassified,null_or_unclassified,No active phenotype detected,0.05,0.3,within_session_all_units_all_primary_contrasts,false,false,false,missing_unit_metadata,false,None
230901,ses230901-units-probe0-spk-AAAB.npy,218,3,569,null_or_unclassified,null_or_unclassified,No active phenotype detected,0.05,0.3,within_session_all_units_all_primary_contrasts,false,false,false,missing_unit_metadata,false,None
230901,ses230901-units-probe0-spk-AAAB.npy,219,3,569,null_or_unclassified,null_or_unclassified,No active phenotype detected,0.05,0.3,within_session_all_units_all_primary_contrasts,false,false,false,missing_unit_metadata,false,None
230901,ses230901-units-probe0-spk-AAAB.npy,220,3,569,null_or_unclassified,null_or_unclassified,No active phenotype detected,0.05,0.3,within_session_all_units_all_primary_contrasts,false,false,false,missing_unit_metadata,false,None
230901,ses230901-units-probe0-spk-AAAB.npy,221,3,569,null_or_unclassified,null_or_unclassified,No active phenotype detected,0.05,0.3,within_session_all_units_all_primary_contrasts,false,false,false,missing_unit_metadata,false,None
230901,ses230901-units-probe0-spk-AAAB.npy,222,3,569,null_or_unclassified,null_or_unclassified,No active phenotype detected,0.05,0.3,within_session_all_units_all_primary_contrasts,false,false,false,missing_unit_metadata,false,None
230901,ses230901-units-probe0-spk-AAAB.npy,223,3,569,null_or_unclassified,null_or_unclassified,No active phenotype detected,0.05,0.3,within_session_all_units_all_primary_contrasts,false,false,false,missing_unit_metadata,false,None
230901,ses230901-units-probe0-spk-AAAB.npy,224,3,569,null_or_unclassified,null_or_unclassified,No active phenotype detected,0.05,0.3,within_session_all_units_all_primary_contrasts,false,false,false,missing_unit_metadata,false,None
230901,ses230901-units-probe0-spk-AAAB.npy,225,3,569,null_or_unclassified,null_or_unclassified,No active phenotype detected,0.05,0.3,within_session_all_units_all_primary_contrasts,false,false,false,missing_unit_metadata,false,None
230901,ses230901-units-probe0-spk-AAAB.npy,226,3,569,null_or_unclassified,null_or_unclassified,No active phenotype detected,0.05,0.3,within_session_all_units_all_primary_contrasts,false,false,false,missing_unit_metadata,false,None
230901,ses230901-units-probe0-spk-AAAB.npy,227,3,569,null_or_unclassified,null_or_unclassified,No active phenotype detected,0.05,0.3,within_session_all_units_all_primary_contrasts,false,false,false,missing_unit_metadata,false,None
230901,ses230901-units-probe0-spk-AAAB.npy,228,3,569,null_or_unclassified,null_or_unclassified,No active phenotype detected,0.05,0.3,within_session_all_units_all_primary_contrasts,false,false,false,missing_unit_metadata,false,None
230901,ses230901-units-probe0-spk-AAAB.npy,229,3,569,null_or_unclassified,null_or_unclassified,No active phenotype detected,0.05,0.3,within_session_all_units_all_primary_contrasts,false,false,false,missing_unit_metadata,false,None
230901,ses230901-units-probe0-spk-AAAB.npy,230,3,569,null_or_unclassified,null_or_unclassified,No active phenotype detected,0.05,0.3,within_session_all_units_all_primary_contrasts,false,false,false,missing_unit_metadata,false,None
230901,ses230901-units-probe0-spk-AAAB.npy,231,3,569,null_or_unclassified,null_or_unclassified,No active phenotype detected,0.05,0.3,within_session_all_units_all_primary_contrasts,false,false,false,missing_unit_metadata,false,None
230901,ses230901-units-probe0-spk-AAAB.npy,232,3,569,null_or_unclassified,null_or_unclassified,No active phenotype detected,0.05,0.3,within_session_all_units_all_primary_contrasts,false,false,false,missing_unit_metadata,false,None
230901,ses230901-units-probe0-spk-AAAB.npy,233,3,569,null_or_unclassified,null_or_unclassified,No active phenotype detected,0.05,0.3,within_session_all_units_all_primary_contrasts,false,false,false,missing_unit_metadata,false,None
230901,ses230901-units-probe0-spk-AAAB.npy,234,3,569,null_or_unclassified,null_or_unclassified,No active phenotype detected,0.05,0.3,within_session_all_units_all_primary_contrasts,false,false,false,missing_unit_metadata,false,None
230901,ses230901-units-probe0-spk-AAAB.npy,235,3,569,null_or_unclassified,null_or_unclassified,No active phenotype detected,0.05,0.3,within_session_all_units_all_primary_contrasts,false,false,false,missing_unit_metadata,false,None
230901,ses230901-units-probe0-spk-AAAB.npy,236,3,569,null_or_unclassified,null_or_unclassified,No active phenotype detected,0.05,0.3,within_session_all_units_all_primary_contrasts,false,false,false,missing_unit_metadata,false,None
230901,ses230901-units-probe0-spk-AAAB.npy,237,3,569,null_or_unclassified,null_or_unclassified,No active phenotype detected,0.05,0.3,within_session_all_units_all_primary_contrasts,false,false,false,missing_unit_metadata,false,None
230901,ses230901-units-probe0-spk-AAAB.npy,238,3,569,null_or_unclassified,null_or_unclassified,No active phenotype detected,0.05,0.3,within_session_all_units_all_primary_contrasts,false,false,false,missing_unit_metadata,false,None
230901,ses230901-units-probe0-spk-AAAB.npy,239,3,569,null_or_unclassified,null_or_unclassified,No active phenotype detected,0.05,0.3,within_session_all_units_all_primary_contrasts,false,false,false,missing_unit_metadata,false,None
230901,ses230901-units-probe0-spk-AAAB.npy,240,3,569,null_or_unclassified,null_or_unclassified,No active phenotype detected,0.05,0.3,within_session_all_units_all_primary_contrasts,false,false,false,missing_unit_metadata,false,None
230901,ses230901-units-probe0-spk-AAAB.npy,241,3,569,null_or_unclassified,null_or_unclassified,No active phenotype detected,0.05,0.3,within_session_all_units_all_primary_contrasts,false,false,false,missing_unit_metadata,false,None
230901,ses230901-units-probe0-spk-AAAB.npy,242,3,569,null_or_unclassified,null_or_unclassified,No active phenotype detected,0.05,0.3,within_session_all_units_all_primary_contrasts,false,false,false,missing_unit_metadata,false,None
230901,ses230901-units-probe0-spk-AAAB.npy,243,3,569,S_plus_candidate,S_plus_candidate,P1 stimulus activation passed,0.05,0.3,within_session_all_units_all_primary_contrasts,false,false,false,missing_unit_metadata,false,None
230901,ses230901-units-probe0-spk-AAAB.npy,244,3,569,null_or_unclassified,null_or_unclassified,No active phenotype detected,0.05,0.3,within_session_all_units_all_primary_contrasts,false,false,false,missing_unit_metadata,false,None
230901,ses230901-units-probe0-spk-AAAB.npy,245,3,569,null_or_unclassified,null_or_unclassified,No active phenotype detected,0.05,0.3,within_session_all_units_all_primary_contrasts,false,false,false,missing_unit_metadata,false,None
230901,ses230901-units-probe0-spk-AAAB.npy,246,3,569,null_or_unclassified,null_or_unclassified,No active phenotype detected,0.05,0.3,within_session_all_units_all_primary_contrasts,false,false,false,missing_unit_metadata,false,None
230901,ses230901-units-probe0-spk-AAAB.npy,247,3,569,null_or_unclassified,null_or_unclassified,No active phenotype detected,0.05,0.3,within_session_all_units_all_primary_contrasts,false,false,false,missing_unit_metadata,false,None
230901,ses230901-units-probe0-spk-AAAB.npy,248,3,569,null_or_unclassified,null_or_unclassified,No active phenotype detected,0.05,0.3,within_session_all_units_all_primary_contrasts,false,false,false,missing_unit_metadata,false,None
230901,ses230901-units-probe0-spk-AAAB.npy,249,3,569,null_or_unclassified,null_or_unclassified,No active phenotype detected,0.05,0.3,within_session_all_units_all_primary_contrasts,false,false,false,missing_unit_metadata,false,None
230901,ses230901-units-probe0-spk-AAAB.npy,250,3,569,null_or_unclassified,null_or_unclassified,No active phenotype detected,0.05,0.3,within_session_all_units_all_primary_contrasts,false,false,false,missing_unit_metadata,false,None
230901,ses230901-units-probe0-spk-AAAB.npy,251,3,569,null_or_unclassified,null_or_unclassified,No active phenotype detected,0.05,0.3,within_session_all_units_all_primary_contrasts,false,false,false,missing_unit_metadata,false,None
230901,ses230901-units-probe0-spk-AAAB.npy,252,3,569,null_or_unclassified,null_or_unclassified,No active phenotype detected,0.05,0.3,within_session_all_units_all_primary_contrasts,false,false,false,missing_unit_metadata,false,None
230901,ses230901-units-probe0-spk-AAAB.npy,253,3,569,null_or_unclassified,null_or_unclassified,No active phenotype detected,0.05,0.3,within_session_all_units_all_primary_contrasts,false,false,false,missing_unit_metadata,false,None
230901,ses230901-units-probe0-spk-AAAB.npy,254,3,569,null_or_unclassified,null_or_unclassified,No active phenotype detected,0.05,0.3,within_session_all_units_all_primary_contrasts,false,false,false,missing_unit_metadata,false,None
230901,ses230901-units-probe0-spk-AAAB.npy,255,3,569,null_or_unclassified,null_or_unclassified,No active phenotype detected,0.05,0.3,within_session_all_units_all_primary_contrasts,false,false,false,missing_unit_metadata,false,None
230901,ses230901-units-probe0-spk-AAAB.npy,256,3,569,null_or_unclassified,null_or_unclassified,No active phenotype detected,0.05,0.3,within_session_all_units_all_primary_contrasts,false,false,false,missing_unit_metadata,false,None
230901,ses230901-units-probe0-spk-AAAB.npy,257,3,569,null_or_unclassified,null_or_unclassified,No active phenotype detected,0.05,0.3,within_session_all_units_all_primary_contrasts,false,false,false,missing_unit_metadata,false,None
230901,ses230901-units-probe0-spk-AAAB.npy,258,3,569,null_or_unclassified,null_or_unclassified,No active phenotype detected,0.05,0.3,within_session_all_units_all_primary_contrasts,false,false,false,missing_unit_metadata,false,None
230901,ses230901-units-probe0-spk-AAAB.npy,259,3,569,null_or_unclassified,null_or_unclassified,No active phenotype detected,0.05,0.3,within_session_all_units_all_primary_contrasts,false,false,false,missing_unit_metadata,false,None
230901,ses230901-units-probe0-spk-AAAB.npy,260,3,569,null_or_unclassified,null_or_unclassified,No active phenotype detected,0.05,0.3,within_session_all_units_all_primary_contrasts,false,false,false,missing_unit_metadata,false,None
230901,ses230901-units-probe0-spk-AAAB.npy,261,3,569,null_or_unclassified,null_or_unclassified,No active phenotype detected,0.05,0.3,within_session_all_units_all_primary_contrasts,false,false,false,missing_unit_metadata,false,None
230901,ses230901-units-probe0-spk-AAAB.npy,262,3,569,null_or_unclassified,null_or_unclassified,No active phenotype detected,0.05,0.3,within_session_all_units_all_primary_contrasts,false,false,false,missing_unit_metadata,false,None
230901,ses230901-units-probe0-spk-AAAB.npy,263,3,569,null_or_unclassified,null_or_unclassified,No active phenotype detected,0.05,0.3,within_session_all_units_all_primary_contrasts,false,false,false,missing_unit_metadata,false,None
230901,ses230901-units-probe0-spk-AAAB.npy,264,3,569,null_or_unclassified,null_or_unclassified,No active phenotype detected,0.05,0.3,within_session_all_units_all_primary_contrasts,false,false,false,missing_unit_metadata,false,None
230901,ses230901-units-probe0-spk-AAAB.npy,265,3,569,null_or_unclassified,null_or_unclassified,No active phenotype detected,0.05,0.3,within_session_all_units_all_primary_contrasts,false,false,false,missing_unit_metadata,false,None
230901,ses230901-units-probe0-spk-AAAB.npy,266,3,569,null_or_unclassified,null_or_unclassified,No active phenotype detected,0.05,0.3,within_session_all_units_all_primary_contrasts,false,false,false,missing_unit_metadata,false,None
230901,ses230901-units-probe0-spk-AAAB.npy,267,3,569,null_or_unclassified,null_or_unclassified,No active phenotype detected,0.05,0.3,within_session_all_units_all_primary_contrasts,false,false,false,missing_unit_metadata,false,None
230901,ses230901-units-probe0-spk-AAAB.npy,268,3,569,null_or_unclassified,null_or_unclassified,No active phenotype detected,0.05,0.3,within_session_all_units_all_primary_contrasts,false,false,false,missing_unit_metadata,false,None
230901,ses230901-units-probe0-spk-AAAB.npy,269,3,569,null_or_unclassified,null_or_unclassified,No active phenotype detected,0.05,0.3,within_session_all_units_all_primary_contrasts,false,false,false,missing_unit_metadata,false,None
230901,ses230901-units-probe0-spk-AAAB.npy,270,3,569,null_or_unclassified,null_or_unclassified,No active phenotype detected,0.05,0.3,within_session_all_units_all_primary_contrasts,false,false,false,missing_unit_metadata,false,None
230901,ses230901-units-probe0-spk-AAAB.npy,271,3,569,null_or_unclassified,null_or_unclassified,No active phenotype detected,0.05,0.3,within_session_all_units_all_primary_contrasts,false,false,false,missing_unit_metadata,false,None
230901,ses230901-units-probe0-spk-AAAB.npy,272,3,569,null_or_unclassified,null_or_unclassified,No active phenotype detected,0.05,0.3,within_session_all_units_all_primary_contrasts,false,false,false,missing_unit_metadata,false,None
230901,ses230901-units-probe0-spk-AAAB.npy,273,3,569,null_or_unclassified,null_or_unclassified,No active phenotype detected,0.05,0.3,within_session_all_units_all_primary_contrasts,false,false,false,missing_unit_metadata,false,None
230901,ses230901-units-probe0-spk-AAAB.npy,274,3,569,S_minus_candidate,S_minus_candidate,P1 stimulus suppression passed,0.05,0.3,within_session_all_units_all_primary_contrasts,false,false,false,missing_unit_metadata,false,None
230901,ses230901-units-probe0-spk-AAAB.npy,275,3,569,null_or_unclassified,null_or_unclassified,No active phenotype detected,0.05,0.3,within_session_all_units_all_primary_contrasts,false,false,false,missing_unit_metadata,false,None
230901,ses230901-units-probe0-spk-AAAB.npy,276,3,569,null_or_unclassified,null_or_unclassified,No active phenotype detected,0.05,0.3,within_session_all_units_all_primary_contrasts,false,false,false,missing_unit_metadata,false,None
230901,ses230901-units-probe0-spk-AAAB.npy,277,3,569,null_or_unclassified,null_or_unclassified,No active phenotype detected,0.05,0.3,within_session_all_units_all_primary_contrasts,false,false,false,missing_unit_metadata,false,None
230901,ses230901-units-probe0-spk-AAAB.npy,278,3,569,null_or_unclassified,null_or_unclassified,No active phenotype detected,0.05,0.3,within_session_all_units_all_primary_contrasts,false,false,false,missing_unit_metadata,false,None
230901,ses230901-units-probe0-spk-AAAB.npy,279,3,569,null_or_unclassified,null_or_unclassified,No active phenotype detected,0.05,0.3,within_session_all_units_all_primary_contrasts,false,false,false,missing_unit_metadata,false,None
230901,ses230901-units-probe0-spk-AAAB.npy,280,3,569,null_or_unclassified,null_or_unclassified,No active phenotype detected,0.05,0.3,within_session_all_units_all_primary_contrasts,false,false,false,missing_unit_metadata,false,None
230901,ses230901-units-probe0-spk-AAAB.npy,281,3,569,null_or_unclassified,null_or_unclassified,No active phenotype detected,0.05,0.3,within_session_all_units_all_primary_contrasts,false,false,false,missing_unit_metadata,false,None
230901,ses230901-units-probe0-spk-AAAB.npy,282,3,569,null_or_unclassified,null_or_unclassified,No active phenotype detected,0.05,0.3,within_session_all_units_all_primary_contrasts,false,false,false,missing_unit_metadata,false,None
230901,ses230901-units-probe0-spk-AAAB.npy,283,3,569,null_or_unclassified,null_or_unclassified,No active phenotype detected,0.05,0.3,within_session_all_units_all_primary_contrasts,false,false,false,missing_unit_metadata,false,None
230901,ses230901-units-probe0-spk-AAAB.npy,284,3,569,null_or_unclassified,null_or_unclassified,No active phenotype detected,0.05,0.3,within_session_all_units_all_primary_contrasts,false,false,false,missing_unit_metadata,false,None
230901,ses230901-units-probe0-spk-AAAB.npy,285,3,569,null_or_unclassified,null_or_unclassified,No active phenotype detected,0.05,0.3,within_session_all_units_all_primary_contrasts,false,false,false,missing_unit_metadata,false,None
230901,ses230901-units-probe0-spk-AAAB.npy,286,3,569,null_or_unclassified,null_or_unclassified,No active phenotype detected,0.05,0.3,within_session_all_units_all_primary_contrasts,false,false,false,missing_unit_metadata,false,None
230901,ses230901-units-probe0-spk-AAAB.npy,287,3,569,null_or_unclassified,null_or_unclassified,No active phenotype detected,0.05,0.3,within_session_all_units_all_primary_contrasts,false,false,false,missing_unit_metadata,false,None
230901,ses230901-units-probe0-spk-AAAB.npy,288,3,569,null_or_unclassified,null_or_unclassified,No active phenotype detected,0.05,0.3,within_session_all_units_all_primary_contrasts,false,false,false,missing_unit_metadata,false,None
230901,ses230901-units-probe0-spk-AAAB.npy,289,3,569,null_or_unclassified,null_or_unclassified,No active phenotype detected,0.05,0.3,within_session_all_units_all_primary_contrasts,false,false,false,missing_unit_metadata,false,None
230901,ses230901-units-probe0-spk-AAAB.npy,290,3,569,null_or_unclassified,null_or_unclassified,No active phenotype detected,0.05,0.3,within_session_all_units_all_primary_contrasts,false,false,false,missing_unit_metadata,false,None
230901,ses230901-units-probe0-spk-AAAB.npy,291,3,569,null_or_unclassified,null_or_unclassified,No active phenotype detected,0.05,0.3,within_session_all_units_all_primary_contrasts,false,false,false,missing_unit_metadata,false,None
230901,ses230901-units-probe0-spk-AAAB.npy,292,3,569,null_or_unclassified,null_or_unclassified,No active phenotype detected,0.05,0.3,within_session_all_units_all_primary_contrasts,false,false,false,missing_unit_metadata,false,None
230901,ses230901-units-probe0-spk-AAAB.npy,293,3,569,null_or_unclassified,null_or_unclassified,No active phenotype detected,0.05,0.3,within_session_all_units_all_primary_contrasts,false,false,false,missing_unit_metadata,false,None
230901,ses230901-units-probe0-spk-AAAB.npy,294,3,569,null_or_unclassified,null_or_unclassified,No active phenotype detected,0.05,0.3,within_session_all_units_all_primary_contrasts,false,false,false,missing_unit_metadata,false,None
230901,ses230901-units-probe0-spk-AAAB.npy,295,3,569,null_or_unclassified,null_or_unclassified,No active phenotype detected,0.05,0.3,within_session_all_units_all_primary_contrasts,false,false,false,missing_unit_metadata,false,None
230901,ses230901-units-probe0-spk-AAAB.npy,296,3,569,null_or_unclassified,null_or_unclassified,No active phenotype detected,0.05,0.3,within_session_all_units_all_primary_contrasts,false,false,false,missing_unit_metadata,false,None
230901,ses230901-units-probe0-spk-AAAB.npy,297,3,569,null_or_unclassified,null_or_unclassified,No active phenotype detected,0.05,0.3,within_session_all_units_all_primary_contrasts,false,false,false,missing_unit_metadata,false,None
230901,ses230901-units-probe0-spk-AAAB.npy,298,3,569,null_or_unclassified,null_or_unclassified,No active phenotype detected,0.05,0.3,within_session_all_units_all_primary_contrasts,false,false,false,missing_unit_metadata,false,None
230901,ses230901-units-probe0-spk-AAAB.npy,299,3,569,null_or_unclassified,null_or_unclassified,No active phenotype detected,0.05,0.3,within_session_all_units_all_primary_contrasts,false,false,false,missing_unit_metadata,false,None
230901,ses230901-units-probe0-spk-AAAB.npy,300,3,569,null_or_unclassified,null_or_unclassified,No active phenotype detected,0.05,0.3,within_session_all_units_all_primary_contrasts,false,false,false,missing_unit_metadata,false,None
230901,ses230901-units-probe0-spk-AAAB.npy,301,3,569,null_or_unclassified,null_or_unclassified,No active phenotype detected,0.05,0.3,within_session_all_units_all_primary_contrasts,false,false,false,missing_unit_metadata,false,None
230901,ses230901-units-probe0-spk-AAAB.npy,302,3,569,null_or_unclassified,null_or_unclassified,No active phenotype detected,0.05,0.3,within_session_all_units_all_primary_contrasts,false,false,false,missing_unit_metadata,false,None
230901,ses230901-units-probe0-spk-AAAB.npy,303,3,569,null_or_unclassified,null_or_unclassified,No active phenotype detected,0.05,0.3,within_session_all_units_all_primary_contrasts,false,false,false,missing_unit_metadata,false,None
230901,ses230901-units-probe0-spk-AAAB.npy,304,3,569,null_or_unclassified,null_or_unclassified,No active phenotype detected,0.05,0.3,within_session_all_units_all_primary_contrasts,false,false,false,missing_unit_metadata,false,None
230901,ses230901-units-probe0-spk-AAAB.npy,305,3,569,null_or_unclassified,null_or_unclassified,No active phenotype detected,0.05,0.3,within_session_all_units_all_primary_contrasts,false,false,false,missing_unit_metadata,false,None
230901,ses230901-units-probe0-spk-AAAB.npy,306,3,569,null_or_unclassified,null_or_unclassified,No active phenotype detected,0.05,0.3,within_session_all_units_all_primary_contrasts,false,false,false,missing_unit_metadata,false,None
230901,ses230901-units-probe0-spk-AAAB.npy,307,3,569,null_or_unclassified,null_or_unclassified,No active phenotype detected,0.05,0.3,within_session_all_units_all_primary_contrasts,false,false,false,missing_unit_metadata,false,None
230901,ses230901-units-probe0-spk-AAAB.npy,308,3,569,null_or_unclassified,null_or_unclassified,No active phenotype detected,0.05,0.3,within_session_all_units_all_primary_contrasts,false,false,false,missing_unit_metadata,false,None
230901,ses230901-units-probe0-spk-AAAB.npy,309,3,569,null_or_unclassified,null_or_unclassified,No active phenotype detected,0.05,0.3,within_session_all_units_all_primary_contrasts,false,false,false,missing_unit_metadata,false,None
230901,ses230901-units-probe0-spk-AAAB.npy,310,3,569,null_or_unclassified,null_or_unclassified,No active phenotype detected,0.05,0.3,within_session_all_units_all_primary_contrasts,false,false,false,missing_unit_metadata,false,None
230901,ses230901-units-probe0-spk-AAAB.npy,311,3,569,null_or_unclassified,null_or_unclassified,No active phenotype detected,0.05,0.3,within_session_all_units_all_primary_contrasts,false,false,false,missing_unit_metadata,false,None
230901,ses230901-units-probe0-spk-AAAB.npy,312,3,569,null_or_unclassified,null_or_unclassified,No active phenotype detected,0.05,0.3,within_session_all_units_all_primary_contrasts,false,false,false,missing_unit_metadata,false,None
230901,ses230901-units-probe0-spk-AAAB.npy,313,3,569,null_or_unclassified,null_or_unclassified,No active phenotype detected,0.05,0.3,within_session_all_units_all_primary_contrasts,false,false,false,missing_unit_metadata,false,None
230901,ses230901-units-probe0-spk-AAAB.npy,314,3,569,null_or_unclassified,null_or_unclassified,No active phenotype detected,0.05,0.3,within_session_all_units_all_primary_contrasts,false,false,false,missing_unit_metadata,false,None
230901,ses230901-units-probe0-spk-AAAB.npy,315,3,569,null_or_unclassified,null_or_unclassified,No active phenotype detected,0.05,0.3,within_session_all_units_all_primary_contrasts,false,false,false,missing_unit_metadata,false,None
230901,ses230901-units-probe0-spk-AAAB.npy,316,3,569,null_or_unclassified,null_or_unclassified,No active phenotype detected,0.05,0.3,within_session_all_units_all_primary_contrasts,false,false,false,missing_unit_metadata,false,None
230901,ses230901-units-probe0-spk-AAAB.npy,317,3,569,null_or_unclassified,null_or_unclassified,No active phenotype detected,0.05,0.3,within_session_all_units_all_primary_contrasts,false,false,false,missing_unit_metadata,false,None
230901,ses230901-units-probe0-spk-AAAB.npy,318,3,569,null_or_unclassified,null_or_unclassified,No active phenotype detected,0.05,0.3,within_session_all_units_all_primary_contrasts,false,false,false,missing_unit_metadata,false,None
230901,ses230901-units-probe0-spk-AAAB.npy,319,3,569,null_or_unclassified,null_or_unclassified,No active phenotype detected,0.05,0.3,within_session_all_units_all_primary_contrasts,false,false,false,missing_unit_metadata,false,None
230901,ses230901-units-probe0-spk-AAAB.npy,320,3,569,null_or_unclassified,null_or_unclassified,No active phenotype detected,0.05,0.3,within_session_all_units_all_primary_contrasts,false,false,false,missing_unit_metadata,false,None
230901,ses230901-units-probe0-spk-AAAB.npy,321,3,569,null_or_unclassified,null_or_unclassified,No active phenotype detected,0.05,0.3,within_session_all_units_all_primary_contrasts,false,false,false,missing_unit_metadata,false,None
230901,ses230901-units-probe0-spk-AAAB.npy,322,3,569,null_or_unclassified,null_or_unclassified,No active phenotype detected,0.05,0.3,within_session_all_units_all_primary_contrasts,false,false,false,missing_unit_metadata,false,None
230901,ses230901-units-probe0-spk-AAAB.npy,323,3,569,null_or_unclassified,null_or_unclassified,No active phenotype detected,0.05,0.3,within_session_all_units_all_primary_contrasts,false,false,false,missing_unit_metadata,false,None
230901,ses230901-units-probe0-spk-AAAB.npy,324,3,569,null_or_unclassified,null_or_unclassified,No active phenotype detected,0.05,0.3,within_session_all_units_all_primary_contrasts,false,false,false,missing_unit_metadata,false,None
230901,ses230901-units-probe0-spk-AAAB.npy,325,3,569,null_or_unclassified,null_or_unclassified,No active phenotype detected,0.05,0.3,within_session_all_units_all_primary_contrasts,false,false,false,missing_unit_metadata,false,None
230901,ses230901-units-probe0-spk-AAAB.npy,326,3,569,null_or_unclassified,null_or_unclassified,No active phenotype detected,0.05,0.3,within_session_all_units_all_primary_contrasts,false,false,false,missing_unit_metadata,false,None
230901,ses230901-units-probe0-spk-AAAB.npy,327,3,569,null_or_unclassified,null_or_unclassified,No active phenotype detected,0.05,0.3,within_session_all_units_all_primary_contrasts,false,false,false,missing_unit_metadata,false,None
230901,ses230901-units-probe0-spk-AAAB.npy,328,3,569,null_or_unclassified,null_or_unclassified,No active phenotype detected,0.05,0.3,within_session_all_units_all_primary_contrasts,false,false,false,missing_unit_metadata,false,None
230901,ses230901-units-probe0-spk-AAAB.npy,329,3,569,null_or_unclassified,null_or_unclassified,No active phenotype detected,0.05,0.3,within_session_all_units_all_primary_contrasts,false,false,false,missing_unit_metadata,false,None
230901,ses230901-units-probe0-spk-AAAB.npy,330,3,569,null_or_unclassified,null_or_unclassified,No active phenotype detected,0.05,0.3,within_session_all_units_all_primary_contrasts,false,false,false,missing_unit_metadata,false,None
230901,ses230901-units-probe0-spk-AAAB.npy,331,3,569,null_or_unclassified,null_or_unclassified,No active phenotype detected,0.05,0.3,within_session_all_units_all_primary_contrasts,false,false,false,missing_unit_metadata,false,None
230901,ses230901-units-probe0-spk-AAAB.npy,332,3,569,null_or_unclassified,null_or_unclassified,No active phenotype detected,0.05,0.3,within_session_all_units_all_primary_contrasts,false,false,false,missing_unit_metadata,false,None
230901,ses230901-units-probe0-spk-AAAB.npy,333,3,569,null_or_unclassified,null_or_unclassified,No active phenotype detected,0.05,0.3,within_session_all_units_all_primary_contrasts,false,false,false,missing_unit_metadata,false,None
230901,ses230901-units-probe0-spk-AAAB.npy,334,3,569,null_or_unclassified,null_or_unclassified,No active phenotype detected,0.05,0.3,within_session_all_units_all_primary_contrasts,false,false,false,missing_unit_metadata,false,None
230901,ses230901-units-probe0-spk-AAAB.npy,335,3,569,null_or_unclassified,null_or_unclassified,No active phenotype detected,0.05,0.3,within_session_all_units_all_primary_contrasts,false,false,false,missing_unit_metadata,false,None
230901,ses230901-units-probe0-spk-AAAB.npy,336,3,569,null_or_unclassified,null_or_unclassified,No active phenotype detected,0.05,0.3,within_session_all_units_all_primary_contrasts,false,false,false,missing_unit_metadata,false,None
230901,ses230901-units-probe0-spk-AAAB.npy,337,3,569,null_or_unclassified,null_or_unclassified,No active phenotype detected,0.05,0.3,within_session_all_units_all_primary_contrasts,false,false,false,missing_unit_metadata,false,None
230901,ses230901-units-probe0-spk-AAAB.npy,338,3,569,null_or_unclassified,null_or_unclassified,No active phenotype detected,0.05,0.3,within_session_all_units_all_primary_contrasts,false,false,false,missing_unit_metadata,false,None
230901,ses230901-units-probe0-spk-AAAB.npy,339,3,569,null_or_unclassified,null_or_unclassified,No active phenotype detected,0.05,0.3,within_session_all_units_all_primary_contrasts,false,false,false,missing_unit_metadata,false,None
230901,ses230901-units-probe0-spk-AAAB.npy,340,3,569,null_or_unclassified,null_or_unclassified,No active phenotype detected,0.05,0.3,within_session_all_units_all_primary_contrasts,false,false,false,missing_unit_metadata,false,None
230901,ses230901-units-probe0-spk-AAAB.npy,341,3,569,null_or_unclassified,null_or_unclassified,No active phenotype detected,0.05,0.3,within_session_all_units_all_primary_contrasts,false,false,false,missing_unit_metadata,false,None
230901,ses230901-units-probe0-spk-AAAB.npy,342,3,569,null_or_unclassified,null_or_unclassified,No active phenotype detected,0.05,0.3,within_session_all_units_all_primary_contrasts,false,false,false,missing_unit_metadata,false,None
230901,ses230901-units-probe0-spk-AAAB.npy,343,3,569,null_or_unclassified,null_or_unclassified,No active phenotype detected,0.05,0.3,within_session_all_units_all_primary_contrasts,false,false,false,missing_unit_metadata,false,None
230901,ses230901-units-probe0-spk-AAAB.npy,344,3,569,null_or_unclassified,null_or_unclassified,No active phenotype detected,0.05,0.3,within_session_all_units_all_primary_contrasts,false,false,false,missing_unit_metadata,false,None
230901,ses230901-units-probe0-spk-AAAB.npy,345,3,569,null_or_unclassified,null_or_unclassified,No active phenotype detected,0.05,0.3,within_session_all_units_all_primary_contrasts,false,false,false,missing_unit_metadata,false,None
230901,ses230901-units-probe0-spk-AAAB.npy,346,3,569,null_or_unclassified,null_or_unclassified,No active phenotype detected,0.05,0.3,within_session_all_units_all_primary_contrasts,false,false,false,missing_unit_metadata,false,None
230901,ses230901-units-probe0-spk-AAAB.npy,347,3,569,null_or_unclassified,null_or_unclassified,No active phenotype detected,0.05,0.3,within_session_all_units_all_primary_contrasts,false,false,false,missing_unit_metadata,false,None
230901,ses230901-units-probe0-spk-AAAB.npy,348,3,569,null_or_unclassified,null_or_unclassified,No active phenotype detected,0.05,0.3,within_session_all_units_all_primary_contrasts,false,false,false,missing_unit_metadata,false,None
230901,ses230901-units-probe0-spk-AAAB.npy,349,3,569,null_or_unclassified,null_or_unclassified,No active phenotype detected,0.05,0.3,within_session_all_units_all_primary_contrasts,false,false,false,missing_unit_metadata,false,None
230901,ses230901-units-probe0-spk-AAAB.npy,350,3,569,null_or_unclassified,null_or_unclassified,No active phenotype detected,0.05,0.3,within_session_all_units_all_primary_contrasts,false,false,false,missing_unit_metadata,false,None
230901,ses230901-units-probe0-spk-AAAB.npy,351,3,569,null_or_unclassified,null_or_unclassified,No active phenotype detected,0.05,0.3,within_session_all_units_all_primary_contrasts,false,false,false,missing_unit_metadata,false,None
230901,ses230901-units-probe0-spk-AAAB.npy,352,3,569,null_or_unclassified,null_or_unclassified,No active phenotype detected,0.05,0.3,within_session_all_units_all_primary_contrasts,false,false,false,missing_unit_metadata,false,None
230901,ses230901-units-probe0-spk-AAAB.npy,353,3,569,null_or_unclassified,null_or_unclassified,No active phenotype detected,0.05,0.3,within_session_all_units_all_primary_contrasts,false,false,false,missing_unit_metadata,false,None
230901,ses230901-units-probe0-spk-AAAB.npy,354,3,569,null_or_unclassified,null_or_unclassified,No active phenotype detected,0.05,0.3,within_session_all_units_all_primary_contrasts,false,false,false,missing_unit_metadata,false,None
230901,ses230901-units-probe0-spk-AAAB.npy,355,3,569,null_or_unclassified,null_or_unclassified,No active phenotype detected,0.05,0.3,within_session_all_units_all_primary_contrasts,false,false,false,missing_unit_metadata,false,None
230901,ses230901-units-probe0-spk-AAAB.npy,356,3,569,null_or_unclassified,null_or_unclassified,No active phenotype detected,0.05,0.3,within_session_all_units_all_primary_contrasts,false,false,false,missing_unit_metadata,false,None
230901,ses230901-units-probe0-spk-AAAB.npy,357,3,569,null_or_unclassified,null_or_unclassified,No active phenotype detected,0.05,0.3,within_session_all_units_all_primary_contrasts,false,false,false,missing_unit_metadata,false,None
230901,ses230901-units-probe0-spk-AAAB.npy,358,3,569,null_or_unclassified,null_or_unclassified,No active phenotype detected,0.05,0.3,within_session_all_units_all_primary_contrasts,false,false,false,missing_unit_metadata,false,None
230901,ses230901-units-probe0-spk-AAAB.npy,359,3,569,null_or_unclassified,null_or_unclassified,No active phenotype detected,0.05,0.3,within_session_all_units_all_primary_contrasts,false,false,false,missing_unit_metadata,false,None
230901,ses230901-units-probe0-spk-AAAB.npy,360,3,569,null_or_unclassified,null_or_unclassified,No active phenotype detected,0.05,0.3,within_session_all_units_all_primary_contrasts,false,false,false,missing_unit_metadata,false,None
230901,ses230901-units-probe0-spk-AAAB.npy,361,3,569,null_or_unclassified,null_or_unclassified,No active phenotype detected,0.05,0.3,within_session_all_units_all_primary_contrasts,false,false,false,missing_unit_metadata,false,None
230901,ses230901-units-probe0-spk-AAAB.npy,362,3,569,null_or_unclassified,null_or_unclassified,No active phenotype detected,0.05,0.3,within_session_all_units_all_primary_contrasts,false,false,false,missing_unit_metadata,false,None
230901,ses230901-units-probe0-spk-AAAB.npy,363,3,569,null_or_unclassified,null_or_unclassified,No active phenotype detected,0.05,0.3,within_session_all_units_all_primary_contrasts,false,false,false,missing_unit_metadata,false,None
230901,ses230901-units-probe0-spk-AAAB.npy,364,3,569,S_plus_candidate,S_plus_candidate,P1 stimulus activation passed,0.05,0.3,within_session_all_units_all_primary_contrasts,false,false,false,missing_unit_metadata,false,None
230901,ses230901-units-probe0-spk-AAAB.npy,365,3,569,null_or_unclassified,null_or_unclassified,No active phenotype detected,0.05,0.3,within_session_all_units_all_primary_contrasts,false,false,false,missing_unit_metadata,false,None
230901,ses230901-units-probe0-spk-AAAB.npy,366,3,569,null_or_unclassified,null_or_unclassified,No active phenotype detected,0.05,0.3,within_session_all_units_all_primary_contrasts,false,false,false,missing_unit_metadata,false,None
230901,ses230901-units-probe0-spk-AAAB.npy,367,3,569,null_or_unclassified,null_or_unclassified,No active phenotype detected,0.05,0.3,within_session_all_units_all_primary_contrasts,false,false,false,missing_unit_metadata,false,None
230901,ses230901-units-probe0-spk-AAAB.npy,368,3,569,null_or_unclassified,null_or_unclassified,No active phenotype detected,0.05,0.3,within_session_all_units_all_primary_contrasts,false,false,false,missing_unit_metadata,false,None
230901,ses230901-units-probe0-spk-AAAB.npy,369,3,569,null_or_unclassified,null_or_unclassified,No active phenotype detected,0.05,0.3,within_session_all_units_all_primary_contrasts,false,false,false,missing_unit_metadata,false,None
230901,ses230901-units-probe0-spk-AAAB.npy,370,3,569,null_or_unclassified,null_or_unclassified,No active phenotype detected,0.05,0.3,within_session_all_units_all_primary_contrasts,false,false,false,missing_unit_metadata,false,None
230901,ses230901-units-probe0-spk-AAAB.npy,371,3,569,null_or_unclassified,null_or_unclassified,No active phenotype detected,0.05,0.3,within_session_all_units_all_primary_contrasts,false,false,false,missing_unit_metadata,false,None
230901,ses230901-units-probe0-spk-AAAB.npy,372,3,569,null_or_unclassified,null_or_unclassified,No active phenotype detected,0.05,0.3,within_session_all_units_all_primary_contrasts,false,false,false,missing_unit_metadata,false,None
230901,ses230901-units-probe0-spk-AAAB.npy,373,3,569,null_or_unclassified,null_or_unclassified,No active phenotype detected,0.05,0.3,within_session_all_units_all_primary_contrasts,false,false,false,missing_unit_metadata,false,None
230901,ses230901-units-probe0-spk-AAAB.npy,374,3,569,null_or_unclassified,null_or_unclassified,No active phenotype detected,0.05,0.3,within_session_all_units_all_primary_contrasts,false,false,false,missing_unit_metadata,false,None
230901,ses230901-units-probe0-spk-AAAB.npy,375,3,569,null_or_unclassified,null_or_unclassified,No active phenotype detected,0.05,0.3,within_session_all_units_all_primary_contrasts,false,false,false,missing_unit_metadata,false,None
230901,ses230901-units-probe0-spk-AAAB.npy,376,3,569,null_or_unclassified,null_or_unclassified,No active phenotype detected,0.05,0.3,within_session_all_units_all_primary_contrasts,false,false,false,missing_unit_metadata,false,None
230901,ses230901-units-probe0-spk-AAAB.npy,377,3,569,null_or_unclassified,null_or_unclassified,No active phenotype detected,0.05,0.3,within_session_all_units_all_primary_contrasts,false,false,false,missing_unit_metadata,false,None
230901,ses230901-units-probe0-spk-AAAB.npy,378,3,569,null_or_unclassified,null_or_unclassified,No active phenotype detected,0.05,0.3,within_session_all_units_all_primary_contrasts,false,false,false,missing_unit_metadata,false,None
230901,ses230901-units-probe0-spk-AAAB.npy,379,3,569,null_or_unclassified,null_or_unclassified,No active phenotype detected,0.05,0.3,within_session_all_units_all_primary_contrasts,false,false,false,missing_unit_metadata,false,None
230901,ses230901-units-probe0-spk-AAAB.npy,380,3,569,null_or_unclassified,null_or_unclassified,No active phenotype detected,0.05,0.3,within_session_all_units_all_primary_contrasts,false,false,false,missing_unit_metadata,false,None
230901,ses230901-units-probe0-spk-AAAB.npy,381,3,569,null_or_unclassified,null_or_unclassified,No active phenotype detected,0.05,0.3,within_session_all_units_all_primary_contrasts,false,false,false,missing_unit_metadata,false,None
230901,ses230901-units-probe0-spk-AAAB.npy,382,3,569,null_or_unclassified,null_or_unclassified,No active phenotype detected,0.05,0.3,within_session_all_units_all_primary_contrasts,false,false,false,missing_unit_metadata,false,None
230901,ses230901-units-probe0-spk-AAAB.npy,383,3,569,null_or_unclassified,null_or_unclassified,No active phenotype detected,0.05,0.3,within_session_all_units_all_primary_contrasts,false,false,false,missing_unit_metadata,false,None
230901,ses230901-units-probe0-spk-AAAB.npy,384,3,569,null_or_unclassified,null_or_unclassified,No active phenotype detected,0.05,0.3,within_session_all_units_all_primary_contrasts,false,false,false,missing_unit_metadata,false,None
230901,ses230901-units-probe0-spk-AAAB.npy,385,3,569,null_or_unclassified,null_or_unclassified,No active phenotype detected,0.05,0.3,within_session_all_units_all_primary_contrasts,false,false,false,missing_unit_metadata,false,None
230901,ses230901-units-probe0-spk-AAAB.npy,386,3,569,null_or_unclassified,null_or_unclassified,No active phenotype detected,0.05,0.3,within_session_all_units_all_primary_contrasts,false,false,false,missing_unit_metadata,false,None
230901,ses230901-units-probe0-spk-AAAB.npy,387,3,569,null_or_unclassified,null_or_unclassified,No active phenotype detected,0.05,0.3,within_session_all_units_all_primary_contrasts,false,false,false,missing_unit_metadata,false,None
230901,ses230901-units-probe0-spk-AAAB.npy,388,3,569,null_or_unclassified,null_or_unclassified,No active phenotype detected,0.05,0.3,within_session_all_units_all_primary_contrasts,false,false,false,missing_unit_metadata,false,None
230901,ses230901-units-probe0-spk-AAAB.npy,389,3,569,null_or_unclassified,null_or_unclassified,No active phenotype detected,0.05,0.3,within_session_all_units_all_primary_contrasts,false,false,false,missing_unit_metadata,false,None
230901,ses230901-units-probe0-spk-AAAB.npy,390,3,569,null_or_unclassified,null_or_unclassified,No active phenotype detected,0.05,0.3,within_session_all_units_all_primary_contrasts,false,false,false,missing_unit_metadata,false,None
230901,ses230901-units-probe0-spk-AAAB.npy,391,3,569,null_or_unclassified,null_or_unclassified,No active phenotype detected,0.05,0.3,within_session_all_units_all_primary_contrasts,false,false,false,missing_unit_metadata,false,None
230901,ses230901-units-probe0-spk-AAAB.npy,392,3,569,null_or_unclassified,null_or_unclassified,No active phenotype detected,0.05,0.3,within_session_all_units_all_primary_contrasts,false,false,false,missing_unit_metadata,false,None
230901,ses230901-units-probe0-spk-AAAB.npy,393,3,569,null_or_unclassified,null_or_unclassified,No active phenotype detected,0.05,0.3,within_session_all_units_all_primary_contrasts,false,false,false,missing_unit_metadata,false,None
230901,ses230901-units-probe0-spk-AAAB.npy,394,3,569,null_or_unclassified,null_or_unclassified,No active phenotype detected,0.05,0.3,within_session_all_units_all_primary_contrasts,false,false,false,missing_unit_metadata,false,None
230901,ses230901-units-probe0-spk-AAAB.npy,395,3,569,null_or_unclassified,null_or_unclassified,No active phenotype detected,0.05,0.3,within_session_all_units_all_primary_contrasts,false,false,false,missing_unit_metadata,false,None
230901,ses230901-units-probe0-spk-AAAB.npy,396,3,569,null_or_unclassified,null_or_unclassified,No active phenotype detected,0.05,0.3,within_session_all_units_all_primary_contrasts,false,false,false,missing_unit_metadata,false,None
230901,ses230901-units-probe0-spk-AAAB.npy,397,3,569,null_or_unclassified,null_or_unclassified,No active phenotype detected,0.05,0.3,within_session_all_units_all_primary_contrasts,false,false,false,missing_unit_metadata,false,None
230901,ses230901-units-probe0-spk-AAAB.npy,398,3,569,null_or_unclassified,null_or_unclassified,No active phenotype detected,0.05,0.3,within_session_all_units_all_primary_contrasts,false,false,false,missing_unit_metadata,false,None
230901,ses230901-units-probe0-spk-AAAB.npy,399,3,569,null_or_unclassified,null_or_unclassified,No active phenotype detected,0.05,0.3,within_session_all_units_all_primary_contrasts,false,false,false,missing_unit_metadata,false,None
230901,ses230901-units-probe0-spk-AAAB.npy,400,3,569,null_or_unclassified,null_or_unclassified,No active phenotype detected,0.05,0.3,within_session_all_units_all_primary_contrasts,false,false,false,missing_unit_metadata,false,None
230901,ses230901-units-probe0-spk-AAAB.npy,401,3,569,null_or_unclassified,null_or_unclassified,No active phenotype detected,0.05,0.3,within_session_all_units_all_primary_contrasts,false,false,false,missing_unit_metadata,false,None
230901,ses230901-units-probe0-spk-AAAB.npy,402,3,569,null_or_unclassified,null_or_unclassified,No active phenotype detected,0.05,0.3,within_session_all_units_all_primary_contrasts,false,false,false,missing_unit_metadata,false,None
230901,ses230901-units-probe0-spk-AAAB.npy,403,3,569,null_or_unclassified,null_or_unclassified,No active phenotype detected,0.05,0.3,within_session_all_units_all_primary_contrasts,false,false,false,missing_unit_metadata,false,None
230901,ses230901-units-probe0-spk-AAAB.npy,404,3,569,null_or_unclassified,null_or_unclassified,No active phenotype detected,0.05,0.3,within_session_all_units_all_primary_contrasts,false,false,false,missing_unit_metadata,false,None
230901,ses230901-units-probe0-spk-AAAB.npy,405,3,569,null_or_unclassified,null_or_unclassified,No active phenotype detected,0.05,0.3,within_session_all_units_all_primary_contrasts,false,false,false,missing_unit_metadata,false,None
230901,ses230901-units-probe0-spk-AAAB.npy,406,3,569,null_or_unclassified,null_or_unclassified,No active phenotype detected,0.05,0.3,within_session_all_units_all_primary_contrasts,false,false,false,missing_unit_metadata,false,None
230901,ses230901-units-probe0-spk-AAAB.npy,407,3,569,null_or_unclassified,null_or_unclassified,No active phenotype detected,0.05,0.3,within_session_all_units_all_primary_contrasts,false,false,false,missing_unit_metadata,false,None
230901,ses230901-units-probe0-spk-AAAB.npy,408,3,569,null_or_unclassified,null_or_unclassified,No active phenotype detected,0.05,0.3,within_session_all_units_all_primary_contrasts,false,false,false,missing_unit_metadata,false,None
230901,ses230901-units-probe0-spk-AAAB.npy,409,3,569,null_or_unclassified,null_or_unclassified,No active phenotype detected,0.05,0.3,within_session_all_units_all_primary_contrasts,false,false,false,missing_unit_metadata,false,None
230901,ses230901-units-probe0-spk-AAAB.npy,410,3,569,null_or_unclassified,null_or_unclassified,No active phenotype detected,0.05,0.3,within_session_all_units_all_primary_contrasts,false,false,false,missing_unit_metadata,false,None
230901,ses230901-units-probe0-spk-AAAB.npy,411,3,569,null_or_unclassified,null_or_unclassified,No active phenotype detected,0.05,0.3,within_session_all_units_all_primary_contrasts,false,false,false,missing_unit_metadata,false,None
230901,ses230901-units-probe0-spk-AAAB.npy,412,3,569,null_or_unclassified,null_or_unclassified,No active phenotype detected,0.05,0.3,within_session_all_units_all_primary_contrasts,false,false,false,missing_unit_metadata,false,None
230901,ses230901-units-probe0-spk-AAAB.npy,413,3,569,null_or_unclassified,null_or_unclassified,No active phenotype detected,0.05,0.3,within_session_all_units_all_primary_contrasts,false,false,false,missing_unit_metadata,false,None
230901,ses230901-units-probe0-spk-AAAB.npy,414,3,569,null_or_unclassified,null_or_unclassified,No active phenotype detected,0.05,0.3,within_session_all_units_all_primary_contrasts,false,false,false,missing_unit_metadata,false,None
230901,ses230901-units-probe0-spk-AAAB.npy,415,3,569,null_or_unclassified,null_or_unclassified,No active phenotype detected,0.05,0.3,within_session_all_units_all_primary_contrasts,false,false,false,missing_unit_metadata,false,None
230901,ses230901-units-probe0-spk-AAAB.npy,416,3,569,null_or_unclassified,null_or_unclassified,No active phenotype detected,0.05,0.3,within_session_all_units_all_primary_contrasts,false,false,false,missing_unit_metadata,false,None
230901,ses230901-units-probe0-spk-AAAB.npy,417,3,569,null_or_unclassified,null_or_unclassified,No active phenotype detected,0.05,0.3,within_session_all_units_all_primary_contrasts,false,false,false,missing_unit_metadata,false,None
230901,ses230901-units-probe0-spk-AAAB.npy,418,3,569,null_or_unclassified,null_or_unclassified,No active phenotype detected,0.05,0.3,within_session_all_units_all_primary_contrasts,false,false,false,missing_unit_metadata,false,None
230901,ses230901-units-probe0-spk-AAAB.npy,419,3,569,null_or_unclassified,null_or_unclassified,No active phenotype detected,0.05,0.3,within_session_all_units_all_primary_contrasts,false,false,false,missing_unit_metadata,false,None
230901,ses230901-units-probe0-spk-AAAB.npy,420,3,569,null_or_unclassified,null_or_unclassified,No active phenotype detected,0.05,0.3,within_session_all_units_all_primary_contrasts,false,false,false,missing_unit_metadata,false,None
230901,ses230901-units-probe0-spk-AAAB.npy,421,3,569,null_or_unclassified,null_or_unclassified,No active phenotype detected,0.05,0.3,within_session_all_units_all_primary_contrasts,false,false,false,missing_unit_metadata,false,None
230901,ses230901-units-probe0-spk-AAAB.npy,422,3,569,null_or_unclassified,null_or_unclassified,No active phenotype detected,0.05,0.3,within_session_all_units_all_primary_contrasts,false,false,false,missing_unit_metadata,false,None
230901,ses230901-units-probe0-spk-AAAB.npy,423,3,569,null_or_unclassified,null_or_unclassified,No active phenotype detected,0.05,0.3,within_session_all_units_all_primary_contrasts,false,false,false,missing_unit_metadata,false,None
230901,ses230901-units-probe0-spk-AAAB.npy,424,3,569,null_or_unclassified,null_or_unclassified,No active phenotype detected,0.05,0.3,within_session_all_units_all_primary_contrasts,false,false,false,missing_unit_metadata,false,None
230901,ses230901-units-probe0-spk-AAAB.npy,425,3,569,null_or_unclassified,null_or_unclassified,No active phenotype detected,0.05,0.3,within_session_all_units_all_primary_contrasts,false,false,false,missing_unit_metadata,false,None
230901,ses230901-units-probe0-spk-AAAB.npy,426,3,569,null_or_unclassified,null_or_unclassified,No active phenotype detected,0.05,0.3,within_session_all_units_all_primary_contrasts,false,false,false,missing_unit_metadata,false,None
230901,ses230901-units-probe0-spk-AAAB.npy,427,3,569,null_or_unclassified,null_or_unclassified,No active phenotype detected,0.05,0.3,within_session_all_units_all_primary_contrasts,false,false,false,missing_unit_metadata,false,None
230901,ses230901-units-probe0-spk-AAAB.npy,428,3,569,null_or_unclassified,null_or_unclassified,No active phenotype detected,0.05,0.3,within_session_all_units_all_primary_contrasts,false,false,false,missing_unit_metadata,false,None
230901,ses230901-units-probe0-spk-AAAB.npy,429,3,569,null_or_unclassified,null_or_unclassified,No active phenotype detected,0.05,0.3,within_session_all_units_all_primary_contrasts,false,false,false,missing_unit_metadata,false,None
230901,ses230901-units-probe0-spk-AAAB.npy,430,3,569,null_or_unclassified,null_or_unclassified,No active phenotype detected,0.05,0.3,within_session_all_units_all_primary_contrasts,false,false,false,missing_unit_metadata,false,None
230901,ses230901-units-probe0-spk-AAAB.npy,431,3,569,null_or_unclassified,null_or_unclassified,No active phenotype detected,0.05,0.3,within_session_all_units_all_primary_contrasts,false,false,false,missing_unit_metadata,false,None
230901,ses230901-units-probe0-spk-AAAB.npy,432,3,569,null_or_unclassified,null_or_unclassified,No active phenotype detected,0.05,0.3,within_session_all_units_all_primary_contrasts,false,false,false,missing_unit_metadata,false,None
230901,ses230901-units-probe0-spk-AAAB.npy,433,3,569,null_or_unclassified,null_or_unclassified,No active phenotype detected,0.05,0.3,within_session_all_units_all_primary_contrasts,false,false,false,missing_unit_metadata,false,None
230901,ses230901-units-probe0-spk-AAAB.npy,434,3,569,null_or_unclassified,null_or_unclassified,No active phenotype detected,0.05,0.3,within_session_all_units_all_primary_contrasts,false,false,false,missing_unit_metadata,false,None
230901,ses230901-units-probe0-spk-AAAB.npy,435,3,569,null_or_unclassified,null_or_unclassified,No active phenotype detected,0.05,0.3,within_session_all_units_all_primary_contrasts,false,false,false,missing_unit_metadata,false,None
230901,ses230901-units-probe0-spk-AAAB.npy,436,3,569,null_or_unclassified,null_or_unclassified,No active phenotype detected,0.05,0.3,within_session_all_units_all_primary_contrasts,false,false,false,missing_unit_metadata,false,None
230901,ses230901-units-probe0-spk-AAAB.npy,437,3,569,null_or_unclassified,null_or_unclassified,No active phenotype detected,0.05,0.3,within_session_all_units_all_primary_contrasts,false,false,false,missing_unit_metadata,false,None
230901,ses230901-units-probe0-spk-AAAB.npy,438,3,569,null_or_unclassified,null_or_unclassified,No active phenotype detected,0.05,0.3,within_session_all_units_all_primary_contrasts,false,false,false,missing_unit_metadata,false,None
230901,ses230901-units-probe0-spk-AAAB.npy,439,3,569,null_or_unclassified,null_or_unclassified,No active phenotype detected,0.05,0.3,within_session_all_units_all_primary_contrasts,false,false,false,missing_unit_metadata,false,None
230901,ses230901-units-probe0-spk-AAAB.npy,440,3,569,null_or_unclassified,null_or_unclassified,No active phenotype detected,0.05,0.3,within_session_all_units_all_primary_contrasts,false,false,false,missing_unit_metadata,false,None
230901,ses230901-units-probe0-spk-AAAB.npy,441,3,569,null_or_unclassified,null_or_unclassified,No active phenotype detected,0.05,0.3,within_session_all_units_all_primary_contrasts,false,false,false,missing_unit_metadata,false,None
230901,ses230901-units-probe0-spk-AAAB.npy,442,3,569,null_or_unclassified,null_or_unclassified,No active phenotype detected,0.05,0.3,within_session_all_units_all_primary_contrasts,false,false,false,missing_unit_metadata,false,None
230901,ses230901-units-probe0-spk-AAAB.npy,443,3,569,null_or_unclassified,null_or_unclassified,No active phenotype detected,0.05,0.3,within_session_all_units_all_primary_contrasts,false,false,false,missing_unit_metadata,false,None
230901,ses230901-units-probe0-spk-AAAB.npy,444,3,569,null_or_unclassified,null_or_unclassified,No active phenotype detected,0.05,0.3,within_session_all_units_all_primary_contrasts,false,false,false,missing_unit_metadata,false,None
230901,ses230901-units-probe0-spk-AAAB.npy,445,3,569,null_or_unclassified,null_or_unclassified,No active phenotype detected,0.05,0.3,within_session_all_units_all_primary_contrasts,false,false,false,missing_unit_metadata,false,None
230901,ses230901-units-probe0-spk-AAAB.npy,446,3,569,null_or_unclassified,null_or_unclassified,No active phenotype detected,0.05,0.3,within_session_all_units_all_primary_contrasts,false,false,false,missing_unit_metadata,false,None
230901,ses230901-units-probe0-spk-AAAB.npy,447,3,569,null_or_unclassified,null_or_unclassified,No active phenotype detected,0.05,0.3,within_session_all_units_all_primary_contrasts,false,false,false,missing_unit_metadata,false,None
230901,ses230901-units-probe0-spk-AAAB.npy,448,3,569,null_or_unclassified,null_or_unclassified,No active phenotype detected,0.05,0.3,within_session_all_units_all_primary_contrasts,false,false,false,missing_unit_metadata,false,None
230901,ses230901-units-probe0-spk-AAAB.npy,449,3,569,null_or_unclassified,null_or_unclassified,No active phenotype detected,0.05,0.3,within_session_all_units_all_primary_contrasts,false,false,false,missing_unit_metadata,false,None
230901,ses230901-units-probe0-spk-AAAB.npy,450,3,569,null_or_unclassified,null_or_unclassified,No active phenotype detected,0.05,0.3,within_session_all_units_all_primary_contrasts,false,false,false,missing_unit_metadata,false,None
230901,ses230901-units-probe0-spk-AAAB.npy,451,3,569,null_or_unclassified,null_or_unclassified,No active phenotype detected,0.05,0.3,within_session_all_units_all_primary_contrasts,false,false,false,missing_unit_metadata,false,None
230901,ses230901-units-probe0-spk-AAAB.npy,452,3,569,null_or_unclassified,null_or_unclassified,No active phenotype detected,0.05,0.3,within_session_all_units_all_primary_contrasts,false,false,false,missing_unit_metadata,false,None
230901,ses230901-units-probe0-spk-AAAB.npy,453,3,569,null_or_unclassified,null_or_unclassified,No active phenotype detected,0.05,0.3,within_session_all_units_all_primary_contrasts,false,false,false,missing_unit_metadata,false,None
230901,ses230901-units-probe0-spk-AAAB.npy,454,3,569,null_or_unclassified,null_or_unclassified,No active phenotype detected,0.05,0.3,within_session_all_units_all_primary_contrasts,false,false,false,missing_unit_metadata,false,None
230901,ses230901-units-probe0-spk-AAAB.npy,455,3,569,null_or_unclassified,null_or_unclassified,No active phenotype detected,0.05,0.3,within_session_all_units_all_primary_contrasts,false,false,false,missing_unit_metadata,false,None
230901,ses230901-units-probe0-spk-AAAB.npy,456,3,569,null_or_unclassified,null_or_unclassified,No active phenotype detected,0.05,0.3,within_session_all_units_all_primary_contrasts,false,false,false,missing_unit_metadata,false,None
230901,ses230901-units-probe0-spk-AAAB.npy,457,3,569,null_or_unclassified,null_or_unclassified,No active phenotype detected,0.05,0.3,within_session_all_units_all_primary_contrasts,false,false,false,missing_unit_metadata,false,None
230901,ses230901-units-probe0-spk-AAAB.npy,458,3,569,null_or_unclassified,null_or_unclassified,No active phenotype detected,0.05,0.3,within_session_all_units_all_primary_contrasts,false,false,false,missing_unit_metadata,false,None
230901,ses230901-units-probe0-spk-AAAB.npy,459,3,569,null_or_unclassified,null_or_unclassified,No active phenotype detected,0.05,0.3,within_session_all_units_all_primary_contrasts,false,false,false,missing_unit_metadata,false,None
230901,ses230901-units-probe0-spk-AAAB.npy,460,3,569,null_or_unclassified,null_or_unclassified,No active phenotype detected,0.05,0.3,within_session_all_units_all_primary_contrasts,false,false,false,missing_unit_metadata,false,None
230901,ses230901-units-probe0-spk-AAAB.npy,461,3,569,null_or_unclassified,null_or_unclassified,No active phenotype detected,0.05,0.3,within_session_all_units_all_primary_contrasts,false,false,false,missing_unit_metadata,false,None
230901,ses230901-units-probe0-spk-AAAB.npy,462,3,569,null_or_unclassified,null_or_unclassified,No active phenotype detected,0.05,0.3,within_session_all_units_all_primary_contrasts,false,false,false,missing_unit_metadata,false,None
230901,ses230901-units-probe0-spk-AAAB.npy,463,3,569,null_or_unclassified,null_or_unclassified,No active phenotype detected,0.05,0.3,within_session_all_units_all_primary_contrasts,false,false,false,missing_unit_metadata,false,None
230901,ses230901-units-probe0-spk-AAAB.npy,464,3,569,null_or_unclassified,null_or_unclassified,No active phenotype detected,0.05,0.3,within_session_all_units_all_primary_contrasts,false,false,false,missing_unit_metadata,false,None
230901,ses230901-units-probe0-spk-AAAB.npy,465,3,569,null_or_unclassified,null_or_unclassified,No active phenotype detected,0.05,0.3,within_session_all_units_all_primary_contrasts,false,false,false,missing_unit_metadata,false,None
230901,ses230901-units-probe0-spk-AAAB.npy,466,3,569,null_or_unclassified,null_or_unclassified,No active phenotype detected,0.05,0.3,within_session_all_units_all_primary_contrasts,false,false,false,missing_unit_metadata,false,None
230901,ses230901-units-probe0-spk-AAAB.npy,467,3,569,null_or_unclassified,null_or_unclassified,No active phenotype detected,0.05,0.3,within_session_all_units_all_primary_contrasts,false,false,false,missing_unit_metadata,false,None
230901,ses230901-units-probe0-spk-AAAB.npy,468,3,569,null_or_unclassified,null_or_unclassified,No active phenotype detected,0.05,0.3,within_session_all_units_all_primary_contrasts,false,false,false,missing_unit_metadata,false,None
230901,ses230901-units-probe0-spk-AAAB.npy,469,3,569,null_or_unclassified,null_or_unclassified,No active phenotype detected,0.05,0.3,within_session_all_units_all_primary_contrasts,false,false,false,missing_unit_metadata,false,None
230901,ses230901-units-probe0-spk-AAAB.npy,470,3,569,null_or_unclassified,null_or_unclassified,No active phenotype detected,0.05,0.3,within_session_all_units_all_primary_contrasts,false,false,false,missing_unit_metadata,false,None
230901,ses230901-units-probe0-spk-AAAB.npy,471,3,569,null_or_unclassified,null_or_unclassified,No active phenotype detected,0.05,0.3,within_session_all_units_all_primary_contrasts,false,false,false,missing_unit_metadata,false,None
230901,ses230901-units-probe0-spk-AAAB.npy,472,3,569,null_or_unclassified,null_or_unclassified,No active phenotype detected,0.05,0.3,within_session_all_units_all_primary_contrasts,false,false,false,missing_unit_metadata,false,None
230901,ses230901-units-probe0-spk-AAAB.npy,473,3,569,null_or_unclassified,null_or_unclassified,No active phenotype detected,0.05,0.3,within_session_all_units_all_primary_contrasts,false,false,false,missing_unit_metadata,false,None
230901,ses230901-units-probe0-spk-AAAB.npy,474,3,569,null_or_unclassified,null_or_unclassified,No active phenotype detected,0.05,0.3,within_session_all_units_all_primary_contrasts,false,false,false,missing_unit_metadata,false,None
230901,ses230901-units-probe0-spk-AAAB.npy,475,3,569,S_plus_candidate,S_plus_candidate,P1 stimulus activation passed,0.05,0.3,within_session_all_units_all_primary_contrasts,false,false,false,missing_unit_metadata,false,None
230901,ses230901-units-probe0-spk-AAAB.npy,476,3,569,null_or_unclassified,null_or_unclassified,No active phenotype detected,0.05,0.3,within_session_all_units_all_primary_contrasts,false,false,false,missing_unit_metadata,false,None
230901,ses230901-units-probe0-spk-AAAB.npy,477,3,569,null_or_unclassified,null_or_unclassified,No active phenotype detected,0.05,0.3,within_session_all_units_all_primary_contrasts,false,false,false,missing_unit_metadata,false,None
230901,ses230901-units-probe0-spk-AAAB.npy,478,3,569,null_or_unclassified,null_or_unclassified,No active phenotype detected,0.05,0.3,within_session_all_units_all_primary_contrasts,false,false,false,missing_unit_metadata,false,None
230901,ses230901-units-probe0-spk-AAAB.npy,479,3,569,null_or_unclassified,null_or_unclassified,No active phenotype detected,0.05,0.3,within_session_all_units_all_primary_contrasts,false,false,false,missing_unit_metadata,false,None
230901,ses230901-units-probe0-spk-AAAB.npy,480,3,569,null_or_unclassified,null_or_unclassified,No active phenotype detected,0.05,0.3,within_session_all_units_all_primary_contrasts,false,false,false,missing_unit_metadata,false,None
230901,ses230901-units-probe0-spk-AAAB.npy,481,3,569,null_or_unclassified,null_or_unclassified,No active phenotype detected,0.05,0.3,within_session_all_units_all_primary_contrasts,false,false,false,missing_unit_metadata,false,None
230901,ses230901-units-probe0-spk-AAAB.npy,482,3,569,null_or_unclassified,null_or_unclassified,No active phenotype detected,0.05,0.3,within_session_all_units_all_primary_contrasts,false,false,false,missing_unit_metadata,false,None
230901,ses230901-units-probe0-spk-AAAB.npy,483,3,569,null_or_unclassified,null_or_unclassified,No active phenotype detected,0.05,0.3,within_session_all_units_all_primary_contrasts,false,false,false,missing_unit_metadata,false,None
230901,ses230901-units-probe0-spk-AAAB.npy,484,3,569,null_or_unclassified,null_or_unclassified,No active phenotype detected,0.05,0.3,within_session_all_units_all_primary_contrasts,false,false,false,missing_unit_metadata,false,None
230901,ses230901-units-probe0-spk-AAAB.npy,485,3,569,null_or_unclassified,null_or_unclassified,No active phenotype detected,0.05,0.3,within_session_all_units_all_primary_contrasts,false,false,false,missing_unit_metadata,false,None
230901,ses230901-units-probe0-spk-AAAB.npy,486,3,569,null_or_unclassified,null_or_unclassified,No active phenotype detected,0.05,0.3,within_session_all_units_all_primary_contrasts,false,false,false,missing_unit_metadata,false,None
230901,ses230901-units-probe0-spk-AAAB.npy,487,3,569,null_or_unclassified,null_or_unclassified,No active phenotype detected,0.05,0.3,within_session_all_units_all_primary_contrasts,false,false,false,missing_unit_metadata,false,None
230901,ses230901-units-probe0-spk-AAAB.npy,488,3,569,null_or_unclassified,null_or_unclassified,No active phenotype detected,0.05,0.3,within_session_all_units_all_primary_contrasts,false,false,false,missing_unit_metadata,false,None
230901,ses230901-units-probe0-spk-AAAB.npy,489,3,569,null_or_unclassified,null_or_unclassified,No active phenotype detected,0.05,0.3,within_session_all_units_all_primary_contrasts,false,false,false,missing_unit_metadata,false,None
230901,ses230901-units-probe0-spk-AAAB.npy,490,3,569,null_or_unclassified,null_or_unclassified,No active phenotype detected,0.05,0.3,within_session_all_units_all_primary_contrasts,false,false,false,missing_unit_metadata,false,None
230901,ses230901-units-probe0-spk-AAAB.npy,491,3,569,null_or_unclassified,null_or_unclassified,No active phenotype detected,0.05,0.3,within_session_all_units_all_primary_contrasts,false,false,false,missing_unit_metadata,false,None
230901,ses230901-units-probe0-spk-AAAB.npy,492,3,569,null_or_unclassified,null_or_unclassified,No active phenotype detected,0.05,0.3,within_session_all_units_all_primary_contrasts,false,false,false,missing_unit_metadata,false,None
230901,ses230901-units-probe0-spk-AAAB.npy,493,3,569,null_or_unclassified,null_or_unclassified,No active phenotype detected,0.05,0.3,within_session_all_units_all_primary_contrasts,false,false,false,missing_unit_metadata,false,None
230901,ses230901-units-probe0-spk-AAAB.npy,494,3,569,null_or_unclassified,null_or_unclassified,No active phenotype detected,0.05,0.3,within_session_all_units_all_primary_contrasts,false,false,false,missing_unit_metadata,false,None
230901,ses230901-units-probe0-spk-AAAB.npy,495,3,569,null_or_unclassified,null_or_unclassified,No active phenotype detected,0.05,0.3,within_session_all_units_all_primary_contrasts,false,false,false,missing_unit_metadata,false,None
230901,ses230901-units-probe0-spk-AAAB.npy,496,3,569,S_plus_candidate,S_plus_candidate,P1 stimulus activation passed,0.05,0.3,within_session_all_units_all_primary_contrasts,false,false,false,missing_unit_metadata,false,None
230901,ses230901-units-probe0-spk-AAAB.npy,497,3,569,S_minus_candidate,S_minus_candidate,P1 stimulus suppression passed,0.05,0.3,within_session_all_units_all_primary_contrasts,false,false,false,missing_unit_metadata,false,None
230901,ses230901-units-probe0-spk-AAAB.npy,498,3,569,null_or_unclassified,null_or_unclassified,No active phenotype detected,0.05,0.3,within_session_all_units_all_primary_contrasts,false,false,false,missing_unit_metadata,false,None
230901,ses230901-units-probe0-spk-AAAB.npy,499,3,569,null_or_unclassified,null_or_unclassified,No active phenotype detected,0.05,0.3,within_session_all_units_all_primary_contrasts,false,false,false,missing_unit_metadata,false,None
230901,ses230901-units-probe0-spk-AAAB.npy,500,3,569,null_or_unclassified,null_or_unclassified,No active phenotype detected,0.05,0.3,within_session_all_units_all_primary_contrasts,false,false,false,missing_unit_metadata,false,None
230901,ses230901-units-probe0-spk-AAAB.npy,501,3,569,null_or_unclassified,null_or_unclassified,No active phenotype detected,0.05,0.3,within_session_all_units_all_primary_contrasts,false,false,false,missing_unit_metadata,false,None
230901,ses230901-units-probe0-spk-AAAB.npy,502,3,569,null_or_unclassified,null_or_unclassified,No active phenotype detected,0.05,0.3,within_session_all_units_all_primary_contrasts,false,false,false,missing_unit_metadata,false,None
230901,ses230901-units-probe0-spk-AAAB.npy,503,3,569,null_or_unclassified,null_or_unclassified,No active phenotype detected,0.05,0.3,within_session_all_units_all_primary_contrasts,false,false,false,missing_unit_metadata,false,None
230901,ses230901-units-probe0-spk-AAAB.npy,504,3,569,null_or_unclassified,null_or_unclassified,No active phenotype detected,0.05,0.3,within_session_all_units_all_primary_contrasts,false,false,false,missing_unit_metadata,false,None
230901,ses230901-units-probe0-spk-AAAB.npy,505,3,569,null_or_unclassified,null_or_unclassified,No active phenotype detected,0.05,0.3,within_session_all_units_all_primary_contrasts,false,false,false,missing_unit_metadata,false,None
230901,ses230901-units-probe0-spk-AAAB.npy,506,3,569,null_or_unclassified,null_or_unclassified,No active phenotype detected,0.05,0.3,within_session_all_units_all_primary_contrasts,false,false,false,missing_unit_metadata,false,None
230901,ses230901-units-probe0-spk-AAAB.npy,507,3,569,null_or_unclassified,null_or_unclassified,No active phenotype detected,0.05,0.3,within_session_all_units_all_primary_contrasts,false,false,false,missing_unit_metadata,false,None
