session_id,unit_axis_index,probe_id,nwb_profile_found,peak_channel_id_raw,nwb_probe_location,probe_local_channel_mod128,channel_interpretation,recovered_canonical_area,dp_alias_applied,final_diagnostic_status
230629,0,0,true,0,"V1,V2",0,local_0_based,V1,false,recovered_heuristic_equal_segment
230629,1,0,true,0,"V1,V2",0,local_0_based,V1,false,recovered_heuristic_equal_segment
230629,2,0,true,0,"V1,V2",0,local_0_based,V1,false,recovered_heuristic_equal_segment
230629,3,0,true,0,"V1,V2",0,local_0_based,V1,false,recovered_heuristic_equal_segment
230629,4,0,true,1,"V1,V2",1,local_0_based,V1,false,recovered_heuristic_equal_segment
230629,5,0,true,127,"V1,V2",127,local_0_based,V2,false,recovered_heuristic_equal_segment
230629,6,0,true,127,"V1,V2",127,local_0_based,V2,false,recovered_heuristic_equal_segment
230629,7,0,true,126,"V1,V2",126,local_0_based,V2,false,recovered_heuristic_equal_segment
230629,8,0,true,2,"V1,V2",2,local_0_based,V1,false,recovered_heuristic_equal_segment
230629,9,0,true,2,"V1,V2",2,local_0_based,V1,false,recovered_heuristic_equal_segment
230629,10,0,true,4,"V1,V2",4,local_0_based,V1,false,recovered_heuristic_equal_segment
230629,11,0,true,4,"V1,V2",4,local_0_based,V1,false,recovered_heuristic_equal_segment
230629,12,0,true,4,"V1,V2",4,local_0_based,V1,false,recovered_heuristic_equal_segment
230629,13,0,true,5,"V1,V2",5,local_0_based,V1,false,recovered_heuristic_equal_segment
230629,14,0,true,5,"V1,V2",5,local_0_based,V1,false,recovered_heuristic_equal_segment
230629,15,0,true,122,"V1,V2",122,local_0_based,V2,false,recovered_heuristic_equal_segment
230629,16,0,true,6,"V1,V2",6,local_0_based,V1,false,recovered_heuristic_equal_segment
230629,17,0,true,6,"V1,V2",6,local_0_based,V1,false,recovered_heuristic_equal_segment
230629,18,0,true,6,"V1,V2",6,local_0_based,V1,false,recovered_heuristic_equal_segment
230629,19,0,true,120,"V1,V2",120,local_0_based,V2,false,recovered_heuristic_equal_segment
230629,20,0,true,8,"V1,V2",8,local_0_based,V1,false,recovered_heuristic_equal_segment
230629,21,0,true,9,"V1,V2",9,local_0_based,V1,false,recovered_heuristic_equal_segment
230629,22,0,true,118,"V1,V2",118,local_0_based,V2,false,recovered_heuristic_equal_segment
230629,23,0,true,118,"V1,V2",118,local_0_based,V2,false,recovered_heuristic_equal_segment
230629,24,0,true,10,"V1,V2",10,local_0_based,V1,false,recovered_heuristic_equal_segment
230629,25,0,true,10,"V1,V2",10,local_0_based,V1,false,recovered_heuristic_equal_segment
230629,26,0,true,117,"V1,V2",117,local_0_based,V2,false,recovered_heuristic_equal_segment
230629,27,0,true,117,"V1,V2",117,local_0_based,V2,false,recovered_heuristic_equal_segment
230629,28,0,true,11,"V1,V2",11,local_0_based,V1,false,recovered_heuristic_equal_segment
230629,29,0,true,116,"V1,V2",116,local_0_based,V2,false,recovered_heuristic_equal_segment
230629,30,0,true,12,"V1,V2",12,local_0_based,V1,false,recovered_heuristic_equal_segment
230629,31,0,true,12,"V1,V2",12,local_0_based,V1,false,recovered_heuristic_equal_segment
230629,32,0,true,115,"V1,V2",115,local_0_based,V2,false,recovered_heuristic_equal_segment
230629,33,0,true,13,"V1,V2",13,local_0_based,V1,false,recovered_heuristic_equal_segment
230629,34,0,true,114,"V1,V2",114,local_0_based,V2,false,recovered_heuristic_equal_segment
230629,35,0,true,114,"V1,V2",114,local_0_based,V2,false,recovered_heuristic_equal_segment
230629,36,0,true,14,"V1,V2",14,local_0_based,V1,false,recovered_heuristic_equal_segment
230629,37,0,true,113,"V1,V2",113,local_0_based,V2,false,recovered_heuristic_equal_segment
230629,38,0,true,15,"V1,V2",15,local_0_based,V1,false,recovered_heuristic_equal_segment
230629,39,0,true,112,"V1,V2",112,local_0_based,V2,false,recovered_heuristic_equal_segment
230629,40,0,true,112,"V1,V2",112,local_0_based,V2,false,recovered_heuristic_equal_segment
230629,41,0,true,112,"V1,V2",112,local_0_based,V2,false,recovered_heuristic_equal_segment
230629,42,0,true,16,"V1,V2",16,local_0_based,V1,false,recovered_heuristic_equal_segment
230629,43,0,true,111,"V1,V2",111,local_0_based,V2,false,recovered_heuristic_equal_segment
230629,44,0,true,17,"V1,V2",17,local_0_based,V1,false,recovered_heuristic_equal_segment
230629,45,0,true,17,"V1,V2",17,local_0_based,V1,false,recovered_heuristic_equal_segment
230629,46,0,true,110,"V1,V2",110,local_0_based,V2,false,recovered_heuristic_equal_segment
230629,47,0,true,18,"V1,V2",18,local_0_based,V1,false,recovered_heuristic_equal_segment
230629,48,0,true,18,"V1,V2",18,local_0_based,V1,false,recovered_heuristic_equal_segment
230629,49,0,true,19,"V1,V2",19,local_0_based,V1,false,recovered_heuristic_equal_segment
230629,50,0,true,20,"V1,V2",20,local_0_based,V1,false,recovered_heuristic_equal_segment
230629,51,0,true,20,"V1,V2",20,local_0_based,V1,false,recovered_heuristic_equal_segment
230629,52,0,true,107,"V1,V2",107,local_0_based,V2,false,recovered_heuristic_equal_segment
230629,53,0,true,21,"V1,V2",21,local_0_based,V1,false,recovered_heuristic_equal_segment
230629,54,0,true,22,"V1,V2",22,local_0_based,V1,false,recovered_heuristic_equal_segment
230629,55,0,true,23,"V1,V2",23,local_0_based,V1,false,recovered_heuristic_equal_segment
230629,56,0,true,24,"V1,V2",24,local_0_based,V1,false,recovered_heuristic_equal_segment
230629,57,0,true,24,"V1,V2",24,local_0_based,V1,false,recovered_heuristic_equal_segment
230629,58,0,true,25,"V1,V2",25,local_0_based,V1,false,recovered_heuristic_equal_segment
230629,59,0,true,25,"V1,V2",25,local_0_based,V1,false,recovered_heuristic_equal_segment
230629,60,0,true,102,"V1,V2",102,local_0_based,V2,false,recovered_heuristic_equal_segment
230629,61,0,true,26,"V1,V2",26,local_0_based,V1,false,recovered_heuristic_equal_segment
230629,62,0,true,26,"V1,V2",26,local_0_based,V1,false,recovered_heuristic_equal_segment
230629,63,0,true,26,"V1,V2",26,local_0_based,V1,false,recovered_heuristic_equal_segment
230629,64,0,true,101,"V1,V2",101,local_0_based,V2,false,recovered_heuristic_equal_segment
230629,65,0,true,101,"V1,V2",101,local_0_based,V2,false,recovered_heuristic_equal_segment
230629,66,0,true,101,"V1,V2",101,local_0_based,V2,false,recovered_heuristic_equal_segment
230629,67,0,true,101,"V1,V2",101,local_0_based,V2,false,recovered_heuristic_equal_segment
230629,68,0,true,101,"V1,V2",101,local_0_based,V2,false,recovered_heuristic_equal_segment
230629,69,0,true,27,"V1,V2",27,local_0_based,V1,false,recovered_heuristic_equal_segment
230629,70,0,true,27,"V1,V2",27,local_0_based,V1,false,recovered_heuristic_equal_segment
230629,71,0,true,99,"V1,V2",99,local_0_based,V2,false,recovered_heuristic_equal_segment
230629,72,0,true,99,"V1,V2",99,local_0_based,V2,false,recovered_heuristic_equal_segment
230629,73,0,true,31,"V1,V2",31,local_0_based,V1,false,recovered_heuristic_equal_segment
230629,74,0,true,31,"V1,V2",31,local_0_based,V1,false,recovered_heuristic_equal_segment
230629,75,0,true,29,"V1,V2",29,local_0_based,V1,false,recovered_heuristic_equal_segment
230629,76,0,true,29,"V1,V2",29,local_0_based,V1,false,recovered_heuristic_equal_segment
230629,77,0,true,29,"V1,V2",29,local_0_based,V1,false,recovered_heuristic_equal_segment
230629,78,0,true,98,"V1,V2",98,local_0_based,V2,false,recovered_heuristic_equal_segment
230629,79,0,true,98,"V1,V2",98,local_0_based,V2,false,recovered_heuristic_equal_segment
230629,80,0,true,98,"V1,V2",98,local_0_based,V2,false,recovered_heuristic_equal_segment
230629,81,0,true,98,"V1,V2",98,local_0_based,V2,false,recovered_heuristic_equal_segment
230629,82,0,true,98,"V1,V2",98,local_0_based,V2,false,recovered_heuristic_equal_segment
230629,83,0,true,98,"V1,V2",98,local_0_based,V2,false,recovered_heuristic_equal_segment
230629,84,0,true,30,"V1,V2",30,local_0_based,V1,false,recovered_heuristic_equal_segment
230629,85,0,true,97,"V1,V2",97,local_0_based,V2,false,recovered_heuristic_equal_segment
230629,86,0,true,31,"V1,V2",31,local_0_based,V1,false,recovered_heuristic_equal_segment
230629,87,0,true,31,"V1,V2",31,local_0_based,V1,false,recovered_heuristic_equal_segment
230629,88,0,true,96,"V1,V2",96,local_0_based,V2,false,recovered_heuristic_equal_segment
230629,89,0,true,95,"V1,V2",95,local_0_based,V2,false,recovered_heuristic_equal_segment
230629,90,0,true,95,"V1,V2",95,local_0_based,V2,false,recovered_heuristic_equal_segment
230629,91,0,true,33,"V1,V2",33,local_0_based,V1,false,recovered_heuristic_equal_segment
230629,92,0,true,34,"V1,V2",34,local_0_based,V1,false,recovered_heuristic_equal_segment
230629,93,0,true,94,"V1,V2",94,local_0_based,V2,false,recovered_heuristic_equal_segment
230629,94,0,true,94,"V1,V2",94,local_0_based,V2,false,recovered_heuristic_equal_segment
230629,95,0,true,34,"V1,V2",34,local_0_based,V1,false,recovered_heuristic_equal_segment
230629,96,0,true,34,"V1,V2",34,local_0_based,V1,false,recovered_heuristic_equal_segment
230629,97,0,true,34,"V1,V2",34,local_0_based,V1,false,recovered_heuristic_equal_segment
230629,98,0,true,93,"V1,V2",93,local_0_based,V2,false,recovered_heuristic_equal_segment
230629,99,0,true,35,"V1,V2",35,local_0_based,V1,false,recovered_heuristic_equal_segment
230629,100,0,true,35,"V1,V2",35,local_0_based,V1,false,recovered_heuristic_equal_segment
230629,101,0,true,92,"V1,V2",92,local_0_based,V2,false,recovered_heuristic_equal_segment
230629,102,0,true,92,"V1,V2",92,local_0_based,V2,false,recovered_heuristic_equal_segment
230629,103,0,true,92,"V1,V2",92,local_0_based,V2,false,recovered_heuristic_equal_segment
230629,104,0,true,92,"V1,V2",92,local_0_based,V2,false,recovered_heuristic_equal_segment
230629,105,0,true,36,"V1,V2",36,local_0_based,V1,false,recovered_heuristic_equal_segment
230629,106,0,true,36,"V1,V2",36,local_0_based,V1,false,recovered_heuristic_equal_segment
230629,107,0,true,91,"V1,V2",91,local_0_based,V2,false,recovered_heuristic_equal_segment
230629,108,0,true,91,"V1,V2",91,local_0_based,V2,false,recovered_heuristic_equal_segment
230629,109,0,true,90,"V1,V2",90,local_0_based,V2,false,recovered_heuristic_equal_segment
230629,110,0,true,37,"V1,V2",37,local_0_based,V1,false,recovered_heuristic_equal_segment
230629,111,0,true,37,"V1,V2",37,local_0_based,V1,false,recovered_heuristic_equal_segment
230629,112,0,true,38,"V1,V2",38,local_0_based,V1,false,recovered_heuristic_equal_segment
230629,113,0,true,89,"V1,V2",89,local_0_based,V2,false,recovered_heuristic_equal_segment
230629,114,0,true,89,"V1,V2",89,local_0_based,V2,false,recovered_heuristic_equal_segment
230629,115,0,true,39,"V1,V2",39,local_0_based,V1,false,recovered_heuristic_equal_segment
230629,116,0,true,39,"V1,V2",39,local_0_based,V1,false,recovered_heuristic_equal_segment
230629,117,0,true,39,"V1,V2",39,local_0_based,V1,false,recovered_heuristic_equal_segment
230629,118,0,true,88,"V1,V2",88,local_0_based,V2,false,recovered_heuristic_equal_segment
230629,119,0,true,88,"V1,V2",88,local_0_based,V2,false,recovered_heuristic_equal_segment
230629,120,0,true,88,"V1,V2",88,local_0_based,V2,false,recovered_heuristic_equal_segment
230629,121,0,true,37,"V1,V2",37,local_0_based,V1,false,recovered_heuristic_equal_segment
230629,122,0,true,88,"V1,V2",88,local_0_based,V2,false,recovered_heuristic_equal_segment
230629,123,0,true,40,"V1,V2",40,local_0_based,V1,false,recovered_heuristic_equal_segment
230629,124,0,true,40,"V1,V2",40,local_0_based,V1,false,recovered_heuristic_equal_segment
230629,125,0,true,87,"V1,V2",87,local_0_based,V2,false,recovered_heuristic_equal_segment
230629,126,0,true,41,"V1,V2",41,local_0_based,V1,false,recovered_heuristic_equal_segment
230629,127,0,true,86,"V1,V2",86,local_0_based,V2,false,recovered_heuristic_equal_segment
230629,128,0,true,86,"V1,V2",86,local_0_based,V2,false,recovered_heuristic_equal_segment
230629,129,0,true,42,"V1,V2",42,local_0_based,V1,false,recovered_heuristic_equal_segment
230629,130,0,true,43,"V1,V2",43,local_0_based,V1,false,recovered_heuristic_equal_segment
230629,131,0,true,85,"V1,V2",85,local_0_based,V2,false,recovered_heuristic_equal_segment
230629,132,0,true,43,"V1,V2",43,local_0_based,V1,false,recovered_heuristic_equal_segment
230629,133,0,true,84,"V1,V2",84,local_0_based,V2,false,recovered_heuristic_equal_segment
230629,134,0,true,84,"V1,V2",84,local_0_based,V2,false,recovered_heuristic_equal_segment
230629,135,0,true,84,"V1,V2",84,local_0_based,V2,false,recovered_heuristic_equal_segment
230629,136,0,true,84,"V1,V2",84,local_0_based,V2,false,recovered_heuristic_equal_segment
230629,137,0,true,44,"V1,V2",44,local_0_based,V1,false,recovered_heuristic_equal_segment
230629,138,0,true,44,"V1,V2",44,local_0_based,V1,false,recovered_heuristic_equal_segment
230629,139,0,true,44,"V1,V2",44,local_0_based,V1,false,recovered_heuristic_equal_segment
230629,140,0,true,44,"V1,V2",44,local_0_based,V1,false,recovered_heuristic_equal_segment
230629,141,0,true,44,"V1,V2",44,local_0_based,V1,false,recovered_heuristic_equal_segment
230629,142,0,true,44,"V1,V2",44,local_0_based,V1,false,recovered_heuristic_equal_segment
230629,143,0,true,83,"V1,V2",83,local_0_based,V2,false,recovered_heuristic_equal_segment
230629,144,0,true,83,"V1,V2",83,local_0_based,V2,false,recovered_heuristic_equal_segment
230629,145,0,true,45,"V1,V2",45,local_0_based,V1,false,recovered_heuristic_equal_segment
230629,146,0,true,82,"V1,V2",82,local_0_based,V2,false,recovered_heuristic_equal_segment
230629,147,0,true,47,"V1,V2",47,local_0_based,V1,false,recovered_heuristic_equal_segment
230629,148,0,true,47,"V1,V2",47,local_0_based,V1,false,recovered_heuristic_equal_segment
230629,149,0,true,79,"V1,V2",79,local_0_based,V2,false,recovered_heuristic_equal_segment
230629,150,0,true,50,"V1,V2",50,local_0_based,V1,false,recovered_heuristic_equal_segment
230629,151,0,true,50,"V1,V2",50,local_0_based,V1,false,recovered_heuristic_equal_segment
230629,152,0,true,56,"V1,V2",56,local_0_based,V1,false,recovered_heuristic_equal_segment
230629,153,0,true,51,"V1,V2",51,local_0_based,V1,false,recovered_heuristic_equal_segment
230629,154,0,true,56,"V1,V2",56,local_0_based,V1,false,recovered_heuristic_equal_segment
230629,155,0,true,51,"V1,V2",51,local_0_based,V1,false,recovered_heuristic_equal_segment
230629,156,0,true,76,"V1,V2",76,local_0_based,V2,false,recovered_heuristic_equal_segment
230629,157,0,true,52,"V1,V2",52,local_0_based,V1,false,recovered_heuristic_equal_segment
230629,158,0,true,75,"V1,V2",75,local_0_based,V2,false,recovered_heuristic_equal_segment
230629,159,0,true,53,"V1,V2",53,local_0_based,V1,false,recovered_heuristic_equal_segment
230629,160,0,true,53,"V1,V2",53,local_0_based,V1,false,recovered_heuristic_equal_segment
230629,161,0,true,74,"V1,V2",74,local_0_based,V2,false,recovered_heuristic_equal_segment
230629,162,0,true,54,"V1,V2",54,local_0_based,V1,false,recovered_heuristic_equal_segment
230629,163,0,true,54,"V1,V2",54,local_0_based,V1,false,recovered_heuristic_equal_segment
230629,164,0,true,54,"V1,V2",54,local_0_based,V1,false,recovered_heuristic_equal_segment
230629,165,0,true,54,"V1,V2",54,local_0_based,V1,false,recovered_heuristic_equal_segment
230629,166,0,true,73,"V1,V2",73,local_0_based,V2,false,recovered_heuristic_equal_segment
230629,167,0,true,73,"V1,V2",73,local_0_based,V2,false,recovered_heuristic_equal_segment
230629,168,0,true,57,"V1,V2",57,local_0_based,V1,false,recovered_heuristic_equal_segment
230629,169,0,true,55,"V1,V2",55,local_0_based,V1,false,recovered_heuristic_equal_segment
230629,170,0,true,55,"V1,V2",55,local_0_based,V1,false,recovered_heuristic_equal_segment
230629,171,0,true,55,"V1,V2",55,local_0_based,V1,false,recovered_heuristic_equal_segment
230629,172,0,true,55,"V1,V2",55,local_0_based,V1,false,recovered_heuristic_equal_segment
230629,173,0,true,72,"V1,V2",72,local_0_based,V2,false,recovered_heuristic_equal_segment
230629,174,0,true,56,"V1,V2",56,local_0_based,V1,false,recovered_heuristic_equal_segment
230629,175,0,true,56,"V1,V2",56,local_0_based,V1,false,recovered_heuristic_equal_segment
230629,176,0,true,57,"V1,V2",57,local_0_based,V1,false,recovered_heuristic_equal_segment
230629,177,0,true,57,"V1,V2",57,local_0_based,V1,false,recovered_heuristic_equal_segment
230629,178,0,true,70,"V1,V2",70,local_0_based,V2,false,recovered_heuristic_equal_segment
230629,179,0,true,58,"V1,V2",58,local_0_based,V1,false,recovered_heuristic_equal_segment
230629,180,0,true,58,"V1,V2",58,local_0_based,V1,false,recovered_heuristic_equal_segment
230629,181,0,true,59,"V1,V2",59,local_0_based,V1,false,recovered_heuristic_equal_segment
230629,182,0,true,67,"V1,V2",67,local_0_based,V2,false,recovered_heuristic_equal_segment
230629,183,0,true,67,"V1,V2",67,local_0_based,V2,false,recovered_heuristic_equal_segment
230629,184,0,true,67,"V1,V2",67,local_0_based,V2,false,recovered_heuristic_equal_segment
230629,185,0,true,67,"V1,V2",67,local_0_based,V2,false,recovered_heuristic_equal_segment
230629,186,0,true,66,"V1,V2",66,local_0_based,V2,false,recovered_heuristic_equal_segment
230629,187,0,true,66,"V1,V2",66,local_0_based,V2,false,recovered_heuristic_equal_segment
230629,188,0,true,66,"V1,V2",66,local_0_based,V2,false,recovered_heuristic_equal_segment
230629,189,0,true,66,"V1,V2",66,local_0_based,V2,false,recovered_heuristic_equal_segment
230629,190,0,true,66,"V1,V2",66,local_0_based,V2,false,recovered_heuristic_equal_segment
230629,191,0,true,66,"V1,V2",66,local_0_based,V2,false,recovered_heuristic_equal_segment
230629,192,0,true,66,"V1,V2",66,local_0_based,V2,false,recovered_heuristic_equal_segment
230629,193,0,true,62,"V1,V2",62,local_0_based,V1,false,recovered_heuristic_equal_segment
230629,194,0,true,65,"V1,V2",65,local_0_based,V2,false,recovered_heuristic_equal_segment
230629,195,0,true,62,"V1,V2",62,local_0_based,V1,false,recovered_heuristic_equal_segment
230629,196,0,true,63,"V1,V2",63,local_0_based,V1,false,recovered_heuristic_equal_segment
230629,197,0,true,62,"V1,V2",62,local_0_based,V1,false,recovered_heuristic_equal_segment
230629,198,0,true,8,"V1,V2",8,local_0_based,V1,false,recovered_heuristic_equal_segment
230629,199,0,true,8,"V1,V2",8,local_0_based,V1,false,recovered_heuristic_equal_segment
230629,200,0,true,11,"V1,V2",11,local_0_based,V1,false,recovered_heuristic_equal_segment
230629,201,0,true,114,"V1,V2",114,local_0_based,V2,false,recovered_heuristic_equal_segment
230629,202,0,true,113,"V1,V2",113,local_0_based,V2,false,recovered_heuristic_equal_segment
230629,203,0,true,17,"V1,V2",17,local_0_based,V1,false,recovered_heuristic_equal_segment
230629,204,0,true,24,"V1,V2",24,local_0_based,V1,false,recovered_heuristic_equal_segment
230629,205,0,true,24,"V1,V2",24,local_0_based,V1,false,recovered_heuristic_equal_segment
230629,206,0,true,24,"V1,V2",24,local_0_based,V1,false,recovered_heuristic_equal_segment
230629,207,0,true,25,"V1,V2",25,local_0_based,V1,false,recovered_heuristic_equal_segment
230629,208,0,true,26,"V1,V2",26,local_0_based,V1,false,recovered_heuristic_equal_segment
230629,209,0,true,26,"V1,V2",26,local_0_based,V1,false,recovered_heuristic_equal_segment
230629,210,0,true,26,"V1,V2",26,local_0_based,V1,false,recovered_heuristic_equal_segment
230629,211,0,true,26,"V1,V2",26,local_0_based,V1,false,recovered_heuristic_equal_segment
230629,212,0,true,26,"V1,V2",26,local_0_based,V1,false,recovered_heuristic_equal_segment
230629,213,0,true,101,"V1,V2",101,local_0_based,V2,false,recovered_heuristic_equal_segment
230629,214,0,true,101,"V1,V2",101,local_0_based,V2,false,recovered_heuristic_equal_segment
230629,215,0,true,101,"V1,V2",101,local_0_based,V2,false,recovered_heuristic_equal_segment
230629,216,0,true,101,"V1,V2",101,local_0_based,V2,false,recovered_heuristic_equal_segment
230629,217,0,true,27,"V1,V2",27,local_0_based,V1,false,recovered_heuristic_equal_segment
230629,218,0,true,29,"V1,V2",29,local_0_based,V1,false,recovered_heuristic_equal_segment
230629,219,0,true,98,"V1,V2",98,local_0_based,V2,false,recovered_heuristic_equal_segment
230629,220,0,true,98,"V1,V2",98,local_0_based,V2,false,recovered_heuristic_equal_segment
230629,221,0,true,30,"V1,V2",30,local_0_based,V1,false,recovered_heuristic_equal_segment
230629,222,0,true,98,"V1,V2",98,local_0_based,V2,false,recovered_heuristic_equal_segment
230629,223,0,true,30,"V1,V2",30,local_0_based,V1,false,recovered_heuristic_equal_segment
230629,224,0,true,97,"V1,V2",97,local_0_based,V2,false,recovered_heuristic_equal_segment
230629,225,0,true,97,"V1,V2",97,local_0_based,V2,false,recovered_heuristic_equal_segment
230629,226,0,true,31,"V1,V2",31,local_0_based,V1,false,recovered_heuristic_equal_segment
230629,227,0,true,97,"V1,V2",97,local_0_based,V2,false,recovered_heuristic_equal_segment
230629,228,0,true,31,"V1,V2",31,local_0_based,V1,false,recovered_heuristic_equal_segment
230629,229,0,true,97,"V1,V2",97,local_0_based,V2,false,recovered_heuristic_equal_segment
230629,230,0,true,96,"V1,V2",96,local_0_based,V2,false,recovered_heuristic_equal_segment
230629,231,0,true,96,"V1,V2",96,local_0_based,V2,false,recovered_heuristic_equal_segment
230629,232,0,true,95,"V1,V2",95,local_0_based,V2,false,recovered_heuristic_equal_segment
230629,233,0,true,95,"V1,V2",95,local_0_based,V2,false,recovered_heuristic_equal_segment
230629,234,0,true,95,"V1,V2",95,local_0_based,V2,false,recovered_heuristic_equal_segment
230629,235,0,true,33,"V1,V2",33,local_0_based,V1,false,recovered_heuristic_equal_segment
230629,236,0,true,33,"V1,V2",33,local_0_based,V1,false,recovered_heuristic_equal_segment
230629,237,0,true,34,"V1,V2",34,local_0_based,V1,false,recovered_heuristic_equal_segment
230629,238,0,true,94,"V1,V2",94,local_0_based,V2,false,recovered_heuristic_equal_segment
230629,239,0,true,94,"V1,V2",94,local_0_based,V2,false,recovered_heuristic_equal_segment
230629,240,0,true,93,"V1,V2",93,local_0_based,V2,false,recovered_heuristic_equal_segment
230629,241,0,true,35,"V1,V2",35,local_0_based,V1,false,recovered_heuristic_equal_segment
230629,242,0,true,92,"V1,V2",92,local_0_based,V2,false,recovered_heuristic_equal_segment
230629,243,0,true,92,"V1,V2",92,local_0_based,V2,false,recovered_heuristic_equal_segment
230629,244,0,true,92,"V1,V2",92,local_0_based,V2,false,recovered_heuristic_equal_segment
230629,245,0,true,92,"V1,V2",92,local_0_based,V2,false,recovered_heuristic_equal_segment
230629,246,0,true,36,"V1,V2",36,local_0_based,V1,false,recovered_heuristic_equal_segment
230629,247,0,true,91,"V1,V2",91,local_0_based,V2,false,recovered_heuristic_equal_segment
230629,248,0,true,90,"V1,V2",90,local_0_based,V2,false,recovered_heuristic_equal_segment
230629,249,0,true,90,"V1,V2",90,local_0_based,V2,false,recovered_heuristic_equal_segment
230629,250,0,true,89,"V1,V2",89,local_0_based,V2,false,recovered_heuristic_equal_segment
230629,251,0,true,89,"V1,V2",89,local_0_based,V2,false,recovered_heuristic_equal_segment
230629,252,0,true,88,"V1,V2",88,local_0_based,V2,false,recovered_heuristic_equal_segment
230629,253,0,true,88,"V1,V2",88,local_0_based,V2,false,recovered_heuristic_equal_segment
230629,254,0,true,40,"V1,V2",40,local_0_based,V1,false,recovered_heuristic_equal_segment
230629,255,0,true,40,"V1,V2",40,local_0_based,V1,false,recovered_heuristic_equal_segment
230629,256,0,true,40,"V1,V2",40,local_0_based,V1,false,recovered_heuristic_equal_segment
230629,257,0,true,40,"V1,V2",40,local_0_based,V1,false,recovered_heuristic_equal_segment
230629,258,0,true,87,"V1,V2",87,local_0_based,V2,false,recovered_heuristic_equal_segment
230629,259,0,true,87,"V1,V2",87,local_0_based,V2,false,recovered_heuristic_equal_segment
230629,260,0,true,86,"V1,V2",86,local_0_based,V2,false,recovered_heuristic_equal_segment
230629,261,0,true,43,"V1,V2",43,local_0_based,V1,false,recovered_heuristic_equal_segment
230629,262,0,true,43,"V1,V2",43,local_0_based,V1,false,recovered_heuristic_equal_segment
230629,263,0,true,43,"V1,V2",43,local_0_based,V1,false,recovered_heuristic_equal_segment
230629,264,0,true,85,"V1,V2",85,local_0_based,V2,false,recovered_heuristic_equal_segment
230629,265,0,true,84,"V1,V2",84,local_0_based,V2,false,recovered_heuristic_equal_segment
230629,266,0,true,84,"V1,V2",84,local_0_based,V2,false,recovered_heuristic_equal_segment
230629,267,0,true,84,"V1,V2",84,local_0_based,V2,false,recovered_heuristic_equal_segment
230629,268,0,true,84,"V1,V2",84,local_0_based,V2,false,recovered_heuristic_equal_segment
230629,269,0,true,84,"V1,V2",84,local_0_based,V2,false,recovered_heuristic_equal_segment
230629,270,0,true,44,"V1,V2",44,local_0_based,V1,false,recovered_heuristic_equal_segment
230629,271,0,true,44,"V1,V2",44,local_0_based,V1,false,recovered_heuristic_equal_segment
230629,272,0,true,44,"V1,V2",44,local_0_based,V1,false,recovered_heuristic_equal_segment
230629,273,0,true,44,"V1,V2",44,local_0_based,V1,false,recovered_heuristic_equal_segment
230629,274,0,true,44,"V1,V2",44,local_0_based,V1,false,recovered_heuristic_equal_segment
230629,275,0,true,44,"V1,V2",44,local_0_based,V1,false,recovered_heuristic_equal_segment
230629,276,0,true,44,"V1,V2",44,local_0_based,V1,false,recovered_heuristic_equal_segment
230629,277,0,true,44,"V1,V2",44,local_0_based,V1,false,recovered_heuristic_equal_segment
230629,278,0,true,44,"V1,V2",44,local_0_based,V1,false,recovered_heuristic_equal_segment
230629,279,0,true,83,"V1,V2",83,local_0_based,V2,false,recovered_heuristic_equal_segment
230629,280,0,true,83,"V1,V2",83,local_0_based,V2,false,recovered_heuristic_equal_segment
230629,281,0,true,83,"V1,V2",83,local_0_based,V2,false,recovered_heuristic_equal_segment
230629,282,0,true,82,"V1,V2",82,local_0_based,V2,false,recovered_heuristic_equal_segment
230629,283,0,true,47,"V1,V2",47,local_0_based,V1,false,recovered_heuristic_equal_segment
230629,284,0,true,56,"V1,V2",56,local_0_based,V1,false,recovered_heuristic_equal_segment
230629,285,0,true,74,"V1,V2",74,local_0_based,V2,false,recovered_heuristic_equal_segment
230629,286,0,true,74,"V1,V2",74,local_0_based,V2,false,recovered_heuristic_equal_segment
230629,287,0,true,54,"V1,V2",54,local_0_based,V1,false,recovered_heuristic_equal_segment
230629,288,0,true,54,"V1,V2",54,local_0_based,V1,false,recovered_heuristic_equal_segment
230629,289,0,true,54,"V1,V2",54,local_0_based,V1,false,recovered_heuristic_equal_segment
230629,290,0,true,73,"V1,V2",73,local_0_based,V2,false,recovered_heuristic_equal_segment
230629,291,0,true,73,"V1,V2",73,local_0_based,V2,false,recovered_heuristic_equal_segment
230629,292,0,true,57,"V1,V2",57,local_0_based,V1,false,recovered_heuristic_equal_segment
230629,293,0,true,55,"V1,V2",55,local_0_based,V1,false,recovered_heuristic_equal_segment
230629,294,0,true,72,"V1,V2",72,local_0_based,V2,false,recovered_heuristic_equal_segment
230629,295,0,true,70,"V1,V2",70,local_0_based,V2,false,recovered_heuristic_equal_segment
230629,296,0,true,65,"V1,V2",65,local_0_based,V2,false,recovered_heuristic_equal_segment
230629,297,0,true,113,"V1,V2",113,local_0_based,V2,false,recovered_heuristic_equal_segment
230629,298,0,true,17,"V1,V2",17,local_0_based,V1,false,recovered_heuristic_equal_segment
230629,299,0,true,24,"V1,V2",24,local_0_based,V1,false,recovered_heuristic_equal_segment
230629,300,0,true,26,"V1,V2",26,local_0_based,V1,false,recovered_heuristic_equal_segment
230629,301,0,true,101,"V1,V2",101,local_0_based,V2,false,recovered_heuristic_equal_segment
230629,302,0,true,101,"V1,V2",101,local_0_based,V2,false,recovered_heuristic_equal_segment
230629,303,0,true,27,"V1,V2",27,local_0_based,V1,false,recovered_heuristic_equal_segment
230629,304,0,true,29,"V1,V2",29,local_0_based,V1,false,recovered_heuristic_equal_segment
230629,305,0,true,97,"V1,V2",97,local_0_based,V2,false,recovered_heuristic_equal_segment
230629,306,0,true,31,"V1,V2",31,local_0_based,V1,false,recovered_heuristic_equal_segment
230629,307,0,true,97,"V1,V2",97,local_0_based,V2,false,recovered_heuristic_equal_segment
230629,308,0,true,95,"V1,V2",95,local_0_based,V2,false,recovered_heuristic_equal_segment
230629,309,0,true,93,"V1,V2",93,local_0_based,V2,false,recovered_heuristic_equal_segment
230629,310,0,true,93,"V1,V2",93,local_0_based,V2,false,recovered_heuristic_equal_segment
230629,311,0,true,92,"V1,V2",92,local_0_based,V2,false,recovered_heuristic_equal_segment
230629,312,0,true,91,"V1,V2",91,local_0_based,V2,false,recovered_heuristic_equal_segment
230629,313,0,true,40,"V1,V2",40,local_0_based,V1,false,recovered_heuristic_equal_segment
230629,314,0,true,40,"V1,V2",40,local_0_based,V1,false,recovered_heuristic_equal_segment
230629,315,0,true,40,"V1,V2",40,local_0_based,V1,false,recovered_heuristic_equal_segment
230629,316,0,true,84,"V1,V2",84,local_0_based,V2,false,recovered_heuristic_equal_segment
230629,317,0,true,44,"V1,V2",44,local_0_based,V1,false,recovered_heuristic_equal_segment
230629,318,0,true,44,"V1,V2",44,local_0_based,V1,false,recovered_heuristic_equal_segment
230629,319,0,true,81,"V1,V2",81,local_0_based,V2,false,recovered_heuristic_equal_segment
230629,320,0,true,24,"V1,V2",24,local_0_based,V1,false,recovered_heuristic_equal_segment
230629,321,0,true,98,"V1,V2",98,local_0_based,V2,false,recovered_heuristic_equal_segment
230629,322,0,true,29,"V1,V2",29,local_0_based,V1,false,recovered_heuristic_equal_segment
230629,323,0,true,97,"V1,V2",97,local_0_based,V2,false,recovered_heuristic_equal_segment
230629,324,0,true,88,"V1,V2",88,local_0_based,V2,false,recovered_heuristic_equal_segment
230629,325,0,true,40,"V1,V2",40,local_0_based,V1,false,recovered_heuristic_equal_segment
230629,326,0,true,43,"V1,V2",43,local_0_based,V1,false,recovered_heuristic_equal_segment
230629,327,0,true,84,"V1,V2",84,local_0_based,V2,false,recovered_heuristic_equal_segment
230629,328,0,true,43,"V1,V2",43,local_0_based,V1,false,recovered_heuristic_equal_segment
230629,329,0,true,99,"V1,V2",99,local_0_based,V2,false,recovered_heuristic_equal_segment
230629,330,0,true,40,"V1,V2",40,local_0_based,V1,false,recovered_heuristic_equal_segment
230629,331,0,true,102,"V1,V2",102,local_0_based,V2,false,recovered_heuristic_equal_segment
230629,332,0,true,102,"V1,V2",102,local_0_based,V2,false,recovered_heuristic_equal_segment
230629,333,0,true,26,"V1,V2",26,local_0_based,V1,false,recovered_heuristic_equal_segment
230629,334,0,true,99,"V1,V2",99,local_0_based,V2,false,recovered_heuristic_equal_segment
230629,335,0,true,99,"V1,V2",99,local_0_based,V2,false,recovered_heuristic_equal_segment
230629,336,0,true,93,"V1,V2",93,local_0_based,V2,false,recovered_heuristic_equal_segment
230629,337,0,true,84,"V1,V2",84,local_0_based,V2,false,recovered_heuristic_equal_segment
230629,338,0,true,44,"V1,V2",44,local_0_based,V1,false,recovered_heuristic_equal_segment
230629,339,0,true,57,"V1,V2",57,local_0_based,V1,false,recovered_heuristic_equal_segment
230629,340,0,true,59,"V1,V2",59,local_0_based,V1,false,recovered_heuristic_equal_segment
230629,341,0,true,26,"V1,V2",26,local_0_based,V1,false,recovered_heuristic_equal_segment
230629,342,0,true,26,"V1,V2",26,local_0_based,V1,false,recovered_heuristic_equal_segment
230629,343,0,true,97,"V1,V2",97,local_0_based,V2,false,recovered_heuristic_equal_segment
230629,344,0,true,97,"V1,V2",97,local_0_based,V2,false,recovered_heuristic_equal_segment
230629,345,0,true,31,"V1,V2",31,local_0_based,V1,false,recovered_heuristic_equal_segment
230629,346,0,true,44,"V1,V2",44,local_0_based,V1,false,recovered_heuristic_equal_segment
230629,347,0,true,82,"V1,V2",82,local_0_based,V2,false,recovered_heuristic_equal_segment
230629,348,0,true,97,"V1,V2",97,local_0_based,V2,false,recovered_heuristic_equal_segment
230629,349,0,true,93,"V1,V2",93,local_0_based,V2,false,recovered_heuristic_equal_segment
230629,350,0,true,97,"V1,V2",97,local_0_based,V2,false,recovered_heuristic_equal_segment
230629,351,0,true,88,"V1,V2",88,local_0_based,V2,false,recovered_heuristic_equal_segment
230629,352,0,true,99,"V1,V2",99,local_0_based,V2,false,recovered_heuristic_equal_segment
230629,353,0,true,99,"V1,V2",99,local_0_based,V2,false,recovered_heuristic_equal_segment
230630,0,0,true,6,PFC,6,local_0_based,PFC,false,recovered_heuristic_equal_segment
230630,1,0,true,11,PFC,11,local_0_based,PFC,false,recovered_heuristic_equal_segment
230630,2,0,true,117,PFC,117,local_0_based,PFC,false,recovered_heuristic_equal_segment
230630,3,0,true,116,PFC,116,local_0_based,PFC,false,recovered_heuristic_equal_segment
230630,4,0,true,113,PFC,113,local_0_based,PFC,false,recovered_heuristic_equal_segment
230630,5,0,true,15,PFC,15,local_0_based,PFC,false,recovered_heuristic_equal_segment
230630,6,0,true,16,PFC,16,local_0_based,PFC,false,recovered_heuristic_equal_segment
230630,7,0,true,111,PFC,111,local_0_based,PFC,false,recovered_heuristic_equal_segment
230630,8,0,true,110,PFC,110,local_0_based,PFC,false,recovered_heuristic_equal_segment
230630,9,0,true,18,PFC,18,local_0_based,PFC,false,recovered_heuristic_equal_segment
230630,10,0,true,109,PFC,109,local_0_based,PFC,false,recovered_heuristic_equal_segment
230630,11,0,true,108,PFC,108,local_0_based,PFC,false,recovered_heuristic_equal_segment
230630,12,0,true,20,PFC,20,local_0_based,PFC,false,recovered_heuristic_equal_segment
230630,13,0,true,106,PFC,106,local_0_based,PFC,false,recovered_heuristic_equal_segment
230630,14,0,true,105,PFC,105,local_0_based,PFC,false,recovered_heuristic_equal_segment
230630,15,0,true,26,PFC,26,local_0_based,PFC,false,recovered_heuristic_equal_segment
230630,16,0,true,98,PFC,98,local_0_based,PFC,false,recovered_heuristic_equal_segment
230630,17,0,true,32,PFC,32,local_0_based,PFC,false,recovered_heuristic_equal_segment
230630,18,0,true,32,PFC,32,local_0_based,PFC,false,recovered_heuristic_equal_segment
230630,19,0,true,34,PFC,34,local_0_based,PFC,false,recovered_heuristic_equal_segment
230630,20,0,true,37,PFC,37,local_0_based,PFC,false,recovered_heuristic_equal_segment
230630,21,0,true,60,PFC,60,local_0_based,PFC,false,recovered_heuristic_equal_segment
230630,22,0,true,67,PFC,67,local_0_based,PFC,false,recovered_heuristic_equal_segment
230630,23,0,true,111,PFC,111,local_0_based,PFC,false,recovered_heuristic_equal_segment
230630,24,0,true,111,PFC,111,local_0_based,PFC,false,recovered_heuristic_equal_segment
230630,25,0,true,110,PFC,110,local_0_based,PFC,false,recovered_heuristic_equal_segment
230630,26,0,true,18,PFC,18,local_0_based,PFC,false,recovered_heuristic_equal_segment
230630,27,0,true,109,PFC,109,local_0_based,PFC,false,recovered_heuristic_equal_segment
230630,28,0,true,110,PFC,110,local_0_based,PFC,false,recovered_heuristic_equal_segment
230630,29,1,true,248,"V4, MT",120,sequential_modulo_128,MT,false,geometry_resolved_candidate
230630,30,1,true,246,"V4, MT",118,sequential_modulo_128,MT,false,geometry_resolved_candidate
230630,31,1,true,245,"V4, MT",117,sequential_modulo_128,MT,false,geometry_resolved_candidate
230630,32,1,true,140,"V4, MT",12,sequential_modulo_128,V4,false,geometry_resolved_candidate
230630,33,1,true,243,"V4, MT",115,sequential_modulo_128,MT,false,geometry_resolved_candidate
230630,34,1,true,141,"V4, MT",13,sequential_modulo_128,V4,false,geometry_resolved_candidate
230630,35,1,true,144,"V4, MT",16,sequential_modulo_128,V4,false,geometry_resolved_candidate
230630,36,1,true,239,"V4, MT",111,sequential_modulo_128,MT,false,geometry_resolved_candidate
230630,37,1,true,238,"V4, MT",110,sequential_modulo_128,MT,false,geometry_resolved_candidate
230630,38,1,true,147,"V4, MT",19,sequential_modulo_128,V4,false,geometry_resolved_candidate
230630,39,1,true,147,"V4, MT",19,sequential_modulo_128,V4,false,geometry_resolved_candidate
230630,40,1,true,235,"V4, MT",107,sequential_modulo_128,MT,false,geometry_resolved_candidate
230630,41,1,true,149,"V4, MT",21,sequential_modulo_128,V4,false,geometry_resolved_candidate
230630,42,1,true,234,"V4, MT",106,sequential_modulo_128,MT,false,geometry_resolved_candidate
230630,43,1,true,233,"V4, MT",105,sequential_modulo_128,MT,false,geometry_resolved_candidate
230630,44,1,true,232,"V4, MT",104,sequential_modulo_128,MT,false,geometry_resolved_candidate
230630,45,1,true,152,"V4, MT",24,sequential_modulo_128,V4,false,geometry_resolved_candidate
230630,46,1,true,231,"V4, MT",103,sequential_modulo_128,MT,false,geometry_resolved_candidate
230630,47,1,true,231,"V4, MT",103,sequential_modulo_128,MT,false,geometry_resolved_candidate
230630,48,1,true,230,"V4, MT",102,sequential_modulo_128,MT,false,geometry_resolved_candidate
230630,49,1,true,228,"V4, MT",100,sequential_modulo_128,MT,false,geometry_resolved_candidate
230630,50,1,true,227,"V4, MT",99,sequential_modulo_128,MT,false,geometry_resolved_candidate
230630,51,1,true,157,"V4, MT",29,sequential_modulo_128,V4,false,geometry_resolved_candidate
230630,52,1,true,157,"V4, MT",29,sequential_modulo_128,V4,false,geometry_resolved_candidate
230630,53,1,true,222,"V4, MT",94,sequential_modulo_128,MT,false,geometry_resolved_candidate
230630,54,1,true,167,"V4, MT",39,sequential_modulo_128,V4,false,geometry_resolved_candidate
230630,55,1,true,167,"V4, MT",39,sequential_modulo_128,V4,false,geometry_resolved_candidate
230630,56,1,true,167,"V4, MT",39,sequential_modulo_128,V4,false,geometry_resolved_candidate
230630,57,1,true,169,"V4, MT",41,sequential_modulo_128,V4,false,geometry_resolved_candidate
230630,58,1,true,171,"V4, MT",43,sequential_modulo_128,V4,false,geometry_resolved_candidate
230630,59,1,true,171,"V4, MT",43,sequential_modulo_128,V4,false,geometry_resolved_candidate
230630,60,1,true,172,"V4, MT",44,sequential_modulo_128,V4,false,geometry_resolved_candidate
230630,61,1,true,211,"V4, MT",83,sequential_modulo_128,MT,false,geometry_resolved_candidate
230630,62,1,true,211,"V4, MT",83,sequential_modulo_128,MT,false,geometry_resolved_candidate
230630,63,1,true,173,"V4, MT",45,sequential_modulo_128,V4,false,geometry_resolved_candidate
230630,64,1,true,175,"V4, MT",47,sequential_modulo_128,V4,false,geometry_resolved_candidate
230630,65,1,true,175,"V4, MT",47,sequential_modulo_128,V4,false,geometry_resolved_candidate
230630,66,1,true,176,"V4, MT",48,sequential_modulo_128,V4,false,geometry_resolved_candidate
230630,67,1,true,206,"V4, MT",78,sequential_modulo_128,MT,false,geometry_resolved_candidate
230630,68,1,true,205,"V4, MT",77,sequential_modulo_128,MT,false,geometry_resolved_candidate
230630,69,1,true,205,"V4, MT",77,sequential_modulo_128,MT,false,geometry_resolved_candidate
230630,70,1,true,202,"V4, MT",74,sequential_modulo_128,MT,false,geometry_resolved_candidate
230630,71,1,true,201,"V4, MT",73,sequential_modulo_128,MT,false,geometry_resolved_candidate
230630,72,1,true,200,"V4, MT",72,sequential_modulo_128,MT,false,geometry_resolved_candidate
230630,73,1,true,183,"V4, MT",55,sequential_modulo_128,V4,false,geometry_resolved_candidate
230630,74,1,true,185,"V4, MT",57,sequential_modulo_128,V4,false,geometry_resolved_candidate
230630,75,1,true,198,"V4, MT",70,sequential_modulo_128,MT,false,geometry_resolved_candidate
230630,76,1,true,197,"V4, MT",69,sequential_modulo_128,MT,false,geometry_resolved_candidate
230630,77,1,true,197,"V4, MT",69,sequential_modulo_128,MT,false,geometry_resolved_candidate
230630,78,1,true,188,"V4, MT",60,sequential_modulo_128,V4,false,geometry_resolved_candidate
230630,79,1,true,188,"V4, MT",60,sequential_modulo_128,V4,false,geometry_resolved_candidate
230630,80,1,true,189,"V4, MT",61,sequential_modulo_128,V4,false,geometry_resolved_candidate
230630,81,1,true,190,"V4, MT",62,sequential_modulo_128,V4,false,geometry_resolved_candidate
230630,82,1,true,190,"V4, MT",62,sequential_modulo_128,V4,false,geometry_resolved_candidate
230630,83,1,true,190,"V4, MT",62,sequential_modulo_128,V4,false,geometry_resolved_candidate
230630,84,1,true,190,"V4, MT",62,sequential_modulo_128,V4,false,geometry_resolved_candidate
230630,85,1,true,245,"V4, MT",117,sequential_modulo_128,MT,false,geometry_resolved_candidate
230630,86,1,true,144,"V4, MT",16,sequential_modulo_128,V4,false,geometry_resolved_candidate
230630,87,1,true,147,"V4, MT",19,sequential_modulo_128,V4,false,geometry_resolved_candidate
230714,0,0,true,0,"V1,V2",0,local_0_based,V1,false,recovered_heuristic_equal_segment
230714,1,0,true,127,"V1,V2",127,local_0_based,V2,false,recovered_heuristic_equal_segment
230714,2,0,true,0,"V1,V2",0,local_0_based,V1,false,recovered_heuristic_equal_segment
230714,3,0,true,0,"V1,V2",0,local_0_based,V1,false,recovered_heuristic_equal_segment
230714,4,0,true,0,"V1,V2",0,local_0_based,V1,false,recovered_heuristic_equal_segment
230714,5,0,true,127,"V1,V2",127,local_0_based,V2,false,recovered_heuristic_equal_segment
230714,6,0,true,127,"V1,V2",127,local_0_based,V2,false,recovered_heuristic_equal_segment
230714,7,0,true,127,"V1,V2",127,local_0_based,V2,false,recovered_heuristic_equal_segment
230714,8,0,true,127,"V1,V2",127,local_0_based,V2,false,recovered_heuristic_equal_segment
230714,9,0,true,126,"V1,V2",126,local_0_based,V2,false,recovered_heuristic_equal_segment
230714,10,0,true,1,"V1,V2",1,local_0_based,V1,false,recovered_heuristic_equal_segment
230714,11,0,true,126,"V1,V2",126,local_0_based,V2,false,recovered_heuristic_equal_segment
230714,12,0,true,126,"V1,V2",126,local_0_based,V2,false,recovered_heuristic_equal_segment
230714,13,0,true,126,"V1,V2",126,local_0_based,V2,false,recovered_heuristic_equal_segment
230714,14,0,true,126,"V1,V2",126,local_0_based,V2,false,recovered_heuristic_equal_segment
230714,15,0,true,0,"V1,V2",0,local_0_based,V1,false,recovered_heuristic_equal_segment
230714,16,0,true,125,"V1,V2",125,local_0_based,V2,false,recovered_heuristic_equal_segment
230714,17,0,true,125,"V1,V2",125,local_0_based,V2,false,recovered_heuristic_equal_segment
230714,18,0,true,124,"V1,V2",124,local_0_based,V2,false,recovered_heuristic_equal_segment
230714,19,0,true,124,"V1,V2",124,local_0_based,V2,false,recovered_heuristic_equal_segment
230714,20,0,true,124,"V1,V2",124,local_0_based,V2,false,recovered_heuristic_equal_segment
230714,21,0,true,123,"V1,V2",123,local_0_based,V2,false,recovered_heuristic_equal_segment
230714,22,0,true,123,"V1,V2",123,local_0_based,V2,false,recovered_heuristic_equal_segment
230714,23,0,true,123,"V1,V2",123,local_0_based,V2,false,recovered_heuristic_equal_segment
230714,24,0,true,123,"V1,V2",123,local_0_based,V2,false,recovered_heuristic_equal_segment
230714,25,0,true,5,"V1,V2",5,local_0_based,V1,false,recovered_heuristic_equal_segment
230714,26,0,true,123,"V1,V2",123,local_0_based,V2,false,recovered_heuristic_equal_segment
230714,27,0,true,122,"V1,V2",122,local_0_based,V2,false,recovered_heuristic_equal_segment
230714,28,0,true,122,"V1,V2",122,local_0_based,V2,false,recovered_heuristic_equal_segment
230714,29,0,true,122,"V1,V2",122,local_0_based,V2,false,recovered_heuristic_equal_segment
230714,30,0,true,122,"V1,V2",122,local_0_based,V2,false,recovered_heuristic_equal_segment
230714,31,0,true,6,"V1,V2",6,local_0_based,V1,false,recovered_heuristic_equal_segment
230714,32,0,true,121,"V1,V2",121,local_0_based,V2,false,recovered_heuristic_equal_segment
230714,33,0,true,121,"V1,V2",121,local_0_based,V2,false,recovered_heuristic_equal_segment
230714,34,0,true,121,"V1,V2",121,local_0_based,V2,false,recovered_heuristic_equal_segment
230714,35,0,true,121,"V1,V2",121,local_0_based,V2,false,recovered_heuristic_equal_segment
230714,36,0,true,121,"V1,V2",121,local_0_based,V2,false,recovered_heuristic_equal_segment
230714,37,0,true,7,"V1,V2",7,local_0_based,V1,false,recovered_heuristic_equal_segment
230714,38,0,true,120,"V1,V2",120,local_0_based,V2,false,recovered_heuristic_equal_segment
230714,39,0,true,120,"V1,V2",120,local_0_based,V2,false,recovered_heuristic_equal_segment
230714,40,0,true,120,"V1,V2",120,local_0_based,V2,false,recovered_heuristic_equal_segment
230714,41,0,true,120,"V1,V2",120,local_0_based,V2,false,recovered_heuristic_equal_segment
230714,42,0,true,120,"V1,V2",120,local_0_based,V2,false,recovered_heuristic_equal_segment
230714,43,0,true,120,"V1,V2",120,local_0_based,V2,false,recovered_heuristic_equal_segment
230714,44,0,true,8,"V1,V2",8,local_0_based,V1,false,recovered_heuristic_equal_segment
230714,45,0,true,119,"V1,V2",119,local_0_based,V2,false,recovered_heuristic_equal_segment
230714,46,0,true,119,"V1,V2",119,local_0_based,V2,false,recovered_heuristic_equal_segment
230714,47,0,true,119,"V1,V2",119,local_0_based,V2,false,recovered_heuristic_equal_segment
230714,48,0,true,119,"V1,V2",119,local_0_based,V2,false,recovered_heuristic_equal_segment
230714,49,0,true,119,"V1,V2",119,local_0_based,V2,false,recovered_heuristic_equal_segment
230714,50,0,true,119,"V1,V2",119,local_0_based,V2,false,recovered_heuristic_equal_segment
230714,51,0,true,9,"V1,V2",9,local_0_based,V1,false,recovered_heuristic_equal_segment
230714,52,0,true,118,"V1,V2",118,local_0_based,V2,false,recovered_heuristic_equal_segment
230714,53,0,true,118,"V1,V2",118,local_0_based,V2,false,recovered_heuristic_equal_segment
230714,54,0,true,118,"V1,V2",118,local_0_based,V2,false,recovered_heuristic_equal_segment
230714,55,0,true,118,"V1,V2",118,local_0_based,V2,false,recovered_heuristic_equal_segment
230714,56,0,true,118,"V1,V2",118,local_0_based,V2,false,recovered_heuristic_equal_segment
230714,57,0,true,118,"V1,V2",118,local_0_based,V2,false,recovered_heuristic_equal_segment
230714,58,0,true,117,"V1,V2",117,local_0_based,V2,false,recovered_heuristic_equal_segment
230714,59,0,true,117,"V1,V2",117,local_0_based,V2,false,recovered_heuristic_equal_segment
230714,60,0,true,117,"V1,V2",117,local_0_based,V2,false,recovered_heuristic_equal_segment
230714,61,0,true,117,"V1,V2",117,local_0_based,V2,false,recovered_heuristic_equal_segment
230714,62,0,true,117,"V1,V2",117,local_0_based,V2,false,recovered_heuristic_equal_segment
230714,63,0,true,11,"V1,V2",11,local_0_based,V1,false,recovered_heuristic_equal_segment
230714,64,0,true,116,"V1,V2",116,local_0_based,V2,false,recovered_heuristic_equal_segment
230714,65,0,true,116,"V1,V2",116,local_0_based,V2,false,recovered_heuristic_equal_segment
230714,66,0,true,116,"V1,V2",116,local_0_based,V2,false,recovered_heuristic_equal_segment
230714,67,0,true,116,"V1,V2",116,local_0_based,V2,false,recovered_heuristic_equal_segment
230714,68,0,true,116,"V1,V2",116,local_0_based,V2,false,recovered_heuristic_equal_segment
230714,69,0,true,12,"V1,V2",12,local_0_based,V1,false,recovered_heuristic_equal_segment
230714,70,0,true,115,"V1,V2",115,local_0_based,V2,false,recovered_heuristic_equal_segment
230714,71,0,true,115,"V1,V2",115,local_0_based,V2,false,recovered_heuristic_equal_segment
230714,72,0,true,115,"V1,V2",115,local_0_based,V2,false,recovered_heuristic_equal_segment
230714,73,0,true,115,"V1,V2",115,local_0_based,V2,false,recovered_heuristic_equal_segment
230714,74,0,true,115,"V1,V2",115,local_0_based,V2,false,recovered_heuristic_equal_segment
230714,75,0,true,115,"V1,V2",115,local_0_based,V2,false,recovered_heuristic_equal_segment
230714,76,0,true,114,"V1,V2",114,local_0_based,V2,false,recovered_heuristic_equal_segment
230714,77,0,true,114,"V1,V2",114,local_0_based,V2,false,recovered_heuristic_equal_segment
230714,78,0,true,114,"V1,V2",114,local_0_based,V2,false,recovered_heuristic_equal_segment
230714,79,0,true,114,"V1,V2",114,local_0_based,V2,false,recovered_heuristic_equal_segment
230714,80,0,true,114,"V1,V2",114,local_0_based,V2,false,recovered_heuristic_equal_segment
230714,81,0,true,114,"V1,V2",114,local_0_based,V2,false,recovered_heuristic_equal_segment
230714,82,0,true,114,"V1,V2",114,local_0_based,V2,false,recovered_heuristic_equal_segment
230714,83,0,true,113,"V1,V2",113,local_0_based,V2,false,recovered_heuristic_equal_segment
230714,84,0,true,113,"V1,V2",113,local_0_based,V2,false,recovered_heuristic_equal_segment
230714,85,0,true,113,"V1,V2",113,local_0_based,V2,false,recovered_heuristic_equal_segment
230714,86,0,true,113,"V1,V2",113,local_0_based,V2,false,recovered_heuristic_equal_segment
230714,87,0,true,113,"V1,V2",113,local_0_based,V2,false,recovered_heuristic_equal_segment
230714,88,0,true,113,"V1,V2",113,local_0_based,V2,false,recovered_heuristic_equal_segment
230714,89,0,true,112,"V1,V2",112,local_0_based,V2,false,recovered_heuristic_equal_segment
230714,90,0,true,112,"V1,V2",112,local_0_based,V2,false,recovered_heuristic_equal_segment
230714,91,0,true,112,"V1,V2",112,local_0_based,V2,false,recovered_heuristic_equal_segment
230714,92,0,true,112,"V1,V2",112,local_0_based,V2,false,recovered_heuristic_equal_segment
230714,93,0,true,112,"V1,V2",112,local_0_based,V2,false,recovered_heuristic_equal_segment
230714,94,0,true,112,"V1,V2",112,local_0_based,V2,false,recovered_heuristic_equal_segment
230714,95,0,true,111,"V1,V2",111,local_0_based,V2,false,recovered_heuristic_equal_segment
230714,96,0,true,111,"V1,V2",111,local_0_based,V2,false,recovered_heuristic_equal_segment
230714,97,0,true,111,"V1,V2",111,local_0_based,V2,false,recovered_heuristic_equal_segment
230714,98,0,true,111,"V1,V2",111,local_0_based,V2,false,recovered_heuristic_equal_segment
230714,99,0,true,111,"V1,V2",111,local_0_based,V2,false,recovered_heuristic_equal_segment
230714,100,0,true,111,"V1,V2",111,local_0_based,V2,false,recovered_heuristic_equal_segment
230714,101,0,true,111,"V1,V2",111,local_0_based,V2,false,recovered_heuristic_equal_segment
230714,102,0,true,110,"V1,V2",110,local_0_based,V2,false,recovered_heuristic_equal_segment
230714,103,0,true,110,"V1,V2",110,local_0_based,V2,false,recovered_heuristic_equal_segment
230714,104,0,true,110,"V1,V2",110,local_0_based,V2,false,recovered_heuristic_equal_segment
230714,105,0,true,110,"V1,V2",110,local_0_based,V2,false,recovered_heuristic_equal_segment
230714,106,0,true,110,"V1,V2",110,local_0_based,V2,false,recovered_heuristic_equal_segment
230714,107,0,true,18,"V1,V2",18,local_0_based,V1,false,recovered_heuristic_equal_segment
230714,108,0,true,109,"V1,V2",109,local_0_based,V2,false,recovered_heuristic_equal_segment
230714,109,0,true,109,"V1,V2",109,local_0_based,V2,false,recovered_heuristic_equal_segment
230714,110,0,true,109,"V1,V2",109,local_0_based,V2,false,recovered_heuristic_equal_segment
230714,111,0,true,109,"V1,V2",109,local_0_based,V2,false,recovered_heuristic_equal_segment
230714,112,0,true,19,"V1,V2",19,local_0_based,V1,false,recovered_heuristic_equal_segment
230714,113,0,true,108,"V1,V2",108,local_0_based,V2,false,recovered_heuristic_equal_segment
230714,114,0,true,108,"V1,V2",108,local_0_based,V2,false,recovered_heuristic_equal_segment
230714,115,0,true,108,"V1,V2",108,local_0_based,V2,false,recovered_heuristic_equal_segment
230714,116,0,true,108,"V1,V2",108,local_0_based,V2,false,recovered_heuristic_equal_segment
230714,117,0,true,108,"V1,V2",108,local_0_based,V2,false,recovered_heuristic_equal_segment
230714,118,0,true,108,"V1,V2",108,local_0_based,V2,false,recovered_heuristic_equal_segment
230714,119,0,true,20,"V1,V2",20,local_0_based,V1,false,recovered_heuristic_equal_segment
230714,120,0,true,107,"V1,V2",107,local_0_based,V2,false,recovered_heuristic_equal_segment
230714,121,0,true,107,"V1,V2",107,local_0_based,V2,false,recovered_heuristic_equal_segment
230714,122,0,true,107,"V1,V2",107,local_0_based,V2,false,recovered_heuristic_equal_segment
230714,123,0,true,107,"V1,V2",107,local_0_based,V2,false,recovered_heuristic_equal_segment
230714,124,0,true,107,"V1,V2",107,local_0_based,V2,false,recovered_heuristic_equal_segment
230714,125,0,true,21,"V1,V2",21,local_0_based,V1,false,recovered_heuristic_equal_segment
230714,126,0,true,23,"V1,V2",23,local_0_based,V1,false,recovered_heuristic_equal_segment
230714,127,0,true,106,"V1,V2",106,local_0_based,V2,false,recovered_heuristic_equal_segment
230714,128,0,true,106,"V1,V2",106,local_0_based,V2,false,recovered_heuristic_equal_segment
230714,129,0,true,106,"V1,V2",106,local_0_based,V2,false,recovered_heuristic_equal_segment
230714,130,0,true,22,"V1,V2",22,local_0_based,V1,false,recovered_heuristic_equal_segment
230714,131,0,true,22,"V1,V2",22,local_0_based,V1,false,recovered_heuristic_equal_segment
230714,132,0,true,23,"V1,V2",23,local_0_based,V1,false,recovered_heuristic_equal_segment
230714,133,0,true,22,"V1,V2",22,local_0_based,V1,false,recovered_heuristic_equal_segment
230714,134,0,true,105,"V1,V2",105,local_0_based,V2,false,recovered_heuristic_equal_segment
230714,135,0,true,105,"V1,V2",105,local_0_based,V2,false,recovered_heuristic_equal_segment
230714,136,0,true,105,"V1,V2",105,local_0_based,V2,false,recovered_heuristic_equal_segment
230714,137,0,true,105,"V1,V2",105,local_0_based,V2,false,recovered_heuristic_equal_segment
230714,138,0,true,105,"V1,V2",105,local_0_based,V2,false,recovered_heuristic_equal_segment
230714,139,0,true,105,"V1,V2",105,local_0_based,V2,false,recovered_heuristic_equal_segment
230714,140,0,true,23,"V1,V2",23,local_0_based,V1,false,recovered_heuristic_equal_segment
230714,141,0,true,23,"V1,V2",23,local_0_based,V1,false,recovered_heuristic_equal_segment
230714,142,0,true,23,"V1,V2",23,local_0_based,V1,false,recovered_heuristic_equal_segment
230714,143,0,true,23,"V1,V2",23,local_0_based,V1,false,recovered_heuristic_equal_segment
230714,144,0,true,104,"V1,V2",104,local_0_based,V2,false,recovered_heuristic_equal_segment
230714,145,0,true,104,"V1,V2",104,local_0_based,V2,false,recovered_heuristic_equal_segment
230714,146,0,true,104,"V1,V2",104,local_0_based,V2,false,recovered_heuristic_equal_segment
230714,147,0,true,104,"V1,V2",104,local_0_based,V2,false,recovered_heuristic_equal_segment
230714,148,0,true,104,"V1,V2",104,local_0_based,V2,false,recovered_heuristic_equal_segment
230714,149,0,true,24,"V1,V2",24,local_0_based,V1,false,recovered_heuristic_equal_segment
230714,150,0,true,103,"V1,V2",103,local_0_based,V2,false,recovered_heuristic_equal_segment
230714,151,0,true,24,"V1,V2",24,local_0_based,V1,false,recovered_heuristic_equal_segment
230714,152,0,true,24,"V1,V2",24,local_0_based,V1,false,recovered_heuristic_equal_segment
230714,153,0,true,103,"V1,V2",103,local_0_based,V2,false,recovered_heuristic_equal_segment
230714,154,0,true,103,"V1,V2",103,local_0_based,V2,false,recovered_heuristic_equal_segment
230714,155,0,true,103,"V1,V2",103,local_0_based,V2,false,recovered_heuristic_equal_segment
230714,156,0,true,103,"V1,V2",103,local_0_based,V2,false,recovered_heuristic_equal_segment
230714,157,0,true,103,"V1,V2",103,local_0_based,V2,false,recovered_heuristic_equal_segment
230714,158,0,true,103,"V1,V2",103,local_0_based,V2,false,recovered_heuristic_equal_segment
230714,159,0,true,103,"V1,V2",103,local_0_based,V2,false,recovered_heuristic_equal_segment
230714,160,0,true,103,"V1,V2",103,local_0_based,V2,false,recovered_heuristic_equal_segment
230714,161,0,true,103,"V1,V2",103,local_0_based,V2,false,recovered_heuristic_equal_segment
230714,162,0,true,27,"V1,V2",27,local_0_based,V1,false,recovered_heuristic_equal_segment
230714,163,0,true,25,"V1,V2",25,local_0_based,V1,false,recovered_heuristic_equal_segment
230714,164,0,true,25,"V1,V2",25,local_0_based,V1,false,recovered_heuristic_equal_segment
230714,165,0,true,25,"V1,V2",25,local_0_based,V1,false,recovered_heuristic_equal_segment
230714,166,0,true,25,"V1,V2",25,local_0_based,V1,false,recovered_heuristic_equal_segment
230714,167,0,true,25,"V1,V2",25,local_0_based,V1,false,recovered_heuristic_equal_segment
230714,168,0,true,102,"V1,V2",102,local_0_based,V2,false,recovered_heuristic_equal_segment
230714,169,0,true,102,"V1,V2",102,local_0_based,V2,false,recovered_heuristic_equal_segment
230714,170,0,true,102,"V1,V2",102,local_0_based,V2,false,recovered_heuristic_equal_segment
230714,171,0,true,102,"V1,V2",102,local_0_based,V2,false,recovered_heuristic_equal_segment
230714,172,0,true,102,"V1,V2",102,local_0_based,V2,false,recovered_heuristic_equal_segment
230714,173,0,true,25,"V1,V2",25,local_0_based,V1,false,recovered_heuristic_equal_segment
230714,174,0,true,26,"V1,V2",26,local_0_based,V1,false,recovered_heuristic_equal_segment
230714,175,0,true,102,"V1,V2",102,local_0_based,V2,false,recovered_heuristic_equal_segment
230714,176,0,true,26,"V1,V2",26,local_0_based,V1,false,recovered_heuristic_equal_segment
230714,177,0,true,101,"V1,V2",101,local_0_based,V2,false,recovered_heuristic_equal_segment
230714,178,0,true,101,"V1,V2",101,local_0_based,V2,false,recovered_heuristic_equal_segment
230714,179,0,true,101,"V1,V2",101,local_0_based,V2,false,recovered_heuristic_equal_segment
230714,180,0,true,101,"V1,V2",101,local_0_based,V2,false,recovered_heuristic_equal_segment
230714,181,0,true,34,"V1,V2",34,local_0_based,V1,false,recovered_heuristic_equal_segment
230714,182,0,true,27,"V1,V2",27,local_0_based,V1,false,recovered_heuristic_equal_segment
230714,183,0,true,102,"V1,V2",102,local_0_based,V2,false,recovered_heuristic_equal_segment
230714,184,0,true,100,"V1,V2",100,local_0_based,V2,false,recovered_heuristic_equal_segment
230714,185,0,true,100,"V1,V2",100,local_0_based,V2,false,recovered_heuristic_equal_segment
230714,186,0,true,100,"V1,V2",100,local_0_based,V2,false,recovered_heuristic_equal_segment
230714,187,0,true,100,"V1,V2",100,local_0_based,V2,false,recovered_heuristic_equal_segment
230714,188,0,true,100,"V1,V2",100,local_0_based,V2,false,recovered_heuristic_equal_segment
230714,189,0,true,101,"V1,V2",101,local_0_based,V2,false,recovered_heuristic_equal_segment
230714,190,0,true,99,"V1,V2",99,local_0_based,V2,false,recovered_heuristic_equal_segment
230714,191,0,true,99,"V1,V2",99,local_0_based,V2,false,recovered_heuristic_equal_segment
230714,192,0,true,28,"V1,V2",28,local_0_based,V1,false,recovered_heuristic_equal_segment
230714,193,0,true,98,"V1,V2",98,local_0_based,V2,false,recovered_heuristic_equal_segment
230714,194,0,true,98,"V1,V2",98,local_0_based,V2,false,recovered_heuristic_equal_segment
230714,195,0,true,98,"V1,V2",98,local_0_based,V2,false,recovered_heuristic_equal_segment
230714,196,0,true,98,"V1,V2",98,local_0_based,V2,false,recovered_heuristic_equal_segment
230714,197,0,true,98,"V1,V2",98,local_0_based,V2,false,recovered_heuristic_equal_segment
230714,198,0,true,30,"V1,V2",30,local_0_based,V1,false,recovered_heuristic_equal_segment
230714,199,0,true,29,"V1,V2",29,local_0_based,V1,false,recovered_heuristic_equal_segment
230714,200,0,true,99,"V1,V2",99,local_0_based,V2,false,recovered_heuristic_equal_segment
230714,201,0,true,102,"V1,V2",102,local_0_based,V2,false,recovered_heuristic_equal_segment
230714,202,0,true,30,"V1,V2",30,local_0_based,V1,false,recovered_heuristic_equal_segment
230714,203,0,true,97,"V1,V2",97,local_0_based,V2,false,recovered_heuristic_equal_segment
230714,204,0,true,97,"V1,V2",97,local_0_based,V2,false,recovered_heuristic_equal_segment
230714,205,0,true,97,"V1,V2",97,local_0_based,V2,false,recovered_heuristic_equal_segment
230714,206,0,true,32,"V1,V2",32,local_0_based,V1,false,recovered_heuristic_equal_segment
230714,207,0,true,97,"V1,V2",97,local_0_based,V2,false,recovered_heuristic_equal_segment
230714,208,0,true,97,"V1,V2",97,local_0_based,V2,false,recovered_heuristic_equal_segment
230714,209,0,true,97,"V1,V2",97,local_0_based,V2,false,recovered_heuristic_equal_segment
230714,210,0,true,97,"V1,V2",97,local_0_based,V2,false,recovered_heuristic_equal_segment
230714,211,0,true,97,"V1,V2",97,local_0_based,V2,false,recovered_heuristic_equal_segment
230714,212,0,true,31,"V1,V2",31,local_0_based,V1,false,recovered_heuristic_equal_segment
230714,213,0,true,96,"V1,V2",96,local_0_based,V2,false,recovered_heuristic_equal_segment
230714,214,0,true,96,"V1,V2",96,local_0_based,V2,false,recovered_heuristic_equal_segment
230714,215,0,true,96,"V1,V2",96,local_0_based,V2,false,recovered_heuristic_equal_segment
230714,216,0,true,96,"V1,V2",96,local_0_based,V2,false,recovered_heuristic_equal_segment
230714,217,0,true,96,"V1,V2",96,local_0_based,V2,false,recovered_heuristic_equal_segment
230714,218,0,true,96,"V1,V2",96,local_0_based,V2,false,recovered_heuristic_equal_segment
230714,219,0,true,33,"V1,V2",33,local_0_based,V1,false,recovered_heuristic_equal_segment
230714,220,0,true,94,"V1,V2",94,local_0_based,V2,false,recovered_heuristic_equal_segment
230714,221,0,true,28,"V1,V2",28,local_0_based,V1,false,recovered_heuristic_equal_segment
230714,222,0,true,33,"V1,V2",33,local_0_based,V1,false,recovered_heuristic_equal_segment
230714,223,0,true,34,"V1,V2",34,local_0_based,V1,false,recovered_heuristic_equal_segment
230714,224,0,true,92,"V1,V2",92,local_0_based,V2,false,recovered_heuristic_equal_segment
230714,225,0,true,36,"V1,V2",36,local_0_based,V1,false,recovered_heuristic_equal_segment
230714,226,0,true,35,"V1,V2",35,local_0_based,V1,false,recovered_heuristic_equal_segment
230714,227,0,true,35,"V1,V2",35,local_0_based,V1,false,recovered_heuristic_equal_segment
230714,228,0,true,35,"V1,V2",35,local_0_based,V1,false,recovered_heuristic_equal_segment
230714,229,0,true,35,"V1,V2",35,local_0_based,V1,false,recovered_heuristic_equal_segment
230714,230,0,true,35,"V1,V2",35,local_0_based,V1,false,recovered_heuristic_equal_segment
230714,231,0,true,35,"V1,V2",35,local_0_based,V1,false,recovered_heuristic_equal_segment
230714,232,0,true,92,"V1,V2",92,local_0_based,V2,false,recovered_heuristic_equal_segment
230714,233,0,true,92,"V1,V2",92,local_0_based,V2,false,recovered_heuristic_equal_segment
230714,234,0,true,92,"V1,V2",92,local_0_based,V2,false,recovered_heuristic_equal_segment
230714,235,0,true,92,"V1,V2",92,local_0_based,V2,false,recovered_heuristic_equal_segment
230714,236,0,true,92,"V1,V2",92,local_0_based,V2,false,recovered_heuristic_equal_segment
230714,237,0,true,36,"V1,V2",36,local_0_based,V1,false,recovered_heuristic_equal_segment
230714,238,0,true,36,"V1,V2",36,local_0_based,V1,false,recovered_heuristic_equal_segment
230714,239,0,true,36,"V1,V2",36,local_0_based,V1,false,recovered_heuristic_equal_segment
230714,240,0,true,36,"V1,V2",36,local_0_based,V1,false,recovered_heuristic_equal_segment
230714,241,0,true,36,"V1,V2",36,local_0_based,V1,false,recovered_heuristic_equal_segment
230714,242,0,true,36,"V1,V2",36,local_0_based,V1,false,recovered_heuristic_equal_segment
230714,243,0,true,37,"V1,V2",37,local_0_based,V1,false,recovered_heuristic_equal_segment
230714,244,0,true,91,"V1,V2",91,local_0_based,V2,false,recovered_heuristic_equal_segment
230714,245,0,true,91,"V1,V2",91,local_0_based,V2,false,recovered_heuristic_equal_segment
230714,246,0,true,90,"V1,V2",90,local_0_based,V2,false,recovered_heuristic_equal_segment
230714,247,0,true,38,"V1,V2",38,local_0_based,V1,false,recovered_heuristic_equal_segment
230714,248,0,true,37,"V1,V2",37,local_0_based,V1,false,recovered_heuristic_equal_segment
230714,249,0,true,37,"V1,V2",37,local_0_based,V1,false,recovered_heuristic_equal_segment
230714,250,0,true,37,"V1,V2",37,local_0_based,V1,false,recovered_heuristic_equal_segment
230714,251,0,true,37,"V1,V2",37,local_0_based,V1,false,recovered_heuristic_equal_segment
230714,252,0,true,37,"V1,V2",37,local_0_based,V1,false,recovered_heuristic_equal_segment
230714,253,0,true,37,"V1,V2",37,local_0_based,V1,false,recovered_heuristic_equal_segment
230714,254,0,true,90,"V1,V2",90,local_0_based,V2,false,recovered_heuristic_equal_segment
230714,255,0,true,90,"V1,V2",90,local_0_based,V2,false,recovered_heuristic_equal_segment
230714,256,0,true,38,"V1,V2",38,local_0_based,V1,false,recovered_heuristic_equal_segment
230714,257,0,true,38,"V1,V2",38,local_0_based,V1,false,recovered_heuristic_equal_segment
230714,258,0,true,38,"V1,V2",38,local_0_based,V1,false,recovered_heuristic_equal_segment
230714,259,0,true,38,"V1,V2",38,local_0_based,V1,false,recovered_heuristic_equal_segment
230714,260,0,true,38,"V1,V2",38,local_0_based,V1,false,recovered_heuristic_equal_segment
230714,261,0,true,38,"V1,V2",38,local_0_based,V1,false,recovered_heuristic_equal_segment
230714,262,0,true,38,"V1,V2",38,local_0_based,V1,false,recovered_heuristic_equal_segment
230714,263,0,true,89,"V1,V2",89,local_0_based,V2,false,recovered_heuristic_equal_segment
230714,264,0,true,39,"V1,V2",39,local_0_based,V1,false,recovered_heuristic_equal_segment
230714,265,0,true,39,"V1,V2",39,local_0_based,V1,false,recovered_heuristic_equal_segment
230714,266,0,true,39,"V1,V2",39,local_0_based,V1,false,recovered_heuristic_equal_segment
230714,267,0,true,40,"V1,V2",40,local_0_based,V1,false,recovered_heuristic_equal_segment
230714,268,0,true,88,"V1,V2",88,local_0_based,V2,false,recovered_heuristic_equal_segment
230714,269,0,true,39,"V1,V2",39,local_0_based,V1,false,recovered_heuristic_equal_segment
230714,270,0,true,40,"V1,V2",40,local_0_based,V1,false,recovered_heuristic_equal_segment
230714,271,0,true,40,"V1,V2",40,local_0_based,V1,false,recovered_heuristic_equal_segment
230714,272,0,true,40,"V1,V2",40,local_0_based,V1,false,recovered_heuristic_equal_segment
230714,273,0,true,40,"V1,V2",40,local_0_based,V1,false,recovered_heuristic_equal_segment
230714,274,0,true,41,"V1,V2",41,local_0_based,V1,false,recovered_heuristic_equal_segment
230714,275,0,true,40,"V1,V2",40,local_0_based,V1,false,recovered_heuristic_equal_segment
230714,276,0,true,41,"V1,V2",41,local_0_based,V1,false,recovered_heuristic_equal_segment
230714,277,0,true,41,"V1,V2",41,local_0_based,V1,false,recovered_heuristic_equal_segment
230714,278,0,true,43,"V1,V2",43,local_0_based,V1,false,recovered_heuristic_equal_segment
230714,279,0,true,42,"V1,V2",42,local_0_based,V1,false,recovered_heuristic_equal_segment
230714,280,0,true,43,"V1,V2",43,local_0_based,V1,false,recovered_heuristic_equal_segment
230714,281,0,true,43,"V1,V2",43,local_0_based,V1,false,recovered_heuristic_equal_segment
230714,282,0,true,42,"V1,V2",42,local_0_based,V1,false,recovered_heuristic_equal_segment
230714,283,0,true,43,"V1,V2",43,local_0_based,V1,false,recovered_heuristic_equal_segment
230714,284,0,true,42,"V1,V2",42,local_0_based,V1,false,recovered_heuristic_equal_segment
230714,285,0,true,85,"V1,V2",85,local_0_based,V2,false,recovered_heuristic_equal_segment
230714,286,0,true,85,"V1,V2",85,local_0_based,V2,false,recovered_heuristic_equal_segment
230714,287,0,true,85,"V1,V2",85,local_0_based,V2,false,recovered_heuristic_equal_segment
230714,288,0,true,43,"V1,V2",43,local_0_based,V1,false,recovered_heuristic_equal_segment
230714,289,0,true,43,"V1,V2",43,local_0_based,V1,false,recovered_heuristic_equal_segment
230714,290,0,true,84,"V1,V2",84,local_0_based,V2,false,recovered_heuristic_equal_segment
230714,291,0,true,84,"V1,V2",84,local_0_based,V2,false,recovered_heuristic_equal_segment
230714,292,0,true,44,"V1,V2",44,local_0_based,V1,false,recovered_heuristic_equal_segment
230714,293,0,true,44,"V1,V2",44,local_0_based,V1,false,recovered_heuristic_equal_segment
230714,294,0,true,44,"V1,V2",44,local_0_based,V1,false,recovered_heuristic_equal_segment
230714,295,0,true,45,"V1,V2",45,local_0_based,V1,false,recovered_heuristic_equal_segment
230714,296,0,true,45,"V1,V2",45,local_0_based,V1,false,recovered_heuristic_equal_segment
230714,297,0,true,45,"V1,V2",45,local_0_based,V1,false,recovered_heuristic_equal_segment
230714,298,0,true,82,"V1,V2",82,local_0_based,V2,false,recovered_heuristic_equal_segment
230714,299,0,true,82,"V1,V2",82,local_0_based,V2,false,recovered_heuristic_equal_segment
230714,300,0,true,46,"V1,V2",46,local_0_based,V1,false,recovered_heuristic_equal_segment
230714,301,0,true,46,"V1,V2",46,local_0_based,V1,false,recovered_heuristic_equal_segment
230714,302,0,true,46,"V1,V2",46,local_0_based,V1,false,recovered_heuristic_equal_segment
230714,303,0,true,81,"V1,V2",81,local_0_based,V2,false,recovered_heuristic_equal_segment
230714,304,0,true,47,"V1,V2",47,local_0_based,V1,false,recovered_heuristic_equal_segment
230714,305,0,true,47,"V1,V2",47,local_0_based,V1,false,recovered_heuristic_equal_segment
230714,306,0,true,47,"V1,V2",47,local_0_based,V1,false,recovered_heuristic_equal_segment
230714,307,0,true,80,"V1,V2",80,local_0_based,V2,false,recovered_heuristic_equal_segment
230714,308,0,true,80,"V1,V2",80,local_0_based,V2,false,recovered_heuristic_equal_segment
230714,309,0,true,80,"V1,V2",80,local_0_based,V2,false,recovered_heuristic_equal_segment
230714,310,0,true,48,"V1,V2",48,local_0_based,V1,false,recovered_heuristic_equal_segment
230714,311,0,true,48,"V1,V2",48,local_0_based,V1,false,recovered_heuristic_equal_segment
230714,312,0,true,79,"V1,V2",79,local_0_based,V2,false,recovered_heuristic_equal_segment
230714,313,0,true,49,"V1,V2",49,local_0_based,V1,false,recovered_heuristic_equal_segment
230714,314,0,true,49,"V1,V2",49,local_0_based,V1,false,recovered_heuristic_equal_segment
230714,315,0,true,49,"V1,V2",49,local_0_based,V1,false,recovered_heuristic_equal_segment
230714,316,0,true,78,"V1,V2",78,local_0_based,V2,false,recovered_heuristic_equal_segment
230714,317,0,true,50,"V1,V2",50,local_0_based,V1,false,recovered_heuristic_equal_segment
230714,318,0,true,50,"V1,V2",50,local_0_based,V1,false,recovered_heuristic_equal_segment
230714,319,0,true,50,"V1,V2",50,local_0_based,V1,false,recovered_heuristic_equal_segment
230714,320,0,true,51,"V1,V2",51,local_0_based,V1,false,recovered_heuristic_equal_segment
230714,321,0,true,51,"V1,V2",51,local_0_based,V1,false,recovered_heuristic_equal_segment
230714,322,0,true,76,"V1,V2",76,local_0_based,V2,false,recovered_heuristic_equal_segment
230714,323,0,true,52,"V1,V2",52,local_0_based,V1,false,recovered_heuristic_equal_segment
230714,324,0,true,52,"V1,V2",52,local_0_based,V1,false,recovered_heuristic_equal_segment
230714,325,0,true,75,"V1,V2",75,local_0_based,V2,false,recovered_heuristic_equal_segment
230714,326,0,true,52,"V1,V2",52,local_0_based,V1,false,recovered_heuristic_equal_segment
230714,327,0,true,53,"V1,V2",53,local_0_based,V1,false,recovered_heuristic_equal_segment
230714,328,0,true,53,"V1,V2",53,local_0_based,V1,false,recovered_heuristic_equal_segment
230714,329,0,true,52,"V1,V2",52,local_0_based,V1,false,recovered_heuristic_equal_segment
230714,330,0,true,54,"V1,V2",54,local_0_based,V1,false,recovered_heuristic_equal_segment
230714,331,0,true,54,"V1,V2",54,local_0_based,V1,false,recovered_heuristic_equal_segment
230714,332,0,true,54,"V1,V2",54,local_0_based,V1,false,recovered_heuristic_equal_segment
230714,333,0,true,54,"V1,V2",54,local_0_based,V1,false,recovered_heuristic_equal_segment
230714,334,0,true,54,"V1,V2",54,local_0_based,V1,false,recovered_heuristic_equal_segment
230714,335,0,true,54,"V1,V2",54,local_0_based,V1,false,recovered_heuristic_equal_segment
230714,336,0,true,73,"V1,V2",73,local_0_based,V2,false,recovered_heuristic_equal_segment
230714,337,0,true,55,"V1,V2",55,local_0_based,V1,false,recovered_heuristic_equal_segment
230714,338,0,true,55,"V1,V2",55,local_0_based,V1,false,recovered_heuristic_equal_segment
230714,339,0,true,55,"V1,V2",55,local_0_based,V1,false,recovered_heuristic_equal_segment
230714,340,0,true,55,"V1,V2",55,local_0_based,V1,false,recovered_heuristic_equal_segment
230714,341,0,true,55,"V1,V2",55,local_0_based,V1,false,recovered_heuristic_equal_segment
230714,342,0,true,55,"V1,V2",55,local_0_based,V1,false,recovered_heuristic_equal_segment
230714,343,0,true,55,"V1,V2",55,local_0_based,V1,false,recovered_heuristic_equal_segment
230714,344,0,true,72,"V1,V2",72,local_0_based,V2,false,recovered_heuristic_equal_segment
230714,345,0,true,72,"V1,V2",72,local_0_based,V2,false,recovered_heuristic_equal_segment
230714,346,0,true,72,"V1,V2",72,local_0_based,V2,false,recovered_heuristic_equal_segment
230714,347,0,true,72,"V1,V2",72,local_0_based,V2,false,recovered_heuristic_equal_segment
230714,348,0,true,72,"V1,V2",72,local_0_based,V2,false,recovered_heuristic_equal_segment
230714,349,0,true,72,"V1,V2",72,local_0_based,V2,false,recovered_heuristic_equal_segment
230714,350,0,true,72,"V1,V2",72,local_0_based,V2,false,recovered_heuristic_equal_segment
230714,351,0,true,72,"V1,V2",72,local_0_based,V2,false,recovered_heuristic_equal_segment
230714,352,0,true,72,"V1,V2",72,local_0_based,V2,false,recovered_heuristic_equal_segment
230714,353,0,true,56,"V1,V2",56,local_0_based,V1,false,recovered_heuristic_equal_segment
230714,354,0,true,56,"V1,V2",56,local_0_based,V1,false,recovered_heuristic_equal_segment
230714,355,0,true,56,"V1,V2",56,local_0_based,V1,false,recovered_heuristic_equal_segment
230714,356,0,true,56,"V1,V2",56,local_0_based,V1,false,recovered_heuristic_equal_segment
230714,357,0,true,56,"V1,V2",56,local_0_based,V1,false,recovered_heuristic_equal_segment
230714,358,0,true,71,"V1,V2",71,local_0_based,V2,false,recovered_heuristic_equal_segment
230714,359,0,true,57,"V1,V2",57,local_0_based,V1,false,recovered_heuristic_equal_segment
230714,360,0,true,57,"V1,V2",57,local_0_based,V1,false,recovered_heuristic_equal_segment
230714,361,0,true,57,"V1,V2",57,local_0_based,V1,false,recovered_heuristic_equal_segment
230714,362,0,true,58,"V1,V2",58,local_0_based,V1,false,recovered_heuristic_equal_segment
230714,363,0,true,58,"V1,V2",58,local_0_based,V1,false,recovered_heuristic_equal_segment
230714,364,0,true,58,"V1,V2",58,local_0_based,V1,false,recovered_heuristic_equal_segment
230714,365,0,true,58,"V1,V2",58,local_0_based,V1,false,recovered_heuristic_equal_segment
230714,366,0,true,58,"V1,V2",58,local_0_based,V1,false,recovered_heuristic_equal_segment
230714,367,0,true,58,"V1,V2",58,local_0_based,V1,false,recovered_heuristic_equal_segment
230714,368,0,true,59,"V1,V2",59,local_0_based,V1,false,recovered_heuristic_equal_segment
230714,369,0,true,59,"V1,V2",59,local_0_based,V1,false,recovered_heuristic_equal_segment
230714,370,0,true,58,"V1,V2",58,local_0_based,V1,false,recovered_heuristic_equal_segment
230714,371,0,true,69,"V1,V2",69,local_0_based,V2,false,recovered_heuristic_equal_segment
230714,372,0,true,59,"V1,V2",59,local_0_based,V1,false,recovered_heuristic_equal_segment
230714,373,0,true,59,"V1,V2",59,local_0_based,V1,false,recovered_heuristic_equal_segment
230714,374,0,true,59,"V1,V2",59,local_0_based,V1,false,recovered_heuristic_equal_segment
230714,375,0,true,59,"V1,V2",59,local_0_based,V1,false,recovered_heuristic_equal_segment
230714,376,0,true,68,"V1,V2",68,local_0_based,V2,false,recovered_heuristic_equal_segment
230714,377,0,true,60,"V1,V2",60,local_0_based,V1,false,recovered_heuristic_equal_segment
230714,378,0,true,60,"V1,V2",60,local_0_based,V1,false,recovered_heuristic_equal_segment
230714,379,0,true,61,"V1,V2",61,local_0_based,V1,false,recovered_heuristic_equal_segment
230714,380,0,true,61,"V1,V2",61,local_0_based,V1,false,recovered_heuristic_equal_segment
230714,381,0,true,66,"V1,V2",66,local_0_based,V2,false,recovered_heuristic_equal_segment
230714,382,0,true,62,"V1,V2",62,local_0_based,V1,false,recovered_heuristic_equal_segment
230714,383,0,true,62,"V1,V2",62,local_0_based,V1,false,recovered_heuristic_equal_segment
230714,384,0,true,62,"V1,V2",62,local_0_based,V1,false,recovered_heuristic_equal_segment
230714,385,0,true,62,"V1,V2",62,local_0_based,V1,false,recovered_heuristic_equal_segment
230714,386,0,true,62,"V1,V2",62,local_0_based,V1,false,recovered_heuristic_equal_segment
230714,387,0,true,62,"V1,V2",62,local_0_based,V1,false,recovered_heuristic_equal_segment
230714,388,0,true,63,"V1,V2",63,local_0_based,V1,false,recovered_heuristic_equal_segment
230714,389,0,true,63,"V1,V2",63,local_0_based,V1,false,recovered_heuristic_equal_segment
230714,390,0,true,63,"V1,V2",63,local_0_based,V1,false,recovered_heuristic_equal_segment
230714,391,0,true,63,"V1,V2",63,local_0_based,V1,false,recovered_heuristic_equal_segment
230714,392,0,true,63,"V1,V2",63,local_0_based,V1,false,recovered_heuristic_equal_segment
230714,393,0,true,63,"V1,V2",63,local_0_based,V1,false,recovered_heuristic_equal_segment
230714,394,0,true,64,"V1,V2",64,local_0_based,V2,false,recovered_heuristic_equal_segment
230714,395,0,true,64,"V1,V2",64,local_0_based,V2,false,recovered_heuristic_equal_segment
230714,396,0,true,64,"V1,V2",64,local_0_based,V2,false,recovered_heuristic_equal_segment
230714,397,0,true,64,"V1,V2",64,local_0_based,V2,false,recovered_heuristic_equal_segment
230714,398,0,true,66,"V1,V2",66,local_0_based,V2,false,recovered_heuristic_equal_segment
230714,399,0,true,95,"V1,V2",95,local_0_based,V2,false,recovered_heuristic_equal_segment
230714,400,0,true,123,"V1,V2",123,local_0_based,V2,false,recovered_heuristic_equal_segment
230714,401,0,true,114,"V1,V2",114,local_0_based,V2,false,recovered_heuristic_equal_segment
230714,402,0,true,18,"V1,V2",18,local_0_based,V1,false,recovered_heuristic_equal_segment
230714,403,0,true,25,"V1,V2",25,local_0_based,V1,false,recovered_heuristic_equal_segment
230714,404,0,true,35,"V1,V2",35,local_0_based,V1,false,recovered_heuristic_equal_segment
230714,405,0,true,36,"V1,V2",36,local_0_based,V1,false,recovered_heuristic_equal_segment
230714,406,0,true,53,"V1,V2",53,local_0_based,V1,false,recovered_heuristic_equal_segment
230714,407,0,true,53,"V1,V2",53,local_0_based,V1,false,recovered_heuristic_equal_segment
230714,408,0,true,54,"V1,V2",54,local_0_based,V1,false,recovered_heuristic_equal_segment
230714,409,0,true,55,"V1,V2",55,local_0_based,V1,false,recovered_heuristic_equal_segment
230714,410,0,true,55,"V1,V2",55,local_0_based,V1,false,recovered_heuristic_equal_segment
230714,411,0,true,56,"V1,V2",56,local_0_based,V1,false,recovered_heuristic_equal_segment
230714,412,0,true,58,"V1,V2",58,local_0_based,V1,false,recovered_heuristic_equal_segment
230714,413,0,true,66,"V1,V2",66,local_0_based,V2,false,recovered_heuristic_equal_segment
230714,414,0,true,63,"V1,V2",63,local_0_based,V1,false,recovered_heuristic_equal_segment
230714,415,0,true,25,"V1,V2",25,local_0_based,V1,false,recovered_heuristic_equal_segment
230714,416,0,true,64,"V1,V2",64,local_0_based,V2,false,recovered_heuristic_equal_segment
230714,417,0,true,63,"V1,V2",63,local_0_based,V1,false,recovered_heuristic_equal_segment
230714,418,0,true,64,"V1,V2",64,local_0_based,V2,false,recovered_heuristic_equal_segment
230714,419,0,true,64,"V1,V2",64,local_0_based,V2,false,recovered_heuristic_equal_segment
230714,420,0,true,108,"V1,V2",108,local_0_based,V2,false,recovered_heuristic_equal_segment
230714,421,0,true,72,"V1,V2",72,local_0_based,V2,false,recovered_heuristic_equal_segment
230714,422,0,true,71,"V1,V2",71,local_0_based,V2,false,recovered_heuristic_equal_segment
230719,0,0,true,0,"V1,V2",0,local_0_based,V1,false,recovered_heuristic_equal_segment
230719,1,0,true,124,"V1,V2",124,local_0_based,V2,false,recovered_heuristic_equal_segment
230719,2,0,true,3,"V1,V2",3,local_0_based,V1,false,recovered_heuristic_equal_segment
230719,3,0,true,0,"V1,V2",0,local_0_based,V1,false,recovered_heuristic_equal_segment
230719,4,0,true,2,"V1,V2",2,local_0_based,V1,false,recovered_heuristic_equal_segment
230719,5,0,true,127,"V1,V2",127,local_0_based,V2,false,recovered_heuristic_equal_segment
230719,6,0,true,127,"V1,V2",127,local_0_based,V2,false,recovered_heuristic_equal_segment
230719,7,0,true,127,"V1,V2",127,local_0_based,V2,false,recovered_heuristic_equal_segment
230719,8,0,true,122,"V1,V2",122,local_0_based,V2,false,recovered_heuristic_equal_segment
230719,9,0,true,1,"V1,V2",1,local_0_based,V1,false,recovered_heuristic_equal_segment
230719,10,0,true,35,"V1,V2",35,local_0_based,V1,false,recovered_heuristic_equal_segment
230719,11,0,true,1,"V1,V2",1,local_0_based,V1,false,recovered_heuristic_equal_segment
230719,12,0,true,122,"V1,V2",122,local_0_based,V2,false,recovered_heuristic_equal_segment
230719,13,0,true,1,"V1,V2",1,local_0_based,V1,false,recovered_heuristic_equal_segment
230719,14,0,true,126,"V1,V2",126,local_0_based,V2,false,recovered_heuristic_equal_segment
230719,15,0,true,126,"V1,V2",126,local_0_based,V2,false,recovered_heuristic_equal_segment
230719,16,0,true,126,"V1,V2",126,local_0_based,V2,false,recovered_heuristic_equal_segment
230719,17,0,true,2,"V1,V2",2,local_0_based,V1,false,recovered_heuristic_equal_segment
230719,18,0,true,1,"V1,V2",1,local_0_based,V1,false,recovered_heuristic_equal_segment
230719,19,0,true,2,"V1,V2",2,local_0_based,V1,false,recovered_heuristic_equal_segment
230719,20,0,true,2,"V1,V2",2,local_0_based,V1,false,recovered_heuristic_equal_segment
230719,21,0,true,2,"V1,V2",2,local_0_based,V1,false,recovered_heuristic_equal_segment
230719,22,0,true,125,"V1,V2",125,local_0_based,V2,false,recovered_heuristic_equal_segment
230719,23,0,true,125,"V1,V2",125,local_0_based,V2,false,recovered_heuristic_equal_segment
230719,24,0,true,124,"V1,V2",124,local_0_based,V2,false,recovered_heuristic_equal_segment
230719,25,0,true,3,"V1,V2",3,local_0_based,V1,false,recovered_heuristic_equal_segment
230719,26,0,true,4,"V1,V2",4,local_0_based,V1,false,recovered_heuristic_equal_segment
230719,27,0,true,4,"V1,V2",4,local_0_based,V1,false,recovered_heuristic_equal_segment
230719,28,0,true,4,"V1,V2",4,local_0_based,V1,false,recovered_heuristic_equal_segment
230719,29,0,true,4,"V1,V2",4,local_0_based,V1,false,recovered_heuristic_equal_segment
230719,30,0,true,122,"V1,V2",122,local_0_based,V2,false,recovered_heuristic_equal_segment
230719,31,0,true,6,"V1,V2",6,local_0_based,V1,false,recovered_heuristic_equal_segment
230719,32,0,true,114,"V1,V2",114,local_0_based,V2,false,recovered_heuristic_equal_segment
230719,33,0,true,14,"V1,V2",14,local_0_based,V1,false,recovered_heuristic_equal_segment
230719,34,0,true,14,"V1,V2",14,local_0_based,V1,false,recovered_heuristic_equal_segment
230719,35,0,true,14,"V1,V2",14,local_0_based,V1,false,recovered_heuristic_equal_segment
230719,36,0,true,14,"V1,V2",14,local_0_based,V1,false,recovered_heuristic_equal_segment
230719,37,0,true,14,"V1,V2",14,local_0_based,V1,false,recovered_heuristic_equal_segment
230719,38,0,true,111,"V1,V2",111,local_0_based,V2,false,recovered_heuristic_equal_segment
230719,39,0,true,113,"V1,V2",113,local_0_based,V2,false,recovered_heuristic_equal_segment
230719,40,0,true,114,"V1,V2",114,local_0_based,V2,false,recovered_heuristic_equal_segment
230719,41,0,true,14,"V1,V2",14,local_0_based,V1,false,recovered_heuristic_equal_segment
230719,42,0,true,113,"V1,V2",113,local_0_based,V2,false,recovered_heuristic_equal_segment
230719,43,0,true,113,"V1,V2",113,local_0_based,V2,false,recovered_heuristic_equal_segment
230719,44,0,true,15,"V1,V2",15,local_0_based,V1,false,recovered_heuristic_equal_segment
230719,45,0,true,15,"V1,V2",15,local_0_based,V1,false,recovered_heuristic_equal_segment
230719,46,0,true,15,"V1,V2",15,local_0_based,V1,false,recovered_heuristic_equal_segment
230719,47,0,true,112,"V1,V2",112,local_0_based,V2,false,recovered_heuristic_equal_segment
230719,48,0,true,14,"V1,V2",14,local_0_based,V1,false,recovered_heuristic_equal_segment
230719,49,0,true,112,"V1,V2",112,local_0_based,V2,false,recovered_heuristic_equal_segment
230719,50,0,true,112,"V1,V2",112,local_0_based,V2,false,recovered_heuristic_equal_segment
230719,51,0,true,112,"V1,V2",112,local_0_based,V2,false,recovered_heuristic_equal_segment
230719,52,0,true,112,"V1,V2",112,local_0_based,V2,false,recovered_heuristic_equal_segment
230719,53,0,true,112,"V1,V2",112,local_0_based,V2,false,recovered_heuristic_equal_segment
230719,54,0,true,111,"V1,V2",111,local_0_based,V2,false,recovered_heuristic_equal_segment
230719,55,0,true,16,"V1,V2",16,local_0_based,V1,false,recovered_heuristic_equal_segment
230719,56,0,true,16,"V1,V2",16,local_0_based,V1,false,recovered_heuristic_equal_segment
230719,57,0,true,16,"V1,V2",16,local_0_based,V1,false,recovered_heuristic_equal_segment
230719,58,0,true,17,"V1,V2",17,local_0_based,V1,false,recovered_heuristic_equal_segment
230719,59,0,true,110,"V1,V2",110,local_0_based,V2,false,recovered_heuristic_equal_segment
230719,60,0,true,16,"V1,V2",16,local_0_based,V1,false,recovered_heuristic_equal_segment
230719,61,0,true,17,"V1,V2",17,local_0_based,V1,false,recovered_heuristic_equal_segment
230719,62,0,true,17,"V1,V2",17,local_0_based,V1,false,recovered_heuristic_equal_segment
230719,63,0,true,110,"V1,V2",110,local_0_based,V2,false,recovered_heuristic_equal_segment
230719,64,0,true,110,"V1,V2",110,local_0_based,V2,false,recovered_heuristic_equal_segment
230719,65,0,true,110,"V1,V2",110,local_0_based,V2,false,recovered_heuristic_equal_segment
230719,66,0,true,110,"V1,V2",110,local_0_based,V2,false,recovered_heuristic_equal_segment
230719,67,0,true,20,"V1,V2",20,local_0_based,V1,false,recovered_heuristic_equal_segment
230719,68,0,true,110,"V1,V2",110,local_0_based,V2,false,recovered_heuristic_equal_segment
230719,69,0,true,18,"V1,V2",18,local_0_based,V1,false,recovered_heuristic_equal_segment
230719,70,0,true,18,"V1,V2",18,local_0_based,V1,false,recovered_heuristic_equal_segment
230719,71,0,true,18,"V1,V2",18,local_0_based,V1,false,recovered_heuristic_equal_segment
230719,72,0,true,18,"V1,V2",18,local_0_based,V1,false,recovered_heuristic_equal_segment
230719,73,0,true,18,"V1,V2",18,local_0_based,V1,false,recovered_heuristic_equal_segment
230719,74,0,true,109,"V1,V2",109,local_0_based,V2,false,recovered_heuristic_equal_segment
230719,75,0,true,20,"V1,V2",20,local_0_based,V1,false,recovered_heuristic_equal_segment
230719,76,0,true,19,"V1,V2",19,local_0_based,V1,false,recovered_heuristic_equal_segment
230719,77,0,true,108,"V1,V2",108,local_0_based,V2,false,recovered_heuristic_equal_segment
230719,78,0,true,20,"V1,V2",20,local_0_based,V1,false,recovered_heuristic_equal_segment
230719,79,0,true,20,"V1,V2",20,local_0_based,V1,false,recovered_heuristic_equal_segment
230719,80,0,true,20,"V1,V2",20,local_0_based,V1,false,recovered_heuristic_equal_segment
230719,81,0,true,20,"V1,V2",20,local_0_based,V1,false,recovered_heuristic_equal_segment
230719,82,0,true,22,"V1,V2",22,local_0_based,V1,false,recovered_heuristic_equal_segment
230719,83,0,true,21,"V1,V2",21,local_0_based,V1,false,recovered_heuristic_equal_segment
230719,84,0,true,106,"V1,V2",106,local_0_based,V2,false,recovered_heuristic_equal_segment
230719,85,0,true,106,"V1,V2",106,local_0_based,V2,false,recovered_heuristic_equal_segment
230719,86,0,true,106,"V1,V2",106,local_0_based,V2,false,recovered_heuristic_equal_segment
230719,87,0,true,22,"V1,V2",22,local_0_based,V1,false,recovered_heuristic_equal_segment
230719,88,0,true,22,"V1,V2",22,local_0_based,V1,false,recovered_heuristic_equal_segment
230719,89,0,true,22,"V1,V2",22,local_0_based,V1,false,recovered_heuristic_equal_segment
230719,90,0,true,22,"V1,V2",22,local_0_based,V1,false,recovered_heuristic_equal_segment
230719,91,0,true,105,"V1,V2",105,local_0_based,V2,false,recovered_heuristic_equal_segment
230719,92,0,true,105,"V1,V2",105,local_0_based,V2,false,recovered_heuristic_equal_segment
230719,93,0,true,105,"V1,V2",105,local_0_based,V2,false,recovered_heuristic_equal_segment
230719,94,0,true,23,"V1,V2",23,local_0_based,V1,false,recovered_heuristic_equal_segment
230719,95,0,true,23,"V1,V2",23,local_0_based,V1,false,recovered_heuristic_equal_segment
230719,96,0,true,23,"V1,V2",23,local_0_based,V1,false,recovered_heuristic_equal_segment
230719,97,0,true,27,"V1,V2",27,local_0_based,V1,false,recovered_heuristic_equal_segment
230719,98,0,true,104,"V1,V2",104,local_0_based,V2,false,recovered_heuristic_equal_segment
230719,99,0,true,24,"V1,V2",24,local_0_based,V1,false,recovered_heuristic_equal_segment
230719,100,0,true,104,"V1,V2",104,local_0_based,V2,false,recovered_heuristic_equal_segment
230719,101,0,true,104,"V1,V2",104,local_0_based,V2,false,recovered_heuristic_equal_segment
230719,102,0,true,104,"V1,V2",104,local_0_based,V2,false,recovered_heuristic_equal_segment
230719,103,0,true,104,"V1,V2",104,local_0_based,V2,false,recovered_heuristic_equal_segment
230719,104,0,true,24,"V1,V2",24,local_0_based,V1,false,recovered_heuristic_equal_segment
230719,105,0,true,96,"V1,V2",96,local_0_based,V2,false,recovered_heuristic_equal_segment
230719,106,0,true,25,"V1,V2",25,local_0_based,V1,false,recovered_heuristic_equal_segment
230719,107,0,true,25,"V1,V2",25,local_0_based,V1,false,recovered_heuristic_equal_segment
230719,108,0,true,102,"V1,V2",102,local_0_based,V2,false,recovered_heuristic_equal_segment
230719,109,0,true,102,"V1,V2",102,local_0_based,V2,false,recovered_heuristic_equal_segment
230719,110,0,true,26,"V1,V2",26,local_0_based,V1,false,recovered_heuristic_equal_segment
230719,111,0,true,26,"V1,V2",26,local_0_based,V1,false,recovered_heuristic_equal_segment
230719,112,0,true,26,"V1,V2",26,local_0_based,V1,false,recovered_heuristic_equal_segment
230719,113,0,true,26,"V1,V2",26,local_0_based,V1,false,recovered_heuristic_equal_segment
230719,114,0,true,26,"V1,V2",26,local_0_based,V1,false,recovered_heuristic_equal_segment
230719,115,0,true,32,"V1,V2",32,local_0_based,V1,false,recovered_heuristic_equal_segment
230719,116,0,true,32,"V1,V2",32,local_0_based,V1,false,recovered_heuristic_equal_segment
230719,117,0,true,27,"V1,V2",27,local_0_based,V1,false,recovered_heuristic_equal_segment
230719,118,0,true,100,"V1,V2",100,local_0_based,V2,false,recovered_heuristic_equal_segment
230719,119,0,true,100,"V1,V2",100,local_0_based,V2,false,recovered_heuristic_equal_segment
230719,120,0,true,100,"V1,V2",100,local_0_based,V2,false,recovered_heuristic_equal_segment
230719,121,0,true,28,"V1,V2",28,local_0_based,V1,false,recovered_heuristic_equal_segment
230719,122,0,true,28,"V1,V2",28,local_0_based,V1,false,recovered_heuristic_equal_segment
230719,123,0,true,29,"V1,V2",29,local_0_based,V1,false,recovered_heuristic_equal_segment
230719,124,0,true,29,"V1,V2",29,local_0_based,V1,false,recovered_heuristic_equal_segment
230719,125,0,true,29,"V1,V2",29,local_0_based,V1,false,recovered_heuristic_equal_segment
230719,126,0,true,29,"V1,V2",29,local_0_based,V1,false,recovered_heuristic_equal_segment
230719,127,0,true,98,"V1,V2",98,local_0_based,V2,false,recovered_heuristic_equal_segment
230719,128,0,true,30,"V1,V2",30,local_0_based,V1,false,recovered_heuristic_equal_segment
230719,129,0,true,97,"V1,V2",97,local_0_based,V2,false,recovered_heuristic_equal_segment
230719,130,0,true,31,"V1,V2",31,local_0_based,V1,false,recovered_heuristic_equal_segment
230719,131,0,true,31,"V1,V2",31,local_0_based,V1,false,recovered_heuristic_equal_segment
230719,132,0,true,31,"V1,V2",31,local_0_based,V1,false,recovered_heuristic_equal_segment
230719,133,0,true,98,"V1,V2",98,local_0_based,V2,false,recovered_heuristic_equal_segment
230719,134,0,true,96,"V1,V2",96,local_0_based,V2,false,recovered_heuristic_equal_segment
230719,135,0,true,96,"V1,V2",96,local_0_based,V2,false,recovered_heuristic_equal_segment
230719,136,0,true,96,"V1,V2",96,local_0_based,V2,false,recovered_heuristic_equal_segment
230719,137,0,true,95,"V1,V2",95,local_0_based,V2,false,recovered_heuristic_equal_segment
230719,138,0,true,33,"V1,V2",33,local_0_based,V1,false,recovered_heuristic_equal_segment
230719,139,0,true,33,"V1,V2",33,local_0_based,V1,false,recovered_heuristic_equal_segment
230719,140,0,true,95,"V1,V2",95,local_0_based,V2,false,recovered_heuristic_equal_segment
230719,141,0,true,94,"V1,V2",94,local_0_based,V2,false,recovered_heuristic_equal_segment
230719,142,0,true,34,"V1,V2",34,local_0_based,V1,false,recovered_heuristic_equal_segment
230719,143,0,true,93,"V1,V2",93,local_0_based,V2,false,recovered_heuristic_equal_segment
230719,144,0,true,93,"V1,V2",93,local_0_based,V2,false,recovered_heuristic_equal_segment
230719,145,0,true,93,"V1,V2",93,local_0_based,V2,false,recovered_heuristic_equal_segment
230719,146,0,true,97,"V1,V2",97,local_0_based,V2,false,recovered_heuristic_equal_segment
230719,147,0,true,92,"V1,V2",92,local_0_based,V2,false,recovered_heuristic_equal_segment
230719,148,0,true,92,"V1,V2",92,local_0_based,V2,false,recovered_heuristic_equal_segment
230719,149,0,true,91,"V1,V2",91,local_0_based,V2,false,recovered_heuristic_equal_segment
230719,150,0,true,91,"V1,V2",91,local_0_based,V2,false,recovered_heuristic_equal_segment
230719,151,0,true,51,"V1,V2",51,local_0_based,V1,false,recovered_heuristic_equal_segment
230719,152,0,true,89,"V1,V2",89,local_0_based,V2,false,recovered_heuristic_equal_segment
230719,153,0,true,89,"V1,V2",89,local_0_based,V2,false,recovered_heuristic_equal_segment
230719,154,0,true,95,"V1,V2",95,local_0_based,V2,false,recovered_heuristic_equal_segment
230719,155,0,true,89,"V1,V2",89,local_0_based,V2,false,recovered_heuristic_equal_segment
230719,156,0,true,88,"V1,V2",88,local_0_based,V2,false,recovered_heuristic_equal_segment
230719,157,0,true,94,"V1,V2",94,local_0_based,V2,false,recovered_heuristic_equal_segment
230719,158,0,true,87,"V1,V2",87,local_0_based,V2,false,recovered_heuristic_equal_segment
230719,159,0,true,86,"V1,V2",86,local_0_based,V2,false,recovered_heuristic_equal_segment
230719,160,0,true,42,"V1,V2",42,local_0_based,V1,false,recovered_heuristic_equal_segment
230719,161,0,true,43,"V1,V2",43,local_0_based,V1,false,recovered_heuristic_equal_segment
230719,162,0,true,84,"V1,V2",84,local_0_based,V2,false,recovered_heuristic_equal_segment
230719,163,0,true,39,"V1,V2",39,local_0_based,V1,false,recovered_heuristic_equal_segment
230719,164,0,true,83,"V1,V2",83,local_0_based,V2,false,recovered_heuristic_equal_segment
230719,165,0,true,83,"V1,V2",83,local_0_based,V2,false,recovered_heuristic_equal_segment
230719,166,0,true,45,"V1,V2",45,local_0_based,V1,false,recovered_heuristic_equal_segment
230719,167,0,true,82,"V1,V2",82,local_0_based,V2,false,recovered_heuristic_equal_segment
230719,168,0,true,82,"V1,V2",82,local_0_based,V2,false,recovered_heuristic_equal_segment
230719,169,0,true,81,"V1,V2",81,local_0_based,V2,false,recovered_heuristic_equal_segment
230719,170,0,true,47,"V1,V2",47,local_0_based,V1,false,recovered_heuristic_equal_segment
230719,171,0,true,80,"V1,V2",80,local_0_based,V2,false,recovered_heuristic_equal_segment
230719,172,0,true,80,"V1,V2",80,local_0_based,V2,false,recovered_heuristic_equal_segment
230719,173,0,true,79,"V1,V2",79,local_0_based,V2,false,recovered_heuristic_equal_segment
230719,174,0,true,49,"V1,V2",49,local_0_based,V1,false,recovered_heuristic_equal_segment
230719,175,0,true,78,"V1,V2",78,local_0_based,V2,false,recovered_heuristic_equal_segment
230719,176,0,true,77,"V1,V2",77,local_0_based,V2,false,recovered_heuristic_equal_segment
230719,177,0,true,77,"V1,V2",77,local_0_based,V2,false,recovered_heuristic_equal_segment
230719,178,0,true,77,"V1,V2",77,local_0_based,V2,false,recovered_heuristic_equal_segment
230719,179,0,true,77,"V1,V2",77,local_0_based,V2,false,recovered_heuristic_equal_segment
230719,180,0,true,77,"V1,V2",77,local_0_based,V2,false,recovered_heuristic_equal_segment
230719,181,0,true,51,"V1,V2",51,local_0_based,V1,false,recovered_heuristic_equal_segment
230719,182,0,true,76,"V1,V2",76,local_0_based,V2,false,recovered_heuristic_equal_segment
230719,183,0,true,75,"V1,V2",75,local_0_based,V2,false,recovered_heuristic_equal_segment
230719,184,0,true,75,"V1,V2",75,local_0_based,V2,false,recovered_heuristic_equal_segment
230719,185,0,true,75,"V1,V2",75,local_0_based,V2,false,recovered_heuristic_equal_segment
230719,186,0,true,75,"V1,V2",75,local_0_based,V2,false,recovered_heuristic_equal_segment
230719,187,0,true,74,"V1,V2",74,local_0_based,V2,false,recovered_heuristic_equal_segment
230719,188,0,true,73,"V1,V2",73,local_0_based,V2,false,recovered_heuristic_equal_segment
230719,189,0,true,73,"V1,V2",73,local_0_based,V2,false,recovered_heuristic_equal_segment
230719,190,0,true,55,"V1,V2",55,local_0_based,V1,false,recovered_heuristic_equal_segment
230719,191,0,true,56,"V1,V2",56,local_0_based,V1,false,recovered_heuristic_equal_segment
230719,192,0,true,56,"V1,V2",56,local_0_based,V1,false,recovered_heuristic_equal_segment
230719,193,0,true,56,"V1,V2",56,local_0_based,V1,false,recovered_heuristic_equal_segment
230719,194,0,true,56,"V1,V2",56,local_0_based,V1,false,recovered_heuristic_equal_segment
230719,195,0,true,56,"V1,V2",56,local_0_based,V1,false,recovered_heuristic_equal_segment
230719,196,0,true,56,"V1,V2",56,local_0_based,V1,false,recovered_heuristic_equal_segment
230719,197,0,true,56,"V1,V2",56,local_0_based,V1,false,recovered_heuristic_equal_segment
230719,198,0,true,56,"V1,V2",56,local_0_based,V1,false,recovered_heuristic_equal_segment
230719,199,0,true,71,"V1,V2",71,local_0_based,V2,false,recovered_heuristic_equal_segment
230719,200,0,true,71,"V1,V2",71,local_0_based,V2,false,recovered_heuristic_equal_segment
230719,201,0,true,71,"V1,V2",71,local_0_based,V2,false,recovered_heuristic_equal_segment
230719,202,0,true,71,"V1,V2",71,local_0_based,V2,false,recovered_heuristic_equal_segment
230719,203,0,true,71,"V1,V2",71,local_0_based,V2,false,recovered_heuristic_equal_segment
230719,204,0,true,71,"V1,V2",71,local_0_based,V2,false,recovered_heuristic_equal_segment
230719,205,0,true,71,"V1,V2",71,local_0_based,V2,false,recovered_heuristic_equal_segment
230719,206,0,true,57,"V1,V2",57,local_0_based,V1,false,recovered_heuristic_equal_segment
230719,207,0,true,63,"V1,V2",63,local_0_based,V1,false,recovered_heuristic_equal_segment
230719,208,0,true,58,"V1,V2",58,local_0_based,V1,false,recovered_heuristic_equal_segment
230719,209,0,true,58,"V1,V2",58,local_0_based,V1,false,recovered_heuristic_equal_segment
230719,210,0,true,58,"V1,V2",58,local_0_based,V1,false,recovered_heuristic_equal_segment
230719,211,0,true,58,"V1,V2",58,local_0_based,V1,false,recovered_heuristic_equal_segment
230719,212,0,true,56,"V1,V2",56,local_0_based,V1,false,recovered_heuristic_equal_segment
230719,213,0,true,58,"V1,V2",58,local_0_based,V1,false,recovered_heuristic_equal_segment
230719,214,0,true,58,"V1,V2",58,local_0_based,V1,false,recovered_heuristic_equal_segment
230719,215,0,true,58,"V1,V2",58,local_0_based,V1,false,recovered_heuristic_equal_segment
230719,216,0,true,62,"V1,V2",62,local_0_based,V1,false,recovered_heuristic_equal_segment
230719,217,0,true,58,"V1,V2",58,local_0_based,V1,false,recovered_heuristic_equal_segment
230719,218,0,true,59,"V1,V2",59,local_0_based,V1,false,recovered_heuristic_equal_segment
230719,219,0,true,59,"V1,V2",59,local_0_based,V1,false,recovered_heuristic_equal_segment
230719,220,0,true,59,"V1,V2",59,local_0_based,V1,false,recovered_heuristic_equal_segment
230719,221,0,true,60,"V1,V2",60,local_0_based,V1,false,recovered_heuristic_equal_segment
230719,222,0,true,60,"V1,V2",60,local_0_based,V1,false,recovered_heuristic_equal_segment
230719,223,0,true,59,"V1,V2",59,local_0_based,V1,false,recovered_heuristic_equal_segment
230719,224,0,true,59,"V1,V2",59,local_0_based,V1,false,recovered_heuristic_equal_segment
230719,225,0,true,59,"V1,V2",59,local_0_based,V1,false,recovered_heuristic_equal_segment
230719,226,0,true,59,"V1,V2",59,local_0_based,V1,false,recovered_heuristic_equal_segment
230719,227,0,true,60,"V1,V2",60,local_0_based,V1,false,recovered_heuristic_equal_segment
230719,228,0,true,59,"V1,V2",59,local_0_based,V1,false,recovered_heuristic_equal_segment
230719,229,0,true,63,"V1,V2",63,local_0_based,V1,false,recovered_heuristic_equal_segment
230719,230,0,true,57,"V1,V2",57,local_0_based,V1,false,recovered_heuristic_equal_segment
230719,231,0,true,68,"V1,V2",68,local_0_based,V2,false,recovered_heuristic_equal_segment
230719,232,0,true,60,"V1,V2",60,local_0_based,V1,false,recovered_heuristic_equal_segment
230719,233,0,true,60,"V1,V2",60,local_0_based,V1,false,recovered_heuristic_equal_segment
230719,234,0,true,60,"V1,V2",60,local_0_based,V1,false,recovered_heuristic_equal_segment
230719,235,0,true,60,"V1,V2",60,local_0_based,V1,false,recovered_heuristic_equal_segment
230719,236,0,true,63,"V1,V2",63,local_0_based,V1,false,recovered_heuristic_equal_segment
230719,237,0,true,60,"V1,V2",60,local_0_based,V1,false,recovered_heuristic_equal_segment
230719,238,0,true,57,"V1,V2",57,local_0_based,V1,false,recovered_heuristic_equal_segment
230719,239,0,true,58,"V1,V2",58,local_0_based,V1,false,recovered_heuristic_equal_segment
230719,240,0,true,60,"V1,V2",60,local_0_based,V1,false,recovered_heuristic_equal_segment
230719,241,0,true,60,"V1,V2",60,local_0_based,V1,false,recovered_heuristic_equal_segment
230719,242,0,true,60,"V1,V2",60,local_0_based,V1,false,recovered_heuristic_equal_segment
230719,243,0,true,1,"V1,V2",1,local_0_based,V1,false,recovered_heuristic_equal_segment
230719,244,0,true,62,"V1,V2",62,local_0_based,V1,false,recovered_heuristic_equal_segment
230719,245,0,true,62,"V1,V2",62,local_0_based,V1,false,recovered_heuristic_equal_segment
230719,246,0,true,60,"V1,V2",60,local_0_based,V1,false,recovered_heuristic_equal_segment
230719,247,0,true,59,"V1,V2",59,local_0_based,V1,false,recovered_heuristic_equal_segment
230719,248,0,true,62,"V1,V2",62,local_0_based,V1,false,recovered_heuristic_equal_segment
230719,249,0,true,62,"V1,V2",62,local_0_based,V1,false,recovered_heuristic_equal_segment
230719,250,0,true,56,"V1,V2",56,local_0_based,V1,false,recovered_heuristic_equal_segment
230719,251,0,true,62,"V1,V2",62,local_0_based,V1,false,recovered_heuristic_equal_segment
230719,252,0,true,62,"V1,V2",62,local_0_based,V1,false,recovered_heuristic_equal_segment
230719,253,0,true,62,"V1,V2",62,local_0_based,V1,false,recovered_heuristic_equal_segment
230719,254,0,true,62,"V1,V2",62,local_0_based,V1,false,recovered_heuristic_equal_segment
230719,255,0,true,62,"V1,V2",62,local_0_based,V1,false,recovered_heuristic_equal_segment
230719,256,0,true,59,"V1,V2",59,local_0_based,V1,false,recovered_heuristic_equal_segment
230719,257,0,true,63,"V1,V2",63,local_0_based,V1,false,recovered_heuristic_equal_segment
230719,258,0,true,63,"V1,V2",63,local_0_based,V1,false,recovered_heuristic_equal_segment
230719,259,0,true,63,"V1,V2",63,local_0_based,V1,false,recovered_heuristic_equal_segment
230719,260,0,true,63,"V1,V2",63,local_0_based,V1,false,recovered_heuristic_equal_segment
230719,261,0,true,63,"V1,V2",63,local_0_based,V1,false,recovered_heuristic_equal_segment
230719,262,0,true,63,"V1,V2",63,local_0_based,V1,false,recovered_heuristic_equal_segment
230719,263,0,true,63,"V1,V2",63,local_0_based,V1,false,recovered_heuristic_equal_segment
230719,264,0,true,63,"V1,V2",63,local_0_based,V1,false,recovered_heuristic_equal_segment
230719,265,0,true,63,"V1,V2",63,local_0_based,V1,false,recovered_heuristic_equal_segment
230719,266,0,true,63,"V1,V2",63,local_0_based,V1,false,recovered_heuristic_equal_segment
230719,267,0,true,64,"V1,V2",64,local_0_based,V2,false,recovered_heuristic_equal_segment
230719,268,0,true,118,"V1,V2",118,local_0_based,V2,false,recovered_heuristic_equal_segment
230719,269,0,true,3,"V1,V2",3,local_0_based,V1,false,recovered_heuristic_equal_segment
230719,270,0,true,119,"V1,V2",119,local_0_based,V2,false,recovered_heuristic_equal_segment
230719,271,0,true,19,"V1,V2",19,local_0_based,V1,false,recovered_heuristic_equal_segment
230719,272,0,true,93,"V1,V2",93,local_0_based,V2,false,recovered_heuristic_equal_segment
230719,273,0,true,93,"V1,V2",93,local_0_based,V2,false,recovered_heuristic_equal_segment
230719,274,0,true,92,"V1,V2",92,local_0_based,V2,false,recovered_heuristic_equal_segment
230719,275,0,true,89,"V1,V2",89,local_0_based,V2,false,recovered_heuristic_equal_segment
230719,276,0,true,87,"V1,V2",87,local_0_based,V2,false,recovered_heuristic_equal_segment
230719,277,0,true,85,"V1,V2",85,local_0_based,V2,false,recovered_heuristic_equal_segment
230719,278,0,true,57,"V1,V2",57,local_0_based,V1,false,recovered_heuristic_equal_segment
230719,279,0,true,72,"V1,V2",72,local_0_based,V2,false,recovered_heuristic_equal_segment
230719,280,0,true,8,"V1,V2",8,local_0_based,V1,false,recovered_heuristic_equal_segment
230719,281,0,true,8,"V1,V2",8,local_0_based,V1,false,recovered_heuristic_equal_segment
230719,282,0,true,90,"V1,V2",90,local_0_based,V2,false,recovered_heuristic_equal_segment
230719,283,0,true,89,"V1,V2",89,local_0_based,V2,false,recovered_heuristic_equal_segment
230719,284,0,true,43,"V1,V2",43,local_0_based,V1,false,recovered_heuristic_equal_segment
230719,285,0,true,72,"V1,V2",72,local_0_based,V2,false,recovered_heuristic_equal_segment
230719,286,0,true,63,"V1,V2",63,local_0_based,V1,false,recovered_heuristic_equal_segment
230719,287,0,true,72,"V1,V2",72,local_0_based,V2,false,recovered_heuristic_equal_segment
230720,0,0,true,0,"V1,V2",0,local_0_based,V1,false,recovered_heuristic_equal_segment
230720,1,0,true,1,"V1,V2",1,local_0_based,V1,false,recovered_heuristic_equal_segment
230720,2,0,true,1,"V1,V2",1,local_0_based,V1,false,recovered_heuristic_equal_segment
230720,3,0,true,126,"V1,V2",126,local_0_based,V2,false,recovered_heuristic_equal_segment
230720,4,0,true,126,"V1,V2",126,local_0_based,V2,false,recovered_heuristic_equal_segment
230720,5,0,true,126,"V1,V2",126,local_0_based,V2,false,recovered_heuristic_equal_segment
230720,6,0,true,125,"V1,V2",125,local_0_based,V2,false,recovered_heuristic_equal_segment
230720,7,0,true,0,"V1,V2",0,local_0_based,V1,false,recovered_heuristic_equal_segment
230720,8,0,true,122,"V1,V2",122,local_0_based,V2,false,recovered_heuristic_equal_segment
230720,9,0,true,124,"V1,V2",124,local_0_based,V2,false,recovered_heuristic_equal_segment
230720,10,0,true,21,"V1,V2",21,local_0_based,V1,false,recovered_heuristic_equal_segment
230720,11,0,true,16,"V1,V2",16,local_0_based,V1,false,recovered_heuristic_equal_segment
230720,12,0,true,111,"V1,V2",111,local_0_based,V2,false,recovered_heuristic_equal_segment
230720,13,0,true,111,"V1,V2",111,local_0_based,V2,false,recovered_heuristic_equal_segment
230720,14,0,true,19,"V1,V2",19,local_0_based,V1,false,recovered_heuristic_equal_segment
230720,15,0,true,19,"V1,V2",19,local_0_based,V1,false,recovered_heuristic_equal_segment
230720,16,0,true,109,"V1,V2",109,local_0_based,V2,false,recovered_heuristic_equal_segment
230720,17,0,true,20,"V1,V2",20,local_0_based,V1,false,recovered_heuristic_equal_segment
230720,18,0,true,19,"V1,V2",19,local_0_based,V1,false,recovered_heuristic_equal_segment
230720,19,0,true,20,"V1,V2",20,local_0_based,V1,false,recovered_heuristic_equal_segment
230720,20,0,true,20,"V1,V2",20,local_0_based,V1,false,recovered_heuristic_equal_segment
230720,21,0,true,20,"V1,V2",20,local_0_based,V1,false,recovered_heuristic_equal_segment
230720,22,0,true,21,"V1,V2",21,local_0_based,V1,false,recovered_heuristic_equal_segment
230720,23,0,true,106,"V1,V2",106,local_0_based,V2,false,recovered_heuristic_equal_segment
230720,24,0,true,22,"V1,V2",22,local_0_based,V1,false,recovered_heuristic_equal_segment
230720,25,0,true,105,"V1,V2",105,local_0_based,V2,false,recovered_heuristic_equal_segment
230720,26,0,true,106,"V1,V2",106,local_0_based,V2,false,recovered_heuristic_equal_segment
230720,27,0,true,22,"V1,V2",22,local_0_based,V1,false,recovered_heuristic_equal_segment
230720,28,0,true,23,"V1,V2",23,local_0_based,V1,false,recovered_heuristic_equal_segment
230720,29,0,true,104,"V1,V2",104,local_0_based,V2,false,recovered_heuristic_equal_segment
230720,30,0,true,23,"V1,V2",23,local_0_based,V1,false,recovered_heuristic_equal_segment
230720,31,0,true,24,"V1,V2",24,local_0_based,V1,false,recovered_heuristic_equal_segment
230720,32,0,true,24,"V1,V2",24,local_0_based,V1,false,recovered_heuristic_equal_segment
230720,33,0,true,103,"V1,V2",103,local_0_based,V2,false,recovered_heuristic_equal_segment
230720,34,0,true,102,"V1,V2",102,local_0_based,V2,false,recovered_heuristic_equal_segment
230720,35,0,true,107,"V1,V2",107,local_0_based,V2,false,recovered_heuristic_equal_segment
230720,36,0,true,102,"V1,V2",102,local_0_based,V2,false,recovered_heuristic_equal_segment
230720,37,0,true,106,"V1,V2",106,local_0_based,V2,false,recovered_heuristic_equal_segment
230720,38,0,true,30,"V1,V2",30,local_0_based,V1,false,recovered_heuristic_equal_segment
230720,39,0,true,30,"V1,V2",30,local_0_based,V1,false,recovered_heuristic_equal_segment
230720,40,0,true,30,"V1,V2",30,local_0_based,V1,false,recovered_heuristic_equal_segment
230720,41,0,true,96,"V1,V2",96,local_0_based,V2,false,recovered_heuristic_equal_segment
230720,42,0,true,95,"V1,V2",95,local_0_based,V2,false,recovered_heuristic_equal_segment
230720,43,0,true,32,"V1,V2",32,local_0_based,V1,false,recovered_heuristic_equal_segment
230720,44,0,true,95,"V1,V2",95,local_0_based,V2,false,recovered_heuristic_equal_segment
230720,45,0,true,95,"V1,V2",95,local_0_based,V2,false,recovered_heuristic_equal_segment
230720,46,0,true,95,"V1,V2",95,local_0_based,V2,false,recovered_heuristic_equal_segment
230720,47,0,true,33,"V1,V2",33,local_0_based,V1,false,recovered_heuristic_equal_segment
230720,48,0,true,33,"V1,V2",33,local_0_based,V1,false,recovered_heuristic_equal_segment
230720,49,0,true,33,"V1,V2",33,local_0_based,V1,false,recovered_heuristic_equal_segment
230720,50,0,true,33,"V1,V2",33,local_0_based,V1,false,recovered_heuristic_equal_segment
230720,51,0,true,94,"V1,V2",94,local_0_based,V2,false,recovered_heuristic_equal_segment
230720,52,0,true,34,"V1,V2",34,local_0_based,V1,false,recovered_heuristic_equal_segment
230720,53,0,true,94,"V1,V2",94,local_0_based,V2,false,recovered_heuristic_equal_segment
230720,54,0,true,34,"V1,V2",34,local_0_based,V1,false,recovered_heuristic_equal_segment
230720,55,0,true,93,"V1,V2",93,local_0_based,V2,false,recovered_heuristic_equal_segment
230720,56,0,true,93,"V1,V2",93,local_0_based,V2,false,recovered_heuristic_equal_segment
230720,57,0,true,36,"V1,V2",36,local_0_based,V1,false,recovered_heuristic_equal_segment
230720,58,0,true,92,"V1,V2",92,local_0_based,V2,false,recovered_heuristic_equal_segment
230720,59,0,true,92,"V1,V2",92,local_0_based,V2,false,recovered_heuristic_equal_segment
230720,60,0,true,92,"V1,V2",92,local_0_based,V2,false,recovered_heuristic_equal_segment
230720,61,0,true,36,"V1,V2",36,local_0_based,V1,false,recovered_heuristic_equal_segment
230720,62,0,true,91,"V1,V2",91,local_0_based,V2,false,recovered_heuristic_equal_segment
230720,63,0,true,91,"V1,V2",91,local_0_based,V2,false,recovered_heuristic_equal_segment
230720,64,0,true,91,"V1,V2",91,local_0_based,V2,false,recovered_heuristic_equal_segment
230720,65,0,true,91,"V1,V2",91,local_0_based,V2,false,recovered_heuristic_equal_segment
230720,66,0,true,91,"V1,V2",91,local_0_based,V2,false,recovered_heuristic_equal_segment
230720,67,0,true,91,"V1,V2",91,local_0_based,V2,false,recovered_heuristic_equal_segment
230720,68,0,true,90,"V1,V2",90,local_0_based,V2,false,recovered_heuristic_equal_segment
230720,69,0,true,90,"V1,V2",90,local_0_based,V2,false,recovered_heuristic_equal_segment
230720,70,0,true,89,"V1,V2",89,local_0_based,V2,false,recovered_heuristic_equal_segment
230720,71,0,true,89,"V1,V2",89,local_0_based,V2,false,recovered_heuristic_equal_segment
230720,72,0,true,89,"V1,V2",89,local_0_based,V2,false,recovered_heuristic_equal_segment
230720,73,0,true,89,"V1,V2",89,local_0_based,V2,false,recovered_heuristic_equal_segment
230720,74,0,true,39,"V1,V2",39,local_0_based,V1,false,recovered_heuristic_equal_segment
230720,75,0,true,39,"V1,V2",39,local_0_based,V1,false,recovered_heuristic_equal_segment
230720,76,0,true,88,"V1,V2",88,local_0_based,V2,false,recovered_heuristic_equal_segment
230720,77,0,true,88,"V1,V2",88,local_0_based,V2,false,recovered_heuristic_equal_segment
230720,78,0,true,88,"V1,V2",88,local_0_based,V2,false,recovered_heuristic_equal_segment
230720,79,0,true,40,"V1,V2",40,local_0_based,V1,false,recovered_heuristic_equal_segment
230720,80,0,true,40,"V1,V2",40,local_0_based,V1,false,recovered_heuristic_equal_segment
230720,81,0,true,40,"V1,V2",40,local_0_based,V1,false,recovered_heuristic_equal_segment
230720,82,0,true,40,"V1,V2",40,local_0_based,V1,false,recovered_heuristic_equal_segment
230720,83,0,true,40,"V1,V2",40,local_0_based,V1,false,recovered_heuristic_equal_segment
230720,84,0,true,41,"V1,V2",41,local_0_based,V1,false,recovered_heuristic_equal_segment
230720,85,0,true,41,"V1,V2",41,local_0_based,V1,false,recovered_heuristic_equal_segment
230720,86,0,true,86,"V1,V2",86,local_0_based,V2,false,recovered_heuristic_equal_segment
230720,87,0,true,86,"V1,V2",86,local_0_based,V2,false,recovered_heuristic_equal_segment
230720,88,0,true,86,"V1,V2",86,local_0_based,V2,false,recovered_heuristic_equal_segment
230720,89,0,true,85,"V1,V2",85,local_0_based,V2,false,recovered_heuristic_equal_segment
230720,90,0,true,86,"V1,V2",86,local_0_based,V2,false,recovered_heuristic_equal_segment
230720,91,0,true,42,"V1,V2",42,local_0_based,V1,false,recovered_heuristic_equal_segment
230720,92,0,true,42,"V1,V2",42,local_0_based,V1,false,recovered_heuristic_equal_segment
230720,93,0,true,42,"V1,V2",42,local_0_based,V1,false,recovered_heuristic_equal_segment
230720,94,0,true,42,"V1,V2",42,local_0_based,V1,false,recovered_heuristic_equal_segment
230720,95,0,true,85,"V1,V2",85,local_0_based,V2,false,recovered_heuristic_equal_segment
230720,96,0,true,43,"V1,V2",43,local_0_based,V1,false,recovered_heuristic_equal_segment
230720,97,0,true,43,"V1,V2",43,local_0_based,V1,false,recovered_heuristic_equal_segment
230720,98,0,true,44,"V1,V2",44,local_0_based,V1,false,recovered_heuristic_equal_segment
230720,99,0,true,40,"V1,V2",40,local_0_based,V1,false,recovered_heuristic_equal_segment
230720,100,0,true,44,"V1,V2",44,local_0_based,V1,false,recovered_heuristic_equal_segment
230720,101,0,true,45,"V1,V2",45,local_0_based,V1,false,recovered_heuristic_equal_segment
230720,102,0,true,45,"V1,V2",45,local_0_based,V1,false,recovered_heuristic_equal_segment
230720,103,0,true,45,"V1,V2",45,local_0_based,V1,false,recovered_heuristic_equal_segment
230720,104,0,true,82,"V1,V2",82,local_0_based,V2,false,recovered_heuristic_equal_segment
230720,105,0,true,82,"V1,V2",82,local_0_based,V2,false,recovered_heuristic_equal_segment
230720,106,0,true,46,"V1,V2",46,local_0_based,V1,false,recovered_heuristic_equal_segment
230720,107,0,true,81,"V1,V2",81,local_0_based,V2,false,recovered_heuristic_equal_segment
230720,108,0,true,47,"V1,V2",47,local_0_based,V1,false,recovered_heuristic_equal_segment
230720,109,0,true,47,"V1,V2",47,local_0_based,V1,false,recovered_heuristic_equal_segment
230720,110,0,true,47,"V1,V2",47,local_0_based,V1,false,recovered_heuristic_equal_segment
230720,111,0,true,81,"V1,V2",81,local_0_based,V2,false,recovered_heuristic_equal_segment
230720,112,0,true,80,"V1,V2",80,local_0_based,V2,false,recovered_heuristic_equal_segment
230720,113,0,true,80,"V1,V2",80,local_0_based,V2,false,recovered_heuristic_equal_segment
230720,114,0,true,48,"V1,V2",48,local_0_based,V1,false,recovered_heuristic_equal_segment
230720,115,0,true,79,"V1,V2",79,local_0_based,V2,false,recovered_heuristic_equal_segment
230720,116,0,true,79,"V1,V2",79,local_0_based,V2,false,recovered_heuristic_equal_segment
230720,117,0,true,49,"V1,V2",49,local_0_based,V1,false,recovered_heuristic_equal_segment
230720,118,0,true,49,"V1,V2",49,local_0_based,V1,false,recovered_heuristic_equal_segment
230720,119,0,true,50,"V1,V2",50,local_0_based,V1,false,recovered_heuristic_equal_segment
230720,120,0,true,50,"V1,V2",50,local_0_based,V1,false,recovered_heuristic_equal_segment
230720,121,0,true,77,"V1,V2",77,local_0_based,V2,false,recovered_heuristic_equal_segment
230720,122,0,true,77,"V1,V2",77,local_0_based,V2,false,recovered_heuristic_equal_segment
230720,123,0,true,51,"V1,V2",51,local_0_based,V1,false,recovered_heuristic_equal_segment
230720,124,0,true,75,"V1,V2",75,local_0_based,V2,false,recovered_heuristic_equal_segment
230720,125,0,true,75,"V1,V2",75,local_0_based,V2,false,recovered_heuristic_equal_segment
230720,126,0,true,53,"V1,V2",53,local_0_based,V1,false,recovered_heuristic_equal_segment
230720,127,0,true,74,"V1,V2",74,local_0_based,V2,false,recovered_heuristic_equal_segment
230720,128,0,true,74,"V1,V2",74,local_0_based,V2,false,recovered_heuristic_equal_segment
230720,129,0,true,73,"V1,V2",73,local_0_based,V2,false,recovered_heuristic_equal_segment
230720,130,0,true,55,"V1,V2",55,local_0_based,V1,false,recovered_heuristic_equal_segment
230720,131,0,true,56,"V1,V2",56,local_0_based,V1,false,recovered_heuristic_equal_segment
230720,132,0,true,56,"V1,V2",56,local_0_based,V1,false,recovered_heuristic_equal_segment
230720,133,0,true,63,"V1,V2",63,local_0_based,V1,false,recovered_heuristic_equal_segment
230720,134,0,true,56,"V1,V2",56,local_0_based,V1,false,recovered_heuristic_equal_segment
230720,135,0,true,66,"V1,V2",66,local_0_based,V2,false,recovered_heuristic_equal_segment
230720,136,0,true,71,"V1,V2",71,local_0_based,V2,false,recovered_heuristic_equal_segment
230720,137,0,true,59,"V1,V2",59,local_0_based,V1,false,recovered_heuristic_equal_segment
230720,138,0,true,58,"V1,V2",58,local_0_based,V1,false,recovered_heuristic_equal_segment
230720,139,0,true,58,"V1,V2",58,local_0_based,V1,false,recovered_heuristic_equal_segment
230720,140,0,true,58,"V1,V2",58,local_0_based,V1,false,recovered_heuristic_equal_segment
230720,141,0,true,63,"V1,V2",63,local_0_based,V1,false,recovered_heuristic_equal_segment
230720,142,0,true,59,"V1,V2",59,local_0_based,V1,false,recovered_heuristic_equal_segment
230720,143,0,true,59,"V1,V2",59,local_0_based,V1,false,recovered_heuristic_equal_segment
230720,144,0,true,59,"V1,V2",59,local_0_based,V1,false,recovered_heuristic_equal_segment
230720,145,0,true,59,"V1,V2",59,local_0_based,V1,false,recovered_heuristic_equal_segment
230720,146,0,true,68,"V1,V2",68,local_0_based,V2,false,recovered_heuristic_equal_segment
230720,147,0,true,68,"V1,V2",68,local_0_based,V2,false,recovered_heuristic_equal_segment
230720,148,0,true,60,"V1,V2",60,local_0_based,V1,false,recovered_heuristic_equal_segment
230720,149,0,true,60,"V1,V2",60,local_0_based,V1,false,recovered_heuristic_equal_segment
230720,150,0,true,67,"V1,V2",67,local_0_based,V2,false,recovered_heuristic_equal_segment
230720,151,0,true,64,"V1,V2",64,local_0_based,V2,false,recovered_heuristic_equal_segment
230720,152,0,true,66,"V1,V2",66,local_0_based,V2,false,recovered_heuristic_equal_segment
230720,153,0,true,62,"V1,V2",62,local_0_based,V1,false,recovered_heuristic_equal_segment
230720,154,0,true,62,"V1,V2",62,local_0_based,V1,false,recovered_heuristic_equal_segment
230720,155,0,true,62,"V1,V2",62,local_0_based,V1,false,recovered_heuristic_equal_segment
230720,156,0,true,62,"V1,V2",62,local_0_based,V1,false,recovered_heuristic_equal_segment
230720,157,0,true,62,"V1,V2",62,local_0_based,V1,false,recovered_heuristic_equal_segment
230720,158,0,true,65,"V1,V2",65,local_0_based,V2,false,recovered_heuristic_equal_segment
230720,159,0,true,63,"V1,V2",63,local_0_based,V1,false,recovered_heuristic_equal_segment
230720,160,0,true,63,"V1,V2",63,local_0_based,V1,false,recovered_heuristic_equal_segment
230720,161,0,true,62,"V1,V2",62,local_0_based,V1,false,recovered_heuristic_equal_segment
230720,162,0,true,63,"V1,V2",63,local_0_based,V1,false,recovered_heuristic_equal_segment
230720,163,0,true,63,"V1,V2",63,local_0_based,V1,false,recovered_heuristic_equal_segment
230720,164,0,true,63,"V1,V2",63,local_0_based,V1,false,recovered_heuristic_equal_segment
230720,165,0,true,5,"V1,V2",5,local_0_based,V1,false,recovered_heuristic_equal_segment
230720,166,0,true,87,"V1,V2",87,local_0_based,V2,false,recovered_heuristic_equal_segment
230720,167,0,true,87,"V1,V2",87,local_0_based,V2,false,recovered_heuristic_equal_segment
230720,168,0,true,82,"V1,V2",82,local_0_based,V2,false,recovered_heuristic_equal_segment
230720,169,0,true,47,"V1,V2",47,local_0_based,V1,false,recovered_heuristic_equal_segment
230720,170,0,true,47,"V1,V2",47,local_0_based,V1,false,recovered_heuristic_equal_segment
230720,171,0,true,75,"V1,V2",75,local_0_based,V2,false,recovered_heuristic_equal_segment
230720,172,0,true,53,"V1,V2",53,local_0_based,V1,false,recovered_heuristic_equal_segment
230720,173,0,true,74,"V1,V2",74,local_0_based,V2,false,recovered_heuristic_equal_segment
230720,174,0,true,71,"V1,V2",71,local_0_based,V2,false,recovered_heuristic_equal_segment
230720,175,0,true,58,"V1,V2",58,local_0_based,V1,false,recovered_heuristic_equal_segment
230720,176,0,true,63,"V1,V2",63,local_0_based,V1,false,recovered_heuristic_equal_segment
230720,177,0,true,63,"V1,V2",63,local_0_based,V1,false,recovered_heuristic_equal_segment
230720,178,0,true,63,"V1,V2",63,local_0_based,V1,false,recovered_heuristic_equal_segment
230720,179,0,true,63,"V1,V2",63,local_0_based,V1,false,recovered_heuristic_equal_segment
230720,180,0,true,59,"V1,V2",59,local_0_based,V1,false,recovered_heuristic_equal_segment
230721,0,0,true,117,"V1,V2",117,local_0_based,V2,false,recovered_heuristic_equal_segment
230721,1,0,true,127,"V1,V2",127,local_0_based,V2,false,recovered_heuristic_equal_segment
230721,2,0,true,120,"V1,V2",120,local_0_based,V2,false,recovered_heuristic_equal_segment
230721,3,0,true,121,"V1,V2",121,local_0_based,V2,false,recovered_heuristic_equal_segment
230721,4,0,true,121,"V1,V2",121,local_0_based,V2,false,recovered_heuristic_equal_segment
230721,5,0,true,120,"V1,V2",120,local_0_based,V2,false,recovered_heuristic_equal_segment
230721,6,0,true,114,"V1,V2",114,local_0_based,V2,false,recovered_heuristic_equal_segment
230721,7,0,true,120,"V1,V2",120,local_0_based,V2,false,recovered_heuristic_equal_segment
230721,8,0,true,120,"V1,V2",120,local_0_based,V2,false,recovered_heuristic_equal_segment
230721,9,0,true,120,"V1,V2",120,local_0_based,V2,false,recovered_heuristic_equal_segment
230721,10,0,true,120,"V1,V2",120,local_0_based,V2,false,recovered_heuristic_equal_segment
230721,11,0,true,116,"V1,V2",116,local_0_based,V2,false,recovered_heuristic_equal_segment
230721,12,0,true,115,"V1,V2",115,local_0_based,V2,false,recovered_heuristic_equal_segment
230721,13,0,true,115,"V1,V2",115,local_0_based,V2,false,recovered_heuristic_equal_segment
230721,14,0,true,120,"V1,V2",120,local_0_based,V2,false,recovered_heuristic_equal_segment
230721,15,0,true,120,"V1,V2",120,local_0_based,V2,false,recovered_heuristic_equal_segment
230721,16,0,true,115,"V1,V2",115,local_0_based,V2,false,recovered_heuristic_equal_segment
230721,17,0,true,115,"V1,V2",115,local_0_based,V2,false,recovered_heuristic_equal_segment
230721,18,0,true,115,"V1,V2",115,local_0_based,V2,false,recovered_heuristic_equal_segment
230721,19,0,true,114,"V1,V2",114,local_0_based,V2,false,recovered_heuristic_equal_segment
230721,20,0,true,114,"V1,V2",114,local_0_based,V2,false,recovered_heuristic_equal_segment
230721,21,0,true,114,"V1,V2",114,local_0_based,V2,false,recovered_heuristic_equal_segment
230721,22,0,true,114,"V1,V2",114,local_0_based,V2,false,recovered_heuristic_equal_segment
230721,23,0,true,120,"V1,V2",120,local_0_based,V2,false,recovered_heuristic_equal_segment
230721,24,0,true,114,"V1,V2",114,local_0_based,V2,false,recovered_heuristic_equal_segment
230721,25,0,true,114,"V1,V2",114,local_0_based,V2,false,recovered_heuristic_equal_segment
230721,26,0,true,114,"V1,V2",114,local_0_based,V2,false,recovered_heuristic_equal_segment
230721,27,0,true,114,"V1,V2",114,local_0_based,V2,false,recovered_heuristic_equal_segment
230721,28,0,true,23,"V1,V2",23,local_0_based,V1,false,recovered_heuristic_equal_segment
230721,29,0,true,114,"V1,V2",114,local_0_based,V2,false,recovered_heuristic_equal_segment
230721,30,0,true,105,"V1,V2",105,local_0_based,V2,false,recovered_heuristic_equal_segment
230721,31,0,true,100,"V1,V2",100,local_0_based,V2,false,recovered_heuristic_equal_segment
230721,32,0,true,22,"V1,V2",22,local_0_based,V1,false,recovered_heuristic_equal_segment
230721,33,0,true,31,"V1,V2",31,local_0_based,V1,false,recovered_heuristic_equal_segment
230721,34,0,true,30,"V1,V2",30,local_0_based,V1,false,recovered_heuristic_equal_segment
230721,35,0,true,31,"V1,V2",31,local_0_based,V1,false,recovered_heuristic_equal_segment
230721,36,0,true,95,"V1,V2",95,local_0_based,V2,false,recovered_heuristic_equal_segment
230721,37,0,true,95,"V1,V2",95,local_0_based,V2,false,recovered_heuristic_equal_segment
230721,38,0,true,34,"V1,V2",34,local_0_based,V1,false,recovered_heuristic_equal_segment
230721,39,0,true,47,"V1,V2",47,local_0_based,V1,false,recovered_heuristic_equal_segment
230721,40,0,true,46,"V1,V2",46,local_0_based,V1,false,recovered_heuristic_equal_segment
230721,41,0,true,47,"V1,V2",47,local_0_based,V1,false,recovered_heuristic_equal_segment
230721,42,0,true,41,"V1,V2",41,local_0_based,V1,false,recovered_heuristic_equal_segment
230721,43,0,true,46,"V1,V2",46,local_0_based,V1,false,recovered_heuristic_equal_segment
230721,44,0,true,46,"V1,V2",46,local_0_based,V1,false,recovered_heuristic_equal_segment
230721,45,0,true,57,"V1,V2",57,local_0_based,V1,false,recovered_heuristic_equal_segment
230721,46,0,true,70,"V1,V2",70,local_0_based,V2,false,recovered_heuristic_equal_segment
230721,47,0,true,62,"V1,V2",62,local_0_based,V1,false,recovered_heuristic_equal_segment
230721,48,0,true,69,"V1,V2",69,local_0_based,V2,false,recovered_heuristic_equal_segment
230721,49,0,true,67,"V1,V2",67,local_0_based,V2,false,recovered_heuristic_equal_segment
230721,50,0,true,57,"V1,V2",57,local_0_based,V1,false,recovered_heuristic_equal_segment
230721,51,0,true,65,"V1,V2",65,local_0_based,V2,false,recovered_heuristic_equal_segment
230721,52,0,true,127,"V1,V2",127,local_0_based,V2,false,recovered_heuristic_equal_segment
230721,53,0,true,127,"V1,V2",127,local_0_based,V2,false,recovered_heuristic_equal_segment
230721,54,0,true,47,"V1,V2",47,local_0_based,V1,false,recovered_heuristic_equal_segment
230721,55,0,true,47,"V1,V2",47,local_0_based,V1,false,recovered_heuristic_equal_segment
230721,56,0,true,47,"V1,V2",47,local_0_based,V1,false,recovered_heuristic_equal_segment
230721,57,1,true,254,"V3d, V3a",126,sequential_modulo_128,V3a,false,geometry_resolved_candidate
230721,58,1,true,255,"V3d, V3a",127,sequential_modulo_128,V3a,false,geometry_resolved_candidate
230721,59,1,true,255,"V3d, V3a",127,sequential_modulo_128,V3a,false,geometry_resolved_candidate
230721,60,1,true,255,"V3d, V3a",127,sequential_modulo_128,V3a,false,geometry_resolved_candidate
230721,61,1,true,130,"V3d, V3a",2,sequential_modulo_128,V3d,false,geometry_resolved_candidate
230721,62,1,true,254,"V3d, V3a",126,sequential_modulo_128,V3a,false,geometry_resolved_candidate
230721,63,1,true,130,"V3d, V3a",2,sequential_modulo_128,V3d,false,geometry_resolved_candidate
230721,64,1,true,131,"V3d, V3a",3,sequential_modulo_128,V3d,false,geometry_resolved_candidate
230721,65,1,true,253,"V3d, V3a",125,sequential_modulo_128,V3a,false,geometry_resolved_candidate
230721,66,1,true,132,"V3d, V3a",4,sequential_modulo_128,V3d,false,geometry_resolved_candidate
230721,67,1,true,252,"V3d, V3a",124,sequential_modulo_128,V3a,false,geometry_resolved_candidate
230721,68,1,true,251,"V3d, V3a",123,sequential_modulo_128,V3a,false,geometry_resolved_candidate
230721,69,1,true,132,"V3d, V3a",4,sequential_modulo_128,V3d,false,geometry_resolved_candidate
230721,70,1,true,250,"V3d, V3a",122,sequential_modulo_128,V3a,false,geometry_resolved_candidate
230721,71,1,true,133,"V3d, V3a",5,sequential_modulo_128,V3d,false,geometry_resolved_candidate
230721,72,1,true,134,"V3d, V3a",6,sequential_modulo_128,V3d,false,geometry_resolved_candidate
230721,73,1,true,135,"V3d, V3a",7,sequential_modulo_128,V3d,false,geometry_resolved_candidate
230721,74,1,true,135,"V3d, V3a",7,sequential_modulo_128,V3d,false,geometry_resolved_candidate
230721,75,1,true,248,"V3d, V3a",120,sequential_modulo_128,V3a,false,geometry_resolved_candidate
230721,76,1,true,136,"V3d, V3a",8,sequential_modulo_128,V3d,false,geometry_resolved_candidate
230721,77,1,true,136,"V3d, V3a",8,sequential_modulo_128,V3d,false,geometry_resolved_candidate
230721,78,1,true,247,"V3d, V3a",119,sequential_modulo_128,V3a,false,geometry_resolved_candidate
230721,79,1,true,137,"V3d, V3a",9,sequential_modulo_128,V3d,false,geometry_resolved_candidate
230721,80,1,true,137,"V3d, V3a",9,sequential_modulo_128,V3d,false,geometry_resolved_candidate
230721,81,1,true,137,"V3d, V3a",9,sequential_modulo_128,V3d,false,geometry_resolved_candidate
230721,82,1,true,246,"V3d, V3a",118,sequential_modulo_128,V3a,false,geometry_resolved_candidate
230721,83,1,true,138,"V3d, V3a",10,sequential_modulo_128,V3d,false,geometry_resolved_candidate
230721,84,1,true,138,"V3d, V3a",10,sequential_modulo_128,V3d,false,geometry_resolved_candidate
230721,85,1,true,138,"V3d, V3a",10,sequential_modulo_128,V3d,false,geometry_resolved_candidate
230721,86,1,true,139,"V3d, V3a",11,sequential_modulo_128,V3d,false,geometry_resolved_candidate
230721,87,1,true,140,"V3d, V3a",12,sequential_modulo_128,V3d,false,geometry_resolved_candidate
230721,88,1,true,140,"V3d, V3a",12,sequential_modulo_128,V3d,false,geometry_resolved_candidate
230721,89,1,true,243,"V3d, V3a",115,sequential_modulo_128,V3a,false,geometry_resolved_candidate
230721,90,1,true,141,"V3d, V3a",13,sequential_modulo_128,V3d,false,geometry_resolved_candidate
230721,91,1,true,141,"V3d, V3a",13,sequential_modulo_128,V3d,false,geometry_resolved_candidate
230721,92,1,true,141,"V3d, V3a",13,sequential_modulo_128,V3d,false,geometry_resolved_candidate
230721,93,1,true,242,"V3d, V3a",114,sequential_modulo_128,V3a,false,geometry_resolved_candidate
230721,94,1,true,241,"V3d, V3a",113,sequential_modulo_128,V3a,false,geometry_resolved_candidate
230721,95,1,true,143,"V3d, V3a",15,sequential_modulo_128,V3d,false,geometry_resolved_candidate
230721,96,1,true,240,"V3d, V3a",112,sequential_modulo_128,V3a,false,geometry_resolved_candidate
230721,97,1,true,144,"V3d, V3a",16,sequential_modulo_128,V3d,false,geometry_resolved_candidate
230721,98,1,true,144,"V3d, V3a",16,sequential_modulo_128,V3d,false,geometry_resolved_candidate
230721,99,1,true,144,"V3d, V3a",16,sequential_modulo_128,V3d,false,geometry_resolved_candidate
230721,100,1,true,144,"V3d, V3a",16,sequential_modulo_128,V3d,false,geometry_resolved_candidate
230721,101,1,true,239,"V3d, V3a",111,sequential_modulo_128,V3a,false,geometry_resolved_candidate
230721,102,1,true,239,"V3d, V3a",111,sequential_modulo_128,V3a,false,geometry_resolved_candidate
230721,103,1,true,145,"V3d, V3a",17,sequential_modulo_128,V3d,false,geometry_resolved_candidate
230721,104,1,true,146,"V3d, V3a",18,sequential_modulo_128,V3d,false,geometry_resolved_candidate
230721,105,1,true,146,"V3d, V3a",18,sequential_modulo_128,V3d,false,geometry_resolved_candidate
230721,106,1,true,237,"V3d, V3a",109,sequential_modulo_128,V3a,false,geometry_resolved_candidate
230721,107,1,true,236,"V3d, V3a",108,sequential_modulo_128,V3a,false,geometry_resolved_candidate
230721,108,1,true,148,"V3d, V3a",20,sequential_modulo_128,V3d,false,geometry_resolved_candidate
230721,109,1,true,149,"V3d, V3a",21,sequential_modulo_128,V3d,false,geometry_resolved_candidate
230721,110,1,true,149,"V3d, V3a",21,sequential_modulo_128,V3d,false,geometry_resolved_candidate
230721,111,1,true,150,"V3d, V3a",22,sequential_modulo_128,V3d,false,geometry_resolved_candidate
230721,112,1,true,233,"V3d, V3a",105,sequential_modulo_128,V3a,false,geometry_resolved_candidate
230721,113,1,true,151,"V3d, V3a",23,sequential_modulo_128,V3d,false,geometry_resolved_candidate
230721,114,1,true,151,"V3d, V3a",23,sequential_modulo_128,V3d,false,geometry_resolved_candidate
230721,115,1,true,152,"V3d, V3a",24,sequential_modulo_128,V3d,false,geometry_resolved_candidate
230721,116,1,true,152,"V3d, V3a",24,sequential_modulo_128,V3d,false,geometry_resolved_candidate
230721,117,1,true,153,"V3d, V3a",25,sequential_modulo_128,V3d,false,geometry_resolved_candidate
230721,118,1,true,230,"V3d, V3a",102,sequential_modulo_128,V3a,false,geometry_resolved_candidate
230721,119,1,true,230,"V3d, V3a",102,sequential_modulo_128,V3a,false,geometry_resolved_candidate
230721,120,1,true,229,"V3d, V3a",101,sequential_modulo_128,V3a,false,geometry_resolved_candidate
230721,121,1,true,229,"V3d, V3a",101,sequential_modulo_128,V3a,false,geometry_resolved_candidate
230721,122,1,true,155,"V3d, V3a",27,sequential_modulo_128,V3d,false,geometry_resolved_candidate
230721,123,1,true,155,"V3d, V3a",27,sequential_modulo_128,V3d,false,geometry_resolved_candidate
230721,124,1,true,228,"V3d, V3a",100,sequential_modulo_128,V3a,false,geometry_resolved_candidate
230721,125,1,true,228,"V3d, V3a",100,sequential_modulo_128,V3a,false,geometry_resolved_candidate
230721,126,1,true,156,"V3d, V3a",28,sequential_modulo_128,V3d,false,geometry_resolved_candidate
230721,127,1,true,157,"V3d, V3a",29,sequential_modulo_128,V3d,false,geometry_resolved_candidate
230721,128,1,true,156,"V3d, V3a",28,sequential_modulo_128,V3d,false,geometry_resolved_candidate
230721,129,1,true,222,"V3d, V3a",94,sequential_modulo_128,V3a,false,geometry_resolved_candidate
230721,130,1,true,225,"V3d, V3a",97,sequential_modulo_128,V3a,false,geometry_resolved_candidate
230721,131,1,true,159,"V3d, V3a",31,sequential_modulo_128,V3d,false,geometry_resolved_candidate
230721,132,1,true,160,"V3d, V3a",32,sequential_modulo_128,V3d,false,geometry_resolved_candidate
230721,133,1,true,223,"V3d, V3a",95,sequential_modulo_128,V3a,false,geometry_resolved_candidate
230721,134,1,true,161,"V3d, V3a",33,sequential_modulo_128,V3d,false,geometry_resolved_candidate
230721,135,1,true,222,"V3d, V3a",94,sequential_modulo_128,V3a,false,geometry_resolved_candidate
230721,136,1,true,221,"V3d, V3a",93,sequential_modulo_128,V3a,false,geometry_resolved_candidate
230721,137,1,true,162,"V3d, V3a",34,sequential_modulo_128,V3d,false,geometry_resolved_candidate
230721,138,1,true,221,"V3d, V3a",93,sequential_modulo_128,V3a,false,geometry_resolved_candidate
230721,139,1,true,164,"V3d, V3a",36,sequential_modulo_128,V3d,false,geometry_resolved_candidate
230721,140,1,true,163,"V3d, V3a",35,sequential_modulo_128,V3d,false,geometry_resolved_candidate
230721,141,1,true,163,"V3d, V3a",35,sequential_modulo_128,V3d,false,geometry_resolved_candidate
230721,142,1,true,164,"V3d, V3a",36,sequential_modulo_128,V3d,false,geometry_resolved_candidate
230721,143,1,true,218,"V3d, V3a",90,sequential_modulo_128,V3a,false,geometry_resolved_candidate
230721,144,1,true,164,"V3d, V3a",36,sequential_modulo_128,V3d,false,geometry_resolved_candidate
230721,145,1,true,164,"V3d, V3a",36,sequential_modulo_128,V3d,false,geometry_resolved_candidate
230721,146,1,true,219,"V3d, V3a",91,sequential_modulo_128,V3a,false,geometry_resolved_candidate
230721,147,1,true,218,"V3d, V3a",90,sequential_modulo_128,V3a,false,geometry_resolved_candidate
230721,148,1,true,218,"V3d, V3a",90,sequential_modulo_128,V3a,false,geometry_resolved_candidate
230721,149,1,true,218,"V3d, V3a",90,sequential_modulo_128,V3a,false,geometry_resolved_candidate
230721,150,1,true,218,"V3d, V3a",90,sequential_modulo_128,V3a,false,geometry_resolved_candidate
230721,151,1,true,218,"V3d, V3a",90,sequential_modulo_128,V3a,false,geometry_resolved_candidate
230721,152,1,true,218,"V3d, V3a",90,sequential_modulo_128,V3a,false,geometry_resolved_candidate
230721,153,1,true,166,"V3d, V3a",38,sequential_modulo_128,V3d,false,geometry_resolved_candidate
230721,154,1,true,167,"V3d, V3a",39,sequential_modulo_128,V3d,false,geometry_resolved_candidate
230721,155,1,true,167,"V3d, V3a",39,sequential_modulo_128,V3d,false,geometry_resolved_candidate
230721,156,1,true,216,"V3d, V3a",88,sequential_modulo_128,V3a,false,geometry_resolved_candidate
230721,157,1,true,168,"V3d, V3a",40,sequential_modulo_128,V3d,false,geometry_resolved_candidate
230721,158,1,true,215,"V3d, V3a",87,sequential_modulo_128,V3a,false,geometry_resolved_candidate
230721,159,1,true,169,"V3d, V3a",41,sequential_modulo_128,V3d,false,geometry_resolved_candidate
230721,160,1,true,170,"V3d, V3a",42,sequential_modulo_128,V3d,false,geometry_resolved_candidate
230721,161,1,true,170,"V3d, V3a",42,sequential_modulo_128,V3d,false,geometry_resolved_candidate
230721,162,1,true,213,"V3d, V3a",85,sequential_modulo_128,V3a,false,geometry_resolved_candidate
230721,163,1,true,171,"V3d, V3a",43,sequential_modulo_128,V3d,false,geometry_resolved_candidate
230721,164,1,true,172,"V3d, V3a",44,sequential_modulo_128,V3d,false,geometry_resolved_candidate
230721,165,1,true,211,"V3d, V3a",83,sequential_modulo_128,V3a,false,geometry_resolved_candidate
230721,166,1,true,173,"V3d, V3a",45,sequential_modulo_128,V3d,false,geometry_resolved_candidate
230721,167,1,true,210,"V3d, V3a",82,sequential_modulo_128,V3a,false,geometry_resolved_candidate
230721,168,1,true,210,"V3d, V3a",82,sequential_modulo_128,V3a,false,geometry_resolved_candidate
230721,169,1,true,174,"V3d, V3a",46,sequential_modulo_128,V3d,false,geometry_resolved_candidate
230721,170,1,true,175,"V3d, V3a",47,sequential_modulo_128,V3d,false,geometry_resolved_candidate
230721,171,1,true,208,"V3d, V3a",80,sequential_modulo_128,V3a,false,geometry_resolved_candidate
230721,172,1,true,208,"V3d, V3a",80,sequential_modulo_128,V3a,false,geometry_resolved_candidate
230721,173,1,true,208,"V3d, V3a",80,sequential_modulo_128,V3a,false,geometry_resolved_candidate
230721,174,1,true,176,"V3d, V3a",48,sequential_modulo_128,V3d,false,geometry_resolved_candidate
230721,175,1,true,177,"V3d, V3a",49,sequential_modulo_128,V3d,false,geometry_resolved_candidate
230721,176,1,true,177,"V3d, V3a",49,sequential_modulo_128,V3d,false,geometry_resolved_candidate
230721,177,1,true,206,"V3d, V3a",78,sequential_modulo_128,V3a,false,geometry_resolved_candidate
230721,178,1,true,178,"V3d, V3a",50,sequential_modulo_128,V3d,false,geometry_resolved_candidate
230721,179,1,true,179,"V3d, V3a",51,sequential_modulo_128,V3d,false,geometry_resolved_candidate
230721,180,1,true,204,"V3d, V3a",76,sequential_modulo_128,V3a,false,geometry_resolved_candidate
230721,181,1,true,203,"V3d, V3a",75,sequential_modulo_128,V3a,false,geometry_resolved_candidate
230721,182,1,true,203,"V3d, V3a",75,sequential_modulo_128,V3a,false,geometry_resolved_candidate
230721,183,1,true,202,"V3d, V3a",74,sequential_modulo_128,V3a,false,geometry_resolved_candidate
230721,184,1,true,201,"V3d, V3a",73,sequential_modulo_128,V3a,false,geometry_resolved_candidate
230721,185,1,true,182,"V3d, V3a",54,sequential_modulo_128,V3d,false,geometry_resolved_candidate
230721,186,1,true,182,"V3d, V3a",54,sequential_modulo_128,V3d,false,geometry_resolved_candidate
230721,187,1,true,201,"V3d, V3a",73,sequential_modulo_128,V3a,false,geometry_resolved_candidate
230721,188,1,true,201,"V3d, V3a",73,sequential_modulo_128,V3a,false,geometry_resolved_candidate
230721,189,1,true,201,"V3d, V3a",73,sequential_modulo_128,V3a,false,geometry_resolved_candidate
230721,190,1,true,200,"V3d, V3a",72,sequential_modulo_128,V3a,false,geometry_resolved_candidate
230721,191,1,true,183,"V3d, V3a",55,sequential_modulo_128,V3d,false,geometry_resolved_candidate
230721,192,1,true,200,"V3d, V3a",72,sequential_modulo_128,V3a,false,geometry_resolved_candidate
230721,193,1,true,200,"V3d, V3a",72,sequential_modulo_128,V3a,false,geometry_resolved_candidate
230721,194,1,true,200,"V3d, V3a",72,sequential_modulo_128,V3a,false,geometry_resolved_candidate
230721,195,1,true,188,"V3d, V3a",60,sequential_modulo_128,V3d,false,geometry_resolved_candidate
230721,196,1,true,190,"V3d, V3a",62,sequential_modulo_128,V3d,false,geometry_resolved_candidate
230721,197,1,true,184,"V3d, V3a",56,sequential_modulo_128,V3d,false,geometry_resolved_candidate
230721,198,1,true,184,"V3d, V3a",56,sequential_modulo_128,V3d,false,geometry_resolved_candidate
230721,199,1,true,199,"V3d, V3a",71,sequential_modulo_128,V3a,false,geometry_resolved_candidate
230721,200,1,true,200,"V3d, V3a",72,sequential_modulo_128,V3a,false,geometry_resolved_candidate
230721,201,1,true,198,"V3d, V3a",70,sequential_modulo_128,V3a,false,geometry_resolved_candidate
230721,202,1,true,185,"V3d, V3a",57,sequential_modulo_128,V3d,false,geometry_resolved_candidate
230721,203,1,true,187,"V3d, V3a",59,sequential_modulo_128,V3d,false,geometry_resolved_candidate
230721,204,1,true,185,"V3d, V3a",57,sequential_modulo_128,V3d,false,geometry_resolved_candidate
230721,205,1,true,191,"V3d, V3a",63,sequential_modulo_128,V3d,false,geometry_resolved_candidate
230721,206,1,true,198,"V3d, V3a",70,sequential_modulo_128,V3a,false,geometry_resolved_candidate
230721,207,1,true,187,"V3d, V3a",59,sequential_modulo_128,V3d,false,geometry_resolved_candidate
230721,208,1,true,186,"V3d, V3a",58,sequential_modulo_128,V3d,false,geometry_resolved_candidate
230721,209,1,true,186,"V3d, V3a",58,sequential_modulo_128,V3d,false,geometry_resolved_candidate
230721,210,1,true,184,"V3d, V3a",56,sequential_modulo_128,V3d,false,geometry_resolved_candidate
230721,211,1,true,186,"V3d, V3a",58,sequential_modulo_128,V3d,false,geometry_resolved_candidate
230721,212,1,true,185,"V3d, V3a",57,sequential_modulo_128,V3d,false,geometry_resolved_candidate
230721,213,1,true,188,"V3d, V3a",60,sequential_modulo_128,V3d,false,geometry_resolved_candidate
230721,214,1,true,197,"V3d, V3a",69,sequential_modulo_128,V3a,false,geometry_resolved_candidate
230721,215,1,true,197,"V3d, V3a",69,sequential_modulo_128,V3a,false,geometry_resolved_candidate
230721,216,1,true,186,"V3d, V3a",58,sequential_modulo_128,V3d,false,geometry_resolved_candidate
230721,217,1,true,184,"V3d, V3a",56,sequential_modulo_128,V3d,false,geometry_resolved_candidate
230721,218,1,true,191,"V3d, V3a",63,sequential_modulo_128,V3d,false,geometry_resolved_candidate
230721,219,1,true,187,"V3d, V3a",59,sequential_modulo_128,V3d,false,geometry_resolved_candidate
230816,0,0,true,3,PFC,3,local_0_based,PFC,false,recovered_heuristic_equal_segment
230816,1,0,true,0,PFC,0,local_0_based,PFC,false,recovered_heuristic_equal_segment
230816,2,0,true,21,PFC,21,local_0_based,PFC,false,recovered_heuristic_equal_segment
230816,3,0,true,103,PFC,103,local_0_based,PFC,false,recovered_heuristic_equal_segment
230816,4,0,true,103,PFC,103,local_0_based,PFC,false,recovered_heuristic_equal_segment
230816,5,0,true,103,PFC,103,local_0_based,PFC,false,recovered_heuristic_equal_segment
230816,6,0,true,103,PFC,103,local_0_based,PFC,false,recovered_heuristic_equal_segment
230816,7,0,true,25,PFC,25,local_0_based,PFC,false,recovered_heuristic_equal_segment
230816,8,0,true,82,PFC,82,local_0_based,PFC,false,recovered_heuristic_equal_segment
230816,9,0,true,25,PFC,25,local_0_based,PFC,false,recovered_heuristic_equal_segment
230816,10,0,true,25,PFC,25,local_0_based,PFC,false,recovered_heuristic_equal_segment
230816,11,0,true,58,PFC,58,local_0_based,PFC,false,recovered_heuristic_equal_segment
230816,12,0,true,0,PFC,0,local_0_based,PFC,false,recovered_heuristic_equal_segment
230816,13,0,true,103,PFC,103,local_0_based,PFC,false,recovered_heuristic_equal_segment
230816,14,0,true,103,PFC,103,local_0_based,PFC,false,recovered_heuristic_equal_segment
230816,15,0,true,57,PFC,57,local_0_based,PFC,false,recovered_heuristic_equal_segment
230816,16,0,true,25,PFC,25,local_0_based,PFC,false,recovered_heuristic_equal_segment
230816,17,0,true,57,PFC,57,local_0_based,PFC,false,recovered_heuristic_equal_segment
230816,18,0,true,100,PFC,100,local_0_based,PFC,false,recovered_heuristic_equal_segment
230816,19,0,true,29,PFC,29,local_0_based,PFC,false,recovered_heuristic_equal_segment
230816,20,0,true,98,PFC,98,local_0_based,PFC,false,recovered_heuristic_equal_segment
230816,21,0,true,94,PFC,94,local_0_based,PFC,false,recovered_heuristic_equal_segment
230816,22,0,true,94,PFC,94,local_0_based,PFC,false,recovered_heuristic_equal_segment
230816,23,0,true,93,PFC,93,local_0_based,PFC,false,recovered_heuristic_equal_segment
230816,24,0,true,92,PFC,92,local_0_based,PFC,false,recovered_heuristic_equal_segment
230816,25,0,true,90,PFC,90,local_0_based,PFC,false,recovered_heuristic_equal_segment
230816,26,0,true,89,PFC,89,local_0_based,PFC,false,recovered_heuristic_equal_segment
230816,27,0,true,39,PFC,39,local_0_based,PFC,false,recovered_heuristic_equal_segment
230816,28,0,true,41,PFC,41,local_0_based,PFC,false,recovered_heuristic_equal_segment
230816,29,0,true,40,PFC,40,local_0_based,PFC,false,recovered_heuristic_equal_segment
230816,30,0,true,41,PFC,41,local_0_based,PFC,false,recovered_heuristic_equal_segment
230816,31,0,true,86,PFC,86,local_0_based,PFC,false,recovered_heuristic_equal_segment
230816,32,0,true,85,PFC,85,local_0_based,PFC,false,recovered_heuristic_equal_segment
230816,33,0,true,43,PFC,43,local_0_based,PFC,false,recovered_heuristic_equal_segment
230816,34,0,true,44,PFC,44,local_0_based,PFC,false,recovered_heuristic_equal_segment
230816,35,0,true,82,PFC,82,local_0_based,PFC,false,recovered_heuristic_equal_segment
230816,36,0,true,81,PFC,81,local_0_based,PFC,false,recovered_heuristic_equal_segment
230816,37,0,true,81,PFC,81,local_0_based,PFC,false,recovered_heuristic_equal_segment
230816,38,0,true,80,PFC,80,local_0_based,PFC,false,recovered_heuristic_equal_segment
230816,39,0,true,48,PFC,48,local_0_based,PFC,false,recovered_heuristic_equal_segment
230816,40,0,true,49,PFC,49,local_0_based,PFC,false,recovered_heuristic_equal_segment
230816,41,0,true,49,PFC,49,local_0_based,PFC,false,recovered_heuristic_equal_segment
230816,42,0,true,50,PFC,50,local_0_based,PFC,false,recovered_heuristic_equal_segment
230816,43,0,true,77,PFC,77,local_0_based,PFC,false,recovered_heuristic_equal_segment
230816,44,0,true,76,PFC,76,local_0_based,PFC,false,recovered_heuristic_equal_segment
230816,45,0,true,52,PFC,52,local_0_based,PFC,false,recovered_heuristic_equal_segment
230816,46,0,true,74,PFC,74,local_0_based,PFC,false,recovered_heuristic_equal_segment
230816,47,0,true,74,PFC,74,local_0_based,PFC,false,recovered_heuristic_equal_segment
230816,48,0,true,74,PFC,74,local_0_based,PFC,false,recovered_heuristic_equal_segment
230816,49,0,true,54,PFC,54,local_0_based,PFC,false,recovered_heuristic_equal_segment
230816,50,0,true,54,PFC,54,local_0_based,PFC,false,recovered_heuristic_equal_segment
230816,51,0,true,73,PFC,73,local_0_based,PFC,false,recovered_heuristic_equal_segment
230816,52,0,true,55,PFC,55,local_0_based,PFC,false,recovered_heuristic_equal_segment
230816,53,0,true,62,PFC,62,local_0_based,PFC,false,recovered_heuristic_equal_segment
230816,54,0,true,56,PFC,56,local_0_based,PFC,false,recovered_heuristic_equal_segment
230816,55,0,true,56,PFC,56,local_0_based,PFC,false,recovered_heuristic_equal_segment
230816,56,0,true,59,PFC,59,local_0_based,PFC,false,recovered_heuristic_equal_segment
230816,57,0,true,59,PFC,59,local_0_based,PFC,false,recovered_heuristic_equal_segment
230816,58,0,true,57,PFC,57,local_0_based,PFC,false,recovered_heuristic_equal_segment
230816,59,0,true,58,PFC,58,local_0_based,PFC,false,recovered_heuristic_equal_segment
230816,60,0,true,58,PFC,58,local_0_based,PFC,false,recovered_heuristic_equal_segment
230816,61,0,true,58,PFC,58,local_0_based,PFC,false,recovered_heuristic_equal_segment
230816,62,0,true,60,PFC,60,local_0_based,PFC,false,recovered_heuristic_equal_segment
230816,63,0,true,58,PFC,58,local_0_based,PFC,false,recovered_heuristic_equal_segment
230816,64,0,true,58,PFC,58,local_0_based,PFC,false,recovered_heuristic_equal_segment
230816,65,0,true,69,PFC,69,local_0_based,PFC,false,recovered_heuristic_equal_segment
230816,66,0,true,59,PFC,59,local_0_based,PFC,false,recovered_heuristic_equal_segment
230816,67,0,true,60,PFC,60,local_0_based,PFC,false,recovered_heuristic_equal_segment
230816,68,0,true,59,PFC,59,local_0_based,PFC,false,recovered_heuristic_equal_segment
230816,69,0,true,60,PFC,60,local_0_based,PFC,false,recovered_heuristic_equal_segment
230816,70,0,true,59,PFC,59,local_0_based,PFC,false,recovered_heuristic_equal_segment
230816,71,0,true,59,PFC,59,local_0_based,PFC,false,recovered_heuristic_equal_segment
230816,72,0,true,59,PFC,59,local_0_based,PFC,false,recovered_heuristic_equal_segment
230816,73,0,true,60,PFC,60,local_0_based,PFC,false,recovered_heuristic_equal_segment
230816,74,0,true,63,PFC,63,local_0_based,PFC,false,recovered_heuristic_equal_segment
230816,75,0,true,60,PFC,60,local_0_based,PFC,false,recovered_heuristic_equal_segment
230816,76,0,true,59,PFC,59,local_0_based,PFC,false,recovered_heuristic_equal_segment
230816,77,0,true,60,PFC,60,local_0_based,PFC,false,recovered_heuristic_equal_segment
230816,78,0,true,60,PFC,60,local_0_based,PFC,false,recovered_heuristic_equal_segment
230816,79,0,true,60,PFC,60,local_0_based,PFC,false,recovered_heuristic_equal_segment
230816,80,0,true,67,PFC,67,local_0_based,PFC,false,recovered_heuristic_equal_segment
230816,81,0,true,62,PFC,62,local_0_based,PFC,false,recovered_heuristic_equal_segment
230816,82,0,true,62,PFC,62,local_0_based,PFC,false,recovered_heuristic_equal_segment
230816,83,0,true,62,PFC,62,local_0_based,PFC,false,recovered_heuristic_equal_segment
230816,84,0,true,62,PFC,62,local_0_based,PFC,false,recovered_heuristic_equal_segment
230816,85,0,true,62,PFC,62,local_0_based,PFC,false,recovered_heuristic_equal_segment
230816,86,0,true,62,PFC,62,local_0_based,PFC,false,recovered_heuristic_equal_segment
230816,87,0,true,56,PFC,56,local_0_based,PFC,false,recovered_heuristic_equal_segment
230816,88,0,true,62,PFC,62,local_0_based,PFC,false,recovered_heuristic_equal_segment
230816,89,0,true,63,PFC,63,local_0_based,PFC,false,recovered_heuristic_equal_segment
230816,90,0,true,62,PFC,62,local_0_based,PFC,false,recovered_heuristic_equal_segment
230816,91,0,true,63,PFC,63,local_0_based,PFC,false,recovered_heuristic_equal_segment
230816,92,0,true,63,PFC,63,local_0_based,PFC,false,recovered_heuristic_equal_segment
230816,93,0,true,56,PFC,56,local_0_based,PFC,false,recovered_heuristic_equal_segment
230816,94,0,true,103,PFC,103,local_0_based,PFC,false,recovered_heuristic_equal_segment
230816,95,0,true,24,PFC,24,local_0_based,PFC,false,recovered_heuristic_equal_segment
230816,96,0,true,24,PFC,24,local_0_based,PFC,false,recovered_heuristic_equal_segment
230816,97,0,true,103,PFC,103,local_0_based,PFC,false,recovered_heuristic_equal_segment
230816,98,0,true,31,PFC,31,local_0_based,PFC,false,recovered_heuristic_equal_segment
230816,99,0,true,54,PFC,54,local_0_based,PFC,false,recovered_heuristic_equal_segment
230816,100,0,true,73,PFC,73,local_0_based,PFC,false,recovered_heuristic_equal_segment
230816,101,0,true,69,PFC,69,local_0_based,PFC,false,recovered_heuristic_equal_segment
230816,102,1,true,128,"V4, MT",0,sequential_modulo_128,V4,false,geometry_resolved_candidate
230816,103,1,true,255,"V4, MT",127,sequential_modulo_128,MT,false,geometry_resolved_candidate
230816,104,1,true,254,"V4, MT",126,sequential_modulo_128,MT,false,geometry_resolved_candidate
230816,105,1,true,131,"V4, MT",3,sequential_modulo_128,V4,false,geometry_resolved_candidate
230816,106,1,true,253,"V4, MT",125,sequential_modulo_128,MT,false,geometry_resolved_candidate
230816,107,1,true,253,"V4, MT",125,sequential_modulo_128,MT,false,geometry_resolved_candidate
230816,108,1,true,252,"V4, MT",124,sequential_modulo_128,MT,false,geometry_resolved_candidate
230816,109,1,true,132,"V4, MT",4,sequential_modulo_128,V4,false,geometry_resolved_candidate
230816,110,1,true,132,"V4, MT",4,sequential_modulo_128,V4,false,geometry_resolved_candidate
230816,111,1,true,250,"V4, MT",122,sequential_modulo_128,MT,false,geometry_resolved_candidate
230816,112,1,true,134,"V4, MT",6,sequential_modulo_128,V4,false,geometry_resolved_candidate
230816,113,1,true,134,"V4, MT",6,sequential_modulo_128,V4,false,geometry_resolved_candidate
230816,114,2,false,,,,none,Unknown,false,unresolved_no_candidate_metadata
230816,115,2,false,,,,none,Unknown,false,unresolved_no_candidate_metadata
230816,116,2,false,,,,none,Unknown,false,unresolved_no_candidate_metadata
230816,117,2,false,,,,none,Unknown,false,unresolved_no_candidate_metadata
230816,118,2,false,,,,none,Unknown,false,unresolved_no_candidate_metadata
230816,119,2,false,,,,none,Unknown,false,unresolved_no_candidate_metadata
230816,120,2,false,,,,none,Unknown,false,unresolved_no_candidate_metadata
230816,121,2,false,,,,none,Unknown,false,unresolved_no_candidate_metadata
230816,122,2,false,,,,none,Unknown,false,unresolved_no_candidate_metadata
230816,123,2,false,,,,none,Unknown,false,unresolved_no_candidate_metadata
230816,124,2,false,,,,none,Unknown,false,unresolved_no_candidate_metadata
230816,125,2,false,,,,none,Unknown,false,unresolved_no_candidate_metadata
230816,126,2,false,,,,none,Unknown,false,unresolved_no_candidate_metadata
230816,127,2,false,,,,none,Unknown,false,unresolved_no_candidate_metadata
230816,128,2,false,,,,none,Unknown,false,unresolved_no_candidate_metadata
230816,129,2,false,,,,none,Unknown,false,unresolved_no_candidate_metadata
230816,130,2,false,,,,none,Unknown,false,unresolved_no_candidate_metadata
230816,131,2,false,,,,none,Unknown,false,unresolved_no_candidate_metadata
230816,132,2,false,,,,none,Unknown,false,unresolved_no_candidate_metadata
230816,133,2,false,,,,none,Unknown,false,unresolved_no_candidate_metadata
230816,134,2,false,,,,none,Unknown,false,unresolved_no_candidate_metadata
230816,135,2,false,,,,none,Unknown,false,unresolved_no_candidate_metadata
230816,136,2,false,,,,none,Unknown,false,unresolved_no_candidate_metadata
230816,137,2,false,,,,none,Unknown,false,unresolved_no_candidate_metadata
230816,138,2,false,,,,none,Unknown,false,unresolved_no_candidate_metadata
230816,139,2,false,,,,none,Unknown,false,unresolved_no_candidate_metadata
230816,140,2,false,,,,none,Unknown,false,unresolved_no_candidate_metadata
230818,0,0,true,10,PFC,10,local_0_based,PFC,false,recovered_heuristic_equal_segment
230818,1,0,true,118,PFC,118,local_0_based,PFC,false,recovered_heuristic_equal_segment
230818,2,0,true,118,PFC,118,local_0_based,PFC,false,recovered_heuristic_equal_segment
230818,3,0,true,10,PFC,10,local_0_based,PFC,false,recovered_heuristic_equal_segment
230818,4,0,true,12,PFC,12,local_0_based,PFC,false,recovered_heuristic_equal_segment
230818,5,0,true,116,PFC,116,local_0_based,PFC,false,recovered_heuristic_equal_segment
230818,6,0,true,13,PFC,13,local_0_based,PFC,false,recovered_heuristic_equal_segment
230818,7,0,true,113,PFC,113,local_0_based,PFC,false,recovered_heuristic_equal_segment
230818,8,0,true,17,PFC,17,local_0_based,PFC,false,recovered_heuristic_equal_segment
230818,9,0,true,112,PFC,112,local_0_based,PFC,false,recovered_heuristic_equal_segment
230818,10,0,true,112,PFC,112,local_0_based,PFC,false,recovered_heuristic_equal_segment
230818,11,0,true,111,PFC,111,local_0_based,PFC,false,recovered_heuristic_equal_segment
230818,12,0,true,110,PFC,110,local_0_based,PFC,false,recovered_heuristic_equal_segment
230818,13,0,true,18,PFC,18,local_0_based,PFC,false,recovered_heuristic_equal_segment
230818,14,0,true,109,PFC,109,local_0_based,PFC,false,recovered_heuristic_equal_segment
230818,15,0,true,19,PFC,19,local_0_based,PFC,false,recovered_heuristic_equal_segment
230818,16,0,true,19,PFC,19,local_0_based,PFC,false,recovered_heuristic_equal_segment
230818,17,0,true,109,PFC,109,local_0_based,PFC,false,recovered_heuristic_equal_segment
230818,18,0,true,20,PFC,20,local_0_based,PFC,false,recovered_heuristic_equal_segment
230818,19,0,true,21,PFC,21,local_0_based,PFC,false,recovered_heuristic_equal_segment
230818,20,0,true,22,PFC,22,local_0_based,PFC,false,recovered_heuristic_equal_segment
230818,21,0,true,22,PFC,22,local_0_based,PFC,false,recovered_heuristic_equal_segment
230818,22,0,true,105,PFC,105,local_0_based,PFC,false,recovered_heuristic_equal_segment
230818,23,0,true,105,PFC,105,local_0_based,PFC,false,recovered_heuristic_equal_segment
230818,24,0,true,104,PFC,104,local_0_based,PFC,false,recovered_heuristic_equal_segment
230818,25,0,true,24,PFC,24,local_0_based,PFC,false,recovered_heuristic_equal_segment
230818,26,0,true,21,PFC,21,local_0_based,PFC,false,recovered_heuristic_equal_segment
230818,27,0,true,24,PFC,24,local_0_based,PFC,false,recovered_heuristic_equal_segment
230818,28,0,true,24,PFC,24,local_0_based,PFC,false,recovered_heuristic_equal_segment
230818,29,0,true,103,PFC,103,local_0_based,PFC,false,recovered_heuristic_equal_segment
230818,30,0,true,102,PFC,102,local_0_based,PFC,false,recovered_heuristic_equal_segment
230818,31,0,true,102,PFC,102,local_0_based,PFC,false,recovered_heuristic_equal_segment
230818,32,0,true,101,PFC,101,local_0_based,PFC,false,recovered_heuristic_equal_segment
230818,33,0,true,101,PFC,101,local_0_based,PFC,false,recovered_heuristic_equal_segment
230818,34,0,true,27,PFC,27,local_0_based,PFC,false,recovered_heuristic_equal_segment
230818,35,0,true,32,PFC,32,local_0_based,PFC,false,recovered_heuristic_equal_segment
230818,36,0,true,99,PFC,99,local_0_based,PFC,false,recovered_heuristic_equal_segment
230818,37,0,true,28,PFC,28,local_0_based,PFC,false,recovered_heuristic_equal_segment
230818,38,0,true,99,PFC,99,local_0_based,PFC,false,recovered_heuristic_equal_segment
230818,39,0,true,99,PFC,99,local_0_based,PFC,false,recovered_heuristic_equal_segment
230818,40,0,true,29,PFC,29,local_0_based,PFC,false,recovered_heuristic_equal_segment
230818,41,0,true,98,PFC,98,local_0_based,PFC,false,recovered_heuristic_equal_segment
230818,42,0,true,30,PFC,30,local_0_based,PFC,false,recovered_heuristic_equal_segment
230818,43,0,true,96,PFC,96,local_0_based,PFC,false,recovered_heuristic_equal_segment
230818,44,0,true,31,PFC,31,local_0_based,PFC,false,recovered_heuristic_equal_segment
230818,45,0,true,31,PFC,31,local_0_based,PFC,false,recovered_heuristic_equal_segment
230818,46,0,true,96,PFC,96,local_0_based,PFC,false,recovered_heuristic_equal_segment
230818,47,0,true,96,PFC,96,local_0_based,PFC,false,recovered_heuristic_equal_segment
230818,48,0,true,96,PFC,96,local_0_based,PFC,false,recovered_heuristic_equal_segment
230818,49,0,true,96,PFC,96,local_0_based,PFC,false,recovered_heuristic_equal_segment
230818,50,0,true,32,PFC,32,local_0_based,PFC,false,recovered_heuristic_equal_segment
230818,51,0,true,96,PFC,96,local_0_based,PFC,false,recovered_heuristic_equal_segment
230818,52,0,true,32,PFC,32,local_0_based,PFC,false,recovered_heuristic_equal_segment
230818,53,0,true,33,PFC,33,local_0_based,PFC,false,recovered_heuristic_equal_segment
230818,54,0,true,34,PFC,34,local_0_based,PFC,false,recovered_heuristic_equal_segment
230818,55,0,true,34,PFC,34,local_0_based,PFC,false,recovered_heuristic_equal_segment
230818,56,0,true,34,PFC,34,local_0_based,PFC,false,recovered_heuristic_equal_segment
230818,57,0,true,93,PFC,93,local_0_based,PFC,false,recovered_heuristic_equal_segment
230818,58,0,true,93,PFC,93,local_0_based,PFC,false,recovered_heuristic_equal_segment
230818,59,0,true,93,PFC,93,local_0_based,PFC,false,recovered_heuristic_equal_segment
230818,60,0,true,92,PFC,92,local_0_based,PFC,false,recovered_heuristic_equal_segment
230818,61,0,true,92,PFC,92,local_0_based,PFC,false,recovered_heuristic_equal_segment
230818,62,0,true,92,PFC,92,local_0_based,PFC,false,recovered_heuristic_equal_segment
230818,63,0,true,92,PFC,92,local_0_based,PFC,false,recovered_heuristic_equal_segment
230818,64,0,true,36,PFC,36,local_0_based,PFC,false,recovered_heuristic_equal_segment
230818,65,0,true,91,PFC,91,local_0_based,PFC,false,recovered_heuristic_equal_segment
230818,66,0,true,96,PFC,96,local_0_based,PFC,false,recovered_heuristic_equal_segment
230818,67,0,true,90,PFC,90,local_0_based,PFC,false,recovered_heuristic_equal_segment
230818,68,0,true,89,PFC,89,local_0_based,PFC,false,recovered_heuristic_equal_segment
230818,69,0,true,41,PFC,41,local_0_based,PFC,false,recovered_heuristic_equal_segment
230818,70,0,true,39,PFC,39,local_0_based,PFC,false,recovered_heuristic_equal_segment
230818,71,0,true,88,PFC,88,local_0_based,PFC,false,recovered_heuristic_equal_segment
230818,72,0,true,87,PFC,87,local_0_based,PFC,false,recovered_heuristic_equal_segment
230818,73,0,true,87,PFC,87,local_0_based,PFC,false,recovered_heuristic_equal_segment
230818,74,0,true,41,PFC,41,local_0_based,PFC,false,recovered_heuristic_equal_segment
230818,75,0,true,41,PFC,41,local_0_based,PFC,false,recovered_heuristic_equal_segment
230818,76,0,true,86,PFC,86,local_0_based,PFC,false,recovered_heuristic_equal_segment
230818,77,0,true,86,PFC,86,local_0_based,PFC,false,recovered_heuristic_equal_segment
230818,78,0,true,86,PFC,86,local_0_based,PFC,false,recovered_heuristic_equal_segment
230818,79,0,true,86,PFC,86,local_0_based,PFC,false,recovered_heuristic_equal_segment
230818,80,0,true,42,PFC,42,local_0_based,PFC,false,recovered_heuristic_equal_segment
230818,81,0,true,42,PFC,42,local_0_based,PFC,false,recovered_heuristic_equal_segment
230818,82,0,true,44,PFC,44,local_0_based,PFC,false,recovered_heuristic_equal_segment
230818,83,0,true,43,PFC,43,local_0_based,PFC,false,recovered_heuristic_equal_segment
230818,84,0,true,84,PFC,84,local_0_based,PFC,false,recovered_heuristic_equal_segment
230818,85,0,true,83,PFC,83,local_0_based,PFC,false,recovered_heuristic_equal_segment
230818,86,0,true,44,PFC,44,local_0_based,PFC,false,recovered_heuristic_equal_segment
230818,87,0,true,45,PFC,45,local_0_based,PFC,false,recovered_heuristic_equal_segment
230818,88,0,true,45,PFC,45,local_0_based,PFC,false,recovered_heuristic_equal_segment
230818,89,0,true,46,PFC,46,local_0_based,PFC,false,recovered_heuristic_equal_segment
230818,90,0,true,82,PFC,82,local_0_based,PFC,false,recovered_heuristic_equal_segment
230818,91,0,true,82,PFC,82,local_0_based,PFC,false,recovered_heuristic_equal_segment
230818,92,0,true,46,PFC,46,local_0_based,PFC,false,recovered_heuristic_equal_segment
230818,93,0,true,46,PFC,46,local_0_based,PFC,false,recovered_heuristic_equal_segment
230818,94,0,true,81,PFC,81,local_0_based,PFC,false,recovered_heuristic_equal_segment
230818,95,0,true,47,PFC,47,local_0_based,PFC,false,recovered_heuristic_equal_segment
230818,96,0,true,80,PFC,80,local_0_based,PFC,false,recovered_heuristic_equal_segment
230818,97,0,true,80,PFC,80,local_0_based,PFC,false,recovered_heuristic_equal_segment
230818,98,0,true,48,PFC,48,local_0_based,PFC,false,recovered_heuristic_equal_segment
230818,99,0,true,48,PFC,48,local_0_based,PFC,false,recovered_heuristic_equal_segment
230818,100,0,true,79,PFC,79,local_0_based,PFC,false,recovered_heuristic_equal_segment
230818,101,0,true,49,PFC,49,local_0_based,PFC,false,recovered_heuristic_equal_segment
230818,102,0,true,50,PFC,50,local_0_based,PFC,false,recovered_heuristic_equal_segment
230818,103,0,true,78,PFC,78,local_0_based,PFC,false,recovered_heuristic_equal_segment
230818,104,0,true,50,PFC,50,local_0_based,PFC,false,recovered_heuristic_equal_segment
230818,105,0,true,77,PFC,77,local_0_based,PFC,false,recovered_heuristic_equal_segment
230818,106,0,true,77,PFC,77,local_0_based,PFC,false,recovered_heuristic_equal_segment
230818,107,0,true,51,PFC,51,local_0_based,PFC,false,recovered_heuristic_equal_segment
230818,108,0,true,76,PFC,76,local_0_based,PFC,false,recovered_heuristic_equal_segment
230818,109,0,true,76,PFC,76,local_0_based,PFC,false,recovered_heuristic_equal_segment
230818,110,0,true,76,PFC,76,local_0_based,PFC,false,recovered_heuristic_equal_segment
230818,111,0,true,52,PFC,52,local_0_based,PFC,false,recovered_heuristic_equal_segment
230818,112,0,true,54,PFC,54,local_0_based,PFC,false,recovered_heuristic_equal_segment
230818,113,0,true,54,PFC,54,local_0_based,PFC,false,recovered_heuristic_equal_segment
230818,114,0,true,54,PFC,54,local_0_based,PFC,false,recovered_heuristic_equal_segment
230818,115,0,true,73,PFC,73,local_0_based,PFC,false,recovered_heuristic_equal_segment
230818,116,0,true,56,PFC,56,local_0_based,PFC,false,recovered_heuristic_equal_segment
230818,117,0,true,56,PFC,56,local_0_based,PFC,false,recovered_heuristic_equal_segment
230818,118,0,true,56,PFC,56,local_0_based,PFC,false,recovered_heuristic_equal_segment
230818,119,0,true,56,PFC,56,local_0_based,PFC,false,recovered_heuristic_equal_segment
230818,120,0,true,60,PFC,60,local_0_based,PFC,false,recovered_heuristic_equal_segment
230818,121,0,true,56,PFC,56,local_0_based,PFC,false,recovered_heuristic_equal_segment
230818,122,0,true,60,PFC,60,local_0_based,PFC,false,recovered_heuristic_equal_segment
230818,123,0,true,56,PFC,56,local_0_based,PFC,false,recovered_heuristic_equal_segment
230818,124,0,true,60,PFC,60,local_0_based,PFC,false,recovered_heuristic_equal_segment
230818,125,0,true,58,PFC,58,local_0_based,PFC,false,recovered_heuristic_equal_segment
230818,126,0,true,71,PFC,71,local_0_based,PFC,false,recovered_heuristic_equal_segment
230818,127,0,true,71,PFC,71,local_0_based,PFC,false,recovered_heuristic_equal_segment
230818,128,0,true,57,PFC,57,local_0_based,PFC,false,recovered_heuristic_equal_segment
230818,129,0,true,57,PFC,57,local_0_based,PFC,false,recovered_heuristic_equal_segment
230818,130,0,true,57,PFC,57,local_0_based,PFC,false,recovered_heuristic_equal_segment
230818,131,0,true,57,PFC,57,local_0_based,PFC,false,recovered_heuristic_equal_segment
230818,132,0,true,62,PFC,62,local_0_based,PFC,false,recovered_heuristic_equal_segment
230818,133,0,true,60,PFC,60,local_0_based,PFC,false,recovered_heuristic_equal_segment
230818,134,0,true,59,PFC,59,local_0_based,PFC,false,recovered_heuristic_equal_segment
230818,135,0,true,59,PFC,59,local_0_based,PFC,false,recovered_heuristic_equal_segment
230818,136,0,true,57,PFC,57,local_0_based,PFC,false,recovered_heuristic_equal_segment
230818,137,0,true,63,PFC,63,local_0_based,PFC,false,recovered_heuristic_equal_segment
230818,138,0,true,58,PFC,58,local_0_based,PFC,false,recovered_heuristic_equal_segment
230818,139,0,true,58,PFC,58,local_0_based,PFC,false,recovered_heuristic_equal_segment
230818,140,0,true,58,PFC,58,local_0_based,PFC,false,recovered_heuristic_equal_segment
230818,141,0,true,60,PFC,60,local_0_based,PFC,false,recovered_heuristic_equal_segment
230818,142,0,true,58,PFC,58,local_0_based,PFC,false,recovered_heuristic_equal_segment
230818,143,0,true,56,PFC,56,local_0_based,PFC,false,recovered_heuristic_equal_segment
230818,144,0,true,60,PFC,60,local_0_based,PFC,false,recovered_heuristic_equal_segment
230818,145,0,true,59,PFC,59,local_0_based,PFC,false,recovered_heuristic_equal_segment
230818,146,0,true,59,PFC,59,local_0_based,PFC,false,recovered_heuristic_equal_segment
230818,147,0,true,59,PFC,59,local_0_based,PFC,false,recovered_heuristic_equal_segment
230818,148,0,true,59,PFC,59,local_0_based,PFC,false,recovered_heuristic_equal_segment
230818,149,0,true,59,PFC,59,local_0_based,PFC,false,recovered_heuristic_equal_segment
230818,150,0,true,59,PFC,59,local_0_based,PFC,false,recovered_heuristic_equal_segment
230818,151,0,true,59,PFC,59,local_0_based,PFC,false,recovered_heuristic_equal_segment
230818,152,0,true,59,PFC,59,local_0_based,PFC,false,recovered_heuristic_equal_segment
230818,153,0,true,63,PFC,63,local_0_based,PFC,false,recovered_heuristic_equal_segment
230818,154,0,true,60,PFC,60,local_0_based,PFC,false,recovered_heuristic_equal_segment
230818,155,0,true,59,PFC,59,local_0_based,PFC,false,recovered_heuristic_equal_segment
230818,156,0,true,56,PFC,56,local_0_based,PFC,false,recovered_heuristic_equal_segment
230818,157,0,true,60,PFC,60,local_0_based,PFC,false,recovered_heuristic_equal_segment
230818,158,0,true,60,PFC,60,local_0_based,PFC,false,recovered_heuristic_equal_segment
230818,159,0,true,60,PFC,60,local_0_based,PFC,false,recovered_heuristic_equal_segment
230818,160,0,true,60,PFC,60,local_0_based,PFC,false,recovered_heuristic_equal_segment
230818,161,0,true,60,PFC,60,local_0_based,PFC,false,recovered_heuristic_equal_segment
230818,162,0,true,60,PFC,60,local_0_based,PFC,false,recovered_heuristic_equal_segment
230818,163,0,true,60,PFC,60,local_0_based,PFC,false,recovered_heuristic_equal_segment
230818,164,0,true,60,PFC,60,local_0_based,PFC,false,recovered_heuristic_equal_segment
230818,165,0,true,62,PFC,62,local_0_based,PFC,false,recovered_heuristic_equal_segment
230818,166,0,true,75,PFC,75,local_0_based,PFC,false,recovered_heuristic_equal_segment
230818,167,0,true,62,PFC,62,local_0_based,PFC,false,recovered_heuristic_equal_segment
230818,168,0,true,62,PFC,62,local_0_based,PFC,false,recovered_heuristic_equal_segment
230818,169,0,true,62,PFC,62,local_0_based,PFC,false,recovered_heuristic_equal_segment
230818,170,0,true,59,PFC,59,local_0_based,PFC,false,recovered_heuristic_equal_segment
230818,171,0,true,62,PFC,62,local_0_based,PFC,false,recovered_heuristic_equal_segment
230818,172,0,true,60,PFC,60,local_0_based,PFC,false,recovered_heuristic_equal_segment
230818,173,0,true,62,PFC,62,local_0_based,PFC,false,recovered_heuristic_equal_segment
230818,174,0,true,63,PFC,63,local_0_based,PFC,false,recovered_heuristic_equal_segment
230818,175,0,true,63,PFC,63,local_0_based,PFC,false,recovered_heuristic_equal_segment
230818,176,0,true,63,PFC,63,local_0_based,PFC,false,recovered_heuristic_equal_segment
230818,177,0,true,63,PFC,63,local_0_based,PFC,false,recovered_heuristic_equal_segment
230818,178,0,true,60,PFC,60,local_0_based,PFC,false,recovered_heuristic_equal_segment
230818,179,0,true,63,PFC,63,local_0_based,PFC,false,recovered_heuristic_equal_segment
230818,180,0,true,63,PFC,63,local_0_based,PFC,false,recovered_heuristic_equal_segment
230818,181,0,true,112,PFC,112,local_0_based,PFC,false,recovered_heuristic_equal_segment
230818,182,0,true,109,PFC,109,local_0_based,PFC,false,recovered_heuristic_equal_segment
230818,183,0,true,105,PFC,105,local_0_based,PFC,false,recovered_heuristic_equal_segment
230818,184,0,true,103,PFC,103,local_0_based,PFC,false,recovered_heuristic_equal_segment
230818,185,0,true,28,PFC,28,local_0_based,PFC,false,recovered_heuristic_equal_segment
230818,186,0,true,93,PFC,93,local_0_based,PFC,false,recovered_heuristic_equal_segment
230818,187,0,true,90,PFC,90,local_0_based,PFC,false,recovered_heuristic_equal_segment
230818,188,0,true,87,PFC,87,local_0_based,PFC,false,recovered_heuristic_equal_segment
230818,189,0,true,80,PFC,80,local_0_based,PFC,false,recovered_heuristic_equal_segment
230818,190,0,true,73,PFC,73,local_0_based,PFC,false,recovered_heuristic_equal_segment
230818,191,0,true,105,PFC,105,local_0_based,PFC,false,recovered_heuristic_equal_segment
230823,0,0,true,0,FEF,0,local_0_based,FEF,false,recovered_heuristic_equal_segment
230823,1,0,true,15,FEF,15,local_0_based,FEF,false,recovered_heuristic_equal_segment
230823,2,0,true,17,FEF,17,local_0_based,FEF,false,recovered_heuristic_equal_segment
230823,3,0,true,18,FEF,18,local_0_based,FEF,false,recovered_heuristic_equal_segment
230823,4,0,true,16,FEF,16,local_0_based,FEF,false,recovered_heuristic_equal_segment
230823,5,0,true,111,FEF,111,local_0_based,FEF,false,recovered_heuristic_equal_segment
230823,6,0,true,17,FEF,17,local_0_based,FEF,false,recovered_heuristic_equal_segment
230823,7,0,true,17,FEF,17,local_0_based,FEF,false,recovered_heuristic_equal_segment
230823,8,0,true,110,FEF,110,local_0_based,FEF,false,recovered_heuristic_equal_segment
230823,9,0,true,17,FEF,17,local_0_based,FEF,false,recovered_heuristic_equal_segment
230823,10,0,true,110,FEF,110,local_0_based,FEF,false,recovered_heuristic_equal_segment
230823,11,0,true,110,FEF,110,local_0_based,FEF,false,recovered_heuristic_equal_segment
230823,12,0,true,18,FEF,18,local_0_based,FEF,false,recovered_heuristic_equal_segment
230823,13,0,true,18,FEF,18,local_0_based,FEF,false,recovered_heuristic_equal_segment
230823,14,0,true,109,FEF,109,local_0_based,FEF,false,recovered_heuristic_equal_segment
230823,15,0,true,109,FEF,109,local_0_based,FEF,false,recovered_heuristic_equal_segment
230823,16,0,true,109,FEF,109,local_0_based,FEF,false,recovered_heuristic_equal_segment
230823,17,0,true,19,FEF,19,local_0_based,FEF,false,recovered_heuristic_equal_segment
230823,18,0,true,19,FEF,19,local_0_based,FEF,false,recovered_heuristic_equal_segment
230823,19,0,true,108,FEF,108,local_0_based,FEF,false,recovered_heuristic_equal_segment
230823,20,0,true,20,FEF,20,local_0_based,FEF,false,recovered_heuristic_equal_segment
230823,21,0,true,20,FEF,20,local_0_based,FEF,false,recovered_heuristic_equal_segment
230823,22,0,true,107,FEF,107,local_0_based,FEF,false,recovered_heuristic_equal_segment
230823,23,0,true,107,FEF,107,local_0_based,FEF,false,recovered_heuristic_equal_segment
230823,24,0,true,106,FEF,106,local_0_based,FEF,false,recovered_heuristic_equal_segment
230823,25,0,true,106,FEF,106,local_0_based,FEF,false,recovered_heuristic_equal_segment
230823,26,0,true,22,FEF,22,local_0_based,FEF,false,recovered_heuristic_equal_segment
230823,27,0,true,18,FEF,18,local_0_based,FEF,false,recovered_heuristic_equal_segment
230823,28,0,true,105,FEF,105,local_0_based,FEF,false,recovered_heuristic_equal_segment
230823,29,0,true,105,FEF,105,local_0_based,FEF,false,recovered_heuristic_equal_segment
230823,30,0,true,23,FEF,23,local_0_based,FEF,false,recovered_heuristic_equal_segment
230823,31,0,true,104,FEF,104,local_0_based,FEF,false,recovered_heuristic_equal_segment
230823,32,0,true,24,FEF,24,local_0_based,FEF,false,recovered_heuristic_equal_segment
230823,33,0,true,24,FEF,24,local_0_based,FEF,false,recovered_heuristic_equal_segment
230823,34,0,true,25,FEF,25,local_0_based,FEF,false,recovered_heuristic_equal_segment
230823,35,0,true,25,FEF,25,local_0_based,FEF,false,recovered_heuristic_equal_segment
230823,36,0,true,102,FEF,102,local_0_based,FEF,false,recovered_heuristic_equal_segment
230823,37,0,true,26,FEF,26,local_0_based,FEF,false,recovered_heuristic_equal_segment
230823,38,0,true,101,FEF,101,local_0_based,FEF,false,recovered_heuristic_equal_segment
230823,39,0,true,101,FEF,101,local_0_based,FEF,false,recovered_heuristic_equal_segment
230823,40,0,true,27,FEF,27,local_0_based,FEF,false,recovered_heuristic_equal_segment
230823,41,0,true,100,FEF,100,local_0_based,FEF,false,recovered_heuristic_equal_segment
230823,42,0,true,100,FEF,100,local_0_based,FEF,false,recovered_heuristic_equal_segment
230823,43,0,true,28,FEF,28,local_0_based,FEF,false,recovered_heuristic_equal_segment
230823,44,0,true,28,FEF,28,local_0_based,FEF,false,recovered_heuristic_equal_segment
230823,45,0,true,29,FEF,29,local_0_based,FEF,false,recovered_heuristic_equal_segment
230823,46,0,true,98,FEF,98,local_0_based,FEF,false,recovered_heuristic_equal_segment
230823,47,0,true,30,FEF,30,local_0_based,FEF,false,recovered_heuristic_equal_segment
230823,48,0,true,97,FEF,97,local_0_based,FEF,false,recovered_heuristic_equal_segment
230823,49,0,true,97,FEF,97,local_0_based,FEF,false,recovered_heuristic_equal_segment
230823,50,0,true,31,FEF,31,local_0_based,FEF,false,recovered_heuristic_equal_segment
230823,51,0,true,31,FEF,31,local_0_based,FEF,false,recovered_heuristic_equal_segment
230823,52,0,true,32,FEF,32,local_0_based,FEF,false,recovered_heuristic_equal_segment
230823,53,0,true,32,FEF,32,local_0_based,FEF,false,recovered_heuristic_equal_segment
230823,54,0,true,95,FEF,95,local_0_based,FEF,false,recovered_heuristic_equal_segment
230823,55,0,true,32,FEF,32,local_0_based,FEF,false,recovered_heuristic_equal_segment
230823,56,0,true,33,FEF,33,local_0_based,FEF,false,recovered_heuristic_equal_segment
230823,57,0,true,94,FEF,94,local_0_based,FEF,false,recovered_heuristic_equal_segment
230823,58,0,true,34,FEF,34,local_0_based,FEF,false,recovered_heuristic_equal_segment
230823,59,0,true,92,FEF,92,local_0_based,FEF,false,recovered_heuristic_equal_segment
230823,60,0,true,92,FEF,92,local_0_based,FEF,false,recovered_heuristic_equal_segment
230823,61,0,true,91,FEF,91,local_0_based,FEF,false,recovered_heuristic_equal_segment
230823,62,0,true,90,FEF,90,local_0_based,FEF,false,recovered_heuristic_equal_segment
230823,63,0,true,90,FEF,90,local_0_based,FEF,false,recovered_heuristic_equal_segment
230823,64,0,true,36,FEF,36,local_0_based,FEF,false,recovered_heuristic_equal_segment
230823,65,0,true,39,FEF,39,local_0_based,FEF,false,recovered_heuristic_equal_segment
230823,66,0,true,89,FEF,89,local_0_based,FEF,false,recovered_heuristic_equal_segment
230823,67,0,true,39,FEF,39,local_0_based,FEF,false,recovered_heuristic_equal_segment
230823,68,0,true,40,FEF,40,local_0_based,FEF,false,recovered_heuristic_equal_segment
230823,69,0,true,88,FEF,88,local_0_based,FEF,false,recovered_heuristic_equal_segment
230823,70,0,true,89,FEF,89,local_0_based,FEF,false,recovered_heuristic_equal_segment
230823,71,0,true,40,FEF,40,local_0_based,FEF,false,recovered_heuristic_equal_segment
230823,72,0,true,41,FEF,41,local_0_based,FEF,false,recovered_heuristic_equal_segment
230823,73,0,true,85,FEF,85,local_0_based,FEF,false,recovered_heuristic_equal_segment
230823,74,0,true,86,FEF,86,local_0_based,FEF,false,recovered_heuristic_equal_segment
230823,75,0,true,86,FEF,86,local_0_based,FEF,false,recovered_heuristic_equal_segment
230823,76,0,true,86,FEF,86,local_0_based,FEF,false,recovered_heuristic_equal_segment
230823,77,0,true,42,FEF,42,local_0_based,FEF,false,recovered_heuristic_equal_segment
230823,78,0,true,43,FEF,43,local_0_based,FEF,false,recovered_heuristic_equal_segment
230823,79,0,true,43,FEF,43,local_0_based,FEF,false,recovered_heuristic_equal_segment
230823,80,0,true,43,FEF,43,local_0_based,FEF,false,recovered_heuristic_equal_segment
230823,81,0,true,83,FEF,83,local_0_based,FEF,false,recovered_heuristic_equal_segment
230823,82,0,true,82,FEF,82,local_0_based,FEF,false,recovered_heuristic_equal_segment
230823,83,0,true,82,FEF,82,local_0_based,FEF,false,recovered_heuristic_equal_segment
230823,84,0,true,45,FEF,45,local_0_based,FEF,false,recovered_heuristic_equal_segment
230823,85,0,true,47,FEF,47,local_0_based,FEF,false,recovered_heuristic_equal_segment
230823,86,0,true,48,FEF,48,local_0_based,FEF,false,recovered_heuristic_equal_segment
230823,87,0,true,79,FEF,79,local_0_based,FEF,false,recovered_heuristic_equal_segment
230823,88,0,true,49,FEF,49,local_0_based,FEF,false,recovered_heuristic_equal_segment
230823,89,0,true,78,FEF,78,local_0_based,FEF,false,recovered_heuristic_equal_segment
230823,90,0,true,78,FEF,78,local_0_based,FEF,false,recovered_heuristic_equal_segment
230823,91,0,true,77,FEF,77,local_0_based,FEF,false,recovered_heuristic_equal_segment
230823,92,0,true,51,FEF,51,local_0_based,FEF,false,recovered_heuristic_equal_segment
230823,93,0,true,76,FEF,76,local_0_based,FEF,false,recovered_heuristic_equal_segment
230823,94,0,true,76,FEF,76,local_0_based,FEF,false,recovered_heuristic_equal_segment
230823,95,0,true,75,FEF,75,local_0_based,FEF,false,recovered_heuristic_equal_segment
230823,96,0,true,75,FEF,75,local_0_based,FEF,false,recovered_heuristic_equal_segment
230823,97,0,true,74,FEF,74,local_0_based,FEF,false,recovered_heuristic_equal_segment
230823,98,0,true,74,FEF,74,local_0_based,FEF,false,recovered_heuristic_equal_segment
230823,99,0,true,74,FEF,74,local_0_based,FEF,false,recovered_heuristic_equal_segment
230823,100,0,true,74,FEF,74,local_0_based,FEF,false,recovered_heuristic_equal_segment
230823,101,0,true,54,FEF,54,local_0_based,FEF,false,recovered_heuristic_equal_segment
230823,102,0,true,73,FEF,73,local_0_based,FEF,false,recovered_heuristic_equal_segment
230823,103,0,true,73,FEF,73,local_0_based,FEF,false,recovered_heuristic_equal_segment
230823,104,0,true,72,FEF,72,local_0_based,FEF,false,recovered_heuristic_equal_segment
230823,105,0,true,72,FEF,72,local_0_based,FEF,false,recovered_heuristic_equal_segment
230823,106,0,true,72,FEF,72,local_0_based,FEF,false,recovered_heuristic_equal_segment
230823,107,0,true,59,FEF,59,local_0_based,FEF,false,recovered_heuristic_equal_segment
230823,108,0,true,71,FEF,71,local_0_based,FEF,false,recovered_heuristic_equal_segment
230823,109,0,true,57,FEF,57,local_0_based,FEF,false,recovered_heuristic_equal_segment
230823,110,0,true,60,FEF,60,local_0_based,FEF,false,recovered_heuristic_equal_segment
230823,111,0,true,57,FEF,57,local_0_based,FEF,false,recovered_heuristic_equal_segment
230823,112,0,true,57,FEF,57,local_0_based,FEF,false,recovered_heuristic_equal_segment
230823,113,0,true,52,FEF,52,local_0_based,FEF,false,recovered_heuristic_equal_segment
230823,114,0,true,60,FEF,60,local_0_based,FEF,false,recovered_heuristic_equal_segment
230823,115,0,true,70,FEF,70,local_0_based,FEF,false,recovered_heuristic_equal_segment
230823,116,0,true,58,FEF,58,local_0_based,FEF,false,recovered_heuristic_equal_segment
230823,117,0,true,58,FEF,58,local_0_based,FEF,false,recovered_heuristic_equal_segment
230823,118,0,true,58,FEF,58,local_0_based,FEF,false,recovered_heuristic_equal_segment
230823,119,0,true,58,FEF,58,local_0_based,FEF,false,recovered_heuristic_equal_segment
230823,120,0,true,59,FEF,59,local_0_based,FEF,false,recovered_heuristic_equal_segment
230823,121,0,true,61,FEF,61,local_0_based,FEF,false,recovered_heuristic_equal_segment
230823,122,0,true,69,FEF,69,local_0_based,FEF,false,recovered_heuristic_equal_segment
230823,123,0,true,59,FEF,59,local_0_based,FEF,false,recovered_heuristic_equal_segment
230823,124,0,true,59,FEF,59,local_0_based,FEF,false,recovered_heuristic_equal_segment
230823,125,0,true,59,FEF,59,local_0_based,FEF,false,recovered_heuristic_equal_segment
230823,126,0,true,59,FEF,59,local_0_based,FEF,false,recovered_heuristic_equal_segment
230823,127,0,true,59,FEF,59,local_0_based,FEF,false,recovered_heuristic_equal_segment
230823,128,0,true,59,FEF,59,local_0_based,FEF,false,recovered_heuristic_equal_segment
230823,129,0,true,59,FEF,59,local_0_based,FEF,false,recovered_heuristic_equal_segment
230823,130,0,true,59,FEF,59,local_0_based,FEF,false,recovered_heuristic_equal_segment
230823,131,0,true,60,FEF,60,local_0_based,FEF,false,recovered_heuristic_equal_segment
230823,132,0,true,60,FEF,60,local_0_based,FEF,false,recovered_heuristic_equal_segment
230823,133,0,true,60,FEF,60,local_0_based,FEF,false,recovered_heuristic_equal_segment
230823,134,0,true,58,FEF,58,local_0_based,FEF,false,recovered_heuristic_equal_segment
230823,135,0,true,61,FEF,61,local_0_based,FEF,false,recovered_heuristic_equal_segment
230823,136,0,true,61,FEF,61,local_0_based,FEF,false,recovered_heuristic_equal_segment
230823,137,0,true,61,FEF,61,local_0_based,FEF,false,recovered_heuristic_equal_segment
230823,138,0,true,58,FEF,58,local_0_based,FEF,false,recovered_heuristic_equal_segment
230823,139,0,true,60,FEF,60,local_0_based,FEF,false,recovered_heuristic_equal_segment
230823,140,0,true,62,FEF,62,local_0_based,FEF,false,recovered_heuristic_equal_segment
230823,141,0,true,62,FEF,62,local_0_based,FEF,false,recovered_heuristic_equal_segment
230823,142,0,true,62,FEF,62,local_0_based,FEF,false,recovered_heuristic_equal_segment
230823,143,0,true,62,FEF,62,local_0_based,FEF,false,recovered_heuristic_equal_segment
230823,144,0,true,62,FEF,62,local_0_based,FEF,false,recovered_heuristic_equal_segment
230823,145,0,true,58,FEF,58,local_0_based,FEF,false,recovered_heuristic_equal_segment
230823,146,0,true,59,FEF,59,local_0_based,FEF,false,recovered_heuristic_equal_segment
230823,147,0,true,59,FEF,59,local_0_based,FEF,false,recovered_heuristic_equal_segment
230823,148,0,true,109,FEF,109,local_0_based,FEF,false,recovered_heuristic_equal_segment
230823,149,0,true,19,FEF,19,local_0_based,FEF,false,recovered_heuristic_equal_segment
230823,150,0,true,30,FEF,30,local_0_based,FEF,false,recovered_heuristic_equal_segment
230823,151,0,true,70,FEF,70,local_0_based,FEF,false,recovered_heuristic_equal_segment
230823,152,0,true,69,FEF,69,local_0_based,FEF,false,recovered_heuristic_equal_segment
230823,153,0,true,69,FEF,69,local_0_based,FEF,false,recovered_heuristic_equal_segment
230823,154,0,true,24,FEF,24,local_0_based,FEF,false,recovered_heuristic_equal_segment
230823,155,0,true,86,FEF,86,local_0_based,FEF,false,recovered_heuristic_equal_segment
230823,156,2,false,,,,none,Unknown,false,unresolved_no_candidate_metadata
230823,157,2,false,,,,none,Unknown,false,unresolved_no_candidate_metadata
230823,158,2,false,,,,none,Unknown,false,unresolved_no_candidate_metadata
230823,159,2,false,,,,none,Unknown,false,unresolved_no_candidate_metadata
230823,160,2,false,,,,none,Unknown,false,unresolved_no_candidate_metadata
230823,161,2,false,,,,none,Unknown,false,unresolved_no_candidate_metadata
230823,162,2,false,,,,none,Unknown,false,unresolved_no_candidate_metadata
230823,163,2,false,,,,none,Unknown,false,unresolved_no_candidate_metadata
230823,164,2,false,,,,none,Unknown,false,unresolved_no_candidate_metadata
230823,165,2,false,,,,none,Unknown,false,unresolved_no_candidate_metadata
230823,166,2,false,,,,none,Unknown,false,unresolved_no_candidate_metadata
230823,167,2,false,,,,none,Unknown,false,unresolved_no_candidate_metadata
230823,168,2,false,,,,none,Unknown,false,unresolved_no_candidate_metadata
230823,169,2,false,,,,none,Unknown,false,unresolved_no_candidate_metadata
230823,170,2,false,,,,none,Unknown,false,unresolved_no_candidate_metadata
230823,171,2,false,,,,none,Unknown,false,unresolved_no_candidate_metadata
230823,172,2,false,,,,none,Unknown,false,unresolved_no_candidate_metadata
230823,173,2,false,,,,none,Unknown,false,unresolved_no_candidate_metadata
230823,174,2,false,,,,none,Unknown,false,unresolved_no_candidate_metadata
230823,175,2,true,376,"V1, V2, V3",120,sequential_modulo_128,V3,false,geometry_resolved_candidate
230823,176,2,true,376,"V1, V2, V3",120,sequential_modulo_128,V3,false,geometry_resolved_candidate
230823,177,2,true,376,"V1, V2, V3",120,sequential_modulo_128,V3,false,geometry_resolved_candidate
230823,178,2,true,376,"V1, V2, V3",120,sequential_modulo_128,V3,false,geometry_resolved_candidate
230823,179,2,true,375,"V1, V2, V3",119,sequential_modulo_128,V3,false,geometry_resolved_candidate
230823,180,2,true,375,"V1, V2, V3",119,sequential_modulo_128,V3,false,geometry_resolved_candidate
230823,181,2,true,265,"V1, V2, V3",9,sequential_modulo_128,V1,false,geometry_resolved_candidate
230823,182,2,true,374,"V1, V2, V3",118,sequential_modulo_128,V3,false,geometry_resolved_candidate
230823,183,2,true,266,"V1, V2, V3",10,sequential_modulo_128,V1,false,geometry_resolved_candidate
230823,184,2,true,266,"V1, V2, V3",10,sequential_modulo_128,V1,false,geometry_resolved_candidate
230823,185,2,true,372,"V1, V2, V3",116,sequential_modulo_128,V3,false,geometry_resolved_candidate
230823,186,2,true,267,"V1, V2, V3",11,sequential_modulo_128,V1,false,geometry_resolved_candidate
230823,187,2,true,372,"V1, V2, V3",116,sequential_modulo_128,V3,false,geometry_resolved_candidate
230823,188,2,true,372,"V1, V2, V3",116,sequential_modulo_128,V3,false,geometry_resolved_candidate
230823,189,2,true,372,"V1, V2, V3",116,sequential_modulo_128,V3,false,geometry_resolved_candidate
230823,190,2,true,268,"V1, V2, V3",12,sequential_modulo_128,V1,false,geometry_resolved_candidate
230823,191,2,true,371,"V1, V2, V3",115,sequential_modulo_128,V3,false,geometry_resolved_candidate
230823,192,2,true,371,"V1, V2, V3",115,sequential_modulo_128,V3,false,geometry_resolved_candidate
230825,0,0,true,8,PFC,8,local_0_based,PFC,false,recovered_heuristic_equal_segment
230825,1,0,true,9,PFC,9,local_0_based,PFC,false,recovered_heuristic_equal_segment
230825,2,0,true,118,PFC,118,local_0_based,PFC,false,recovered_heuristic_equal_segment
230825,3,0,true,118,PFC,118,local_0_based,PFC,false,recovered_heuristic_equal_segment
230825,4,0,true,118,PFC,118,local_0_based,PFC,false,recovered_heuristic_equal_segment
230825,5,0,true,10,PFC,10,local_0_based,PFC,false,recovered_heuristic_equal_segment
230825,6,0,true,10,PFC,10,local_0_based,PFC,false,recovered_heuristic_equal_segment
230825,7,0,true,11,PFC,11,local_0_based,PFC,false,recovered_heuristic_equal_segment
230825,8,0,true,116,PFC,116,local_0_based,PFC,false,recovered_heuristic_equal_segment
230825,9,0,true,115,PFC,115,local_0_based,PFC,false,recovered_heuristic_equal_segment
230825,10,0,true,114,PFC,114,local_0_based,PFC,false,recovered_heuristic_equal_segment
230825,11,0,true,16,PFC,16,local_0_based,PFC,false,recovered_heuristic_equal_segment
230825,12,0,true,111,PFC,111,local_0_based,PFC,false,recovered_heuristic_equal_segment
230825,13,0,true,18,PFC,18,local_0_based,PFC,false,recovered_heuristic_equal_segment
230825,14,0,true,17,PFC,17,local_0_based,PFC,false,recovered_heuristic_equal_segment
230825,15,0,true,18,PFC,18,local_0_based,PFC,false,recovered_heuristic_equal_segment
230825,16,0,true,19,PFC,19,local_0_based,PFC,false,recovered_heuristic_equal_segment
230825,17,0,true,19,PFC,19,local_0_based,PFC,false,recovered_heuristic_equal_segment
230825,18,0,true,19,PFC,19,local_0_based,PFC,false,recovered_heuristic_equal_segment
230825,19,0,true,108,PFC,108,local_0_based,PFC,false,recovered_heuristic_equal_segment
230825,20,0,true,20,PFC,20,local_0_based,PFC,false,recovered_heuristic_equal_segment
230825,21,0,true,107,PFC,107,local_0_based,PFC,false,recovered_heuristic_equal_segment
230825,22,0,true,107,PFC,107,local_0_based,PFC,false,recovered_heuristic_equal_segment
230825,23,0,true,107,PFC,107,local_0_based,PFC,false,recovered_heuristic_equal_segment
230825,24,0,true,107,PFC,107,local_0_based,PFC,false,recovered_heuristic_equal_segment
230825,25,0,true,21,PFC,21,local_0_based,PFC,false,recovered_heuristic_equal_segment
230825,26,0,true,21,PFC,21,local_0_based,PFC,false,recovered_heuristic_equal_segment
230825,27,0,true,21,PFC,21,local_0_based,PFC,false,recovered_heuristic_equal_segment
230825,28,0,true,21,PFC,21,local_0_based,PFC,false,recovered_heuristic_equal_segment
230825,29,0,true,21,PFC,21,local_0_based,PFC,false,recovered_heuristic_equal_segment
230825,30,0,true,22,PFC,22,local_0_based,PFC,false,recovered_heuristic_equal_segment
230825,31,0,true,105,PFC,105,local_0_based,PFC,false,recovered_heuristic_equal_segment
230825,32,0,true,105,PFC,105,local_0_based,PFC,false,recovered_heuristic_equal_segment
230825,33,0,true,23,PFC,23,local_0_based,PFC,false,recovered_heuristic_equal_segment
230825,34,0,true,104,PFC,104,local_0_based,PFC,false,recovered_heuristic_equal_segment
230825,35,0,true,103,PFC,103,local_0_based,PFC,false,recovered_heuristic_equal_segment
230825,36,0,true,96,PFC,96,local_0_based,PFC,false,recovered_heuristic_equal_segment
230825,37,0,true,97,PFC,97,local_0_based,PFC,false,recovered_heuristic_equal_segment
230825,38,0,true,33,PFC,33,local_0_based,PFC,false,recovered_heuristic_equal_segment
230825,39,0,true,92,PFC,92,local_0_based,PFC,false,recovered_heuristic_equal_segment
230825,40,0,true,90,PFC,90,local_0_based,PFC,false,recovered_heuristic_equal_segment
230825,41,0,true,95,PFC,95,local_0_based,PFC,false,recovered_heuristic_equal_segment
230825,42,0,true,37,PFC,37,local_0_based,PFC,false,recovered_heuristic_equal_segment
230825,43,0,true,37,PFC,37,local_0_based,PFC,false,recovered_heuristic_equal_segment
230825,44,0,true,42,PFC,42,local_0_based,PFC,false,recovered_heuristic_equal_segment
230825,45,0,true,85,PFC,85,local_0_based,PFC,false,recovered_heuristic_equal_segment
230825,46,0,true,84,PFC,84,local_0_based,PFC,false,recovered_heuristic_equal_segment
230825,47,0,true,78,PFC,78,local_0_based,PFC,false,recovered_heuristic_equal_segment
230825,48,0,true,78,PFC,78,local_0_based,PFC,false,recovered_heuristic_equal_segment
230825,49,0,true,50,PFC,50,local_0_based,PFC,false,recovered_heuristic_equal_segment
230825,50,0,true,77,PFC,77,local_0_based,PFC,false,recovered_heuristic_equal_segment
230825,51,0,true,77,PFC,77,local_0_based,PFC,false,recovered_heuristic_equal_segment
230825,52,0,true,76,PFC,76,local_0_based,PFC,false,recovered_heuristic_equal_segment
230825,53,0,true,76,PFC,76,local_0_based,PFC,false,recovered_heuristic_equal_segment
230825,54,0,true,75,PFC,75,local_0_based,PFC,false,recovered_heuristic_equal_segment
230825,55,0,true,54,PFC,54,local_0_based,PFC,false,recovered_heuristic_equal_segment
230825,56,0,true,54,PFC,54,local_0_based,PFC,false,recovered_heuristic_equal_segment
230825,57,0,true,72,PFC,72,local_0_based,PFC,false,recovered_heuristic_equal_segment
230825,58,0,true,60,PFC,60,local_0_based,PFC,false,recovered_heuristic_equal_segment
230825,59,0,true,56,PFC,56,local_0_based,PFC,false,recovered_heuristic_equal_segment
230825,60,0,true,56,PFC,56,local_0_based,PFC,false,recovered_heuristic_equal_segment
230825,61,0,true,59,PFC,59,local_0_based,PFC,false,recovered_heuristic_equal_segment
230825,62,0,true,56,PFC,56,local_0_based,PFC,false,recovered_heuristic_equal_segment
230825,63,0,true,59,PFC,59,local_0_based,PFC,false,recovered_heuristic_equal_segment
230825,64,0,true,59,PFC,59,local_0_based,PFC,false,recovered_heuristic_equal_segment
230825,65,0,true,60,PFC,60,local_0_based,PFC,false,recovered_heuristic_equal_segment
230825,66,0,true,56,PFC,56,local_0_based,PFC,false,recovered_heuristic_equal_segment
230825,67,0,true,57,PFC,57,local_0_based,PFC,false,recovered_heuristic_equal_segment
230825,68,0,true,56,PFC,56,local_0_based,PFC,false,recovered_heuristic_equal_segment
230825,69,0,true,59,PFC,59,local_0_based,PFC,false,recovered_heuristic_equal_segment
230825,70,0,true,60,PFC,60,local_0_based,PFC,false,recovered_heuristic_equal_segment
230825,71,0,true,58,PFC,58,local_0_based,PFC,false,recovered_heuristic_equal_segment
230825,72,0,true,57,PFC,57,local_0_based,PFC,false,recovered_heuristic_equal_segment
230825,73,0,true,57,PFC,57,local_0_based,PFC,false,recovered_heuristic_equal_segment
230825,74,0,true,57,PFC,57,local_0_based,PFC,false,recovered_heuristic_equal_segment
230825,75,0,true,60,PFC,60,local_0_based,PFC,false,recovered_heuristic_equal_segment
230825,76,0,true,58,PFC,58,local_0_based,PFC,false,recovered_heuristic_equal_segment
230825,77,0,true,58,PFC,58,local_0_based,PFC,false,recovered_heuristic_equal_segment
230825,78,0,true,60,PFC,60,local_0_based,PFC,false,recovered_heuristic_equal_segment
230825,79,0,true,60,PFC,60,local_0_based,PFC,false,recovered_heuristic_equal_segment
230825,80,0,true,58,PFC,58,local_0_based,PFC,false,recovered_heuristic_equal_segment
230825,81,0,true,59,PFC,59,local_0_based,PFC,false,recovered_heuristic_equal_segment
230825,82,0,true,59,PFC,59,local_0_based,PFC,false,recovered_heuristic_equal_segment
230825,83,0,true,60,PFC,60,local_0_based,PFC,false,recovered_heuristic_equal_segment
230825,84,0,true,60,PFC,60,local_0_based,PFC,false,recovered_heuristic_equal_segment
230825,85,0,true,59,PFC,59,local_0_based,PFC,false,recovered_heuristic_equal_segment
230825,86,0,true,59,PFC,59,local_0_based,PFC,false,recovered_heuristic_equal_segment
230825,87,0,true,59,PFC,59,local_0_based,PFC,false,recovered_heuristic_equal_segment
230825,88,0,true,59,PFC,59,local_0_based,PFC,false,recovered_heuristic_equal_segment
230825,89,0,true,59,PFC,59,local_0_based,PFC,false,recovered_heuristic_equal_segment
230825,90,0,true,59,PFC,59,local_0_based,PFC,false,recovered_heuristic_equal_segment
230825,91,0,true,59,PFC,59,local_0_based,PFC,false,recovered_heuristic_equal_segment
230825,92,0,true,59,PFC,59,local_0_based,PFC,false,recovered_heuristic_equal_segment
230825,93,0,true,59,PFC,59,local_0_based,PFC,false,recovered_heuristic_equal_segment
230825,94,0,true,59,PFC,59,local_0_based,PFC,false,recovered_heuristic_equal_segment
230825,95,0,true,59,PFC,59,local_0_based,PFC,false,recovered_heuristic_equal_segment
230825,96,0,true,61,PFC,61,local_0_based,PFC,false,recovered_heuristic_equal_segment
230825,97,0,true,59,PFC,59,local_0_based,PFC,false,recovered_heuristic_equal_segment
230825,98,0,true,59,PFC,59,local_0_based,PFC,false,recovered_heuristic_equal_segment
230825,99,0,true,59,PFC,59,local_0_based,PFC,false,recovered_heuristic_equal_segment
230825,100,0,true,59,PFC,59,local_0_based,PFC,false,recovered_heuristic_equal_segment
230825,101,0,true,58,PFC,58,local_0_based,PFC,false,recovered_heuristic_equal_segment
230825,102,0,true,60,PFC,60,local_0_based,PFC,false,recovered_heuristic_equal_segment
230825,103,0,true,60,PFC,60,local_0_based,PFC,false,recovered_heuristic_equal_segment
230825,104,0,true,62,PFC,62,local_0_based,PFC,false,recovered_heuristic_equal_segment
230825,105,0,true,60,PFC,60,local_0_based,PFC,false,recovered_heuristic_equal_segment
230825,106,0,true,60,PFC,60,local_0_based,PFC,false,recovered_heuristic_equal_segment
230825,107,0,true,60,PFC,60,local_0_based,PFC,false,recovered_heuristic_equal_segment
230825,108,0,true,60,PFC,60,local_0_based,PFC,false,recovered_heuristic_equal_segment
230825,109,0,true,60,PFC,60,local_0_based,PFC,false,recovered_heuristic_equal_segment
230825,110,0,true,60,PFC,60,local_0_based,PFC,false,recovered_heuristic_equal_segment
230825,111,0,true,60,PFC,60,local_0_based,PFC,false,recovered_heuristic_equal_segment
230825,112,0,true,60,PFC,60,local_0_based,PFC,false,recovered_heuristic_equal_segment
230825,113,0,true,60,PFC,60,local_0_based,PFC,false,recovered_heuristic_equal_segment
230825,114,0,true,60,PFC,60,local_0_based,PFC,false,recovered_heuristic_equal_segment
230825,115,0,true,61,PFC,61,local_0_based,PFC,false,recovered_heuristic_equal_segment
230825,116,0,true,60,PFC,60,local_0_based,PFC,false,recovered_heuristic_equal_segment
230825,117,0,true,60,PFC,60,local_0_based,PFC,false,recovered_heuristic_equal_segment
230825,118,0,true,60,PFC,60,local_0_based,PFC,false,recovered_heuristic_equal_segment
230825,119,0,true,60,PFC,60,local_0_based,PFC,false,recovered_heuristic_equal_segment
230825,120,0,true,61,PFC,61,local_0_based,PFC,false,recovered_heuristic_equal_segment
230825,121,0,true,61,PFC,61,local_0_based,PFC,false,recovered_heuristic_equal_segment
230825,122,0,true,59,PFC,59,local_0_based,PFC,false,recovered_heuristic_equal_segment
230825,123,0,true,59,PFC,59,local_0_based,PFC,false,recovered_heuristic_equal_segment
230825,124,0,true,60,PFC,60,local_0_based,PFC,false,recovered_heuristic_equal_segment
230825,125,0,true,61,PFC,61,local_0_based,PFC,false,recovered_heuristic_equal_segment
230825,126,0,true,61,PFC,61,local_0_based,PFC,false,recovered_heuristic_equal_segment
230825,127,0,true,61,PFC,61,local_0_based,PFC,false,recovered_heuristic_equal_segment
230825,128,0,true,61,PFC,61,local_0_based,PFC,false,recovered_heuristic_equal_segment
230825,129,0,true,61,PFC,61,local_0_based,PFC,false,recovered_heuristic_equal_segment
230825,130,0,true,61,PFC,61,local_0_based,PFC,false,recovered_heuristic_equal_segment
230825,131,0,true,61,PFC,61,local_0_based,PFC,false,recovered_heuristic_equal_segment
230825,132,0,true,59,PFC,59,local_0_based,PFC,false,recovered_heuristic_equal_segment
230825,133,0,true,56,PFC,56,local_0_based,PFC,false,recovered_heuristic_equal_segment
230825,134,0,true,61,PFC,61,local_0_based,PFC,false,recovered_heuristic_equal_segment
230825,135,0,true,63,PFC,63,local_0_based,PFC,false,recovered_heuristic_equal_segment
230825,136,0,true,61,PFC,61,local_0_based,PFC,false,recovered_heuristic_equal_segment
230825,137,0,true,61,PFC,61,local_0_based,PFC,false,recovered_heuristic_equal_segment
230825,138,0,true,61,PFC,61,local_0_based,PFC,false,recovered_heuristic_equal_segment
230825,139,0,true,61,PFC,61,local_0_based,PFC,false,recovered_heuristic_equal_segment
230825,140,0,true,61,PFC,61,local_0_based,PFC,false,recovered_heuristic_equal_segment
230825,141,0,true,60,PFC,60,local_0_based,PFC,false,recovered_heuristic_equal_segment
230825,142,0,true,62,PFC,62,local_0_based,PFC,false,recovered_heuristic_equal_segment
230825,143,0,true,62,PFC,62,local_0_based,PFC,false,recovered_heuristic_equal_segment
230825,144,0,true,62,PFC,62,local_0_based,PFC,false,recovered_heuristic_equal_segment
230825,145,0,true,59,PFC,59,local_0_based,PFC,false,recovered_heuristic_equal_segment
230825,146,0,true,61,PFC,61,local_0_based,PFC,false,recovered_heuristic_equal_segment
230825,147,0,true,62,PFC,62,local_0_based,PFC,false,recovered_heuristic_equal_segment
230825,148,0,true,62,PFC,62,local_0_based,PFC,false,recovered_heuristic_equal_segment
230825,149,0,true,62,PFC,62,local_0_based,PFC,false,recovered_heuristic_equal_segment
230825,150,0,true,63,PFC,63,local_0_based,PFC,false,recovered_heuristic_equal_segment
230825,151,0,true,62,PFC,62,local_0_based,PFC,false,recovered_heuristic_equal_segment
230825,152,0,true,60,PFC,60,local_0_based,PFC,false,recovered_heuristic_equal_segment
230825,153,0,true,57,PFC,57,local_0_based,PFC,false,recovered_heuristic_equal_segment
230825,154,0,true,60,PFC,60,local_0_based,PFC,false,recovered_heuristic_equal_segment
230825,155,0,true,61,PFC,61,local_0_based,PFC,false,recovered_heuristic_equal_segment
230825,156,0,true,63,PFC,63,local_0_based,PFC,false,recovered_heuristic_equal_segment
230825,157,0,true,63,PFC,63,local_0_based,PFC,false,recovered_heuristic_equal_segment
230825,158,0,true,60,PFC,60,local_0_based,PFC,false,recovered_heuristic_equal_segment
230825,159,0,true,58,PFC,58,local_0_based,PFC,false,recovered_heuristic_equal_segment
230825,160,0,true,63,PFC,63,local_0_based,PFC,false,recovered_heuristic_equal_segment
230825,161,0,true,63,PFC,63,local_0_based,PFC,false,recovered_heuristic_equal_segment
230825,162,0,true,63,PFC,63,local_0_based,PFC,false,recovered_heuristic_equal_segment
230825,163,0,true,63,PFC,63,local_0_based,PFC,false,recovered_heuristic_equal_segment
230825,164,0,true,118,PFC,118,local_0_based,PFC,false,recovered_heuristic_equal_segment
230825,165,0,true,20,PFC,20,local_0_based,PFC,false,recovered_heuristic_equal_segment
230825,166,0,true,20,PFC,20,local_0_based,PFC,false,recovered_heuristic_equal_segment
230825,167,0,true,21,PFC,21,local_0_based,PFC,false,recovered_heuristic_equal_segment
230825,168,0,true,106,PFC,106,local_0_based,PFC,false,recovered_heuristic_equal_segment
230825,169,0,true,103,PFC,103,local_0_based,PFC,false,recovered_heuristic_equal_segment
230825,170,0,true,72,PFC,72,local_0_based,PFC,false,recovered_heuristic_equal_segment
230825,171,0,true,20,PFC,20,local_0_based,PFC,false,recovered_heuristic_equal_segment
230825,172,0,true,106,PFC,106,local_0_based,PFC,false,recovered_heuristic_equal_segment
230830,0,0,true,126,PFC,126,local_0_based,PFC,false,recovered_heuristic_equal_segment
230830,1,0,true,3,PFC,3,local_0_based,PFC,false,recovered_heuristic_equal_segment
230830,2,0,true,108,PFC,108,local_0_based,PFC,false,recovered_heuristic_equal_segment
230830,3,0,true,22,PFC,22,local_0_based,PFC,false,recovered_heuristic_equal_segment
230830,4,0,true,104,PFC,104,local_0_based,PFC,false,recovered_heuristic_equal_segment
230830,5,0,true,25,PFC,25,local_0_based,PFC,false,recovered_heuristic_equal_segment
230830,6,0,true,102,PFC,102,local_0_based,PFC,false,recovered_heuristic_equal_segment
230830,7,0,true,101,PFC,101,local_0_based,PFC,false,recovered_heuristic_equal_segment
230830,8,0,true,100,PFC,100,local_0_based,PFC,false,recovered_heuristic_equal_segment
230830,9,0,true,28,PFC,28,local_0_based,PFC,false,recovered_heuristic_equal_segment
230830,10,0,true,30,PFC,30,local_0_based,PFC,false,recovered_heuristic_equal_segment
230830,11,0,true,31,PFC,31,local_0_based,PFC,false,recovered_heuristic_equal_segment
230830,12,0,true,32,PFC,32,local_0_based,PFC,false,recovered_heuristic_equal_segment
230830,13,0,true,34,PFC,34,local_0_based,PFC,false,recovered_heuristic_equal_segment
230830,14,0,true,34,PFC,34,local_0_based,PFC,false,recovered_heuristic_equal_segment
230830,15,0,true,34,PFC,34,local_0_based,PFC,false,recovered_heuristic_equal_segment
230830,16,0,true,93,PFC,93,local_0_based,PFC,false,recovered_heuristic_equal_segment
230830,17,0,true,35,PFC,35,local_0_based,PFC,false,recovered_heuristic_equal_segment
230830,18,0,true,92,PFC,92,local_0_based,PFC,false,recovered_heuristic_equal_segment
230830,19,0,true,90,PFC,90,local_0_based,PFC,false,recovered_heuristic_equal_segment
230830,20,0,true,90,PFC,90,local_0_based,PFC,false,recovered_heuristic_equal_segment
230830,21,0,true,37,PFC,37,local_0_based,PFC,false,recovered_heuristic_equal_segment
230830,22,0,true,39,PFC,39,local_0_based,PFC,false,recovered_heuristic_equal_segment
230830,23,0,true,39,PFC,39,local_0_based,PFC,false,recovered_heuristic_equal_segment
230830,24,0,true,39,PFC,39,local_0_based,PFC,false,recovered_heuristic_equal_segment
230830,25,0,true,39,PFC,39,local_0_based,PFC,false,recovered_heuristic_equal_segment
230830,26,0,true,88,PFC,88,local_0_based,PFC,false,recovered_heuristic_equal_segment
230830,27,0,true,40,PFC,40,local_0_based,PFC,false,recovered_heuristic_equal_segment
230830,28,0,true,40,PFC,40,local_0_based,PFC,false,recovered_heuristic_equal_segment
230830,29,0,true,36,PFC,36,local_0_based,PFC,false,recovered_heuristic_equal_segment
230830,30,0,true,41,PFC,41,local_0_based,PFC,false,recovered_heuristic_equal_segment
230830,31,0,true,41,PFC,41,local_0_based,PFC,false,recovered_heuristic_equal_segment
230830,32,0,true,42,PFC,42,local_0_based,PFC,false,recovered_heuristic_equal_segment
230830,33,0,true,42,PFC,42,local_0_based,PFC,false,recovered_heuristic_equal_segment
230830,34,0,true,85,PFC,85,local_0_based,PFC,false,recovered_heuristic_equal_segment
230830,35,0,true,84,PFC,84,local_0_based,PFC,false,recovered_heuristic_equal_segment
230830,36,0,true,47,PFC,47,local_0_based,PFC,false,recovered_heuristic_equal_segment
230830,37,0,true,44,PFC,44,local_0_based,PFC,false,recovered_heuristic_equal_segment
230830,38,0,true,83,PFC,83,local_0_based,PFC,false,recovered_heuristic_equal_segment
230830,39,0,true,44,PFC,44,local_0_based,PFC,false,recovered_heuristic_equal_segment
230830,40,0,true,45,PFC,45,local_0_based,PFC,false,recovered_heuristic_equal_segment
230830,41,0,true,45,PFC,45,local_0_based,PFC,false,recovered_heuristic_equal_segment
230830,42,0,true,45,PFC,45,local_0_based,PFC,false,recovered_heuristic_equal_segment
230830,43,0,true,81,PFC,81,local_0_based,PFC,false,recovered_heuristic_equal_segment
230830,44,0,true,46,PFC,46,local_0_based,PFC,false,recovered_heuristic_equal_segment
230830,45,0,true,49,PFC,49,local_0_based,PFC,false,recovered_heuristic_equal_segment
230830,46,0,true,49,PFC,49,local_0_based,PFC,false,recovered_heuristic_equal_segment
230830,47,0,true,48,PFC,48,local_0_based,PFC,false,recovered_heuristic_equal_segment
230830,48,0,true,51,PFC,51,local_0_based,PFC,false,recovered_heuristic_equal_segment
230830,49,0,true,51,PFC,51,local_0_based,PFC,false,recovered_heuristic_equal_segment
230830,50,0,true,51,PFC,51,local_0_based,PFC,false,recovered_heuristic_equal_segment
230830,51,0,true,55,PFC,55,local_0_based,PFC,false,recovered_heuristic_equal_segment
230830,52,0,true,55,PFC,55,local_0_based,PFC,false,recovered_heuristic_equal_segment
230830,53,0,true,51,PFC,51,local_0_based,PFC,false,recovered_heuristic_equal_segment
230830,54,0,true,52,PFC,52,local_0_based,PFC,false,recovered_heuristic_equal_segment
230830,55,0,true,51,PFC,51,local_0_based,PFC,false,recovered_heuristic_equal_segment
230830,56,0,true,53,PFC,53,local_0_based,PFC,false,recovered_heuristic_equal_segment
230830,57,0,true,53,PFC,53,local_0_based,PFC,false,recovered_heuristic_equal_segment
230830,58,0,true,57,PFC,57,local_0_based,PFC,false,recovered_heuristic_equal_segment
230830,59,0,true,53,PFC,53,local_0_based,PFC,false,recovered_heuristic_equal_segment
230830,60,0,true,55,PFC,55,local_0_based,PFC,false,recovered_heuristic_equal_segment
230830,61,0,true,53,PFC,53,local_0_based,PFC,false,recovered_heuristic_equal_segment
230830,62,0,true,53,PFC,53,local_0_based,PFC,false,recovered_heuristic_equal_segment
230830,63,0,true,53,PFC,53,local_0_based,PFC,false,recovered_heuristic_equal_segment
230830,64,0,true,54,PFC,54,local_0_based,PFC,false,recovered_heuristic_equal_segment
230830,65,0,true,54,PFC,54,local_0_based,PFC,false,recovered_heuristic_equal_segment
230830,66,0,true,54,PFC,54,local_0_based,PFC,false,recovered_heuristic_equal_segment
230830,67,0,true,53,PFC,53,local_0_based,PFC,false,recovered_heuristic_equal_segment
230830,68,0,true,57,PFC,57,local_0_based,PFC,false,recovered_heuristic_equal_segment
230830,69,0,true,60,PFC,60,local_0_based,PFC,false,recovered_heuristic_equal_segment
230830,70,0,true,53,PFC,53,local_0_based,PFC,false,recovered_heuristic_equal_segment
230830,71,0,true,60,PFC,60,local_0_based,PFC,false,recovered_heuristic_equal_segment
230830,72,0,true,55,PFC,55,local_0_based,PFC,false,recovered_heuristic_equal_segment
230830,73,0,true,51,PFC,51,local_0_based,PFC,false,recovered_heuristic_equal_segment
230830,74,0,true,51,PFC,51,local_0_based,PFC,false,recovered_heuristic_equal_segment
230830,75,0,true,55,PFC,55,local_0_based,PFC,false,recovered_heuristic_equal_segment
230830,76,0,true,55,PFC,55,local_0_based,PFC,false,recovered_heuristic_equal_segment
230830,77,0,true,59,PFC,59,local_0_based,PFC,false,recovered_heuristic_equal_segment
230830,78,0,true,72,PFC,72,local_0_based,PFC,false,recovered_heuristic_equal_segment
230830,79,0,true,55,PFC,55,local_0_based,PFC,false,recovered_heuristic_equal_segment
230830,80,0,true,72,PFC,72,local_0_based,PFC,false,recovered_heuristic_equal_segment
230830,81,0,true,56,PFC,56,local_0_based,PFC,false,recovered_heuristic_equal_segment
230830,82,0,true,58,PFC,58,local_0_based,PFC,false,recovered_heuristic_equal_segment
230830,83,0,true,60,PFC,60,local_0_based,PFC,false,recovered_heuristic_equal_segment
230830,84,0,true,56,PFC,56,local_0_based,PFC,false,recovered_heuristic_equal_segment
230830,85,0,true,56,PFC,56,local_0_based,PFC,false,recovered_heuristic_equal_segment
230830,86,0,true,57,PFC,57,local_0_based,PFC,false,recovered_heuristic_equal_segment
230830,87,0,true,57,PFC,57,local_0_based,PFC,false,recovered_heuristic_equal_segment
230830,88,0,true,57,PFC,57,local_0_based,PFC,false,recovered_heuristic_equal_segment
230830,89,0,true,60,PFC,60,local_0_based,PFC,false,recovered_heuristic_equal_segment
230830,90,0,true,69,PFC,69,local_0_based,PFC,false,recovered_heuristic_equal_segment
230830,91,0,true,58,PFC,58,local_0_based,PFC,false,recovered_heuristic_equal_segment
230830,92,0,true,58,PFC,58,local_0_based,PFC,false,recovered_heuristic_equal_segment
230830,93,0,true,58,PFC,58,local_0_based,PFC,false,recovered_heuristic_equal_segment
230830,94,0,true,58,PFC,58,local_0_based,PFC,false,recovered_heuristic_equal_segment
230830,95,0,true,61,PFC,61,local_0_based,PFC,false,recovered_heuristic_equal_segment
230830,96,0,true,69,PFC,69,local_0_based,PFC,false,recovered_heuristic_equal_segment
230830,97,0,true,59,PFC,59,local_0_based,PFC,false,recovered_heuristic_equal_segment
230830,98,0,true,59,PFC,59,local_0_based,PFC,false,recovered_heuristic_equal_segment
230830,99,0,true,59,PFC,59,local_0_based,PFC,false,recovered_heuristic_equal_segment
230830,100,0,true,59,PFC,59,local_0_based,PFC,false,recovered_heuristic_equal_segment
230830,101,0,true,59,PFC,59,local_0_based,PFC,false,recovered_heuristic_equal_segment
230830,102,0,true,59,PFC,59,local_0_based,PFC,false,recovered_heuristic_equal_segment
230830,103,0,true,68,PFC,68,local_0_based,PFC,false,recovered_heuristic_equal_segment
230830,104,0,true,67,PFC,67,local_0_based,PFC,false,recovered_heuristic_equal_segment
230830,105,0,true,60,PFC,60,local_0_based,PFC,false,recovered_heuristic_equal_segment
230830,106,0,true,60,PFC,60,local_0_based,PFC,false,recovered_heuristic_equal_segment
230830,107,0,true,61,PFC,61,local_0_based,PFC,false,recovered_heuristic_equal_segment
230830,108,0,true,60,PFC,60,local_0_based,PFC,false,recovered_heuristic_equal_segment
230830,109,0,true,60,PFC,60,local_0_based,PFC,false,recovered_heuristic_equal_segment
230830,110,0,true,60,PFC,60,local_0_based,PFC,false,recovered_heuristic_equal_segment
230830,111,0,true,67,PFC,67,local_0_based,PFC,false,recovered_heuristic_equal_segment
230830,112,0,true,67,PFC,67,local_0_based,PFC,false,recovered_heuristic_equal_segment
230830,113,0,true,61,PFC,61,local_0_based,PFC,false,recovered_heuristic_equal_segment
230830,114,0,true,63,PFC,63,local_0_based,PFC,false,recovered_heuristic_equal_segment
230830,115,0,true,61,PFC,61,local_0_based,PFC,false,recovered_heuristic_equal_segment
230830,116,0,true,66,PFC,66,local_0_based,PFC,false,recovered_heuristic_equal_segment
230830,117,0,true,53,PFC,53,local_0_based,PFC,false,recovered_heuristic_equal_segment
230830,118,0,true,62,PFC,62,local_0_based,PFC,false,recovered_heuristic_equal_segment
230830,119,0,true,62,PFC,62,local_0_based,PFC,false,recovered_heuristic_equal_segment
230830,120,0,true,62,PFC,62,local_0_based,PFC,false,recovered_heuristic_equal_segment
230830,121,0,true,60,PFC,60,local_0_based,PFC,false,recovered_heuristic_equal_segment
230830,122,0,true,62,PFC,62,local_0_based,PFC,false,recovered_heuristic_equal_segment
230830,123,0,true,62,PFC,62,local_0_based,PFC,false,recovered_heuristic_equal_segment
230830,124,0,true,60,PFC,60,local_0_based,PFC,false,recovered_heuristic_equal_segment
230830,125,0,true,62,PFC,62,local_0_based,PFC,false,recovered_heuristic_equal_segment
230830,126,0,true,60,PFC,60,local_0_based,PFC,false,recovered_heuristic_equal_segment
230830,127,0,true,63,PFC,63,local_0_based,PFC,false,recovered_heuristic_equal_segment
230830,128,0,true,63,PFC,63,local_0_based,PFC,false,recovered_heuristic_equal_segment
230830,129,0,true,63,PFC,63,local_0_based,PFC,false,recovered_heuristic_equal_segment
230830,130,0,true,63,PFC,63,local_0_based,PFC,false,recovered_heuristic_equal_segment
230830,131,0,true,58,PFC,58,local_0_based,PFC,false,recovered_heuristic_equal_segment
230830,132,0,true,63,PFC,63,local_0_based,PFC,false,recovered_heuristic_equal_segment
230830,133,0,true,63,PFC,63,local_0_based,PFC,false,recovered_heuristic_equal_segment
230830,134,0,true,30,PFC,30,local_0_based,PFC,false,recovered_heuristic_equal_segment
230830,135,0,true,44,PFC,44,local_0_based,PFC,false,recovered_heuristic_equal_segment
230830,136,1,true,128,"V4, MT",0,sequential_modulo_128,V4,false,geometry_resolved_candidate
230830,137,1,true,130,"V4, MT",2,sequential_modulo_128,V4,false,geometry_resolved_candidate
230830,138,1,true,253,"V4, MT",125,sequential_modulo_128,MT,false,geometry_resolved_candidate
230830,139,1,true,130,"V4, MT",2,sequential_modulo_128,V4,false,geometry_resolved_candidate
230830,140,1,true,255,"V4, MT",127,sequential_modulo_128,MT,false,geometry_resolved_candidate
230830,141,1,true,255,"V4, MT",127,sequential_modulo_128,MT,false,geometry_resolved_candidate
230830,142,1,true,255,"V4, MT",127,sequential_modulo_128,MT,false,geometry_resolved_candidate
230830,143,1,true,255,"V4, MT",127,sequential_modulo_128,MT,false,geometry_resolved_candidate
230830,144,1,true,136,"V4, MT",8,sequential_modulo_128,V4,false,geometry_resolved_candidate
230830,145,1,true,255,"V4, MT",127,sequential_modulo_128,MT,false,geometry_resolved_candidate
230830,146,1,true,255,"V4, MT",127,sequential_modulo_128,MT,false,geometry_resolved_candidate
230830,147,1,true,129,"V4, MT",1,sequential_modulo_128,V4,false,geometry_resolved_candidate
230830,148,1,true,129,"V4, MT",1,sequential_modulo_128,V4,false,geometry_resolved_candidate
230830,149,1,true,129,"V4, MT",1,sequential_modulo_128,V4,false,geometry_resolved_candidate
230830,150,1,true,129,"V4, MT",1,sequential_modulo_128,V4,false,geometry_resolved_candidate
230830,151,1,true,129,"V4, MT",1,sequential_modulo_128,V4,false,geometry_resolved_candidate
230830,152,1,true,129,"V4, MT",1,sequential_modulo_128,V4,false,geometry_resolved_candidate
230830,153,1,true,129,"V4, MT",1,sequential_modulo_128,V4,false,geometry_resolved_candidate
230830,154,1,true,129,"V4, MT",1,sequential_modulo_128,V4,false,geometry_resolved_candidate
230830,155,1,true,129,"V4, MT",1,sequential_modulo_128,V4,false,geometry_resolved_candidate
230830,156,1,true,129,"V4, MT",1,sequential_modulo_128,V4,false,geometry_resolved_candidate
230830,157,1,true,129,"V4, MT",1,sequential_modulo_128,V4,false,geometry_resolved_candidate
230830,158,1,true,129,"V4, MT",1,sequential_modulo_128,V4,false,geometry_resolved_candidate
230830,159,1,true,129,"V4, MT",1,sequential_modulo_128,V4,false,geometry_resolved_candidate
230830,160,1,true,253,"V4, MT",125,sequential_modulo_128,MT,false,geometry_resolved_candidate
230830,161,1,true,255,"V4, MT",127,sequential_modulo_128,MT,false,geometry_resolved_candidate
230830,162,1,true,254,"V4, MT",126,sequential_modulo_128,MT,false,geometry_resolved_candidate
230830,163,1,true,254,"V4, MT",126,sequential_modulo_128,MT,false,geometry_resolved_candidate
230830,164,1,true,254,"V4, MT",126,sequential_modulo_128,MT,false,geometry_resolved_candidate
230830,165,1,true,254,"V4, MT",126,sequential_modulo_128,MT,false,geometry_resolved_candidate
230830,166,1,true,254,"V4, MT",126,sequential_modulo_128,MT,false,geometry_resolved_candidate
230830,167,1,true,254,"V4, MT",126,sequential_modulo_128,MT,false,geometry_resolved_candidate
230830,168,1,true,254,"V4, MT",126,sequential_modulo_128,MT,false,geometry_resolved_candidate
230830,169,1,true,130,"V4, MT",2,sequential_modulo_128,V4,false,geometry_resolved_candidate
230830,170,1,true,129,"V4, MT",1,sequential_modulo_128,V4,false,geometry_resolved_candidate
230830,171,1,true,130,"V4, MT",2,sequential_modulo_128,V4,false,geometry_resolved_candidate
230830,172,1,true,130,"V4, MT",2,sequential_modulo_128,V4,false,geometry_resolved_candidate
230830,173,1,true,138,"V4, MT",10,sequential_modulo_128,V4,false,geometry_resolved_candidate
230830,174,1,true,130,"V4, MT",2,sequential_modulo_128,V4,false,geometry_resolved_candidate
230830,175,1,true,138,"V4, MT",10,sequential_modulo_128,V4,false,geometry_resolved_candidate
230830,176,1,true,253,"V4, MT",125,sequential_modulo_128,MT,false,geometry_resolved_candidate
230830,177,1,true,254,"V4, MT",126,sequential_modulo_128,MT,false,geometry_resolved_candidate
230830,178,1,true,253,"V4, MT",125,sequential_modulo_128,MT,false,geometry_resolved_candidate
230830,179,1,true,253,"V4, MT",125,sequential_modulo_128,MT,false,geometry_resolved_candidate
230830,180,1,true,253,"V4, MT",125,sequential_modulo_128,MT,false,geometry_resolved_candidate
230830,181,1,true,130,"V4, MT",2,sequential_modulo_128,V4,false,geometry_resolved_candidate
230830,182,1,true,253,"V4, MT",125,sequential_modulo_128,MT,false,geometry_resolved_candidate
230830,183,1,true,253,"V4, MT",125,sequential_modulo_128,MT,false,geometry_resolved_candidate
230830,184,1,true,131,"V4, MT",3,sequential_modulo_128,V4,false,geometry_resolved_candidate
230830,185,1,true,253,"V4, MT",125,sequential_modulo_128,MT,false,geometry_resolved_candidate
230830,186,1,true,130,"V4, MT",2,sequential_modulo_128,V4,false,geometry_resolved_candidate
230830,187,1,true,254,"V4, MT",126,sequential_modulo_128,MT,false,geometry_resolved_candidate
230830,188,1,true,131,"V4, MT",3,sequential_modulo_128,V4,false,geometry_resolved_candidate
230830,189,1,true,131,"V4, MT",3,sequential_modulo_128,V4,false,geometry_resolved_candidate
230830,190,1,true,131,"V4, MT",3,sequential_modulo_128,V4,false,geometry_resolved_candidate
230830,191,1,true,131,"V4, MT",3,sequential_modulo_128,V4,false,geometry_resolved_candidate
230830,192,1,true,132,"V4, MT",4,sequential_modulo_128,V4,false,geometry_resolved_candidate
230830,193,1,true,131,"V4, MT",3,sequential_modulo_128,V4,false,geometry_resolved_candidate
230830,194,1,true,251,"V4, MT",123,sequential_modulo_128,MT,false,geometry_resolved_candidate
230830,195,1,true,130,"V4, MT",2,sequential_modulo_128,V4,false,geometry_resolved_candidate
230830,196,1,true,128,"V4, MT",0,sequential_modulo_128,V4,false,geometry_resolved_candidate
230830,197,1,true,129,"V4, MT",1,sequential_modulo_128,V4,false,geometry_resolved_candidate
230830,198,1,true,252,"V4, MT",124,sequential_modulo_128,MT,false,geometry_resolved_candidate
230830,199,1,true,247,"V4, MT",119,sequential_modulo_128,MT,false,geometry_resolved_candidate
230830,200,1,true,252,"V4, MT",124,sequential_modulo_128,MT,false,geometry_resolved_candidate
230830,201,1,true,252,"V4, MT",124,sequential_modulo_128,MT,false,geometry_resolved_candidate
230830,202,1,true,138,"V4, MT",10,sequential_modulo_128,V4,false,geometry_resolved_candidate
230830,203,1,true,244,"V4, MT",116,sequential_modulo_128,MT,false,geometry_resolved_candidate
230830,204,1,true,250,"V4, MT",122,sequential_modulo_128,MT,false,geometry_resolved_candidate
230830,205,1,true,136,"V4, MT",8,sequential_modulo_128,V4,false,geometry_resolved_candidate
230830,206,1,true,128,"V4, MT",0,sequential_modulo_128,V4,false,geometry_resolved_candidate
230830,207,1,true,132,"V4, MT",4,sequential_modulo_128,V4,false,geometry_resolved_candidate
230830,208,1,true,132,"V4, MT",4,sequential_modulo_128,V4,false,geometry_resolved_candidate
230830,209,1,true,129,"V4, MT",1,sequential_modulo_128,V4,false,geometry_resolved_candidate
230830,210,1,true,132,"V4, MT",4,sequential_modulo_128,V4,false,geometry_resolved_candidate
230830,211,1,true,132,"V4, MT",4,sequential_modulo_128,V4,false,geometry_resolved_candidate
230830,212,1,true,132,"V4, MT",4,sequential_modulo_128,V4,false,geometry_resolved_candidate
230830,213,1,true,137,"V4, MT",9,sequential_modulo_128,V4,false,geometry_resolved_candidate
230830,214,1,true,135,"V4, MT",7,sequential_modulo_128,V4,false,geometry_resolved_candidate
230830,215,1,true,140,"V4, MT",12,sequential_modulo_128,V4,false,geometry_resolved_candidate
230830,216,1,true,129,"V4, MT",1,sequential_modulo_128,V4,false,geometry_resolved_candidate
230830,217,1,true,251,"V4, MT",123,sequential_modulo_128,MT,false,geometry_resolved_candidate
230830,218,1,true,253,"V4, MT",125,sequential_modulo_128,MT,false,geometry_resolved_candidate
230830,219,1,true,251,"V4, MT",123,sequential_modulo_128,MT,false,geometry_resolved_candidate
230830,220,1,true,251,"V4, MT",123,sequential_modulo_128,MT,false,geometry_resolved_candidate
230830,221,1,true,251,"V4, MT",123,sequential_modulo_128,MT,false,geometry_resolved_candidate
230830,222,1,true,251,"V4, MT",123,sequential_modulo_128,MT,false,geometry_resolved_candidate
230830,223,1,true,133,"V4, MT",5,sequential_modulo_128,V4,false,geometry_resolved_candidate
230830,224,1,true,137,"V4, MT",9,sequential_modulo_128,V4,false,geometry_resolved_candidate
230830,225,1,true,133,"V4, MT",5,sequential_modulo_128,V4,false,geometry_resolved_candidate
230830,226,1,true,133,"V4, MT",5,sequential_modulo_128,V4,false,geometry_resolved_candidate
230830,227,1,true,138,"V4, MT",10,sequential_modulo_128,V4,false,geometry_resolved_candidate
230830,228,1,true,133,"V4, MT",5,sequential_modulo_128,V4,false,geometry_resolved_candidate
230830,229,1,true,129,"V4, MT",1,sequential_modulo_128,V4,false,geometry_resolved_candidate
230830,230,1,true,130,"V4, MT",2,sequential_modulo_128,V4,false,geometry_resolved_candidate
230830,231,1,true,250,"V4, MT",122,sequential_modulo_128,MT,false,geometry_resolved_candidate
230830,232,1,true,129,"V4, MT",1,sequential_modulo_128,V4,false,geometry_resolved_candidate
230830,233,1,true,250,"V4, MT",122,sequential_modulo_128,MT,false,geometry_resolved_candidate
230830,234,1,true,250,"V4, MT",122,sequential_modulo_128,MT,false,geometry_resolved_candidate
230830,235,1,true,137,"V4, MT",9,sequential_modulo_128,V4,false,geometry_resolved_candidate
230830,236,1,true,137,"V4, MT",9,sequential_modulo_128,V4,false,geometry_resolved_candidate
230830,237,1,true,250,"V4, MT",122,sequential_modulo_128,MT,false,geometry_resolved_candidate
230830,238,1,true,250,"V4, MT",122,sequential_modulo_128,MT,false,geometry_resolved_candidate
230830,239,1,true,250,"V4, MT",122,sequential_modulo_128,MT,false,geometry_resolved_candidate
230830,240,1,true,253,"V4, MT",125,sequential_modulo_128,MT,false,geometry_resolved_candidate
230830,241,1,true,129,"V4, MT",1,sequential_modulo_128,V4,false,geometry_resolved_candidate
230830,242,1,true,134,"V4, MT",6,sequential_modulo_128,V4,false,geometry_resolved_candidate
230830,243,1,true,134,"V4, MT",6,sequential_modulo_128,V4,false,geometry_resolved_candidate
230830,244,1,true,134,"V4, MT",6,sequential_modulo_128,V4,false,geometry_resolved_candidate
230830,245,1,true,134,"V4, MT",6,sequential_modulo_128,V4,false,geometry_resolved_candidate
230830,246,1,true,134,"V4, MT",6,sequential_modulo_128,V4,false,geometry_resolved_candidate
230830,247,1,true,134,"V4, MT",6,sequential_modulo_128,V4,false,geometry_resolved_candidate
230830,248,1,true,135,"V4, MT",7,sequential_modulo_128,V4,false,geometry_resolved_candidate
230830,249,1,true,134,"V4, MT",6,sequential_modulo_128,V4,false,geometry_resolved_candidate
230830,250,1,true,134,"V4, MT",6,sequential_modulo_128,V4,false,geometry_resolved_candidate
230830,251,1,true,134,"V4, MT",6,sequential_modulo_128,V4,false,geometry_resolved_candidate
230830,252,1,true,136,"V4, MT",8,sequential_modulo_128,V4,false,geometry_resolved_candidate
230830,253,1,true,139,"V4, MT",11,sequential_modulo_128,V4,false,geometry_resolved_candidate
230830,254,1,true,249,"V4, MT",121,sequential_modulo_128,MT,false,geometry_resolved_candidate
230830,255,1,true,249,"V4, MT",121,sequential_modulo_128,MT,false,geometry_resolved_candidate
230830,256,1,true,249,"V4, MT",121,sequential_modulo_128,MT,false,geometry_resolved_candidate
230830,257,1,true,245,"V4, MT",117,sequential_modulo_128,MT,false,geometry_resolved_candidate
230830,258,1,true,132,"V4, MT",4,sequential_modulo_128,V4,false,geometry_resolved_candidate
230830,259,1,true,128,"V4, MT",0,sequential_modulo_128,V4,false,geometry_resolved_candidate
230830,260,1,true,140,"V4, MT",12,sequential_modulo_128,V4,false,geometry_resolved_candidate
230830,261,1,true,135,"V4, MT",7,sequential_modulo_128,V4,false,geometry_resolved_candidate
230830,262,1,true,137,"V4, MT",9,sequential_modulo_128,V4,false,geometry_resolved_candidate
230830,263,1,true,137,"V4, MT",9,sequential_modulo_128,V4,false,geometry_resolved_candidate
230830,264,1,true,135,"V4, MT",7,sequential_modulo_128,V4,false,geometry_resolved_candidate
230830,265,1,true,135,"V4, MT",7,sequential_modulo_128,V4,false,geometry_resolved_candidate
230830,266,1,true,135,"V4, MT",7,sequential_modulo_128,V4,false,geometry_resolved_candidate
230830,267,1,true,243,"V4, MT",115,sequential_modulo_128,MT,false,geometry_resolved_candidate
230830,268,1,true,135,"V4, MT",7,sequential_modulo_128,V4,false,geometry_resolved_candidate
230830,269,1,true,135,"V4, MT",7,sequential_modulo_128,V4,false,geometry_resolved_candidate
230830,270,1,true,135,"V4, MT",7,sequential_modulo_128,V4,false,geometry_resolved_candidate
230830,271,1,true,248,"V4, MT",120,sequential_modulo_128,MT,false,geometry_resolved_candidate
230830,272,1,true,248,"V4, MT",120,sequential_modulo_128,MT,false,geometry_resolved_candidate
230830,273,1,true,130,"V4, MT",2,sequential_modulo_128,V4,false,geometry_resolved_candidate
230830,274,1,true,136,"V4, MT",8,sequential_modulo_128,V4,false,geometry_resolved_candidate
230830,275,1,true,248,"V4, MT",120,sequential_modulo_128,MT,false,geometry_resolved_candidate
230830,276,1,true,248,"V4, MT",120,sequential_modulo_128,MT,false,geometry_resolved_candidate
230830,277,1,true,248,"V4, MT",120,sequential_modulo_128,MT,false,geometry_resolved_candidate
230830,278,1,true,248,"V4, MT",120,sequential_modulo_128,MT,false,geometry_resolved_candidate
230830,279,1,true,248,"V4, MT",120,sequential_modulo_128,MT,false,geometry_resolved_candidate
230830,280,1,true,136,"V4, MT",8,sequential_modulo_128,V4,false,geometry_resolved_candidate
230830,281,1,true,248,"V4, MT",120,sequential_modulo_128,MT,false,geometry_resolved_candidate
230830,282,1,true,254,"V4, MT",126,sequential_modulo_128,MT,false,geometry_resolved_candidate
230830,283,1,true,136,"V4, MT",8,sequential_modulo_128,V4,false,geometry_resolved_candidate
230830,284,1,true,136,"V4, MT",8,sequential_modulo_128,V4,false,geometry_resolved_candidate
230830,285,1,true,136,"V4, MT",8,sequential_modulo_128,V4,false,geometry_resolved_candidate
230830,286,1,true,136,"V4, MT",8,sequential_modulo_128,V4,false,geometry_resolved_candidate
230830,287,1,true,136,"V4, MT",8,sequential_modulo_128,V4,false,geometry_resolved_candidate
230830,288,1,true,136,"V4, MT",8,sequential_modulo_128,V4,false,geometry_resolved_candidate
230830,289,1,true,136,"V4, MT",8,sequential_modulo_128,V4,false,geometry_resolved_candidate
230830,290,1,true,136,"V4, MT",8,sequential_modulo_128,V4,false,geometry_resolved_candidate
230830,291,1,true,136,"V4, MT",8,sequential_modulo_128,V4,false,geometry_resolved_candidate
230830,292,1,true,139,"V4, MT",11,sequential_modulo_128,V4,false,geometry_resolved_candidate
230830,293,1,true,136,"V4, MT",8,sequential_modulo_128,V4,false,geometry_resolved_candidate
230830,294,1,true,136,"V4, MT",8,sequential_modulo_128,V4,false,geometry_resolved_candidate
230830,295,1,true,136,"V4, MT",8,sequential_modulo_128,V4,false,geometry_resolved_candidate
230830,296,1,true,251,"V4, MT",123,sequential_modulo_128,MT,false,geometry_resolved_candidate
230830,297,1,true,132,"V4, MT",4,sequential_modulo_128,V4,false,geometry_resolved_candidate
230830,298,1,true,130,"V4, MT",2,sequential_modulo_128,V4,false,geometry_resolved_candidate
230830,299,1,true,137,"V4, MT",9,sequential_modulo_128,V4,false,geometry_resolved_candidate
230830,300,1,true,136,"V4, MT",8,sequential_modulo_128,V4,false,geometry_resolved_candidate
230830,301,1,true,141,"V4, MT",13,sequential_modulo_128,V4,false,geometry_resolved_candidate
230830,302,1,true,247,"V4, MT",119,sequential_modulo_128,MT,false,geometry_resolved_candidate
230830,303,1,true,137,"V4, MT",9,sequential_modulo_128,V4,false,geometry_resolved_candidate
230830,304,1,true,129,"V4, MT",1,sequential_modulo_128,V4,false,geometry_resolved_candidate
230830,305,1,true,129,"V4, MT",1,sequential_modulo_128,V4,false,geometry_resolved_candidate
230830,306,1,true,137,"V4, MT",9,sequential_modulo_128,V4,false,geometry_resolved_candidate
230830,307,1,true,137,"V4, MT",9,sequential_modulo_128,V4,false,geometry_resolved_candidate
230830,308,1,true,137,"V4, MT",9,sequential_modulo_128,V4,false,geometry_resolved_candidate
230830,309,1,true,137,"V4, MT",9,sequential_modulo_128,V4,false,geometry_resolved_candidate
230830,310,1,true,137,"V4, MT",9,sequential_modulo_128,V4,false,geometry_resolved_candidate
230830,311,1,true,137,"V4, MT",9,sequential_modulo_128,V4,false,geometry_resolved_candidate
230830,312,1,true,130,"V4, MT",2,sequential_modulo_128,V4,false,geometry_resolved_candidate
230830,313,1,true,134,"V4, MT",6,sequential_modulo_128,V4,false,geometry_resolved_candidate
230830,314,1,true,246,"V4, MT",118,sequential_modulo_128,MT,false,geometry_resolved_candidate
230830,315,1,true,249,"V4, MT",121,sequential_modulo_128,MT,false,geometry_resolved_candidate
230830,316,1,true,246,"V4, MT",118,sequential_modulo_128,MT,false,geometry_resolved_candidate
230830,317,1,true,134,"V4, MT",6,sequential_modulo_128,V4,false,geometry_resolved_candidate
230830,318,1,true,248,"V4, MT",120,sequential_modulo_128,MT,false,geometry_resolved_candidate
230830,319,1,true,138,"V4, MT",10,sequential_modulo_128,V4,false,geometry_resolved_candidate
230830,320,1,true,138,"V4, MT",10,sequential_modulo_128,V4,false,geometry_resolved_candidate
230830,321,1,true,138,"V4, MT",10,sequential_modulo_128,V4,false,geometry_resolved_candidate
230830,322,1,true,138,"V4, MT",10,sequential_modulo_128,V4,false,geometry_resolved_candidate
230830,323,1,true,138,"V4, MT",10,sequential_modulo_128,V4,false,geometry_resolved_candidate
230830,324,1,true,138,"V4, MT",10,sequential_modulo_128,V4,false,geometry_resolved_candidate
230830,325,1,true,138,"V4, MT",10,sequential_modulo_128,V4,false,geometry_resolved_candidate
230830,326,1,true,138,"V4, MT",10,sequential_modulo_128,V4,false,geometry_resolved_candidate
230830,327,1,true,138,"V4, MT",10,sequential_modulo_128,V4,false,geometry_resolved_candidate
230830,328,1,true,138,"V4, MT",10,sequential_modulo_128,V4,false,geometry_resolved_candidate
230830,329,1,true,138,"V4, MT",10,sequential_modulo_128,V4,false,geometry_resolved_candidate
230830,330,1,true,136,"V4, MT",8,sequential_modulo_128,V4,false,geometry_resolved_candidate
230830,331,1,true,242,"V4, MT",114,sequential_modulo_128,MT,false,geometry_resolved_candidate
230830,332,1,true,132,"V4, MT",4,sequential_modulo_128,V4,false,geometry_resolved_candidate
230830,333,1,true,245,"V4, MT",117,sequential_modulo_128,MT,false,geometry_resolved_candidate
230830,334,1,true,140,"V4, MT",12,sequential_modulo_128,V4,false,geometry_resolved_candidate
230830,335,1,true,245,"V4, MT",117,sequential_modulo_128,MT,false,geometry_resolved_candidate
230830,336,1,true,137,"V4, MT",9,sequential_modulo_128,V4,false,geometry_resolved_candidate
230830,337,1,true,139,"V4, MT",11,sequential_modulo_128,V4,false,geometry_resolved_candidate
230830,338,1,true,136,"V4, MT",8,sequential_modulo_128,V4,false,geometry_resolved_candidate
230830,339,1,true,251,"V4, MT",123,sequential_modulo_128,MT,false,geometry_resolved_candidate
230830,340,1,true,135,"V4, MT",7,sequential_modulo_128,V4,false,geometry_resolved_candidate
230830,341,1,true,139,"V4, MT",11,sequential_modulo_128,V4,false,geometry_resolved_candidate
230830,342,1,true,139,"V4, MT",11,sequential_modulo_128,V4,false,geometry_resolved_candidate
230830,343,1,true,139,"V4, MT",11,sequential_modulo_128,V4,false,geometry_resolved_candidate
230830,344,1,true,139,"V4, MT",11,sequential_modulo_128,V4,false,geometry_resolved_candidate
230830,345,1,true,139,"V4, MT",11,sequential_modulo_128,V4,false,geometry_resolved_candidate
230830,346,1,true,139,"V4, MT",11,sequential_modulo_128,V4,false,geometry_resolved_candidate
230830,347,1,true,136,"V4, MT",8,sequential_modulo_128,V4,false,geometry_resolved_candidate
230830,348,1,true,244,"V4, MT",116,sequential_modulo_128,MT,false,geometry_resolved_candidate
230830,349,1,true,252,"V4, MT",124,sequential_modulo_128,MT,false,geometry_resolved_candidate
230830,350,1,true,244,"V4, MT",116,sequential_modulo_128,MT,false,geometry_resolved_candidate
230830,351,1,true,140,"V4, MT",12,sequential_modulo_128,V4,false,geometry_resolved_candidate
230830,352,1,true,140,"V4, MT",12,sequential_modulo_128,V4,false,geometry_resolved_candidate
230830,353,1,true,134,"V4, MT",6,sequential_modulo_128,V4,false,geometry_resolved_candidate
230830,354,1,true,140,"V4, MT",12,sequential_modulo_128,V4,false,geometry_resolved_candidate
230830,355,1,true,140,"V4, MT",12,sequential_modulo_128,V4,false,geometry_resolved_candidate
230830,356,1,true,140,"V4, MT",12,sequential_modulo_128,V4,false,geometry_resolved_candidate
230830,357,1,true,246,"V4, MT",118,sequential_modulo_128,MT,false,geometry_resolved_candidate
230830,358,1,true,243,"V4, MT",115,sequential_modulo_128,MT,false,geometry_resolved_candidate
230830,359,1,true,136,"V4, MT",8,sequential_modulo_128,V4,false,geometry_resolved_candidate
230830,360,1,true,243,"V4, MT",115,sequential_modulo_128,MT,false,geometry_resolved_candidate
230830,361,1,true,250,"V4, MT",122,sequential_modulo_128,MT,false,geometry_resolved_candidate
230830,362,1,true,243,"V4, MT",115,sequential_modulo_128,MT,false,geometry_resolved_candidate
230830,363,1,true,241,"V4, MT",113,sequential_modulo_128,MT,false,geometry_resolved_candidate
230830,364,1,true,238,"V4, MT",110,sequential_modulo_128,MT,false,geometry_resolved_candidate
230830,365,1,true,136,"V4, MT",8,sequential_modulo_128,V4,false,geometry_resolved_candidate
230830,366,1,true,141,"V4, MT",13,sequential_modulo_128,V4,false,geometry_resolved_candidate
230830,367,1,true,141,"V4, MT",13,sequential_modulo_128,V4,false,geometry_resolved_candidate
230830,368,1,true,141,"V4, MT",13,sequential_modulo_128,V4,false,geometry_resolved_candidate
230830,369,1,true,141,"V4, MT",13,sequential_modulo_128,V4,false,geometry_resolved_candidate
230830,370,1,true,141,"V4, MT",13,sequential_modulo_128,V4,false,geometry_resolved_candidate
230830,371,1,true,141,"V4, MT",13,sequential_modulo_128,V4,false,geometry_resolved_candidate
230830,372,1,true,141,"V4, MT",13,sequential_modulo_128,V4,false,geometry_resolved_candidate
230830,373,1,true,141,"V4, MT",13,sequential_modulo_128,V4,false,geometry_resolved_candidate
230830,374,1,true,141,"V4, MT",13,sequential_modulo_128,V4,false,geometry_resolved_candidate
230830,375,1,true,141,"V4, MT",13,sequential_modulo_128,V4,false,geometry_resolved_candidate
230830,376,1,true,141,"V4, MT",13,sequential_modulo_128,V4,false,geometry_resolved_candidate
230830,377,1,true,242,"V4, MT",114,sequential_modulo_128,MT,false,geometry_resolved_candidate
230830,378,1,true,140,"V4, MT",12,sequential_modulo_128,V4,false,geometry_resolved_candidate
230830,379,1,true,242,"V4, MT",114,sequential_modulo_128,MT,false,geometry_resolved_candidate
230830,380,1,true,242,"V4, MT",114,sequential_modulo_128,MT,false,geometry_resolved_candidate
230830,381,1,true,235,"V4, MT",107,sequential_modulo_128,MT,false,geometry_resolved_candidate
230830,382,1,true,235,"V4, MT",107,sequential_modulo_128,MT,false,geometry_resolved_candidate
230830,383,1,true,140,"V4, MT",12,sequential_modulo_128,V4,false,geometry_resolved_candidate
230830,384,1,true,142,"V4, MT",14,sequential_modulo_128,V4,false,geometry_resolved_candidate
230830,385,1,true,142,"V4, MT",14,sequential_modulo_128,V4,false,geometry_resolved_candidate
230830,386,1,true,137,"V4, MT",9,sequential_modulo_128,V4,false,geometry_resolved_candidate
230830,387,1,true,241,"V4, MT",113,sequential_modulo_128,MT,false,geometry_resolved_candidate
230830,388,1,true,150,"V4, MT",22,sequential_modulo_128,V4,false,geometry_resolved_candidate
230830,389,1,true,137,"V4, MT",9,sequential_modulo_128,V4,false,geometry_resolved_candidate
230830,390,1,true,150,"V4, MT",22,sequential_modulo_128,V4,false,geometry_resolved_candidate
230830,391,1,true,239,"V4, MT",111,sequential_modulo_128,MT,false,geometry_resolved_candidate
230830,392,1,true,150,"V4, MT",22,sequential_modulo_128,V4,false,geometry_resolved_candidate
230830,393,1,true,238,"V4, MT",110,sequential_modulo_128,MT,false,geometry_resolved_candidate
230830,394,1,true,238,"V4, MT",110,sequential_modulo_128,MT,false,geometry_resolved_candidate
230830,395,1,true,150,"V4, MT",22,sequential_modulo_128,V4,false,geometry_resolved_candidate
230830,396,1,true,150,"V4, MT",22,sequential_modulo_128,V4,false,geometry_resolved_candidate
230830,397,1,true,150,"V4, MT",22,sequential_modulo_128,V4,false,geometry_resolved_candidate
230830,398,1,true,150,"V4, MT",22,sequential_modulo_128,V4,false,geometry_resolved_candidate
230830,399,1,true,237,"V4, MT",109,sequential_modulo_128,MT,false,geometry_resolved_candidate
230830,400,1,true,150,"V4, MT",22,sequential_modulo_128,V4,false,geometry_resolved_candidate
230830,401,1,true,237,"V4, MT",109,sequential_modulo_128,MT,false,geometry_resolved_candidate
230830,402,1,true,237,"V4, MT",109,sequential_modulo_128,MT,false,geometry_resolved_candidate
230830,403,1,true,150,"V4, MT",22,sequential_modulo_128,V4,false,geometry_resolved_candidate
230830,404,1,true,150,"V4, MT",22,sequential_modulo_128,V4,false,geometry_resolved_candidate
230830,405,1,true,150,"V4, MT",22,sequential_modulo_128,V4,false,geometry_resolved_candidate
230830,406,1,true,150,"V4, MT",22,sequential_modulo_128,V4,false,geometry_resolved_candidate
230830,407,1,true,150,"V4, MT",22,sequential_modulo_128,V4,false,geometry_resolved_candidate
230830,408,1,true,150,"V4, MT",22,sequential_modulo_128,V4,false,geometry_resolved_candidate
230830,409,1,true,147,"V4, MT",19,sequential_modulo_128,V4,false,geometry_resolved_candidate
230830,410,1,true,147,"V4, MT",19,sequential_modulo_128,V4,false,geometry_resolved_candidate
230830,411,1,true,236,"V4, MT",108,sequential_modulo_128,MT,false,geometry_resolved_candidate
230830,412,1,true,150,"V4, MT",22,sequential_modulo_128,V4,false,geometry_resolved_candidate
230830,413,1,true,236,"V4, MT",108,sequential_modulo_128,MT,false,geometry_resolved_candidate
230830,414,1,true,140,"V4, MT",12,sequential_modulo_128,V4,false,geometry_resolved_candidate
230830,415,1,true,150,"V4, MT",22,sequential_modulo_128,V4,false,geometry_resolved_candidate
230830,416,1,true,150,"V4, MT",22,sequential_modulo_128,V4,false,geometry_resolved_candidate
230830,417,1,true,235,"V4, MT",107,sequential_modulo_128,MT,false,geometry_resolved_candidate
230830,418,1,true,150,"V4, MT",22,sequential_modulo_128,V4,false,geometry_resolved_candidate
230830,419,1,true,150,"V4, MT",22,sequential_modulo_128,V4,false,geometry_resolved_candidate
230830,420,1,true,150,"V4, MT",22,sequential_modulo_128,V4,false,geometry_resolved_candidate
230830,421,1,true,150,"V4, MT",22,sequential_modulo_128,V4,false,geometry_resolved_candidate
230830,422,1,true,236,"V4, MT",108,sequential_modulo_128,MT,false,geometry_resolved_candidate
230830,423,1,true,240,"V4, MT",112,sequential_modulo_128,MT,false,geometry_resolved_candidate
230830,424,1,true,150,"V4, MT",22,sequential_modulo_128,V4,false,geometry_resolved_candidate
230830,425,1,true,232,"V4, MT",104,sequential_modulo_128,MT,false,geometry_resolved_candidate
230830,426,1,true,150,"V4, MT",22,sequential_modulo_128,V4,false,geometry_resolved_candidate
230830,427,1,true,150,"V4, MT",22,sequential_modulo_128,V4,false,geometry_resolved_candidate
230830,428,1,true,150,"V4, MT",22,sequential_modulo_128,V4,false,geometry_resolved_candidate
230830,429,1,true,150,"V4, MT",22,sequential_modulo_128,V4,false,geometry_resolved_candidate
230830,430,1,true,150,"V4, MT",22,sequential_modulo_128,V4,false,geometry_resolved_candidate
230830,431,1,true,150,"V4, MT",22,sequential_modulo_128,V4,false,geometry_resolved_candidate
230830,432,1,true,150,"V4, MT",22,sequential_modulo_128,V4,false,geometry_resolved_candidate
230830,433,1,true,150,"V4, MT",22,sequential_modulo_128,V4,false,geometry_resolved_candidate
230830,434,1,true,150,"V4, MT",22,sequential_modulo_128,V4,false,geometry_resolved_candidate
230830,435,1,true,150,"V4, MT",22,sequential_modulo_128,V4,false,geometry_resolved_candidate
230830,436,1,true,150,"V4, MT",22,sequential_modulo_128,V4,false,geometry_resolved_candidate
230830,437,1,true,150,"V4, MT",22,sequential_modulo_128,V4,false,geometry_resolved_candidate
230830,438,1,true,150,"V4, MT",22,sequential_modulo_128,V4,false,geometry_resolved_candidate
230830,439,1,true,150,"V4, MT",22,sequential_modulo_128,V4,false,geometry_resolved_candidate
230830,440,1,true,150,"V4, MT",22,sequential_modulo_128,V4,false,geometry_resolved_candidate
230830,441,1,true,150,"V4, MT",22,sequential_modulo_128,V4,false,geometry_resolved_candidate
230830,442,1,true,150,"V4, MT",22,sequential_modulo_128,V4,false,geometry_resolved_candidate
230830,443,1,true,150,"V4, MT",22,sequential_modulo_128,V4,false,geometry_resolved_candidate
230830,444,1,true,150,"V4, MT",22,sequential_modulo_128,V4,false,geometry_resolved_candidate
230830,445,1,true,150,"V4, MT",22,sequential_modulo_128,V4,false,geometry_resolved_candidate
230830,446,1,true,150,"V4, MT",22,sequential_modulo_128,V4,false,geometry_resolved_candidate
230830,447,1,true,150,"V4, MT",22,sequential_modulo_128,V4,false,geometry_resolved_candidate
230830,448,1,true,150,"V4, MT",22,sequential_modulo_128,V4,false,geometry_resolved_candidate
230830,449,1,true,150,"V4, MT",22,sequential_modulo_128,V4,false,geometry_resolved_candidate
230830,450,1,true,150,"V4, MT",22,sequential_modulo_128,V4,false,geometry_resolved_candidate
230830,451,1,true,150,"V4, MT",22,sequential_modulo_128,V4,false,geometry_resolved_candidate
230830,452,1,true,150,"V4, MT",22,sequential_modulo_128,V4,false,geometry_resolved_candidate
230830,453,1,true,150,"V4, MT",22,sequential_modulo_128,V4,false,geometry_resolved_candidate
230830,454,1,true,150,"V4, MT",22,sequential_modulo_128,V4,false,geometry_resolved_candidate
230830,455,1,true,150,"V4, MT",22,sequential_modulo_128,V4,false,geometry_resolved_candidate
230830,456,1,true,150,"V4, MT",22,sequential_modulo_128,V4,false,geometry_resolved_candidate
230830,457,1,true,150,"V4, MT",22,sequential_modulo_128,V4,false,geometry_resolved_candidate
230830,458,1,true,150,"V4, MT",22,sequential_modulo_128,V4,false,geometry_resolved_candidate
230830,459,1,true,150,"V4, MT",22,sequential_modulo_128,V4,false,geometry_resolved_candidate
230830,460,1,true,150,"V4, MT",22,sequential_modulo_128,V4,false,geometry_resolved_candidate
230830,461,1,true,150,"V4, MT",22,sequential_modulo_128,V4,false,geometry_resolved_candidate
230830,462,1,true,233,"V4, MT",105,sequential_modulo_128,MT,false,geometry_resolved_candidate
230830,463,1,true,150,"V4, MT",22,sequential_modulo_128,V4,false,geometry_resolved_candidate
230830,464,1,true,150,"V4, MT",22,sequential_modulo_128,V4,false,geometry_resolved_candidate
230830,465,1,true,150,"V4, MT",22,sequential_modulo_128,V4,false,geometry_resolved_candidate
230830,466,1,true,150,"V4, MT",22,sequential_modulo_128,V4,false,geometry_resolved_candidate
230830,467,1,true,149,"V4, MT",21,sequential_modulo_128,V4,false,geometry_resolved_candidate
230830,468,1,true,150,"V4, MT",22,sequential_modulo_128,V4,false,geometry_resolved_candidate
230830,469,1,true,150,"V4, MT",22,sequential_modulo_128,V4,false,geometry_resolved_candidate
230830,470,1,true,150,"V4, MT",22,sequential_modulo_128,V4,false,geometry_resolved_candidate
230830,471,1,true,232,"V4, MT",104,sequential_modulo_128,MT,false,geometry_resolved_candidate
230830,472,1,true,150,"V4, MT",22,sequential_modulo_128,V4,false,geometry_resolved_candidate
230830,473,1,true,150,"V4, MT",22,sequential_modulo_128,V4,false,geometry_resolved_candidate
230830,474,1,true,150,"V4, MT",22,sequential_modulo_128,V4,false,geometry_resolved_candidate
230830,475,1,true,150,"V4, MT",22,sequential_modulo_128,V4,false,geometry_resolved_candidate
230830,476,1,true,150,"V4, MT",22,sequential_modulo_128,V4,false,geometry_resolved_candidate
230830,477,1,true,150,"V4, MT",22,sequential_modulo_128,V4,false,geometry_resolved_candidate
230830,478,1,true,160,"V4, MT",32,sequential_modulo_128,V4,false,geometry_resolved_candidate
230830,479,1,true,150,"V4, MT",22,sequential_modulo_128,V4,false,geometry_resolved_candidate
230830,480,1,true,150,"V4, MT",22,sequential_modulo_128,V4,false,geometry_resolved_candidate
230830,481,1,true,153,"V4, MT",25,sequential_modulo_128,V4,false,geometry_resolved_candidate
230830,482,1,true,230,"V4, MT",102,sequential_modulo_128,MT,false,geometry_resolved_candidate
230830,483,1,true,150,"V4, MT",22,sequential_modulo_128,V4,false,geometry_resolved_candidate
230830,484,1,true,230,"V4, MT",102,sequential_modulo_128,MT,false,geometry_resolved_candidate
230830,485,1,true,150,"V4, MT",22,sequential_modulo_128,V4,false,geometry_resolved_candidate
230830,486,1,true,150,"V4, MT",22,sequential_modulo_128,V4,false,geometry_resolved_candidate
230830,487,1,true,229,"V4, MT",101,sequential_modulo_128,MT,false,geometry_resolved_candidate
230830,488,1,true,150,"V4, MT",22,sequential_modulo_128,V4,false,geometry_resolved_candidate
230830,489,1,true,228,"V4, MT",100,sequential_modulo_128,MT,false,geometry_resolved_candidate
230830,490,1,true,155,"V4, MT",27,sequential_modulo_128,V4,false,geometry_resolved_candidate
230830,491,1,true,150,"V4, MT",22,sequential_modulo_128,V4,false,geometry_resolved_candidate
230830,492,1,true,228,"V4, MT",100,sequential_modulo_128,MT,false,geometry_resolved_candidate
230830,493,1,true,222,"V4, MT",94,sequential_modulo_128,MT,false,geometry_resolved_candidate
230830,494,1,true,150,"V4, MT",22,sequential_modulo_128,V4,false,geometry_resolved_candidate
230830,495,1,true,160,"V4, MT",32,sequential_modulo_128,V4,false,geometry_resolved_candidate
230830,496,1,true,228,"V4, MT",100,sequential_modulo_128,MT,false,geometry_resolved_candidate
230830,497,1,true,228,"V4, MT",100,sequential_modulo_128,MT,false,geometry_resolved_candidate
230830,498,1,true,150,"V4, MT",22,sequential_modulo_128,V4,false,geometry_resolved_candidate
230830,499,1,true,150,"V4, MT",22,sequential_modulo_128,V4,false,geometry_resolved_candidate
230830,500,1,true,227,"V4, MT",99,sequential_modulo_128,MT,false,geometry_resolved_candidate
230830,501,1,true,150,"V4, MT",22,sequential_modulo_128,V4,false,geometry_resolved_candidate
230830,502,1,true,160,"V4, MT",32,sequential_modulo_128,V4,false,geometry_resolved_candidate
230830,503,1,true,150,"V4, MT",22,sequential_modulo_128,V4,false,geometry_resolved_candidate
230830,504,1,true,160,"V4, MT",32,sequential_modulo_128,V4,false,geometry_resolved_candidate
230830,505,1,true,225,"V4, MT",97,sequential_modulo_128,MT,false,geometry_resolved_candidate
230830,506,1,true,225,"V4, MT",97,sequential_modulo_128,MT,false,geometry_resolved_candidate
230830,507,1,true,225,"V4, MT",97,sequential_modulo_128,MT,false,geometry_resolved_candidate
230830,508,1,true,160,"V4, MT",32,sequential_modulo_128,V4,false,geometry_resolved_candidate
230830,509,1,true,225,"V4, MT",97,sequential_modulo_128,MT,false,geometry_resolved_candidate
230830,510,1,true,160,"V4, MT",32,sequential_modulo_128,V4,false,geometry_resolved_candidate
230830,511,1,true,220,"V4, MT",92,sequential_modulo_128,MT,false,geometry_resolved_candidate
230830,512,1,true,160,"V4, MT",32,sequential_modulo_128,V4,false,geometry_resolved_candidate
230831,0,0,true,3,FEF,3,local_0_based,FEF,false,recovered_heuristic_equal_segment
230831,1,0,true,18,FEF,18,local_0_based,FEF,false,recovered_heuristic_equal_segment
230831,2,0,true,17,FEF,17,local_0_based,FEF,false,recovered_heuristic_equal_segment
230831,3,0,true,17,FEF,17,local_0_based,FEF,false,recovered_heuristic_equal_segment
230831,4,0,true,110,FEF,110,local_0_based,FEF,false,recovered_heuristic_equal_segment
230831,5,0,true,18,FEF,18,local_0_based,FEF,false,recovered_heuristic_equal_segment
230831,6,0,true,18,FEF,18,local_0_based,FEF,false,recovered_heuristic_equal_segment
230831,7,0,true,18,FEF,18,local_0_based,FEF,false,recovered_heuristic_equal_segment
230831,8,0,true,109,FEF,109,local_0_based,FEF,false,recovered_heuristic_equal_segment
230831,9,0,true,19,FEF,19,local_0_based,FEF,false,recovered_heuristic_equal_segment
230831,10,0,true,20,FEF,20,local_0_based,FEF,false,recovered_heuristic_equal_segment
230831,11,0,true,107,FEF,107,local_0_based,FEF,false,recovered_heuristic_equal_segment
230831,12,0,true,21,FEF,21,local_0_based,FEF,false,recovered_heuristic_equal_segment
230831,13,0,true,106,FEF,106,local_0_based,FEF,false,recovered_heuristic_equal_segment
230831,14,0,true,107,FEF,107,local_0_based,FEF,false,recovered_heuristic_equal_segment
230831,15,0,true,106,FEF,106,local_0_based,FEF,false,recovered_heuristic_equal_segment
230831,16,0,true,106,FEF,106,local_0_based,FEF,false,recovered_heuristic_equal_segment
230831,17,0,true,105,FEF,105,local_0_based,FEF,false,recovered_heuristic_equal_segment
230831,18,0,true,22,FEF,22,local_0_based,FEF,false,recovered_heuristic_equal_segment
230831,19,0,true,23,FEF,23,local_0_based,FEF,false,recovered_heuristic_equal_segment
230831,20,0,true,105,FEF,105,local_0_based,FEF,false,recovered_heuristic_equal_segment
230831,21,0,true,104,FEF,104,local_0_based,FEF,false,recovered_heuristic_equal_segment
230831,22,0,true,103,FEF,103,local_0_based,FEF,false,recovered_heuristic_equal_segment
230831,23,0,true,101,FEF,101,local_0_based,FEF,false,recovered_heuristic_equal_segment
230831,24,0,true,26,FEF,26,local_0_based,FEF,false,recovered_heuristic_equal_segment
230831,25,0,true,27,FEF,27,local_0_based,FEF,false,recovered_heuristic_equal_segment
230831,26,0,true,96,FEF,96,local_0_based,FEF,false,recovered_heuristic_equal_segment
230831,27,0,true,29,FEF,29,local_0_based,FEF,false,recovered_heuristic_equal_segment
230831,28,0,true,30,FEF,30,local_0_based,FEF,false,recovered_heuristic_equal_segment
230831,29,0,true,30,FEF,30,local_0_based,FEF,false,recovered_heuristic_equal_segment
230831,30,0,true,32,FEF,32,local_0_based,FEF,false,recovered_heuristic_equal_segment
230831,31,0,true,95,FEF,95,local_0_based,FEF,false,recovered_heuristic_equal_segment
230831,32,0,true,34,FEF,34,local_0_based,FEF,false,recovered_heuristic_equal_segment
230831,33,0,true,94,FEF,94,local_0_based,FEF,false,recovered_heuristic_equal_segment
230831,34,0,true,36,FEF,36,local_0_based,FEF,false,recovered_heuristic_equal_segment
230831,35,0,true,92,FEF,92,local_0_based,FEF,false,recovered_heuristic_equal_segment
230831,36,0,true,91,FEF,91,local_0_based,FEF,false,recovered_heuristic_equal_segment
230831,37,0,true,37,FEF,37,local_0_based,FEF,false,recovered_heuristic_equal_segment
230831,38,0,true,90,FEF,90,local_0_based,FEF,false,recovered_heuristic_equal_segment
230831,39,0,true,89,FEF,89,local_0_based,FEF,false,recovered_heuristic_equal_segment
230831,40,0,true,39,FEF,39,local_0_based,FEF,false,recovered_heuristic_equal_segment
230831,41,0,true,88,FEF,88,local_0_based,FEF,false,recovered_heuristic_equal_segment
230831,42,0,true,87,FEF,87,local_0_based,FEF,false,recovered_heuristic_equal_segment
230831,43,0,true,87,FEF,87,local_0_based,FEF,false,recovered_heuristic_equal_segment
230831,44,0,true,87,FEF,87,local_0_based,FEF,false,recovered_heuristic_equal_segment
230831,45,0,true,41,FEF,41,local_0_based,FEF,false,recovered_heuristic_equal_segment
230831,46,0,true,41,FEF,41,local_0_based,FEF,false,recovered_heuristic_equal_segment
230831,47,0,true,41,FEF,41,local_0_based,FEF,false,recovered_heuristic_equal_segment
230831,48,0,true,42,FEF,42,local_0_based,FEF,false,recovered_heuristic_equal_segment
230831,49,0,true,43,FEF,43,local_0_based,FEF,false,recovered_heuristic_equal_segment
230831,50,0,true,43,FEF,43,local_0_based,FEF,false,recovered_heuristic_equal_segment
230831,51,0,true,43,FEF,43,local_0_based,FEF,false,recovered_heuristic_equal_segment
230831,52,0,true,43,FEF,43,local_0_based,FEF,false,recovered_heuristic_equal_segment
230831,53,0,true,43,FEF,43,local_0_based,FEF,false,recovered_heuristic_equal_segment
230831,54,0,true,43,FEF,43,local_0_based,FEF,false,recovered_heuristic_equal_segment
230831,55,0,true,43,FEF,43,local_0_based,FEF,false,recovered_heuristic_equal_segment
230831,56,0,true,44,FEF,44,local_0_based,FEF,false,recovered_heuristic_equal_segment
230831,57,0,true,83,FEF,83,local_0_based,FEF,false,recovered_heuristic_equal_segment
230831,58,0,true,45,FEF,45,local_0_based,FEF,false,recovered_heuristic_equal_segment
230831,59,0,true,46,FEF,46,local_0_based,FEF,false,recovered_heuristic_equal_segment
230831,60,0,true,47,FEF,47,local_0_based,FEF,false,recovered_heuristic_equal_segment
230831,61,0,true,80,FEF,80,local_0_based,FEF,false,recovered_heuristic_equal_segment
230831,62,0,true,48,FEF,48,local_0_based,FEF,false,recovered_heuristic_equal_segment
230831,63,0,true,49,FEF,49,local_0_based,FEF,false,recovered_heuristic_equal_segment
230831,64,0,true,50,FEF,50,local_0_based,FEF,false,recovered_heuristic_equal_segment
230831,65,0,true,77,FEF,77,local_0_based,FEF,false,recovered_heuristic_equal_segment
230831,66,0,true,51,FEF,51,local_0_based,FEF,false,recovered_heuristic_equal_segment
230831,67,0,true,53,FEF,53,local_0_based,FEF,false,recovered_heuristic_equal_segment
230831,68,0,true,51,FEF,51,local_0_based,FEF,false,recovered_heuristic_equal_segment
230831,69,0,true,52,FEF,52,local_0_based,FEF,false,recovered_heuristic_equal_segment
230831,70,0,true,50,FEF,50,local_0_based,FEF,false,recovered_heuristic_equal_segment
230831,71,0,true,51,FEF,51,local_0_based,FEF,false,recovered_heuristic_equal_segment
230831,72,0,true,52,FEF,52,local_0_based,FEF,false,recovered_heuristic_equal_segment
230831,73,0,true,52,FEF,52,local_0_based,FEF,false,recovered_heuristic_equal_segment
230831,74,0,true,52,FEF,52,local_0_based,FEF,false,recovered_heuristic_equal_segment
230831,75,0,true,52,FEF,52,local_0_based,FEF,false,recovered_heuristic_equal_segment
230831,76,0,true,52,FEF,52,local_0_based,FEF,false,recovered_heuristic_equal_segment
230831,77,0,true,52,FEF,52,local_0_based,FEF,false,recovered_heuristic_equal_segment
230831,78,0,true,53,FEF,53,local_0_based,FEF,false,recovered_heuristic_equal_segment
230831,79,0,true,53,FEF,53,local_0_based,FEF,false,recovered_heuristic_equal_segment
230831,80,0,true,60,FEF,60,local_0_based,FEF,false,recovered_heuristic_equal_segment
230831,81,0,true,53,FEF,53,local_0_based,FEF,false,recovered_heuristic_equal_segment
230831,82,0,true,57,FEF,57,local_0_based,FEF,false,recovered_heuristic_equal_segment
230831,83,0,true,55,FEF,55,local_0_based,FEF,false,recovered_heuristic_equal_segment
230831,84,0,true,55,FEF,55,local_0_based,FEF,false,recovered_heuristic_equal_segment
230831,85,0,true,58,FEF,58,local_0_based,FEF,false,recovered_heuristic_equal_segment
230831,86,0,true,55,FEF,55,local_0_based,FEF,false,recovered_heuristic_equal_segment
230831,87,0,true,58,FEF,58,local_0_based,FEF,false,recovered_heuristic_equal_segment
230831,88,0,true,59,FEF,59,local_0_based,FEF,false,recovered_heuristic_equal_segment
230831,89,0,true,56,FEF,56,local_0_based,FEF,false,recovered_heuristic_equal_segment
230831,90,0,true,53,FEF,53,local_0_based,FEF,false,recovered_heuristic_equal_segment
230831,91,0,true,62,FEF,62,local_0_based,FEF,false,recovered_heuristic_equal_segment
230831,92,0,true,56,FEF,56,local_0_based,FEF,false,recovered_heuristic_equal_segment
230831,93,0,true,61,FEF,61,local_0_based,FEF,false,recovered_heuristic_equal_segment
230831,94,0,true,57,FEF,57,local_0_based,FEF,false,recovered_heuristic_equal_segment
230831,95,0,true,57,FEF,57,local_0_based,FEF,false,recovered_heuristic_equal_segment
230831,96,0,true,52,FEF,52,local_0_based,FEF,false,recovered_heuristic_equal_segment
230831,97,0,true,57,FEF,57,local_0_based,FEF,false,recovered_heuristic_equal_segment
230831,98,0,true,59,FEF,59,local_0_based,FEF,false,recovered_heuristic_equal_segment
230831,99,0,true,58,FEF,58,local_0_based,FEF,false,recovered_heuristic_equal_segment
230831,100,0,true,58,FEF,58,local_0_based,FEF,false,recovered_heuristic_equal_segment
230831,101,0,true,58,FEF,58,local_0_based,FEF,false,recovered_heuristic_equal_segment
230831,102,0,true,58,FEF,58,local_0_based,FEF,false,recovered_heuristic_equal_segment
230831,103,0,true,56,FEF,56,local_0_based,FEF,false,recovered_heuristic_equal_segment
230831,104,0,true,58,FEF,58,local_0_based,FEF,false,recovered_heuristic_equal_segment
230831,105,0,true,58,FEF,58,local_0_based,FEF,false,recovered_heuristic_equal_segment
230831,106,0,true,59,FEF,59,local_0_based,FEF,false,recovered_heuristic_equal_segment
230831,107,0,true,59,FEF,59,local_0_based,FEF,false,recovered_heuristic_equal_segment
230831,108,0,true,53,FEF,53,local_0_based,FEF,false,recovered_heuristic_equal_segment
230831,109,0,true,60,FEF,60,local_0_based,FEF,false,recovered_heuristic_equal_segment
230831,110,0,true,59,FEF,59,local_0_based,FEF,false,recovered_heuristic_equal_segment
230831,111,0,true,59,FEF,59,local_0_based,FEF,false,recovered_heuristic_equal_segment
230831,112,0,true,59,FEF,59,local_0_based,FEF,false,recovered_heuristic_equal_segment
230831,113,0,true,60,FEF,60,local_0_based,FEF,false,recovered_heuristic_equal_segment
230831,114,0,true,60,FEF,60,local_0_based,FEF,false,recovered_heuristic_equal_segment
230831,115,0,true,60,FEF,60,local_0_based,FEF,false,recovered_heuristic_equal_segment
230831,116,0,true,60,FEF,60,local_0_based,FEF,false,recovered_heuristic_equal_segment
230831,117,0,true,60,FEF,60,local_0_based,FEF,false,recovered_heuristic_equal_segment
230831,118,0,true,60,FEF,60,local_0_based,FEF,false,recovered_heuristic_equal_segment
230831,119,0,true,60,FEF,60,local_0_based,FEF,false,recovered_heuristic_equal_segment
230831,120,0,true,63,FEF,63,local_0_based,FEF,false,recovered_heuristic_equal_segment
230831,121,0,true,60,FEF,60,local_0_based,FEF,false,recovered_heuristic_equal_segment
230831,122,0,true,61,FEF,61,local_0_based,FEF,false,recovered_heuristic_equal_segment
230831,123,0,true,61,FEF,61,local_0_based,FEF,false,recovered_heuristic_equal_segment
230831,124,0,true,63,FEF,63,local_0_based,FEF,false,recovered_heuristic_equal_segment
230831,125,0,true,61,FEF,61,local_0_based,FEF,false,recovered_heuristic_equal_segment
230831,126,0,true,61,FEF,61,local_0_based,FEF,false,recovered_heuristic_equal_segment
230831,127,0,true,62,FEF,62,local_0_based,FEF,false,recovered_heuristic_equal_segment
230831,128,0,true,62,FEF,62,local_0_based,FEF,false,recovered_heuristic_equal_segment
230831,129,0,true,62,FEF,62,local_0_based,FEF,false,recovered_heuristic_equal_segment
230831,130,0,true,63,FEF,63,local_0_based,FEF,false,recovered_heuristic_equal_segment
230831,131,0,true,60,FEF,60,local_0_based,FEF,false,recovered_heuristic_equal_segment
230831,132,0,true,63,FEF,63,local_0_based,FEF,false,recovered_heuristic_equal_segment
230831,133,0,true,63,FEF,63,local_0_based,FEF,false,recovered_heuristic_equal_segment
230831,134,0,true,63,FEF,63,local_0_based,FEF,false,recovered_heuristic_equal_segment
230831,135,0,true,22,FEF,22,local_0_based,FEF,false,recovered_heuristic_equal_segment
230831,136,0,true,77,FEF,77,local_0_based,FEF,false,recovered_heuristic_equal_segment
230831,137,1,true,131,"MT, MST",3,sequential_modulo_128,MT,false,geometry_resolved_candidate
230831,138,1,true,129,"MT, MST",1,sequential_modulo_128,MT,false,geometry_resolved_candidate
230831,139,1,true,255,"MT, MST",127,sequential_modulo_128,MST,false,geometry_resolved_candidate
230831,140,1,true,129,"MT, MST",1,sequential_modulo_128,MT,false,geometry_resolved_candidate
230831,141,1,true,129,"MT, MST",1,sequential_modulo_128,MT,false,geometry_resolved_candidate
230831,142,1,true,129,"MT, MST",1,sequential_modulo_128,MT,false,geometry_resolved_candidate
230831,143,1,true,135,"MT, MST",7,sequential_modulo_128,MT,false,geometry_resolved_candidate
230831,144,1,true,254,"MT, MST",126,sequential_modulo_128,MST,false,geometry_resolved_candidate
230831,145,1,true,251,"MT, MST",123,sequential_modulo_128,MST,false,geometry_resolved_candidate
230831,146,1,true,247,"MT, MST",119,sequential_modulo_128,MST,false,geometry_resolved_candidate
230831,147,1,true,130,"MT, MST",2,sequential_modulo_128,MT,false,geometry_resolved_candidate
230831,148,1,true,130,"MT, MST",2,sequential_modulo_128,MT,false,geometry_resolved_candidate
230831,149,1,true,130,"MT, MST",2,sequential_modulo_128,MT,false,geometry_resolved_candidate
230831,150,1,true,130,"MT, MST",2,sequential_modulo_128,MT,false,geometry_resolved_candidate
230831,151,1,true,130,"MT, MST",2,sequential_modulo_128,MT,false,geometry_resolved_candidate
230831,152,1,true,130,"MT, MST",2,sequential_modulo_128,MT,false,geometry_resolved_candidate
230831,153,1,true,129,"MT, MST",1,sequential_modulo_128,MT,false,geometry_resolved_candidate
230831,154,1,true,251,"MT, MST",123,sequential_modulo_128,MST,false,geometry_resolved_candidate
230831,155,1,true,253,"MT, MST",125,sequential_modulo_128,MST,false,geometry_resolved_candidate
230831,156,1,true,128,"MT, MST",0,sequential_modulo_128,MT,false,geometry_resolved_candidate
230831,157,1,true,131,"MT, MST",3,sequential_modulo_128,MT,false,geometry_resolved_candidate
230831,158,1,true,132,"MT, MST",4,sequential_modulo_128,MT,false,geometry_resolved_candidate
230831,159,1,true,131,"MT, MST",3,sequential_modulo_128,MT,false,geometry_resolved_candidate
230831,160,1,true,252,"MT, MST",124,sequential_modulo_128,MST,false,geometry_resolved_candidate
230831,161,1,true,252,"MT, MST",124,sequential_modulo_128,MST,false,geometry_resolved_candidate
230831,162,1,true,129,"MT, MST",1,sequential_modulo_128,MT,false,geometry_resolved_candidate
230831,163,1,true,138,"MT, MST",10,sequential_modulo_128,MT,false,geometry_resolved_candidate
230831,164,1,true,254,"MT, MST",126,sequential_modulo_128,MST,false,geometry_resolved_candidate
230831,165,1,true,129,"MT, MST",1,sequential_modulo_128,MT,false,geometry_resolved_candidate
230831,166,1,true,132,"MT, MST",4,sequential_modulo_128,MT,false,geometry_resolved_candidate
230831,167,1,true,132,"MT, MST",4,sequential_modulo_128,MT,false,geometry_resolved_candidate
230831,168,1,true,132,"MT, MST",4,sequential_modulo_128,MT,false,geometry_resolved_candidate
230831,169,1,true,251,"MT, MST",123,sequential_modulo_128,MST,false,geometry_resolved_candidate
230831,170,1,true,132,"MT, MST",4,sequential_modulo_128,MT,false,geometry_resolved_candidate
230831,171,1,true,130,"MT, MST",2,sequential_modulo_128,MT,false,geometry_resolved_candidate
230831,172,1,true,129,"MT, MST",1,sequential_modulo_128,MT,false,geometry_resolved_candidate
230831,173,1,true,133,"MT, MST",5,sequential_modulo_128,MT,false,geometry_resolved_candidate
230831,174,1,true,133,"MT, MST",5,sequential_modulo_128,MT,false,geometry_resolved_candidate
230831,175,1,true,134,"MT, MST",6,sequential_modulo_128,MT,false,geometry_resolved_candidate
230831,176,1,true,135,"MT, MST",7,sequential_modulo_128,MT,false,geometry_resolved_candidate
230831,177,1,true,252,"MT, MST",124,sequential_modulo_128,MST,false,geometry_resolved_candidate
230831,178,1,true,250,"MT, MST",122,sequential_modulo_128,MST,false,geometry_resolved_candidate
230831,179,1,true,136,"MT, MST",8,sequential_modulo_128,MT,false,geometry_resolved_candidate
230831,180,1,true,134,"MT, MST",6,sequential_modulo_128,MT,false,geometry_resolved_candidate
230831,181,1,true,141,"MT, MST",13,sequential_modulo_128,MT,false,geometry_resolved_candidate
230831,182,1,true,129,"MT, MST",1,sequential_modulo_128,MT,false,geometry_resolved_candidate
230831,183,1,true,134,"MT, MST",6,sequential_modulo_128,MT,false,geometry_resolved_candidate
230831,184,1,true,134,"MT, MST",6,sequential_modulo_128,MT,false,geometry_resolved_candidate
230831,185,1,true,134,"MT, MST",6,sequential_modulo_128,MT,false,geometry_resolved_candidate
230831,186,1,true,141,"MT, MST",13,sequential_modulo_128,MT,false,geometry_resolved_candidate
230831,187,1,true,249,"MT, MST",121,sequential_modulo_128,MST,false,geometry_resolved_candidate
230831,188,1,true,135,"MT, MST",7,sequential_modulo_128,MT,false,geometry_resolved_candidate
230831,189,1,true,135,"MT, MST",7,sequential_modulo_128,MT,false,geometry_resolved_candidate
230831,190,1,true,138,"MT, MST",10,sequential_modulo_128,MT,false,geometry_resolved_candidate
230831,191,1,true,135,"MT, MST",7,sequential_modulo_128,MT,false,geometry_resolved_candidate
230831,192,1,true,248,"MT, MST",120,sequential_modulo_128,MST,false,geometry_resolved_candidate
230831,193,1,true,136,"MT, MST",8,sequential_modulo_128,MT,false,geometry_resolved_candidate
230831,194,1,true,130,"MT, MST",2,sequential_modulo_128,MT,false,geometry_resolved_candidate
230831,195,1,true,136,"MT, MST",8,sequential_modulo_128,MT,false,geometry_resolved_candidate
230831,196,1,true,136,"MT, MST",8,sequential_modulo_128,MT,false,geometry_resolved_candidate
230831,197,1,true,136,"MT, MST",8,sequential_modulo_128,MT,false,geometry_resolved_candidate
230831,198,1,true,142,"MT, MST",14,sequential_modulo_128,MT,false,geometry_resolved_candidate
230831,199,1,true,137,"MT, MST",9,sequential_modulo_128,MT,false,geometry_resolved_candidate
230831,200,1,true,137,"MT, MST",9,sequential_modulo_128,MT,false,geometry_resolved_candidate
230831,201,1,true,137,"MT, MST",9,sequential_modulo_128,MT,false,geometry_resolved_candidate
230831,202,1,true,137,"MT, MST",9,sequential_modulo_128,MT,false,geometry_resolved_candidate
230831,203,1,true,246,"MT, MST",118,sequential_modulo_128,MST,false,geometry_resolved_candidate
230831,204,1,true,134,"MT, MST",6,sequential_modulo_128,MT,false,geometry_resolved_candidate
230831,205,1,true,131,"MT, MST",3,sequential_modulo_128,MT,false,geometry_resolved_candidate
230831,206,1,true,138,"MT, MST",10,sequential_modulo_128,MT,false,geometry_resolved_candidate
230831,207,1,true,238,"MT, MST",110,sequential_modulo_128,MST,false,geometry_resolved_candidate
230831,208,1,true,253,"MT, MST",125,sequential_modulo_128,MST,false,geometry_resolved_candidate
230831,209,1,true,141,"MT, MST",13,sequential_modulo_128,MT,false,geometry_resolved_candidate
230831,210,1,true,136,"MT, MST",8,sequential_modulo_128,MT,false,geometry_resolved_candidate
230831,211,1,true,136,"MT, MST",8,sequential_modulo_128,MT,false,geometry_resolved_candidate
230831,212,1,true,139,"MT, MST",11,sequential_modulo_128,MT,false,geometry_resolved_candidate
230831,213,1,true,138,"MT, MST",10,sequential_modulo_128,MT,false,geometry_resolved_candidate
230831,214,1,true,237,"MT, MST",109,sequential_modulo_128,MST,false,geometry_resolved_candidate
230831,215,1,true,140,"MT, MST",12,sequential_modulo_128,MT,false,geometry_resolved_candidate
230831,216,1,true,140,"MT, MST",12,sequential_modulo_128,MT,false,geometry_resolved_candidate
230831,217,1,true,140,"MT, MST",12,sequential_modulo_128,MT,false,geometry_resolved_candidate
230831,218,1,true,135,"MT, MST",7,sequential_modulo_128,MT,false,geometry_resolved_candidate
230831,219,1,true,250,"MT, MST",122,sequential_modulo_128,MST,false,geometry_resolved_candidate
230831,220,1,true,244,"MT, MST",116,sequential_modulo_128,MST,false,geometry_resolved_candidate
230831,221,1,true,236,"MT, MST",108,sequential_modulo_128,MST,false,geometry_resolved_candidate
230831,222,1,true,242,"MT, MST",114,sequential_modulo_128,MST,false,geometry_resolved_candidate
230831,223,1,true,134,"MT, MST",6,sequential_modulo_128,MT,false,geometry_resolved_candidate
230831,224,1,true,139,"MT, MST",11,sequential_modulo_128,MT,false,geometry_resolved_candidate
230831,225,1,true,142,"MT, MST",14,sequential_modulo_128,MT,false,geometry_resolved_candidate
230831,226,1,true,142,"MT, MST",14,sequential_modulo_128,MT,false,geometry_resolved_candidate
230831,227,1,true,150,"MT, MST",22,sequential_modulo_128,MT,false,geometry_resolved_candidate
230831,228,1,true,240,"MT, MST",112,sequential_modulo_128,MST,false,geometry_resolved_candidate
230831,229,1,true,150,"MT, MST",22,sequential_modulo_128,MT,false,geometry_resolved_candidate
230831,230,1,true,144,"MT, MST",16,sequential_modulo_128,MT,false,geometry_resolved_candidate
230831,231,1,true,144,"MT, MST",16,sequential_modulo_128,MT,false,geometry_resolved_candidate
230831,232,1,true,239,"MT, MST",111,sequential_modulo_128,MST,false,geometry_resolved_candidate
230831,233,1,true,141,"MT, MST",13,sequential_modulo_128,MT,false,geometry_resolved_candidate
230831,234,1,true,239,"MT, MST",111,sequential_modulo_128,MST,false,geometry_resolved_candidate
230831,235,1,true,150,"MT, MST",22,sequential_modulo_128,MT,false,geometry_resolved_candidate
230831,236,1,true,150,"MT, MST",22,sequential_modulo_128,MT,false,geometry_resolved_candidate
230831,237,1,true,238,"MT, MST",110,sequential_modulo_128,MST,false,geometry_resolved_candidate
230831,238,1,true,141,"MT, MST",13,sequential_modulo_128,MT,false,geometry_resolved_candidate
230831,239,1,true,237,"MT, MST",109,sequential_modulo_128,MST,false,geometry_resolved_candidate
230831,240,1,true,142,"MT, MST",14,sequential_modulo_128,MT,false,geometry_resolved_candidate
230831,241,1,true,150,"MT, MST",22,sequential_modulo_128,MT,false,geometry_resolved_candidate
230831,242,1,true,236,"MT, MST",108,sequential_modulo_128,MST,false,geometry_resolved_candidate
230831,243,1,true,150,"MT, MST",22,sequential_modulo_128,MT,false,geometry_resolved_candidate
230831,244,1,true,141,"MT, MST",13,sequential_modulo_128,MT,false,geometry_resolved_candidate
230831,245,1,true,235,"MT, MST",107,sequential_modulo_128,MST,false,geometry_resolved_candidate
230831,246,1,true,150,"MT, MST",22,sequential_modulo_128,MT,false,geometry_resolved_candidate
230901,0,0,true,126,PFC,126,local_0_based,PFC,false,recovered_heuristic_equal_segment
230901,1,0,true,125,PFC,125,local_0_based,PFC,false,recovered_heuristic_equal_segment
230901,2,0,true,125,PFC,125,local_0_based,PFC,false,recovered_heuristic_equal_segment
230901,3,0,true,124,PFC,124,local_0_based,PFC,false,recovered_heuristic_equal_segment
230901,4,0,true,4,PFC,4,local_0_based,PFC,false,recovered_heuristic_equal_segment
230901,5,0,true,4,PFC,4,local_0_based,PFC,false,recovered_heuristic_equal_segment
230901,6,0,true,5,PFC,5,local_0_based,PFC,false,recovered_heuristic_equal_segment
230901,7,0,true,7,PFC,7,local_0_based,PFC,false,recovered_heuristic_equal_segment
230901,8,0,true,8,PFC,8,local_0_based,PFC,false,recovered_heuristic_equal_segment
230901,9,0,true,9,PFC,9,local_0_based,PFC,false,recovered_heuristic_equal_segment
230901,10,0,true,11,PFC,11,local_0_based,PFC,false,recovered_heuristic_equal_segment
230901,11,0,true,12,PFC,12,local_0_based,PFC,false,recovered_heuristic_equal_segment
230901,12,0,true,108,PFC,108,local_0_based,PFC,false,recovered_heuristic_equal_segment
230901,13,0,true,25,PFC,25,local_0_based,PFC,false,recovered_heuristic_equal_segment
230901,14,0,true,25,PFC,25,local_0_based,PFC,false,recovered_heuristic_equal_segment
230901,15,0,true,25,PFC,25,local_0_based,PFC,false,recovered_heuristic_equal_segment
230901,16,0,true,25,PFC,25,local_0_based,PFC,false,recovered_heuristic_equal_segment
230901,17,0,true,25,PFC,25,local_0_based,PFC,false,recovered_heuristic_equal_segment
230901,18,0,true,25,PFC,25,local_0_based,PFC,false,recovered_heuristic_equal_segment
230901,19,0,true,25,PFC,25,local_0_based,PFC,false,recovered_heuristic_equal_segment
230901,20,0,true,25,PFC,25,local_0_based,PFC,false,recovered_heuristic_equal_segment
230901,21,0,true,25,PFC,25,local_0_based,PFC,false,recovered_heuristic_equal_segment
230901,22,0,true,28,PFC,28,local_0_based,PFC,false,recovered_heuristic_equal_segment
230901,23,0,true,25,PFC,25,local_0_based,PFC,false,recovered_heuristic_equal_segment
230901,24,0,true,25,PFC,25,local_0_based,PFC,false,recovered_heuristic_equal_segment
230901,25,0,true,25,PFC,25,local_0_based,PFC,false,recovered_heuristic_equal_segment
230901,26,0,true,25,PFC,25,local_0_based,PFC,false,recovered_heuristic_equal_segment
230901,27,0,true,25,PFC,25,local_0_based,PFC,false,recovered_heuristic_equal_segment
230901,28,0,true,28,PFC,28,local_0_based,PFC,false,recovered_heuristic_equal_segment
230901,29,0,true,26,PFC,26,local_0_based,PFC,false,recovered_heuristic_equal_segment
230901,30,0,true,26,PFC,26,local_0_based,PFC,false,recovered_heuristic_equal_segment
230901,31,0,true,26,PFC,26,local_0_based,PFC,false,recovered_heuristic_equal_segment
230901,32,0,true,26,PFC,26,local_0_based,PFC,false,recovered_heuristic_equal_segment
230901,33,0,true,26,PFC,26,local_0_based,PFC,false,recovered_heuristic_equal_segment
230901,34,0,true,26,PFC,26,local_0_based,PFC,false,recovered_heuristic_equal_segment
230901,35,0,true,26,PFC,26,local_0_based,PFC,false,recovered_heuristic_equal_segment
230901,36,0,true,26,PFC,26,local_0_based,PFC,false,recovered_heuristic_equal_segment
230901,37,0,true,26,PFC,26,local_0_based,PFC,false,recovered_heuristic_equal_segment
230901,38,0,true,26,PFC,26,local_0_based,PFC,false,recovered_heuristic_equal_segment
230901,39,0,true,26,PFC,26,local_0_based,PFC,false,recovered_heuristic_equal_segment
230901,40,0,true,26,PFC,26,local_0_based,PFC,false,recovered_heuristic_equal_segment
230901,41,0,true,26,PFC,26,local_0_based,PFC,false,recovered_heuristic_equal_segment
230901,42,0,true,33,PFC,33,local_0_based,PFC,false,recovered_heuristic_equal_segment
230901,43,0,true,27,PFC,27,local_0_based,PFC,false,recovered_heuristic_equal_segment
230901,44,0,true,27,PFC,27,local_0_based,PFC,false,recovered_heuristic_equal_segment
230901,45,0,true,33,PFC,33,local_0_based,PFC,false,recovered_heuristic_equal_segment
230901,46,0,true,32,PFC,32,local_0_based,PFC,false,recovered_heuristic_equal_segment
230901,47,0,true,32,PFC,32,local_0_based,PFC,false,recovered_heuristic_equal_segment
230901,48,0,true,27,PFC,27,local_0_based,PFC,false,recovered_heuristic_equal_segment
230901,49,0,true,27,PFC,27,local_0_based,PFC,false,recovered_heuristic_equal_segment
230901,50,0,true,27,PFC,27,local_0_based,PFC,false,recovered_heuristic_equal_segment
230901,51,0,true,27,PFC,27,local_0_based,PFC,false,recovered_heuristic_equal_segment
230901,52,0,true,27,PFC,27,local_0_based,PFC,false,recovered_heuristic_equal_segment
230901,53,0,true,27,PFC,27,local_0_based,PFC,false,recovered_heuristic_equal_segment
230901,54,0,true,27,PFC,27,local_0_based,PFC,false,recovered_heuristic_equal_segment
230901,55,0,true,28,PFC,28,local_0_based,PFC,false,recovered_heuristic_equal_segment
230901,56,0,true,27,PFC,27,local_0_based,PFC,false,recovered_heuristic_equal_segment
230901,57,0,true,28,PFC,28,local_0_based,PFC,false,recovered_heuristic_equal_segment
230901,58,0,true,28,PFC,28,local_0_based,PFC,false,recovered_heuristic_equal_segment
230901,59,0,true,28,PFC,28,local_0_based,PFC,false,recovered_heuristic_equal_segment
230901,60,0,true,28,PFC,28,local_0_based,PFC,false,recovered_heuristic_equal_segment
230901,61,0,true,28,PFC,28,local_0_based,PFC,false,recovered_heuristic_equal_segment
230901,62,0,true,28,PFC,28,local_0_based,PFC,false,recovered_heuristic_equal_segment
230901,63,0,true,28,PFC,28,local_0_based,PFC,false,recovered_heuristic_equal_segment
230901,64,0,true,34,PFC,34,local_0_based,PFC,false,recovered_heuristic_equal_segment
230901,65,0,true,28,PFC,28,local_0_based,PFC,false,recovered_heuristic_equal_segment
230901,66,0,true,28,PFC,28,local_0_based,PFC,false,recovered_heuristic_equal_segment
230901,67,0,true,28,PFC,28,local_0_based,PFC,false,recovered_heuristic_equal_segment
230901,68,0,true,28,PFC,28,local_0_based,PFC,false,recovered_heuristic_equal_segment
230901,69,0,true,28,PFC,28,local_0_based,PFC,false,recovered_heuristic_equal_segment
230901,70,0,true,29,PFC,29,local_0_based,PFC,false,recovered_heuristic_equal_segment
230901,71,0,true,29,PFC,29,local_0_based,PFC,false,recovered_heuristic_equal_segment
230901,72,0,true,29,PFC,29,local_0_based,PFC,false,recovered_heuristic_equal_segment
230901,73,0,true,35,PFC,35,local_0_based,PFC,false,recovered_heuristic_equal_segment
230901,74,0,true,29,PFC,29,local_0_based,PFC,false,recovered_heuristic_equal_segment
230901,75,0,true,29,PFC,29,local_0_based,PFC,false,recovered_heuristic_equal_segment
230901,76,0,true,29,PFC,29,local_0_based,PFC,false,recovered_heuristic_equal_segment
230901,77,0,true,25,PFC,25,local_0_based,PFC,false,recovered_heuristic_equal_segment
230901,78,0,true,29,PFC,29,local_0_based,PFC,false,recovered_heuristic_equal_segment
230901,79,0,true,29,PFC,29,local_0_based,PFC,false,recovered_heuristic_equal_segment
230901,80,0,true,29,PFC,29,local_0_based,PFC,false,recovered_heuristic_equal_segment
230901,81,0,true,26,PFC,26,local_0_based,PFC,false,recovered_heuristic_equal_segment
230901,82,0,true,29,PFC,29,local_0_based,PFC,false,recovered_heuristic_equal_segment
230901,83,0,true,31,PFC,31,local_0_based,PFC,false,recovered_heuristic_equal_segment
230901,84,0,true,30,PFC,30,local_0_based,PFC,false,recovered_heuristic_equal_segment
230901,85,0,true,30,PFC,30,local_0_based,PFC,false,recovered_heuristic_equal_segment
230901,86,0,true,27,PFC,27,local_0_based,PFC,false,recovered_heuristic_equal_segment
230901,87,0,true,30,PFC,30,local_0_based,PFC,false,recovered_heuristic_equal_segment
230901,88,0,true,30,PFC,30,local_0_based,PFC,false,recovered_heuristic_equal_segment
230901,89,0,true,33,PFC,33,local_0_based,PFC,false,recovered_heuristic_equal_segment
230901,90,0,true,33,PFC,33,local_0_based,PFC,false,recovered_heuristic_equal_segment
230901,91,0,true,31,PFC,31,local_0_based,PFC,false,recovered_heuristic_equal_segment
230901,92,0,true,37,PFC,37,local_0_based,PFC,false,recovered_heuristic_equal_segment
230901,93,0,true,27,PFC,27,local_0_based,PFC,false,recovered_heuristic_equal_segment
230901,94,0,true,31,PFC,31,local_0_based,PFC,false,recovered_heuristic_equal_segment
230901,95,0,true,31,PFC,31,local_0_based,PFC,false,recovered_heuristic_equal_segment
230901,96,0,true,31,PFC,31,local_0_based,PFC,false,recovered_heuristic_equal_segment
230901,97,0,true,31,PFC,31,local_0_based,PFC,false,recovered_heuristic_equal_segment
230901,98,0,true,31,PFC,31,local_0_based,PFC,false,recovered_heuristic_equal_segment
230901,99,0,true,31,PFC,31,local_0_based,PFC,false,recovered_heuristic_equal_segment
230901,100,0,true,38,PFC,38,local_0_based,PFC,false,recovered_heuristic_equal_segment
230901,101,0,true,31,PFC,31,local_0_based,PFC,false,recovered_heuristic_equal_segment
230901,102,0,true,32,PFC,32,local_0_based,PFC,false,recovered_heuristic_equal_segment
230901,103,0,true,96,PFC,96,local_0_based,PFC,false,recovered_heuristic_equal_segment
230901,104,0,true,31,PFC,31,local_0_based,PFC,false,recovered_heuristic_equal_segment
230901,105,0,true,32,PFC,32,local_0_based,PFC,false,recovered_heuristic_equal_segment
230901,106,0,true,32,PFC,32,local_0_based,PFC,false,recovered_heuristic_equal_segment
230901,107,0,true,32,PFC,32,local_0_based,PFC,false,recovered_heuristic_equal_segment
230901,108,0,true,27,PFC,27,local_0_based,PFC,false,recovered_heuristic_equal_segment
230901,109,0,true,32,PFC,32,local_0_based,PFC,false,recovered_heuristic_equal_segment
230901,110,0,true,32,PFC,32,local_0_based,PFC,false,recovered_heuristic_equal_segment
230901,111,0,true,32,PFC,32,local_0_based,PFC,false,recovered_heuristic_equal_segment
230901,112,0,true,32,PFC,32,local_0_based,PFC,false,recovered_heuristic_equal_segment
230901,113,0,true,33,PFC,33,local_0_based,PFC,false,recovered_heuristic_equal_segment
230901,114,0,true,29,PFC,29,local_0_based,PFC,false,recovered_heuristic_equal_segment
230901,115,0,true,33,PFC,33,local_0_based,PFC,false,recovered_heuristic_equal_segment
230901,116,0,true,25,PFC,25,local_0_based,PFC,false,recovered_heuristic_equal_segment
230901,117,0,true,33,PFC,33,local_0_based,PFC,false,recovered_heuristic_equal_segment
230901,118,0,true,33,PFC,33,local_0_based,PFC,false,recovered_heuristic_equal_segment
230901,119,0,true,33,PFC,33,local_0_based,PFC,false,recovered_heuristic_equal_segment
230901,120,0,true,34,PFC,34,local_0_based,PFC,false,recovered_heuristic_equal_segment
230901,121,0,true,34,PFC,34,local_0_based,PFC,false,recovered_heuristic_equal_segment
230901,122,0,true,31,PFC,31,local_0_based,PFC,false,recovered_heuristic_equal_segment
230901,123,0,true,34,PFC,34,local_0_based,PFC,false,recovered_heuristic_equal_segment
230901,124,0,true,34,PFC,34,local_0_based,PFC,false,recovered_heuristic_equal_segment
230901,125,0,true,34,PFC,34,local_0_based,PFC,false,recovered_heuristic_equal_segment
230901,126,0,true,34,PFC,34,local_0_based,PFC,false,recovered_heuristic_equal_segment
230901,127,0,true,34,PFC,34,local_0_based,PFC,false,recovered_heuristic_equal_segment
230901,128,0,true,34,PFC,34,local_0_based,PFC,false,recovered_heuristic_equal_segment
230901,129,0,true,34,PFC,34,local_0_based,PFC,false,recovered_heuristic_equal_segment
230901,130,0,true,34,PFC,34,local_0_based,PFC,false,recovered_heuristic_equal_segment
230901,131,0,true,34,PFC,34,local_0_based,PFC,false,recovered_heuristic_equal_segment
230901,132,0,true,34,PFC,34,local_0_based,PFC,false,recovered_heuristic_equal_segment
230901,133,0,true,34,PFC,34,local_0_based,PFC,false,recovered_heuristic_equal_segment
230901,134,0,true,34,PFC,34,local_0_based,PFC,false,recovered_heuristic_equal_segment
230901,135,0,true,37,PFC,37,local_0_based,PFC,false,recovered_heuristic_equal_segment
230901,136,0,true,35,PFC,35,local_0_based,PFC,false,recovered_heuristic_equal_segment
230901,137,0,true,35,PFC,35,local_0_based,PFC,false,recovered_heuristic_equal_segment
230901,138,0,true,35,PFC,35,local_0_based,PFC,false,recovered_heuristic_equal_segment
230901,139,0,true,29,PFC,29,local_0_based,PFC,false,recovered_heuristic_equal_segment
230901,140,0,true,35,PFC,35,local_0_based,PFC,false,recovered_heuristic_equal_segment
230901,141,0,true,35,PFC,35,local_0_based,PFC,false,recovered_heuristic_equal_segment
230901,142,0,true,35,PFC,35,local_0_based,PFC,false,recovered_heuristic_equal_segment
230901,143,0,true,35,PFC,35,local_0_based,PFC,false,recovered_heuristic_equal_segment
230901,144,0,true,35,PFC,35,local_0_based,PFC,false,recovered_heuristic_equal_segment
230901,145,0,true,35,PFC,35,local_0_based,PFC,false,recovered_heuristic_equal_segment
230901,146,0,true,35,PFC,35,local_0_based,PFC,false,recovered_heuristic_equal_segment
230901,147,0,true,35,PFC,35,local_0_based,PFC,false,recovered_heuristic_equal_segment
230901,148,0,true,41,PFC,41,local_0_based,PFC,false,recovered_heuristic_equal_segment
230901,149,0,true,35,PFC,35,local_0_based,PFC,false,recovered_heuristic_equal_segment
230901,150,0,true,92,PFC,92,local_0_based,PFC,false,recovered_heuristic_equal_segment
230901,151,0,true,36,PFC,36,local_0_based,PFC,false,recovered_heuristic_equal_segment
230901,152,0,true,36,PFC,36,local_0_based,PFC,false,recovered_heuristic_equal_segment
230901,153,0,true,36,PFC,36,local_0_based,PFC,false,recovered_heuristic_equal_segment
230901,154,0,true,37,PFC,37,local_0_based,PFC,false,recovered_heuristic_equal_segment
230901,155,0,true,34,PFC,34,local_0_based,PFC,false,recovered_heuristic_equal_segment
230901,156,0,true,36,PFC,36,local_0_based,PFC,false,recovered_heuristic_equal_segment
230901,157,0,true,36,PFC,36,local_0_based,PFC,false,recovered_heuristic_equal_segment
230901,158,0,true,36,PFC,36,local_0_based,PFC,false,recovered_heuristic_equal_segment
230901,159,0,true,38,PFC,38,local_0_based,PFC,false,recovered_heuristic_equal_segment
230901,160,0,true,36,PFC,36,local_0_based,PFC,false,recovered_heuristic_equal_segment
230901,161,0,true,36,PFC,36,local_0_based,PFC,false,recovered_heuristic_equal_segment
230901,162,0,true,39,PFC,39,local_0_based,PFC,false,recovered_heuristic_equal_segment
230901,163,0,true,36,PFC,36,local_0_based,PFC,false,recovered_heuristic_equal_segment
230901,164,0,true,37,PFC,37,local_0_based,PFC,false,recovered_heuristic_equal_segment
230901,165,0,true,37,PFC,37,local_0_based,PFC,false,recovered_heuristic_equal_segment
230901,166,0,true,37,PFC,37,local_0_based,PFC,false,recovered_heuristic_equal_segment
230901,167,0,true,37,PFC,37,local_0_based,PFC,false,recovered_heuristic_equal_segment
230901,168,0,true,37,PFC,37,local_0_based,PFC,false,recovered_heuristic_equal_segment
230901,169,0,true,37,PFC,37,local_0_based,PFC,false,recovered_heuristic_equal_segment
230901,170,0,true,37,PFC,37,local_0_based,PFC,false,recovered_heuristic_equal_segment
230901,171,0,true,37,PFC,37,local_0_based,PFC,false,recovered_heuristic_equal_segment
230901,172,0,true,37,PFC,37,local_0_based,PFC,false,recovered_heuristic_equal_segment
230901,173,0,true,37,PFC,37,local_0_based,PFC,false,recovered_heuristic_equal_segment
230901,174,0,true,37,PFC,37,local_0_based,PFC,false,recovered_heuristic_equal_segment
230901,175,0,true,37,PFC,37,local_0_based,PFC,false,recovered_heuristic_equal_segment
230901,176,0,true,38,PFC,38,local_0_based,PFC,false,recovered_heuristic_equal_segment
230901,177,0,true,38,PFC,38,local_0_based,PFC,false,recovered_heuristic_equal_segment
230901,178,0,true,38,PFC,38,local_0_based,PFC,false,recovered_heuristic_equal_segment
230901,179,0,true,38,PFC,38,local_0_based,PFC,false,recovered_heuristic_equal_segment
230901,180,0,true,38,PFC,38,local_0_based,PFC,false,recovered_heuristic_equal_segment
230901,181,0,true,37,PFC,37,local_0_based,PFC,false,recovered_heuristic_equal_segment
230901,182,0,true,38,PFC,38,local_0_based,PFC,false,recovered_heuristic_equal_segment
230901,183,0,true,38,PFC,38,local_0_based,PFC,false,recovered_heuristic_equal_segment
230901,184,0,true,41,PFC,41,local_0_based,PFC,false,recovered_heuristic_equal_segment
230901,185,0,true,38,PFC,38,local_0_based,PFC,false,recovered_heuristic_equal_segment
230901,186,0,true,38,PFC,38,local_0_based,PFC,false,recovered_heuristic_equal_segment
230901,187,0,true,38,PFC,38,local_0_based,PFC,false,recovered_heuristic_equal_segment
230901,188,0,true,39,PFC,39,local_0_based,PFC,false,recovered_heuristic_equal_segment
230901,189,0,true,39,PFC,39,local_0_based,PFC,false,recovered_heuristic_equal_segment
230901,190,0,true,39,PFC,39,local_0_based,PFC,false,recovered_heuristic_equal_segment
230901,191,0,true,39,PFC,39,local_0_based,PFC,false,recovered_heuristic_equal_segment
230901,192,0,true,39,PFC,39,local_0_based,PFC,false,recovered_heuristic_equal_segment
230901,193,0,true,39,PFC,39,local_0_based,PFC,false,recovered_heuristic_equal_segment
230901,194,0,true,33,PFC,33,local_0_based,PFC,false,recovered_heuristic_equal_segment
230901,195,0,true,43,PFC,43,local_0_based,PFC,false,recovered_heuristic_equal_segment
230901,196,0,true,45,PFC,45,local_0_based,PFC,false,recovered_heuristic_equal_segment
230901,197,0,true,39,PFC,39,local_0_based,PFC,false,recovered_heuristic_equal_segment
230901,198,0,true,39,PFC,39,local_0_based,PFC,false,recovered_heuristic_equal_segment
230901,199,0,true,39,PFC,39,local_0_based,PFC,false,recovered_heuristic_equal_segment
230901,200,0,true,39,PFC,39,local_0_based,PFC,false,recovered_heuristic_equal_segment
230901,201,0,true,39,PFC,39,local_0_based,PFC,false,recovered_heuristic_equal_segment
230901,202,0,true,43,PFC,43,local_0_based,PFC,false,recovered_heuristic_equal_segment
230901,203,0,true,88,PFC,88,local_0_based,PFC,false,recovered_heuristic_equal_segment
230901,204,0,true,40,PFC,40,local_0_based,PFC,false,recovered_heuristic_equal_segment
230901,205,0,true,37,PFC,37,local_0_based,PFC,false,recovered_heuristic_equal_segment
230901,206,0,true,40,PFC,40,local_0_based,PFC,false,recovered_heuristic_equal_segment
230901,207,0,true,40,PFC,40,local_0_based,PFC,false,recovered_heuristic_equal_segment
230901,208,0,true,40,PFC,40,local_0_based,PFC,false,recovered_heuristic_equal_segment
230901,209,0,true,40,PFC,40,local_0_based,PFC,false,recovered_heuristic_equal_segment
230901,210,0,true,36,PFC,36,local_0_based,PFC,false,recovered_heuristic_equal_segment
230901,211,0,true,40,PFC,40,local_0_based,PFC,false,recovered_heuristic_equal_segment
230901,212,0,true,40,PFC,40,local_0_based,PFC,false,recovered_heuristic_equal_segment
230901,213,0,true,47,PFC,47,local_0_based,PFC,false,recovered_heuristic_equal_segment
230901,214,0,true,40,PFC,40,local_0_based,PFC,false,recovered_heuristic_equal_segment
230901,215,0,true,40,PFC,40,local_0_based,PFC,false,recovered_heuristic_equal_segment
230901,216,0,true,40,PFC,40,local_0_based,PFC,false,recovered_heuristic_equal_segment
230901,217,0,true,40,PFC,40,local_0_based,PFC,false,recovered_heuristic_equal_segment
230901,218,0,true,45,PFC,45,local_0_based,PFC,false,recovered_heuristic_equal_segment
230901,219,0,true,41,PFC,41,local_0_based,PFC,false,recovered_heuristic_equal_segment
230901,220,0,true,41,PFC,41,local_0_based,PFC,false,recovered_heuristic_equal_segment
230901,221,0,true,41,PFC,41,local_0_based,PFC,false,recovered_heuristic_equal_segment
230901,222,0,true,41,PFC,41,local_0_based,PFC,false,recovered_heuristic_equal_segment
230901,223,0,true,37,PFC,37,local_0_based,PFC,false,recovered_heuristic_equal_segment
230901,224,0,true,41,PFC,41,local_0_based,PFC,false,recovered_heuristic_equal_segment
230901,225,0,true,41,PFC,41,local_0_based,PFC,false,recovered_heuristic_equal_segment
230901,226,0,true,41,PFC,41,local_0_based,PFC,false,recovered_heuristic_equal_segment
230901,227,0,true,41,PFC,41,local_0_based,PFC,false,recovered_heuristic_equal_segment
230901,228,0,true,41,PFC,41,local_0_based,PFC,false,recovered_heuristic_equal_segment
230901,229,0,true,41,PFC,41,local_0_based,PFC,false,recovered_heuristic_equal_segment
230901,230,0,true,40,PFC,40,local_0_based,PFC,false,recovered_heuristic_equal_segment
230901,231,0,true,42,PFC,42,local_0_based,PFC,false,recovered_heuristic_equal_segment
230901,232,0,true,42,PFC,42,local_0_based,PFC,false,recovered_heuristic_equal_segment
230901,233,0,true,42,PFC,42,local_0_based,PFC,false,recovered_heuristic_equal_segment
230901,234,0,true,42,PFC,42,local_0_based,PFC,false,recovered_heuristic_equal_segment
230901,235,0,true,34,PFC,34,local_0_based,PFC,false,recovered_heuristic_equal_segment
230901,236,0,true,42,PFC,42,local_0_based,PFC,false,recovered_heuristic_equal_segment
230901,237,0,true,35,PFC,35,local_0_based,PFC,false,recovered_heuristic_equal_segment
230901,238,0,true,36,PFC,36,local_0_based,PFC,false,recovered_heuristic_equal_segment
230901,239,0,true,42,PFC,42,local_0_based,PFC,false,recovered_heuristic_equal_segment
230901,240,0,true,44,PFC,44,local_0_based,PFC,false,recovered_heuristic_equal_segment
230901,241,0,true,38,PFC,38,local_0_based,PFC,false,recovered_heuristic_equal_segment
230901,242,0,true,40,PFC,40,local_0_based,PFC,false,recovered_heuristic_equal_segment
230901,243,0,true,85,PFC,85,local_0_based,PFC,false,recovered_heuristic_equal_segment
230901,244,0,true,41,PFC,41,local_0_based,PFC,false,recovered_heuristic_equal_segment
230901,245,0,true,43,PFC,43,local_0_based,PFC,false,recovered_heuristic_equal_segment
230901,246,0,true,43,PFC,43,local_0_based,PFC,false,recovered_heuristic_equal_segment
230901,247,0,true,43,PFC,43,local_0_based,PFC,false,recovered_heuristic_equal_segment
230901,248,0,true,38,PFC,38,local_0_based,PFC,false,recovered_heuristic_equal_segment
230901,249,0,true,43,PFC,43,local_0_based,PFC,false,recovered_heuristic_equal_segment
230901,250,0,true,41,PFC,41,local_0_based,PFC,false,recovered_heuristic_equal_segment
230901,251,0,true,50,PFC,50,local_0_based,PFC,false,recovered_heuristic_equal_segment
230901,252,0,true,43,PFC,43,local_0_based,PFC,false,recovered_heuristic_equal_segment
230901,253,0,true,47,PFC,47,local_0_based,PFC,false,recovered_heuristic_equal_segment
230901,254,0,true,43,PFC,43,local_0_based,PFC,false,recovered_heuristic_equal_segment
230901,255,0,true,43,PFC,43,local_0_based,PFC,false,recovered_heuristic_equal_segment
230901,256,0,true,44,PFC,44,local_0_based,PFC,false,recovered_heuristic_equal_segment
230901,257,0,true,44,PFC,44,local_0_based,PFC,false,recovered_heuristic_equal_segment
230901,258,0,true,44,PFC,44,local_0_based,PFC,false,recovered_heuristic_equal_segment
230901,259,0,true,44,PFC,44,local_0_based,PFC,false,recovered_heuristic_equal_segment
230901,260,0,true,44,PFC,44,local_0_based,PFC,false,recovered_heuristic_equal_segment
230901,261,0,true,44,PFC,44,local_0_based,PFC,false,recovered_heuristic_equal_segment
230901,262,0,true,40,PFC,40,local_0_based,PFC,false,recovered_heuristic_equal_segment
230901,263,0,true,44,PFC,44,local_0_based,PFC,false,recovered_heuristic_equal_segment
230901,264,0,true,49,PFC,49,local_0_based,PFC,false,recovered_heuristic_equal_segment
230901,265,0,true,51,PFC,51,local_0_based,PFC,false,recovered_heuristic_equal_segment
230901,266,0,true,44,PFC,44,local_0_based,PFC,false,recovered_heuristic_equal_segment
230901,267,0,true,44,PFC,44,local_0_based,PFC,false,recovered_heuristic_equal_segment
230901,268,0,true,44,PFC,44,local_0_based,PFC,false,recovered_heuristic_equal_segment
230901,269,0,true,44,PFC,44,local_0_based,PFC,false,recovered_heuristic_equal_segment
230901,270,0,true,44,PFC,44,local_0_based,PFC,false,recovered_heuristic_equal_segment
230901,271,0,true,47,PFC,47,local_0_based,PFC,false,recovered_heuristic_equal_segment
230901,272,0,true,41,PFC,41,local_0_based,PFC,false,recovered_heuristic_equal_segment
230901,273,0,true,49,PFC,49,local_0_based,PFC,false,recovered_heuristic_equal_segment
230901,274,0,true,45,PFC,45,local_0_based,PFC,false,recovered_heuristic_equal_segment
230901,275,0,true,45,PFC,45,local_0_based,PFC,false,recovered_heuristic_equal_segment
230901,276,0,true,45,PFC,45,local_0_based,PFC,false,recovered_heuristic_equal_segment
230901,277,0,true,45,PFC,45,local_0_based,PFC,false,recovered_heuristic_equal_segment
230901,278,0,true,45,PFC,45,local_0_based,PFC,false,recovered_heuristic_equal_segment
230901,279,0,true,45,PFC,45,local_0_based,PFC,false,recovered_heuristic_equal_segment
230901,280,0,true,45,PFC,45,local_0_based,PFC,false,recovered_heuristic_equal_segment
230901,281,0,true,45,PFC,45,local_0_based,PFC,false,recovered_heuristic_equal_segment
230901,282,0,true,45,PFC,45,local_0_based,PFC,false,recovered_heuristic_equal_segment
230901,283,0,true,45,PFC,45,local_0_based,PFC,false,recovered_heuristic_equal_segment
230901,284,0,true,45,PFC,45,local_0_based,PFC,false,recovered_heuristic_equal_segment
230901,285,0,true,45,PFC,45,local_0_based,PFC,false,recovered_heuristic_equal_segment
230901,286,0,true,51,PFC,51,local_0_based,PFC,false,recovered_heuristic_equal_segment
230901,287,0,true,46,PFC,46,local_0_based,PFC,false,recovered_heuristic_equal_segment
230901,288,0,true,46,PFC,46,local_0_based,PFC,false,recovered_heuristic_equal_segment
230901,289,0,true,46,PFC,46,local_0_based,PFC,false,recovered_heuristic_equal_segment
230901,290,0,true,46,PFC,46,local_0_based,PFC,false,recovered_heuristic_equal_segment
230901,291,0,true,46,PFC,46,local_0_based,PFC,false,recovered_heuristic_equal_segment
230901,292,0,true,46,PFC,46,local_0_based,PFC,false,recovered_heuristic_equal_segment
230901,293,0,true,46,PFC,46,local_0_based,PFC,false,recovered_heuristic_equal_segment
230901,294,0,true,46,PFC,46,local_0_based,PFC,false,recovered_heuristic_equal_segment
230901,295,0,true,46,PFC,46,local_0_based,PFC,false,recovered_heuristic_equal_segment
230901,296,0,true,46,PFC,46,local_0_based,PFC,false,recovered_heuristic_equal_segment
230901,297,0,true,46,PFC,46,local_0_based,PFC,false,recovered_heuristic_equal_segment
230901,298,0,true,46,PFC,46,local_0_based,PFC,false,recovered_heuristic_equal_segment
230901,299,0,true,46,PFC,46,local_0_based,PFC,false,recovered_heuristic_equal_segment
230901,300,0,true,46,PFC,46,local_0_based,PFC,false,recovered_heuristic_equal_segment
230901,301,0,true,46,PFC,46,local_0_based,PFC,false,recovered_heuristic_equal_segment
230901,302,0,true,51,PFC,51,local_0_based,PFC,false,recovered_heuristic_equal_segment
230901,303,0,true,46,PFC,46,local_0_based,PFC,false,recovered_heuristic_equal_segment
230901,304,0,true,47,PFC,47,local_0_based,PFC,false,recovered_heuristic_equal_segment
230901,305,0,true,47,PFC,47,local_0_based,PFC,false,recovered_heuristic_equal_segment
230901,306,0,true,48,PFC,48,local_0_based,PFC,false,recovered_heuristic_equal_segment
230901,307,0,true,47,PFC,47,local_0_based,PFC,false,recovered_heuristic_equal_segment
230901,308,0,true,50,PFC,50,local_0_based,PFC,false,recovered_heuristic_equal_segment
230901,309,0,true,47,PFC,47,local_0_based,PFC,false,recovered_heuristic_equal_segment
230901,310,0,true,50,PFC,50,local_0_based,PFC,false,recovered_heuristic_equal_segment
230901,311,0,true,48,PFC,48,local_0_based,PFC,false,recovered_heuristic_equal_segment
230901,312,0,true,48,PFC,48,local_0_based,PFC,false,recovered_heuristic_equal_segment
230901,313,0,true,48,PFC,48,local_0_based,PFC,false,recovered_heuristic_equal_segment
230901,314,0,true,48,PFC,48,local_0_based,PFC,false,recovered_heuristic_equal_segment
230901,315,0,true,48,PFC,48,local_0_based,PFC,false,recovered_heuristic_equal_segment
230901,316,0,true,48,PFC,48,local_0_based,PFC,false,recovered_heuristic_equal_segment
230901,317,0,true,48,PFC,48,local_0_based,PFC,false,recovered_heuristic_equal_segment
230901,318,0,true,51,PFC,51,local_0_based,PFC,false,recovered_heuristic_equal_segment
230901,319,0,true,48,PFC,48,local_0_based,PFC,false,recovered_heuristic_equal_segment
230901,320,0,true,48,PFC,48,local_0_based,PFC,false,recovered_heuristic_equal_segment
230901,321,0,true,48,PFC,48,local_0_based,PFC,false,recovered_heuristic_equal_segment
230901,322,0,true,52,PFC,52,local_0_based,PFC,false,recovered_heuristic_equal_segment
230901,323,0,true,79,PFC,79,local_0_based,PFC,false,recovered_heuristic_equal_segment
230901,324,0,true,47,PFC,47,local_0_based,PFC,false,recovered_heuristic_equal_segment
230901,325,0,true,49,PFC,49,local_0_based,PFC,false,recovered_heuristic_equal_segment
230901,326,0,true,49,PFC,49,local_0_based,PFC,false,recovered_heuristic_equal_segment
230901,327,0,true,49,PFC,49,local_0_based,PFC,false,recovered_heuristic_equal_segment
230901,328,0,true,44,PFC,44,local_0_based,PFC,false,recovered_heuristic_equal_segment
230901,329,0,true,49,PFC,49,local_0_based,PFC,false,recovered_heuristic_equal_segment
230901,330,0,true,49,PFC,49,local_0_based,PFC,false,recovered_heuristic_equal_segment
230901,331,0,true,50,PFC,50,local_0_based,PFC,false,recovered_heuristic_equal_segment
230901,332,0,true,50,PFC,50,local_0_based,PFC,false,recovered_heuristic_equal_segment
230901,333,0,true,50,PFC,50,local_0_based,PFC,false,recovered_heuristic_equal_segment
230901,334,0,true,50,PFC,50,local_0_based,PFC,false,recovered_heuristic_equal_segment
230901,335,0,true,50,PFC,50,local_0_based,PFC,false,recovered_heuristic_equal_segment
230901,336,0,true,50,PFC,50,local_0_based,PFC,false,recovered_heuristic_equal_segment
230901,337,0,true,51,PFC,51,local_0_based,PFC,false,recovered_heuristic_equal_segment
230901,338,0,true,51,PFC,51,local_0_based,PFC,false,recovered_heuristic_equal_segment
230901,339,0,true,51,PFC,51,local_0_based,PFC,false,recovered_heuristic_equal_segment
230901,340,0,true,46,PFC,46,local_0_based,PFC,false,recovered_heuristic_equal_segment
230901,341,0,true,51,PFC,51,local_0_based,PFC,false,recovered_heuristic_equal_segment
230901,342,0,true,44,PFC,44,local_0_based,PFC,false,recovered_heuristic_equal_segment
230901,343,0,true,51,PFC,51,local_0_based,PFC,false,recovered_heuristic_equal_segment
230901,344,0,true,51,PFC,51,local_0_based,PFC,false,recovered_heuristic_equal_segment
230901,345,0,true,51,PFC,51,local_0_based,PFC,false,recovered_heuristic_equal_segment
230901,346,0,true,51,PFC,51,local_0_based,PFC,false,recovered_heuristic_equal_segment
230901,347,0,true,46,PFC,46,local_0_based,PFC,false,recovered_heuristic_equal_segment
230901,348,0,true,52,PFC,52,local_0_based,PFC,false,recovered_heuristic_equal_segment
230901,349,0,true,52,PFC,52,local_0_based,PFC,false,recovered_heuristic_equal_segment
230901,350,0,true,52,PFC,52,local_0_based,PFC,false,recovered_heuristic_equal_segment
230901,351,0,true,52,PFC,52,local_0_based,PFC,false,recovered_heuristic_equal_segment
230901,352,0,true,52,PFC,52,local_0_based,PFC,false,recovered_heuristic_equal_segment
230901,353,0,true,59,PFC,59,local_0_based,PFC,false,recovered_heuristic_equal_segment
230901,354,0,true,52,PFC,52,local_0_based,PFC,false,recovered_heuristic_equal_segment
230901,355,0,true,52,PFC,52,local_0_based,PFC,false,recovered_heuristic_equal_segment
230901,356,0,true,53,PFC,53,local_0_based,PFC,false,recovered_heuristic_equal_segment
230901,357,0,true,53,PFC,53,local_0_based,PFC,false,recovered_heuristic_equal_segment
230901,358,0,true,53,PFC,53,local_0_based,PFC,false,recovered_heuristic_equal_segment
230901,359,0,true,53,PFC,53,local_0_based,PFC,false,recovered_heuristic_equal_segment
230901,360,0,true,53,PFC,53,local_0_based,PFC,false,recovered_heuristic_equal_segment
230901,361,0,true,52,PFC,52,local_0_based,PFC,false,recovered_heuristic_equal_segment
230901,362,0,true,53,PFC,53,local_0_based,PFC,false,recovered_heuristic_equal_segment
230901,363,0,true,52,PFC,52,local_0_based,PFC,false,recovered_heuristic_equal_segment
230901,364,0,true,73,PFC,73,local_0_based,PFC,false,recovered_heuristic_equal_segment
230901,365,0,true,54,PFC,54,local_0_based,PFC,false,recovered_heuristic_equal_segment
230901,366,0,true,60,PFC,60,local_0_based,PFC,false,recovered_heuristic_equal_segment
230901,367,0,true,54,PFC,54,local_0_based,PFC,false,recovered_heuristic_equal_segment
230901,368,0,true,52,PFC,52,local_0_based,PFC,false,recovered_heuristic_equal_segment
230901,369,0,true,54,PFC,54,local_0_based,PFC,false,recovered_heuristic_equal_segment
230901,370,0,true,54,PFC,54,local_0_based,PFC,false,recovered_heuristic_equal_segment
230901,371,0,true,53,PFC,53,local_0_based,PFC,false,recovered_heuristic_equal_segment
230901,372,0,true,54,PFC,54,local_0_based,PFC,false,recovered_heuristic_equal_segment
230901,373,0,true,54,PFC,54,local_0_based,PFC,false,recovered_heuristic_equal_segment
230901,374,0,true,73,PFC,73,local_0_based,PFC,false,recovered_heuristic_equal_segment
230901,375,0,true,60,PFC,60,local_0_based,PFC,false,recovered_heuristic_equal_segment
230901,376,0,true,55,PFC,55,local_0_based,PFC,false,recovered_heuristic_equal_segment
230901,377,0,true,55,PFC,55,local_0_based,PFC,false,recovered_heuristic_equal_segment
230901,378,0,true,59,PFC,59,local_0_based,PFC,false,recovered_heuristic_equal_segment
230901,379,0,true,55,PFC,55,local_0_based,PFC,false,recovered_heuristic_equal_segment
230901,380,0,true,55,PFC,55,local_0_based,PFC,false,recovered_heuristic_equal_segment
230901,381,0,true,55,PFC,55,local_0_based,PFC,false,recovered_heuristic_equal_segment
230901,382,0,true,55,PFC,55,local_0_based,PFC,false,recovered_heuristic_equal_segment
230901,383,0,true,55,PFC,55,local_0_based,PFC,false,recovered_heuristic_equal_segment
230901,384,0,true,60,PFC,60,local_0_based,PFC,false,recovered_heuristic_equal_segment
230901,385,0,true,55,PFC,55,local_0_based,PFC,false,recovered_heuristic_equal_segment
230901,386,0,true,58,PFC,58,local_0_based,PFC,false,recovered_heuristic_equal_segment
230901,387,0,true,57,PFC,57,local_0_based,PFC,false,recovered_heuristic_equal_segment
230901,388,0,true,57,PFC,57,local_0_based,PFC,false,recovered_heuristic_equal_segment
230901,389,0,true,55,PFC,55,local_0_based,PFC,false,recovered_heuristic_equal_segment
230901,390,0,true,56,PFC,56,local_0_based,PFC,false,recovered_heuristic_equal_segment
230901,391,0,true,59,PFC,59,local_0_based,PFC,false,recovered_heuristic_equal_segment
230901,392,0,true,56,PFC,56,local_0_based,PFC,false,recovered_heuristic_equal_segment
230901,393,0,true,57,PFC,57,local_0_based,PFC,false,recovered_heuristic_equal_segment
230901,394,0,true,56,PFC,56,local_0_based,PFC,false,recovered_heuristic_equal_segment
230901,395,0,true,56,PFC,56,local_0_based,PFC,false,recovered_heuristic_equal_segment
230901,396,0,true,56,PFC,56,local_0_based,PFC,false,recovered_heuristic_equal_segment
230901,397,0,true,56,PFC,56,local_0_based,PFC,false,recovered_heuristic_equal_segment
230901,398,0,true,56,PFC,56,local_0_based,PFC,false,recovered_heuristic_equal_segment
230901,399,0,true,56,PFC,56,local_0_based,PFC,false,recovered_heuristic_equal_segment
230901,400,0,true,56,PFC,56,local_0_based,PFC,false,recovered_heuristic_equal_segment
230901,401,0,true,63,PFC,63,local_0_based,PFC,false,recovered_heuristic_equal_segment
230901,402,0,true,57,PFC,57,local_0_based,PFC,false,recovered_heuristic_equal_segment
230901,403,0,true,57,PFC,57,local_0_based,PFC,false,recovered_heuristic_equal_segment
230901,404,0,true,51,PFC,51,local_0_based,PFC,false,recovered_heuristic_equal_segment
230901,405,0,true,57,PFC,57,local_0_based,PFC,false,recovered_heuristic_equal_segment
230901,406,0,true,58,PFC,58,local_0_based,PFC,false,recovered_heuristic_equal_segment
230901,407,0,true,57,PFC,57,local_0_based,PFC,false,recovered_heuristic_equal_segment
230901,408,0,true,57,PFC,57,local_0_based,PFC,false,recovered_heuristic_equal_segment
230901,409,0,true,68,PFC,68,local_0_based,PFC,false,recovered_heuristic_equal_segment
230901,410,0,true,57,PFC,57,local_0_based,PFC,false,recovered_heuristic_equal_segment
230901,411,0,true,57,PFC,57,local_0_based,PFC,false,recovered_heuristic_equal_segment
230901,412,0,true,79,PFC,79,local_0_based,PFC,false,recovered_heuristic_equal_segment
230901,413,0,true,58,PFC,58,local_0_based,PFC,false,recovered_heuristic_equal_segment
230901,414,0,true,58,PFC,58,local_0_based,PFC,false,recovered_heuristic_equal_segment
230901,415,0,true,59,PFC,59,local_0_based,PFC,false,recovered_heuristic_equal_segment
230901,416,0,true,58,PFC,58,local_0_based,PFC,false,recovered_heuristic_equal_segment
230901,417,0,true,58,PFC,58,local_0_based,PFC,false,recovered_heuristic_equal_segment
230901,418,0,true,58,PFC,58,local_0_based,PFC,false,recovered_heuristic_equal_segment
230901,419,0,true,58,PFC,58,local_0_based,PFC,false,recovered_heuristic_equal_segment
230901,420,0,true,58,PFC,58,local_0_based,PFC,false,recovered_heuristic_equal_segment
230901,421,0,true,58,PFC,58,local_0_based,PFC,false,recovered_heuristic_equal_segment
230901,422,0,true,58,PFC,58,local_0_based,PFC,false,recovered_heuristic_equal_segment
230901,423,0,true,58,PFC,58,local_0_based,PFC,false,recovered_heuristic_equal_segment
230901,424,0,true,53,PFC,53,local_0_based,PFC,false,recovered_heuristic_equal_segment
230901,425,0,true,58,PFC,58,local_0_based,PFC,false,recovered_heuristic_equal_segment
230901,426,0,true,68,PFC,68,local_0_based,PFC,false,recovered_heuristic_equal_segment
230901,427,0,true,59,PFC,59,local_0_based,PFC,false,recovered_heuristic_equal_segment
230901,428,0,true,59,PFC,59,local_0_based,PFC,false,recovered_heuristic_equal_segment
230901,429,0,true,59,PFC,59,local_0_based,PFC,false,recovered_heuristic_equal_segment
230901,430,0,true,59,PFC,59,local_0_based,PFC,false,recovered_heuristic_equal_segment
230901,431,0,true,60,PFC,60,local_0_based,PFC,false,recovered_heuristic_equal_segment
230901,432,0,true,59,PFC,59,local_0_based,PFC,false,recovered_heuristic_equal_segment
230901,433,0,true,59,PFC,59,local_0_based,PFC,false,recovered_heuristic_equal_segment
230901,434,0,true,59,PFC,59,local_0_based,PFC,false,recovered_heuristic_equal_segment
230901,435,0,true,59,PFC,59,local_0_based,PFC,false,recovered_heuristic_equal_segment
230901,436,0,true,59,PFC,59,local_0_based,PFC,false,recovered_heuristic_equal_segment
230901,437,0,true,59,PFC,59,local_0_based,PFC,false,recovered_heuristic_equal_segment
230901,438,0,true,61,PFC,61,local_0_based,PFC,false,recovered_heuristic_equal_segment
230901,439,0,true,60,PFC,60,local_0_based,PFC,false,recovered_heuristic_equal_segment
230901,440,0,true,79,PFC,79,local_0_based,PFC,false,recovered_heuristic_equal_segment
230901,441,0,true,79,PFC,79,local_0_based,PFC,false,recovered_heuristic_equal_segment
230901,442,0,true,60,PFC,60,local_0_based,PFC,false,recovered_heuristic_equal_segment
230901,443,0,true,60,PFC,60,local_0_based,PFC,false,recovered_heuristic_equal_segment
230901,444,0,true,59,PFC,59,local_0_based,PFC,false,recovered_heuristic_equal_segment
230901,445,0,true,62,PFC,62,local_0_based,PFC,false,recovered_heuristic_equal_segment
230901,446,0,true,60,PFC,60,local_0_based,PFC,false,recovered_heuristic_equal_segment
230901,447,0,true,60,PFC,60,local_0_based,PFC,false,recovered_heuristic_equal_segment
230901,448,0,true,57,PFC,57,local_0_based,PFC,false,recovered_heuristic_equal_segment
230901,449,0,true,61,PFC,61,local_0_based,PFC,false,recovered_heuristic_equal_segment
230901,450,0,true,62,PFC,62,local_0_based,PFC,false,recovered_heuristic_equal_segment
230901,451,0,true,60,PFC,60,local_0_based,PFC,false,recovered_heuristic_equal_segment
230901,452,0,true,61,PFC,61,local_0_based,PFC,false,recovered_heuristic_equal_segment
230901,453,0,true,61,PFC,61,local_0_based,PFC,false,recovered_heuristic_equal_segment
230901,454,0,true,61,PFC,61,local_0_based,PFC,false,recovered_heuristic_equal_segment
230901,455,0,true,61,PFC,61,local_0_based,PFC,false,recovered_heuristic_equal_segment
230901,456,0,true,61,PFC,61,local_0_based,PFC,false,recovered_heuristic_equal_segment
230901,457,0,true,61,PFC,61,local_0_based,PFC,false,recovered_heuristic_equal_segment
230901,458,0,true,61,PFC,61,local_0_based,PFC,false,recovered_heuristic_equal_segment
230901,459,0,true,62,PFC,62,local_0_based,PFC,false,recovered_heuristic_equal_segment
230901,460,0,true,61,PFC,61,local_0_based,PFC,false,recovered_heuristic_equal_segment
230901,461,0,true,61,PFC,61,local_0_based,PFC,false,recovered_heuristic_equal_segment
230901,462,0,true,61,PFC,61,local_0_based,PFC,false,recovered_heuristic_equal_segment
230901,463,0,true,79,PFC,79,local_0_based,PFC,false,recovered_heuristic_equal_segment
230901,464,0,true,61,PFC,61,local_0_based,PFC,false,recovered_heuristic_equal_segment
230901,465,0,true,61,PFC,61,local_0_based,PFC,false,recovered_heuristic_equal_segment
230901,466,0,true,61,PFC,61,local_0_based,PFC,false,recovered_heuristic_equal_segment
230901,467,0,true,63,PFC,63,local_0_based,PFC,false,recovered_heuristic_equal_segment
230901,468,0,true,62,PFC,62,local_0_based,PFC,false,recovered_heuristic_equal_segment
230901,469,0,true,60,PFC,60,local_0_based,PFC,false,recovered_heuristic_equal_segment
230901,470,0,true,62,PFC,62,local_0_based,PFC,false,recovered_heuristic_equal_segment
230901,471,0,true,62,PFC,62,local_0_based,PFC,false,recovered_heuristic_equal_segment
230901,472,0,true,62,PFC,62,local_0_based,PFC,false,recovered_heuristic_equal_segment
230901,473,0,true,62,PFC,62,local_0_based,PFC,false,recovered_heuristic_equal_segment
230901,474,0,true,61,PFC,61,local_0_based,PFC,false,recovered_heuristic_equal_segment
230901,475,0,true,62,PFC,62,local_0_based,PFC,false,recovered_heuristic_equal_segment
230901,476,0,true,62,PFC,62,local_0_based,PFC,false,recovered_heuristic_equal_segment
230901,477,0,true,62,PFC,62,local_0_based,PFC,false,recovered_heuristic_equal_segment
230901,478,0,true,62,PFC,62,local_0_based,PFC,false,recovered_heuristic_equal_segment
230901,479,0,true,62,PFC,62,local_0_based,PFC,false,recovered_heuristic_equal_segment
230901,480,0,true,62,PFC,62,local_0_based,PFC,false,recovered_heuristic_equal_segment
230901,481,0,true,63,PFC,63,local_0_based,PFC,false,recovered_heuristic_equal_segment
230901,482,0,true,60,PFC,60,local_0_based,PFC,false,recovered_heuristic_equal_segment
230901,483,0,true,63,PFC,63,local_0_based,PFC,false,recovered_heuristic_equal_segment
230901,484,0,true,63,PFC,63,local_0_based,PFC,false,recovered_heuristic_equal_segment
230901,485,0,true,59,PFC,59,local_0_based,PFC,false,recovered_heuristic_equal_segment
230901,486,0,true,63,PFC,63,local_0_based,PFC,false,recovered_heuristic_equal_segment
230901,487,0,true,63,PFC,63,local_0_based,PFC,false,recovered_heuristic_equal_segment
230901,488,0,true,62,PFC,62,local_0_based,PFC,false,recovered_heuristic_equal_segment
230901,489,0,true,63,PFC,63,local_0_based,PFC,false,recovered_heuristic_equal_segment
230901,490,0,true,60,PFC,60,local_0_based,PFC,false,recovered_heuristic_equal_segment
230901,491,0,true,63,PFC,63,local_0_based,PFC,false,recovered_heuristic_equal_segment
230901,492,0,true,63,PFC,63,local_0_based,PFC,false,recovered_heuristic_equal_segment
230901,493,0,true,63,PFC,63,local_0_based,PFC,false,recovered_heuristic_equal_segment
230901,494,0,true,63,PFC,63,local_0_based,PFC,false,recovered_heuristic_equal_segment
230901,495,0,true,63,PFC,63,local_0_based,PFC,false,recovered_heuristic_equal_segment
230901,496,0,true,124,PFC,124,local_0_based,PFC,false,recovered_heuristic_equal_segment
230901,497,0,true,9,PFC,9,local_0_based,PFC,false,recovered_heuristic_equal_segment
230901,498,0,true,19,PFC,19,local_0_based,PFC,false,recovered_heuristic_equal_segment
230901,499,0,true,79,PFC,79,local_0_based,PFC,false,recovered_heuristic_equal_segment
230901,500,0,true,68,PFC,68,local_0_based,PFC,false,recovered_heuristic_equal_segment
230901,501,0,true,79,PFC,79,local_0_based,PFC,false,recovered_heuristic_equal_segment
230901,502,0,true,79,PFC,79,local_0_based,PFC,false,recovered_heuristic_equal_segment
230901,503,0,true,56,PFC,56,local_0_based,PFC,false,recovered_heuristic_equal_segment
230901,504,0,true,60,PFC,60,local_0_based,PFC,false,recovered_heuristic_equal_segment
230901,505,0,true,79,PFC,79,local_0_based,PFC,false,recovered_heuristic_equal_segment
230901,506,0,true,68,PFC,68,local_0_based,PFC,false,recovered_heuristic_equal_segment
230901,507,0,true,56,PFC,56,local_0_based,PFC,false,recovered_heuristic_equal_segment
