session_id,unit_axis_index,probe_id,source_file,in_a8_2,a8_3_original_status,a8_3_original_canonical_area,nwb_profile_found,nwb_peak_channel_id,nwb_probe_location,nwb_group_name,probe_in_session_area_map,probe_area_count,probe_is_single_area,channel_resolution_method,recovered_canonical_area,recovered_area_group,dp_alias_applied,recovery_status,can_upgrade_to_area_claim_candidate,can_support_manuscript_area_claim
230629,0,0,ses230629-units-probe0-spk-AAAB.npy,true,unmapped_no_metadata,Unknown,true,0,"V1,V2",probeA,true,2,false,heuristic_equal_segment,V1,lower_visual,false,recovered_heuristic_equal_segment,true,false
230629,1,0,ses230629-units-probe0-spk-AAAB.npy,true,unmapped_no_metadata,Unknown,true,0,"V1,V2",probeA,true,2,false,heuristic_equal_segment,V1,lower_visual,false,recovered_heuristic_equal_segment,true,false
230629,2,0,ses230629-units-probe0-spk-AAAB.npy,true,unmapped_no_metadata,Unknown,true,0,"V1,V2",probeA,true,2,false,heuristic_equal_segment,V1,lower_visual,false,recovered_heuristic_equal_segment,true,false
230629,3,0,ses230629-units-probe0-spk-AAAB.npy,true,unmapped_no_metadata,Unknown,true,0,"V1,V2",probeA,true,2,false,heuristic_equal_segment,V1,lower_visual,false,recovered_heuristic_equal_segment,true,false
230629,4,0,ses230629-units-probe0-spk-AAAB.npy,true,unmapped_no_metadata,Unknown,true,1,"V1,V2",probeA,true,2,false,heuristic_equal_segment,V1,lower_visual,false,recovered_heuristic_equal_segment,true,false
230629,5,0,ses230629-units-probe0-spk-AAAB.npy,true,unmapped_no_metadata,Unknown,true,127,"V1,V2",probeA,true,2,false,heuristic_equal_segment,V2,lower_visual,false,recovered_heuristic_equal_segment,true,false
230629,6,0,ses230629-units-probe0-spk-AAAB.npy,true,unmapped_no_metadata,Unknown,true,127,"V1,V2",probeA,true,2,false,heuristic_equal_segment,V2,lower_visual,false,recovered_heuristic_equal_segment,true,false
230629,7,0,ses230629-units-probe0-spk-AAAB.npy,true,unmapped_no_metadata,Unknown,true,126,"V1,V2",probeA,true,2,false,heuristic_equal_segment,V2,lower_visual,false,recovered_heuristic_equal_segment,true,false
230629,8,0,ses230629-units-probe0-spk-AAAB.npy,true,unmapped_no_metadata,Unknown,true,2,"V1,V2",probeA,true,2,false,heuristic_equal_segment,V1,lower_visual,false,recovered_heuristic_equal_segment,true,false
230629,9,0,ses230629-units-probe0-spk-AAAB.npy,true,unmapped_no_metadata,Unknown,true,2,"V1,V2",probeA,true,2,false,heuristic_equal_segment,V1,lower_visual,false,recovered_heuristic_equal_segment,true,false
230629,10,0,ses230629-units-probe0-spk-AAAB.npy,true,unmapped_no_metadata,Unknown,true,4,"V1,V2",probeA,true,2,false,heuristic_equal_segment,V1,lower_visual,false,recovered_heuristic_equal_segment,true,false
230629,11,0,ses230629-units-probe0-spk-AAAB.npy,true,unmapped_no_metadata,Unknown,true,4,"V1,V2",probeA,true,2,false,heuristic_equal_segment,V1,lower_visual,false,recovered_heuristic_equal_segment,true,false
230629,12,0,ses230629-units-probe0-spk-AAAB.npy,true,unmapped_no_metadata,Unknown,true,4,"V1,V2",probeA,true,2,false,heuristic_equal_segment,V1,lower_visual,false,recovered_heuristic_equal_segment,true,false
230629,13,0,ses230629-units-probe0-spk-AAAB.npy,true,unmapped_no_metadata,Unknown,true,5,"V1,V2",probeA,true,2,false,heuristic_equal_segment,V1,lower_visual,false,recovered_heuristic_equal_segment,true,false
230629,14,0,ses230629-units-probe0-spk-AAAB.npy,true,unmapped_no_metadata,Unknown,true,5,"V1,V2",probeA,true,2,false,heuristic_equal_segment,V1,lower_visual,false,recovered_heuristic_equal_segment,true,false
230629,15,0,ses230629-units-probe0-spk-AAAB.npy,true,unmapped_no_metadata,Unknown,true,122,"V1,V2",probeA,true,2,false,heuristic_equal_segment,V2,lower_visual,false,recovered_heuristic_equal_segment,true,false
230629,16,0,ses230629-units-probe0-spk-AAAB.npy,true,unmapped_no_metadata,Unknown,true,6,"V1,V2",probeA,true,2,false,heuristic_equal_segment,V1,lower_visual,false,recovered_heuristic_equal_segment,true,false
230629,17,0,ses230629-units-probe0-spk-AAAB.npy,true,unmapped_no_metadata,Unknown,true,6,"V1,V2",probeA,true,2,false,heuristic_equal_segment,V1,lower_visual,false,recovered_heuristic_equal_segment,true,false
230629,18,0,ses230629-units-probe0-spk-AAAB.npy,true,unmapped_no_metadata,Unknown,true,6,"V1,V2",probeA,true,2,false,heuristic_equal_segment,V1,lower_visual,false,recovered_heuristic_equal_segment,true,false
230629,19,0,ses230629-units-probe0-spk-AAAB.npy,true,unmapped_no_metadata,Unknown,true,120,"V1,V2",probeA,true,2,false,heuristic_equal_segment,V2,lower_visual,false,recovered_heuristic_equal_segment,true,false
230629,20,0,ses230629-units-probe0-spk-AAAB.npy,true,unmapped_no_metadata,Unknown,true,8,"V1,V2",probeA,true,2,false,heuristic_equal_segment,V1,lower_visual,false,recovered_heuristic_equal_segment,true,false
230629,21,0,ses230629-units-probe0-spk-AAAB.npy,true,unmapped_no_metadata,Unknown,true,9,"V1,V2",probeA,true,2,false,heuristic_equal_segment,V1,lower_visual,false,recovered_heuristic_equal_segment,true,false
230629,22,0,ses230629-units-probe0-spk-AAAB.npy,true,unmapped_no_metadata,Unknown,true,118,"V1,V2",probeA,true,2,false,heuristic_equal_segment,V2,lower_visual,false,recovered_heuristic_equal_segment,true,false
230629,23,0,ses230629-units-probe0-spk-AAAB.npy,true,unmapped_no_metadata,Unknown,true,118,"V1,V2",probeA,true,2,false,heuristic_equal_segment,V2,lower_visual,false,recovered_heuristic_equal_segment,true,false
230629,24,0,ses230629-units-probe0-spk-AAAB.npy,true,unmapped_no_metadata,Unknown,true,10,"V1,V2",probeA,true,2,false,heuristic_equal_segment,V1,lower_visual,false,recovered_heuristic_equal_segment,true,false
230629,25,0,ses230629-units-probe0-spk-AAAB.npy,true,unmapped_no_metadata,Unknown,true,10,"V1,V2",probeA,true,2,false,heuristic_equal_segment,V1,lower_visual,false,recovered_heuristic_equal_segment,true,false
230629,26,0,ses230629-units-probe0-spk-AAAB.npy,true,unmapped_no_metadata,Unknown,true,117,"V1,V2",probeA,true,2,false,heuristic_equal_segment,V2,lower_visual,false,recovered_heuristic_equal_segment,true,false
230629,27,0,ses230629-units-probe0-spk-AAAB.npy,true,unmapped_no_metadata,Unknown,true,117,"V1,V2",probeA,true,2,false,heuristic_equal_segment,V2,lower_visual,false,recovered_heuristic_equal_segment,true,false
230629,28,0,ses230629-units-probe0-spk-AAAB.npy,true,unmapped_no_metadata,Unknown,true,11,"V1,V2",probeA,true,2,false,heuristic_equal_segment,V1,lower_visual,false,recovered_heuristic_equal_segment,true,false
230629,29,0,ses230629-units-probe0-spk-AAAB.npy,true,unmapped_no_metadata,Unknown,true,116,"V1,V2",probeA,true,2,false,heuristic_equal_segment,V2,lower_visual,false,recovered_heuristic_equal_segment,true,false
230629,30,0,ses230629-units-probe0-spk-AAAB.npy,true,unmapped_no_metadata,Unknown,true,12,"V1,V2",probeA,true,2,false,heuristic_equal_segment,V1,lower_visual,false,recovered_heuristic_equal_segment,true,false
230629,31,0,ses230629-units-probe0-spk-AAAB.npy,true,unmapped_no_metadata,Unknown,true,12,"V1,V2",probeA,true,2,false,heuristic_equal_segment,V1,lower_visual,false,recovered_heuristic_equal_segment,true,false
230629,32,0,ses230629-units-probe0-spk-AAAB.npy,true,unmapped_no_metadata,Unknown,true,115,"V1,V2",probeA,true,2,false,heuristic_equal_segment,V2,lower_visual,false,recovered_heuristic_equal_segment,true,false
230629,33,0,ses230629-units-probe0-spk-AAAB.npy,true,unmapped_no_metadata,Unknown,true,13,"V1,V2",probeA,true,2,false,heuristic_equal_segment,V1,lower_visual,false,recovered_heuristic_equal_segment,true,false
230629,34,0,ses230629-units-probe0-spk-AAAB.npy,true,unmapped_no_metadata,Unknown,true,114,"V1,V2",probeA,true,2,false,heuristic_equal_segment,V2,lower_visual,false,recovered_heuristic_equal_segment,true,false
230629,35,0,ses230629-units-probe0-spk-AAAB.npy,true,unmapped_no_metadata,Unknown,true,114,"V1,V2",probeA,true,2,false,heuristic_equal_segment,V2,lower_visual,false,recovered_heuristic_equal_segment,true,false
230629,36,0,ses230629-units-probe0-spk-AAAB.npy,true,unmapped_no_metadata,Unknown,true,14,"V1,V2",probeA,true,2,false,heuristic_equal_segment,V1,lower_visual,false,recovered_heuristic_equal_segment,true,false
230629,37,0,ses230629-units-probe0-spk-AAAB.npy,true,unmapped_no_metadata,Unknown,true,113,"V1,V2",probeA,true,2,false,heuristic_equal_segment,V2,lower_visual,false,recovered_heuristic_equal_segment,true,false
230629,38,0,ses230629-units-probe0-spk-AAAB.npy,true,unmapped_no_metadata,Unknown,true,15,"V1,V2",probeA,true,2,false,heuristic_equal_segment,V1,lower_visual,false,recovered_heuristic_equal_segment,true,false
230629,39,0,ses230629-units-probe0-spk-AAAB.npy,true,unmapped_no_metadata,Unknown,true,112,"V1,V2",probeA,true,2,false,heuristic_equal_segment,V2,lower_visual,false,recovered_heuristic_equal_segment,true,false
230629,40,0,ses230629-units-probe0-spk-AAAB.npy,true,unmapped_no_metadata,Unknown,true,112,"V1,V2",probeA,true,2,false,heuristic_equal_segment,V2,lower_visual,false,recovered_heuristic_equal_segment,true,false
230629,41,0,ses230629-units-probe0-spk-AAAB.npy,true,unmapped_no_metadata,Unknown,true,112,"V1,V2",probeA,true,2,false,heuristic_equal_segment,V2,lower_visual,false,recovered_heuristic_equal_segment,true,false
230629,42,0,ses230629-units-probe0-spk-AAAB.npy,true,unmapped_no_metadata,Unknown,true,16,"V1,V2",probeA,true,2,false,heuristic_equal_segment,V1,lower_visual,false,recovered_heuristic_equal_segment,true,false
230629,43,0,ses230629-units-probe0-spk-AAAB.npy,true,unmapped_no_metadata,Unknown,true,111,"V1,V2",probeA,true,2,false,heuristic_equal_segment,V2,lower_visual,false,recovered_heuristic_equal_segment,true,false
230629,44,0,ses230629-units-probe0-spk-AAAB.npy,true,unmapped_no_metadata,Unknown,true,17,"V1,V2",probeA,true,2,false,heuristic_equal_segment,V1,lower_visual,false,recovered_heuristic_equal_segment,true,false
230629,45,0,ses230629-units-probe0-spk-AAAB.npy,true,unmapped_no_metadata,Unknown,true,17,"V1,V2",probeA,true,2,false,heuristic_equal_segment,V1,lower_visual,false,recovered_heuristic_equal_segment,true,false
230629,46,0,ses230629-units-probe0-spk-AAAB.npy,true,unmapped_no_metadata,Unknown,true,110,"V1,V2",probeA,true,2,false,heuristic_equal_segment,V2,lower_visual,false,recovered_heuristic_equal_segment,true,false
230629,47,0,ses230629-units-probe0-spk-AAAB.npy,true,unmapped_no_metadata,Unknown,true,18,"V1,V2",probeA,true,2,false,heuristic_equal_segment,V1,lower_visual,false,recovered_heuristic_equal_segment,true,false
230629,48,0,ses230629-units-probe0-spk-AAAB.npy,true,unmapped_no_metadata,Unknown,true,18,"V1,V2",probeA,true,2,false,heuristic_equal_segment,V1,lower_visual,false,recovered_heuristic_equal_segment,true,false
230629,49,0,ses230629-units-probe0-spk-AAAB.npy,true,unmapped_no_metadata,Unknown,true,19,"V1,V2",probeA,true,2,false,heuristic_equal_segment,V1,lower_visual,false,recovered_heuristic_equal_segment,true,false
230629,50,0,ses230629-units-probe0-spk-AAAB.npy,true,unmapped_no_metadata,Unknown,true,20,"V1,V2",probeA,true,2,false,heuristic_equal_segment,V1,lower_visual,false,recovered_heuristic_equal_segment,true,false
230629,51,0,ses230629-units-probe0-spk-AAAB.npy,true,unmapped_no_metadata,Unknown,true,20,"V1,V2",probeA,true,2,false,heuristic_equal_segment,V1,lower_visual,false,recovered_heuristic_equal_segment,true,false
230629,52,0,ses230629-units-probe0-spk-AAAB.npy,true,unmapped_no_metadata,Unknown,true,107,"V1,V2",probeA,true,2,false,heuristic_equal_segment,V2,lower_visual,false,recovered_heuristic_equal_segment,true,false
230629,53,0,ses230629-units-probe0-spk-AAAB.npy,true,unmapped_no_metadata,Unknown,true,21,"V1,V2",probeA,true,2,false,heuristic_equal_segment,V1,lower_visual,false,recovered_heuristic_equal_segment,true,false
230629,54,0,ses230629-units-probe0-spk-AAAB.npy,true,unmapped_no_metadata,Unknown,true,22,"V1,V2",probeA,true,2,false,heuristic_equal_segment,V1,lower_visual,false,recovered_heuristic_equal_segment,true,false
230629,55,0,ses230629-units-probe0-spk-AAAB.npy,true,unmapped_no_metadata,Unknown,true,23,"V1,V2",probeA,true,2,false,heuristic_equal_segment,V1,lower_visual,false,recovered_heuristic_equal_segment,true,false
230629,56,0,ses230629-units-probe0-spk-AAAB.npy,true,unmapped_no_metadata,Unknown,true,24,"V1,V2",probeA,true,2,false,heuristic_equal_segment,V1,lower_visual,false,recovered_heuristic_equal_segment,true,false
230629,57,0,ses230629-units-probe0-spk-AAAB.npy,true,unmapped_no_metadata,Unknown,true,24,"V1,V2",probeA,true,2,false,heuristic_equal_segment,V1,lower_visual,false,recovered_heuristic_equal_segment,true,false
230629,58,0,ses230629-units-probe0-spk-AAAB.npy,true,unmapped_no_metadata,Unknown,true,25,"V1,V2",probeA,true,2,false,heuristic_equal_segment,V1,lower_visual,false,recovered_heuristic_equal_segment,true,false
230629,59,0,ses230629-units-probe0-spk-AAAB.npy,true,unmapped_no_metadata,Unknown,true,25,"V1,V2",probeA,true,2,false,heuristic_equal_segment,V1,lower_visual,false,recovered_heuristic_equal_segment,true,false
230629,60,0,ses230629-units-probe0-spk-AAAB.npy,true,unmapped_no_metadata,Unknown,true,102,"V1,V2",probeA,true,2,false,heuristic_equal_segment,V2,lower_visual,false,recovered_heuristic_equal_segment,true,false
230629,61,0,ses230629-units-probe0-spk-AAAB.npy,true,unmapped_no_metadata,Unknown,true,26,"V1,V2",probeA,true,2,false,heuristic_equal_segment,V1,lower_visual,false,recovered_heuristic_equal_segment,true,false
230629,62,0,ses230629-units-probe0-spk-AAAB.npy,true,unmapped_no_metadata,Unknown,true,26,"V1,V2",probeA,true,2,false,heuristic_equal_segment,V1,lower_visual,false,recovered_heuristic_equal_segment,true,false
230629,63,0,ses230629-units-probe0-spk-AAAB.npy,true,unmapped_no_metadata,Unknown,true,26,"V1,V2",probeA,true,2,false,heuristic_equal_segment,V1,lower_visual,false,recovered_heuristic_equal_segment,true,false
230629,64,0,ses230629-units-probe0-spk-AAAB.npy,true,unmapped_no_metadata,Unknown,true,101,"V1,V2",probeA,true,2,false,heuristic_equal_segment,V2,lower_visual,false,recovered_heuristic_equal_segment,true,false
230629,65,0,ses230629-units-probe0-spk-AAAB.npy,true,unmapped_no_metadata,Unknown,true,101,"V1,V2",probeA,true,2,false,heuristic_equal_segment,V2,lower_visual,false,recovered_heuristic_equal_segment,true,false
230629,66,0,ses230629-units-probe0-spk-AAAB.npy,true,unmapped_no_metadata,Unknown,true,101,"V1,V2",probeA,true,2,false,heuristic_equal_segment,V2,lower_visual,false,recovered_heuristic_equal_segment,true,false
230629,67,0,ses230629-units-probe0-spk-AAAB.npy,true,unmapped_no_metadata,Unknown,true,101,"V1,V2",probeA,true,2,false,heuristic_equal_segment,V2,lower_visual,false,recovered_heuristic_equal_segment,true,false
230629,68,0,ses230629-units-probe0-spk-AAAB.npy,true,unmapped_no_metadata,Unknown,true,101,"V1,V2",probeA,true,2,false,heuristic_equal_segment,V2,lower_visual,false,recovered_heuristic_equal_segment,true,false
230629,69,0,ses230629-units-probe0-spk-AAAB.npy,true,unmapped_no_metadata,Unknown,true,27,"V1,V2",probeA,true,2,false,heuristic_equal_segment,V1,lower_visual,false,recovered_heuristic_equal_segment,true,false
230629,70,0,ses230629-units-probe0-spk-AAAB.npy,true,unmapped_no_metadata,Unknown,true,27,"V1,V2",probeA,true,2,false,heuristic_equal_segment,V1,lower_visual,false,recovered_heuristic_equal_segment,true,false
230629,71,0,ses230629-units-probe0-spk-AAAB.npy,true,unmapped_no_metadata,Unknown,true,99,"V1,V2",probeA,true,2,false,heuristic_equal_segment,V2,lower_visual,false,recovered_heuristic_equal_segment,true,false
230629,72,0,ses230629-units-probe0-spk-AAAB.npy,true,unmapped_no_metadata,Unknown,true,99,"V1,V2",probeA,true,2,false,heuristic_equal_segment,V2,lower_visual,false,recovered_heuristic_equal_segment,true,false
230629,73,0,ses230629-units-probe0-spk-AAAB.npy,true,unmapped_no_metadata,Unknown,true,31,"V1,V2",probeA,true,2,false,heuristic_equal_segment,V1,lower_visual,false,recovered_heuristic_equal_segment,true,false
230629,74,0,ses230629-units-probe0-spk-AAAB.npy,true,unmapped_no_metadata,Unknown,true,31,"V1,V2",probeA,true,2,false,heuristic_equal_segment,V1,lower_visual,false,recovered_heuristic_equal_segment,true,false
230629,75,0,ses230629-units-probe0-spk-AAAB.npy,true,unmapped_no_metadata,Unknown,true,29,"V1,V2",probeA,true,2,false,heuristic_equal_segment,V1,lower_visual,false,recovered_heuristic_equal_segment,true,false
230629,76,0,ses230629-units-probe0-spk-AAAB.npy,true,unmapped_no_metadata,Unknown,true,29,"V1,V2",probeA,true,2,false,heuristic_equal_segment,V1,lower_visual,false,recovered_heuristic_equal_segment,true,false
230629,77,0,ses230629-units-probe0-spk-AAAB.npy,true,unmapped_no_metadata,Unknown,true,29,"V1,V2",probeA,true,2,false,heuristic_equal_segment,V1,lower_visual,false,recovered_heuristic_equal_segment,true,false
230629,78,0,ses230629-units-probe0-spk-AAAB.npy,true,unmapped_no_metadata,Unknown,true,98,"V1,V2",probeA,true,2,false,heuristic_equal_segment,V2,lower_visual,false,recovered_heuristic_equal_segment,true,false
230629,79,0,ses230629-units-probe0-spk-AAAB.npy,true,unmapped_no_metadata,Unknown,true,98,"V1,V2",probeA,true,2,false,heuristic_equal_segment,V2,lower_visual,false,recovered_heuristic_equal_segment,true,false
230629,80,0,ses230629-units-probe0-spk-AAAB.npy,true,unmapped_no_metadata,Unknown,true,98,"V1,V2",probeA,true,2,false,heuristic_equal_segment,V2,lower_visual,false,recovered_heuristic_equal_segment,true,false
230629,81,0,ses230629-units-probe0-spk-AAAB.npy,true,unmapped_no_metadata,Unknown,true,98,"V1,V2",probeA,true,2,false,heuristic_equal_segment,V2,lower_visual,false,recovered_heuristic_equal_segment,true,false
230629,82,0,ses230629-units-probe0-spk-AAAB.npy,true,unmapped_no_metadata,Unknown,true,98,"V1,V2",probeA,true,2,false,heuristic_equal_segment,V2,lower_visual,false,recovered_heuristic_equal_segment,true,false
230629,83,0,ses230629-units-probe0-spk-AAAB.npy,true,unmapped_no_metadata,Unknown,true,98,"V1,V2",probeA,true,2,false,heuristic_equal_segment,V2,lower_visual,false,recovered_heuristic_equal_segment,true,false
230629,84,0,ses230629-units-probe0-spk-AAAB.npy,true,unmapped_no_metadata,Unknown,true,30,"V1,V2",probeA,true,2,false,heuristic_equal_segment,V1,lower_visual,false,recovered_heuristic_equal_segment,true,false
230629,85,0,ses230629-units-probe0-spk-AAAB.npy,true,unmapped_no_metadata,Unknown,true,97,"V1,V2",probeA,true,2,false,heuristic_equal_segment,V2,lower_visual,false,recovered_heuristic_equal_segment,true,false
230629,86,0,ses230629-units-probe0-spk-AAAB.npy,true,unmapped_no_metadata,Unknown,true,31,"V1,V2",probeA,true,2,false,heuristic_equal_segment,V1,lower_visual,false,recovered_heuristic_equal_segment,true,false
230629,87,0,ses230629-units-probe0-spk-AAAB.npy,true,unmapped_no_metadata,Unknown,true,31,"V1,V2",probeA,true,2,false,heuristic_equal_segment,V1,lower_visual,false,recovered_heuristic_equal_segment,true,false
230629,88,0,ses230629-units-probe0-spk-AAAB.npy,true,unmapped_no_metadata,Unknown,true,96,"V1,V2",probeA,true,2,false,heuristic_equal_segment,V2,lower_visual,false,recovered_heuristic_equal_segment,true,false
230629,89,0,ses230629-units-probe0-spk-AAAB.npy,true,unmapped_no_metadata,Unknown,true,95,"V1,V2",probeA,true,2,false,heuristic_equal_segment,V2,lower_visual,false,recovered_heuristic_equal_segment,true,false
230629,90,0,ses230629-units-probe0-spk-AAAB.npy,true,unmapped_no_metadata,Unknown,true,95,"V1,V2",probeA,true,2,false,heuristic_equal_segment,V2,lower_visual,false,recovered_heuristic_equal_segment,true,false
230629,91,0,ses230629-units-probe0-spk-AAAB.npy,true,unmapped_no_metadata,Unknown,true,33,"V1,V2",probeA,true,2,false,heuristic_equal_segment,V1,lower_visual,false,recovered_heuristic_equal_segment,true,false
230629,92,0,ses230629-units-probe0-spk-AAAB.npy,true,unmapped_no_metadata,Unknown,true,34,"V1,V2",probeA,true,2,false,heuristic_equal_segment,V1,lower_visual,false,recovered_heuristic_equal_segment,true,false
230629,93,0,ses230629-units-probe0-spk-AAAB.npy,true,unmapped_no_metadata,Unknown,true,94,"V1,V2",probeA,true,2,false,heuristic_equal_segment,V2,lower_visual,false,recovered_heuristic_equal_segment,true,false
230629,94,0,ses230629-units-probe0-spk-AAAB.npy,true,unmapped_no_metadata,Unknown,true,94,"V1,V2",probeA,true,2,false,heuristic_equal_segment,V2,lower_visual,false,recovered_heuristic_equal_segment,true,false
230629,95,0,ses230629-units-probe0-spk-AAAB.npy,true,unmapped_no_metadata,Unknown,true,34,"V1,V2",probeA,true,2,false,heuristic_equal_segment,V1,lower_visual,false,recovered_heuristic_equal_segment,true,false
230629,96,0,ses230629-units-probe0-spk-AAAB.npy,true,unmapped_no_metadata,Unknown,true,34,"V1,V2",probeA,true,2,false,heuristic_equal_segment,V1,lower_visual,false,recovered_heuristic_equal_segment,true,false
230629,97,0,ses230629-units-probe0-spk-AAAB.npy,true,unmapped_no_metadata,Unknown,true,34,"V1,V2",probeA,true,2,false,heuristic_equal_segment,V1,lower_visual,false,recovered_heuristic_equal_segment,true,false
230629,98,0,ses230629-units-probe0-spk-AAAB.npy,true,unmapped_no_metadata,Unknown,true,93,"V1,V2",probeA,true,2,false,heuristic_equal_segment,V2,lower_visual,false,recovered_heuristic_equal_segment,true,false
230629,99,0,ses230629-units-probe0-spk-AAAB.npy,true,unmapped_no_metadata,Unknown,true,35,"V1,V2",probeA,true,2,false,heuristic_equal_segment,V1,lower_visual,false,recovered_heuristic_equal_segment,true,false
230629,100,0,ses230629-units-probe0-spk-AAAB.npy,true,unmapped_no_metadata,Unknown,true,35,"V1,V2",probeA,true,2,false,heuristic_equal_segment,V1,lower_visual,false,recovered_heuristic_equal_segment,true,false
230629,101,0,ses230629-units-probe0-spk-AAAB.npy,true,unmapped_no_metadata,Unknown,true,92,"V1,V2",probeA,true,2,false,heuristic_equal_segment,V2,lower_visual,false,recovered_heuristic_equal_segment,true,false
230629,102,0,ses230629-units-probe0-spk-AAAB.npy,true,unmapped_no_metadata,Unknown,true,92,"V1,V2",probeA,true,2,false,heuristic_equal_segment,V2,lower_visual,false,recovered_heuristic_equal_segment,true,false
230629,103,0,ses230629-units-probe0-spk-AAAB.npy,true,unmapped_no_metadata,Unknown,true,92,"V1,V2",probeA,true,2,false,heuristic_equal_segment,V2,lower_visual,false,recovered_heuristic_equal_segment,true,false
230629,104,0,ses230629-units-probe0-spk-AAAB.npy,true,unmapped_no_metadata,Unknown,true,92,"V1,V2",probeA,true,2,false,heuristic_equal_segment,V2,lower_visual,false,recovered_heuristic_equal_segment,true,false
230629,105,0,ses230629-units-probe0-spk-AAAB.npy,true,unmapped_no_metadata,Unknown,true,36,"V1,V2",probeA,true,2,false,heuristic_equal_segment,V1,lower_visual,false,recovered_heuristic_equal_segment,true,false
230629,106,0,ses230629-units-probe0-spk-AAAB.npy,true,unmapped_no_metadata,Unknown,true,36,"V1,V2",probeA,true,2,false,heuristic_equal_segment,V1,lower_visual,false,recovered_heuristic_equal_segment,true,false
230629,107,0,ses230629-units-probe0-spk-AAAB.npy,true,unmapped_no_metadata,Unknown,true,91,"V1,V2",probeA,true,2,false,heuristic_equal_segment,V2,lower_visual,false,recovered_heuristic_equal_segment,true,false
230629,108,0,ses230629-units-probe0-spk-AAAB.npy,true,unmapped_no_metadata,Unknown,true,91,"V1,V2",probeA,true,2,false,heuristic_equal_segment,V2,lower_visual,false,recovered_heuristic_equal_segment,true,false
230629,109,0,ses230629-units-probe0-spk-AAAB.npy,true,unmapped_no_metadata,Unknown,true,90,"V1,V2",probeA,true,2,false,heuristic_equal_segment,V2,lower_visual,false,recovered_heuristic_equal_segment,true,false
230629,110,0,ses230629-units-probe0-spk-AAAB.npy,true,unmapped_no_metadata,Unknown,true,37,"V1,V2",probeA,true,2,false,heuristic_equal_segment,V1,lower_visual,false,recovered_heuristic_equal_segment,true,false
230629,111,0,ses230629-units-probe0-spk-AAAB.npy,true,unmapped_no_metadata,Unknown,true,37,"V1,V2",probeA,true,2,false,heuristic_equal_segment,V1,lower_visual,false,recovered_heuristic_equal_segment,true,false
230629,112,0,ses230629-units-probe0-spk-AAAB.npy,true,unmapped_no_metadata,Unknown,true,38,"V1,V2",probeA,true,2,false,heuristic_equal_segment,V1,lower_visual,false,recovered_heuristic_equal_segment,true,false
230629,113,0,ses230629-units-probe0-spk-AAAB.npy,true,unmapped_no_metadata,Unknown,true,89,"V1,V2",probeA,true,2,false,heuristic_equal_segment,V2,lower_visual,false,recovered_heuristic_equal_segment,true,false
230629,114,0,ses230629-units-probe0-spk-AAAB.npy,true,unmapped_no_metadata,Unknown,true,89,"V1,V2",probeA,true,2,false,heuristic_equal_segment,V2,lower_visual,false,recovered_heuristic_equal_segment,true,false
230629,115,0,ses230629-units-probe0-spk-AAAB.npy,true,unmapped_no_metadata,Unknown,true,39,"V1,V2",probeA,true,2,false,heuristic_equal_segment,V1,lower_visual,false,recovered_heuristic_equal_segment,true,false
230629,116,0,ses230629-units-probe0-spk-AAAB.npy,true,unmapped_no_metadata,Unknown,true,39,"V1,V2",probeA,true,2,false,heuristic_equal_segment,V1,lower_visual,false,recovered_heuristic_equal_segment,true,false
230629,117,0,ses230629-units-probe0-spk-AAAB.npy,true,unmapped_no_metadata,Unknown,true,39,"V1,V2",probeA,true,2,false,heuristic_equal_segment,V1,lower_visual,false,recovered_heuristic_equal_segment,true,false
230629,118,0,ses230629-units-probe0-spk-AAAB.npy,true,unmapped_no_metadata,Unknown,true,88,"V1,V2",probeA,true,2,false,heuristic_equal_segment,V2,lower_visual,false,recovered_heuristic_equal_segment,true,false
230629,119,0,ses230629-units-probe0-spk-AAAB.npy,true,unmapped_no_metadata,Unknown,true,88,"V1,V2",probeA,true,2,false,heuristic_equal_segment,V2,lower_visual,false,recovered_heuristic_equal_segment,true,false
230629,120,0,ses230629-units-probe0-spk-AAAB.npy,true,unmapped_no_metadata,Unknown,true,88,"V1,V2",probeA,true,2,false,heuristic_equal_segment,V2,lower_visual,false,recovered_heuristic_equal_segment,true,false
230629,121,0,ses230629-units-probe0-spk-AAAB.npy,true,unmapped_no_metadata,Unknown,true,37,"V1,V2",probeA,true,2,false,heuristic_equal_segment,V1,lower_visual,false,recovered_heuristic_equal_segment,true,false
230629,122,0,ses230629-units-probe0-spk-AAAB.npy,true,unmapped_no_metadata,Unknown,true,88,"V1,V2",probeA,true,2,false,heuristic_equal_segment,V2,lower_visual,false,recovered_heuristic_equal_segment,true,false
230629,123,0,ses230629-units-probe0-spk-AAAB.npy,true,unmapped_no_metadata,Unknown,true,40,"V1,V2",probeA,true,2,false,heuristic_equal_segment,V1,lower_visual,false,recovered_heuristic_equal_segment,true,false
230629,124,0,ses230629-units-probe0-spk-AAAB.npy,true,unmapped_no_metadata,Unknown,true,40,"V1,V2",probeA,true,2,false,heuristic_equal_segment,V1,lower_visual,false,recovered_heuristic_equal_segment,true,false
230629,125,0,ses230629-units-probe0-spk-AAAB.npy,true,unmapped_no_metadata,Unknown,true,87,"V1,V2",probeA,true,2,false,heuristic_equal_segment,V2,lower_visual,false,recovered_heuristic_equal_segment,true,false
230629,126,0,ses230629-units-probe0-spk-AAAB.npy,true,unmapped_no_metadata,Unknown,true,41,"V1,V2",probeA,true,2,false,heuristic_equal_segment,V1,lower_visual,false,recovered_heuristic_equal_segment,true,false
230629,127,0,ses230629-units-probe0-spk-AAAB.npy,true,unmapped_no_metadata,Unknown,true,86,"V1,V2",probeA,true,2,false,heuristic_equal_segment,V2,lower_visual,false,recovered_heuristic_equal_segment,true,false
230629,128,0,ses230629-units-probe0-spk-AAAB.npy,true,unmapped_no_metadata,Unknown,true,86,"V1,V2",probeA,true,2,false,heuristic_equal_segment,V2,lower_visual,false,recovered_heuristic_equal_segment,true,false
230629,129,0,ses230629-units-probe0-spk-AAAB.npy,true,unmapped_no_metadata,Unknown,true,42,"V1,V2",probeA,true,2,false,heuristic_equal_segment,V1,lower_visual,false,recovered_heuristic_equal_segment,true,false
230629,130,0,ses230629-units-probe0-spk-AAAB.npy,true,unmapped_no_metadata,Unknown,true,43,"V1,V2",probeA,true,2,false,heuristic_equal_segment,V1,lower_visual,false,recovered_heuristic_equal_segment,true,false
230629,131,0,ses230629-units-probe0-spk-AAAB.npy,true,unmapped_no_metadata,Unknown,true,85,"V1,V2",probeA,true,2,false,heuristic_equal_segment,V2,lower_visual,false,recovered_heuristic_equal_segment,true,false
230629,132,0,ses230629-units-probe0-spk-AAAB.npy,true,unmapped_no_metadata,Unknown,true,43,"V1,V2",probeA,true,2,false,heuristic_equal_segment,V1,lower_visual,false,recovered_heuristic_equal_segment,true,false
230629,133,0,ses230629-units-probe0-spk-AAAB.npy,true,unmapped_no_metadata,Unknown,true,84,"V1,V2",probeA,true,2,false,heuristic_equal_segment,V2,lower_visual,false,recovered_heuristic_equal_segment,true,false
230629,134,0,ses230629-units-probe0-spk-AAAB.npy,true,unmapped_no_metadata,Unknown,true,84,"V1,V2",probeA,true,2,false,heuristic_equal_segment,V2,lower_visual,false,recovered_heuristic_equal_segment,true,false
230629,135,0,ses230629-units-probe0-spk-AAAB.npy,true,unmapped_no_metadata,Unknown,true,84,"V1,V2",probeA,true,2,false,heuristic_equal_segment,V2,lower_visual,false,recovered_heuristic_equal_segment,true,false
230629,136,0,ses230629-units-probe0-spk-AAAB.npy,true,unmapped_no_metadata,Unknown,true,84,"V1,V2",probeA,true,2,false,heuristic_equal_segment,V2,lower_visual,false,recovered_heuristic_equal_segment,true,false
230629,137,0,ses230629-units-probe0-spk-AAAB.npy,true,unmapped_no_metadata,Unknown,true,44,"V1,V2",probeA,true,2,false,heuristic_equal_segment,V1,lower_visual,false,recovered_heuristic_equal_segment,true,false
230629,138,0,ses230629-units-probe0-spk-AAAB.npy,true,unmapped_no_metadata,Unknown,true,44,"V1,V2",probeA,true,2,false,heuristic_equal_segment,V1,lower_visual,false,recovered_heuristic_equal_segment,true,false
230629,139,0,ses230629-units-probe0-spk-AAAB.npy,true,unmapped_no_metadata,Unknown,true,44,"V1,V2",probeA,true,2,false,heuristic_equal_segment,V1,lower_visual,false,recovered_heuristic_equal_segment,true,false
230629,140,0,ses230629-units-probe0-spk-AAAB.npy,true,unmapped_no_metadata,Unknown,true,44,"V1,V2",probeA,true,2,false,heuristic_equal_segment,V1,lower_visual,false,recovered_heuristic_equal_segment,true,false
230629,141,0,ses230629-units-probe0-spk-AAAB.npy,true,unmapped_no_metadata,Unknown,true,44,"V1,V2",probeA,true,2,false,heuristic_equal_segment,V1,lower_visual,false,recovered_heuristic_equal_segment,true,false
230629,142,0,ses230629-units-probe0-spk-AAAB.npy,true,unmapped_no_metadata,Unknown,true,44,"V1,V2",probeA,true,2,false,heuristic_equal_segment,V1,lower_visual,false,recovered_heuristic_equal_segment,true,false
230629,143,0,ses230629-units-probe0-spk-AAAB.npy,true,unmapped_no_metadata,Unknown,true,83,"V1,V2",probeA,true,2,false,heuristic_equal_segment,V2,lower_visual,false,recovered_heuristic_equal_segment,true,false
230629,144,0,ses230629-units-probe0-spk-AAAB.npy,true,unmapped_no_metadata,Unknown,true,83,"V1,V2",probeA,true,2,false,heuristic_equal_segment,V2,lower_visual,false,recovered_heuristic_equal_segment,true,false
230629,145,0,ses230629-units-probe0-spk-AAAB.npy,true,unmapped_no_metadata,Unknown,true,45,"V1,V2",probeA,true,2,false,heuristic_equal_segment,V1,lower_visual,false,recovered_heuristic_equal_segment,true,false
230629,146,0,ses230629-units-probe0-spk-AAAB.npy,true,unmapped_no_metadata,Unknown,true,82,"V1,V2",probeA,true,2,false,heuristic_equal_segment,V2,lower_visual,false,recovered_heuristic_equal_segment,true,false
230629,147,0,ses230629-units-probe0-spk-AAAB.npy,true,unmapped_no_metadata,Unknown,true,47,"V1,V2",probeA,true,2,false,heuristic_equal_segment,V1,lower_visual,false,recovered_heuristic_equal_segment,true,false
230629,148,0,ses230629-units-probe0-spk-AAAB.npy,true,unmapped_no_metadata,Unknown,true,47,"V1,V2",probeA,true,2,false,heuristic_equal_segment,V1,lower_visual,false,recovered_heuristic_equal_segment,true,false
230629,149,0,ses230629-units-probe0-spk-AAAB.npy,true,unmapped_no_metadata,Unknown,true,79,"V1,V2",probeA,true,2,false,heuristic_equal_segment,V2,lower_visual,false,recovered_heuristic_equal_segment,true,false
230629,150,0,ses230629-units-probe0-spk-AAAB.npy,true,unmapped_no_metadata,Unknown,true,50,"V1,V2",probeA,true,2,false,heuristic_equal_segment,V1,lower_visual,false,recovered_heuristic_equal_segment,true,false
230629,151,0,ses230629-units-probe0-spk-AAAB.npy,true,unmapped_no_metadata,Unknown,true,50,"V1,V2",probeA,true,2,false,heuristic_equal_segment,V1,lower_visual,false,recovered_heuristic_equal_segment,true,false
230629,152,0,ses230629-units-probe0-spk-AAAB.npy,true,unmapped_no_metadata,Unknown,true,56,"V1,V2",probeA,true,2,false,heuristic_equal_segment,V1,lower_visual,false,recovered_heuristic_equal_segment,true,false
230629,153,0,ses230629-units-probe0-spk-AAAB.npy,true,unmapped_no_metadata,Unknown,true,51,"V1,V2",probeA,true,2,false,heuristic_equal_segment,V1,lower_visual,false,recovered_heuristic_equal_segment,true,false
230629,154,0,ses230629-units-probe0-spk-AAAB.npy,true,unmapped_no_metadata,Unknown,true,56,"V1,V2",probeA,true,2,false,heuristic_equal_segment,V1,lower_visual,false,recovered_heuristic_equal_segment,true,false
230629,155,0,ses230629-units-probe0-spk-AAAB.npy,true,unmapped_no_metadata,Unknown,true,51,"V1,V2",probeA,true,2,false,heuristic_equal_segment,V1,lower_visual,false,recovered_heuristic_equal_segment,true,false
230629,156,0,ses230629-units-probe0-spk-AAAB.npy,true,unmapped_no_metadata,Unknown,true,76,"V1,V2",probeA,true,2,false,heuristic_equal_segment,V2,lower_visual,false,recovered_heuristic_equal_segment,true,false
230629,157,0,ses230629-units-probe0-spk-AAAB.npy,true,unmapped_no_metadata,Unknown,true,52,"V1,V2",probeA,true,2,false,heuristic_equal_segment,V1,lower_visual,false,recovered_heuristic_equal_segment,true,false
230629,158,0,ses230629-units-probe0-spk-AAAB.npy,true,unmapped_no_metadata,Unknown,true,75,"V1,V2",probeA,true,2,false,heuristic_equal_segment,V2,lower_visual,false,recovered_heuristic_equal_segment,true,false
230629,159,0,ses230629-units-probe0-spk-AAAB.npy,true,unmapped_no_metadata,Unknown,true,53,"V1,V2",probeA,true,2,false,heuristic_equal_segment,V1,lower_visual,false,recovered_heuristic_equal_segment,true,false
230629,160,0,ses230629-units-probe0-spk-AAAB.npy,true,unmapped_no_metadata,Unknown,true,53,"V1,V2",probeA,true,2,false,heuristic_equal_segment,V1,lower_visual,false,recovered_heuristic_equal_segment,true,false
230629,161,0,ses230629-units-probe0-spk-AAAB.npy,true,unmapped_no_metadata,Unknown,true,74,"V1,V2",probeA,true,2,false,heuristic_equal_segment,V2,lower_visual,false,recovered_heuristic_equal_segment,true,false
230629,162,0,ses230629-units-probe0-spk-AAAB.npy,true,unmapped_no_metadata,Unknown,true,54,"V1,V2",probeA,true,2,false,heuristic_equal_segment,V1,lower_visual,false,recovered_heuristic_equal_segment,true,false
230629,163,0,ses230629-units-probe0-spk-AAAB.npy,true,unmapped_no_metadata,Unknown,true,54,"V1,V2",probeA,true,2,false,heuristic_equal_segment,V1,lower_visual,false,recovered_heuristic_equal_segment,true,false
230629,164,0,ses230629-units-probe0-spk-AAAB.npy,true,unmapped_no_metadata,Unknown,true,54,"V1,V2",probeA,true,2,false,heuristic_equal_segment,V1,lower_visual,false,recovered_heuristic_equal_segment,true,false
230629,165,0,ses230629-units-probe0-spk-AAAB.npy,true,unmapped_no_metadata,Unknown,true,54,"V1,V2",probeA,true,2,false,heuristic_equal_segment,V1,lower_visual,false,recovered_heuristic_equal_segment,true,false
230629,166,0,ses230629-units-probe0-spk-AAAB.npy,true,unmapped_no_metadata,Unknown,true,73,"V1,V2",probeA,true,2,false,heuristic_equal_segment,V2,lower_visual,false,recovered_heuristic_equal_segment,true,false
230629,167,0,ses230629-units-probe0-spk-AAAB.npy,true,unmapped_no_metadata,Unknown,true,73,"V1,V2",probeA,true,2,false,heuristic_equal_segment,V2,lower_visual,false,recovered_heuristic_equal_segment,true,false
230629,168,0,ses230629-units-probe0-spk-AAAB.npy,true,unmapped_no_metadata,Unknown,true,57,"V1,V2",probeA,true,2,false,heuristic_equal_segment,V1,lower_visual,false,recovered_heuristic_equal_segment,true,false
230629,169,0,ses230629-units-probe0-spk-AAAB.npy,true,unmapped_no_metadata,Unknown,true,55,"V1,V2",probeA,true,2,false,heuristic_equal_segment,V1,lower_visual,false,recovered_heuristic_equal_segment,true,false
230629,170,0,ses230629-units-probe0-spk-AAAB.npy,true,unmapped_no_metadata,Unknown,true,55,"V1,V2",probeA,true,2,false,heuristic_equal_segment,V1,lower_visual,false,recovered_heuristic_equal_segment,true,false
230629,171,0,ses230629-units-probe0-spk-AAAB.npy,true,unmapped_no_metadata,Unknown,true,55,"V1,V2",probeA,true,2,false,heuristic_equal_segment,V1,lower_visual,false,recovered_heuristic_equal_segment,true,false
230629,172,0,ses230629-units-probe0-spk-AAAB.npy,true,unmapped_no_metadata,Unknown,true,55,"V1,V2",probeA,true,2,false,heuristic_equal_segment,V1,lower_visual,false,recovered_heuristic_equal_segment,true,false
230629,173,0,ses230629-units-probe0-spk-AAAB.npy,true,unmapped_no_metadata,Unknown,true,72,"V1,V2",probeA,true,2,false,heuristic_equal_segment,V2,lower_visual,false,recovered_heuristic_equal_segment,true,false
230629,174,0,ses230629-units-probe0-spk-AAAB.npy,true,unmapped_no_metadata,Unknown,true,56,"V1,V2",probeA,true,2,false,heuristic_equal_segment,V1,lower_visual,false,recovered_heuristic_equal_segment,true,false
230629,175,0,ses230629-units-probe0-spk-AAAB.npy,true,unmapped_no_metadata,Unknown,true,56,"V1,V2",probeA,true,2,false,heuristic_equal_segment,V1,lower_visual,false,recovered_heuristic_equal_segment,true,false
230629,176,0,ses230629-units-probe0-spk-AAAB.npy,true,unmapped_no_metadata,Unknown,true,57,"V1,V2",probeA,true,2,false,heuristic_equal_segment,V1,lower_visual,false,recovered_heuristic_equal_segment,true,false
230629,177,0,ses230629-units-probe0-spk-AAAB.npy,true,unmapped_no_metadata,Unknown,true,57,"V1,V2",probeA,true,2,false,heuristic_equal_segment,V1,lower_visual,false,recovered_heuristic_equal_segment,true,false
230629,178,0,ses230629-units-probe0-spk-AAAB.npy,true,unmapped_no_metadata,Unknown,true,70,"V1,V2",probeA,true,2,false,heuristic_equal_segment,V2,lower_visual,false,recovered_heuristic_equal_segment,true,false
230629,179,0,ses230629-units-probe0-spk-AAAB.npy,true,unmapped_no_metadata,Unknown,true,58,"V1,V2",probeA,true,2,false,heuristic_equal_segment,V1,lower_visual,false,recovered_heuristic_equal_segment,true,false
230629,180,0,ses230629-units-probe0-spk-AAAB.npy,true,unmapped_no_metadata,Unknown,true,58,"V1,V2",probeA,true,2,false,heuristic_equal_segment,V1,lower_visual,false,recovered_heuristic_equal_segment,true,false
230629,181,0,ses230629-units-probe0-spk-AAAB.npy,true,unmapped_no_metadata,Unknown,true,59,"V1,V2",probeA,true,2,false,heuristic_equal_segment,V1,lower_visual,false,recovered_heuristic_equal_segment,true,false
230629,182,0,ses230629-units-probe0-spk-AAAB.npy,true,unmapped_no_metadata,Unknown,true,67,"V1,V2",probeA,true,2,false,heuristic_equal_segment,V2,lower_visual,false,recovered_heuristic_equal_segment,true,false
230629,183,0,ses230629-units-probe0-spk-AAAB.npy,true,unmapped_no_metadata,Unknown,true,67,"V1,V2",probeA,true,2,false,heuristic_equal_segment,V2,lower_visual,false,recovered_heuristic_equal_segment,true,false
230629,184,0,ses230629-units-probe0-spk-AAAB.npy,true,unmapped_no_metadata,Unknown,true,67,"V1,V2",probeA,true,2,false,heuristic_equal_segment,V2,lower_visual,false,recovered_heuristic_equal_segment,true,false
230629,185,0,ses230629-units-probe0-spk-AAAB.npy,true,unmapped_no_metadata,Unknown,true,67,"V1,V2",probeA,true,2,false,heuristic_equal_segment,V2,lower_visual,false,recovered_heuristic_equal_segment,true,false
230629,186,0,ses230629-units-probe0-spk-AAAB.npy,true,unmapped_no_metadata,Unknown,true,66,"V1,V2",probeA,true,2,false,heuristic_equal_segment,V2,lower_visual,false,recovered_heuristic_equal_segment,true,false
230629,187,0,ses230629-units-probe0-spk-AAAB.npy,true,unmapped_no_metadata,Unknown,true,66,"V1,V2",probeA,true,2,false,heuristic_equal_segment,V2,lower_visual,false,recovered_heuristic_equal_segment,true,false
230629,188,0,ses230629-units-probe0-spk-AAAB.npy,true,unmapped_no_metadata,Unknown,true,66,"V1,V2",probeA,true,2,false,heuristic_equal_segment,V2,lower_visual,false,recovered_heuristic_equal_segment,true,false
230629,189,0,ses230629-units-probe0-spk-AAAB.npy,true,unmapped_no_metadata,Unknown,true,66,"V1,V2",probeA,true,2,false,heuristic_equal_segment,V2,lower_visual,false,recovered_heuristic_equal_segment,true,false
230629,190,0,ses230629-units-probe0-spk-AAAB.npy,true,unmapped_no_metadata,Unknown,true,66,"V1,V2",probeA,true,2,false,heuristic_equal_segment,V2,lower_visual,false,recovered_heuristic_equal_segment,true,false
230629,191,0,ses230629-units-probe0-spk-AAAB.npy,true,unmapped_no_metadata,Unknown,true,66,"V1,V2",probeA,true,2,false,heuristic_equal_segment,V2,lower_visual,false,recovered_heuristic_equal_segment,true,false
230629,192,0,ses230629-units-probe0-spk-AAAB.npy,true,unmapped_no_metadata,Unknown,true,66,"V1,V2",probeA,true,2,false,heuristic_equal_segment,V2,lower_visual,false,recovered_heuristic_equal_segment,true,false
230629,193,0,ses230629-units-probe0-spk-AAAB.npy,true,unmapped_no_metadata,Unknown,true,62,"V1,V2",probeA,true,2,false,heuristic_equal_segment,V1,lower_visual,false,recovered_heuristic_equal_segment,true,false
230629,194,0,ses230629-units-probe0-spk-AAAB.npy,true,unmapped_no_metadata,Unknown,true,65,"V1,V2",probeA,true,2,false,heuristic_equal_segment,V2,lower_visual,false,recovered_heuristic_equal_segment,true,false
230629,195,0,ses230629-units-probe0-spk-AAAB.npy,true,unmapped_no_metadata,Unknown,true,62,"V1,V2",probeA,true,2,false,heuristic_equal_segment,V1,lower_visual,false,recovered_heuristic_equal_segment,true,false
230629,196,0,ses230629-units-probe0-spk-AAAB.npy,true,unmapped_no_metadata,Unknown,true,63,"V1,V2",probeA,true,2,false,heuristic_equal_segment,V1,lower_visual,false,recovered_heuristic_equal_segment,true,false
230629,197,0,ses230629-units-probe0-spk-AAAB.npy,true,unmapped_no_metadata,Unknown,true,62,"V1,V2",probeA,true,2,false,heuristic_equal_segment,V1,lower_visual,false,recovered_heuristic_equal_segment,true,false
230629,198,0,ses230629-units-probe0-spk-AAAB.npy,true,unmapped_no_metadata,Unknown,true,8,"V1,V2",probeA,true,2,false,heuristic_equal_segment,V1,lower_visual,false,recovered_heuristic_equal_segment,true,false
230629,199,0,ses230629-units-probe0-spk-AAAB.npy,true,unmapped_no_metadata,Unknown,true,8,"V1,V2",probeA,true,2,false,heuristic_equal_segment,V1,lower_visual,false,recovered_heuristic_equal_segment,true,false
230629,200,0,ses230629-units-probe0-spk-AAAB.npy,true,unmapped_no_metadata,Unknown,true,11,"V1,V2",probeA,true,2,false,heuristic_equal_segment,V1,lower_visual,false,recovered_heuristic_equal_segment,true,false
230629,201,0,ses230629-units-probe0-spk-AAAB.npy,true,unmapped_no_metadata,Unknown,true,114,"V1,V2",probeA,true,2,false,heuristic_equal_segment,V2,lower_visual,false,recovered_heuristic_equal_segment,true,false
230629,202,0,ses230629-units-probe0-spk-AAAB.npy,true,unmapped_no_metadata,Unknown,true,113,"V1,V2",probeA,true,2,false,heuristic_equal_segment,V2,lower_visual,false,recovered_heuristic_equal_segment,true,false
230629,203,0,ses230629-units-probe0-spk-AAAB.npy,true,unmapped_no_metadata,Unknown,true,17,"V1,V2",probeA,true,2,false,heuristic_equal_segment,V1,lower_visual,false,recovered_heuristic_equal_segment,true,false
230629,204,0,ses230629-units-probe0-spk-AAAB.npy,true,unmapped_no_metadata,Unknown,true,24,"V1,V2",probeA,true,2,false,heuristic_equal_segment,V1,lower_visual,false,recovered_heuristic_equal_segment,true,false
230629,205,0,ses230629-units-probe0-spk-AAAB.npy,true,unmapped_no_metadata,Unknown,true,24,"V1,V2",probeA,true,2,false,heuristic_equal_segment,V1,lower_visual,false,recovered_heuristic_equal_segment,true,false
230629,206,0,ses230629-units-probe0-spk-AAAB.npy,true,unmapped_no_metadata,Unknown,true,24,"V1,V2",probeA,true,2,false,heuristic_equal_segment,V1,lower_visual,false,recovered_heuristic_equal_segment,true,false
230629,207,0,ses230629-units-probe0-spk-AAAB.npy,true,unmapped_no_metadata,Unknown,true,25,"V1,V2",probeA,true,2,false,heuristic_equal_segment,V1,lower_visual,false,recovered_heuristic_equal_segment,true,false
230629,208,0,ses230629-units-probe0-spk-AAAB.npy,true,unmapped_no_metadata,Unknown,true,26,"V1,V2",probeA,true,2,false,heuristic_equal_segment,V1,lower_visual,false,recovered_heuristic_equal_segment,true,false
230629,209,0,ses230629-units-probe0-spk-AAAB.npy,true,unmapped_no_metadata,Unknown,true,26,"V1,V2",probeA,true,2,false,heuristic_equal_segment,V1,lower_visual,false,recovered_heuristic_equal_segment,true,false
230629,210,0,ses230629-units-probe0-spk-AAAB.npy,true,unmapped_no_metadata,Unknown,true,26,"V1,V2",probeA,true,2,false,heuristic_equal_segment,V1,lower_visual,false,recovered_heuristic_equal_segment,true,false
230629,211,0,ses230629-units-probe0-spk-AAAB.npy,true,unmapped_no_metadata,Unknown,true,26,"V1,V2",probeA,true,2,false,heuristic_equal_segment,V1,lower_visual,false,recovered_heuristic_equal_segment,true,false
230629,212,0,ses230629-units-probe0-spk-AAAB.npy,true,unmapped_no_metadata,Unknown,true,26,"V1,V2",probeA,true,2,false,heuristic_equal_segment,V1,lower_visual,false,recovered_heuristic_equal_segment,true,false
230629,213,0,ses230629-units-probe0-spk-AAAB.npy,true,unmapped_no_metadata,Unknown,true,101,"V1,V2",probeA,true,2,false,heuristic_equal_segment,V2,lower_visual,false,recovered_heuristic_equal_segment,true,false
230629,214,0,ses230629-units-probe0-spk-AAAB.npy,true,unmapped_no_metadata,Unknown,true,101,"V1,V2",probeA,true,2,false,heuristic_equal_segment,V2,lower_visual,false,recovered_heuristic_equal_segment,true,false
230629,215,0,ses230629-units-probe0-spk-AAAB.npy,true,unmapped_no_metadata,Unknown,true,101,"V1,V2",probeA,true,2,false,heuristic_equal_segment,V2,lower_visual,false,recovered_heuristic_equal_segment,true,false
230629,216,0,ses230629-units-probe0-spk-AAAB.npy,true,unmapped_no_metadata,Unknown,true,101,"V1,V2",probeA,true,2,false,heuristic_equal_segment,V2,lower_visual,false,recovered_heuristic_equal_segment,true,false
230629,217,0,ses230629-units-probe0-spk-AAAB.npy,true,unmapped_no_metadata,Unknown,true,27,"V1,V2",probeA,true,2,false,heuristic_equal_segment,V1,lower_visual,false,recovered_heuristic_equal_segment,true,false
230629,218,0,ses230629-units-probe0-spk-AAAB.npy,true,unmapped_no_metadata,Unknown,true,29,"V1,V2",probeA,true,2,false,heuristic_equal_segment,V1,lower_visual,false,recovered_heuristic_equal_segment,true,false
230629,219,0,ses230629-units-probe0-spk-AAAB.npy,true,unmapped_no_metadata,Unknown,true,98,"V1,V2",probeA,true,2,false,heuristic_equal_segment,V2,lower_visual,false,recovered_heuristic_equal_segment,true,false
230629,220,0,ses230629-units-probe0-spk-AAAB.npy,true,unmapped_no_metadata,Unknown,true,98,"V1,V2",probeA,true,2,false,heuristic_equal_segment,V2,lower_visual,false,recovered_heuristic_equal_segment,true,false
230629,221,0,ses230629-units-probe0-spk-AAAB.npy,true,unmapped_no_metadata,Unknown,true,30,"V1,V2",probeA,true,2,false,heuristic_equal_segment,V1,lower_visual,false,recovered_heuristic_equal_segment,true,false
230629,222,0,ses230629-units-probe0-spk-AAAB.npy,true,unmapped_no_metadata,Unknown,true,98,"V1,V2",probeA,true,2,false,heuristic_equal_segment,V2,lower_visual,false,recovered_heuristic_equal_segment,true,false
230629,223,0,ses230629-units-probe0-spk-AAAB.npy,true,unmapped_no_metadata,Unknown,true,30,"V1,V2",probeA,true,2,false,heuristic_equal_segment,V1,lower_visual,false,recovered_heuristic_equal_segment,true,false
230629,224,0,ses230629-units-probe0-spk-AAAB.npy,true,unmapped_no_metadata,Unknown,true,97,"V1,V2",probeA,true,2,false,heuristic_equal_segment,V2,lower_visual,false,recovered_heuristic_equal_segment,true,false
230629,225,0,ses230629-units-probe0-spk-AAAB.npy,true,unmapped_no_metadata,Unknown,true,97,"V1,V2",probeA,true,2,false,heuristic_equal_segment,V2,lower_visual,false,recovered_heuristic_equal_segment,true,false
230629,226,0,ses230629-units-probe0-spk-AAAB.npy,true,unmapped_no_metadata,Unknown,true,31,"V1,V2",probeA,true,2,false,heuristic_equal_segment,V1,lower_visual,false,recovered_heuristic_equal_segment,true,false
230629,227,0,ses230629-units-probe0-spk-AAAB.npy,true,unmapped_no_metadata,Unknown,true,97,"V1,V2",probeA,true,2,false,heuristic_equal_segment,V2,lower_visual,false,recovered_heuristic_equal_segment,true,false
230629,228,0,ses230629-units-probe0-spk-AAAB.npy,true,unmapped_no_metadata,Unknown,true,31,"V1,V2",probeA,true,2,false,heuristic_equal_segment,V1,lower_visual,false,recovered_heuristic_equal_segment,true,false
230629,229,0,ses230629-units-probe0-spk-AAAB.npy,true,unmapped_no_metadata,Unknown,true,97,"V1,V2",probeA,true,2,false,heuristic_equal_segment,V2,lower_visual,false,recovered_heuristic_equal_segment,true,false
230629,230,0,ses230629-units-probe0-spk-AAAB.npy,true,unmapped_no_metadata,Unknown,true,96,"V1,V2",probeA,true,2,false,heuristic_equal_segment,V2,lower_visual,false,recovered_heuristic_equal_segment,true,false
230629,231,0,ses230629-units-probe0-spk-AAAB.npy,true,unmapped_no_metadata,Unknown,true,96,"V1,V2",probeA,true,2,false,heuristic_equal_segment,V2,lower_visual,false,recovered_heuristic_equal_segment,true,false
230629,232,0,ses230629-units-probe0-spk-AAAB.npy,true,unmapped_no_metadata,Unknown,true,95,"V1,V2",probeA,true,2,false,heuristic_equal_segment,V2,lower_visual,false,recovered_heuristic_equal_segment,true,false
230629,233,0,ses230629-units-probe0-spk-AAAB.npy,true,unmapped_no_metadata,Unknown,true,95,"V1,V2",probeA,true,2,false,heuristic_equal_segment,V2,lower_visual,false,recovered_heuristic_equal_segment,true,false
230629,234,0,ses230629-units-probe0-spk-AAAB.npy,true,unmapped_no_metadata,Unknown,true,95,"V1,V2",probeA,true,2,false,heuristic_equal_segment,V2,lower_visual,false,recovered_heuristic_equal_segment,true,false
230629,235,0,ses230629-units-probe0-spk-AAAB.npy,true,unmapped_no_metadata,Unknown,true,33,"V1,V2",probeA,true,2,false,heuristic_equal_segment,V1,lower_visual,false,recovered_heuristic_equal_segment,true,false
230629,236,0,ses230629-units-probe0-spk-AAAB.npy,true,unmapped_no_metadata,Unknown,true,33,"V1,V2",probeA,true,2,false,heuristic_equal_segment,V1,lower_visual,false,recovered_heuristic_equal_segment,true,false
230629,237,0,ses230629-units-probe0-spk-AAAB.npy,true,unmapped_no_metadata,Unknown,true,34,"V1,V2",probeA,true,2,false,heuristic_equal_segment,V1,lower_visual,false,recovered_heuristic_equal_segment,true,false
230629,238,0,ses230629-units-probe0-spk-AAAB.npy,true,unmapped_no_metadata,Unknown,true,94,"V1,V2",probeA,true,2,false,heuristic_equal_segment,V2,lower_visual,false,recovered_heuristic_equal_segment,true,false
230629,239,0,ses230629-units-probe0-spk-AAAB.npy,true,unmapped_no_metadata,Unknown,true,94,"V1,V2",probeA,true,2,false,heuristic_equal_segment,V2,lower_visual,false,recovered_heuristic_equal_segment,true,false
230629,240,0,ses230629-units-probe0-spk-AAAB.npy,true,unmapped_no_metadata,Unknown,true,93,"V1,V2",probeA,true,2,false,heuristic_equal_segment,V2,lower_visual,false,recovered_heuristic_equal_segment,true,false
230629,241,0,ses230629-units-probe0-spk-AAAB.npy,true,unmapped_no_metadata,Unknown,true,35,"V1,V2",probeA,true,2,false,heuristic_equal_segment,V1,lower_visual,false,recovered_heuristic_equal_segment,true,false
230629,242,0,ses230629-units-probe0-spk-AAAB.npy,true,unmapped_no_metadata,Unknown,true,92,"V1,V2",probeA,true,2,false,heuristic_equal_segment,V2,lower_visual,false,recovered_heuristic_equal_segment,true,false
230629,243,0,ses230629-units-probe0-spk-AAAB.npy,true,unmapped_no_metadata,Unknown,true,92,"V1,V2",probeA,true,2,false,heuristic_equal_segment,V2,lower_visual,false,recovered_heuristic_equal_segment,true,false
230629,244,0,ses230629-units-probe0-spk-AAAB.npy,true,unmapped_no_metadata,Unknown,true,92,"V1,V2",probeA,true,2,false,heuristic_equal_segment,V2,lower_visual,false,recovered_heuristic_equal_segment,true,false
230629,245,0,ses230629-units-probe0-spk-AAAB.npy,true,unmapped_no_metadata,Unknown,true,92,"V1,V2",probeA,true,2,false,heuristic_equal_segment,V2,lower_visual,false,recovered_heuristic_equal_segment,true,false
230629,246,0,ses230629-units-probe0-spk-AAAB.npy,true,unmapped_no_metadata,Unknown,true,36,"V1,V2",probeA,true,2,false,heuristic_equal_segment,V1,lower_visual,false,recovered_heuristic_equal_segment,true,false
230629,247,0,ses230629-units-probe0-spk-AAAB.npy,true,unmapped_no_metadata,Unknown,true,91,"V1,V2",probeA,true,2,false,heuristic_equal_segment,V2,lower_visual,false,recovered_heuristic_equal_segment,true,false
230629,248,0,ses230629-units-probe0-spk-AAAB.npy,true,unmapped_no_metadata,Unknown,true,90,"V1,V2",probeA,true,2,false,heuristic_equal_segment,V2,lower_visual,false,recovered_heuristic_equal_segment,true,false
230629,249,0,ses230629-units-probe0-spk-AAAB.npy,true,unmapped_no_metadata,Unknown,true,90,"V1,V2",probeA,true,2,false,heuristic_equal_segment,V2,lower_visual,false,recovered_heuristic_equal_segment,true,false
230629,250,0,ses230629-units-probe0-spk-AAAB.npy,true,unmapped_no_metadata,Unknown,true,89,"V1,V2",probeA,true,2,false,heuristic_equal_segment,V2,lower_visual,false,recovered_heuristic_equal_segment,true,false
230629,251,0,ses230629-units-probe0-spk-AAAB.npy,true,unmapped_no_metadata,Unknown,true,89,"V1,V2",probeA,true,2,false,heuristic_equal_segment,V2,lower_visual,false,recovered_heuristic_equal_segment,true,false
230629,252,0,ses230629-units-probe0-spk-AAAB.npy,true,unmapped_no_metadata,Unknown,true,88,"V1,V2",probeA,true,2,false,heuristic_equal_segment,V2,lower_visual,false,recovered_heuristic_equal_segment,true,false
230629,253,0,ses230629-units-probe0-spk-AAAB.npy,true,unmapped_no_metadata,Unknown,true,88,"V1,V2",probeA,true,2,false,heuristic_equal_segment,V2,lower_visual,false,recovered_heuristic_equal_segment,true,false
230629,254,0,ses230629-units-probe0-spk-AAAB.npy,true,unmapped_no_metadata,Unknown,true,40,"V1,V2",probeA,true,2,false,heuristic_equal_segment,V1,lower_visual,false,recovered_heuristic_equal_segment,true,false
230629,255,0,ses230629-units-probe0-spk-AAAB.npy,true,unmapped_no_metadata,Unknown,true,40,"V1,V2",probeA,true,2,false,heuristic_equal_segment,V1,lower_visual,false,recovered_heuristic_equal_segment,true,false
230629,256,0,ses230629-units-probe0-spk-AAAB.npy,true,unmapped_no_metadata,Unknown,true,40,"V1,V2",probeA,true,2,false,heuristic_equal_segment,V1,lower_visual,false,recovered_heuristic_equal_segment,true,false
230629,257,0,ses230629-units-probe0-spk-AAAB.npy,true,unmapped_no_metadata,Unknown,true,40,"V1,V2",probeA,true,2,false,heuristic_equal_segment,V1,lower_visual,false,recovered_heuristic_equal_segment,true,false
230629,258,0,ses230629-units-probe0-spk-AAAB.npy,true,unmapped_no_metadata,Unknown,true,87,"V1,V2",probeA,true,2,false,heuristic_equal_segment,V2,lower_visual,false,recovered_heuristic_equal_segment,true,false
230629,259,0,ses230629-units-probe0-spk-AAAB.npy,true,unmapped_no_metadata,Unknown,true,87,"V1,V2",probeA,true,2,false,heuristic_equal_segment,V2,lower_visual,false,recovered_heuristic_equal_segment,true,false
230629,260,0,ses230629-units-probe0-spk-AAAB.npy,true,unmapped_no_metadata,Unknown,true,86,"V1,V2",probeA,true,2,false,heuristic_equal_segment,V2,lower_visual,false,recovered_heuristic_equal_segment,true,false
230629,261,0,ses230629-units-probe0-spk-AAAB.npy,true,unmapped_no_metadata,Unknown,true,43,"V1,V2",probeA,true,2,false,heuristic_equal_segment,V1,lower_visual,false,recovered_heuristic_equal_segment,true,false
230629,262,0,ses230629-units-probe0-spk-AAAB.npy,true,unmapped_no_metadata,Unknown,true,43,"V1,V2",probeA,true,2,false,heuristic_equal_segment,V1,lower_visual,false,recovered_heuristic_equal_segment,true,false
230629,263,0,ses230629-units-probe0-spk-AAAB.npy,true,unmapped_no_metadata,Unknown,true,43,"V1,V2",probeA,true,2,false,heuristic_equal_segment,V1,lower_visual,false,recovered_heuristic_equal_segment,true,false
230629,264,0,ses230629-units-probe0-spk-AAAB.npy,true,unmapped_no_metadata,Unknown,true,85,"V1,V2",probeA,true,2,false,heuristic_equal_segment,V2,lower_visual,false,recovered_heuristic_equal_segment,true,false
230629,265,0,ses230629-units-probe0-spk-AAAB.npy,true,unmapped_no_metadata,Unknown,true,84,"V1,V2",probeA,true,2,false,heuristic_equal_segment,V2,lower_visual,false,recovered_heuristic_equal_segment,true,false
230629,266,0,ses230629-units-probe0-spk-AAAB.npy,true,unmapped_no_metadata,Unknown,true,84,"V1,V2",probeA,true,2,false,heuristic_equal_segment,V2,lower_visual,false,recovered_heuristic_equal_segment,true,false
230629,267,0,ses230629-units-probe0-spk-AAAB.npy,true,unmapped_no_metadata,Unknown,true,84,"V1,V2",probeA,true,2,false,heuristic_equal_segment,V2,lower_visual,false,recovered_heuristic_equal_segment,true,false
230629,268,0,ses230629-units-probe0-spk-AAAB.npy,true,unmapped_no_metadata,Unknown,true,84,"V1,V2",probeA,true,2,false,heuristic_equal_segment,V2,lower_visual,false,recovered_heuristic_equal_segment,true,false
230629,269,0,ses230629-units-probe0-spk-AAAB.npy,true,unmapped_no_metadata,Unknown,true,84,"V1,V2",probeA,true,2,false,heuristic_equal_segment,V2,lower_visual,false,recovered_heuristic_equal_segment,true,false
230629,270,0,ses230629-units-probe0-spk-AAAB.npy,true,unmapped_no_metadata,Unknown,true,44,"V1,V2",probeA,true,2,false,heuristic_equal_segment,V1,lower_visual,false,recovered_heuristic_equal_segment,true,false
230629,271,0,ses230629-units-probe0-spk-AAAB.npy,true,unmapped_no_metadata,Unknown,true,44,"V1,V2",probeA,true,2,false,heuristic_equal_segment,V1,lower_visual,false,recovered_heuristic_equal_segment,true,false
230629,272,0,ses230629-units-probe0-spk-AAAB.npy,true,unmapped_no_metadata,Unknown,true,44,"V1,V2",probeA,true,2,false,heuristic_equal_segment,V1,lower_visual,false,recovered_heuristic_equal_segment,true,false
230629,273,0,ses230629-units-probe0-spk-AAAB.npy,true,unmapped_no_metadata,Unknown,true,44,"V1,V2",probeA,true,2,false,heuristic_equal_segment,V1,lower_visual,false,recovered_heuristic_equal_segment,true,false
230629,274,0,ses230629-units-probe0-spk-AAAB.npy,true,unmapped_no_metadata,Unknown,true,44,"V1,V2",probeA,true,2,false,heuristic_equal_segment,V1,lower_visual,false,recovered_heuristic_equal_segment,true,false
230629,275,0,ses230629-units-probe0-spk-AAAB.npy,true,unmapped_no_metadata,Unknown,true,44,"V1,V2",probeA,true,2,false,heuristic_equal_segment,V1,lower_visual,false,recovered_heuristic_equal_segment,true,false
230629,276,0,ses230629-units-probe0-spk-AAAB.npy,true,unmapped_no_metadata,Unknown,true,44,"V1,V2",probeA,true,2,false,heuristic_equal_segment,V1,lower_visual,false,recovered_heuristic_equal_segment,true,false
230629,277,0,ses230629-units-probe0-spk-AAAB.npy,true,unmapped_no_metadata,Unknown,true,44,"V1,V2",probeA,true,2,false,heuristic_equal_segment,V1,lower_visual,false,recovered_heuristic_equal_segment,true,false
230629,278,0,ses230629-units-probe0-spk-AAAB.npy,true,unmapped_no_metadata,Unknown,true,44,"V1,V2",probeA,true,2,false,heuristic_equal_segment,V1,lower_visual,false,recovered_heuristic_equal_segment,true,false
230629,279,0,ses230629-units-probe0-spk-AAAB.npy,true,unmapped_no_metadata,Unknown,true,83,"V1,V2",probeA,true,2,false,heuristic_equal_segment,V2,lower_visual,false,recovered_heuristic_equal_segment,true,false
230629,280,0,ses230629-units-probe0-spk-AAAB.npy,true,unmapped_no_metadata,Unknown,true,83,"V1,V2",probeA,true,2,false,heuristic_equal_segment,V2,lower_visual,false,recovered_heuristic_equal_segment,true,false
230629,281,0,ses230629-units-probe0-spk-AAAB.npy,true,unmapped_no_metadata,Unknown,true,83,"V1,V2",probeA,true,2,false,heuristic_equal_segment,V2,lower_visual,false,recovered_heuristic_equal_segment,true,false
230629,282,0,ses230629-units-probe0-spk-AAAB.npy,true,unmapped_no_metadata,Unknown,true,82,"V1,V2",probeA,true,2,false,heuristic_equal_segment,V2,lower_visual,false,recovered_heuristic_equal_segment,true,false
230629,283,0,ses230629-units-probe0-spk-AAAB.npy,true,unmapped_no_metadata,Unknown,true,47,"V1,V2",probeA,true,2,false,heuristic_equal_segment,V1,lower_visual,false,recovered_heuristic_equal_segment,true,false
230629,284,0,ses230629-units-probe0-spk-AAAB.npy,true,unmapped_no_metadata,Unknown,true,56,"V1,V2",probeA,true,2,false,heuristic_equal_segment,V1,lower_visual,false,recovered_heuristic_equal_segment,true,false
230629,285,0,ses230629-units-probe0-spk-AAAB.npy,true,unmapped_no_metadata,Unknown,true,74,"V1,V2",probeA,true,2,false,heuristic_equal_segment,V2,lower_visual,false,recovered_heuristic_equal_segment,true,false
230629,286,0,ses230629-units-probe0-spk-AAAB.npy,true,unmapped_no_metadata,Unknown,true,74,"V1,V2",probeA,true,2,false,heuristic_equal_segment,V2,lower_visual,false,recovered_heuristic_equal_segment,true,false
230629,287,0,ses230629-units-probe0-spk-AAAB.npy,true,unmapped_no_metadata,Unknown,true,54,"V1,V2",probeA,true,2,false,heuristic_equal_segment,V1,lower_visual,false,recovered_heuristic_equal_segment,true,false
230629,288,0,ses230629-units-probe0-spk-AAAB.npy,true,unmapped_no_metadata,Unknown,true,54,"V1,V2",probeA,true,2,false,heuristic_equal_segment,V1,lower_visual,false,recovered_heuristic_equal_segment,true,false
230629,289,0,ses230629-units-probe0-spk-AAAB.npy,true,unmapped_no_metadata,Unknown,true,54,"V1,V2",probeA,true,2,false,heuristic_equal_segment,V1,lower_visual,false,recovered_heuristic_equal_segment,true,false
230629,290,0,ses230629-units-probe0-spk-AAAB.npy,true,unmapped_no_metadata,Unknown,true,73,"V1,V2",probeA,true,2,false,heuristic_equal_segment,V2,lower_visual,false,recovered_heuristic_equal_segment,true,false
230629,291,0,ses230629-units-probe0-spk-AAAB.npy,true,unmapped_no_metadata,Unknown,true,73,"V1,V2",probeA,true,2,false,heuristic_equal_segment,V2,lower_visual,false,recovered_heuristic_equal_segment,true,false
230629,292,0,ses230629-units-probe0-spk-AAAB.npy,true,unmapped_no_metadata,Unknown,true,57,"V1,V2",probeA,true,2,false,heuristic_equal_segment,V1,lower_visual,false,recovered_heuristic_equal_segment,true,false
230629,293,0,ses230629-units-probe0-spk-AAAB.npy,true,unmapped_no_metadata,Unknown,true,55,"V1,V2",probeA,true,2,false,heuristic_equal_segment,V1,lower_visual,false,recovered_heuristic_equal_segment,true,false
230629,294,0,ses230629-units-probe0-spk-AAAB.npy,true,unmapped_no_metadata,Unknown,true,72,"V1,V2",probeA,true,2,false,heuristic_equal_segment,V2,lower_visual,false,recovered_heuristic_equal_segment,true,false
230629,295,0,ses230629-units-probe0-spk-AAAB.npy,true,unmapped_no_metadata,Unknown,true,70,"V1,V2",probeA,true,2,false,heuristic_equal_segment,V2,lower_visual,false,recovered_heuristic_equal_segment,true,false
230629,296,0,ses230629-units-probe0-spk-AAAB.npy,true,unmapped_no_metadata,Unknown,true,65,"V1,V2",probeA,true,2,false,heuristic_equal_segment,V2,lower_visual,false,recovered_heuristic_equal_segment,true,false
230629,297,0,ses230629-units-probe0-spk-AAAB.npy,true,unmapped_no_metadata,Unknown,true,113,"V1,V2",probeA,true,2,false,heuristic_equal_segment,V2,lower_visual,false,recovered_heuristic_equal_segment,true,false
230629,298,0,ses230629-units-probe0-spk-AAAB.npy,true,unmapped_no_metadata,Unknown,true,17,"V1,V2",probeA,true,2,false,heuristic_equal_segment,V1,lower_visual,false,recovered_heuristic_equal_segment,true,false
230629,299,0,ses230629-units-probe0-spk-AAAB.npy,true,unmapped_no_metadata,Unknown,true,24,"V1,V2",probeA,true,2,false,heuristic_equal_segment,V1,lower_visual,false,recovered_heuristic_equal_segment,true,false
230629,300,0,ses230629-units-probe0-spk-AAAB.npy,true,unmapped_no_metadata,Unknown,true,26,"V1,V2",probeA,true,2,false,heuristic_equal_segment,V1,lower_visual,false,recovered_heuristic_equal_segment,true,false
230629,301,0,ses230629-units-probe0-spk-AAAB.npy,true,unmapped_no_metadata,Unknown,true,101,"V1,V2",probeA,true,2,false,heuristic_equal_segment,V2,lower_visual,false,recovered_heuristic_equal_segment,true,false
230629,302,0,ses230629-units-probe0-spk-AAAB.npy,true,unmapped_no_metadata,Unknown,true,101,"V1,V2",probeA,true,2,false,heuristic_equal_segment,V2,lower_visual,false,recovered_heuristic_equal_segment,true,false
230629,303,0,ses230629-units-probe0-spk-AAAB.npy,true,unmapped_no_metadata,Unknown,true,27,"V1,V2",probeA,true,2,false,heuristic_equal_segment,V1,lower_visual,false,recovered_heuristic_equal_segment,true,false
230629,304,0,ses230629-units-probe0-spk-AAAB.npy,true,unmapped_no_metadata,Unknown,true,29,"V1,V2",probeA,true,2,false,heuristic_equal_segment,V1,lower_visual,false,recovered_heuristic_equal_segment,true,false
230629,305,0,ses230629-units-probe0-spk-AAAB.npy,true,unmapped_no_metadata,Unknown,true,97,"V1,V2",probeA,true,2,false,heuristic_equal_segment,V2,lower_visual,false,recovered_heuristic_equal_segment,true,false
230629,306,0,ses230629-units-probe0-spk-AAAB.npy,true,unmapped_no_metadata,Unknown,true,31,"V1,V2",probeA,true,2,false,heuristic_equal_segment,V1,lower_visual,false,recovered_heuristic_equal_segment,true,false
230629,307,0,ses230629-units-probe0-spk-AAAB.npy,true,unmapped_no_metadata,Unknown,true,97,"V1,V2",probeA,true,2,false,heuristic_equal_segment,V2,lower_visual,false,recovered_heuristic_equal_segment,true,false
230629,308,0,ses230629-units-probe0-spk-AAAB.npy,true,unmapped_no_metadata,Unknown,true,95,"V1,V2",probeA,true,2,false,heuristic_equal_segment,V2,lower_visual,false,recovered_heuristic_equal_segment,true,false
230629,309,0,ses230629-units-probe0-spk-AAAB.npy,true,unmapped_no_metadata,Unknown,true,93,"V1,V2",probeA,true,2,false,heuristic_equal_segment,V2,lower_visual,false,recovered_heuristic_equal_segment,true,false
230629,310,0,ses230629-units-probe0-spk-AAAB.npy,true,unmapped_no_metadata,Unknown,true,93,"V1,V2",probeA,true,2,false,heuristic_equal_segment,V2,lower_visual,false,recovered_heuristic_equal_segment,true,false
230629,311,0,ses230629-units-probe0-spk-AAAB.npy,true,unmapped_no_metadata,Unknown,true,92,"V1,V2",probeA,true,2,false,heuristic_equal_segment,V2,lower_visual,false,recovered_heuristic_equal_segment,true,false
230629,312,0,ses230629-units-probe0-spk-AAAB.npy,true,unmapped_no_metadata,Unknown,true,91,"V1,V2",probeA,true,2,false,heuristic_equal_segment,V2,lower_visual,false,recovered_heuristic_equal_segment,true,false
230629,313,0,ses230629-units-probe0-spk-AAAB.npy,true,unmapped_no_metadata,Unknown,true,40,"V1,V2",probeA,true,2,false,heuristic_equal_segment,V1,lower_visual,false,recovered_heuristic_equal_segment,true,false
230629,314,0,ses230629-units-probe0-spk-AAAB.npy,true,unmapped_no_metadata,Unknown,true,40,"V1,V2",probeA,true,2,false,heuristic_equal_segment,V1,lower_visual,false,recovered_heuristic_equal_segment,true,false
230629,315,0,ses230629-units-probe0-spk-AAAB.npy,true,unmapped_no_metadata,Unknown,true,40,"V1,V2",probeA,true,2,false,heuristic_equal_segment,V1,lower_visual,false,recovered_heuristic_equal_segment,true,false
230629,316,0,ses230629-units-probe0-spk-AAAB.npy,true,unmapped_no_metadata,Unknown,true,84,"V1,V2",probeA,true,2,false,heuristic_equal_segment,V2,lower_visual,false,recovered_heuristic_equal_segment,true,false
230629,317,0,ses230629-units-probe0-spk-AAAB.npy,true,unmapped_no_metadata,Unknown,true,44,"V1,V2",probeA,true,2,false,heuristic_equal_segment,V1,lower_visual,false,recovered_heuristic_equal_segment,true,false
230629,318,0,ses230629-units-probe0-spk-AAAB.npy,true,unmapped_no_metadata,Unknown,true,44,"V1,V2",probeA,true,2,false,heuristic_equal_segment,V1,lower_visual,false,recovered_heuristic_equal_segment,true,false
230629,319,0,ses230629-units-probe0-spk-AAAB.npy,true,unmapped_no_metadata,Unknown,true,81,"V1,V2",probeA,true,2,false,heuristic_equal_segment,V2,lower_visual,false,recovered_heuristic_equal_segment,true,false
230629,320,0,ses230629-units-probe0-spk-AAAB.npy,true,unmapped_no_metadata,Unknown,true,24,"V1,V2",probeA,true,2,false,heuristic_equal_segment,V1,lower_visual,false,recovered_heuristic_equal_segment,true,false
230629,321,0,ses230629-units-probe0-spk-AAAB.npy,true,unmapped_no_metadata,Unknown,true,98,"V1,V2",probeA,true,2,false,heuristic_equal_segment,V2,lower_visual,false,recovered_heuristic_equal_segment,true,false
230629,322,0,ses230629-units-probe0-spk-AAAB.npy,true,unmapped_no_metadata,Unknown,true,29,"V1,V2",probeA,true,2,false,heuristic_equal_segment,V1,lower_visual,false,recovered_heuristic_equal_segment,true,false
230629,323,0,ses230629-units-probe0-spk-AAAB.npy,true,unmapped_no_metadata,Unknown,true,97,"V1,V2",probeA,true,2,false,heuristic_equal_segment,V2,lower_visual,false,recovered_heuristic_equal_segment,true,false
230629,324,0,ses230629-units-probe0-spk-AAAB.npy,true,unmapped_no_metadata,Unknown,true,88,"V1,V2",probeA,true,2,false,heuristic_equal_segment,V2,lower_visual,false,recovered_heuristic_equal_segment,true,false
230629,325,0,ses230629-units-probe0-spk-AAAB.npy,true,unmapped_no_metadata,Unknown,true,40,"V1,V2",probeA,true,2,false,heuristic_equal_segment,V1,lower_visual,false,recovered_heuristic_equal_segment,true,false
230629,326,0,ses230629-units-probe0-spk-AAAB.npy,true,unmapped_no_metadata,Unknown,true,43,"V1,V2",probeA,true,2,false,heuristic_equal_segment,V1,lower_visual,false,recovered_heuristic_equal_segment,true,false
230629,327,0,ses230629-units-probe0-spk-AAAB.npy,true,unmapped_no_metadata,Unknown,true,84,"V1,V2",probeA,true,2,false,heuristic_equal_segment,V2,lower_visual,false,recovered_heuristic_equal_segment,true,false
230629,328,0,ses230629-units-probe0-spk-AAAB.npy,true,unmapped_no_metadata,Unknown,true,43,"V1,V2",probeA,true,2,false,heuristic_equal_segment,V1,lower_visual,false,recovered_heuristic_equal_segment,true,false
230629,329,0,ses230629-units-probe0-spk-AAAB.npy,true,unmapped_no_metadata,Unknown,true,99,"V1,V2",probeA,true,2,false,heuristic_equal_segment,V2,lower_visual,false,recovered_heuristic_equal_segment,true,false
230629,330,0,ses230629-units-probe0-spk-AAAB.npy,true,unmapped_no_metadata,Unknown,true,40,"V1,V2",probeA,true,2,false,heuristic_equal_segment,V1,lower_visual,false,recovered_heuristic_equal_segment,true,false
230629,331,0,ses230629-units-probe0-spk-AAAB.npy,true,unmapped_no_metadata,Unknown,true,102,"V1,V2",probeA,true,2,false,heuristic_equal_segment,V2,lower_visual,false,recovered_heuristic_equal_segment,true,false
230629,332,0,ses230629-units-probe0-spk-AAAB.npy,true,unmapped_no_metadata,Unknown,true,102,"V1,V2",probeA,true,2,false,heuristic_equal_segment,V2,lower_visual,false,recovered_heuristic_equal_segment,true,false
230629,333,0,ses230629-units-probe0-spk-AAAB.npy,true,unmapped_no_metadata,Unknown,true,26,"V1,V2",probeA,true,2,false,heuristic_equal_segment,V1,lower_visual,false,recovered_heuristic_equal_segment,true,false
230629,334,0,ses230629-units-probe0-spk-AAAB.npy,true,unmapped_no_metadata,Unknown,true,99,"V1,V2",probeA,true,2,false,heuristic_equal_segment,V2,lower_visual,false,recovered_heuristic_equal_segment,true,false
230629,335,0,ses230629-units-probe0-spk-AAAB.npy,true,unmapped_no_metadata,Unknown,true,99,"V1,V2",probeA,true,2,false,heuristic_equal_segment,V2,lower_visual,false,recovered_heuristic_equal_segment,true,false
230629,336,0,ses230629-units-probe0-spk-AAAB.npy,true,unmapped_no_metadata,Unknown,true,93,"V1,V2",probeA,true,2,false,heuristic_equal_segment,V2,lower_visual,false,recovered_heuristic_equal_segment,true,false
230629,337,0,ses230629-units-probe0-spk-AAAB.npy,true,unmapped_no_metadata,Unknown,true,84,"V1,V2",probeA,true,2,false,heuristic_equal_segment,V2,lower_visual,false,recovered_heuristic_equal_segment,true,false
230629,338,0,ses230629-units-probe0-spk-AAAB.npy,true,unmapped_no_metadata,Unknown,true,44,"V1,V2",probeA,true,2,false,heuristic_equal_segment,V1,lower_visual,false,recovered_heuristic_equal_segment,true,false
230629,339,0,ses230629-units-probe0-spk-AAAB.npy,true,unmapped_no_metadata,Unknown,true,57,"V1,V2",probeA,true,2,false,heuristic_equal_segment,V1,lower_visual,false,recovered_heuristic_equal_segment,true,false
230629,340,0,ses230629-units-probe0-spk-AAAB.npy,true,unmapped_no_metadata,Unknown,true,59,"V1,V2",probeA,true,2,false,heuristic_equal_segment,V1,lower_visual,false,recovered_heuristic_equal_segment,true,false
230629,341,0,ses230629-units-probe0-spk-AAAB.npy,true,unmapped_no_metadata,Unknown,true,26,"V1,V2",probeA,true,2,false,heuristic_equal_segment,V1,lower_visual,false,recovered_heuristic_equal_segment,true,false
230629,342,0,ses230629-units-probe0-spk-AAAB.npy,true,unmapped_no_metadata,Unknown,true,26,"V1,V2",probeA,true,2,false,heuristic_equal_segment,V1,lower_visual,false,recovered_heuristic_equal_segment,true,false
230629,343,0,ses230629-units-probe0-spk-AAAB.npy,true,unmapped_no_metadata,Unknown,true,97,"V1,V2",probeA,true,2,false,heuristic_equal_segment,V2,lower_visual,false,recovered_heuristic_equal_segment,true,false
230629,344,0,ses230629-units-probe0-spk-AAAB.npy,true,unmapped_no_metadata,Unknown,true,97,"V1,V2",probeA,true,2,false,heuristic_equal_segment,V2,lower_visual,false,recovered_heuristic_equal_segment,true,false
230629,345,0,ses230629-units-probe0-spk-AAAB.npy,true,unmapped_no_metadata,Unknown,true,31,"V1,V2",probeA,true,2,false,heuristic_equal_segment,V1,lower_visual,false,recovered_heuristic_equal_segment,true,false
230629,346,0,ses230629-units-probe0-spk-AAAB.npy,true,unmapped_no_metadata,Unknown,true,44,"V1,V2",probeA,true,2,false,heuristic_equal_segment,V1,lower_visual,false,recovered_heuristic_equal_segment,true,false
230629,347,0,ses230629-units-probe0-spk-AAAB.npy,true,unmapped_no_metadata,Unknown,true,82,"V1,V2",probeA,true,2,false,heuristic_equal_segment,V2,lower_visual,false,recovered_heuristic_equal_segment,true,false
230629,348,0,ses230629-units-probe0-spk-AAAB.npy,true,unmapped_no_metadata,Unknown,true,97,"V1,V2",probeA,true,2,false,heuristic_equal_segment,V2,lower_visual,false,recovered_heuristic_equal_segment,true,false
230629,349,0,ses230629-units-probe0-spk-AAAB.npy,true,unmapped_no_metadata,Unknown,true,93,"V1,V2",probeA,true,2,false,heuristic_equal_segment,V2,lower_visual,false,recovered_heuristic_equal_segment,true,false
230629,350,0,ses230629-units-probe0-spk-AAAB.npy,true,unmapped_no_metadata,Unknown,true,97,"V1,V2",probeA,true,2,false,heuristic_equal_segment,V2,lower_visual,false,recovered_heuristic_equal_segment,true,false
230629,351,0,ses230629-units-probe0-spk-AAAB.npy,true,unmapped_no_metadata,Unknown,true,88,"V1,V2",probeA,true,2,false,heuristic_equal_segment,V2,lower_visual,false,recovered_heuristic_equal_segment,true,false
230629,352,0,ses230629-units-probe0-spk-AAAB.npy,true,unmapped_no_metadata,Unknown,true,99,"V1,V2",probeA,true,2,false,heuristic_equal_segment,V2,lower_visual,false,recovered_heuristic_equal_segment,true,false
230629,353,0,ses230629-units-probe0-spk-AAAB.npy,true,unmapped_no_metadata,Unknown,true,99,"V1,V2",probeA,true,2,false,heuristic_equal_segment,V2,lower_visual,false,recovered_heuristic_equal_segment,true,false
230630,0,0,ses230630-units-probe0-spk-AAAB.npy,true,provisional_unit_area_from_count_matched_row_order,PFC,true,6,PFC,probeA,true,1,true,heuristic_equal_segment,PFC,higher_order_frontal,false,recovered_heuristic_equal_segment,true,false
230630,1,0,ses230630-units-probe0-spk-AAAB.npy,true,provisional_unit_area_from_count_matched_row_order,PFC,true,11,PFC,probeA,true,1,true,heuristic_equal_segment,PFC,higher_order_frontal,false,recovered_heuristic_equal_segment,true,false
230630,2,0,ses230630-units-probe0-spk-AAAB.npy,true,provisional_unit_area_from_count_matched_row_order,PFC,true,117,PFC,probeA,true,1,true,heuristic_equal_segment,PFC,higher_order_frontal,false,recovered_heuristic_equal_segment,true,false
230630,3,0,ses230630-units-probe0-spk-AAAB.npy,true,provisional_unit_area_from_count_matched_row_order,PFC,true,116,PFC,probeA,true,1,true,heuristic_equal_segment,PFC,higher_order_frontal,false,recovered_heuristic_equal_segment,true,false
230630,4,0,ses230630-units-probe0-spk-AAAB.npy,true,provisional_unit_area_from_count_matched_row_order,PFC,true,113,PFC,probeA,true,1,true,heuristic_equal_segment,PFC,higher_order_frontal,false,recovered_heuristic_equal_segment,true,false
230630,5,0,ses230630-units-probe0-spk-AAAB.npy,true,provisional_unit_area_from_count_matched_row_order,PFC,true,15,PFC,probeA,true,1,true,heuristic_equal_segment,PFC,higher_order_frontal,false,recovered_heuristic_equal_segment,true,false
230630,6,0,ses230630-units-probe0-spk-AAAB.npy,true,provisional_unit_area_from_count_matched_row_order,PFC,true,16,PFC,probeA,true,1,true,heuristic_equal_segment,PFC,higher_order_frontal,false,recovered_heuristic_equal_segment,true,false
230630,7,0,ses230630-units-probe0-spk-AAAB.npy,true,provisional_unit_area_from_count_matched_row_order,PFC,true,111,PFC,probeA,true,1,true,heuristic_equal_segment,PFC,higher_order_frontal,false,recovered_heuristic_equal_segment,true,false
230630,8,0,ses230630-units-probe0-spk-AAAB.npy,true,provisional_unit_area_from_count_matched_row_order,PFC,true,110,PFC,probeA,true,1,true,heuristic_equal_segment,PFC,higher_order_frontal,false,recovered_heuristic_equal_segment,true,false
230630,9,0,ses230630-units-probe0-spk-AAAB.npy,true,provisional_unit_area_from_count_matched_row_order,PFC,true,18,PFC,probeA,true,1,true,heuristic_equal_segment,PFC,higher_order_frontal,false,recovered_heuristic_equal_segment,true,false
230630,10,0,ses230630-units-probe0-spk-AAAB.npy,true,provisional_unit_area_from_count_matched_row_order,PFC,true,109,PFC,probeA,true,1,true,heuristic_equal_segment,PFC,higher_order_frontal,false,recovered_heuristic_equal_segment,true,false
230630,11,0,ses230630-units-probe0-spk-AAAB.npy,true,provisional_unit_area_from_count_matched_row_order,PFC,true,108,PFC,probeA,true,1,true,heuristic_equal_segment,PFC,higher_order_frontal,false,recovered_heuristic_equal_segment,true,false
230630,12,0,ses230630-units-probe0-spk-AAAB.npy,true,provisional_unit_area_from_count_matched_row_order,PFC,true,20,PFC,probeA,true,1,true,heuristic_equal_segment,PFC,higher_order_frontal,false,recovered_heuristic_equal_segment,true,false
230630,13,0,ses230630-units-probe0-spk-AAAB.npy,true,provisional_unit_area_from_count_matched_row_order,PFC,true,106,PFC,probeA,true,1,true,heuristic_equal_segment,PFC,higher_order_frontal,false,recovered_heuristic_equal_segment,true,false
230630,14,0,ses230630-units-probe0-spk-AAAB.npy,true,provisional_unit_area_from_count_matched_row_order,PFC,true,105,PFC,probeA,true,1,true,heuristic_equal_segment,PFC,higher_order_frontal,false,recovered_heuristic_equal_segment,true,false
230630,15,0,ses230630-units-probe0-spk-AAAB.npy,true,provisional_unit_area_from_count_matched_row_order,PFC,true,26,PFC,probeA,true,1,true,heuristic_equal_segment,PFC,higher_order_frontal,false,recovered_heuristic_equal_segment,true,false
230630,16,0,ses230630-units-probe0-spk-AAAB.npy,true,provisional_unit_area_from_count_matched_row_order,PFC,true,98,PFC,probeA,true,1,true,heuristic_equal_segment,PFC,higher_order_frontal,false,recovered_heuristic_equal_segment,true,false
230630,17,0,ses230630-units-probe0-spk-AAAB.npy,true,provisional_unit_area_from_count_matched_row_order,PFC,true,32,PFC,probeA,true,1,true,heuristic_equal_segment,PFC,higher_order_frontal,false,recovered_heuristic_equal_segment,true,false
230630,18,0,ses230630-units-probe0-spk-AAAB.npy,true,provisional_unit_area_from_count_matched_row_order,PFC,true,32,PFC,probeA,true,1,true,heuristic_equal_segment,PFC,higher_order_frontal,false,recovered_heuristic_equal_segment,true,false
230630,19,0,ses230630-units-probe0-spk-AAAB.npy,true,provisional_unit_area_from_count_matched_row_order,PFC,true,34,PFC,probeA,true,1,true,heuristic_equal_segment,PFC,higher_order_frontal,false,recovered_heuristic_equal_segment,true,false
230630,20,0,ses230630-units-probe0-spk-AAAB.npy,true,provisional_unit_area_from_count_matched_row_order,PFC,true,37,PFC,probeA,true,1,true,heuristic_equal_segment,PFC,higher_order_frontal,false,recovered_heuristic_equal_segment,true,false
230630,21,0,ses230630-units-probe0-spk-AAAB.npy,true,provisional_unit_area_from_count_matched_row_order,PFC,true,60,PFC,probeA,true,1,true,heuristic_equal_segment,PFC,higher_order_frontal,false,recovered_heuristic_equal_segment,true,false
230630,22,0,ses230630-units-probe0-spk-AAAB.npy,true,provisional_unit_area_from_count_matched_row_order,PFC,true,67,PFC,probeA,true,1,true,heuristic_equal_segment,PFC,higher_order_frontal,false,recovered_heuristic_equal_segment,true,false
230630,23,0,ses230630-units-probe0-spk-AAAB.npy,true,provisional_unit_area_from_count_matched_row_order,PFC,true,111,PFC,probeA,true,1,true,heuristic_equal_segment,PFC,higher_order_frontal,false,recovered_heuristic_equal_segment,true,false
230630,24,0,ses230630-units-probe0-spk-AAAB.npy,true,provisional_unit_area_from_count_matched_row_order,PFC,true,111,PFC,probeA,true,1,true,heuristic_equal_segment,PFC,higher_order_frontal,false,recovered_heuristic_equal_segment,true,false
230630,25,0,ses230630-units-probe0-spk-AAAB.npy,true,provisional_unit_area_from_count_matched_row_order,PFC,true,110,PFC,probeA,true,1,true,heuristic_equal_segment,PFC,higher_order_frontal,false,recovered_heuristic_equal_segment,true,false
230630,26,0,ses230630-units-probe0-spk-AAAB.npy,true,provisional_unit_area_from_count_matched_row_order,PFC,true,18,PFC,probeA,true,1,true,heuristic_equal_segment,PFC,higher_order_frontal,false,recovered_heuristic_equal_segment,true,false
230630,27,0,ses230630-units-probe0-spk-AAAB.npy,true,provisional_unit_area_from_count_matched_row_order,PFC,true,109,PFC,probeA,true,1,true,heuristic_equal_segment,PFC,higher_order_frontal,false,recovered_heuristic_equal_segment,true,false
230630,28,0,ses230630-units-probe0-spk-AAAB.npy,true,provisional_unit_area_from_count_matched_row_order,PFC,true,110,PFC,probeA,true,1,true,heuristic_equal_segment,PFC,higher_order_frontal,false,recovered_heuristic_equal_segment,true,false
230630,29,1,ses230630-units-probe1-spk-AAAB.npy,true,provisional_unit_area_from_count_matched_row_order,V4,true,248,"V4, MT",probeB,true,2,false,channel_out_of_range,Unknown,unknown_or_unresolved,false,source_probe_resolved_but_channel_unresolvable,false,false
230630,30,1,ses230630-units-probe1-spk-AAAB.npy,true,provisional_unit_area_from_count_matched_row_order,V4,true,246,"V4, MT",probeB,true,2,false,channel_out_of_range,Unknown,unknown_or_unresolved,false,source_probe_resolved_but_channel_unresolvable,false,false
230630,31,1,ses230630-units-probe1-spk-AAAB.npy,true,provisional_unit_area_from_count_matched_row_order,V4,true,245,"V4, MT",probeB,true,2,false,channel_out_of_range,Unknown,unknown_or_unresolved,false,source_probe_resolved_but_channel_unresolvable,false,false
230630,32,1,ses230630-units-probe1-spk-AAAB.npy,true,provisional_unit_area_from_count_matched_row_order,MT,true,140,"V4, MT",probeB,true,2,false,channel_out_of_range,Unknown,unknown_or_unresolved,false,source_probe_resolved_but_channel_unresolvable,false,false
230630,33,1,ses230630-units-probe1-spk-AAAB.npy,true,provisional_unit_area_from_count_matched_row_order,MT,true,243,"V4, MT",probeB,true,2,false,channel_out_of_range,Unknown,unknown_or_unresolved,false,source_probe_resolved_but_channel_unresolvable,false,false
230630,34,1,ses230630-units-probe1-spk-AAAB.npy,true,provisional_unit_area_from_count_matched_row_order,V4,true,141,"V4, MT",probeB,true,2,false,channel_out_of_range,Unknown,unknown_or_unresolved,false,source_probe_resolved_but_channel_unresolvable,false,false
230630,35,1,ses230630-units-probe1-spk-AAAB.npy,true,provisional_unit_area_from_count_matched_row_order,V4,true,144,"V4, MT",probeB,true,2,false,channel_out_of_range,Unknown,unknown_or_unresolved,false,source_probe_resolved_but_channel_unresolvable,false,false
230630,36,1,ses230630-units-probe1-spk-AAAB.npy,true,provisional_unit_area_from_count_matched_row_order,V4,true,239,"V4, MT",probeB,true,2,false,channel_out_of_range,Unknown,unknown_or_unresolved,false,source_probe_resolved_but_channel_unresolvable,false,false
230630,37,1,ses230630-units-probe1-spk-AAAB.npy,true,provisional_unit_area_from_count_matched_row_order,V4,true,238,"V4, MT",probeB,true,2,false,channel_out_of_range,Unknown,unknown_or_unresolved,false,source_probe_resolved_but_channel_unresolvable,false,false
230630,38,1,ses230630-units-probe1-spk-AAAB.npy,true,provisional_unit_area_from_count_matched_row_order,MT,true,147,"V4, MT",probeB,true,2,false,channel_out_of_range,Unknown,unknown_or_unresolved,false,source_probe_resolved_but_channel_unresolvable,false,false
230630,39,1,ses230630-units-probe1-spk-AAAB.npy,true,provisional_unit_area_from_count_matched_row_order,MT,true,147,"V4, MT",probeB,true,2,false,channel_out_of_range,Unknown,unknown_or_unresolved,false,source_probe_resolved_but_channel_unresolvable,false,false
230630,40,1,ses230630-units-probe1-spk-AAAB.npy,true,provisional_unit_area_from_count_matched_row_order,MT,true,235,"V4, MT",probeB,true,2,false,channel_out_of_range,Unknown,unknown_or_unresolved,false,source_probe_resolved_but_channel_unresolvable,false,false
230630,41,1,ses230630-units-probe1-spk-AAAB.npy,true,provisional_unit_area_from_count_matched_row_order,MT,true,149,"V4, MT",probeB,true,2,false,channel_out_of_range,Unknown,unknown_or_unresolved,false,source_probe_resolved_but_channel_unresolvable,false,false
230630,42,1,ses230630-units-probe1-spk-AAAB.npy,true,provisional_unit_area_from_count_matched_row_order,MT,true,234,"V4, MT",probeB,true,2,false,channel_out_of_range,Unknown,unknown_or_unresolved,false,source_probe_resolved_but_channel_unresolvable,false,false
230630,43,1,ses230630-units-probe1-spk-AAAB.npy,true,provisional_unit_area_from_count_matched_row_order,MT,true,233,"V4, MT",probeB,true,2,false,channel_out_of_range,Unknown,unknown_or_unresolved,false,source_probe_resolved_but_channel_unresolvable,false,false
230630,44,1,ses230630-units-probe1-spk-AAAB.npy,true,provisional_unit_area_from_count_matched_row_order,V4,true,232,"V4, MT",probeB,true,2,false,channel_out_of_range,Unknown,unknown_or_unresolved,false,source_probe_resolved_but_channel_unresolvable,false,false
230630,45,1,ses230630-units-probe1-spk-AAAB.npy,true,provisional_unit_area_from_count_matched_row_order,V4,true,152,"V4, MT",probeB,true,2,false,channel_out_of_range,Unknown,unknown_or_unresolved,false,source_probe_resolved_but_channel_unresolvable,false,false
230630,46,1,ses230630-units-probe1-spk-AAAB.npy,true,provisional_unit_area_from_count_matched_row_order,MT,true,231,"V4, MT",probeB,true,2,false,channel_out_of_range,Unknown,unknown_or_unresolved,false,source_probe_resolved_but_channel_unresolvable,false,false
230630,47,1,ses230630-units-probe1-spk-AAAB.npy,true,provisional_unit_area_from_count_matched_row_order,MT,true,231,"V4, MT",probeB,true,2,false,channel_out_of_range,Unknown,unknown_or_unresolved,false,source_probe_resolved_but_channel_unresolvable,false,false
230630,48,1,ses230630-units-probe1-spk-AAAB.npy,true,provisional_unit_area_from_count_matched_row_order,MT,true,230,"V4, MT",probeB,true,2,false,channel_out_of_range,Unknown,unknown_or_unresolved,false,source_probe_resolved_but_channel_unresolvable,false,false
230630,49,1,ses230630-units-probe1-spk-AAAB.npy,true,provisional_unit_area_from_count_matched_row_order,V4,true,228,"V4, MT",probeB,true,2,false,channel_out_of_range,Unknown,unknown_or_unresolved,false,source_probe_resolved_but_channel_unresolvable,false,false
230630,50,1,ses230630-units-probe1-spk-AAAB.npy,true,provisional_unit_area_from_count_matched_row_order,V4,true,227,"V4, MT",probeB,true,2,false,channel_out_of_range,Unknown,unknown_or_unresolved,false,source_probe_resolved_but_channel_unresolvable,false,false
230630,51,1,ses230630-units-probe1-spk-AAAB.npy,true,provisional_unit_area_from_count_matched_row_order,V4,true,157,"V4, MT",probeB,true,2,false,channel_out_of_range,Unknown,unknown_or_unresolved,false,source_probe_resolved_but_channel_unresolvable,false,false
230630,52,1,ses230630-units-probe1-spk-AAAB.npy,true,provisional_unit_area_from_count_matched_row_order,V4,true,157,"V4, MT",probeB,true,2,false,channel_out_of_range,Unknown,unknown_or_unresolved,false,source_probe_resolved_but_channel_unresolvable,false,false
230630,53,1,ses230630-units-probe1-spk-AAAB.npy,true,provisional_unit_area_from_count_matched_row_order,V4,true,222,"V4, MT",probeB,true,2,false,channel_out_of_range,Unknown,unknown_or_unresolved,false,source_probe_resolved_but_channel_unresolvable,false,false
230630,54,1,ses230630-units-probe1-spk-AAAB.npy,true,provisional_unit_area_from_count_matched_row_order,V4,true,167,"V4, MT",probeB,true,2,false,channel_out_of_range,Unknown,unknown_or_unresolved,false,source_probe_resolved_but_channel_unresolvable,false,false
230630,55,1,ses230630-units-probe1-spk-AAAB.npy,true,provisional_unit_area_from_count_matched_row_order,V4,true,167,"V4, MT",probeB,true,2,false,channel_out_of_range,Unknown,unknown_or_unresolved,false,source_probe_resolved_but_channel_unresolvable,false,false
230630,56,1,ses230630-units-probe1-spk-AAAB.npy,true,provisional_unit_area_from_count_matched_row_order,MT,true,167,"V4, MT",probeB,true,2,false,channel_out_of_range,Unknown,unknown_or_unresolved,false,source_probe_resolved_but_channel_unresolvable,false,false
230630,57,1,ses230630-units-probe1-spk-AAAB.npy,true,provisional_unit_area_from_count_matched_row_order,V4,true,169,"V4, MT",probeB,true,2,false,channel_out_of_range,Unknown,unknown_or_unresolved,false,source_probe_resolved_but_channel_unresolvable,false,false
230630,58,1,ses230630-units-probe1-spk-AAAB.npy,true,provisional_unit_area_from_count_matched_row_order,V4,true,171,"V4, MT",probeB,true,2,false,channel_out_of_range,Unknown,unknown_or_unresolved,false,source_probe_resolved_but_channel_unresolvable,false,false
230630,59,1,ses230630-units-probe1-spk-AAAB.npy,true,provisional_unit_area_from_count_matched_row_order,V4,true,171,"V4, MT",probeB,true,2,false,channel_out_of_range,Unknown,unknown_or_unresolved,false,source_probe_resolved_but_channel_unresolvable,false,false
230630,60,1,ses230630-units-probe1-spk-AAAB.npy,true,provisional_unit_area_from_count_matched_row_order,V4,true,172,"V4, MT",probeB,true,2,false,channel_out_of_range,Unknown,unknown_or_unresolved,false,source_probe_resolved_but_channel_unresolvable,false,false
230630,61,1,ses230630-units-probe1-spk-AAAB.npy,true,provisional_unit_area_from_count_matched_row_order,V4,true,211,"V4, MT",probeB,true,2,false,channel_out_of_range,Unknown,unknown_or_unresolved,false,source_probe_resolved_but_channel_unresolvable,false,false
230630,62,1,ses230630-units-probe1-spk-AAAB.npy,true,provisional_unit_area_from_count_matched_row_order,V4,true,211,"V4, MT",probeB,true,2,false,channel_out_of_range,Unknown,unknown_or_unresolved,false,source_probe_resolved_but_channel_unresolvable,false,false
230630,63,1,ses230630-units-probe1-spk-AAAB.npy,true,provisional_unit_area_from_count_matched_row_order,V4,true,173,"V4, MT",probeB,true,2,false,channel_out_of_range,Unknown,unknown_or_unresolved,false,source_probe_resolved_but_channel_unresolvable,false,false
230630,64,1,ses230630-units-probe1-spk-AAAB.npy,true,provisional_unit_area_from_count_matched_row_order,MT,true,175,"V4, MT",probeB,true,2,false,channel_out_of_range,Unknown,unknown_or_unresolved,false,source_probe_resolved_but_channel_unresolvable,false,false
230630,65,1,ses230630-units-probe1-spk-AAAB.npy,true,provisional_unit_area_from_count_matched_row_order,MT,true,175,"V4, MT",probeB,true,2,false,channel_out_of_range,Unknown,unknown_or_unresolved,false,source_probe_resolved_but_channel_unresolvable,false,false
230630,66,1,ses230630-units-probe1-spk-AAAB.npy,true,provisional_unit_area_from_count_matched_row_order,V4,true,176,"V4, MT",probeB,true,2,false,channel_out_of_range,Unknown,unknown_or_unresolved,false,source_probe_resolved_but_channel_unresolvable,false,false
230630,67,1,ses230630-units-probe1-spk-AAAB.npy,true,provisional_unit_area_from_count_matched_row_order,V4,true,206,"V4, MT",probeB,true,2,false,channel_out_of_range,Unknown,unknown_or_unresolved,false,source_probe_resolved_but_channel_unresolvable,false,false
230630,68,1,ses230630-units-probe1-spk-AAAB.npy,true,provisional_unit_area_from_count_matched_row_order,MT,true,205,"V4, MT",probeB,true,2,false,channel_out_of_range,Unknown,unknown_or_unresolved,false,source_probe_resolved_but_channel_unresolvable,false,false
230630,69,1,ses230630-units-probe1-spk-AAAB.npy,true,provisional_unit_area_from_count_matched_row_order,MT,true,205,"V4, MT",probeB,true,2,false,channel_out_of_range,Unknown,unknown_or_unresolved,false,source_probe_resolved_but_channel_unresolvable,false,false
230630,70,1,ses230630-units-probe1-spk-AAAB.npy,true,provisional_unit_area_from_count_matched_row_order,V4,true,202,"V4, MT",probeB,true,2,false,channel_out_of_range,Unknown,unknown_or_unresolved,false,source_probe_resolved_but_channel_unresolvable,false,false
230630,71,1,ses230630-units-probe1-spk-AAAB.npy,true,provisional_unit_area_from_count_matched_row_order,MT,true,201,"V4, MT",probeB,true,2,false,channel_out_of_range,Unknown,unknown_or_unresolved,false,source_probe_resolved_but_channel_unresolvable,false,false
230630,72,1,ses230630-units-probe1-spk-AAAB.npy,true,provisional_unit_area_from_count_matched_row_order,MT,true,200,"V4, MT",probeB,true,2,false,channel_out_of_range,Unknown,unknown_or_unresolved,false,source_probe_resolved_but_channel_unresolvable,false,false
230630,73,1,ses230630-units-probe1-spk-AAAB.npy,true,provisional_unit_area_from_count_matched_row_order,MT,true,183,"V4, MT",probeB,true,2,false,channel_out_of_range,Unknown,unknown_or_unresolved,false,source_probe_resolved_but_channel_unresolvable,false,false
230630,74,1,ses230630-units-probe1-spk-AAAB.npy,true,provisional_unit_area_from_count_matched_row_order,V4,true,185,"V4, MT",probeB,true,2,false,channel_out_of_range,Unknown,unknown_or_unresolved,false,source_probe_resolved_but_channel_unresolvable,false,false
230630,75,1,ses230630-units-probe1-spk-AAAB.npy,true,provisional_unit_area_from_count_matched_row_order,MT,true,198,"V4, MT",probeB,true,2,false,channel_out_of_range,Unknown,unknown_or_unresolved,false,source_probe_resolved_but_channel_unresolvable,false,false
230630,76,1,ses230630-units-probe1-spk-AAAB.npy,true,provisional_unit_area_from_count_matched_row_order,MT,true,197,"V4, MT",probeB,true,2,false,channel_out_of_range,Unknown,unknown_or_unresolved,false,source_probe_resolved_but_channel_unresolvable,false,false
230630,77,1,ses230630-units-probe1-spk-AAAB.npy,true,provisional_unit_area_from_count_matched_row_order,MT,true,197,"V4, MT",probeB,true,2,false,channel_out_of_range,Unknown,unknown_or_unresolved,false,source_probe_resolved_but_channel_unresolvable,false,false
230630,78,1,ses230630-units-probe1-spk-AAAB.npy,true,provisional_unit_area_from_count_matched_row_order,MT,true,188,"V4, MT",probeB,true,2,false,channel_out_of_range,Unknown,unknown_or_unresolved,false,source_probe_resolved_but_channel_unresolvable,false,false
230630,79,1,ses230630-units-probe1-spk-AAAB.npy,true,provisional_unit_area_from_count_matched_row_order,MT,true,188,"V4, MT",probeB,true,2,false,channel_out_of_range,Unknown,unknown_or_unresolved,false,source_probe_resolved_but_channel_unresolvable,false,false
230630,80,1,ses230630-units-probe1-spk-AAAB.npy,true,provisional_unit_area_from_count_matched_row_order,V4,true,189,"V4, MT",probeB,true,2,false,channel_out_of_range,Unknown,unknown_or_unresolved,false,source_probe_resolved_but_channel_unresolvable,false,false
230630,81,1,ses230630-units-probe1-spk-AAAB.npy,true,provisional_unit_area_from_count_matched_row_order,V4,true,190,"V4, MT",probeB,true,2,false,channel_out_of_range,Unknown,unknown_or_unresolved,false,source_probe_resolved_but_channel_unresolvable,false,false
230630,82,1,ses230630-units-probe1-spk-AAAB.npy,true,provisional_unit_area_from_count_matched_row_order,V4,true,190,"V4, MT",probeB,true,2,false,channel_out_of_range,Unknown,unknown_or_unresolved,false,source_probe_resolved_but_channel_unresolvable,false,false
230630,83,1,ses230630-units-probe1-spk-AAAB.npy,true,provisional_unit_area_from_count_matched_row_order,V4,true,190,"V4, MT",probeB,true,2,false,channel_out_of_range,Unknown,unknown_or_unresolved,false,source_probe_resolved_but_channel_unresolvable,false,false
230630,84,1,ses230630-units-probe1-spk-AAAB.npy,true,provisional_unit_area_from_count_matched_row_order,V4,true,190,"V4, MT",probeB,true,2,false,channel_out_of_range,Unknown,unknown_or_unresolved,false,source_probe_resolved_but_channel_unresolvable,false,false
230630,85,1,ses230630-units-probe1-spk-AAAB.npy,true,provisional_unit_area_from_count_matched_row_order,MT,true,245,"V4, MT",probeB,true,2,false,channel_out_of_range,Unknown,unknown_or_unresolved,false,source_probe_resolved_but_channel_unresolvable,false,false
230630,86,1,ses230630-units-probe1-spk-AAAB.npy,true,provisional_unit_area_from_count_matched_row_order,V4,true,144,"V4, MT",probeB,true,2,false,channel_out_of_range,Unknown,unknown_or_unresolved,false,source_probe_resolved_but_channel_unresolvable,false,false
230630,87,1,ses230630-units-probe1-spk-AAAB.npy,true,provisional_unit_area_from_count_matched_row_order,MT,true,147,"V4, MT",probeB,true,2,false,channel_out_of_range,Unknown,unknown_or_unresolved,false,source_probe_resolved_but_channel_unresolvable,false,false
230714,0,0,ses230714-units-probe0-spk-AAAB.npy,true,unmapped_no_metadata,Unknown,true,0,"V1,V2",probeA,true,2,false,heuristic_equal_segment,V1,lower_visual,false,recovered_heuristic_equal_segment,true,false
230714,1,0,ses230714-units-probe0-spk-AAAB.npy,true,unmapped_no_metadata,Unknown,true,127,"V1,V2",probeA,true,2,false,heuristic_equal_segment,V2,lower_visual,false,recovered_heuristic_equal_segment,true,false
230714,2,0,ses230714-units-probe0-spk-AAAB.npy,true,unmapped_no_metadata,Unknown,true,0,"V1,V2",probeA,true,2,false,heuristic_equal_segment,V1,lower_visual,false,recovered_heuristic_equal_segment,true,false
230714,3,0,ses230714-units-probe0-spk-AAAB.npy,true,unmapped_no_metadata,Unknown,true,0,"V1,V2",probeA,true,2,false,heuristic_equal_segment,V1,lower_visual,false,recovered_heuristic_equal_segment,true,false
230714,4,0,ses230714-units-probe0-spk-AAAB.npy,true,unmapped_no_metadata,Unknown,true,0,"V1,V2",probeA,true,2,false,heuristic_equal_segment,V1,lower_visual,false,recovered_heuristic_equal_segment,true,false
230714,5,0,ses230714-units-probe0-spk-AAAB.npy,true,unmapped_no_metadata,Unknown,true,127,"V1,V2",probeA,true,2,false,heuristic_equal_segment,V2,lower_visual,false,recovered_heuristic_equal_segment,true,false
230714,6,0,ses230714-units-probe0-spk-AAAB.npy,true,unmapped_no_metadata,Unknown,true,127,"V1,V2",probeA,true,2,false,heuristic_equal_segment,V2,lower_visual,false,recovered_heuristic_equal_segment,true,false
230714,7,0,ses230714-units-probe0-spk-AAAB.npy,true,unmapped_no_metadata,Unknown,true,127,"V1,V2",probeA,true,2,false,heuristic_equal_segment,V2,lower_visual,false,recovered_heuristic_equal_segment,true,false
230714,8,0,ses230714-units-probe0-spk-AAAB.npy,true,unmapped_no_metadata,Unknown,true,127,"V1,V2",probeA,true,2,false,heuristic_equal_segment,V2,lower_visual,false,recovered_heuristic_equal_segment,true,false
230714,9,0,ses230714-units-probe0-spk-AAAB.npy,true,unmapped_no_metadata,Unknown,true,126,"V1,V2",probeA,true,2,false,heuristic_equal_segment,V2,lower_visual,false,recovered_heuristic_equal_segment,true,false
230714,10,0,ses230714-units-probe0-spk-AAAB.npy,true,unmapped_no_metadata,Unknown,true,1,"V1,V2",probeA,true,2,false,heuristic_equal_segment,V1,lower_visual,false,recovered_heuristic_equal_segment,true,false
230714,11,0,ses230714-units-probe0-spk-AAAB.npy,true,unmapped_no_metadata,Unknown,true,126,"V1,V2",probeA,true,2,false,heuristic_equal_segment,V2,lower_visual,false,recovered_heuristic_equal_segment,true,false
230714,12,0,ses230714-units-probe0-spk-AAAB.npy,true,unmapped_no_metadata,Unknown,true,126,"V1,V2",probeA,true,2,false,heuristic_equal_segment,V2,lower_visual,false,recovered_heuristic_equal_segment,true,false
230714,13,0,ses230714-units-probe0-spk-AAAB.npy,true,unmapped_no_metadata,Unknown,true,126,"V1,V2",probeA,true,2,false,heuristic_equal_segment,V2,lower_visual,false,recovered_heuristic_equal_segment,true,false
230714,14,0,ses230714-units-probe0-spk-AAAB.npy,true,unmapped_no_metadata,Unknown,true,126,"V1,V2",probeA,true,2,false,heuristic_equal_segment,V2,lower_visual,false,recovered_heuristic_equal_segment,true,false
230714,15,0,ses230714-units-probe0-spk-AAAB.npy,true,unmapped_no_metadata,Unknown,true,0,"V1,V2",probeA,true,2,false,heuristic_equal_segment,V1,lower_visual,false,recovered_heuristic_equal_segment,true,false
230714,16,0,ses230714-units-probe0-spk-AAAB.npy,true,unmapped_no_metadata,Unknown,true,125,"V1,V2",probeA,true,2,false,heuristic_equal_segment,V2,lower_visual,false,recovered_heuristic_equal_segment,true,false
230714,17,0,ses230714-units-probe0-spk-AAAB.npy,true,unmapped_no_metadata,Unknown,true,125,"V1,V2",probeA,true,2,false,heuristic_equal_segment,V2,lower_visual,false,recovered_heuristic_equal_segment,true,false
230714,18,0,ses230714-units-probe0-spk-AAAB.npy,true,unmapped_no_metadata,Unknown,true,124,"V1,V2",probeA,true,2,false,heuristic_equal_segment,V2,lower_visual,false,recovered_heuristic_equal_segment,true,false
230714,19,0,ses230714-units-probe0-spk-AAAB.npy,true,unmapped_no_metadata,Unknown,true,124,"V1,V2",probeA,true,2,false,heuristic_equal_segment,V2,lower_visual,false,recovered_heuristic_equal_segment,true,false
230714,20,0,ses230714-units-probe0-spk-AAAB.npy,true,unmapped_no_metadata,Unknown,true,124,"V1,V2",probeA,true,2,false,heuristic_equal_segment,V2,lower_visual,false,recovered_heuristic_equal_segment,true,false
230714,21,0,ses230714-units-probe0-spk-AAAB.npy,true,unmapped_no_metadata,Unknown,true,123,"V1,V2",probeA,true,2,false,heuristic_equal_segment,V2,lower_visual,false,recovered_heuristic_equal_segment,true,false
230714,22,0,ses230714-units-probe0-spk-AAAB.npy,true,unmapped_no_metadata,Unknown,true,123,"V1,V2",probeA,true,2,false,heuristic_equal_segment,V2,lower_visual,false,recovered_heuristic_equal_segment,true,false
230714,23,0,ses230714-units-probe0-spk-AAAB.npy,true,unmapped_no_metadata,Unknown,true,123,"V1,V2",probeA,true,2,false,heuristic_equal_segment,V2,lower_visual,false,recovered_heuristic_equal_segment,true,false
230714,24,0,ses230714-units-probe0-spk-AAAB.npy,true,unmapped_no_metadata,Unknown,true,123,"V1,V2",probeA,true,2,false,heuristic_equal_segment,V2,lower_visual,false,recovered_heuristic_equal_segment,true,false
230714,25,0,ses230714-units-probe0-spk-AAAB.npy,true,unmapped_no_metadata,Unknown,true,5,"V1,V2",probeA,true,2,false,heuristic_equal_segment,V1,lower_visual,false,recovered_heuristic_equal_segment,true,false
230714,26,0,ses230714-units-probe0-spk-AAAB.npy,true,unmapped_no_metadata,Unknown,true,123,"V1,V2",probeA,true,2,false,heuristic_equal_segment,V2,lower_visual,false,recovered_heuristic_equal_segment,true,false
230714,27,0,ses230714-units-probe0-spk-AAAB.npy,true,unmapped_no_metadata,Unknown,true,122,"V1,V2",probeA,true,2,false,heuristic_equal_segment,V2,lower_visual,false,recovered_heuristic_equal_segment,true,false
230714,28,0,ses230714-units-probe0-spk-AAAB.npy,true,unmapped_no_metadata,Unknown,true,122,"V1,V2",probeA,true,2,false,heuristic_equal_segment,V2,lower_visual,false,recovered_heuristic_equal_segment,true,false
230714,29,0,ses230714-units-probe0-spk-AAAB.npy,true,unmapped_no_metadata,Unknown,true,122,"V1,V2",probeA,true,2,false,heuristic_equal_segment,V2,lower_visual,false,recovered_heuristic_equal_segment,true,false
230714,30,0,ses230714-units-probe0-spk-AAAB.npy,true,unmapped_no_metadata,Unknown,true,122,"V1,V2",probeA,true,2,false,heuristic_equal_segment,V2,lower_visual,false,recovered_heuristic_equal_segment,true,false
230714,31,0,ses230714-units-probe0-spk-AAAB.npy,true,unmapped_no_metadata,Unknown,true,6,"V1,V2",probeA,true,2,false,heuristic_equal_segment,V1,lower_visual,false,recovered_heuristic_equal_segment,true,false
230714,32,0,ses230714-units-probe0-spk-AAAB.npy,true,unmapped_no_metadata,Unknown,true,121,"V1,V2",probeA,true,2,false,heuristic_equal_segment,V2,lower_visual,false,recovered_heuristic_equal_segment,true,false
230714,33,0,ses230714-units-probe0-spk-AAAB.npy,true,unmapped_no_metadata,Unknown,true,121,"V1,V2",probeA,true,2,false,heuristic_equal_segment,V2,lower_visual,false,recovered_heuristic_equal_segment,true,false
230714,34,0,ses230714-units-probe0-spk-AAAB.npy,true,unmapped_no_metadata,Unknown,true,121,"V1,V2",probeA,true,2,false,heuristic_equal_segment,V2,lower_visual,false,recovered_heuristic_equal_segment,true,false
230714,35,0,ses230714-units-probe0-spk-AAAB.npy,true,unmapped_no_metadata,Unknown,true,121,"V1,V2",probeA,true,2,false,heuristic_equal_segment,V2,lower_visual,false,recovered_heuristic_equal_segment,true,false
230714,36,0,ses230714-units-probe0-spk-AAAB.npy,true,unmapped_no_metadata,Unknown,true,121,"V1,V2",probeA,true,2,false,heuristic_equal_segment,V2,lower_visual,false,recovered_heuristic_equal_segment,true,false
230714,37,0,ses230714-units-probe0-spk-AAAB.npy,true,unmapped_no_metadata,Unknown,true,7,"V1,V2",probeA,true,2,false,heuristic_equal_segment,V1,lower_visual,false,recovered_heuristic_equal_segment,true,false
230714,38,0,ses230714-units-probe0-spk-AAAB.npy,true,unmapped_no_metadata,Unknown,true,120,"V1,V2",probeA,true,2,false,heuristic_equal_segment,V2,lower_visual,false,recovered_heuristic_equal_segment,true,false
230714,39,0,ses230714-units-probe0-spk-AAAB.npy,true,unmapped_no_metadata,Unknown,true,120,"V1,V2",probeA,true,2,false,heuristic_equal_segment,V2,lower_visual,false,recovered_heuristic_equal_segment,true,false
230714,40,0,ses230714-units-probe0-spk-AAAB.npy,true,unmapped_no_metadata,Unknown,true,120,"V1,V2",probeA,true,2,false,heuristic_equal_segment,V2,lower_visual,false,recovered_heuristic_equal_segment,true,false
230714,41,0,ses230714-units-probe0-spk-AAAB.npy,true,unmapped_no_metadata,Unknown,true,120,"V1,V2",probeA,true,2,false,heuristic_equal_segment,V2,lower_visual,false,recovered_heuristic_equal_segment,true,false
230714,42,0,ses230714-units-probe0-spk-AAAB.npy,true,unmapped_no_metadata,Unknown,true,120,"V1,V2",probeA,true,2,false,heuristic_equal_segment,V2,lower_visual,false,recovered_heuristic_equal_segment,true,false
230714,43,0,ses230714-units-probe0-spk-AAAB.npy,true,unmapped_no_metadata,Unknown,true,120,"V1,V2",probeA,true,2,false,heuristic_equal_segment,V2,lower_visual,false,recovered_heuristic_equal_segment,true,false
230714,44,0,ses230714-units-probe0-spk-AAAB.npy,true,unmapped_no_metadata,Unknown,true,8,"V1,V2",probeA,true,2,false,heuristic_equal_segment,V1,lower_visual,false,recovered_heuristic_equal_segment,true,false
230714,45,0,ses230714-units-probe0-spk-AAAB.npy,true,unmapped_no_metadata,Unknown,true,119,"V1,V2",probeA,true,2,false,heuristic_equal_segment,V2,lower_visual,false,recovered_heuristic_equal_segment,true,false
230714,46,0,ses230714-units-probe0-spk-AAAB.npy,true,unmapped_no_metadata,Unknown,true,119,"V1,V2",probeA,true,2,false,heuristic_equal_segment,V2,lower_visual,false,recovered_heuristic_equal_segment,true,false
230714,47,0,ses230714-units-probe0-spk-AAAB.npy,true,unmapped_no_metadata,Unknown,true,119,"V1,V2",probeA,true,2,false,heuristic_equal_segment,V2,lower_visual,false,recovered_heuristic_equal_segment,true,false
230714,48,0,ses230714-units-probe0-spk-AAAB.npy,true,unmapped_no_metadata,Unknown,true,119,"V1,V2",probeA,true,2,false,heuristic_equal_segment,V2,lower_visual,false,recovered_heuristic_equal_segment,true,false
230714,49,0,ses230714-units-probe0-spk-AAAB.npy,true,unmapped_no_metadata,Unknown,true,119,"V1,V2",probeA,true,2,false,heuristic_equal_segment,V2,lower_visual,false,recovered_heuristic_equal_segment,true,false
230714,50,0,ses230714-units-probe0-spk-AAAB.npy,true,unmapped_no_metadata,Unknown,true,119,"V1,V2",probeA,true,2,false,heuristic_equal_segment,V2,lower_visual,false,recovered_heuristic_equal_segment,true,false
230714,51,0,ses230714-units-probe0-spk-AAAB.npy,true,unmapped_no_metadata,Unknown,true,9,"V1,V2",probeA,true,2,false,heuristic_equal_segment,V1,lower_visual,false,recovered_heuristic_equal_segment,true,false
230714,52,0,ses230714-units-probe0-spk-AAAB.npy,true,unmapped_no_metadata,Unknown,true,118,"V1,V2",probeA,true,2,false,heuristic_equal_segment,V2,lower_visual,false,recovered_heuristic_equal_segment,true,false
230714,53,0,ses230714-units-probe0-spk-AAAB.npy,true,unmapped_no_metadata,Unknown,true,118,"V1,V2",probeA,true,2,false,heuristic_equal_segment,V2,lower_visual,false,recovered_heuristic_equal_segment,true,false
230714,54,0,ses230714-units-probe0-spk-AAAB.npy,true,unmapped_no_metadata,Unknown,true,118,"V1,V2",probeA,true,2,false,heuristic_equal_segment,V2,lower_visual,false,recovered_heuristic_equal_segment,true,false
230714,55,0,ses230714-units-probe0-spk-AAAB.npy,true,unmapped_no_metadata,Unknown,true,118,"V1,V2",probeA,true,2,false,heuristic_equal_segment,V2,lower_visual,false,recovered_heuristic_equal_segment,true,false
230714,56,0,ses230714-units-probe0-spk-AAAB.npy,true,unmapped_no_metadata,Unknown,true,118,"V1,V2",probeA,true,2,false,heuristic_equal_segment,V2,lower_visual,false,recovered_heuristic_equal_segment,true,false
230714,57,0,ses230714-units-probe0-spk-AAAB.npy,true,unmapped_no_metadata,Unknown,true,118,"V1,V2",probeA,true,2,false,heuristic_equal_segment,V2,lower_visual,false,recovered_heuristic_equal_segment,true,false
230714,58,0,ses230714-units-probe0-spk-AAAB.npy,true,unmapped_no_metadata,Unknown,true,117,"V1,V2",probeA,true,2,false,heuristic_equal_segment,V2,lower_visual,false,recovered_heuristic_equal_segment,true,false
230714,59,0,ses230714-units-probe0-spk-AAAB.npy,true,unmapped_no_metadata,Unknown,true,117,"V1,V2",probeA,true,2,false,heuristic_equal_segment,V2,lower_visual,false,recovered_heuristic_equal_segment,true,false
230714,60,0,ses230714-units-probe0-spk-AAAB.npy,true,unmapped_no_metadata,Unknown,true,117,"V1,V2",probeA,true,2,false,heuristic_equal_segment,V2,lower_visual,false,recovered_heuristic_equal_segment,true,false
230714,61,0,ses230714-units-probe0-spk-AAAB.npy,true,unmapped_no_metadata,Unknown,true,117,"V1,V2",probeA,true,2,false,heuristic_equal_segment,V2,lower_visual,false,recovered_heuristic_equal_segment,true,false
230714,62,0,ses230714-units-probe0-spk-AAAB.npy,true,unmapped_no_metadata,Unknown,true,117,"V1,V2",probeA,true,2,false,heuristic_equal_segment,V2,lower_visual,false,recovered_heuristic_equal_segment,true,false
230714,63,0,ses230714-units-probe0-spk-AAAB.npy,true,unmapped_no_metadata,Unknown,true,11,"V1,V2",probeA,true,2,false,heuristic_equal_segment,V1,lower_visual,false,recovered_heuristic_equal_segment,true,false
230714,64,0,ses230714-units-probe0-spk-AAAB.npy,true,unmapped_no_metadata,Unknown,true,116,"V1,V2",probeA,true,2,false,heuristic_equal_segment,V2,lower_visual,false,recovered_heuristic_equal_segment,true,false
230714,65,0,ses230714-units-probe0-spk-AAAB.npy,true,unmapped_no_metadata,Unknown,true,116,"V1,V2",probeA,true,2,false,heuristic_equal_segment,V2,lower_visual,false,recovered_heuristic_equal_segment,true,false
230714,66,0,ses230714-units-probe0-spk-AAAB.npy,true,unmapped_no_metadata,Unknown,true,116,"V1,V2",probeA,true,2,false,heuristic_equal_segment,V2,lower_visual,false,recovered_heuristic_equal_segment,true,false
230714,67,0,ses230714-units-probe0-spk-AAAB.npy,true,unmapped_no_metadata,Unknown,true,116,"V1,V2",probeA,true,2,false,heuristic_equal_segment,V2,lower_visual,false,recovered_heuristic_equal_segment,true,false
230714,68,0,ses230714-units-probe0-spk-AAAB.npy,true,unmapped_no_metadata,Unknown,true,116,"V1,V2",probeA,true,2,false,heuristic_equal_segment,V2,lower_visual,false,recovered_heuristic_equal_segment,true,false
230714,69,0,ses230714-units-probe0-spk-AAAB.npy,true,unmapped_no_metadata,Unknown,true,12,"V1,V2",probeA,true,2,false,heuristic_equal_segment,V1,lower_visual,false,recovered_heuristic_equal_segment,true,false
230714,70,0,ses230714-units-probe0-spk-AAAB.npy,true,unmapped_no_metadata,Unknown,true,115,"V1,V2",probeA,true,2,false,heuristic_equal_segment,V2,lower_visual,false,recovered_heuristic_equal_segment,true,false
230714,71,0,ses230714-units-probe0-spk-AAAB.npy,true,unmapped_no_metadata,Unknown,true,115,"V1,V2",probeA,true,2,false,heuristic_equal_segment,V2,lower_visual,false,recovered_heuristic_equal_segment,true,false
230714,72,0,ses230714-units-probe0-spk-AAAB.npy,true,unmapped_no_metadata,Unknown,true,115,"V1,V2",probeA,true,2,false,heuristic_equal_segment,V2,lower_visual,false,recovered_heuristic_equal_segment,true,false
230714,73,0,ses230714-units-probe0-spk-AAAB.npy,true,unmapped_no_metadata,Unknown,true,115,"V1,V2",probeA,true,2,false,heuristic_equal_segment,V2,lower_visual,false,recovered_heuristic_equal_segment,true,false
230714,74,0,ses230714-units-probe0-spk-AAAB.npy,true,unmapped_no_metadata,Unknown,true,115,"V1,V2",probeA,true,2,false,heuristic_equal_segment,V2,lower_visual,false,recovered_heuristic_equal_segment,true,false
230714,75,0,ses230714-units-probe0-spk-AAAB.npy,true,unmapped_no_metadata,Unknown,true,115,"V1,V2",probeA,true,2,false,heuristic_equal_segment,V2,lower_visual,false,recovered_heuristic_equal_segment,true,false
230714,76,0,ses230714-units-probe0-spk-AAAB.npy,true,unmapped_no_metadata,Unknown,true,114,"V1,V2",probeA,true,2,false,heuristic_equal_segment,V2,lower_visual,false,recovered_heuristic_equal_segment,true,false
230714,77,0,ses230714-units-probe0-spk-AAAB.npy,true,unmapped_no_metadata,Unknown,true,114,"V1,V2",probeA,true,2,false,heuristic_equal_segment,V2,lower_visual,false,recovered_heuristic_equal_segment,true,false
230714,78,0,ses230714-units-probe0-spk-AAAB.npy,true,unmapped_no_metadata,Unknown,true,114,"V1,V2",probeA,true,2,false,heuristic_equal_segment,V2,lower_visual,false,recovered_heuristic_equal_segment,true,false
230714,79,0,ses230714-units-probe0-spk-AAAB.npy,true,unmapped_no_metadata,Unknown,true,114,"V1,V2",probeA,true,2,false,heuristic_equal_segment,V2,lower_visual,false,recovered_heuristic_equal_segment,true,false
230714,80,0,ses230714-units-probe0-spk-AAAB.npy,true,unmapped_no_metadata,Unknown,true,114,"V1,V2",probeA,true,2,false,heuristic_equal_segment,V2,lower_visual,false,recovered_heuristic_equal_segment,true,false
230714,81,0,ses230714-units-probe0-spk-AAAB.npy,true,unmapped_no_metadata,Unknown,true,114,"V1,V2",probeA,true,2,false,heuristic_equal_segment,V2,lower_visual,false,recovered_heuristic_equal_segment,true,false
230714,82,0,ses230714-units-probe0-spk-AAAB.npy,true,unmapped_no_metadata,Unknown,true,114,"V1,V2",probeA,true,2,false,heuristic_equal_segment,V2,lower_visual,false,recovered_heuristic_equal_segment,true,false
230714,83,0,ses230714-units-probe0-spk-AAAB.npy,true,unmapped_no_metadata,Unknown,true,113,"V1,V2",probeA,true,2,false,heuristic_equal_segment,V2,lower_visual,false,recovered_heuristic_equal_segment,true,false
230714,84,0,ses230714-units-probe0-spk-AAAB.npy,true,unmapped_no_metadata,Unknown,true,113,"V1,V2",probeA,true,2,false,heuristic_equal_segment,V2,lower_visual,false,recovered_heuristic_equal_segment,true,false
230714,85,0,ses230714-units-probe0-spk-AAAB.npy,true,unmapped_no_metadata,Unknown,true,113,"V1,V2",probeA,true,2,false,heuristic_equal_segment,V2,lower_visual,false,recovered_heuristic_equal_segment,true,false
230714,86,0,ses230714-units-probe0-spk-AAAB.npy,true,unmapped_no_metadata,Unknown,true,113,"V1,V2",probeA,true,2,false,heuristic_equal_segment,V2,lower_visual,false,recovered_heuristic_equal_segment,true,false
230714,87,0,ses230714-units-probe0-spk-AAAB.npy,true,unmapped_no_metadata,Unknown,true,113,"V1,V2",probeA,true,2,false,heuristic_equal_segment,V2,lower_visual,false,recovered_heuristic_equal_segment,true,false
230714,88,0,ses230714-units-probe0-spk-AAAB.npy,true,unmapped_no_metadata,Unknown,true,113,"V1,V2",probeA,true,2,false,heuristic_equal_segment,V2,lower_visual,false,recovered_heuristic_equal_segment,true,false
230714,89,0,ses230714-units-probe0-spk-AAAB.npy,true,unmapped_no_metadata,Unknown,true,112,"V1,V2",probeA,true,2,false,heuristic_equal_segment,V2,lower_visual,false,recovered_heuristic_equal_segment,true,false
230714,90,0,ses230714-units-probe0-spk-AAAB.npy,true,unmapped_no_metadata,Unknown,true,112,"V1,V2",probeA,true,2,false,heuristic_equal_segment,V2,lower_visual,false,recovered_heuristic_equal_segment,true,false
230714,91,0,ses230714-units-probe0-spk-AAAB.npy,true,unmapped_no_metadata,Unknown,true,112,"V1,V2",probeA,true,2,false,heuristic_equal_segment,V2,lower_visual,false,recovered_heuristic_equal_segment,true,false
230714,92,0,ses230714-units-probe0-spk-AAAB.npy,true,unmapped_no_metadata,Unknown,true,112,"V1,V2",probeA,true,2,false,heuristic_equal_segment,V2,lower_visual,false,recovered_heuristic_equal_segment,true,false
230714,93,0,ses230714-units-probe0-spk-AAAB.npy,true,unmapped_no_metadata,Unknown,true,112,"V1,V2",probeA,true,2,false,heuristic_equal_segment,V2,lower_visual,false,recovered_heuristic_equal_segment,true,false
230714,94,0,ses230714-units-probe0-spk-AAAB.npy,true,unmapped_no_metadata,Unknown,true,112,"V1,V2",probeA,true,2,false,heuristic_equal_segment,V2,lower_visual,false,recovered_heuristic_equal_segment,true,false
230714,95,0,ses230714-units-probe0-spk-AAAB.npy,true,unmapped_no_metadata,Unknown,true,111,"V1,V2",probeA,true,2,false,heuristic_equal_segment,V2,lower_visual,false,recovered_heuristic_equal_segment,true,false
230714,96,0,ses230714-units-probe0-spk-AAAB.npy,true,unmapped_no_metadata,Unknown,true,111,"V1,V2",probeA,true,2,false,heuristic_equal_segment,V2,lower_visual,false,recovered_heuristic_equal_segment,true,false
230714,97,0,ses230714-units-probe0-spk-AAAB.npy,true,unmapped_no_metadata,Unknown,true,111,"V1,V2",probeA,true,2,false,heuristic_equal_segment,V2,lower_visual,false,recovered_heuristic_equal_segment,true,false
230714,98,0,ses230714-units-probe0-spk-AAAB.npy,true,unmapped_no_metadata,Unknown,true,111,"V1,V2",probeA,true,2,false,heuristic_equal_segment,V2,lower_visual,false,recovered_heuristic_equal_segment,true,false
230714,99,0,ses230714-units-probe0-spk-AAAB.npy,true,unmapped_no_metadata,Unknown,true,111,"V1,V2",probeA,true,2,false,heuristic_equal_segment,V2,lower_visual,false,recovered_heuristic_equal_segment,true,false
230714,100,0,ses230714-units-probe0-spk-AAAB.npy,true,unmapped_no_metadata,Unknown,true,111,"V1,V2",probeA,true,2,false,heuristic_equal_segment,V2,lower_visual,false,recovered_heuristic_equal_segment,true,false
230714,101,0,ses230714-units-probe0-spk-AAAB.npy,true,unmapped_no_metadata,Unknown,true,111,"V1,V2",probeA,true,2,false,heuristic_equal_segment,V2,lower_visual,false,recovered_heuristic_equal_segment,true,false
230714,102,0,ses230714-units-probe0-spk-AAAB.npy,true,unmapped_no_metadata,Unknown,true,110,"V1,V2",probeA,true,2,false,heuristic_equal_segment,V2,lower_visual,false,recovered_heuristic_equal_segment,true,false
230714,103,0,ses230714-units-probe0-spk-AAAB.npy,true,unmapped_no_metadata,Unknown,true,110,"V1,V2",probeA,true,2,false,heuristic_equal_segment,V2,lower_visual,false,recovered_heuristic_equal_segment,true,false
230714,104,0,ses230714-units-probe0-spk-AAAB.npy,true,unmapped_no_metadata,Unknown,true,110,"V1,V2",probeA,true,2,false,heuristic_equal_segment,V2,lower_visual,false,recovered_heuristic_equal_segment,true,false
230714,105,0,ses230714-units-probe0-spk-AAAB.npy,true,unmapped_no_metadata,Unknown,true,110,"V1,V2",probeA,true,2,false,heuristic_equal_segment,V2,lower_visual,false,recovered_heuristic_equal_segment,true,false
230714,106,0,ses230714-units-probe0-spk-AAAB.npy,true,unmapped_no_metadata,Unknown,true,110,"V1,V2",probeA,true,2,false,heuristic_equal_segment,V2,lower_visual,false,recovered_heuristic_equal_segment,true,false
230714,107,0,ses230714-units-probe0-spk-AAAB.npy,true,unmapped_no_metadata,Unknown,true,18,"V1,V2",probeA,true,2,false,heuristic_equal_segment,V1,lower_visual,false,recovered_heuristic_equal_segment,true,false
230714,108,0,ses230714-units-probe0-spk-AAAB.npy,true,unmapped_no_metadata,Unknown,true,109,"V1,V2",probeA,true,2,false,heuristic_equal_segment,V2,lower_visual,false,recovered_heuristic_equal_segment,true,false
230714,109,0,ses230714-units-probe0-spk-AAAB.npy,true,unmapped_no_metadata,Unknown,true,109,"V1,V2",probeA,true,2,false,heuristic_equal_segment,V2,lower_visual,false,recovered_heuristic_equal_segment,true,false
230714,110,0,ses230714-units-probe0-spk-AAAB.npy,true,unmapped_no_metadata,Unknown,true,109,"V1,V2",probeA,true,2,false,heuristic_equal_segment,V2,lower_visual,false,recovered_heuristic_equal_segment,true,false
230714,111,0,ses230714-units-probe0-spk-AAAB.npy,true,unmapped_no_metadata,Unknown,true,109,"V1,V2",probeA,true,2,false,heuristic_equal_segment,V2,lower_visual,false,recovered_heuristic_equal_segment,true,false
230714,112,0,ses230714-units-probe0-spk-AAAB.npy,true,unmapped_no_metadata,Unknown,true,19,"V1,V2",probeA,true,2,false,heuristic_equal_segment,V1,lower_visual,false,recovered_heuristic_equal_segment,true,false
230714,113,0,ses230714-units-probe0-spk-AAAB.npy,true,unmapped_no_metadata,Unknown,true,108,"V1,V2",probeA,true,2,false,heuristic_equal_segment,V2,lower_visual,false,recovered_heuristic_equal_segment,true,false
230714,114,0,ses230714-units-probe0-spk-AAAB.npy,true,unmapped_no_metadata,Unknown,true,108,"V1,V2",probeA,true,2,false,heuristic_equal_segment,V2,lower_visual,false,recovered_heuristic_equal_segment,true,false
230714,115,0,ses230714-units-probe0-spk-AAAB.npy,true,unmapped_no_metadata,Unknown,true,108,"V1,V2",probeA,true,2,false,heuristic_equal_segment,V2,lower_visual,false,recovered_heuristic_equal_segment,true,false
230714,116,0,ses230714-units-probe0-spk-AAAB.npy,true,unmapped_no_metadata,Unknown,true,108,"V1,V2",probeA,true,2,false,heuristic_equal_segment,V2,lower_visual,false,recovered_heuristic_equal_segment,true,false
230714,117,0,ses230714-units-probe0-spk-AAAB.npy,true,unmapped_no_metadata,Unknown,true,108,"V1,V2",probeA,true,2,false,heuristic_equal_segment,V2,lower_visual,false,recovered_heuristic_equal_segment,true,false
230714,118,0,ses230714-units-probe0-spk-AAAB.npy,true,unmapped_no_metadata,Unknown,true,108,"V1,V2",probeA,true,2,false,heuristic_equal_segment,V2,lower_visual,false,recovered_heuristic_equal_segment,true,false
230714,119,0,ses230714-units-probe0-spk-AAAB.npy,true,unmapped_no_metadata,Unknown,true,20,"V1,V2",probeA,true,2,false,heuristic_equal_segment,V1,lower_visual,false,recovered_heuristic_equal_segment,true,false
230714,120,0,ses230714-units-probe0-spk-AAAB.npy,true,unmapped_no_metadata,Unknown,true,107,"V1,V2",probeA,true,2,false,heuristic_equal_segment,V2,lower_visual,false,recovered_heuristic_equal_segment,true,false
230714,121,0,ses230714-units-probe0-spk-AAAB.npy,true,unmapped_no_metadata,Unknown,true,107,"V1,V2",probeA,true,2,false,heuristic_equal_segment,V2,lower_visual,false,recovered_heuristic_equal_segment,true,false
230714,122,0,ses230714-units-probe0-spk-AAAB.npy,true,unmapped_no_metadata,Unknown,true,107,"V1,V2",probeA,true,2,false,heuristic_equal_segment,V2,lower_visual,false,recovered_heuristic_equal_segment,true,false
230714,123,0,ses230714-units-probe0-spk-AAAB.npy,true,unmapped_no_metadata,Unknown,true,107,"V1,V2",probeA,true,2,false,heuristic_equal_segment,V2,lower_visual,false,recovered_heuristic_equal_segment,true,false
230714,124,0,ses230714-units-probe0-spk-AAAB.npy,true,unmapped_no_metadata,Unknown,true,107,"V1,V2",probeA,true,2,false,heuristic_equal_segment,V2,lower_visual,false,recovered_heuristic_equal_segment,true,false
230714,125,0,ses230714-units-probe0-spk-AAAB.npy,true,unmapped_no_metadata,Unknown,true,21,"V1,V2",probeA,true,2,false,heuristic_equal_segment,V1,lower_visual,false,recovered_heuristic_equal_segment,true,false
230714,126,0,ses230714-units-probe0-spk-AAAB.npy,true,unmapped_no_metadata,Unknown,true,23,"V1,V2",probeA,true,2,false,heuristic_equal_segment,V1,lower_visual,false,recovered_heuristic_equal_segment,true,false
230714,127,0,ses230714-units-probe0-spk-AAAB.npy,true,unmapped_no_metadata,Unknown,true,106,"V1,V2",probeA,true,2,false,heuristic_equal_segment,V2,lower_visual,false,recovered_heuristic_equal_segment,true,false
230714,128,0,ses230714-units-probe0-spk-AAAB.npy,true,unmapped_no_metadata,Unknown,true,106,"V1,V2",probeA,true,2,false,heuristic_equal_segment,V2,lower_visual,false,recovered_heuristic_equal_segment,true,false
230714,129,0,ses230714-units-probe0-spk-AAAB.npy,true,unmapped_no_metadata,Unknown,true,106,"V1,V2",probeA,true,2,false,heuristic_equal_segment,V2,lower_visual,false,recovered_heuristic_equal_segment,true,false
230714,130,0,ses230714-units-probe0-spk-AAAB.npy,true,unmapped_no_metadata,Unknown,true,22,"V1,V2",probeA,true,2,false,heuristic_equal_segment,V1,lower_visual,false,recovered_heuristic_equal_segment,true,false
230714,131,0,ses230714-units-probe0-spk-AAAB.npy,true,unmapped_no_metadata,Unknown,true,22,"V1,V2",probeA,true,2,false,heuristic_equal_segment,V1,lower_visual,false,recovered_heuristic_equal_segment,true,false
230714,132,0,ses230714-units-probe0-spk-AAAB.npy,true,unmapped_no_metadata,Unknown,true,23,"V1,V2",probeA,true,2,false,heuristic_equal_segment,V1,lower_visual,false,recovered_heuristic_equal_segment,true,false
230714,133,0,ses230714-units-probe0-spk-AAAB.npy,true,unmapped_no_metadata,Unknown,true,22,"V1,V2",probeA,true,2,false,heuristic_equal_segment,V1,lower_visual,false,recovered_heuristic_equal_segment,true,false
230714,134,0,ses230714-units-probe0-spk-AAAB.npy,true,unmapped_no_metadata,Unknown,true,105,"V1,V2",probeA,true,2,false,heuristic_equal_segment,V2,lower_visual,false,recovered_heuristic_equal_segment,true,false
230714,135,0,ses230714-units-probe0-spk-AAAB.npy,true,unmapped_no_metadata,Unknown,true,105,"V1,V2",probeA,true,2,false,heuristic_equal_segment,V2,lower_visual,false,recovered_heuristic_equal_segment,true,false
230714,136,0,ses230714-units-probe0-spk-AAAB.npy,true,unmapped_no_metadata,Unknown,true,105,"V1,V2",probeA,true,2,false,heuristic_equal_segment,V2,lower_visual,false,recovered_heuristic_equal_segment,true,false
230714,137,0,ses230714-units-probe0-spk-AAAB.npy,true,unmapped_no_metadata,Unknown,true,105,"V1,V2",probeA,true,2,false,heuristic_equal_segment,V2,lower_visual,false,recovered_heuristic_equal_segment,true,false
230714,138,0,ses230714-units-probe0-spk-AAAB.npy,true,unmapped_no_metadata,Unknown,true,105,"V1,V2",probeA,true,2,false,heuristic_equal_segment,V2,lower_visual,false,recovered_heuristic_equal_segment,true,false
230714,139,0,ses230714-units-probe0-spk-AAAB.npy,true,unmapped_no_metadata,Unknown,true,105,"V1,V2",probeA,true,2,false,heuristic_equal_segment,V2,lower_visual,false,recovered_heuristic_equal_segment,true,false
230714,140,0,ses230714-units-probe0-spk-AAAB.npy,true,unmapped_no_metadata,Unknown,true,23,"V1,V2",probeA,true,2,false,heuristic_equal_segment,V1,lower_visual,false,recovered_heuristic_equal_segment,true,false
230714,141,0,ses230714-units-probe0-spk-AAAB.npy,true,unmapped_no_metadata,Unknown,true,23,"V1,V2",probeA,true,2,false,heuristic_equal_segment,V1,lower_visual,false,recovered_heuristic_equal_segment,true,false
230714,142,0,ses230714-units-probe0-spk-AAAB.npy,true,unmapped_no_metadata,Unknown,true,23,"V1,V2",probeA,true,2,false,heuristic_equal_segment,V1,lower_visual,false,recovered_heuristic_equal_segment,true,false
230714,143,0,ses230714-units-probe0-spk-AAAB.npy,true,unmapped_no_metadata,Unknown,true,23,"V1,V2",probeA,true,2,false,heuristic_equal_segment,V1,lower_visual,false,recovered_heuristic_equal_segment,true,false
230714,144,0,ses230714-units-probe0-spk-AAAB.npy,true,unmapped_no_metadata,Unknown,true,104,"V1,V2",probeA,true,2,false,heuristic_equal_segment,V2,lower_visual,false,recovered_heuristic_equal_segment,true,false
230714,145,0,ses230714-units-probe0-spk-AAAB.npy,true,unmapped_no_metadata,Unknown,true,104,"V1,V2",probeA,true,2,false,heuristic_equal_segment,V2,lower_visual,false,recovered_heuristic_equal_segment,true,false
230714,146,0,ses230714-units-probe0-spk-AAAB.npy,true,unmapped_no_metadata,Unknown,true,104,"V1,V2",probeA,true,2,false,heuristic_equal_segment,V2,lower_visual,false,recovered_heuristic_equal_segment,true,false
230714,147,0,ses230714-units-probe0-spk-AAAB.npy,true,unmapped_no_metadata,Unknown,true,104,"V1,V2",probeA,true,2,false,heuristic_equal_segment,V2,lower_visual,false,recovered_heuristic_equal_segment,true,false
230714,148,0,ses230714-units-probe0-spk-AAAB.npy,true,unmapped_no_metadata,Unknown,true,104,"V1,V2",probeA,true,2,false,heuristic_equal_segment,V2,lower_visual,false,recovered_heuristic_equal_segment,true,false
230714,149,0,ses230714-units-probe0-spk-AAAB.npy,true,unmapped_no_metadata,Unknown,true,24,"V1,V2",probeA,true,2,false,heuristic_equal_segment,V1,lower_visual,false,recovered_heuristic_equal_segment,true,false
230714,150,0,ses230714-units-probe0-spk-AAAB.npy,true,unmapped_no_metadata,Unknown,true,103,"V1,V2",probeA,true,2,false,heuristic_equal_segment,V2,lower_visual,false,recovered_heuristic_equal_segment,true,false
230714,151,0,ses230714-units-probe0-spk-AAAB.npy,true,unmapped_no_metadata,Unknown,true,24,"V1,V2",probeA,true,2,false,heuristic_equal_segment,V1,lower_visual,false,recovered_heuristic_equal_segment,true,false
230714,152,0,ses230714-units-probe0-spk-AAAB.npy,true,unmapped_no_metadata,Unknown,true,24,"V1,V2",probeA,true,2,false,heuristic_equal_segment,V1,lower_visual,false,recovered_heuristic_equal_segment,true,false
230714,153,0,ses230714-units-probe0-spk-AAAB.npy,true,unmapped_no_metadata,Unknown,true,103,"V1,V2",probeA,true,2,false,heuristic_equal_segment,V2,lower_visual,false,recovered_heuristic_equal_segment,true,false
230714,154,0,ses230714-units-probe0-spk-AAAB.npy,true,unmapped_no_metadata,Unknown,true,103,"V1,V2",probeA,true,2,false,heuristic_equal_segment,V2,lower_visual,false,recovered_heuristic_equal_segment,true,false
230714,155,0,ses230714-units-probe0-spk-AAAB.npy,true,unmapped_no_metadata,Unknown,true,103,"V1,V2",probeA,true,2,false,heuristic_equal_segment,V2,lower_visual,false,recovered_heuristic_equal_segment,true,false
230714,156,0,ses230714-units-probe0-spk-AAAB.npy,true,unmapped_no_metadata,Unknown,true,103,"V1,V2",probeA,true,2,false,heuristic_equal_segment,V2,lower_visual,false,recovered_heuristic_equal_segment,true,false
230714,157,0,ses230714-units-probe0-spk-AAAB.npy,true,unmapped_no_metadata,Unknown,true,103,"V1,V2",probeA,true,2,false,heuristic_equal_segment,V2,lower_visual,false,recovered_heuristic_equal_segment,true,false
230714,158,0,ses230714-units-probe0-spk-AAAB.npy,true,unmapped_no_metadata,Unknown,true,103,"V1,V2",probeA,true,2,false,heuristic_equal_segment,V2,lower_visual,false,recovered_heuristic_equal_segment,true,false
230714,159,0,ses230714-units-probe0-spk-AAAB.npy,true,unmapped_no_metadata,Unknown,true,103,"V1,V2",probeA,true,2,false,heuristic_equal_segment,V2,lower_visual,false,recovered_heuristic_equal_segment,true,false
230714,160,0,ses230714-units-probe0-spk-AAAB.npy,true,unmapped_no_metadata,Unknown,true,103,"V1,V2",probeA,true,2,false,heuristic_equal_segment,V2,lower_visual,false,recovered_heuristic_equal_segment,true,false
230714,161,0,ses230714-units-probe0-spk-AAAB.npy,true,unmapped_no_metadata,Unknown,true,103,"V1,V2",probeA,true,2,false,heuristic_equal_segment,V2,lower_visual,false,recovered_heuristic_equal_segment,true,false
230714,162,0,ses230714-units-probe0-spk-AAAB.npy,true,unmapped_no_metadata,Unknown,true,27,"V1,V2",probeA,true,2,false,heuristic_equal_segment,V1,lower_visual,false,recovered_heuristic_equal_segment,true,false
230714,163,0,ses230714-units-probe0-spk-AAAB.npy,true,unmapped_no_metadata,Unknown,true,25,"V1,V2",probeA,true,2,false,heuristic_equal_segment,V1,lower_visual,false,recovered_heuristic_equal_segment,true,false
230714,164,0,ses230714-units-probe0-spk-AAAB.npy,true,unmapped_no_metadata,Unknown,true,25,"V1,V2",probeA,true,2,false,heuristic_equal_segment,V1,lower_visual,false,recovered_heuristic_equal_segment,true,false
230714,165,0,ses230714-units-probe0-spk-AAAB.npy,true,unmapped_no_metadata,Unknown,true,25,"V1,V2",probeA,true,2,false,heuristic_equal_segment,V1,lower_visual,false,recovered_heuristic_equal_segment,true,false
230714,166,0,ses230714-units-probe0-spk-AAAB.npy,true,unmapped_no_metadata,Unknown,true,25,"V1,V2",probeA,true,2,false,heuristic_equal_segment,V1,lower_visual,false,recovered_heuristic_equal_segment,true,false
230714,167,0,ses230714-units-probe0-spk-AAAB.npy,true,unmapped_no_metadata,Unknown,true,25,"V1,V2",probeA,true,2,false,heuristic_equal_segment,V1,lower_visual,false,recovered_heuristic_equal_segment,true,false
230714,168,0,ses230714-units-probe0-spk-AAAB.npy,true,unmapped_no_metadata,Unknown,true,102,"V1,V2",probeA,true,2,false,heuristic_equal_segment,V2,lower_visual,false,recovered_heuristic_equal_segment,true,false
230714,169,0,ses230714-units-probe0-spk-AAAB.npy,true,unmapped_no_metadata,Unknown,true,102,"V1,V2",probeA,true,2,false,heuristic_equal_segment,V2,lower_visual,false,recovered_heuristic_equal_segment,true,false
230714,170,0,ses230714-units-probe0-spk-AAAB.npy,true,unmapped_no_metadata,Unknown,true,102,"V1,V2",probeA,true,2,false,heuristic_equal_segment,V2,lower_visual,false,recovered_heuristic_equal_segment,true,false
230714,171,0,ses230714-units-probe0-spk-AAAB.npy,true,unmapped_no_metadata,Unknown,true,102,"V1,V2",probeA,true,2,false,heuristic_equal_segment,V2,lower_visual,false,recovered_heuristic_equal_segment,true,false
230714,172,0,ses230714-units-probe0-spk-AAAB.npy,true,unmapped_no_metadata,Unknown,true,102,"V1,V2",probeA,true,2,false,heuristic_equal_segment,V2,lower_visual,false,recovered_heuristic_equal_segment,true,false
230714,173,0,ses230714-units-probe0-spk-AAAB.npy,true,unmapped_no_metadata,Unknown,true,25,"V1,V2",probeA,true,2,false,heuristic_equal_segment,V1,lower_visual,false,recovered_heuristic_equal_segment,true,false
230714,174,0,ses230714-units-probe0-spk-AAAB.npy,true,unmapped_no_metadata,Unknown,true,26,"V1,V2",probeA,true,2,false,heuristic_equal_segment,V1,lower_visual,false,recovered_heuristic_equal_segment,true,false
230714,175,0,ses230714-units-probe0-spk-AAAB.npy,true,unmapped_no_metadata,Unknown,true,102,"V1,V2",probeA,true,2,false,heuristic_equal_segment,V2,lower_visual,false,recovered_heuristic_equal_segment,true,false
230714,176,0,ses230714-units-probe0-spk-AAAB.npy,true,unmapped_no_metadata,Unknown,true,26,"V1,V2",probeA,true,2,false,heuristic_equal_segment,V1,lower_visual,false,recovered_heuristic_equal_segment,true,false
230714,177,0,ses230714-units-probe0-spk-AAAB.npy,true,unmapped_no_metadata,Unknown,true,101,"V1,V2",probeA,true,2,false,heuristic_equal_segment,V2,lower_visual,false,recovered_heuristic_equal_segment,true,false
230714,178,0,ses230714-units-probe0-spk-AAAB.npy,true,unmapped_no_metadata,Unknown,true,101,"V1,V2",probeA,true,2,false,heuristic_equal_segment,V2,lower_visual,false,recovered_heuristic_equal_segment,true,false
230714,179,0,ses230714-units-probe0-spk-AAAB.npy,true,unmapped_no_metadata,Unknown,true,101,"V1,V2",probeA,true,2,false,heuristic_equal_segment,V2,lower_visual,false,recovered_heuristic_equal_segment,true,false
230714,180,0,ses230714-units-probe0-spk-AAAB.npy,true,unmapped_no_metadata,Unknown,true,101,"V1,V2",probeA,true,2,false,heuristic_equal_segment,V2,lower_visual,false,recovered_heuristic_equal_segment,true,false
230714,181,0,ses230714-units-probe0-spk-AAAB.npy,true,unmapped_no_metadata,Unknown,true,34,"V1,V2",probeA,true,2,false,heuristic_equal_segment,V1,lower_visual,false,recovered_heuristic_equal_segment,true,false
230714,182,0,ses230714-units-probe0-spk-AAAB.npy,true,unmapped_no_metadata,Unknown,true,27,"V1,V2",probeA,true,2,false,heuristic_equal_segment,V1,lower_visual,false,recovered_heuristic_equal_segment,true,false
230714,183,0,ses230714-units-probe0-spk-AAAB.npy,true,unmapped_no_metadata,Unknown,true,102,"V1,V2",probeA,true,2,false,heuristic_equal_segment,V2,lower_visual,false,recovered_heuristic_equal_segment,true,false
230714,184,0,ses230714-units-probe0-spk-AAAB.npy,true,unmapped_no_metadata,Unknown,true,100,"V1,V2",probeA,true,2,false,heuristic_equal_segment,V2,lower_visual,false,recovered_heuristic_equal_segment,true,false
230714,185,0,ses230714-units-probe0-spk-AAAB.npy,true,unmapped_no_metadata,Unknown,true,100,"V1,V2",probeA,true,2,false,heuristic_equal_segment,V2,lower_visual,false,recovered_heuristic_equal_segment,true,false
230714,186,0,ses230714-units-probe0-spk-AAAB.npy,true,unmapped_no_metadata,Unknown,true,100,"V1,V2",probeA,true,2,false,heuristic_equal_segment,V2,lower_visual,false,recovered_heuristic_equal_segment,true,false
230714,187,0,ses230714-units-probe0-spk-AAAB.npy,true,unmapped_no_metadata,Unknown,true,100,"V1,V2",probeA,true,2,false,heuristic_equal_segment,V2,lower_visual,false,recovered_heuristic_equal_segment,true,false
230714,188,0,ses230714-units-probe0-spk-AAAB.npy,true,unmapped_no_metadata,Unknown,true,100,"V1,V2",probeA,true,2,false,heuristic_equal_segment,V2,lower_visual,false,recovered_heuristic_equal_segment,true,false
230714,189,0,ses230714-units-probe0-spk-AAAB.npy,true,unmapped_no_metadata,Unknown,true,101,"V1,V2",probeA,true,2,false,heuristic_equal_segment,V2,lower_visual,false,recovered_heuristic_equal_segment,true,false
230714,190,0,ses230714-units-probe0-spk-AAAB.npy,true,unmapped_no_metadata,Unknown,true,99,"V1,V2",probeA,true,2,false,heuristic_equal_segment,V2,lower_visual,false,recovered_heuristic_equal_segment,true,false
230714,191,0,ses230714-units-probe0-spk-AAAB.npy,true,unmapped_no_metadata,Unknown,true,99,"V1,V2",probeA,true,2,false,heuristic_equal_segment,V2,lower_visual,false,recovered_heuristic_equal_segment,true,false
230714,192,0,ses230714-units-probe0-spk-AAAB.npy,true,unmapped_no_metadata,Unknown,true,28,"V1,V2",probeA,true,2,false,heuristic_equal_segment,V1,lower_visual,false,recovered_heuristic_equal_segment,true,false
230714,193,0,ses230714-units-probe0-spk-AAAB.npy,true,unmapped_no_metadata,Unknown,true,98,"V1,V2",probeA,true,2,false,heuristic_equal_segment,V2,lower_visual,false,recovered_heuristic_equal_segment,true,false
230714,194,0,ses230714-units-probe0-spk-AAAB.npy,true,unmapped_no_metadata,Unknown,true,98,"V1,V2",probeA,true,2,false,heuristic_equal_segment,V2,lower_visual,false,recovered_heuristic_equal_segment,true,false
230714,195,0,ses230714-units-probe0-spk-AAAB.npy,true,unmapped_no_metadata,Unknown,true,98,"V1,V2",probeA,true,2,false,heuristic_equal_segment,V2,lower_visual,false,recovered_heuristic_equal_segment,true,false
230714,196,0,ses230714-units-probe0-spk-AAAB.npy,true,unmapped_no_metadata,Unknown,true,98,"V1,V2",probeA,true,2,false,heuristic_equal_segment,V2,lower_visual,false,recovered_heuristic_equal_segment,true,false
230714,197,0,ses230714-units-probe0-spk-AAAB.npy,true,unmapped_no_metadata,Unknown,true,98,"V1,V2",probeA,true,2,false,heuristic_equal_segment,V2,lower_visual,false,recovered_heuristic_equal_segment,true,false
230714,198,0,ses230714-units-probe0-spk-AAAB.npy,true,unmapped_no_metadata,Unknown,true,30,"V1,V2",probeA,true,2,false,heuristic_equal_segment,V1,lower_visual,false,recovered_heuristic_equal_segment,true,false
230714,199,0,ses230714-units-probe0-spk-AAAB.npy,true,unmapped_no_metadata,Unknown,true,29,"V1,V2",probeA,true,2,false,heuristic_equal_segment,V1,lower_visual,false,recovered_heuristic_equal_segment,true,false
230714,200,0,ses230714-units-probe0-spk-AAAB.npy,true,unmapped_no_metadata,Unknown,true,99,"V1,V2",probeA,true,2,false,heuristic_equal_segment,V2,lower_visual,false,recovered_heuristic_equal_segment,true,false
230714,201,0,ses230714-units-probe0-spk-AAAB.npy,true,unmapped_no_metadata,Unknown,true,102,"V1,V2",probeA,true,2,false,heuristic_equal_segment,V2,lower_visual,false,recovered_heuristic_equal_segment,true,false
230714,202,0,ses230714-units-probe0-spk-AAAB.npy,true,unmapped_no_metadata,Unknown,true,30,"V1,V2",probeA,true,2,false,heuristic_equal_segment,V1,lower_visual,false,recovered_heuristic_equal_segment,true,false
230714,203,0,ses230714-units-probe0-spk-AAAB.npy,true,unmapped_no_metadata,Unknown,true,97,"V1,V2",probeA,true,2,false,heuristic_equal_segment,V2,lower_visual,false,recovered_heuristic_equal_segment,true,false
230714,204,0,ses230714-units-probe0-spk-AAAB.npy,true,unmapped_no_metadata,Unknown,true,97,"V1,V2",probeA,true,2,false,heuristic_equal_segment,V2,lower_visual,false,recovered_heuristic_equal_segment,true,false
230714,205,0,ses230714-units-probe0-spk-AAAB.npy,true,unmapped_no_metadata,Unknown,true,97,"V1,V2",probeA,true,2,false,heuristic_equal_segment,V2,lower_visual,false,recovered_heuristic_equal_segment,true,false
230714,206,0,ses230714-units-probe0-spk-AAAB.npy,true,unmapped_no_metadata,Unknown,true,32,"V1,V2",probeA,true,2,false,heuristic_equal_segment,V1,lower_visual,false,recovered_heuristic_equal_segment,true,false
230714,207,0,ses230714-units-probe0-spk-AAAB.npy,true,unmapped_no_metadata,Unknown,true,97,"V1,V2",probeA,true,2,false,heuristic_equal_segment,V2,lower_visual,false,recovered_heuristic_equal_segment,true,false
230714,208,0,ses230714-units-probe0-spk-AAAB.npy,true,unmapped_no_metadata,Unknown,true,97,"V1,V2",probeA,true,2,false,heuristic_equal_segment,V2,lower_visual,false,recovered_heuristic_equal_segment,true,false
230714,209,0,ses230714-units-probe0-spk-AAAB.npy,true,unmapped_no_metadata,Unknown,true,97,"V1,V2",probeA,true,2,false,heuristic_equal_segment,V2,lower_visual,false,recovered_heuristic_equal_segment,true,false
230714,210,0,ses230714-units-probe0-spk-AAAB.npy,true,unmapped_no_metadata,Unknown,true,97,"V1,V2",probeA,true,2,false,heuristic_equal_segment,V2,lower_visual,false,recovered_heuristic_equal_segment,true,false
230714,211,0,ses230714-units-probe0-spk-AAAB.npy,true,unmapped_no_metadata,Unknown,true,97,"V1,V2",probeA,true,2,false,heuristic_equal_segment,V2,lower_visual,false,recovered_heuristic_equal_segment,true,false
230714,212,0,ses230714-units-probe0-spk-AAAB.npy,true,unmapped_no_metadata,Unknown,true,31,"V1,V2",probeA,true,2,false,heuristic_equal_segment,V1,lower_visual,false,recovered_heuristic_equal_segment,true,false
230714,213,0,ses230714-units-probe0-spk-AAAB.npy,true,unmapped_no_metadata,Unknown,true,96,"V1,V2",probeA,true,2,false,heuristic_equal_segment,V2,lower_visual,false,recovered_heuristic_equal_segment,true,false
230714,214,0,ses230714-units-probe0-spk-AAAB.npy,true,unmapped_no_metadata,Unknown,true,96,"V1,V2",probeA,true,2,false,heuristic_equal_segment,V2,lower_visual,false,recovered_heuristic_equal_segment,true,false
230714,215,0,ses230714-units-probe0-spk-AAAB.npy,true,unmapped_no_metadata,Unknown,true,96,"V1,V2",probeA,true,2,false,heuristic_equal_segment,V2,lower_visual,false,recovered_heuristic_equal_segment,true,false
230714,216,0,ses230714-units-probe0-spk-AAAB.npy,true,unmapped_no_metadata,Unknown,true,96,"V1,V2",probeA,true,2,false,heuristic_equal_segment,V2,lower_visual,false,recovered_heuristic_equal_segment,true,false
230714,217,0,ses230714-units-probe0-spk-AAAB.npy,true,unmapped_no_metadata,Unknown,true,96,"V1,V2",probeA,true,2,false,heuristic_equal_segment,V2,lower_visual,false,recovered_heuristic_equal_segment,true,false
230714,218,0,ses230714-units-probe0-spk-AAAB.npy,true,unmapped_no_metadata,Unknown,true,96,"V1,V2",probeA,true,2,false,heuristic_equal_segment,V2,lower_visual,false,recovered_heuristic_equal_segment,true,false
230714,219,0,ses230714-units-probe0-spk-AAAB.npy,true,unmapped_no_metadata,Unknown,true,33,"V1,V2",probeA,true,2,false,heuristic_equal_segment,V1,lower_visual,false,recovered_heuristic_equal_segment,true,false
230714,220,0,ses230714-units-probe0-spk-AAAB.npy,true,unmapped_no_metadata,Unknown,true,94,"V1,V2",probeA,true,2,false,heuristic_equal_segment,V2,lower_visual,false,recovered_heuristic_equal_segment,true,false
230714,221,0,ses230714-units-probe0-spk-AAAB.npy,true,unmapped_no_metadata,Unknown,true,28,"V1,V2",probeA,true,2,false,heuristic_equal_segment,V1,lower_visual,false,recovered_heuristic_equal_segment,true,false
230714,222,0,ses230714-units-probe0-spk-AAAB.npy,true,unmapped_no_metadata,Unknown,true,33,"V1,V2",probeA,true,2,false,heuristic_equal_segment,V1,lower_visual,false,recovered_heuristic_equal_segment,true,false
230714,223,0,ses230714-units-probe0-spk-AAAB.npy,true,unmapped_no_metadata,Unknown,true,34,"V1,V2",probeA,true,2,false,heuristic_equal_segment,V1,lower_visual,false,recovered_heuristic_equal_segment,true,false
230714,224,0,ses230714-units-probe0-spk-AAAB.npy,true,unmapped_no_metadata,Unknown,true,92,"V1,V2",probeA,true,2,false,heuristic_equal_segment,V2,lower_visual,false,recovered_heuristic_equal_segment,true,false
230714,225,0,ses230714-units-probe0-spk-AAAB.npy,true,unmapped_no_metadata,Unknown,true,36,"V1,V2",probeA,true,2,false,heuristic_equal_segment,V1,lower_visual,false,recovered_heuristic_equal_segment,true,false
230714,226,0,ses230714-units-probe0-spk-AAAB.npy,true,unmapped_no_metadata,Unknown,true,35,"V1,V2",probeA,true,2,false,heuristic_equal_segment,V1,lower_visual,false,recovered_heuristic_equal_segment,true,false
230714,227,0,ses230714-units-probe0-spk-AAAB.npy,true,unmapped_no_metadata,Unknown,true,35,"V1,V2",probeA,true,2,false,heuristic_equal_segment,V1,lower_visual,false,recovered_heuristic_equal_segment,true,false
230714,228,0,ses230714-units-probe0-spk-AAAB.npy,true,unmapped_no_metadata,Unknown,true,35,"V1,V2",probeA,true,2,false,heuristic_equal_segment,V1,lower_visual,false,recovered_heuristic_equal_segment,true,false
230714,229,0,ses230714-units-probe0-spk-AAAB.npy,true,unmapped_no_metadata,Unknown,true,35,"V1,V2",probeA,true,2,false,heuristic_equal_segment,V1,lower_visual,false,recovered_heuristic_equal_segment,true,false
230714,230,0,ses230714-units-probe0-spk-AAAB.npy,true,unmapped_no_metadata,Unknown,true,35,"V1,V2",probeA,true,2,false,heuristic_equal_segment,V1,lower_visual,false,recovered_heuristic_equal_segment,true,false
230714,231,0,ses230714-units-probe0-spk-AAAB.npy,true,unmapped_no_metadata,Unknown,true,35,"V1,V2",probeA,true,2,false,heuristic_equal_segment,V1,lower_visual,false,recovered_heuristic_equal_segment,true,false
230714,232,0,ses230714-units-probe0-spk-AAAB.npy,true,unmapped_no_metadata,Unknown,true,92,"V1,V2",probeA,true,2,false,heuristic_equal_segment,V2,lower_visual,false,recovered_heuristic_equal_segment,true,false
230714,233,0,ses230714-units-probe0-spk-AAAB.npy,true,unmapped_no_metadata,Unknown,true,92,"V1,V2",probeA,true,2,false,heuristic_equal_segment,V2,lower_visual,false,recovered_heuristic_equal_segment,true,false
230714,234,0,ses230714-units-probe0-spk-AAAB.npy,true,unmapped_no_metadata,Unknown,true,92,"V1,V2",probeA,true,2,false,heuristic_equal_segment,V2,lower_visual,false,recovered_heuristic_equal_segment,true,false
230714,235,0,ses230714-units-probe0-spk-AAAB.npy,true,unmapped_no_metadata,Unknown,true,92,"V1,V2",probeA,true,2,false,heuristic_equal_segment,V2,lower_visual,false,recovered_heuristic_equal_segment,true,false
230714,236,0,ses230714-units-probe0-spk-AAAB.npy,true,unmapped_no_metadata,Unknown,true,92,"V1,V2",probeA,true,2,false,heuristic_equal_segment,V2,lower_visual,false,recovered_heuristic_equal_segment,true,false
230714,237,0,ses230714-units-probe0-spk-AAAB.npy,true,unmapped_no_metadata,Unknown,true,36,"V1,V2",probeA,true,2,false,heuristic_equal_segment,V1,lower_visual,false,recovered_heuristic_equal_segment,true,false
230714,238,0,ses230714-units-probe0-spk-AAAB.npy,true,unmapped_no_metadata,Unknown,true,36,"V1,V2",probeA,true,2,false,heuristic_equal_segment,V1,lower_visual,false,recovered_heuristic_equal_segment,true,false
230714,239,0,ses230714-units-probe0-spk-AAAB.npy,true,unmapped_no_metadata,Unknown,true,36,"V1,V2",probeA,true,2,false,heuristic_equal_segment,V1,lower_visual,false,recovered_heuristic_equal_segment,true,false
230714,240,0,ses230714-units-probe0-spk-AAAB.npy,true,unmapped_no_metadata,Unknown,true,36,"V1,V2",probeA,true,2,false,heuristic_equal_segment,V1,lower_visual,false,recovered_heuristic_equal_segment,true,false
230714,241,0,ses230714-units-probe0-spk-AAAB.npy,true,unmapped_no_metadata,Unknown,true,36,"V1,V2",probeA,true,2,false,heuristic_equal_segment,V1,lower_visual,false,recovered_heuristic_equal_segment,true,false
230714,242,0,ses230714-units-probe0-spk-AAAB.npy,true,unmapped_no_metadata,Unknown,true,36,"V1,V2",probeA,true,2,false,heuristic_equal_segment,V1,lower_visual,false,recovered_heuristic_equal_segment,true,false
230714,243,0,ses230714-units-probe0-spk-AAAB.npy,true,unmapped_no_metadata,Unknown,true,37,"V1,V2",probeA,true,2,false,heuristic_equal_segment,V1,lower_visual,false,recovered_heuristic_equal_segment,true,false
230714,244,0,ses230714-units-probe0-spk-AAAB.npy,true,unmapped_no_metadata,Unknown,true,91,"V1,V2",probeA,true,2,false,heuristic_equal_segment,V2,lower_visual,false,recovered_heuristic_equal_segment,true,false
230714,245,0,ses230714-units-probe0-spk-AAAB.npy,true,unmapped_no_metadata,Unknown,true,91,"V1,V2",probeA,true,2,false,heuristic_equal_segment,V2,lower_visual,false,recovered_heuristic_equal_segment,true,false
230714,246,0,ses230714-units-probe0-spk-AAAB.npy,true,unmapped_no_metadata,Unknown,true,90,"V1,V2",probeA,true,2,false,heuristic_equal_segment,V2,lower_visual,false,recovered_heuristic_equal_segment,true,false
230714,247,0,ses230714-units-probe0-spk-AAAB.npy,true,unmapped_no_metadata,Unknown,true,38,"V1,V2",probeA,true,2,false,heuristic_equal_segment,V1,lower_visual,false,recovered_heuristic_equal_segment,true,false
230714,248,0,ses230714-units-probe0-spk-AAAB.npy,true,unmapped_no_metadata,Unknown,true,37,"V1,V2",probeA,true,2,false,heuristic_equal_segment,V1,lower_visual,false,recovered_heuristic_equal_segment,true,false
230714,249,0,ses230714-units-probe0-spk-AAAB.npy,true,unmapped_no_metadata,Unknown,true,37,"V1,V2",probeA,true,2,false,heuristic_equal_segment,V1,lower_visual,false,recovered_heuristic_equal_segment,true,false
230714,250,0,ses230714-units-probe0-spk-AAAB.npy,true,unmapped_no_metadata,Unknown,true,37,"V1,V2",probeA,true,2,false,heuristic_equal_segment,V1,lower_visual,false,recovered_heuristic_equal_segment,true,false
230714,251,0,ses230714-units-probe0-spk-AAAB.npy,true,unmapped_no_metadata,Unknown,true,37,"V1,V2",probeA,true,2,false,heuristic_equal_segment,V1,lower_visual,false,recovered_heuristic_equal_segment,true,false
230714,252,0,ses230714-units-probe0-spk-AAAB.npy,true,unmapped_no_metadata,Unknown,true,37,"V1,V2",probeA,true,2,false,heuristic_equal_segment,V1,lower_visual,false,recovered_heuristic_equal_segment,true,false
230714,253,0,ses230714-units-probe0-spk-AAAB.npy,true,unmapped_no_metadata,Unknown,true,37,"V1,V2",probeA,true,2,false,heuristic_equal_segment,V1,lower_visual,false,recovered_heuristic_equal_segment,true,false
230714,254,0,ses230714-units-probe0-spk-AAAB.npy,true,unmapped_no_metadata,Unknown,true,90,"V1,V2",probeA,true,2,false,heuristic_equal_segment,V2,lower_visual,false,recovered_heuristic_equal_segment,true,false
230714,255,0,ses230714-units-probe0-spk-AAAB.npy,true,unmapped_no_metadata,Unknown,true,90,"V1,V2",probeA,true,2,false,heuristic_equal_segment,V2,lower_visual,false,recovered_heuristic_equal_segment,true,false
230714,256,0,ses230714-units-probe0-spk-AAAB.npy,true,unmapped_no_metadata,Unknown,true,38,"V1,V2",probeA,true,2,false,heuristic_equal_segment,V1,lower_visual,false,recovered_heuristic_equal_segment,true,false
230714,257,0,ses230714-units-probe0-spk-AAAB.npy,true,unmapped_no_metadata,Unknown,true,38,"V1,V2",probeA,true,2,false,heuristic_equal_segment,V1,lower_visual,false,recovered_heuristic_equal_segment,true,false
230714,258,0,ses230714-units-probe0-spk-AAAB.npy,true,unmapped_no_metadata,Unknown,true,38,"V1,V2",probeA,true,2,false,heuristic_equal_segment,V1,lower_visual,false,recovered_heuristic_equal_segment,true,false
230714,259,0,ses230714-units-probe0-spk-AAAB.npy,true,unmapped_no_metadata,Unknown,true,38,"V1,V2",probeA,true,2,false,heuristic_equal_segment,V1,lower_visual,false,recovered_heuristic_equal_segment,true,false
230714,260,0,ses230714-units-probe0-spk-AAAB.npy,true,unmapped_no_metadata,Unknown,true,38,"V1,V2",probeA,true,2,false,heuristic_equal_segment,V1,lower_visual,false,recovered_heuristic_equal_segment,true,false
230714,261,0,ses230714-units-probe0-spk-AAAB.npy,true,unmapped_no_metadata,Unknown,true,38,"V1,V2",probeA,true,2,false,heuristic_equal_segment,V1,lower_visual,false,recovered_heuristic_equal_segment,true,false
230714,262,0,ses230714-units-probe0-spk-AAAB.npy,true,unmapped_no_metadata,Unknown,true,38,"V1,V2",probeA,true,2,false,heuristic_equal_segment,V1,lower_visual,false,recovered_heuristic_equal_segment,true,false
230714,263,0,ses230714-units-probe0-spk-AAAB.npy,true,unmapped_no_metadata,Unknown,true,89,"V1,V2",probeA,true,2,false,heuristic_equal_segment,V2,lower_visual,false,recovered_heuristic_equal_segment,true,false
230714,264,0,ses230714-units-probe0-spk-AAAB.npy,true,unmapped_no_metadata,Unknown,true,39,"V1,V2",probeA,true,2,false,heuristic_equal_segment,V1,lower_visual,false,recovered_heuristic_equal_segment,true,false
230714,265,0,ses230714-units-probe0-spk-AAAB.npy,true,unmapped_no_metadata,Unknown,true,39,"V1,V2",probeA,true,2,false,heuristic_equal_segment,V1,lower_visual,false,recovered_heuristic_equal_segment,true,false
230714,266,0,ses230714-units-probe0-spk-AAAB.npy,true,unmapped_no_metadata,Unknown,true,39,"V1,V2",probeA,true,2,false,heuristic_equal_segment,V1,lower_visual,false,recovered_heuristic_equal_segment,true,false
230714,267,0,ses230714-units-probe0-spk-AAAB.npy,true,unmapped_no_metadata,Unknown,true,40,"V1,V2",probeA,true,2,false,heuristic_equal_segment,V1,lower_visual,false,recovered_heuristic_equal_segment,true,false
230714,268,0,ses230714-units-probe0-spk-AAAB.npy,true,unmapped_no_metadata,Unknown,true,88,"V1,V2",probeA,true,2,false,heuristic_equal_segment,V2,lower_visual,false,recovered_heuristic_equal_segment,true,false
230714,269,0,ses230714-units-probe0-spk-AAAB.npy,true,unmapped_no_metadata,Unknown,true,39,"V1,V2",probeA,true,2,false,heuristic_equal_segment,V1,lower_visual,false,recovered_heuristic_equal_segment,true,false
230714,270,0,ses230714-units-probe0-spk-AAAB.npy,true,unmapped_no_metadata,Unknown,true,40,"V1,V2",probeA,true,2,false,heuristic_equal_segment,V1,lower_visual,false,recovered_heuristic_equal_segment,true,false
230714,271,0,ses230714-units-probe0-spk-AAAB.npy,true,unmapped_no_metadata,Unknown,true,40,"V1,V2",probeA,true,2,false,heuristic_equal_segment,V1,lower_visual,false,recovered_heuristic_equal_segment,true,false
230714,272,0,ses230714-units-probe0-spk-AAAB.npy,true,unmapped_no_metadata,Unknown,true,40,"V1,V2",probeA,true,2,false,heuristic_equal_segment,V1,lower_visual,false,recovered_heuristic_equal_segment,true,false
230714,273,0,ses230714-units-probe0-spk-AAAB.npy,true,unmapped_no_metadata,Unknown,true,40,"V1,V2",probeA,true,2,false,heuristic_equal_segment,V1,lower_visual,false,recovered_heuristic_equal_segment,true,false
230714,274,0,ses230714-units-probe0-spk-AAAB.npy,true,unmapped_no_metadata,Unknown,true,41,"V1,V2",probeA,true,2,false,heuristic_equal_segment,V1,lower_visual,false,recovered_heuristic_equal_segment,true,false
230714,275,0,ses230714-units-probe0-spk-AAAB.npy,true,unmapped_no_metadata,Unknown,true,40,"V1,V2",probeA,true,2,false,heuristic_equal_segment,V1,lower_visual,false,recovered_heuristic_equal_segment,true,false
230714,276,0,ses230714-units-probe0-spk-AAAB.npy,true,unmapped_no_metadata,Unknown,true,41,"V1,V2",probeA,true,2,false,heuristic_equal_segment,V1,lower_visual,false,recovered_heuristic_equal_segment,true,false
230714,277,0,ses230714-units-probe0-spk-AAAB.npy,true,unmapped_no_metadata,Unknown,true,41,"V1,V2",probeA,true,2,false,heuristic_equal_segment,V1,lower_visual,false,recovered_heuristic_equal_segment,true,false
230714,278,0,ses230714-units-probe0-spk-AAAB.npy,true,unmapped_no_metadata,Unknown,true,43,"V1,V2",probeA,true,2,false,heuristic_equal_segment,V1,lower_visual,false,recovered_heuristic_equal_segment,true,false
230714,279,0,ses230714-units-probe0-spk-AAAB.npy,true,unmapped_no_metadata,Unknown,true,42,"V1,V2",probeA,true,2,false,heuristic_equal_segment,V1,lower_visual,false,recovered_heuristic_equal_segment,true,false
230714,280,0,ses230714-units-probe0-spk-AAAB.npy,true,unmapped_no_metadata,Unknown,true,43,"V1,V2",probeA,true,2,false,heuristic_equal_segment,V1,lower_visual,false,recovered_heuristic_equal_segment,true,false
230714,281,0,ses230714-units-probe0-spk-AAAB.npy,true,unmapped_no_metadata,Unknown,true,43,"V1,V2",probeA,true,2,false,heuristic_equal_segment,V1,lower_visual,false,recovered_heuristic_equal_segment,true,false
230714,282,0,ses230714-units-probe0-spk-AAAB.npy,true,unmapped_no_metadata,Unknown,true,42,"V1,V2",probeA,true,2,false,heuristic_equal_segment,V1,lower_visual,false,recovered_heuristic_equal_segment,true,false
230714,283,0,ses230714-units-probe0-spk-AAAB.npy,true,unmapped_no_metadata,Unknown,true,43,"V1,V2",probeA,true,2,false,heuristic_equal_segment,V1,lower_visual,false,recovered_heuristic_equal_segment,true,false
230714,284,0,ses230714-units-probe0-spk-AAAB.npy,true,unmapped_no_metadata,Unknown,true,42,"V1,V2",probeA,true,2,false,heuristic_equal_segment,V1,lower_visual,false,recovered_heuristic_equal_segment,true,false
230714,285,0,ses230714-units-probe0-spk-AAAB.npy,true,unmapped_no_metadata,Unknown,true,85,"V1,V2",probeA,true,2,false,heuristic_equal_segment,V2,lower_visual,false,recovered_heuristic_equal_segment,true,false
230714,286,0,ses230714-units-probe0-spk-AAAB.npy,true,unmapped_no_metadata,Unknown,true,85,"V1,V2",probeA,true,2,false,heuristic_equal_segment,V2,lower_visual,false,recovered_heuristic_equal_segment,true,false
230714,287,0,ses230714-units-probe0-spk-AAAB.npy,true,unmapped_no_metadata,Unknown,true,85,"V1,V2",probeA,true,2,false,heuristic_equal_segment,V2,lower_visual,false,recovered_heuristic_equal_segment,true,false
230714,288,0,ses230714-units-probe0-spk-AAAB.npy,true,unmapped_no_metadata,Unknown,true,43,"V1,V2",probeA,true,2,false,heuristic_equal_segment,V1,lower_visual,false,recovered_heuristic_equal_segment,true,false
230714,289,0,ses230714-units-probe0-spk-AAAB.npy,true,unmapped_no_metadata,Unknown,true,43,"V1,V2",probeA,true,2,false,heuristic_equal_segment,V1,lower_visual,false,recovered_heuristic_equal_segment,true,false
230714,290,0,ses230714-units-probe0-spk-AAAB.npy,true,unmapped_no_metadata,Unknown,true,84,"V1,V2",probeA,true,2,false,heuristic_equal_segment,V2,lower_visual,false,recovered_heuristic_equal_segment,true,false
230714,291,0,ses230714-units-probe0-spk-AAAB.npy,true,unmapped_no_metadata,Unknown,true,84,"V1,V2",probeA,true,2,false,heuristic_equal_segment,V2,lower_visual,false,recovered_heuristic_equal_segment,true,false
230714,292,0,ses230714-units-probe0-spk-AAAB.npy,true,unmapped_no_metadata,Unknown,true,44,"V1,V2",probeA,true,2,false,heuristic_equal_segment,V1,lower_visual,false,recovered_heuristic_equal_segment,true,false
230714,293,0,ses230714-units-probe0-spk-AAAB.npy,true,unmapped_no_metadata,Unknown,true,44,"V1,V2",probeA,true,2,false,heuristic_equal_segment,V1,lower_visual,false,recovered_heuristic_equal_segment,true,false
230714,294,0,ses230714-units-probe0-spk-AAAB.npy,true,unmapped_no_metadata,Unknown,true,44,"V1,V2",probeA,true,2,false,heuristic_equal_segment,V1,lower_visual,false,recovered_heuristic_equal_segment,true,false
230714,295,0,ses230714-units-probe0-spk-AAAB.npy,true,unmapped_no_metadata,Unknown,true,45,"V1,V2",probeA,true,2,false,heuristic_equal_segment,V1,lower_visual,false,recovered_heuristic_equal_segment,true,false
230714,296,0,ses230714-units-probe0-spk-AAAB.npy,true,unmapped_no_metadata,Unknown,true,45,"V1,V2",probeA,true,2,false,heuristic_equal_segment,V1,lower_visual,false,recovered_heuristic_equal_segment,true,false
230714,297,0,ses230714-units-probe0-spk-AAAB.npy,true,unmapped_no_metadata,Unknown,true,45,"V1,V2",probeA,true,2,false,heuristic_equal_segment,V1,lower_visual,false,recovered_heuristic_equal_segment,true,false
230714,298,0,ses230714-units-probe0-spk-AAAB.npy,true,unmapped_no_metadata,Unknown,true,82,"V1,V2",probeA,true,2,false,heuristic_equal_segment,V2,lower_visual,false,recovered_heuristic_equal_segment,true,false
230714,299,0,ses230714-units-probe0-spk-AAAB.npy,true,unmapped_no_metadata,Unknown,true,82,"V1,V2",probeA,true,2,false,heuristic_equal_segment,V2,lower_visual,false,recovered_heuristic_equal_segment,true,false
230714,300,0,ses230714-units-probe0-spk-AAAB.npy,true,unmapped_no_metadata,Unknown,true,46,"V1,V2",probeA,true,2,false,heuristic_equal_segment,V1,lower_visual,false,recovered_heuristic_equal_segment,true,false
230714,301,0,ses230714-units-probe0-spk-AAAB.npy,true,unmapped_no_metadata,Unknown,true,46,"V1,V2",probeA,true,2,false,heuristic_equal_segment,V1,lower_visual,false,recovered_heuristic_equal_segment,true,false
230714,302,0,ses230714-units-probe0-spk-AAAB.npy,true,unmapped_no_metadata,Unknown,true,46,"V1,V2",probeA,true,2,false,heuristic_equal_segment,V1,lower_visual,false,recovered_heuristic_equal_segment,true,false
230714,303,0,ses230714-units-probe0-spk-AAAB.npy,true,unmapped_no_metadata,Unknown,true,81,"V1,V2",probeA,true,2,false,heuristic_equal_segment,V2,lower_visual,false,recovered_heuristic_equal_segment,true,false
230714,304,0,ses230714-units-probe0-spk-AAAB.npy,true,unmapped_no_metadata,Unknown,true,47,"V1,V2",probeA,true,2,false,heuristic_equal_segment,V1,lower_visual,false,recovered_heuristic_equal_segment,true,false
230714,305,0,ses230714-units-probe0-spk-AAAB.npy,true,unmapped_no_metadata,Unknown,true,47,"V1,V2",probeA,true,2,false,heuristic_equal_segment,V1,lower_visual,false,recovered_heuristic_equal_segment,true,false
230714,306,0,ses230714-units-probe0-spk-AAAB.npy,true,unmapped_no_metadata,Unknown,true,47,"V1,V2",probeA,true,2,false,heuristic_equal_segment,V1,lower_visual,false,recovered_heuristic_equal_segment,true,false
230714,307,0,ses230714-units-probe0-spk-AAAB.npy,true,unmapped_no_metadata,Unknown,true,80,"V1,V2",probeA,true,2,false,heuristic_equal_segment,V2,lower_visual,false,recovered_heuristic_equal_segment,true,false
230714,308,0,ses230714-units-probe0-spk-AAAB.npy,true,unmapped_no_metadata,Unknown,true,80,"V1,V2",probeA,true,2,false,heuristic_equal_segment,V2,lower_visual,false,recovered_heuristic_equal_segment,true,false
230714,309,0,ses230714-units-probe0-spk-AAAB.npy,true,unmapped_no_metadata,Unknown,true,80,"V1,V2",probeA,true,2,false,heuristic_equal_segment,V2,lower_visual,false,recovered_heuristic_equal_segment,true,false
230714,310,0,ses230714-units-probe0-spk-AAAB.npy,true,unmapped_no_metadata,Unknown,true,48,"V1,V2",probeA,true,2,false,heuristic_equal_segment,V1,lower_visual,false,recovered_heuristic_equal_segment,true,false
230714,311,0,ses230714-units-probe0-spk-AAAB.npy,true,unmapped_no_metadata,Unknown,true,48,"V1,V2",probeA,true,2,false,heuristic_equal_segment,V1,lower_visual,false,recovered_heuristic_equal_segment,true,false
230714,312,0,ses230714-units-probe0-spk-AAAB.npy,true,unmapped_no_metadata,Unknown,true,79,"V1,V2",probeA,true,2,false,heuristic_equal_segment,V2,lower_visual,false,recovered_heuristic_equal_segment,true,false
230714,313,0,ses230714-units-probe0-spk-AAAB.npy,true,unmapped_no_metadata,Unknown,true,49,"V1,V2",probeA,true,2,false,heuristic_equal_segment,V1,lower_visual,false,recovered_heuristic_equal_segment,true,false
230714,314,0,ses230714-units-probe0-spk-AAAB.npy,true,unmapped_no_metadata,Unknown,true,49,"V1,V2",probeA,true,2,false,heuristic_equal_segment,V1,lower_visual,false,recovered_heuristic_equal_segment,true,false
230714,315,0,ses230714-units-probe0-spk-AAAB.npy,true,unmapped_no_metadata,Unknown,true,49,"V1,V2",probeA,true,2,false,heuristic_equal_segment,V1,lower_visual,false,recovered_heuristic_equal_segment,true,false
230714,316,0,ses230714-units-probe0-spk-AAAB.npy,true,unmapped_no_metadata,Unknown,true,78,"V1,V2",probeA,true,2,false,heuristic_equal_segment,V2,lower_visual,false,recovered_heuristic_equal_segment,true,false
230714,317,0,ses230714-units-probe0-spk-AAAB.npy,true,unmapped_no_metadata,Unknown,true,50,"V1,V2",probeA,true,2,false,heuristic_equal_segment,V1,lower_visual,false,recovered_heuristic_equal_segment,true,false
230714,318,0,ses230714-units-probe0-spk-AAAB.npy,true,unmapped_no_metadata,Unknown,true,50,"V1,V2",probeA,true,2,false,heuristic_equal_segment,V1,lower_visual,false,recovered_heuristic_equal_segment,true,false
230714,319,0,ses230714-units-probe0-spk-AAAB.npy,true,unmapped_no_metadata,Unknown,true,50,"V1,V2",probeA,true,2,false,heuristic_equal_segment,V1,lower_visual,false,recovered_heuristic_equal_segment,true,false
230714,320,0,ses230714-units-probe0-spk-AAAB.npy,true,unmapped_no_metadata,Unknown,true,51,"V1,V2",probeA,true,2,false,heuristic_equal_segment,V1,lower_visual,false,recovered_heuristic_equal_segment,true,false
230714,321,0,ses230714-units-probe0-spk-AAAB.npy,true,unmapped_no_metadata,Unknown,true,51,"V1,V2",probeA,true,2,false,heuristic_equal_segment,V1,lower_visual,false,recovered_heuristic_equal_segment,true,false
230714,322,0,ses230714-units-probe0-spk-AAAB.npy,true,unmapped_no_metadata,Unknown,true,76,"V1,V2",probeA,true,2,false,heuristic_equal_segment,V2,lower_visual,false,recovered_heuristic_equal_segment,true,false
230714,323,0,ses230714-units-probe0-spk-AAAB.npy,true,unmapped_no_metadata,Unknown,true,52,"V1,V2",probeA,true,2,false,heuristic_equal_segment,V1,lower_visual,false,recovered_heuristic_equal_segment,true,false
230714,324,0,ses230714-units-probe0-spk-AAAB.npy,true,unmapped_no_metadata,Unknown,true,52,"V1,V2",probeA,true,2,false,heuristic_equal_segment,V1,lower_visual,false,recovered_heuristic_equal_segment,true,false
230714,325,0,ses230714-units-probe0-spk-AAAB.npy,true,unmapped_no_metadata,Unknown,true,75,"V1,V2",probeA,true,2,false,heuristic_equal_segment,V2,lower_visual,false,recovered_heuristic_equal_segment,true,false
230714,326,0,ses230714-units-probe0-spk-AAAB.npy,true,unmapped_no_metadata,Unknown,true,52,"V1,V2",probeA,true,2,false,heuristic_equal_segment,V1,lower_visual,false,recovered_heuristic_equal_segment,true,false
230714,327,0,ses230714-units-probe0-spk-AAAB.npy,true,unmapped_no_metadata,Unknown,true,53,"V1,V2",probeA,true,2,false,heuristic_equal_segment,V1,lower_visual,false,recovered_heuristic_equal_segment,true,false
230714,328,0,ses230714-units-probe0-spk-AAAB.npy,true,unmapped_no_metadata,Unknown,true,53,"V1,V2",probeA,true,2,false,heuristic_equal_segment,V1,lower_visual,false,recovered_heuristic_equal_segment,true,false
230714,329,0,ses230714-units-probe0-spk-AAAB.npy,true,unmapped_no_metadata,Unknown,true,52,"V1,V2",probeA,true,2,false,heuristic_equal_segment,V1,lower_visual,false,recovered_heuristic_equal_segment,true,false
230714,330,0,ses230714-units-probe0-spk-AAAB.npy,true,unmapped_no_metadata,Unknown,true,54,"V1,V2",probeA,true,2,false,heuristic_equal_segment,V1,lower_visual,false,recovered_heuristic_equal_segment,true,false
230714,331,0,ses230714-units-probe0-spk-AAAB.npy,true,unmapped_no_metadata,Unknown,true,54,"V1,V2",probeA,true,2,false,heuristic_equal_segment,V1,lower_visual,false,recovered_heuristic_equal_segment,true,false
230714,332,0,ses230714-units-probe0-spk-AAAB.npy,true,unmapped_no_metadata,Unknown,true,54,"V1,V2",probeA,true,2,false,heuristic_equal_segment,V1,lower_visual,false,recovered_heuristic_equal_segment,true,false
230714,333,0,ses230714-units-probe0-spk-AAAB.npy,true,unmapped_no_metadata,Unknown,true,54,"V1,V2",probeA,true,2,false,heuristic_equal_segment,V1,lower_visual,false,recovered_heuristic_equal_segment,true,false
230714,334,0,ses230714-units-probe0-spk-AAAB.npy,true,unmapped_no_metadata,Unknown,true,54,"V1,V2",probeA,true,2,false,heuristic_equal_segment,V1,lower_visual,false,recovered_heuristic_equal_segment,true,false
230714,335,0,ses230714-units-probe0-spk-AAAB.npy,true,unmapped_no_metadata,Unknown,true,54,"V1,V2",probeA,true,2,false,heuristic_equal_segment,V1,lower_visual,false,recovered_heuristic_equal_segment,true,false
230714,336,0,ses230714-units-probe0-spk-AAAB.npy,true,unmapped_no_metadata,Unknown,true,73,"V1,V2",probeA,true,2,false,heuristic_equal_segment,V2,lower_visual,false,recovered_heuristic_equal_segment,true,false
230714,337,0,ses230714-units-probe0-spk-AAAB.npy,true,unmapped_no_metadata,Unknown,true,55,"V1,V2",probeA,true,2,false,heuristic_equal_segment,V1,lower_visual,false,recovered_heuristic_equal_segment,true,false
230714,338,0,ses230714-units-probe0-spk-AAAB.npy,true,unmapped_no_metadata,Unknown,true,55,"V1,V2",probeA,true,2,false,heuristic_equal_segment,V1,lower_visual,false,recovered_heuristic_equal_segment,true,false
230714,339,0,ses230714-units-probe0-spk-AAAB.npy,true,unmapped_no_metadata,Unknown,true,55,"V1,V2",probeA,true,2,false,heuristic_equal_segment,V1,lower_visual,false,recovered_heuristic_equal_segment,true,false
230714,340,0,ses230714-units-probe0-spk-AAAB.npy,true,unmapped_no_metadata,Unknown,true,55,"V1,V2",probeA,true,2,false,heuristic_equal_segment,V1,lower_visual,false,recovered_heuristic_equal_segment,true,false
230714,341,0,ses230714-units-probe0-spk-AAAB.npy,true,unmapped_no_metadata,Unknown,true,55,"V1,V2",probeA,true,2,false,heuristic_equal_segment,V1,lower_visual,false,recovered_heuristic_equal_segment,true,false
230714,342,0,ses230714-units-probe0-spk-AAAB.npy,true,unmapped_no_metadata,Unknown,true,55,"V1,V2",probeA,true,2,false,heuristic_equal_segment,V1,lower_visual,false,recovered_heuristic_equal_segment,true,false
230714,343,0,ses230714-units-probe0-spk-AAAB.npy,true,unmapped_no_metadata,Unknown,true,55,"V1,V2",probeA,true,2,false,heuristic_equal_segment,V1,lower_visual,false,recovered_heuristic_equal_segment,true,false
230714,344,0,ses230714-units-probe0-spk-AAAB.npy,true,unmapped_no_metadata,Unknown,true,72,"V1,V2",probeA,true,2,false,heuristic_equal_segment,V2,lower_visual,false,recovered_heuristic_equal_segment,true,false
230714,345,0,ses230714-units-probe0-spk-AAAB.npy,true,unmapped_no_metadata,Unknown,true,72,"V1,V2",probeA,true,2,false,heuristic_equal_segment,V2,lower_visual,false,recovered_heuristic_equal_segment,true,false
230714,346,0,ses230714-units-probe0-spk-AAAB.npy,true,unmapped_no_metadata,Unknown,true,72,"V1,V2",probeA,true,2,false,heuristic_equal_segment,V2,lower_visual,false,recovered_heuristic_equal_segment,true,false
230714,347,0,ses230714-units-probe0-spk-AAAB.npy,true,unmapped_no_metadata,Unknown,true,72,"V1,V2",probeA,true,2,false,heuristic_equal_segment,V2,lower_visual,false,recovered_heuristic_equal_segment,true,false
230714,348,0,ses230714-units-probe0-spk-AAAB.npy,true,unmapped_no_metadata,Unknown,true,72,"V1,V2",probeA,true,2,false,heuristic_equal_segment,V2,lower_visual,false,recovered_heuristic_equal_segment,true,false
230714,349,0,ses230714-units-probe0-spk-AAAB.npy,true,unmapped_no_metadata,Unknown,true,72,"V1,V2",probeA,true,2,false,heuristic_equal_segment,V2,lower_visual,false,recovered_heuristic_equal_segment,true,false
230714,350,0,ses230714-units-probe0-spk-AAAB.npy,true,unmapped_no_metadata,Unknown,true,72,"V1,V2",probeA,true,2,false,heuristic_equal_segment,V2,lower_visual,false,recovered_heuristic_equal_segment,true,false
230714,351,0,ses230714-units-probe0-spk-AAAB.npy,true,unmapped_no_metadata,Unknown,true,72,"V1,V2",probeA,true,2,false,heuristic_equal_segment,V2,lower_visual,false,recovered_heuristic_equal_segment,true,false
230714,352,0,ses230714-units-probe0-spk-AAAB.npy,true,unmapped_no_metadata,Unknown,true,72,"V1,V2",probeA,true,2,false,heuristic_equal_segment,V2,lower_visual,false,recovered_heuristic_equal_segment,true,false
230714,353,0,ses230714-units-probe0-spk-AAAB.npy,true,unmapped_no_metadata,Unknown,true,56,"V1,V2",probeA,true,2,false,heuristic_equal_segment,V1,lower_visual,false,recovered_heuristic_equal_segment,true,false
230714,354,0,ses230714-units-probe0-spk-AAAB.npy,true,unmapped_no_metadata,Unknown,true,56,"V1,V2",probeA,true,2,false,heuristic_equal_segment,V1,lower_visual,false,recovered_heuristic_equal_segment,true,false
230714,355,0,ses230714-units-probe0-spk-AAAB.npy,true,unmapped_no_metadata,Unknown,true,56,"V1,V2",probeA,true,2,false,heuristic_equal_segment,V1,lower_visual,false,recovered_heuristic_equal_segment,true,false
230714,356,0,ses230714-units-probe0-spk-AAAB.npy,true,unmapped_no_metadata,Unknown,true,56,"V1,V2",probeA,true,2,false,heuristic_equal_segment,V1,lower_visual,false,recovered_heuristic_equal_segment,true,false
230714,357,0,ses230714-units-probe0-spk-AAAB.npy,true,unmapped_no_metadata,Unknown,true,56,"V1,V2",probeA,true,2,false,heuristic_equal_segment,V1,lower_visual,false,recovered_heuristic_equal_segment,true,false
230714,358,0,ses230714-units-probe0-spk-AAAB.npy,true,unmapped_no_metadata,Unknown,true,71,"V1,V2",probeA,true,2,false,heuristic_equal_segment,V2,lower_visual,false,recovered_heuristic_equal_segment,true,false
230714,359,0,ses230714-units-probe0-spk-AAAB.npy,true,unmapped_no_metadata,Unknown,true,57,"V1,V2",probeA,true,2,false,heuristic_equal_segment,V1,lower_visual,false,recovered_heuristic_equal_segment,true,false
230714,360,0,ses230714-units-probe0-spk-AAAB.npy,true,unmapped_no_metadata,Unknown,true,57,"V1,V2",probeA,true,2,false,heuristic_equal_segment,V1,lower_visual,false,recovered_heuristic_equal_segment,true,false
230714,361,0,ses230714-units-probe0-spk-AAAB.npy,true,unmapped_no_metadata,Unknown,true,57,"V1,V2",probeA,true,2,false,heuristic_equal_segment,V1,lower_visual,false,recovered_heuristic_equal_segment,true,false
230714,362,0,ses230714-units-probe0-spk-AAAB.npy,true,unmapped_no_metadata,Unknown,true,58,"V1,V2",probeA,true,2,false,heuristic_equal_segment,V1,lower_visual,false,recovered_heuristic_equal_segment,true,false
230714,363,0,ses230714-units-probe0-spk-AAAB.npy,true,unmapped_no_metadata,Unknown,true,58,"V1,V2",probeA,true,2,false,heuristic_equal_segment,V1,lower_visual,false,recovered_heuristic_equal_segment,true,false
230714,364,0,ses230714-units-probe0-spk-AAAB.npy,true,unmapped_no_metadata,Unknown,true,58,"V1,V2",probeA,true,2,false,heuristic_equal_segment,V1,lower_visual,false,recovered_heuristic_equal_segment,true,false
230714,365,0,ses230714-units-probe0-spk-AAAB.npy,true,unmapped_no_metadata,Unknown,true,58,"V1,V2",probeA,true,2,false,heuristic_equal_segment,V1,lower_visual,false,recovered_heuristic_equal_segment,true,false
230714,366,0,ses230714-units-probe0-spk-AAAB.npy,true,unmapped_no_metadata,Unknown,true,58,"V1,V2",probeA,true,2,false,heuristic_equal_segment,V1,lower_visual,false,recovered_heuristic_equal_segment,true,false
230714,367,0,ses230714-units-probe0-spk-AAAB.npy,true,unmapped_no_metadata,Unknown,true,58,"V1,V2",probeA,true,2,false,heuristic_equal_segment,V1,lower_visual,false,recovered_heuristic_equal_segment,true,false
230714,368,0,ses230714-units-probe0-spk-AAAB.npy,true,unmapped_no_metadata,Unknown,true,59,"V1,V2",probeA,true,2,false,heuristic_equal_segment,V1,lower_visual,false,recovered_heuristic_equal_segment,true,false
230714,369,0,ses230714-units-probe0-spk-AAAB.npy,true,unmapped_no_metadata,Unknown,true,59,"V1,V2",probeA,true,2,false,heuristic_equal_segment,V1,lower_visual,false,recovered_heuristic_equal_segment,true,false
230714,370,0,ses230714-units-probe0-spk-AAAB.npy,true,unmapped_no_metadata,Unknown,true,58,"V1,V2",probeA,true,2,false,heuristic_equal_segment,V1,lower_visual,false,recovered_heuristic_equal_segment,true,false
230714,371,0,ses230714-units-probe0-spk-AAAB.npy,true,unmapped_no_metadata,Unknown,true,69,"V1,V2",probeA,true,2,false,heuristic_equal_segment,V2,lower_visual,false,recovered_heuristic_equal_segment,true,false
230714,372,0,ses230714-units-probe0-spk-AAAB.npy,true,unmapped_no_metadata,Unknown,true,59,"V1,V2",probeA,true,2,false,heuristic_equal_segment,V1,lower_visual,false,recovered_heuristic_equal_segment,true,false
230714,373,0,ses230714-units-probe0-spk-AAAB.npy,true,unmapped_no_metadata,Unknown,true,59,"V1,V2",probeA,true,2,false,heuristic_equal_segment,V1,lower_visual,false,recovered_heuristic_equal_segment,true,false
230714,374,0,ses230714-units-probe0-spk-AAAB.npy,true,unmapped_no_metadata,Unknown,true,59,"V1,V2",probeA,true,2,false,heuristic_equal_segment,V1,lower_visual,false,recovered_heuristic_equal_segment,true,false
230714,375,0,ses230714-units-probe0-spk-AAAB.npy,true,unmapped_no_metadata,Unknown,true,59,"V1,V2",probeA,true,2,false,heuristic_equal_segment,V1,lower_visual,false,recovered_heuristic_equal_segment,true,false
230714,376,0,ses230714-units-probe0-spk-AAAB.npy,true,unmapped_no_metadata,Unknown,true,68,"V1,V2",probeA,true,2,false,heuristic_equal_segment,V2,lower_visual,false,recovered_heuristic_equal_segment,true,false
230714,377,0,ses230714-units-probe0-spk-AAAB.npy,true,unmapped_no_metadata,Unknown,true,60,"V1,V2",probeA,true,2,false,heuristic_equal_segment,V1,lower_visual,false,recovered_heuristic_equal_segment,true,false
230714,378,0,ses230714-units-probe0-spk-AAAB.npy,true,unmapped_no_metadata,Unknown,true,60,"V1,V2",probeA,true,2,false,heuristic_equal_segment,V1,lower_visual,false,recovered_heuristic_equal_segment,true,false
230714,379,0,ses230714-units-probe0-spk-AAAB.npy,true,unmapped_no_metadata,Unknown,true,61,"V1,V2",probeA,true,2,false,heuristic_equal_segment,V1,lower_visual,false,recovered_heuristic_equal_segment,true,false
230714,380,0,ses230714-units-probe0-spk-AAAB.npy,true,unmapped_no_metadata,Unknown,true,61,"V1,V2",probeA,true,2,false,heuristic_equal_segment,V1,lower_visual,false,recovered_heuristic_equal_segment,true,false
230714,381,0,ses230714-units-probe0-spk-AAAB.npy,true,unmapped_no_metadata,Unknown,true,66,"V1,V2",probeA,true,2,false,heuristic_equal_segment,V2,lower_visual,false,recovered_heuristic_equal_segment,true,false
230714,382,0,ses230714-units-probe0-spk-AAAB.npy,true,unmapped_no_metadata,Unknown,true,62,"V1,V2",probeA,true,2,false,heuristic_equal_segment,V1,lower_visual,false,recovered_heuristic_equal_segment,true,false
230714,383,0,ses230714-units-probe0-spk-AAAB.npy,true,unmapped_no_metadata,Unknown,true,62,"V1,V2",probeA,true,2,false,heuristic_equal_segment,V1,lower_visual,false,recovered_heuristic_equal_segment,true,false
230714,384,0,ses230714-units-probe0-spk-AAAB.npy,true,unmapped_no_metadata,Unknown,true,62,"V1,V2",probeA,true,2,false,heuristic_equal_segment,V1,lower_visual,false,recovered_heuristic_equal_segment,true,false
230714,385,0,ses230714-units-probe0-spk-AAAB.npy,true,unmapped_no_metadata,Unknown,true,62,"V1,V2",probeA,true,2,false,heuristic_equal_segment,V1,lower_visual,false,recovered_heuristic_equal_segment,true,false
230714,386,0,ses230714-units-probe0-spk-AAAB.npy,true,unmapped_no_metadata,Unknown,true,62,"V1,V2",probeA,true,2,false,heuristic_equal_segment,V1,lower_visual,false,recovered_heuristic_equal_segment,true,false
230714,387,0,ses230714-units-probe0-spk-AAAB.npy,true,unmapped_no_metadata,Unknown,true,62,"V1,V2",probeA,true,2,false,heuristic_equal_segment,V1,lower_visual,false,recovered_heuristic_equal_segment,true,false
230714,388,0,ses230714-units-probe0-spk-AAAB.npy,true,unmapped_no_metadata,Unknown,true,63,"V1,V2",probeA,true,2,false,heuristic_equal_segment,V1,lower_visual,false,recovered_heuristic_equal_segment,true,false
230714,389,0,ses230714-units-probe0-spk-AAAB.npy,true,unmapped_no_metadata,Unknown,true,63,"V1,V2",probeA,true,2,false,heuristic_equal_segment,V1,lower_visual,false,recovered_heuristic_equal_segment,true,false
230714,390,0,ses230714-units-probe0-spk-AAAB.npy,true,unmapped_no_metadata,Unknown,true,63,"V1,V2",probeA,true,2,false,heuristic_equal_segment,V1,lower_visual,false,recovered_heuristic_equal_segment,true,false
230714,391,0,ses230714-units-probe0-spk-AAAB.npy,true,unmapped_no_metadata,Unknown,true,63,"V1,V2",probeA,true,2,false,heuristic_equal_segment,V1,lower_visual,false,recovered_heuristic_equal_segment,true,false
230714,392,0,ses230714-units-probe0-spk-AAAB.npy,true,unmapped_no_metadata,Unknown,true,63,"V1,V2",probeA,true,2,false,heuristic_equal_segment,V1,lower_visual,false,recovered_heuristic_equal_segment,true,false
230714,393,0,ses230714-units-probe0-spk-AAAB.npy,true,unmapped_no_metadata,Unknown,true,63,"V1,V2",probeA,true,2,false,heuristic_equal_segment,V1,lower_visual,false,recovered_heuristic_equal_segment,true,false
230714,394,0,ses230714-units-probe0-spk-AAAB.npy,true,unmapped_no_metadata,Unknown,true,64,"V1,V2",probeA,true,2,false,heuristic_equal_segment,V2,lower_visual,false,recovered_heuristic_equal_segment,true,false
230714,395,0,ses230714-units-probe0-spk-AAAB.npy,true,unmapped_no_metadata,Unknown,true,64,"V1,V2",probeA,true,2,false,heuristic_equal_segment,V2,lower_visual,false,recovered_heuristic_equal_segment,true,false
230714,396,0,ses230714-units-probe0-spk-AAAB.npy,true,unmapped_no_metadata,Unknown,true,64,"V1,V2",probeA,true,2,false,heuristic_equal_segment,V2,lower_visual,false,recovered_heuristic_equal_segment,true,false
230714,397,0,ses230714-units-probe0-spk-AAAB.npy,true,unmapped_no_metadata,Unknown,true,64,"V1,V2",probeA,true,2,false,heuristic_equal_segment,V2,lower_visual,false,recovered_heuristic_equal_segment,true,false
230714,398,0,ses230714-units-probe0-spk-AAAB.npy,true,unmapped_no_metadata,Unknown,true,66,"V1,V2",probeA,true,2,false,heuristic_equal_segment,V2,lower_visual,false,recovered_heuristic_equal_segment,true,false
230714,399,0,ses230714-units-probe0-spk-AAAB.npy,true,unmapped_no_metadata,Unknown,true,95,"V1,V2",probeA,true,2,false,heuristic_equal_segment,V2,lower_visual,false,recovered_heuristic_equal_segment,true,false
230714,400,0,ses230714-units-probe0-spk-AAAB.npy,true,unmapped_no_metadata,Unknown,true,123,"V1,V2",probeA,true,2,false,heuristic_equal_segment,V2,lower_visual,false,recovered_heuristic_equal_segment,true,false
230714,401,0,ses230714-units-probe0-spk-AAAB.npy,true,unmapped_no_metadata,Unknown,true,114,"V1,V2",probeA,true,2,false,heuristic_equal_segment,V2,lower_visual,false,recovered_heuristic_equal_segment,true,false
230714,402,0,ses230714-units-probe0-spk-AAAB.npy,true,unmapped_no_metadata,Unknown,true,18,"V1,V2",probeA,true,2,false,heuristic_equal_segment,V1,lower_visual,false,recovered_heuristic_equal_segment,true,false
230714,403,0,ses230714-units-probe0-spk-AAAB.npy,true,unmapped_no_metadata,Unknown,true,25,"V1,V2",probeA,true,2,false,heuristic_equal_segment,V1,lower_visual,false,recovered_heuristic_equal_segment,true,false
230714,404,0,ses230714-units-probe0-spk-AAAB.npy,true,unmapped_no_metadata,Unknown,true,35,"V1,V2",probeA,true,2,false,heuristic_equal_segment,V1,lower_visual,false,recovered_heuristic_equal_segment,true,false
230714,405,0,ses230714-units-probe0-spk-AAAB.npy,true,unmapped_no_metadata,Unknown,true,36,"V1,V2",probeA,true,2,false,heuristic_equal_segment,V1,lower_visual,false,recovered_heuristic_equal_segment,true,false
230714,406,0,ses230714-units-probe0-spk-AAAB.npy,true,unmapped_no_metadata,Unknown,true,53,"V1,V2",probeA,true,2,false,heuristic_equal_segment,V1,lower_visual,false,recovered_heuristic_equal_segment,true,false
230714,407,0,ses230714-units-probe0-spk-AAAB.npy,true,unmapped_no_metadata,Unknown,true,53,"V1,V2",probeA,true,2,false,heuristic_equal_segment,V1,lower_visual,false,recovered_heuristic_equal_segment,true,false
230714,408,0,ses230714-units-probe0-spk-AAAB.npy,true,unmapped_no_metadata,Unknown,true,54,"V1,V2",probeA,true,2,false,heuristic_equal_segment,V1,lower_visual,false,recovered_heuristic_equal_segment,true,false
230714,409,0,ses230714-units-probe0-spk-AAAB.npy,true,unmapped_no_metadata,Unknown,true,55,"V1,V2",probeA,true,2,false,heuristic_equal_segment,V1,lower_visual,false,recovered_heuristic_equal_segment,true,false
230714,410,0,ses230714-units-probe0-spk-AAAB.npy,true,unmapped_no_metadata,Unknown,true,55,"V1,V2",probeA,true,2,false,heuristic_equal_segment,V1,lower_visual,false,recovered_heuristic_equal_segment,true,false
230714,411,0,ses230714-units-probe0-spk-AAAB.npy,true,unmapped_no_metadata,Unknown,true,56,"V1,V2",probeA,true,2,false,heuristic_equal_segment,V1,lower_visual,false,recovered_heuristic_equal_segment,true,false
230714,412,0,ses230714-units-probe0-spk-AAAB.npy,true,unmapped_no_metadata,Unknown,true,58,"V1,V2",probeA,true,2,false,heuristic_equal_segment,V1,lower_visual,false,recovered_heuristic_equal_segment,true,false
230714,413,0,ses230714-units-probe0-spk-AAAB.npy,true,unmapped_no_metadata,Unknown,true,66,"V1,V2",probeA,true,2,false,heuristic_equal_segment,V2,lower_visual,false,recovered_heuristic_equal_segment,true,false
230714,414,0,ses230714-units-probe0-spk-AAAB.npy,true,unmapped_no_metadata,Unknown,true,63,"V1,V2",probeA,true,2,false,heuristic_equal_segment,V1,lower_visual,false,recovered_heuristic_equal_segment,true,false
230714,415,0,ses230714-units-probe0-spk-AAAB.npy,true,unmapped_no_metadata,Unknown,true,25,"V1,V2",probeA,true,2,false,heuristic_equal_segment,V1,lower_visual,false,recovered_heuristic_equal_segment,true,false
230714,416,0,ses230714-units-probe0-spk-AAAB.npy,true,unmapped_no_metadata,Unknown,true,64,"V1,V2",probeA,true,2,false,heuristic_equal_segment,V2,lower_visual,false,recovered_heuristic_equal_segment,true,false
230714,417,0,ses230714-units-probe0-spk-AAAB.npy,true,unmapped_no_metadata,Unknown,true,63,"V1,V2",probeA,true,2,false,heuristic_equal_segment,V1,lower_visual,false,recovered_heuristic_equal_segment,true,false
230714,418,0,ses230714-units-probe0-spk-AAAB.npy,true,unmapped_no_metadata,Unknown,true,64,"V1,V2",probeA,true,2,false,heuristic_equal_segment,V2,lower_visual,false,recovered_heuristic_equal_segment,true,false
230714,419,0,ses230714-units-probe0-spk-AAAB.npy,true,unmapped_no_metadata,Unknown,true,64,"V1,V2",probeA,true,2,false,heuristic_equal_segment,V2,lower_visual,false,recovered_heuristic_equal_segment,true,false
230714,420,0,ses230714-units-probe0-spk-AAAB.npy,true,unmapped_no_metadata,Unknown,true,108,"V1,V2",probeA,true,2,false,heuristic_equal_segment,V2,lower_visual,false,recovered_heuristic_equal_segment,true,false
230714,421,0,ses230714-units-probe0-spk-AAAB.npy,true,unmapped_no_metadata,Unknown,true,72,"V1,V2",probeA,true,2,false,heuristic_equal_segment,V2,lower_visual,false,recovered_heuristic_equal_segment,true,false
230714,422,0,ses230714-units-probe0-spk-AAAB.npy,true,unmapped_no_metadata,Unknown,true,71,"V1,V2",probeA,true,2,false,heuristic_equal_segment,V2,lower_visual,false,recovered_heuristic_equal_segment,true,false
230719,0,0,ses230719-units-probe0-spk-AAAB.npy,true,unmapped_no_metadata,Unknown,true,0,"V1,V2",probeA,true,2,false,heuristic_equal_segment,V1,lower_visual,false,recovered_heuristic_equal_segment,true,false
230719,1,0,ses230719-units-probe0-spk-AAAB.npy,true,unmapped_no_metadata,Unknown,true,124,"V1,V2",probeA,true,2,false,heuristic_equal_segment,V2,lower_visual,false,recovered_heuristic_equal_segment,true,false
230719,2,0,ses230719-units-probe0-spk-AAAB.npy,true,unmapped_no_metadata,Unknown,true,3,"V1,V2",probeA,true,2,false,heuristic_equal_segment,V1,lower_visual,false,recovered_heuristic_equal_segment,true,false
230719,3,0,ses230719-units-probe0-spk-AAAB.npy,true,unmapped_no_metadata,Unknown,true,0,"V1,V2",probeA,true,2,false,heuristic_equal_segment,V1,lower_visual,false,recovered_heuristic_equal_segment,true,false
230719,4,0,ses230719-units-probe0-spk-AAAB.npy,true,unmapped_no_metadata,Unknown,true,2,"V1,V2",probeA,true,2,false,heuristic_equal_segment,V1,lower_visual,false,recovered_heuristic_equal_segment,true,false
230719,5,0,ses230719-units-probe0-spk-AAAB.npy,true,unmapped_no_metadata,Unknown,true,127,"V1,V2",probeA,true,2,false,heuristic_equal_segment,V2,lower_visual,false,recovered_heuristic_equal_segment,true,false
230719,6,0,ses230719-units-probe0-spk-AAAB.npy,true,unmapped_no_metadata,Unknown,true,127,"V1,V2",probeA,true,2,false,heuristic_equal_segment,V2,lower_visual,false,recovered_heuristic_equal_segment,true,false
230719,7,0,ses230719-units-probe0-spk-AAAB.npy,true,unmapped_no_metadata,Unknown,true,127,"V1,V2",probeA,true,2,false,heuristic_equal_segment,V2,lower_visual,false,recovered_heuristic_equal_segment,true,false
230719,8,0,ses230719-units-probe0-spk-AAAB.npy,true,unmapped_no_metadata,Unknown,true,122,"V1,V2",probeA,true,2,false,heuristic_equal_segment,V2,lower_visual,false,recovered_heuristic_equal_segment,true,false
230719,9,0,ses230719-units-probe0-spk-AAAB.npy,true,unmapped_no_metadata,Unknown,true,1,"V1,V2",probeA,true,2,false,heuristic_equal_segment,V1,lower_visual,false,recovered_heuristic_equal_segment,true,false
230719,10,0,ses230719-units-probe0-spk-AAAB.npy,true,unmapped_no_metadata,Unknown,true,35,"V1,V2",probeA,true,2,false,heuristic_equal_segment,V1,lower_visual,false,recovered_heuristic_equal_segment,true,false
230719,11,0,ses230719-units-probe0-spk-AAAB.npy,true,unmapped_no_metadata,Unknown,true,1,"V1,V2",probeA,true,2,false,heuristic_equal_segment,V1,lower_visual,false,recovered_heuristic_equal_segment,true,false
230719,12,0,ses230719-units-probe0-spk-AAAB.npy,true,unmapped_no_metadata,Unknown,true,122,"V1,V2",probeA,true,2,false,heuristic_equal_segment,V2,lower_visual,false,recovered_heuristic_equal_segment,true,false
230719,13,0,ses230719-units-probe0-spk-AAAB.npy,true,unmapped_no_metadata,Unknown,true,1,"V1,V2",probeA,true,2,false,heuristic_equal_segment,V1,lower_visual,false,recovered_heuristic_equal_segment,true,false
230719,14,0,ses230719-units-probe0-spk-AAAB.npy,true,unmapped_no_metadata,Unknown,true,126,"V1,V2",probeA,true,2,false,heuristic_equal_segment,V2,lower_visual,false,recovered_heuristic_equal_segment,true,false
230719,15,0,ses230719-units-probe0-spk-AAAB.npy,true,unmapped_no_metadata,Unknown,true,126,"V1,V2",probeA,true,2,false,heuristic_equal_segment,V2,lower_visual,false,recovered_heuristic_equal_segment,true,false
230719,16,0,ses230719-units-probe0-spk-AAAB.npy,true,unmapped_no_metadata,Unknown,true,126,"V1,V2",probeA,true,2,false,heuristic_equal_segment,V2,lower_visual,false,recovered_heuristic_equal_segment,true,false
230719,17,0,ses230719-units-probe0-spk-AAAB.npy,true,unmapped_no_metadata,Unknown,true,2,"V1,V2",probeA,true,2,false,heuristic_equal_segment,V1,lower_visual,false,recovered_heuristic_equal_segment,true,false
230719,18,0,ses230719-units-probe0-spk-AAAB.npy,true,unmapped_no_metadata,Unknown,true,1,"V1,V2",probeA,true,2,false,heuristic_equal_segment,V1,lower_visual,false,recovered_heuristic_equal_segment,true,false
230719,19,0,ses230719-units-probe0-spk-AAAB.npy,true,unmapped_no_metadata,Unknown,true,2,"V1,V2",probeA,true,2,false,heuristic_equal_segment,V1,lower_visual,false,recovered_heuristic_equal_segment,true,false
230719,20,0,ses230719-units-probe0-spk-AAAB.npy,true,unmapped_no_metadata,Unknown,true,2,"V1,V2",probeA,true,2,false,heuristic_equal_segment,V1,lower_visual,false,recovered_heuristic_equal_segment,true,false
230719,21,0,ses230719-units-probe0-spk-AAAB.npy,true,unmapped_no_metadata,Unknown,true,2,"V1,V2",probeA,true,2,false,heuristic_equal_segment,V1,lower_visual,false,recovered_heuristic_equal_segment,true,false
230719,22,0,ses230719-units-probe0-spk-AAAB.npy,true,unmapped_no_metadata,Unknown,true,125,"V1,V2",probeA,true,2,false,heuristic_equal_segment,V2,lower_visual,false,recovered_heuristic_equal_segment,true,false
230719,23,0,ses230719-units-probe0-spk-AAAB.npy,true,unmapped_no_metadata,Unknown,true,125,"V1,V2",probeA,true,2,false,heuristic_equal_segment,V2,lower_visual,false,recovered_heuristic_equal_segment,true,false
230719,24,0,ses230719-units-probe0-spk-AAAB.npy,true,unmapped_no_metadata,Unknown,true,124,"V1,V2",probeA,true,2,false,heuristic_equal_segment,V2,lower_visual,false,recovered_heuristic_equal_segment,true,false
230719,25,0,ses230719-units-probe0-spk-AAAB.npy,true,unmapped_no_metadata,Unknown,true,3,"V1,V2",probeA,true,2,false,heuristic_equal_segment,V1,lower_visual,false,recovered_heuristic_equal_segment,true,false
230719,26,0,ses230719-units-probe0-spk-AAAB.npy,true,unmapped_no_metadata,Unknown,true,4,"V1,V2",probeA,true,2,false,heuristic_equal_segment,V1,lower_visual,false,recovered_heuristic_equal_segment,true,false
230719,27,0,ses230719-units-probe0-spk-AAAB.npy,true,unmapped_no_metadata,Unknown,true,4,"V1,V2",probeA,true,2,false,heuristic_equal_segment,V1,lower_visual,false,recovered_heuristic_equal_segment,true,false
230719,28,0,ses230719-units-probe0-spk-AAAB.npy,true,unmapped_no_metadata,Unknown,true,4,"V1,V2",probeA,true,2,false,heuristic_equal_segment,V1,lower_visual,false,recovered_heuristic_equal_segment,true,false
230719,29,0,ses230719-units-probe0-spk-AAAB.npy,true,unmapped_no_metadata,Unknown,true,4,"V1,V2",probeA,true,2,false,heuristic_equal_segment,V1,lower_visual,false,recovered_heuristic_equal_segment,true,false
230719,30,0,ses230719-units-probe0-spk-AAAB.npy,true,unmapped_no_metadata,Unknown,true,122,"V1,V2",probeA,true,2,false,heuristic_equal_segment,V2,lower_visual,false,recovered_heuristic_equal_segment,true,false
230719,31,0,ses230719-units-probe0-spk-AAAB.npy,true,unmapped_no_metadata,Unknown,true,6,"V1,V2",probeA,true,2,false,heuristic_equal_segment,V1,lower_visual,false,recovered_heuristic_equal_segment,true,false
230719,32,0,ses230719-units-probe0-spk-AAAB.npy,true,unmapped_no_metadata,Unknown,true,114,"V1,V2",probeA,true,2,false,heuristic_equal_segment,V2,lower_visual,false,recovered_heuristic_equal_segment,true,false
230719,33,0,ses230719-units-probe0-spk-AAAB.npy,true,unmapped_no_metadata,Unknown,true,14,"V1,V2",probeA,true,2,false,heuristic_equal_segment,V1,lower_visual,false,recovered_heuristic_equal_segment,true,false
230719,34,0,ses230719-units-probe0-spk-AAAB.npy,true,unmapped_no_metadata,Unknown,true,14,"V1,V2",probeA,true,2,false,heuristic_equal_segment,V1,lower_visual,false,recovered_heuristic_equal_segment,true,false
230719,35,0,ses230719-units-probe0-spk-AAAB.npy,true,unmapped_no_metadata,Unknown,true,14,"V1,V2",probeA,true,2,false,heuristic_equal_segment,V1,lower_visual,false,recovered_heuristic_equal_segment,true,false
230719,36,0,ses230719-units-probe0-spk-AAAB.npy,true,unmapped_no_metadata,Unknown,true,14,"V1,V2",probeA,true,2,false,heuristic_equal_segment,V1,lower_visual,false,recovered_heuristic_equal_segment,true,false
230719,37,0,ses230719-units-probe0-spk-AAAB.npy,true,unmapped_no_metadata,Unknown,true,14,"V1,V2",probeA,true,2,false,heuristic_equal_segment,V1,lower_visual,false,recovered_heuristic_equal_segment,true,false
230719,38,0,ses230719-units-probe0-spk-AAAB.npy,true,unmapped_no_metadata,Unknown,true,111,"V1,V2",probeA,true,2,false,heuristic_equal_segment,V2,lower_visual,false,recovered_heuristic_equal_segment,true,false
230719,39,0,ses230719-units-probe0-spk-AAAB.npy,true,unmapped_no_metadata,Unknown,true,113,"V1,V2",probeA,true,2,false,heuristic_equal_segment,V2,lower_visual,false,recovered_heuristic_equal_segment,true,false
230719,40,0,ses230719-units-probe0-spk-AAAB.npy,true,unmapped_no_metadata,Unknown,true,114,"V1,V2",probeA,true,2,false,heuristic_equal_segment,V2,lower_visual,false,recovered_heuristic_equal_segment,true,false
230719,41,0,ses230719-units-probe0-spk-AAAB.npy,true,unmapped_no_metadata,Unknown,true,14,"V1,V2",probeA,true,2,false,heuristic_equal_segment,V1,lower_visual,false,recovered_heuristic_equal_segment,true,false
230719,42,0,ses230719-units-probe0-spk-AAAB.npy,true,unmapped_no_metadata,Unknown,true,113,"V1,V2",probeA,true,2,false,heuristic_equal_segment,V2,lower_visual,false,recovered_heuristic_equal_segment,true,false
230719,43,0,ses230719-units-probe0-spk-AAAB.npy,true,unmapped_no_metadata,Unknown,true,113,"V1,V2",probeA,true,2,false,heuristic_equal_segment,V2,lower_visual,false,recovered_heuristic_equal_segment,true,false
230719,44,0,ses230719-units-probe0-spk-AAAB.npy,true,unmapped_no_metadata,Unknown,true,15,"V1,V2",probeA,true,2,false,heuristic_equal_segment,V1,lower_visual,false,recovered_heuristic_equal_segment,true,false
230719,45,0,ses230719-units-probe0-spk-AAAB.npy,true,unmapped_no_metadata,Unknown,true,15,"V1,V2",probeA,true,2,false,heuristic_equal_segment,V1,lower_visual,false,recovered_heuristic_equal_segment,true,false
230719,46,0,ses230719-units-probe0-spk-AAAB.npy,true,unmapped_no_metadata,Unknown,true,15,"V1,V2",probeA,true,2,false,heuristic_equal_segment,V1,lower_visual,false,recovered_heuristic_equal_segment,true,false
230719,47,0,ses230719-units-probe0-spk-AAAB.npy,true,unmapped_no_metadata,Unknown,true,112,"V1,V2",probeA,true,2,false,heuristic_equal_segment,V2,lower_visual,false,recovered_heuristic_equal_segment,true,false
230719,48,0,ses230719-units-probe0-spk-AAAB.npy,true,unmapped_no_metadata,Unknown,true,14,"V1,V2",probeA,true,2,false,heuristic_equal_segment,V1,lower_visual,false,recovered_heuristic_equal_segment,true,false
230719,49,0,ses230719-units-probe0-spk-AAAB.npy,true,unmapped_no_metadata,Unknown,true,112,"V1,V2",probeA,true,2,false,heuristic_equal_segment,V2,lower_visual,false,recovered_heuristic_equal_segment,true,false
230719,50,0,ses230719-units-probe0-spk-AAAB.npy,true,unmapped_no_metadata,Unknown,true,112,"V1,V2",probeA,true,2,false,heuristic_equal_segment,V2,lower_visual,false,recovered_heuristic_equal_segment,true,false
230719,51,0,ses230719-units-probe0-spk-AAAB.npy,true,unmapped_no_metadata,Unknown,true,112,"V1,V2",probeA,true,2,false,heuristic_equal_segment,V2,lower_visual,false,recovered_heuristic_equal_segment,true,false
230719,52,0,ses230719-units-probe0-spk-AAAB.npy,true,unmapped_no_metadata,Unknown,true,112,"V1,V2",probeA,true,2,false,heuristic_equal_segment,V2,lower_visual,false,recovered_heuristic_equal_segment,true,false
230719,53,0,ses230719-units-probe0-spk-AAAB.npy,true,unmapped_no_metadata,Unknown,true,112,"V1,V2",probeA,true,2,false,heuristic_equal_segment,V2,lower_visual,false,recovered_heuristic_equal_segment,true,false
230719,54,0,ses230719-units-probe0-spk-AAAB.npy,true,unmapped_no_metadata,Unknown,true,111,"V1,V2",probeA,true,2,false,heuristic_equal_segment,V2,lower_visual,false,recovered_heuristic_equal_segment,true,false
230719,55,0,ses230719-units-probe0-spk-AAAB.npy,true,unmapped_no_metadata,Unknown,true,16,"V1,V2",probeA,true,2,false,heuristic_equal_segment,V1,lower_visual,false,recovered_heuristic_equal_segment,true,false
230719,56,0,ses230719-units-probe0-spk-AAAB.npy,true,unmapped_no_metadata,Unknown,true,16,"V1,V2",probeA,true,2,false,heuristic_equal_segment,V1,lower_visual,false,recovered_heuristic_equal_segment,true,false
230719,57,0,ses230719-units-probe0-spk-AAAB.npy,true,unmapped_no_metadata,Unknown,true,16,"V1,V2",probeA,true,2,false,heuristic_equal_segment,V1,lower_visual,false,recovered_heuristic_equal_segment,true,false
230719,58,0,ses230719-units-probe0-spk-AAAB.npy,true,unmapped_no_metadata,Unknown,true,17,"V1,V2",probeA,true,2,false,heuristic_equal_segment,V1,lower_visual,false,recovered_heuristic_equal_segment,true,false
230719,59,0,ses230719-units-probe0-spk-AAAB.npy,true,unmapped_no_metadata,Unknown,true,110,"V1,V2",probeA,true,2,false,heuristic_equal_segment,V2,lower_visual,false,recovered_heuristic_equal_segment,true,false
230719,60,0,ses230719-units-probe0-spk-AAAB.npy,true,unmapped_no_metadata,Unknown,true,16,"V1,V2",probeA,true,2,false,heuristic_equal_segment,V1,lower_visual,false,recovered_heuristic_equal_segment,true,false
230719,61,0,ses230719-units-probe0-spk-AAAB.npy,true,unmapped_no_metadata,Unknown,true,17,"V1,V2",probeA,true,2,false,heuristic_equal_segment,V1,lower_visual,false,recovered_heuristic_equal_segment,true,false
230719,62,0,ses230719-units-probe0-spk-AAAB.npy,true,unmapped_no_metadata,Unknown,true,17,"V1,V2",probeA,true,2,false,heuristic_equal_segment,V1,lower_visual,false,recovered_heuristic_equal_segment,true,false
230719,63,0,ses230719-units-probe0-spk-AAAB.npy,true,unmapped_no_metadata,Unknown,true,110,"V1,V2",probeA,true,2,false,heuristic_equal_segment,V2,lower_visual,false,recovered_heuristic_equal_segment,true,false
230719,64,0,ses230719-units-probe0-spk-AAAB.npy,true,unmapped_no_metadata,Unknown,true,110,"V1,V2",probeA,true,2,false,heuristic_equal_segment,V2,lower_visual,false,recovered_heuristic_equal_segment,true,false
230719,65,0,ses230719-units-probe0-spk-AAAB.npy,true,unmapped_no_metadata,Unknown,true,110,"V1,V2",probeA,true,2,false,heuristic_equal_segment,V2,lower_visual,false,recovered_heuristic_equal_segment,true,false
230719,66,0,ses230719-units-probe0-spk-AAAB.npy,true,unmapped_no_metadata,Unknown,true,110,"V1,V2",probeA,true,2,false,heuristic_equal_segment,V2,lower_visual,false,recovered_heuristic_equal_segment,true,false
230719,67,0,ses230719-units-probe0-spk-AAAB.npy,true,unmapped_no_metadata,Unknown,true,20,"V1,V2",probeA,true,2,false,heuristic_equal_segment,V1,lower_visual,false,recovered_heuristic_equal_segment,true,false
230719,68,0,ses230719-units-probe0-spk-AAAB.npy,true,unmapped_no_metadata,Unknown,true,110,"V1,V2",probeA,true,2,false,heuristic_equal_segment,V2,lower_visual,false,recovered_heuristic_equal_segment,true,false
230719,69,0,ses230719-units-probe0-spk-AAAB.npy,true,unmapped_no_metadata,Unknown,true,18,"V1,V2",probeA,true,2,false,heuristic_equal_segment,V1,lower_visual,false,recovered_heuristic_equal_segment,true,false
230719,70,0,ses230719-units-probe0-spk-AAAB.npy,true,unmapped_no_metadata,Unknown,true,18,"V1,V2",probeA,true,2,false,heuristic_equal_segment,V1,lower_visual,false,recovered_heuristic_equal_segment,true,false
230719,71,0,ses230719-units-probe0-spk-AAAB.npy,true,unmapped_no_metadata,Unknown,true,18,"V1,V2",probeA,true,2,false,heuristic_equal_segment,V1,lower_visual,false,recovered_heuristic_equal_segment,true,false
230719,72,0,ses230719-units-probe0-spk-AAAB.npy,true,unmapped_no_metadata,Unknown,true,18,"V1,V2",probeA,true,2,false,heuristic_equal_segment,V1,lower_visual,false,recovered_heuristic_equal_segment,true,false
230719,73,0,ses230719-units-probe0-spk-AAAB.npy,true,unmapped_no_metadata,Unknown,true,18,"V1,V2",probeA,true,2,false,heuristic_equal_segment,V1,lower_visual,false,recovered_heuristic_equal_segment,true,false
230719,74,0,ses230719-units-probe0-spk-AAAB.npy,true,unmapped_no_metadata,Unknown,true,109,"V1,V2",probeA,true,2,false,heuristic_equal_segment,V2,lower_visual,false,recovered_heuristic_equal_segment,true,false
230719,75,0,ses230719-units-probe0-spk-AAAB.npy,true,unmapped_no_metadata,Unknown,true,20,"V1,V2",probeA,true,2,false,heuristic_equal_segment,V1,lower_visual,false,recovered_heuristic_equal_segment,true,false
230719,76,0,ses230719-units-probe0-spk-AAAB.npy,true,unmapped_no_metadata,Unknown,true,19,"V1,V2",probeA,true,2,false,heuristic_equal_segment,V1,lower_visual,false,recovered_heuristic_equal_segment,true,false
230719,77,0,ses230719-units-probe0-spk-AAAB.npy,true,unmapped_no_metadata,Unknown,true,108,"V1,V2",probeA,true,2,false,heuristic_equal_segment,V2,lower_visual,false,recovered_heuristic_equal_segment,true,false
230719,78,0,ses230719-units-probe0-spk-AAAB.npy,true,unmapped_no_metadata,Unknown,true,20,"V1,V2",probeA,true,2,false,heuristic_equal_segment,V1,lower_visual,false,recovered_heuristic_equal_segment,true,false
230719,79,0,ses230719-units-probe0-spk-AAAB.npy,true,unmapped_no_metadata,Unknown,true,20,"V1,V2",probeA,true,2,false,heuristic_equal_segment,V1,lower_visual,false,recovered_heuristic_equal_segment,true,false
230719,80,0,ses230719-units-probe0-spk-AAAB.npy,true,unmapped_no_metadata,Unknown,true,20,"V1,V2",probeA,true,2,false,heuristic_equal_segment,V1,lower_visual,false,recovered_heuristic_equal_segment,true,false
230719,81,0,ses230719-units-probe0-spk-AAAB.npy,true,unmapped_no_metadata,Unknown,true,20,"V1,V2",probeA,true,2,false,heuristic_equal_segment,V1,lower_visual,false,recovered_heuristic_equal_segment,true,false
230719,82,0,ses230719-units-probe0-spk-AAAB.npy,true,unmapped_no_metadata,Unknown,true,22,"V1,V2",probeA,true,2,false,heuristic_equal_segment,V1,lower_visual,false,recovered_heuristic_equal_segment,true,false
230719,83,0,ses230719-units-probe0-spk-AAAB.npy,true,unmapped_no_metadata,Unknown,true,21,"V1,V2",probeA,true,2,false,heuristic_equal_segment,V1,lower_visual,false,recovered_heuristic_equal_segment,true,false
230719,84,0,ses230719-units-probe0-spk-AAAB.npy,true,unmapped_no_metadata,Unknown,true,106,"V1,V2",probeA,true,2,false,heuristic_equal_segment,V2,lower_visual,false,recovered_heuristic_equal_segment,true,false
230719,85,0,ses230719-units-probe0-spk-AAAB.npy,true,unmapped_no_metadata,Unknown,true,106,"V1,V2",probeA,true,2,false,heuristic_equal_segment,V2,lower_visual,false,recovered_heuristic_equal_segment,true,false
230719,86,0,ses230719-units-probe0-spk-AAAB.npy,true,unmapped_no_metadata,Unknown,true,106,"V1,V2",probeA,true,2,false,heuristic_equal_segment,V2,lower_visual,false,recovered_heuristic_equal_segment,true,false
230719,87,0,ses230719-units-probe0-spk-AAAB.npy,true,unmapped_no_metadata,Unknown,true,22,"V1,V2",probeA,true,2,false,heuristic_equal_segment,V1,lower_visual,false,recovered_heuristic_equal_segment,true,false
230719,88,0,ses230719-units-probe0-spk-AAAB.npy,true,unmapped_no_metadata,Unknown,true,22,"V1,V2",probeA,true,2,false,heuristic_equal_segment,V1,lower_visual,false,recovered_heuristic_equal_segment,true,false
230719,89,0,ses230719-units-probe0-spk-AAAB.npy,true,unmapped_no_metadata,Unknown,true,22,"V1,V2",probeA,true,2,false,heuristic_equal_segment,V1,lower_visual,false,recovered_heuristic_equal_segment,true,false
230719,90,0,ses230719-units-probe0-spk-AAAB.npy,true,unmapped_no_metadata,Unknown,true,22,"V1,V2",probeA,true,2,false,heuristic_equal_segment,V1,lower_visual,false,recovered_heuristic_equal_segment,true,false
230719,91,0,ses230719-units-probe0-spk-AAAB.npy,true,unmapped_no_metadata,Unknown,true,105,"V1,V2",probeA,true,2,false,heuristic_equal_segment,V2,lower_visual,false,recovered_heuristic_equal_segment,true,false
230719,92,0,ses230719-units-probe0-spk-AAAB.npy,true,unmapped_no_metadata,Unknown,true,105,"V1,V2",probeA,true,2,false,heuristic_equal_segment,V2,lower_visual,false,recovered_heuristic_equal_segment,true,false
230719,93,0,ses230719-units-probe0-spk-AAAB.npy,true,unmapped_no_metadata,Unknown,true,105,"V1,V2",probeA,true,2,false,heuristic_equal_segment,V2,lower_visual,false,recovered_heuristic_equal_segment,true,false
230719,94,0,ses230719-units-probe0-spk-AAAB.npy,true,unmapped_no_metadata,Unknown,true,23,"V1,V2",probeA,true,2,false,heuristic_equal_segment,V1,lower_visual,false,recovered_heuristic_equal_segment,true,false
230719,95,0,ses230719-units-probe0-spk-AAAB.npy,true,unmapped_no_metadata,Unknown,true,23,"V1,V2",probeA,true,2,false,heuristic_equal_segment,V1,lower_visual,false,recovered_heuristic_equal_segment,true,false
230719,96,0,ses230719-units-probe0-spk-AAAB.npy,true,unmapped_no_metadata,Unknown,true,23,"V1,V2",probeA,true,2,false,heuristic_equal_segment,V1,lower_visual,false,recovered_heuristic_equal_segment,true,false
230719,97,0,ses230719-units-probe0-spk-AAAB.npy,true,unmapped_no_metadata,Unknown,true,27,"V1,V2",probeA,true,2,false,heuristic_equal_segment,V1,lower_visual,false,recovered_heuristic_equal_segment,true,false
230719,98,0,ses230719-units-probe0-spk-AAAB.npy,true,unmapped_no_metadata,Unknown,true,104,"V1,V2",probeA,true,2,false,heuristic_equal_segment,V2,lower_visual,false,recovered_heuristic_equal_segment,true,false
230719,99,0,ses230719-units-probe0-spk-AAAB.npy,true,unmapped_no_metadata,Unknown,true,24,"V1,V2",probeA,true,2,false,heuristic_equal_segment,V1,lower_visual,false,recovered_heuristic_equal_segment,true,false
230719,100,0,ses230719-units-probe0-spk-AAAB.npy,true,unmapped_no_metadata,Unknown,true,104,"V1,V2",probeA,true,2,false,heuristic_equal_segment,V2,lower_visual,false,recovered_heuristic_equal_segment,true,false
230719,101,0,ses230719-units-probe0-spk-AAAB.npy,true,unmapped_no_metadata,Unknown,true,104,"V1,V2",probeA,true,2,false,heuristic_equal_segment,V2,lower_visual,false,recovered_heuristic_equal_segment,true,false
230719,102,0,ses230719-units-probe0-spk-AAAB.npy,true,unmapped_no_metadata,Unknown,true,104,"V1,V2",probeA,true,2,false,heuristic_equal_segment,V2,lower_visual,false,recovered_heuristic_equal_segment,true,false
230719,103,0,ses230719-units-probe0-spk-AAAB.npy,true,unmapped_no_metadata,Unknown,true,104,"V1,V2",probeA,true,2,false,heuristic_equal_segment,V2,lower_visual,false,recovered_heuristic_equal_segment,true,false
230719,104,0,ses230719-units-probe0-spk-AAAB.npy,true,unmapped_no_metadata,Unknown,true,24,"V1,V2",probeA,true,2,false,heuristic_equal_segment,V1,lower_visual,false,recovered_heuristic_equal_segment,true,false
230719,105,0,ses230719-units-probe0-spk-AAAB.npy,true,unmapped_no_metadata,Unknown,true,96,"V1,V2",probeA,true,2,false,heuristic_equal_segment,V2,lower_visual,false,recovered_heuristic_equal_segment,true,false
230719,106,0,ses230719-units-probe0-spk-AAAB.npy,true,unmapped_no_metadata,Unknown,true,25,"V1,V2",probeA,true,2,false,heuristic_equal_segment,V1,lower_visual,false,recovered_heuristic_equal_segment,true,false
230719,107,0,ses230719-units-probe0-spk-AAAB.npy,true,unmapped_no_metadata,Unknown,true,25,"V1,V2",probeA,true,2,false,heuristic_equal_segment,V1,lower_visual,false,recovered_heuristic_equal_segment,true,false
230719,108,0,ses230719-units-probe0-spk-AAAB.npy,true,unmapped_no_metadata,Unknown,true,102,"V1,V2",probeA,true,2,false,heuristic_equal_segment,V2,lower_visual,false,recovered_heuristic_equal_segment,true,false
230719,109,0,ses230719-units-probe0-spk-AAAB.npy,true,unmapped_no_metadata,Unknown,true,102,"V1,V2",probeA,true,2,false,heuristic_equal_segment,V2,lower_visual,false,recovered_heuristic_equal_segment,true,false
230719,110,0,ses230719-units-probe0-spk-AAAB.npy,true,unmapped_no_metadata,Unknown,true,26,"V1,V2",probeA,true,2,false,heuristic_equal_segment,V1,lower_visual,false,recovered_heuristic_equal_segment,true,false
230719,111,0,ses230719-units-probe0-spk-AAAB.npy,true,unmapped_no_metadata,Unknown,true,26,"V1,V2",probeA,true,2,false,heuristic_equal_segment,V1,lower_visual,false,recovered_heuristic_equal_segment,true,false
230719,112,0,ses230719-units-probe0-spk-AAAB.npy,true,unmapped_no_metadata,Unknown,true,26,"V1,V2",probeA,true,2,false,heuristic_equal_segment,V1,lower_visual,false,recovered_heuristic_equal_segment,true,false
230719,113,0,ses230719-units-probe0-spk-AAAB.npy,true,unmapped_no_metadata,Unknown,true,26,"V1,V2",probeA,true,2,false,heuristic_equal_segment,V1,lower_visual,false,recovered_heuristic_equal_segment,true,false
230719,114,0,ses230719-units-probe0-spk-AAAB.npy,true,unmapped_no_metadata,Unknown,true,26,"V1,V2",probeA,true,2,false,heuristic_equal_segment,V1,lower_visual,false,recovered_heuristic_equal_segment,true,false
230719,115,0,ses230719-units-probe0-spk-AAAB.npy,true,unmapped_no_metadata,Unknown,true,32,"V1,V2",probeA,true,2,false,heuristic_equal_segment,V1,lower_visual,false,recovered_heuristic_equal_segment,true,false
230719,116,0,ses230719-units-probe0-spk-AAAB.npy,true,unmapped_no_metadata,Unknown,true,32,"V1,V2",probeA,true,2,false,heuristic_equal_segment,V1,lower_visual,false,recovered_heuristic_equal_segment,true,false
230719,117,0,ses230719-units-probe0-spk-AAAB.npy,true,unmapped_no_metadata,Unknown,true,27,"V1,V2",probeA,true,2,false,heuristic_equal_segment,V1,lower_visual,false,recovered_heuristic_equal_segment,true,false
230719,118,0,ses230719-units-probe0-spk-AAAB.npy,true,unmapped_no_metadata,Unknown,true,100,"V1,V2",probeA,true,2,false,heuristic_equal_segment,V2,lower_visual,false,recovered_heuristic_equal_segment,true,false
230719,119,0,ses230719-units-probe0-spk-AAAB.npy,true,unmapped_no_metadata,Unknown,true,100,"V1,V2",probeA,true,2,false,heuristic_equal_segment,V2,lower_visual,false,recovered_heuristic_equal_segment,true,false
230719,120,0,ses230719-units-probe0-spk-AAAB.npy,true,unmapped_no_metadata,Unknown,true,100,"V1,V2",probeA,true,2,false,heuristic_equal_segment,V2,lower_visual,false,recovered_heuristic_equal_segment,true,false
230719,121,0,ses230719-units-probe0-spk-AAAB.npy,true,unmapped_no_metadata,Unknown,true,28,"V1,V2",probeA,true,2,false,heuristic_equal_segment,V1,lower_visual,false,recovered_heuristic_equal_segment,true,false
230719,122,0,ses230719-units-probe0-spk-AAAB.npy,true,unmapped_no_metadata,Unknown,true,28,"V1,V2",probeA,true,2,false,heuristic_equal_segment,V1,lower_visual,false,recovered_heuristic_equal_segment,true,false
230719,123,0,ses230719-units-probe0-spk-AAAB.npy,true,unmapped_no_metadata,Unknown,true,29,"V1,V2",probeA,true,2,false,heuristic_equal_segment,V1,lower_visual,false,recovered_heuristic_equal_segment,true,false
230719,124,0,ses230719-units-probe0-spk-AAAB.npy,true,unmapped_no_metadata,Unknown,true,29,"V1,V2",probeA,true,2,false,heuristic_equal_segment,V1,lower_visual,false,recovered_heuristic_equal_segment,true,false
230719,125,0,ses230719-units-probe0-spk-AAAB.npy,true,unmapped_no_metadata,Unknown,true,29,"V1,V2",probeA,true,2,false,heuristic_equal_segment,V1,lower_visual,false,recovered_heuristic_equal_segment,true,false
230719,126,0,ses230719-units-probe0-spk-AAAB.npy,true,unmapped_no_metadata,Unknown,true,29,"V1,V2",probeA,true,2,false,heuristic_equal_segment,V1,lower_visual,false,recovered_heuristic_equal_segment,true,false
230719,127,0,ses230719-units-probe0-spk-AAAB.npy,true,unmapped_no_metadata,Unknown,true,98,"V1,V2",probeA,true,2,false,heuristic_equal_segment,V2,lower_visual,false,recovered_heuristic_equal_segment,true,false
230719,128,0,ses230719-units-probe0-spk-AAAB.npy,true,unmapped_no_metadata,Unknown,true,30,"V1,V2",probeA,true,2,false,heuristic_equal_segment,V1,lower_visual,false,recovered_heuristic_equal_segment,true,false
230719,129,0,ses230719-units-probe0-spk-AAAB.npy,true,unmapped_no_metadata,Unknown,true,97,"V1,V2",probeA,true,2,false,heuristic_equal_segment,V2,lower_visual,false,recovered_heuristic_equal_segment,true,false
230719,130,0,ses230719-units-probe0-spk-AAAB.npy,true,unmapped_no_metadata,Unknown,true,31,"V1,V2",probeA,true,2,false,heuristic_equal_segment,V1,lower_visual,false,recovered_heuristic_equal_segment,true,false
230719,131,0,ses230719-units-probe0-spk-AAAB.npy,true,unmapped_no_metadata,Unknown,true,31,"V1,V2",probeA,true,2,false,heuristic_equal_segment,V1,lower_visual,false,recovered_heuristic_equal_segment,true,false
230719,132,0,ses230719-units-probe0-spk-AAAB.npy,true,unmapped_no_metadata,Unknown,true,31,"V1,V2",probeA,true,2,false,heuristic_equal_segment,V1,lower_visual,false,recovered_heuristic_equal_segment,true,false
230719,133,0,ses230719-units-probe0-spk-AAAB.npy,true,unmapped_no_metadata,Unknown,true,98,"V1,V2",probeA,true,2,false,heuristic_equal_segment,V2,lower_visual,false,recovered_heuristic_equal_segment,true,false
230719,134,0,ses230719-units-probe0-spk-AAAB.npy,true,unmapped_no_metadata,Unknown,true,96,"V1,V2",probeA,true,2,false,heuristic_equal_segment,V2,lower_visual,false,recovered_heuristic_equal_segment,true,false
230719,135,0,ses230719-units-probe0-spk-AAAB.npy,true,unmapped_no_metadata,Unknown,true,96,"V1,V2",probeA,true,2,false,heuristic_equal_segment,V2,lower_visual,false,recovered_heuristic_equal_segment,true,false
230719,136,0,ses230719-units-probe0-spk-AAAB.npy,true,unmapped_no_metadata,Unknown,true,96,"V1,V2",probeA,true,2,false,heuristic_equal_segment,V2,lower_visual,false,recovered_heuristic_equal_segment,true,false
230719,137,0,ses230719-units-probe0-spk-AAAB.npy,true,unmapped_no_metadata,Unknown,true,95,"V1,V2",probeA,true,2,false,heuristic_equal_segment,V2,lower_visual,false,recovered_heuristic_equal_segment,true,false
230719,138,0,ses230719-units-probe0-spk-AAAB.npy,true,unmapped_no_metadata,Unknown,true,33,"V1,V2",probeA,true,2,false,heuristic_equal_segment,V1,lower_visual,false,recovered_heuristic_equal_segment,true,false
230719,139,0,ses230719-units-probe0-spk-AAAB.npy,true,unmapped_no_metadata,Unknown,true,33,"V1,V2",probeA,true,2,false,heuristic_equal_segment,V1,lower_visual,false,recovered_heuristic_equal_segment,true,false
230719,140,0,ses230719-units-probe0-spk-AAAB.npy,true,unmapped_no_metadata,Unknown,true,95,"V1,V2",probeA,true,2,false,heuristic_equal_segment,V2,lower_visual,false,recovered_heuristic_equal_segment,true,false
230719,141,0,ses230719-units-probe0-spk-AAAB.npy,true,unmapped_no_metadata,Unknown,true,94,"V1,V2",probeA,true,2,false,heuristic_equal_segment,V2,lower_visual,false,recovered_heuristic_equal_segment,true,false
230719,142,0,ses230719-units-probe0-spk-AAAB.npy,true,unmapped_no_metadata,Unknown,true,34,"V1,V2",probeA,true,2,false,heuristic_equal_segment,V1,lower_visual,false,recovered_heuristic_equal_segment,true,false
230719,143,0,ses230719-units-probe0-spk-AAAB.npy,true,unmapped_no_metadata,Unknown,true,93,"V1,V2",probeA,true,2,false,heuristic_equal_segment,V2,lower_visual,false,recovered_heuristic_equal_segment,true,false
230719,144,0,ses230719-units-probe0-spk-AAAB.npy,true,unmapped_no_metadata,Unknown,true,93,"V1,V2",probeA,true,2,false,heuristic_equal_segment,V2,lower_visual,false,recovered_heuristic_equal_segment,true,false
230719,145,0,ses230719-units-probe0-spk-AAAB.npy,true,unmapped_no_metadata,Unknown,true,93,"V1,V2",probeA,true,2,false,heuristic_equal_segment,V2,lower_visual,false,recovered_heuristic_equal_segment,true,false
230719,146,0,ses230719-units-probe0-spk-AAAB.npy,true,unmapped_no_metadata,Unknown,true,97,"V1,V2",probeA,true,2,false,heuristic_equal_segment,V2,lower_visual,false,recovered_heuristic_equal_segment,true,false
230719,147,0,ses230719-units-probe0-spk-AAAB.npy,true,unmapped_no_metadata,Unknown,true,92,"V1,V2",probeA,true,2,false,heuristic_equal_segment,V2,lower_visual,false,recovered_heuristic_equal_segment,true,false
230719,148,0,ses230719-units-probe0-spk-AAAB.npy,true,unmapped_no_metadata,Unknown,true,92,"V1,V2",probeA,true,2,false,heuristic_equal_segment,V2,lower_visual,false,recovered_heuristic_equal_segment,true,false
230719,149,0,ses230719-units-probe0-spk-AAAB.npy,true,unmapped_no_metadata,Unknown,true,91,"V1,V2",probeA,true,2,false,heuristic_equal_segment,V2,lower_visual,false,recovered_heuristic_equal_segment,true,false
230719,150,0,ses230719-units-probe0-spk-AAAB.npy,true,unmapped_no_metadata,Unknown,true,91,"V1,V2",probeA,true,2,false,heuristic_equal_segment,V2,lower_visual,false,recovered_heuristic_equal_segment,true,false
230719,151,0,ses230719-units-probe0-spk-AAAB.npy,true,unmapped_no_metadata,Unknown,true,51,"V1,V2",probeA,true,2,false,heuristic_equal_segment,V1,lower_visual,false,recovered_heuristic_equal_segment,true,false
230719,152,0,ses230719-units-probe0-spk-AAAB.npy,true,unmapped_no_metadata,Unknown,true,89,"V1,V2",probeA,true,2,false,heuristic_equal_segment,V2,lower_visual,false,recovered_heuristic_equal_segment,true,false
230719,153,0,ses230719-units-probe0-spk-AAAB.npy,true,unmapped_no_metadata,Unknown,true,89,"V1,V2",probeA,true,2,false,heuristic_equal_segment,V2,lower_visual,false,recovered_heuristic_equal_segment,true,false
230719,154,0,ses230719-units-probe0-spk-AAAB.npy,true,unmapped_no_metadata,Unknown,true,95,"V1,V2",probeA,true,2,false,heuristic_equal_segment,V2,lower_visual,false,recovered_heuristic_equal_segment,true,false
230719,155,0,ses230719-units-probe0-spk-AAAB.npy,true,unmapped_no_metadata,Unknown,true,89,"V1,V2",probeA,true,2,false,heuristic_equal_segment,V2,lower_visual,false,recovered_heuristic_equal_segment,true,false
230719,156,0,ses230719-units-probe0-spk-AAAB.npy,true,unmapped_no_metadata,Unknown,true,88,"V1,V2",probeA,true,2,false,heuristic_equal_segment,V2,lower_visual,false,recovered_heuristic_equal_segment,true,false
230719,157,0,ses230719-units-probe0-spk-AAAB.npy,true,unmapped_no_metadata,Unknown,true,94,"V1,V2",probeA,true,2,false,heuristic_equal_segment,V2,lower_visual,false,recovered_heuristic_equal_segment,true,false
230719,158,0,ses230719-units-probe0-spk-AAAB.npy,true,unmapped_no_metadata,Unknown,true,87,"V1,V2",probeA,true,2,false,heuristic_equal_segment,V2,lower_visual,false,recovered_heuristic_equal_segment,true,false
230719,159,0,ses230719-units-probe0-spk-AAAB.npy,true,unmapped_no_metadata,Unknown,true,86,"V1,V2",probeA,true,2,false,heuristic_equal_segment,V2,lower_visual,false,recovered_heuristic_equal_segment,true,false
230719,160,0,ses230719-units-probe0-spk-AAAB.npy,true,unmapped_no_metadata,Unknown,true,42,"V1,V2",probeA,true,2,false,heuristic_equal_segment,V1,lower_visual,false,recovered_heuristic_equal_segment,true,false
230719,161,0,ses230719-units-probe0-spk-AAAB.npy,true,unmapped_no_metadata,Unknown,true,43,"V1,V2",probeA,true,2,false,heuristic_equal_segment,V1,lower_visual,false,recovered_heuristic_equal_segment,true,false
230719,162,0,ses230719-units-probe0-spk-AAAB.npy,true,unmapped_no_metadata,Unknown,true,84,"V1,V2",probeA,true,2,false,heuristic_equal_segment,V2,lower_visual,false,recovered_heuristic_equal_segment,true,false
230719,163,0,ses230719-units-probe0-spk-AAAB.npy,true,unmapped_no_metadata,Unknown,true,39,"V1,V2",probeA,true,2,false,heuristic_equal_segment,V1,lower_visual,false,recovered_heuristic_equal_segment,true,false
230719,164,0,ses230719-units-probe0-spk-AAAB.npy,true,unmapped_no_metadata,Unknown,true,83,"V1,V2",probeA,true,2,false,heuristic_equal_segment,V2,lower_visual,false,recovered_heuristic_equal_segment,true,false
230719,165,0,ses230719-units-probe0-spk-AAAB.npy,true,unmapped_no_metadata,Unknown,true,83,"V1,V2",probeA,true,2,false,heuristic_equal_segment,V2,lower_visual,false,recovered_heuristic_equal_segment,true,false
230719,166,0,ses230719-units-probe0-spk-AAAB.npy,true,unmapped_no_metadata,Unknown,true,45,"V1,V2",probeA,true,2,false,heuristic_equal_segment,V1,lower_visual,false,recovered_heuristic_equal_segment,true,false
230719,167,0,ses230719-units-probe0-spk-AAAB.npy,true,unmapped_no_metadata,Unknown,true,82,"V1,V2",probeA,true,2,false,heuristic_equal_segment,V2,lower_visual,false,recovered_heuristic_equal_segment,true,false
230719,168,0,ses230719-units-probe0-spk-AAAB.npy,true,unmapped_no_metadata,Unknown,true,82,"V1,V2",probeA,true,2,false,heuristic_equal_segment,V2,lower_visual,false,recovered_heuristic_equal_segment,true,false
230719,169,0,ses230719-units-probe0-spk-AAAB.npy,true,unmapped_no_metadata,Unknown,true,81,"V1,V2",probeA,true,2,false,heuristic_equal_segment,V2,lower_visual,false,recovered_heuristic_equal_segment,true,false
230719,170,0,ses230719-units-probe0-spk-AAAB.npy,true,unmapped_no_metadata,Unknown,true,47,"V1,V2",probeA,true,2,false,heuristic_equal_segment,V1,lower_visual,false,recovered_heuristic_equal_segment,true,false
230719,171,0,ses230719-units-probe0-spk-AAAB.npy,true,unmapped_no_metadata,Unknown,true,80,"V1,V2",probeA,true,2,false,heuristic_equal_segment,V2,lower_visual,false,recovered_heuristic_equal_segment,true,false
230719,172,0,ses230719-units-probe0-spk-AAAB.npy,true,unmapped_no_metadata,Unknown,true,80,"V1,V2",probeA,true,2,false,heuristic_equal_segment,V2,lower_visual,false,recovered_heuristic_equal_segment,true,false
230719,173,0,ses230719-units-probe0-spk-AAAB.npy,true,unmapped_no_metadata,Unknown,true,79,"V1,V2",probeA,true,2,false,heuristic_equal_segment,V2,lower_visual,false,recovered_heuristic_equal_segment,true,false
230719,174,0,ses230719-units-probe0-spk-AAAB.npy,true,unmapped_no_metadata,Unknown,true,49,"V1,V2",probeA,true,2,false,heuristic_equal_segment,V1,lower_visual,false,recovered_heuristic_equal_segment,true,false
230719,175,0,ses230719-units-probe0-spk-AAAB.npy,true,unmapped_no_metadata,Unknown,true,78,"V1,V2",probeA,true,2,false,heuristic_equal_segment,V2,lower_visual,false,recovered_heuristic_equal_segment,true,false
230719,176,0,ses230719-units-probe0-spk-AAAB.npy,true,unmapped_no_metadata,Unknown,true,77,"V1,V2",probeA,true,2,false,heuristic_equal_segment,V2,lower_visual,false,recovered_heuristic_equal_segment,true,false
230719,177,0,ses230719-units-probe0-spk-AAAB.npy,true,unmapped_no_metadata,Unknown,true,77,"V1,V2",probeA,true,2,false,heuristic_equal_segment,V2,lower_visual,false,recovered_heuristic_equal_segment,true,false
230719,178,0,ses230719-units-probe0-spk-AAAB.npy,true,unmapped_no_metadata,Unknown,true,77,"V1,V2",probeA,true,2,false,heuristic_equal_segment,V2,lower_visual,false,recovered_heuristic_equal_segment,true,false
230719,179,0,ses230719-units-probe0-spk-AAAB.npy,true,unmapped_no_metadata,Unknown,true,77,"V1,V2",probeA,true,2,false,heuristic_equal_segment,V2,lower_visual,false,recovered_heuristic_equal_segment,true,false
230719,180,0,ses230719-units-probe0-spk-AAAB.npy,true,unmapped_no_metadata,Unknown,true,77,"V1,V2",probeA,true,2,false,heuristic_equal_segment,V2,lower_visual,false,recovered_heuristic_equal_segment,true,false
230719,181,0,ses230719-units-probe0-spk-AAAB.npy,true,unmapped_no_metadata,Unknown,true,51,"V1,V2",probeA,true,2,false,heuristic_equal_segment,V1,lower_visual,false,recovered_heuristic_equal_segment,true,false
230719,182,0,ses230719-units-probe0-spk-AAAB.npy,true,unmapped_no_metadata,Unknown,true,76,"V1,V2",probeA,true,2,false,heuristic_equal_segment,V2,lower_visual,false,recovered_heuristic_equal_segment,true,false
230719,183,0,ses230719-units-probe0-spk-AAAB.npy,true,unmapped_no_metadata,Unknown,true,75,"V1,V2",probeA,true,2,false,heuristic_equal_segment,V2,lower_visual,false,recovered_heuristic_equal_segment,true,false
230719,184,0,ses230719-units-probe0-spk-AAAB.npy,true,unmapped_no_metadata,Unknown,true,75,"V1,V2",probeA,true,2,false,heuristic_equal_segment,V2,lower_visual,false,recovered_heuristic_equal_segment,true,false
230719,185,0,ses230719-units-probe0-spk-AAAB.npy,true,unmapped_no_metadata,Unknown,true,75,"V1,V2",probeA,true,2,false,heuristic_equal_segment,V2,lower_visual,false,recovered_heuristic_equal_segment,true,false
230719,186,0,ses230719-units-probe0-spk-AAAB.npy,true,unmapped_no_metadata,Unknown,true,75,"V1,V2",probeA,true,2,false,heuristic_equal_segment,V2,lower_visual,false,recovered_heuristic_equal_segment,true,false
230719,187,0,ses230719-units-probe0-spk-AAAB.npy,true,unmapped_no_metadata,Unknown,true,74,"V1,V2",probeA,true,2,false,heuristic_equal_segment,V2,lower_visual,false,recovered_heuristic_equal_segment,true,false
230719,188,0,ses230719-units-probe0-spk-AAAB.npy,true,unmapped_no_metadata,Unknown,true,73,"V1,V2",probeA,true,2,false,heuristic_equal_segment,V2,lower_visual,false,recovered_heuristic_equal_segment,true,false
230719,189,0,ses230719-units-probe0-spk-AAAB.npy,true,unmapped_no_metadata,Unknown,true,73,"V1,V2",probeA,true,2,false,heuristic_equal_segment,V2,lower_visual,false,recovered_heuristic_equal_segment,true,false
230719,190,0,ses230719-units-probe0-spk-AAAB.npy,true,unmapped_no_metadata,Unknown,true,55,"V1,V2",probeA,true,2,false,heuristic_equal_segment,V1,lower_visual,false,recovered_heuristic_equal_segment,true,false
230719,191,0,ses230719-units-probe0-spk-AAAB.npy,true,unmapped_no_metadata,Unknown,true,56,"V1,V2",probeA,true,2,false,heuristic_equal_segment,V1,lower_visual,false,recovered_heuristic_equal_segment,true,false
230719,192,0,ses230719-units-probe0-spk-AAAB.npy,true,unmapped_no_metadata,Unknown,true,56,"V1,V2",probeA,true,2,false,heuristic_equal_segment,V1,lower_visual,false,recovered_heuristic_equal_segment,true,false
230719,193,0,ses230719-units-probe0-spk-AAAB.npy,true,unmapped_no_metadata,Unknown,true,56,"V1,V2",probeA,true,2,false,heuristic_equal_segment,V1,lower_visual,false,recovered_heuristic_equal_segment,true,false
230719,194,0,ses230719-units-probe0-spk-AAAB.npy,true,unmapped_no_metadata,Unknown,true,56,"V1,V2",probeA,true,2,false,heuristic_equal_segment,V1,lower_visual,false,recovered_heuristic_equal_segment,true,false
230719,195,0,ses230719-units-probe0-spk-AAAB.npy,true,unmapped_no_metadata,Unknown,true,56,"V1,V2",probeA,true,2,false,heuristic_equal_segment,V1,lower_visual,false,recovered_heuristic_equal_segment,true,false
230719,196,0,ses230719-units-probe0-spk-AAAB.npy,true,unmapped_no_metadata,Unknown,true,56,"V1,V2",probeA,true,2,false,heuristic_equal_segment,V1,lower_visual,false,recovered_heuristic_equal_segment,true,false
230719,197,0,ses230719-units-probe0-spk-AAAB.npy,true,unmapped_no_metadata,Unknown,true,56,"V1,V2",probeA,true,2,false,heuristic_equal_segment,V1,lower_visual,false,recovered_heuristic_equal_segment,true,false
230719,198,0,ses230719-units-probe0-spk-AAAB.npy,true,unmapped_no_metadata,Unknown,true,56,"V1,V2",probeA,true,2,false,heuristic_equal_segment,V1,lower_visual,false,recovered_heuristic_equal_segment,true,false
230719,199,0,ses230719-units-probe0-spk-AAAB.npy,true,unmapped_no_metadata,Unknown,true,71,"V1,V2",probeA,true,2,false,heuristic_equal_segment,V2,lower_visual,false,recovered_heuristic_equal_segment,true,false
230719,200,0,ses230719-units-probe0-spk-AAAB.npy,true,unmapped_no_metadata,Unknown,true,71,"V1,V2",probeA,true,2,false,heuristic_equal_segment,V2,lower_visual,false,recovered_heuristic_equal_segment,true,false
230719,201,0,ses230719-units-probe0-spk-AAAB.npy,true,unmapped_no_metadata,Unknown,true,71,"V1,V2",probeA,true,2,false,heuristic_equal_segment,V2,lower_visual,false,recovered_heuristic_equal_segment,true,false
230719,202,0,ses230719-units-probe0-spk-AAAB.npy,true,unmapped_no_metadata,Unknown,true,71,"V1,V2",probeA,true,2,false,heuristic_equal_segment,V2,lower_visual,false,recovered_heuristic_equal_segment,true,false
230719,203,0,ses230719-units-probe0-spk-AAAB.npy,true,unmapped_no_metadata,Unknown,true,71,"V1,V2",probeA,true,2,false,heuristic_equal_segment,V2,lower_visual,false,recovered_heuristic_equal_segment,true,false
230719,204,0,ses230719-units-probe0-spk-AAAB.npy,true,unmapped_no_metadata,Unknown,true,71,"V1,V2",probeA,true,2,false,heuristic_equal_segment,V2,lower_visual,false,recovered_heuristic_equal_segment,true,false
230719,205,0,ses230719-units-probe0-spk-AAAB.npy,true,unmapped_no_metadata,Unknown,true,71,"V1,V2",probeA,true,2,false,heuristic_equal_segment,V2,lower_visual,false,recovered_heuristic_equal_segment,true,false
230719,206,0,ses230719-units-probe0-spk-AAAB.npy,true,unmapped_no_metadata,Unknown,true,57,"V1,V2",probeA,true,2,false,heuristic_equal_segment,V1,lower_visual,false,recovered_heuristic_equal_segment,true,false
230719,207,0,ses230719-units-probe0-spk-AAAB.npy,true,unmapped_no_metadata,Unknown,true,63,"V1,V2",probeA,true,2,false,heuristic_equal_segment,V1,lower_visual,false,recovered_heuristic_equal_segment,true,false
230719,208,0,ses230719-units-probe0-spk-AAAB.npy,true,unmapped_no_metadata,Unknown,true,58,"V1,V2",probeA,true,2,false,heuristic_equal_segment,V1,lower_visual,false,recovered_heuristic_equal_segment,true,false
230719,209,0,ses230719-units-probe0-spk-AAAB.npy,true,unmapped_no_metadata,Unknown,true,58,"V1,V2",probeA,true,2,false,heuristic_equal_segment,V1,lower_visual,false,recovered_heuristic_equal_segment,true,false
230719,210,0,ses230719-units-probe0-spk-AAAB.npy,true,unmapped_no_metadata,Unknown,true,58,"V1,V2",probeA,true,2,false,heuristic_equal_segment,V1,lower_visual,false,recovered_heuristic_equal_segment,true,false
230719,211,0,ses230719-units-probe0-spk-AAAB.npy,true,unmapped_no_metadata,Unknown,true,58,"V1,V2",probeA,true,2,false,heuristic_equal_segment,V1,lower_visual,false,recovered_heuristic_equal_segment,true,false
230719,212,0,ses230719-units-probe0-spk-AAAB.npy,true,unmapped_no_metadata,Unknown,true,56,"V1,V2",probeA,true,2,false,heuristic_equal_segment,V1,lower_visual,false,recovered_heuristic_equal_segment,true,false
230719,213,0,ses230719-units-probe0-spk-AAAB.npy,true,unmapped_no_metadata,Unknown,true,58,"V1,V2",probeA,true,2,false,heuristic_equal_segment,V1,lower_visual,false,recovered_heuristic_equal_segment,true,false
230719,214,0,ses230719-units-probe0-spk-AAAB.npy,true,unmapped_no_metadata,Unknown,true,58,"V1,V2",probeA,true,2,false,heuristic_equal_segment,V1,lower_visual,false,recovered_heuristic_equal_segment,true,false
230719,215,0,ses230719-units-probe0-spk-AAAB.npy,true,unmapped_no_metadata,Unknown,true,58,"V1,V2",probeA,true,2,false,heuristic_equal_segment,V1,lower_visual,false,recovered_heuristic_equal_segment,true,false
230719,216,0,ses230719-units-probe0-spk-AAAB.npy,true,unmapped_no_metadata,Unknown,true,62,"V1,V2",probeA,true,2,false,heuristic_equal_segment,V1,lower_visual,false,recovered_heuristic_equal_segment,true,false
230719,217,0,ses230719-units-probe0-spk-AAAB.npy,true,unmapped_no_metadata,Unknown,true,58,"V1,V2",probeA,true,2,false,heuristic_equal_segment,V1,lower_visual,false,recovered_heuristic_equal_segment,true,false
230719,218,0,ses230719-units-probe0-spk-AAAB.npy,true,unmapped_no_metadata,Unknown,true,59,"V1,V2",probeA,true,2,false,heuristic_equal_segment,V1,lower_visual,false,recovered_heuristic_equal_segment,true,false
230719,219,0,ses230719-units-probe0-spk-AAAB.npy,true,unmapped_no_metadata,Unknown,true,59,"V1,V2",probeA,true,2,false,heuristic_equal_segment,V1,lower_visual,false,recovered_heuristic_equal_segment,true,false
230719,220,0,ses230719-units-probe0-spk-AAAB.npy,true,unmapped_no_metadata,Unknown,true,59,"V1,V2",probeA,true,2,false,heuristic_equal_segment,V1,lower_visual,false,recovered_heuristic_equal_segment,true,false
230719,221,0,ses230719-units-probe0-spk-AAAB.npy,true,unmapped_no_metadata,Unknown,true,60,"V1,V2",probeA,true,2,false,heuristic_equal_segment,V1,lower_visual,false,recovered_heuristic_equal_segment,true,false
230719,222,0,ses230719-units-probe0-spk-AAAB.npy,true,unmapped_no_metadata,Unknown,true,60,"V1,V2",probeA,true,2,false,heuristic_equal_segment,V1,lower_visual,false,recovered_heuristic_equal_segment,true,false
230719,223,0,ses230719-units-probe0-spk-AAAB.npy,true,unmapped_no_metadata,Unknown,true,59,"V1,V2",probeA,true,2,false,heuristic_equal_segment,V1,lower_visual,false,recovered_heuristic_equal_segment,true,false
230719,224,0,ses230719-units-probe0-spk-AAAB.npy,true,unmapped_no_metadata,Unknown,true,59,"V1,V2",probeA,true,2,false,heuristic_equal_segment,V1,lower_visual,false,recovered_heuristic_equal_segment,true,false
230719,225,0,ses230719-units-probe0-spk-AAAB.npy,true,unmapped_no_metadata,Unknown,true,59,"V1,V2",probeA,true,2,false,heuristic_equal_segment,V1,lower_visual,false,recovered_heuristic_equal_segment,true,false
230719,226,0,ses230719-units-probe0-spk-AAAB.npy,true,unmapped_no_metadata,Unknown,true,59,"V1,V2",probeA,true,2,false,heuristic_equal_segment,V1,lower_visual,false,recovered_heuristic_equal_segment,true,false
230719,227,0,ses230719-units-probe0-spk-AAAB.npy,true,unmapped_no_metadata,Unknown,true,60,"V1,V2",probeA,true,2,false,heuristic_equal_segment,V1,lower_visual,false,recovered_heuristic_equal_segment,true,false
230719,228,0,ses230719-units-probe0-spk-AAAB.npy,true,unmapped_no_metadata,Unknown,true,59,"V1,V2",probeA,true,2,false,heuristic_equal_segment,V1,lower_visual,false,recovered_heuristic_equal_segment,true,false
230719,229,0,ses230719-units-probe0-spk-AAAB.npy,true,unmapped_no_metadata,Unknown,true,63,"V1,V2",probeA,true,2,false,heuristic_equal_segment,V1,lower_visual,false,recovered_heuristic_equal_segment,true,false
230719,230,0,ses230719-units-probe0-spk-AAAB.npy,true,unmapped_no_metadata,Unknown,true,57,"V1,V2",probeA,true,2,false,heuristic_equal_segment,V1,lower_visual,false,recovered_heuristic_equal_segment,true,false
230719,231,0,ses230719-units-probe0-spk-AAAB.npy,true,unmapped_no_metadata,Unknown,true,68,"V1,V2",probeA,true,2,false,heuristic_equal_segment,V2,lower_visual,false,recovered_heuristic_equal_segment,true,false
230719,232,0,ses230719-units-probe0-spk-AAAB.npy,true,unmapped_no_metadata,Unknown,true,60,"V1,V2",probeA,true,2,false,heuristic_equal_segment,V1,lower_visual,false,recovered_heuristic_equal_segment,true,false
230719,233,0,ses230719-units-probe0-spk-AAAB.npy,true,unmapped_no_metadata,Unknown,true,60,"V1,V2",probeA,true,2,false,heuristic_equal_segment,V1,lower_visual,false,recovered_heuristic_equal_segment,true,false
230719,234,0,ses230719-units-probe0-spk-AAAB.npy,true,unmapped_no_metadata,Unknown,true,60,"V1,V2",probeA,true,2,false,heuristic_equal_segment,V1,lower_visual,false,recovered_heuristic_equal_segment,true,false
230719,235,0,ses230719-units-probe0-spk-AAAB.npy,true,unmapped_no_metadata,Unknown,true,60,"V1,V2",probeA,true,2,false,heuristic_equal_segment,V1,lower_visual,false,recovered_heuristic_equal_segment,true,false
230719,236,0,ses230719-units-probe0-spk-AAAB.npy,true,unmapped_no_metadata,Unknown,true,63,"V1,V2",probeA,true,2,false,heuristic_equal_segment,V1,lower_visual,false,recovered_heuristic_equal_segment,true,false
230719,237,0,ses230719-units-probe0-spk-AAAB.npy,true,unmapped_no_metadata,Unknown,true,60,"V1,V2",probeA,true,2,false,heuristic_equal_segment,V1,lower_visual,false,recovered_heuristic_equal_segment,true,false
230719,238,0,ses230719-units-probe0-spk-AAAB.npy,true,unmapped_no_metadata,Unknown,true,57,"V1,V2",probeA,true,2,false,heuristic_equal_segment,V1,lower_visual,false,recovered_heuristic_equal_segment,true,false
230719,239,0,ses230719-units-probe0-spk-AAAB.npy,true,unmapped_no_metadata,Unknown,true,58,"V1,V2",probeA,true,2,false,heuristic_equal_segment,V1,lower_visual,false,recovered_heuristic_equal_segment,true,false
230719,240,0,ses230719-units-probe0-spk-AAAB.npy,true,unmapped_no_metadata,Unknown,true,60,"V1,V2",probeA,true,2,false,heuristic_equal_segment,V1,lower_visual,false,recovered_heuristic_equal_segment,true,false
230719,241,0,ses230719-units-probe0-spk-AAAB.npy,true,unmapped_no_metadata,Unknown,true,60,"V1,V2",probeA,true,2,false,heuristic_equal_segment,V1,lower_visual,false,recovered_heuristic_equal_segment,true,false
230719,242,0,ses230719-units-probe0-spk-AAAB.npy,true,unmapped_no_metadata,Unknown,true,60,"V1,V2",probeA,true,2,false,heuristic_equal_segment,V1,lower_visual,false,recovered_heuristic_equal_segment,true,false
230719,243,0,ses230719-units-probe0-spk-AAAB.npy,true,unmapped_no_metadata,Unknown,true,1,"V1,V2",probeA,true,2,false,heuristic_equal_segment,V1,lower_visual,false,recovered_heuristic_equal_segment,true,false
230719,244,0,ses230719-units-probe0-spk-AAAB.npy,true,unmapped_no_metadata,Unknown,true,62,"V1,V2",probeA,true,2,false,heuristic_equal_segment,V1,lower_visual,false,recovered_heuristic_equal_segment,true,false
230719,245,0,ses230719-units-probe0-spk-AAAB.npy,true,unmapped_no_metadata,Unknown,true,62,"V1,V2",probeA,true,2,false,heuristic_equal_segment,V1,lower_visual,false,recovered_heuristic_equal_segment,true,false
230719,246,0,ses230719-units-probe0-spk-AAAB.npy,true,unmapped_no_metadata,Unknown,true,60,"V1,V2",probeA,true,2,false,heuristic_equal_segment,V1,lower_visual,false,recovered_heuristic_equal_segment,true,false
230719,247,0,ses230719-units-probe0-spk-AAAB.npy,true,unmapped_no_metadata,Unknown,true,59,"V1,V2",probeA,true,2,false,heuristic_equal_segment,V1,lower_visual,false,recovered_heuristic_equal_segment,true,false
230719,248,0,ses230719-units-probe0-spk-AAAB.npy,true,unmapped_no_metadata,Unknown,true,62,"V1,V2",probeA,true,2,false,heuristic_equal_segment,V1,lower_visual,false,recovered_heuristic_equal_segment,true,false
230719,249,0,ses230719-units-probe0-spk-AAAB.npy,true,unmapped_no_metadata,Unknown,true,62,"V1,V2",probeA,true,2,false,heuristic_equal_segment,V1,lower_visual,false,recovered_heuristic_equal_segment,true,false
230719,250,0,ses230719-units-probe0-spk-AAAB.npy,true,unmapped_no_metadata,Unknown,true,56,"V1,V2",probeA,true,2,false,heuristic_equal_segment,V1,lower_visual,false,recovered_heuristic_equal_segment,true,false
230719,251,0,ses230719-units-probe0-spk-AAAB.npy,true,unmapped_no_metadata,Unknown,true,62,"V1,V2",probeA,true,2,false,heuristic_equal_segment,V1,lower_visual,false,recovered_heuristic_equal_segment,true,false
230719,252,0,ses230719-units-probe0-spk-AAAB.npy,true,unmapped_no_metadata,Unknown,true,62,"V1,V2",probeA,true,2,false,heuristic_equal_segment,V1,lower_visual,false,recovered_heuristic_equal_segment,true,false
230719,253,0,ses230719-units-probe0-spk-AAAB.npy,true,unmapped_no_metadata,Unknown,true,62,"V1,V2",probeA,true,2,false,heuristic_equal_segment,V1,lower_visual,false,recovered_heuristic_equal_segment,true,false
230719,254,0,ses230719-units-probe0-spk-AAAB.npy,true,unmapped_no_metadata,Unknown,true,62,"V1,V2",probeA,true,2,false,heuristic_equal_segment,V1,lower_visual,false,recovered_heuristic_equal_segment,true,false
230719,255,0,ses230719-units-probe0-spk-AAAB.npy,true,unmapped_no_metadata,Unknown,true,62,"V1,V2",probeA,true,2,false,heuristic_equal_segment,V1,lower_visual,false,recovered_heuristic_equal_segment,true,false
230719,256,0,ses230719-units-probe0-spk-AAAB.npy,true,unmapped_no_metadata,Unknown,true,59,"V1,V2",probeA,true,2,false,heuristic_equal_segment,V1,lower_visual,false,recovered_heuristic_equal_segment,true,false
230719,257,0,ses230719-units-probe0-spk-AAAB.npy,true,unmapped_no_metadata,Unknown,true,63,"V1,V2",probeA,true,2,false,heuristic_equal_segment,V1,lower_visual,false,recovered_heuristic_equal_segment,true,false
230719,258,0,ses230719-units-probe0-spk-AAAB.npy,true,unmapped_no_metadata,Unknown,true,63,"V1,V2",probeA,true,2,false,heuristic_equal_segment,V1,lower_visual,false,recovered_heuristic_equal_segment,true,false
230719,259,0,ses230719-units-probe0-spk-AAAB.npy,true,unmapped_no_metadata,Unknown,true,63,"V1,V2",probeA,true,2,false,heuristic_equal_segment,V1,lower_visual,false,recovered_heuristic_equal_segment,true,false
230719,260,0,ses230719-units-probe0-spk-AAAB.npy,true,unmapped_no_metadata,Unknown,true,63,"V1,V2",probeA,true,2,false,heuristic_equal_segment,V1,lower_visual,false,recovered_heuristic_equal_segment,true,false
230719,261,0,ses230719-units-probe0-spk-AAAB.npy,true,unmapped_no_metadata,Unknown,true,63,"V1,V2",probeA,true,2,false,heuristic_equal_segment,V1,lower_visual,false,recovered_heuristic_equal_segment,true,false
230719,262,0,ses230719-units-probe0-spk-AAAB.npy,true,unmapped_no_metadata,Unknown,true,63,"V1,V2",probeA,true,2,false,heuristic_equal_segment,V1,lower_visual,false,recovered_heuristic_equal_segment,true,false
230719,263,0,ses230719-units-probe0-spk-AAAB.npy,true,unmapped_no_metadata,Unknown,true,63,"V1,V2",probeA,true,2,false,heuristic_equal_segment,V1,lower_visual,false,recovered_heuristic_equal_segment,true,false
230719,264,0,ses230719-units-probe0-spk-AAAB.npy,true,unmapped_no_metadata,Unknown,true,63,"V1,V2",probeA,true,2,false,heuristic_equal_segment,V1,lower_visual,false,recovered_heuristic_equal_segment,true,false
230719,265,0,ses230719-units-probe0-spk-AAAB.npy,true,unmapped_no_metadata,Unknown,true,63,"V1,V2",probeA,true,2,false,heuristic_equal_segment,V1,lower_visual,false,recovered_heuristic_equal_segment,true,false
230719,266,0,ses230719-units-probe0-spk-AAAB.npy,true,unmapped_no_metadata,Unknown,true,63,"V1,V2",probeA,true,2,false,heuristic_equal_segment,V1,lower_visual,false,recovered_heuristic_equal_segment,true,false
230719,267,0,ses230719-units-probe0-spk-AAAB.npy,true,unmapped_no_metadata,Unknown,true,64,"V1,V2",probeA,true,2,false,heuristic_equal_segment,V2,lower_visual,false,recovered_heuristic_equal_segment,true,false
230719,268,0,ses230719-units-probe0-spk-AAAB.npy,true,unmapped_no_metadata,Unknown,true,118,"V1,V2",probeA,true,2,false,heuristic_equal_segment,V2,lower_visual,false,recovered_heuristic_equal_segment,true,false
230719,269,0,ses230719-units-probe0-spk-AAAB.npy,true,unmapped_no_metadata,Unknown,true,3,"V1,V2",probeA,true,2,false,heuristic_equal_segment,V1,lower_visual,false,recovered_heuristic_equal_segment,true,false
230719,270,0,ses230719-units-probe0-spk-AAAB.npy,true,unmapped_no_metadata,Unknown,true,119,"V1,V2",probeA,true,2,false,heuristic_equal_segment,V2,lower_visual,false,recovered_heuristic_equal_segment,true,false
230719,271,0,ses230719-units-probe0-spk-AAAB.npy,true,unmapped_no_metadata,Unknown,true,19,"V1,V2",probeA,true,2,false,heuristic_equal_segment,V1,lower_visual,false,recovered_heuristic_equal_segment,true,false
230719,272,0,ses230719-units-probe0-spk-AAAB.npy,true,unmapped_no_metadata,Unknown,true,93,"V1,V2",probeA,true,2,false,heuristic_equal_segment,V2,lower_visual,false,recovered_heuristic_equal_segment,true,false
230719,273,0,ses230719-units-probe0-spk-AAAB.npy,true,unmapped_no_metadata,Unknown,true,93,"V1,V2",probeA,true,2,false,heuristic_equal_segment,V2,lower_visual,false,recovered_heuristic_equal_segment,true,false
230719,274,0,ses230719-units-probe0-spk-AAAB.npy,true,unmapped_no_metadata,Unknown,true,92,"V1,V2",probeA,true,2,false,heuristic_equal_segment,V2,lower_visual,false,recovered_heuristic_equal_segment,true,false
230719,275,0,ses230719-units-probe0-spk-AAAB.npy,true,unmapped_no_metadata,Unknown,true,89,"V1,V2",probeA,true,2,false,heuristic_equal_segment,V2,lower_visual,false,recovered_heuristic_equal_segment,true,false
230719,276,0,ses230719-units-probe0-spk-AAAB.npy,true,unmapped_no_metadata,Unknown,true,87,"V1,V2",probeA,true,2,false,heuristic_equal_segment,V2,lower_visual,false,recovered_heuristic_equal_segment,true,false
230719,277,0,ses230719-units-probe0-spk-AAAB.npy,true,unmapped_no_metadata,Unknown,true,85,"V1,V2",probeA,true,2,false,heuristic_equal_segment,V2,lower_visual,false,recovered_heuristic_equal_segment,true,false
230719,278,0,ses230719-units-probe0-spk-AAAB.npy,true,unmapped_no_metadata,Unknown,true,57,"V1,V2",probeA,true,2,false,heuristic_equal_segment,V1,lower_visual,false,recovered_heuristic_equal_segment,true,false
230719,279,0,ses230719-units-probe0-spk-AAAB.npy,true,unmapped_no_metadata,Unknown,true,72,"V1,V2",probeA,true,2,false,heuristic_equal_segment,V2,lower_visual,false,recovered_heuristic_equal_segment,true,false
230719,280,0,ses230719-units-probe0-spk-AAAB.npy,true,unmapped_no_metadata,Unknown,true,8,"V1,V2",probeA,true,2,false,heuristic_equal_segment,V1,lower_visual,false,recovered_heuristic_equal_segment,true,false
230719,281,0,ses230719-units-probe0-spk-AAAB.npy,true,unmapped_no_metadata,Unknown,true,8,"V1,V2",probeA,true,2,false,heuristic_equal_segment,V1,lower_visual,false,recovered_heuristic_equal_segment,true,false
230719,282,0,ses230719-units-probe0-spk-AAAB.npy,true,unmapped_no_metadata,Unknown,true,90,"V1,V2",probeA,true,2,false,heuristic_equal_segment,V2,lower_visual,false,recovered_heuristic_equal_segment,true,false
230719,283,0,ses230719-units-probe0-spk-AAAB.npy,true,unmapped_no_metadata,Unknown,true,89,"V1,V2",probeA,true,2,false,heuristic_equal_segment,V2,lower_visual,false,recovered_heuristic_equal_segment,true,false
230719,284,0,ses230719-units-probe0-spk-AAAB.npy,true,unmapped_no_metadata,Unknown,true,43,"V1,V2",probeA,true,2,false,heuristic_equal_segment,V1,lower_visual,false,recovered_heuristic_equal_segment,true,false
230719,285,0,ses230719-units-probe0-spk-AAAB.npy,true,unmapped_no_metadata,Unknown,true,72,"V1,V2",probeA,true,2,false,heuristic_equal_segment,V2,lower_visual,false,recovered_heuristic_equal_segment,true,false
230719,286,0,ses230719-units-probe0-spk-AAAB.npy,true,unmapped_no_metadata,Unknown,true,63,"V1,V2",probeA,true,2,false,heuristic_equal_segment,V1,lower_visual,false,recovered_heuristic_equal_segment,true,false
230719,287,0,ses230719-units-probe0-spk-AAAB.npy,true,unmapped_no_metadata,Unknown,true,72,"V1,V2",probeA,true,2,false,heuristic_equal_segment,V2,lower_visual,false,recovered_heuristic_equal_segment,true,false
230720,0,0,ses230720-units-probe0-spk-AAAB.npy,true,unmapped_no_metadata,Unknown,true,0,"V1,V2",probeA,true,2,false,heuristic_equal_segment,V1,lower_visual,false,recovered_heuristic_equal_segment,true,false
230720,1,0,ses230720-units-probe0-spk-AAAB.npy,true,unmapped_no_metadata,Unknown,true,1,"V1,V2",probeA,true,2,false,heuristic_equal_segment,V1,lower_visual,false,recovered_heuristic_equal_segment,true,false
230720,2,0,ses230720-units-probe0-spk-AAAB.npy,true,unmapped_no_metadata,Unknown,true,1,"V1,V2",probeA,true,2,false,heuristic_equal_segment,V1,lower_visual,false,recovered_heuristic_equal_segment,true,false
230720,3,0,ses230720-units-probe0-spk-AAAB.npy,true,unmapped_no_metadata,Unknown,true,126,"V1,V2",probeA,true,2,false,heuristic_equal_segment,V2,lower_visual,false,recovered_heuristic_equal_segment,true,false
230720,4,0,ses230720-units-probe0-spk-AAAB.npy,true,unmapped_no_metadata,Unknown,true,126,"V1,V2",probeA,true,2,false,heuristic_equal_segment,V2,lower_visual,false,recovered_heuristic_equal_segment,true,false
230720,5,0,ses230720-units-probe0-spk-AAAB.npy,true,unmapped_no_metadata,Unknown,true,126,"V1,V2",probeA,true,2,false,heuristic_equal_segment,V2,lower_visual,false,recovered_heuristic_equal_segment,true,false
230720,6,0,ses230720-units-probe0-spk-AAAB.npy,true,unmapped_no_metadata,Unknown,true,125,"V1,V2",probeA,true,2,false,heuristic_equal_segment,V2,lower_visual,false,recovered_heuristic_equal_segment,true,false
230720,7,0,ses230720-units-probe0-spk-AAAB.npy,true,unmapped_no_metadata,Unknown,true,0,"V1,V2",probeA,true,2,false,heuristic_equal_segment,V1,lower_visual,false,recovered_heuristic_equal_segment,true,false
230720,8,0,ses230720-units-probe0-spk-AAAB.npy,true,unmapped_no_metadata,Unknown,true,122,"V1,V2",probeA,true,2,false,heuristic_equal_segment,V2,lower_visual,false,recovered_heuristic_equal_segment,true,false
230720,9,0,ses230720-units-probe0-spk-AAAB.npy,true,unmapped_no_metadata,Unknown,true,124,"V1,V2",probeA,true,2,false,heuristic_equal_segment,V2,lower_visual,false,recovered_heuristic_equal_segment,true,false
230720,10,0,ses230720-units-probe0-spk-AAAB.npy,true,unmapped_no_metadata,Unknown,true,21,"V1,V2",probeA,true,2,false,heuristic_equal_segment,V1,lower_visual,false,recovered_heuristic_equal_segment,true,false
230720,11,0,ses230720-units-probe0-spk-AAAB.npy,true,unmapped_no_metadata,Unknown,true,16,"V1,V2",probeA,true,2,false,heuristic_equal_segment,V1,lower_visual,false,recovered_heuristic_equal_segment,true,false
230720,12,0,ses230720-units-probe0-spk-AAAB.npy,true,unmapped_no_metadata,Unknown,true,111,"V1,V2",probeA,true,2,false,heuristic_equal_segment,V2,lower_visual,false,recovered_heuristic_equal_segment,true,false
230720,13,0,ses230720-units-probe0-spk-AAAB.npy,true,unmapped_no_metadata,Unknown,true,111,"V1,V2",probeA,true,2,false,heuristic_equal_segment,V2,lower_visual,false,recovered_heuristic_equal_segment,true,false
230720,14,0,ses230720-units-probe0-spk-AAAB.npy,true,unmapped_no_metadata,Unknown,true,19,"V1,V2",probeA,true,2,false,heuristic_equal_segment,V1,lower_visual,false,recovered_heuristic_equal_segment,true,false
230720,15,0,ses230720-units-probe0-spk-AAAB.npy,true,unmapped_no_metadata,Unknown,true,19,"V1,V2",probeA,true,2,false,heuristic_equal_segment,V1,lower_visual,false,recovered_heuristic_equal_segment,true,false
230720,16,0,ses230720-units-probe0-spk-AAAB.npy,true,unmapped_no_metadata,Unknown,true,109,"V1,V2",probeA,true,2,false,heuristic_equal_segment,V2,lower_visual,false,recovered_heuristic_equal_segment,true,false
230720,17,0,ses230720-units-probe0-spk-AAAB.npy,true,unmapped_no_metadata,Unknown,true,20,"V1,V2",probeA,true,2,false,heuristic_equal_segment,V1,lower_visual,false,recovered_heuristic_equal_segment,true,false
230720,18,0,ses230720-units-probe0-spk-AAAB.npy,true,unmapped_no_metadata,Unknown,true,19,"V1,V2",probeA,true,2,false,heuristic_equal_segment,V1,lower_visual,false,recovered_heuristic_equal_segment,true,false
230720,19,0,ses230720-units-probe0-spk-AAAB.npy,true,unmapped_no_metadata,Unknown,true,20,"V1,V2",probeA,true,2,false,heuristic_equal_segment,V1,lower_visual,false,recovered_heuristic_equal_segment,true,false
230720,20,0,ses230720-units-probe0-spk-AAAB.npy,true,unmapped_no_metadata,Unknown,true,20,"V1,V2",probeA,true,2,false,heuristic_equal_segment,V1,lower_visual,false,recovered_heuristic_equal_segment,true,false
230720,21,0,ses230720-units-probe0-spk-AAAB.npy,true,unmapped_no_metadata,Unknown,true,20,"V1,V2",probeA,true,2,false,heuristic_equal_segment,V1,lower_visual,false,recovered_heuristic_equal_segment,true,false
230720,22,0,ses230720-units-probe0-spk-AAAB.npy,true,unmapped_no_metadata,Unknown,true,21,"V1,V2",probeA,true,2,false,heuristic_equal_segment,V1,lower_visual,false,recovered_heuristic_equal_segment,true,false
230720,23,0,ses230720-units-probe0-spk-AAAB.npy,true,unmapped_no_metadata,Unknown,true,106,"V1,V2",probeA,true,2,false,heuristic_equal_segment,V2,lower_visual,false,recovered_heuristic_equal_segment,true,false
230720,24,0,ses230720-units-probe0-spk-AAAB.npy,true,unmapped_no_metadata,Unknown,true,22,"V1,V2",probeA,true,2,false,heuristic_equal_segment,V1,lower_visual,false,recovered_heuristic_equal_segment,true,false
230720,25,0,ses230720-units-probe0-spk-AAAB.npy,true,unmapped_no_metadata,Unknown,true,105,"V1,V2",probeA,true,2,false,heuristic_equal_segment,V2,lower_visual,false,recovered_heuristic_equal_segment,true,false
230720,26,0,ses230720-units-probe0-spk-AAAB.npy,true,unmapped_no_metadata,Unknown,true,106,"V1,V2",probeA,true,2,false,heuristic_equal_segment,V2,lower_visual,false,recovered_heuristic_equal_segment,true,false
230720,27,0,ses230720-units-probe0-spk-AAAB.npy,true,unmapped_no_metadata,Unknown,true,22,"V1,V2",probeA,true,2,false,heuristic_equal_segment,V1,lower_visual,false,recovered_heuristic_equal_segment,true,false
230720,28,0,ses230720-units-probe0-spk-AAAB.npy,true,unmapped_no_metadata,Unknown,true,23,"V1,V2",probeA,true,2,false,heuristic_equal_segment,V1,lower_visual,false,recovered_heuristic_equal_segment,true,false
230720,29,0,ses230720-units-probe0-spk-AAAB.npy,true,unmapped_no_metadata,Unknown,true,104,"V1,V2",probeA,true,2,false,heuristic_equal_segment,V2,lower_visual,false,recovered_heuristic_equal_segment,true,false
230720,30,0,ses230720-units-probe0-spk-AAAB.npy,true,unmapped_no_metadata,Unknown,true,23,"V1,V2",probeA,true,2,false,heuristic_equal_segment,V1,lower_visual,false,recovered_heuristic_equal_segment,true,false
230720,31,0,ses230720-units-probe0-spk-AAAB.npy,true,unmapped_no_metadata,Unknown,true,24,"V1,V2",probeA,true,2,false,heuristic_equal_segment,V1,lower_visual,false,recovered_heuristic_equal_segment,true,false
230720,32,0,ses230720-units-probe0-spk-AAAB.npy,true,unmapped_no_metadata,Unknown,true,24,"V1,V2",probeA,true,2,false,heuristic_equal_segment,V1,lower_visual,false,recovered_heuristic_equal_segment,true,false
230720,33,0,ses230720-units-probe0-spk-AAAB.npy,true,unmapped_no_metadata,Unknown,true,103,"V1,V2",probeA,true,2,false,heuristic_equal_segment,V2,lower_visual,false,recovered_heuristic_equal_segment,true,false
230720,34,0,ses230720-units-probe0-spk-AAAB.npy,true,unmapped_no_metadata,Unknown,true,102,"V1,V2",probeA,true,2,false,heuristic_equal_segment,V2,lower_visual,false,recovered_heuristic_equal_segment,true,false
230720,35,0,ses230720-units-probe0-spk-AAAB.npy,true,unmapped_no_metadata,Unknown,true,107,"V1,V2",probeA,true,2,false,heuristic_equal_segment,V2,lower_visual,false,recovered_heuristic_equal_segment,true,false
230720,36,0,ses230720-units-probe0-spk-AAAB.npy,true,unmapped_no_metadata,Unknown,true,102,"V1,V2",probeA,true,2,false,heuristic_equal_segment,V2,lower_visual,false,recovered_heuristic_equal_segment,true,false
230720,37,0,ses230720-units-probe0-spk-AAAB.npy,true,unmapped_no_metadata,Unknown,true,106,"V1,V2",probeA,true,2,false,heuristic_equal_segment,V2,lower_visual,false,recovered_heuristic_equal_segment,true,false
230720,38,0,ses230720-units-probe0-spk-AAAB.npy,true,unmapped_no_metadata,Unknown,true,30,"V1,V2",probeA,true,2,false,heuristic_equal_segment,V1,lower_visual,false,recovered_heuristic_equal_segment,true,false
230720,39,0,ses230720-units-probe0-spk-AAAB.npy,true,unmapped_no_metadata,Unknown,true,30,"V1,V2",probeA,true,2,false,heuristic_equal_segment,V1,lower_visual,false,recovered_heuristic_equal_segment,true,false
230720,40,0,ses230720-units-probe0-spk-AAAB.npy,true,unmapped_no_metadata,Unknown,true,30,"V1,V2",probeA,true,2,false,heuristic_equal_segment,V1,lower_visual,false,recovered_heuristic_equal_segment,true,false
230720,41,0,ses230720-units-probe0-spk-AAAB.npy,true,unmapped_no_metadata,Unknown,true,96,"V1,V2",probeA,true,2,false,heuristic_equal_segment,V2,lower_visual,false,recovered_heuristic_equal_segment,true,false
230720,42,0,ses230720-units-probe0-spk-AAAB.npy,true,unmapped_no_metadata,Unknown,true,95,"V1,V2",probeA,true,2,false,heuristic_equal_segment,V2,lower_visual,false,recovered_heuristic_equal_segment,true,false
230720,43,0,ses230720-units-probe0-spk-AAAB.npy,true,unmapped_no_metadata,Unknown,true,32,"V1,V2",probeA,true,2,false,heuristic_equal_segment,V1,lower_visual,false,recovered_heuristic_equal_segment,true,false
230720,44,0,ses230720-units-probe0-spk-AAAB.npy,true,unmapped_no_metadata,Unknown,true,95,"V1,V2",probeA,true,2,false,heuristic_equal_segment,V2,lower_visual,false,recovered_heuristic_equal_segment,true,false
230720,45,0,ses230720-units-probe0-spk-AAAB.npy,true,unmapped_no_metadata,Unknown,true,95,"V1,V2",probeA,true,2,false,heuristic_equal_segment,V2,lower_visual,false,recovered_heuristic_equal_segment,true,false
230720,46,0,ses230720-units-probe0-spk-AAAB.npy,true,unmapped_no_metadata,Unknown,true,95,"V1,V2",probeA,true,2,false,heuristic_equal_segment,V2,lower_visual,false,recovered_heuristic_equal_segment,true,false
230720,47,0,ses230720-units-probe0-spk-AAAB.npy,true,unmapped_no_metadata,Unknown,true,33,"V1,V2",probeA,true,2,false,heuristic_equal_segment,V1,lower_visual,false,recovered_heuristic_equal_segment,true,false
230720,48,0,ses230720-units-probe0-spk-AAAB.npy,true,unmapped_no_metadata,Unknown,true,33,"V1,V2",probeA,true,2,false,heuristic_equal_segment,V1,lower_visual,false,recovered_heuristic_equal_segment,true,false
230720,49,0,ses230720-units-probe0-spk-AAAB.npy,true,unmapped_no_metadata,Unknown,true,33,"V1,V2",probeA,true,2,false,heuristic_equal_segment,V1,lower_visual,false,recovered_heuristic_equal_segment,true,false
230720,50,0,ses230720-units-probe0-spk-AAAB.npy,true,unmapped_no_metadata,Unknown,true,33,"V1,V2",probeA,true,2,false,heuristic_equal_segment,V1,lower_visual,false,recovered_heuristic_equal_segment,true,false
230720,51,0,ses230720-units-probe0-spk-AAAB.npy,true,unmapped_no_metadata,Unknown,true,94,"V1,V2",probeA,true,2,false,heuristic_equal_segment,V2,lower_visual,false,recovered_heuristic_equal_segment,true,false
230720,52,0,ses230720-units-probe0-spk-AAAB.npy,true,unmapped_no_metadata,Unknown,true,34,"V1,V2",probeA,true,2,false,heuristic_equal_segment,V1,lower_visual,false,recovered_heuristic_equal_segment,true,false
230720,53,0,ses230720-units-probe0-spk-AAAB.npy,true,unmapped_no_metadata,Unknown,true,94,"V1,V2",probeA,true,2,false,heuristic_equal_segment,V2,lower_visual,false,recovered_heuristic_equal_segment,true,false
230720,54,0,ses230720-units-probe0-spk-AAAB.npy,true,unmapped_no_metadata,Unknown,true,34,"V1,V2",probeA,true,2,false,heuristic_equal_segment,V1,lower_visual,false,recovered_heuristic_equal_segment,true,false
230720,55,0,ses230720-units-probe0-spk-AAAB.npy,true,unmapped_no_metadata,Unknown,true,93,"V1,V2",probeA,true,2,false,heuristic_equal_segment,V2,lower_visual,false,recovered_heuristic_equal_segment,true,false
230720,56,0,ses230720-units-probe0-spk-AAAB.npy,true,unmapped_no_metadata,Unknown,true,93,"V1,V2",probeA,true,2,false,heuristic_equal_segment,V2,lower_visual,false,recovered_heuristic_equal_segment,true,false
230720,57,0,ses230720-units-probe0-spk-AAAB.npy,true,unmapped_no_metadata,Unknown,true,36,"V1,V2",probeA,true,2,false,heuristic_equal_segment,V1,lower_visual,false,recovered_heuristic_equal_segment,true,false
230720,58,0,ses230720-units-probe0-spk-AAAB.npy,true,unmapped_no_metadata,Unknown,true,92,"V1,V2",probeA,true,2,false,heuristic_equal_segment,V2,lower_visual,false,recovered_heuristic_equal_segment,true,false
230720,59,0,ses230720-units-probe0-spk-AAAB.npy,true,unmapped_no_metadata,Unknown,true,92,"V1,V2",probeA,true,2,false,heuristic_equal_segment,V2,lower_visual,false,recovered_heuristic_equal_segment,true,false
230720,60,0,ses230720-units-probe0-spk-AAAB.npy,true,unmapped_no_metadata,Unknown,true,92,"V1,V2",probeA,true,2,false,heuristic_equal_segment,V2,lower_visual,false,recovered_heuristic_equal_segment,true,false
230720,61,0,ses230720-units-probe0-spk-AAAB.npy,true,unmapped_no_metadata,Unknown,true,36,"V1,V2",probeA,true,2,false,heuristic_equal_segment,V1,lower_visual,false,recovered_heuristic_equal_segment,true,false
230720,62,0,ses230720-units-probe0-spk-AAAB.npy,true,unmapped_no_metadata,Unknown,true,91,"V1,V2",probeA,true,2,false,heuristic_equal_segment,V2,lower_visual,false,recovered_heuristic_equal_segment,true,false
230720,63,0,ses230720-units-probe0-spk-AAAB.npy,true,unmapped_no_metadata,Unknown,true,91,"V1,V2",probeA,true,2,false,heuristic_equal_segment,V2,lower_visual,false,recovered_heuristic_equal_segment,true,false
230720,64,0,ses230720-units-probe0-spk-AAAB.npy,true,unmapped_no_metadata,Unknown,true,91,"V1,V2",probeA,true,2,false,heuristic_equal_segment,V2,lower_visual,false,recovered_heuristic_equal_segment,true,false
230720,65,0,ses230720-units-probe0-spk-AAAB.npy,true,unmapped_no_metadata,Unknown,true,91,"V1,V2",probeA,true,2,false,heuristic_equal_segment,V2,lower_visual,false,recovered_heuristic_equal_segment,true,false
230720,66,0,ses230720-units-probe0-spk-AAAB.npy,true,unmapped_no_metadata,Unknown,true,91,"V1,V2",probeA,true,2,false,heuristic_equal_segment,V2,lower_visual,false,recovered_heuristic_equal_segment,true,false
230720,67,0,ses230720-units-probe0-spk-AAAB.npy,true,unmapped_no_metadata,Unknown,true,91,"V1,V2",probeA,true,2,false,heuristic_equal_segment,V2,lower_visual,false,recovered_heuristic_equal_segment,true,false
230720,68,0,ses230720-units-probe0-spk-AAAB.npy,true,unmapped_no_metadata,Unknown,true,90,"V1,V2",probeA,true,2,false,heuristic_equal_segment,V2,lower_visual,false,recovered_heuristic_equal_segment,true,false
230720,69,0,ses230720-units-probe0-spk-AAAB.npy,true,unmapped_no_metadata,Unknown,true,90,"V1,V2",probeA,true,2,false,heuristic_equal_segment,V2,lower_visual,false,recovered_heuristic_equal_segment,true,false
230720,70,0,ses230720-units-probe0-spk-AAAB.npy,true,unmapped_no_metadata,Unknown,true,89,"V1,V2",probeA,true,2,false,heuristic_equal_segment,V2,lower_visual,false,recovered_heuristic_equal_segment,true,false
230720,71,0,ses230720-units-probe0-spk-AAAB.npy,true,unmapped_no_metadata,Unknown,true,89,"V1,V2",probeA,true,2,false,heuristic_equal_segment,V2,lower_visual,false,recovered_heuristic_equal_segment,true,false
230720,72,0,ses230720-units-probe0-spk-AAAB.npy,true,unmapped_no_metadata,Unknown,true,89,"V1,V2",probeA,true,2,false,heuristic_equal_segment,V2,lower_visual,false,recovered_heuristic_equal_segment,true,false
230720,73,0,ses230720-units-probe0-spk-AAAB.npy,true,unmapped_no_metadata,Unknown,true,89,"V1,V2",probeA,true,2,false,heuristic_equal_segment,V2,lower_visual,false,recovered_heuristic_equal_segment,true,false
230720,74,0,ses230720-units-probe0-spk-AAAB.npy,true,unmapped_no_metadata,Unknown,true,39,"V1,V2",probeA,true,2,false,heuristic_equal_segment,V1,lower_visual,false,recovered_heuristic_equal_segment,true,false
230720,75,0,ses230720-units-probe0-spk-AAAB.npy,true,unmapped_no_metadata,Unknown,true,39,"V1,V2",probeA,true,2,false,heuristic_equal_segment,V1,lower_visual,false,recovered_heuristic_equal_segment,true,false
230720,76,0,ses230720-units-probe0-spk-AAAB.npy,true,unmapped_no_metadata,Unknown,true,88,"V1,V2",probeA,true,2,false,heuristic_equal_segment,V2,lower_visual,false,recovered_heuristic_equal_segment,true,false
230720,77,0,ses230720-units-probe0-spk-AAAB.npy,true,unmapped_no_metadata,Unknown,true,88,"V1,V2",probeA,true,2,false,heuristic_equal_segment,V2,lower_visual,false,recovered_heuristic_equal_segment,true,false
230720,78,0,ses230720-units-probe0-spk-AAAB.npy,true,unmapped_no_metadata,Unknown,true,88,"V1,V2",probeA,true,2,false,heuristic_equal_segment,V2,lower_visual,false,recovered_heuristic_equal_segment,true,false
230720,79,0,ses230720-units-probe0-spk-AAAB.npy,true,unmapped_no_metadata,Unknown,true,40,"V1,V2",probeA,true,2,false,heuristic_equal_segment,V1,lower_visual,false,recovered_heuristic_equal_segment,true,false
230720,80,0,ses230720-units-probe0-spk-AAAB.npy,true,unmapped_no_metadata,Unknown,true,40,"V1,V2",probeA,true,2,false,heuristic_equal_segment,V1,lower_visual,false,recovered_heuristic_equal_segment,true,false
230720,81,0,ses230720-units-probe0-spk-AAAB.npy,true,unmapped_no_metadata,Unknown,true,40,"V1,V2",probeA,true,2,false,heuristic_equal_segment,V1,lower_visual,false,recovered_heuristic_equal_segment,true,false
230720,82,0,ses230720-units-probe0-spk-AAAB.npy,true,unmapped_no_metadata,Unknown,true,40,"V1,V2",probeA,true,2,false,heuristic_equal_segment,V1,lower_visual,false,recovered_heuristic_equal_segment,true,false
230720,83,0,ses230720-units-probe0-spk-AAAB.npy,true,unmapped_no_metadata,Unknown,true,40,"V1,V2",probeA,true,2,false,heuristic_equal_segment,V1,lower_visual,false,recovered_heuristic_equal_segment,true,false
230720,84,0,ses230720-units-probe0-spk-AAAB.npy,true,unmapped_no_metadata,Unknown,true,41,"V1,V2",probeA,true,2,false,heuristic_equal_segment,V1,lower_visual,false,recovered_heuristic_equal_segment,true,false
230720,85,0,ses230720-units-probe0-spk-AAAB.npy,true,unmapped_no_metadata,Unknown,true,41,"V1,V2",probeA,true,2,false,heuristic_equal_segment,V1,lower_visual,false,recovered_heuristic_equal_segment,true,false
230720,86,0,ses230720-units-probe0-spk-AAAB.npy,true,unmapped_no_metadata,Unknown,true,86,"V1,V2",probeA,true,2,false,heuristic_equal_segment,V2,lower_visual,false,recovered_heuristic_equal_segment,true,false
230720,87,0,ses230720-units-probe0-spk-AAAB.npy,true,unmapped_no_metadata,Unknown,true,86,"V1,V2",probeA,true,2,false,heuristic_equal_segment,V2,lower_visual,false,recovered_heuristic_equal_segment,true,false
230720,88,0,ses230720-units-probe0-spk-AAAB.npy,true,unmapped_no_metadata,Unknown,true,86,"V1,V2",probeA,true,2,false,heuristic_equal_segment,V2,lower_visual,false,recovered_heuristic_equal_segment,true,false
230720,89,0,ses230720-units-probe0-spk-AAAB.npy,true,unmapped_no_metadata,Unknown,true,85,"V1,V2",probeA,true,2,false,heuristic_equal_segment,V2,lower_visual,false,recovered_heuristic_equal_segment,true,false
230720,90,0,ses230720-units-probe0-spk-AAAB.npy,true,unmapped_no_metadata,Unknown,true,86,"V1,V2",probeA,true,2,false,heuristic_equal_segment,V2,lower_visual,false,recovered_heuristic_equal_segment,true,false
230720,91,0,ses230720-units-probe0-spk-AAAB.npy,true,unmapped_no_metadata,Unknown,true,42,"V1,V2",probeA,true,2,false,heuristic_equal_segment,V1,lower_visual,false,recovered_heuristic_equal_segment,true,false
230720,92,0,ses230720-units-probe0-spk-AAAB.npy,true,unmapped_no_metadata,Unknown,true,42,"V1,V2",probeA,true,2,false,heuristic_equal_segment,V1,lower_visual,false,recovered_heuristic_equal_segment,true,false
230720,93,0,ses230720-units-probe0-spk-AAAB.npy,true,unmapped_no_metadata,Unknown,true,42,"V1,V2",probeA,true,2,false,heuristic_equal_segment,V1,lower_visual,false,recovered_heuristic_equal_segment,true,false
230720,94,0,ses230720-units-probe0-spk-AAAB.npy,true,unmapped_no_metadata,Unknown,true,42,"V1,V2",probeA,true,2,false,heuristic_equal_segment,V1,lower_visual,false,recovered_heuristic_equal_segment,true,false
230720,95,0,ses230720-units-probe0-spk-AAAB.npy,true,unmapped_no_metadata,Unknown,true,85,"V1,V2",probeA,true,2,false,heuristic_equal_segment,V2,lower_visual,false,recovered_heuristic_equal_segment,true,false
230720,96,0,ses230720-units-probe0-spk-AAAB.npy,true,unmapped_no_metadata,Unknown,true,43,"V1,V2",probeA,true,2,false,heuristic_equal_segment,V1,lower_visual,false,recovered_heuristic_equal_segment,true,false
230720,97,0,ses230720-units-probe0-spk-AAAB.npy,true,unmapped_no_metadata,Unknown,true,43,"V1,V2",probeA,true,2,false,heuristic_equal_segment,V1,lower_visual,false,recovered_heuristic_equal_segment,true,false
230720,98,0,ses230720-units-probe0-spk-AAAB.npy,true,unmapped_no_metadata,Unknown,true,44,"V1,V2",probeA,true,2,false,heuristic_equal_segment,V1,lower_visual,false,recovered_heuristic_equal_segment,true,false
230720,99,0,ses230720-units-probe0-spk-AAAB.npy,true,unmapped_no_metadata,Unknown,true,40,"V1,V2",probeA,true,2,false,heuristic_equal_segment,V1,lower_visual,false,recovered_heuristic_equal_segment,true,false
230720,100,0,ses230720-units-probe0-spk-AAAB.npy,true,unmapped_no_metadata,Unknown,true,44,"V1,V2",probeA,true,2,false,heuristic_equal_segment,V1,lower_visual,false,recovered_heuristic_equal_segment,true,false
230720,101,0,ses230720-units-probe0-spk-AAAB.npy,true,unmapped_no_metadata,Unknown,true,45,"V1,V2",probeA,true,2,false,heuristic_equal_segment,V1,lower_visual,false,recovered_heuristic_equal_segment,true,false
230720,102,0,ses230720-units-probe0-spk-AAAB.npy,true,unmapped_no_metadata,Unknown,true,45,"V1,V2",probeA,true,2,false,heuristic_equal_segment,V1,lower_visual,false,recovered_heuristic_equal_segment,true,false
230720,103,0,ses230720-units-probe0-spk-AAAB.npy,true,unmapped_no_metadata,Unknown,true,45,"V1,V2",probeA,true,2,false,heuristic_equal_segment,V1,lower_visual,false,recovered_heuristic_equal_segment,true,false
230720,104,0,ses230720-units-probe0-spk-AAAB.npy,true,unmapped_no_metadata,Unknown,true,82,"V1,V2",probeA,true,2,false,heuristic_equal_segment,V2,lower_visual,false,recovered_heuristic_equal_segment,true,false
230720,105,0,ses230720-units-probe0-spk-AAAB.npy,true,unmapped_no_metadata,Unknown,true,82,"V1,V2",probeA,true,2,false,heuristic_equal_segment,V2,lower_visual,false,recovered_heuristic_equal_segment,true,false
230720,106,0,ses230720-units-probe0-spk-AAAB.npy,true,unmapped_no_metadata,Unknown,true,46,"V1,V2",probeA,true,2,false,heuristic_equal_segment,V1,lower_visual,false,recovered_heuristic_equal_segment,true,false
230720,107,0,ses230720-units-probe0-spk-AAAB.npy,true,unmapped_no_metadata,Unknown,true,81,"V1,V2",probeA,true,2,false,heuristic_equal_segment,V2,lower_visual,false,recovered_heuristic_equal_segment,true,false
230720,108,0,ses230720-units-probe0-spk-AAAB.npy,true,unmapped_no_metadata,Unknown,true,47,"V1,V2",probeA,true,2,false,heuristic_equal_segment,V1,lower_visual,false,recovered_heuristic_equal_segment,true,false
230720,109,0,ses230720-units-probe0-spk-AAAB.npy,true,unmapped_no_metadata,Unknown,true,47,"V1,V2",probeA,true,2,false,heuristic_equal_segment,V1,lower_visual,false,recovered_heuristic_equal_segment,true,false
230720,110,0,ses230720-units-probe0-spk-AAAB.npy,true,unmapped_no_metadata,Unknown,true,47,"V1,V2",probeA,true,2,false,heuristic_equal_segment,V1,lower_visual,false,recovered_heuristic_equal_segment,true,false
230720,111,0,ses230720-units-probe0-spk-AAAB.npy,true,unmapped_no_metadata,Unknown,true,81,"V1,V2",probeA,true,2,false,heuristic_equal_segment,V2,lower_visual,false,recovered_heuristic_equal_segment,true,false
230720,112,0,ses230720-units-probe0-spk-AAAB.npy,true,unmapped_no_metadata,Unknown,true,80,"V1,V2",probeA,true,2,false,heuristic_equal_segment,V2,lower_visual,false,recovered_heuristic_equal_segment,true,false
230720,113,0,ses230720-units-probe0-spk-AAAB.npy,true,unmapped_no_metadata,Unknown,true,80,"V1,V2",probeA,true,2,false,heuristic_equal_segment,V2,lower_visual,false,recovered_heuristic_equal_segment,true,false
230720,114,0,ses230720-units-probe0-spk-AAAB.npy,true,unmapped_no_metadata,Unknown,true,48,"V1,V2",probeA,true,2,false,heuristic_equal_segment,V1,lower_visual,false,recovered_heuristic_equal_segment,true,false
230720,115,0,ses230720-units-probe0-spk-AAAB.npy,true,unmapped_no_metadata,Unknown,true,79,"V1,V2",probeA,true,2,false,heuristic_equal_segment,V2,lower_visual,false,recovered_heuristic_equal_segment,true,false
230720,116,0,ses230720-units-probe0-spk-AAAB.npy,true,unmapped_no_metadata,Unknown,true,79,"V1,V2",probeA,true,2,false,heuristic_equal_segment,V2,lower_visual,false,recovered_heuristic_equal_segment,true,false
230720,117,0,ses230720-units-probe0-spk-AAAB.npy,true,unmapped_no_metadata,Unknown,true,49,"V1,V2",probeA,true,2,false,heuristic_equal_segment,V1,lower_visual,false,recovered_heuristic_equal_segment,true,false
230720,118,0,ses230720-units-probe0-spk-AAAB.npy,true,unmapped_no_metadata,Unknown,true,49,"V1,V2",probeA,true,2,false,heuristic_equal_segment,V1,lower_visual,false,recovered_heuristic_equal_segment,true,false
230720,119,0,ses230720-units-probe0-spk-AAAB.npy,true,unmapped_no_metadata,Unknown,true,50,"V1,V2",probeA,true,2,false,heuristic_equal_segment,V1,lower_visual,false,recovered_heuristic_equal_segment,true,false
230720,120,0,ses230720-units-probe0-spk-AAAB.npy,true,unmapped_no_metadata,Unknown,true,50,"V1,V2",probeA,true,2,false,heuristic_equal_segment,V1,lower_visual,false,recovered_heuristic_equal_segment,true,false
230720,121,0,ses230720-units-probe0-spk-AAAB.npy,true,unmapped_no_metadata,Unknown,true,77,"V1,V2",probeA,true,2,false,heuristic_equal_segment,V2,lower_visual,false,recovered_heuristic_equal_segment,true,false
230720,122,0,ses230720-units-probe0-spk-AAAB.npy,true,unmapped_no_metadata,Unknown,true,77,"V1,V2",probeA,true,2,false,heuristic_equal_segment,V2,lower_visual,false,recovered_heuristic_equal_segment,true,false
230720,123,0,ses230720-units-probe0-spk-AAAB.npy,true,unmapped_no_metadata,Unknown,true,51,"V1,V2",probeA,true,2,false,heuristic_equal_segment,V1,lower_visual,false,recovered_heuristic_equal_segment,true,false
230720,124,0,ses230720-units-probe0-spk-AAAB.npy,true,unmapped_no_metadata,Unknown,true,75,"V1,V2",probeA,true,2,false,heuristic_equal_segment,V2,lower_visual,false,recovered_heuristic_equal_segment,true,false
230720,125,0,ses230720-units-probe0-spk-AAAB.npy,true,unmapped_no_metadata,Unknown,true,75,"V1,V2",probeA,true,2,false,heuristic_equal_segment,V2,lower_visual,false,recovered_heuristic_equal_segment,true,false
230720,126,0,ses230720-units-probe0-spk-AAAB.npy,true,unmapped_no_metadata,Unknown,true,53,"V1,V2",probeA,true,2,false,heuristic_equal_segment,V1,lower_visual,false,recovered_heuristic_equal_segment,true,false
230720,127,0,ses230720-units-probe0-spk-AAAB.npy,true,unmapped_no_metadata,Unknown,true,74,"V1,V2",probeA,true,2,false,heuristic_equal_segment,V2,lower_visual,false,recovered_heuristic_equal_segment,true,false
230720,128,0,ses230720-units-probe0-spk-AAAB.npy,true,unmapped_no_metadata,Unknown,true,74,"V1,V2",probeA,true,2,false,heuristic_equal_segment,V2,lower_visual,false,recovered_heuristic_equal_segment,true,false
230720,129,0,ses230720-units-probe0-spk-AAAB.npy,true,unmapped_no_metadata,Unknown,true,73,"V1,V2",probeA,true,2,false,heuristic_equal_segment,V2,lower_visual,false,recovered_heuristic_equal_segment,true,false
230720,130,0,ses230720-units-probe0-spk-AAAB.npy,true,unmapped_no_metadata,Unknown,true,55,"V1,V2",probeA,true,2,false,heuristic_equal_segment,V1,lower_visual,false,recovered_heuristic_equal_segment,true,false
230720,131,0,ses230720-units-probe0-spk-AAAB.npy,true,unmapped_no_metadata,Unknown,true,56,"V1,V2",probeA,true,2,false,heuristic_equal_segment,V1,lower_visual,false,recovered_heuristic_equal_segment,true,false
230720,132,0,ses230720-units-probe0-spk-AAAB.npy,true,unmapped_no_metadata,Unknown,true,56,"V1,V2",probeA,true,2,false,heuristic_equal_segment,V1,lower_visual,false,recovered_heuristic_equal_segment,true,false
230720,133,0,ses230720-units-probe0-spk-AAAB.npy,true,unmapped_no_metadata,Unknown,true,63,"V1,V2",probeA,true,2,false,heuristic_equal_segment,V1,lower_visual,false,recovered_heuristic_equal_segment,true,false
230720,134,0,ses230720-units-probe0-spk-AAAB.npy,true,unmapped_no_metadata,Unknown,true,56,"V1,V2",probeA,true,2,false,heuristic_equal_segment,V1,lower_visual,false,recovered_heuristic_equal_segment,true,false
230720,135,0,ses230720-units-probe0-spk-AAAB.npy,true,unmapped_no_metadata,Unknown,true,66,"V1,V2",probeA,true,2,false,heuristic_equal_segment,V2,lower_visual,false,recovered_heuristic_equal_segment,true,false
230720,136,0,ses230720-units-probe0-spk-AAAB.npy,true,unmapped_no_metadata,Unknown,true,71,"V1,V2",probeA,true,2,false,heuristic_equal_segment,V2,lower_visual,false,recovered_heuristic_equal_segment,true,false
230720,137,0,ses230720-units-probe0-spk-AAAB.npy,true,unmapped_no_metadata,Unknown,true,59,"V1,V2",probeA,true,2,false,heuristic_equal_segment,V1,lower_visual,false,recovered_heuristic_equal_segment,true,false
230720,138,0,ses230720-units-probe0-spk-AAAB.npy,true,unmapped_no_metadata,Unknown,true,58,"V1,V2",probeA,true,2,false,heuristic_equal_segment,V1,lower_visual,false,recovered_heuristic_equal_segment,true,false
230720,139,0,ses230720-units-probe0-spk-AAAB.npy,true,unmapped_no_metadata,Unknown,true,58,"V1,V2",probeA,true,2,false,heuristic_equal_segment,V1,lower_visual,false,recovered_heuristic_equal_segment,true,false
230720,140,0,ses230720-units-probe0-spk-AAAB.npy,true,unmapped_no_metadata,Unknown,true,58,"V1,V2",probeA,true,2,false,heuristic_equal_segment,V1,lower_visual,false,recovered_heuristic_equal_segment,true,false
230720,141,0,ses230720-units-probe0-spk-AAAB.npy,true,unmapped_no_metadata,Unknown,true,63,"V1,V2",probeA,true,2,false,heuristic_equal_segment,V1,lower_visual,false,recovered_heuristic_equal_segment,true,false
230720,142,0,ses230720-units-probe0-spk-AAAB.npy,true,unmapped_no_metadata,Unknown,true,59,"V1,V2",probeA,true,2,false,heuristic_equal_segment,V1,lower_visual,false,recovered_heuristic_equal_segment,true,false
230720,143,0,ses230720-units-probe0-spk-AAAB.npy,true,unmapped_no_metadata,Unknown,true,59,"V1,V2",probeA,true,2,false,heuristic_equal_segment,V1,lower_visual,false,recovered_heuristic_equal_segment,true,false
230720,144,0,ses230720-units-probe0-spk-AAAB.npy,true,unmapped_no_metadata,Unknown,true,59,"V1,V2",probeA,true,2,false,heuristic_equal_segment,V1,lower_visual,false,recovered_heuristic_equal_segment,true,false
230720,145,0,ses230720-units-probe0-spk-AAAB.npy,true,unmapped_no_metadata,Unknown,true,59,"V1,V2",probeA,true,2,false,heuristic_equal_segment,V1,lower_visual,false,recovered_heuristic_equal_segment,true,false
230720,146,0,ses230720-units-probe0-spk-AAAB.npy,true,unmapped_no_metadata,Unknown,true,68,"V1,V2",probeA,true,2,false,heuristic_equal_segment,V2,lower_visual,false,recovered_heuristic_equal_segment,true,false
230720,147,0,ses230720-units-probe0-spk-AAAB.npy,true,unmapped_no_metadata,Unknown,true,68,"V1,V2",probeA,true,2,false,heuristic_equal_segment,V2,lower_visual,false,recovered_heuristic_equal_segment,true,false
230720,148,0,ses230720-units-probe0-spk-AAAB.npy,true,unmapped_no_metadata,Unknown,true,60,"V1,V2",probeA,true,2,false,heuristic_equal_segment,V1,lower_visual,false,recovered_heuristic_equal_segment,true,false
230720,149,0,ses230720-units-probe0-spk-AAAB.npy,true,unmapped_no_metadata,Unknown,true,60,"V1,V2",probeA,true,2,false,heuristic_equal_segment,V1,lower_visual,false,recovered_heuristic_equal_segment,true,false
230720,150,0,ses230720-units-probe0-spk-AAAB.npy,true,unmapped_no_metadata,Unknown,true,67,"V1,V2",probeA,true,2,false,heuristic_equal_segment,V2,lower_visual,false,recovered_heuristic_equal_segment,true,false
230720,151,0,ses230720-units-probe0-spk-AAAB.npy,true,unmapped_no_metadata,Unknown,true,64,"V1,V2",probeA,true,2,false,heuristic_equal_segment,V2,lower_visual,false,recovered_heuristic_equal_segment,true,false
230720,152,0,ses230720-units-probe0-spk-AAAB.npy,true,unmapped_no_metadata,Unknown,true,66,"V1,V2",probeA,true,2,false,heuristic_equal_segment,V2,lower_visual,false,recovered_heuristic_equal_segment,true,false
230720,153,0,ses230720-units-probe0-spk-AAAB.npy,true,unmapped_no_metadata,Unknown,true,62,"V1,V2",probeA,true,2,false,heuristic_equal_segment,V1,lower_visual,false,recovered_heuristic_equal_segment,true,false
230720,154,0,ses230720-units-probe0-spk-AAAB.npy,true,unmapped_no_metadata,Unknown,true,62,"V1,V2",probeA,true,2,false,heuristic_equal_segment,V1,lower_visual,false,recovered_heuristic_equal_segment,true,false
230720,155,0,ses230720-units-probe0-spk-AAAB.npy,true,unmapped_no_metadata,Unknown,true,62,"V1,V2",probeA,true,2,false,heuristic_equal_segment,V1,lower_visual,false,recovered_heuristic_equal_segment,true,false
230720,156,0,ses230720-units-probe0-spk-AAAB.npy,true,unmapped_no_metadata,Unknown,true,62,"V1,V2",probeA,true,2,false,heuristic_equal_segment,V1,lower_visual,false,recovered_heuristic_equal_segment,true,false
230720,157,0,ses230720-units-probe0-spk-AAAB.npy,true,unmapped_no_metadata,Unknown,true,62,"V1,V2",probeA,true,2,false,heuristic_equal_segment,V1,lower_visual,false,recovered_heuristic_equal_segment,true,false
230720,158,0,ses230720-units-probe0-spk-AAAB.npy,true,unmapped_no_metadata,Unknown,true,65,"V1,V2",probeA,true,2,false,heuristic_equal_segment,V2,lower_visual,false,recovered_heuristic_equal_segment,true,false
230720,159,0,ses230720-units-probe0-spk-AAAB.npy,true,unmapped_no_metadata,Unknown,true,63,"V1,V2",probeA,true,2,false,heuristic_equal_segment,V1,lower_visual,false,recovered_heuristic_equal_segment,true,false
230720,160,0,ses230720-units-probe0-spk-AAAB.npy,true,unmapped_no_metadata,Unknown,true,63,"V1,V2",probeA,true,2,false,heuristic_equal_segment,V1,lower_visual,false,recovered_heuristic_equal_segment,true,false
230720,161,0,ses230720-units-probe0-spk-AAAB.npy,true,unmapped_no_metadata,Unknown,true,62,"V1,V2",probeA,true,2,false,heuristic_equal_segment,V1,lower_visual,false,recovered_heuristic_equal_segment,true,false
230720,162,0,ses230720-units-probe0-spk-AAAB.npy,true,unmapped_no_metadata,Unknown,true,63,"V1,V2",probeA,true,2,false,heuristic_equal_segment,V1,lower_visual,false,recovered_heuristic_equal_segment,true,false
230720,163,0,ses230720-units-probe0-spk-AAAB.npy,true,unmapped_no_metadata,Unknown,true,63,"V1,V2",probeA,true,2,false,heuristic_equal_segment,V1,lower_visual,false,recovered_heuristic_equal_segment,true,false
230720,164,0,ses230720-units-probe0-spk-AAAB.npy,true,unmapped_no_metadata,Unknown,true,63,"V1,V2",probeA,true,2,false,heuristic_equal_segment,V1,lower_visual,false,recovered_heuristic_equal_segment,true,false
230720,165,0,ses230720-units-probe0-spk-AAAB.npy,true,unmapped_no_metadata,Unknown,true,5,"V1,V2",probeA,true,2,false,heuristic_equal_segment,V1,lower_visual,false,recovered_heuristic_equal_segment,true,false
230720,166,0,ses230720-units-probe0-spk-AAAB.npy,true,unmapped_no_metadata,Unknown,true,87,"V1,V2",probeA,true,2,false,heuristic_equal_segment,V2,lower_visual,false,recovered_heuristic_equal_segment,true,false
230720,167,0,ses230720-units-probe0-spk-AAAB.npy,true,unmapped_no_metadata,Unknown,true,87,"V1,V2",probeA,true,2,false,heuristic_equal_segment,V2,lower_visual,false,recovered_heuristic_equal_segment,true,false
230720,168,0,ses230720-units-probe0-spk-AAAB.npy,true,unmapped_no_metadata,Unknown,true,82,"V1,V2",probeA,true,2,false,heuristic_equal_segment,V2,lower_visual,false,recovered_heuristic_equal_segment,true,false
230720,169,0,ses230720-units-probe0-spk-AAAB.npy,true,unmapped_no_metadata,Unknown,true,47,"V1,V2",probeA,true,2,false,heuristic_equal_segment,V1,lower_visual,false,recovered_heuristic_equal_segment,true,false
230720,170,0,ses230720-units-probe0-spk-AAAB.npy,true,unmapped_no_metadata,Unknown,true,47,"V1,V2",probeA,true,2,false,heuristic_equal_segment,V1,lower_visual,false,recovered_heuristic_equal_segment,true,false
230720,171,0,ses230720-units-probe0-spk-AAAB.npy,true,unmapped_no_metadata,Unknown,true,75,"V1,V2",probeA,true,2,false,heuristic_equal_segment,V2,lower_visual,false,recovered_heuristic_equal_segment,true,false
230720,172,0,ses230720-units-probe0-spk-AAAB.npy,true,unmapped_no_metadata,Unknown,true,53,"V1,V2",probeA,true,2,false,heuristic_equal_segment,V1,lower_visual,false,recovered_heuristic_equal_segment,true,false
230720,173,0,ses230720-units-probe0-spk-AAAB.npy,true,unmapped_no_metadata,Unknown,true,74,"V1,V2",probeA,true,2,false,heuristic_equal_segment,V2,lower_visual,false,recovered_heuristic_equal_segment,true,false
230720,174,0,ses230720-units-probe0-spk-AAAB.npy,true,unmapped_no_metadata,Unknown,true,71,"V1,V2",probeA,true,2,false,heuristic_equal_segment,V2,lower_visual,false,recovered_heuristic_equal_segment,true,false
230720,175,0,ses230720-units-probe0-spk-AAAB.npy,true,unmapped_no_metadata,Unknown,true,58,"V1,V2",probeA,true,2,false,heuristic_equal_segment,V1,lower_visual,false,recovered_heuristic_equal_segment,true,false
230720,176,0,ses230720-units-probe0-spk-AAAB.npy,true,unmapped_no_metadata,Unknown,true,63,"V1,V2",probeA,true,2,false,heuristic_equal_segment,V1,lower_visual,false,recovered_heuristic_equal_segment,true,false
230720,177,0,ses230720-units-probe0-spk-AAAB.npy,true,unmapped_no_metadata,Unknown,true,63,"V1,V2",probeA,true,2,false,heuristic_equal_segment,V1,lower_visual,false,recovered_heuristic_equal_segment,true,false
230720,178,0,ses230720-units-probe0-spk-AAAB.npy,true,unmapped_no_metadata,Unknown,true,63,"V1,V2",probeA,true,2,false,heuristic_equal_segment,V1,lower_visual,false,recovered_heuristic_equal_segment,true,false
230720,179,0,ses230720-units-probe0-spk-AAAB.npy,true,unmapped_no_metadata,Unknown,true,63,"V1,V2",probeA,true,2,false,heuristic_equal_segment,V1,lower_visual,false,recovered_heuristic_equal_segment,true,false
230720,180,0,ses230720-units-probe0-spk-AAAB.npy,true,unmapped_no_metadata,Unknown,true,59,"V1,V2",probeA,true,2,false,heuristic_equal_segment,V1,lower_visual,false,recovered_heuristic_equal_segment,true,false
230721,0,0,ses230721-units-probe0-spk-AAAB.npy,true,unmapped_no_metadata,Unknown,true,117,"V1,V2",probeA,true,2,false,heuristic_equal_segment,V2,lower_visual,false,recovered_heuristic_equal_segment,true,false
230721,1,0,ses230721-units-probe0-spk-AAAB.npy,true,unmapped_no_metadata,Unknown,true,127,"V1,V2",probeA,true,2,false,heuristic_equal_segment,V2,lower_visual,false,recovered_heuristic_equal_segment,true,false
230721,2,0,ses230721-units-probe0-spk-AAAB.npy,true,unmapped_no_metadata,Unknown,true,120,"V1,V2",probeA,true,2,false,heuristic_equal_segment,V2,lower_visual,false,recovered_heuristic_equal_segment,true,false
230721,3,0,ses230721-units-probe0-spk-AAAB.npy,true,unmapped_no_metadata,Unknown,true,121,"V1,V2",probeA,true,2,false,heuristic_equal_segment,V2,lower_visual,false,recovered_heuristic_equal_segment,true,false
230721,4,0,ses230721-units-probe0-spk-AAAB.npy,true,unmapped_no_metadata,Unknown,true,121,"V1,V2",probeA,true,2,false,heuristic_equal_segment,V2,lower_visual,false,recovered_heuristic_equal_segment,true,false
230721,5,0,ses230721-units-probe0-spk-AAAB.npy,true,unmapped_no_metadata,Unknown,true,120,"V1,V2",probeA,true,2,false,heuristic_equal_segment,V2,lower_visual,false,recovered_heuristic_equal_segment,true,false
230721,6,0,ses230721-units-probe0-spk-AAAB.npy,true,unmapped_no_metadata,Unknown,true,114,"V1,V2",probeA,true,2,false,heuristic_equal_segment,V2,lower_visual,false,recovered_heuristic_equal_segment,true,false
230721,7,0,ses230721-units-probe0-spk-AAAB.npy,true,unmapped_no_metadata,Unknown,true,120,"V1,V2",probeA,true,2,false,heuristic_equal_segment,V2,lower_visual,false,recovered_heuristic_equal_segment,true,false
230721,8,0,ses230721-units-probe0-spk-AAAB.npy,true,unmapped_no_metadata,Unknown,true,120,"V1,V2",probeA,true,2,false,heuristic_equal_segment,V2,lower_visual,false,recovered_heuristic_equal_segment,true,false
230721,9,0,ses230721-units-probe0-spk-AAAB.npy,true,unmapped_no_metadata,Unknown,true,120,"V1,V2",probeA,true,2,false,heuristic_equal_segment,V2,lower_visual,false,recovered_heuristic_equal_segment,true,false
230721,10,0,ses230721-units-probe0-spk-AAAB.npy,true,unmapped_no_metadata,Unknown,true,120,"V1,V2",probeA,true,2,false,heuristic_equal_segment,V2,lower_visual,false,recovered_heuristic_equal_segment,true,false
230721,11,0,ses230721-units-probe0-spk-AAAB.npy,true,unmapped_no_metadata,Unknown,true,116,"V1,V2",probeA,true,2,false,heuristic_equal_segment,V2,lower_visual,false,recovered_heuristic_equal_segment,true,false
230721,12,0,ses230721-units-probe0-spk-AAAB.npy,true,unmapped_no_metadata,Unknown,true,115,"V1,V2",probeA,true,2,false,heuristic_equal_segment,V2,lower_visual,false,recovered_heuristic_equal_segment,true,false
230721,13,0,ses230721-units-probe0-spk-AAAB.npy,true,unmapped_no_metadata,Unknown,true,115,"V1,V2",probeA,true,2,false,heuristic_equal_segment,V2,lower_visual,false,recovered_heuristic_equal_segment,true,false
230721,14,0,ses230721-units-probe0-spk-AAAB.npy,true,unmapped_no_metadata,Unknown,true,120,"V1,V2",probeA,true,2,false,heuristic_equal_segment,V2,lower_visual,false,recovered_heuristic_equal_segment,true,false
230721,15,0,ses230721-units-probe0-spk-AAAB.npy,true,unmapped_no_metadata,Unknown,true,120,"V1,V2",probeA,true,2,false,heuristic_equal_segment,V2,lower_visual,false,recovered_heuristic_equal_segment,true,false
230721,16,0,ses230721-units-probe0-spk-AAAB.npy,true,unmapped_no_metadata,Unknown,true,115,"V1,V2",probeA,true,2,false,heuristic_equal_segment,V2,lower_visual,false,recovered_heuristic_equal_segment,true,false
230721,17,0,ses230721-units-probe0-spk-AAAB.npy,true,unmapped_no_metadata,Unknown,true,115,"V1,V2",probeA,true,2,false,heuristic_equal_segment,V2,lower_visual,false,recovered_heuristic_equal_segment,true,false
230721,18,0,ses230721-units-probe0-spk-AAAB.npy,true,unmapped_no_metadata,Unknown,true,115,"V1,V2",probeA,true,2,false,heuristic_equal_segment,V2,lower_visual,false,recovered_heuristic_equal_segment,true,false
230721,19,0,ses230721-units-probe0-spk-AAAB.npy,true,unmapped_no_metadata,Unknown,true,114,"V1,V2",probeA,true,2,false,heuristic_equal_segment,V2,lower_visual,false,recovered_heuristic_equal_segment,true,false
230721,20,0,ses230721-units-probe0-spk-AAAB.npy,true,unmapped_no_metadata,Unknown,true,114,"V1,V2",probeA,true,2,false,heuristic_equal_segment,V2,lower_visual,false,recovered_heuristic_equal_segment,true,false
230721,21,0,ses230721-units-probe0-spk-AAAB.npy,true,unmapped_no_metadata,Unknown,true,114,"V1,V2",probeA,true,2,false,heuristic_equal_segment,V2,lower_visual,false,recovered_heuristic_equal_segment,true,false
230721,22,0,ses230721-units-probe0-spk-AAAB.npy,true,unmapped_no_metadata,Unknown,true,114,"V1,V2",probeA,true,2,false,heuristic_equal_segment,V2,lower_visual,false,recovered_heuristic_equal_segment,true,false
230721,23,0,ses230721-units-probe0-spk-AAAB.npy,true,unmapped_no_metadata,Unknown,true,120,"V1,V2",probeA,true,2,false,heuristic_equal_segment,V2,lower_visual,false,recovered_heuristic_equal_segment,true,false
230721,24,0,ses230721-units-probe0-spk-AAAB.npy,true,unmapped_no_metadata,Unknown,true,114,"V1,V2",probeA,true,2,false,heuristic_equal_segment,V2,lower_visual,false,recovered_heuristic_equal_segment,true,false
230721,25,0,ses230721-units-probe0-spk-AAAB.npy,true,unmapped_no_metadata,Unknown,true,114,"V1,V2",probeA,true,2,false,heuristic_equal_segment,V2,lower_visual,false,recovered_heuristic_equal_segment,true,false
230721,26,0,ses230721-units-probe0-spk-AAAB.npy,true,unmapped_no_metadata,Unknown,true,114,"V1,V2",probeA,true,2,false,heuristic_equal_segment,V2,lower_visual,false,recovered_heuristic_equal_segment,true,false
230721,27,0,ses230721-units-probe0-spk-AAAB.npy,true,unmapped_no_metadata,Unknown,true,114,"V1,V2",probeA,true,2,false,heuristic_equal_segment,V2,lower_visual,false,recovered_heuristic_equal_segment,true,false
230721,28,0,ses230721-units-probe0-spk-AAAB.npy,true,unmapped_no_metadata,Unknown,true,23,"V1,V2",probeA,true,2,false,heuristic_equal_segment,V1,lower_visual,false,recovered_heuristic_equal_segment,true,false
230721,29,0,ses230721-units-probe0-spk-AAAB.npy,true,unmapped_no_metadata,Unknown,true,114,"V1,V2",probeA,true,2,false,heuristic_equal_segment,V2,lower_visual,false,recovered_heuristic_equal_segment,true,false
230721,30,0,ses230721-units-probe0-spk-AAAB.npy,true,unmapped_no_metadata,Unknown,true,105,"V1,V2",probeA,true,2,false,heuristic_equal_segment,V2,lower_visual,false,recovered_heuristic_equal_segment,true,false
230721,31,0,ses230721-units-probe0-spk-AAAB.npy,true,unmapped_no_metadata,Unknown,true,100,"V1,V2",probeA,true,2,false,heuristic_equal_segment,V2,lower_visual,false,recovered_heuristic_equal_segment,true,false
230721,32,0,ses230721-units-probe0-spk-AAAB.npy,true,unmapped_no_metadata,Unknown,true,22,"V1,V2",probeA,true,2,false,heuristic_equal_segment,V1,lower_visual,false,recovered_heuristic_equal_segment,true,false
230721,33,0,ses230721-units-probe0-spk-AAAB.npy,true,unmapped_no_metadata,Unknown,true,31,"V1,V2",probeA,true,2,false,heuristic_equal_segment,V1,lower_visual,false,recovered_heuristic_equal_segment,true,false
230721,34,0,ses230721-units-probe0-spk-AAAB.npy,true,unmapped_no_metadata,Unknown,true,30,"V1,V2",probeA,true,2,false,heuristic_equal_segment,V1,lower_visual,false,recovered_heuristic_equal_segment,true,false
230721,35,0,ses230721-units-probe0-spk-AAAB.npy,true,unmapped_no_metadata,Unknown,true,31,"V1,V2",probeA,true,2,false,heuristic_equal_segment,V1,lower_visual,false,recovered_heuristic_equal_segment,true,false
230721,36,0,ses230721-units-probe0-spk-AAAB.npy,true,unmapped_no_metadata,Unknown,true,95,"V1,V2",probeA,true,2,false,heuristic_equal_segment,V2,lower_visual,false,recovered_heuristic_equal_segment,true,false
230721,37,0,ses230721-units-probe0-spk-AAAB.npy,true,unmapped_no_metadata,Unknown,true,95,"V1,V2",probeA,true,2,false,heuristic_equal_segment,V2,lower_visual,false,recovered_heuristic_equal_segment,true,false
230721,38,0,ses230721-units-probe0-spk-AAAB.npy,true,unmapped_no_metadata,Unknown,true,34,"V1,V2",probeA,true,2,false,heuristic_equal_segment,V1,lower_visual,false,recovered_heuristic_equal_segment,true,false
230721,39,0,ses230721-units-probe0-spk-AAAB.npy,true,unmapped_no_metadata,Unknown,true,47,"V1,V2",probeA,true,2,false,heuristic_equal_segment,V1,lower_visual,false,recovered_heuristic_equal_segment,true,false
230721,40,0,ses230721-units-probe0-spk-AAAB.npy,true,unmapped_no_metadata,Unknown,true,46,"V1,V2",probeA,true,2,false,heuristic_equal_segment,V1,lower_visual,false,recovered_heuristic_equal_segment,true,false
230721,41,0,ses230721-units-probe0-spk-AAAB.npy,true,unmapped_no_metadata,Unknown,true,47,"V1,V2",probeA,true,2,false,heuristic_equal_segment,V1,lower_visual,false,recovered_heuristic_equal_segment,true,false
230721,42,0,ses230721-units-probe0-spk-AAAB.npy,true,unmapped_no_metadata,Unknown,true,41,"V1,V2",probeA,true,2,false,heuristic_equal_segment,V1,lower_visual,false,recovered_heuristic_equal_segment,true,false
230721,43,0,ses230721-units-probe0-spk-AAAB.npy,true,unmapped_no_metadata,Unknown,true,46,"V1,V2",probeA,true,2,false,heuristic_equal_segment,V1,lower_visual,false,recovered_heuristic_equal_segment,true,false
230721,44,0,ses230721-units-probe0-spk-AAAB.npy,true,unmapped_no_metadata,Unknown,true,46,"V1,V2",probeA,true,2,false,heuristic_equal_segment,V1,lower_visual,false,recovered_heuristic_equal_segment,true,false
230721,45,0,ses230721-units-probe0-spk-AAAB.npy,true,unmapped_no_metadata,Unknown,true,57,"V1,V2",probeA,true,2,false,heuristic_equal_segment,V1,lower_visual,false,recovered_heuristic_equal_segment,true,false
230721,46,0,ses230721-units-probe0-spk-AAAB.npy,true,unmapped_no_metadata,Unknown,true,70,"V1,V2",probeA,true,2,false,heuristic_equal_segment,V2,lower_visual,false,recovered_heuristic_equal_segment,true,false
230721,47,0,ses230721-units-probe0-spk-AAAB.npy,true,unmapped_no_metadata,Unknown,true,62,"V1,V2",probeA,true,2,false,heuristic_equal_segment,V1,lower_visual,false,recovered_heuristic_equal_segment,true,false
230721,48,0,ses230721-units-probe0-spk-AAAB.npy,true,unmapped_no_metadata,Unknown,true,69,"V1,V2",probeA,true,2,false,heuristic_equal_segment,V2,lower_visual,false,recovered_heuristic_equal_segment,true,false
230721,49,0,ses230721-units-probe0-spk-AAAB.npy,true,unmapped_no_metadata,Unknown,true,67,"V1,V2",probeA,true,2,false,heuristic_equal_segment,V2,lower_visual,false,recovered_heuristic_equal_segment,true,false
230721,50,0,ses230721-units-probe0-spk-AAAB.npy,true,unmapped_no_metadata,Unknown,true,57,"V1,V2",probeA,true,2,false,heuristic_equal_segment,V1,lower_visual,false,recovered_heuristic_equal_segment,true,false
230721,51,0,ses230721-units-probe0-spk-AAAB.npy,true,unmapped_no_metadata,Unknown,true,65,"V1,V2",probeA,true,2,false,heuristic_equal_segment,V2,lower_visual,false,recovered_heuristic_equal_segment,true,false
230721,52,0,ses230721-units-probe0-spk-AAAB.npy,true,unmapped_no_metadata,Unknown,true,127,"V1,V2",probeA,true,2,false,heuristic_equal_segment,V2,lower_visual,false,recovered_heuristic_equal_segment,true,false
230721,53,0,ses230721-units-probe0-spk-AAAB.npy,true,unmapped_no_metadata,Unknown,true,127,"V1,V2",probeA,true,2,false,heuristic_equal_segment,V2,lower_visual,false,recovered_heuristic_equal_segment,true,false
230721,54,0,ses230721-units-probe0-spk-AAAB.npy,true,unmapped_no_metadata,Unknown,true,47,"V1,V2",probeA,true,2,false,heuristic_equal_segment,V1,lower_visual,false,recovered_heuristic_equal_segment,true,false
230721,55,0,ses230721-units-probe0-spk-AAAB.npy,true,unmapped_no_metadata,Unknown,true,47,"V1,V2",probeA,true,2,false,heuristic_equal_segment,V1,lower_visual,false,recovered_heuristic_equal_segment,true,false
230721,56,0,ses230721-units-probe0-spk-AAAB.npy,true,unmapped_no_metadata,Unknown,true,47,"V1,V2",probeA,true,2,false,heuristic_equal_segment,V1,lower_visual,false,recovered_heuristic_equal_segment,true,false
230721,57,1,ses230721-units-probe1-spk-AAAB.npy,true,unmapped_no_metadata,Unknown,true,254,"V3d, V3a",probeB,true,2,false,channel_out_of_range,Unknown,unknown_or_unresolved,false,source_probe_resolved_but_channel_unresolvable,false,false
230721,58,1,ses230721-units-probe1-spk-AAAB.npy,true,unmapped_no_metadata,Unknown,true,255,"V3d, V3a",probeB,true,2,false,channel_out_of_range,Unknown,unknown_or_unresolved,false,source_probe_resolved_but_channel_unresolvable,false,false
230721,59,1,ses230721-units-probe1-spk-AAAB.npy,true,unmapped_no_metadata,Unknown,true,255,"V3d, V3a",probeB,true,2,false,channel_out_of_range,Unknown,unknown_or_unresolved,false,source_probe_resolved_but_channel_unresolvable,false,false
230721,60,1,ses230721-units-probe1-spk-AAAB.npy,true,unmapped_no_metadata,Unknown,true,255,"V3d, V3a",probeB,true,2,false,channel_out_of_range,Unknown,unknown_or_unresolved,false,source_probe_resolved_but_channel_unresolvable,false,false
230721,61,1,ses230721-units-probe1-spk-AAAB.npy,true,unmapped_no_metadata,Unknown,true,130,"V3d, V3a",probeB,true,2,false,channel_out_of_range,Unknown,unknown_or_unresolved,false,source_probe_resolved_but_channel_unresolvable,false,false
230721,62,1,ses230721-units-probe1-spk-AAAB.npy,true,unmapped_no_metadata,Unknown,true,254,"V3d, V3a",probeB,true,2,false,channel_out_of_range,Unknown,unknown_or_unresolved,false,source_probe_resolved_but_channel_unresolvable,false,false
230721,63,1,ses230721-units-probe1-spk-AAAB.npy,true,unmapped_no_metadata,Unknown,true,130,"V3d, V3a",probeB,true,2,false,channel_out_of_range,Unknown,unknown_or_unresolved,false,source_probe_resolved_but_channel_unresolvable,false,false
230721,64,1,ses230721-units-probe1-spk-AAAB.npy,true,unmapped_no_metadata,Unknown,true,131,"V3d, V3a",probeB,true,2,false,channel_out_of_range,Unknown,unknown_or_unresolved,false,source_probe_resolved_but_channel_unresolvable,false,false
230721,65,1,ses230721-units-probe1-spk-AAAB.npy,true,unmapped_no_metadata,Unknown,true,253,"V3d, V3a",probeB,true,2,false,channel_out_of_range,Unknown,unknown_or_unresolved,false,source_probe_resolved_but_channel_unresolvable,false,false
230721,66,1,ses230721-units-probe1-spk-AAAB.npy,true,unmapped_no_metadata,Unknown,true,132,"V3d, V3a",probeB,true,2,false,channel_out_of_range,Unknown,unknown_or_unresolved,false,source_probe_resolved_but_channel_unresolvable,false,false
230721,67,1,ses230721-units-probe1-spk-AAAB.npy,true,unmapped_no_metadata,Unknown,true,252,"V3d, V3a",probeB,true,2,false,channel_out_of_range,Unknown,unknown_or_unresolved,false,source_probe_resolved_but_channel_unresolvable,false,false
230721,68,1,ses230721-units-probe1-spk-AAAB.npy,true,unmapped_no_metadata,Unknown,true,251,"V3d, V3a",probeB,true,2,false,channel_out_of_range,Unknown,unknown_or_unresolved,false,source_probe_resolved_but_channel_unresolvable,false,false
230721,69,1,ses230721-units-probe1-spk-AAAB.npy,true,unmapped_no_metadata,Unknown,true,132,"V3d, V3a",probeB,true,2,false,channel_out_of_range,Unknown,unknown_or_unresolved,false,source_probe_resolved_but_channel_unresolvable,false,false
230721,70,1,ses230721-units-probe1-spk-AAAB.npy,true,unmapped_no_metadata,Unknown,true,250,"V3d, V3a",probeB,true,2,false,channel_out_of_range,Unknown,unknown_or_unresolved,false,source_probe_resolved_but_channel_unresolvable,false,false
230721,71,1,ses230721-units-probe1-spk-AAAB.npy,true,unmapped_no_metadata,Unknown,true,133,"V3d, V3a",probeB,true,2,false,channel_out_of_range,Unknown,unknown_or_unresolved,false,source_probe_resolved_but_channel_unresolvable,false,false
230721,72,1,ses230721-units-probe1-spk-AAAB.npy,true,unmapped_no_metadata,Unknown,true,134,"V3d, V3a",probeB,true,2,false,channel_out_of_range,Unknown,unknown_or_unresolved,false,source_probe_resolved_but_channel_unresolvable,false,false
230721,73,1,ses230721-units-probe1-spk-AAAB.npy,true,unmapped_no_metadata,Unknown,true,135,"V3d, V3a",probeB,true,2,false,channel_out_of_range,Unknown,unknown_or_unresolved,false,source_probe_resolved_but_channel_unresolvable,false,false
230721,74,1,ses230721-units-probe1-spk-AAAB.npy,true,unmapped_no_metadata,Unknown,true,135,"V3d, V3a",probeB,true,2,false,channel_out_of_range,Unknown,unknown_or_unresolved,false,source_probe_resolved_but_channel_unresolvable,false,false
230721,75,1,ses230721-units-probe1-spk-AAAB.npy,true,unmapped_no_metadata,Unknown,true,248,"V3d, V3a",probeB,true,2,false,channel_out_of_range,Unknown,unknown_or_unresolved,false,source_probe_resolved_but_channel_unresolvable,false,false
230721,76,1,ses230721-units-probe1-spk-AAAB.npy,true,unmapped_no_metadata,Unknown,true,136,"V3d, V3a",probeB,true,2,false,channel_out_of_range,Unknown,unknown_or_unresolved,false,source_probe_resolved_but_channel_unresolvable,false,false
230721,77,1,ses230721-units-probe1-spk-AAAB.npy,true,unmapped_no_metadata,Unknown,true,136,"V3d, V3a",probeB,true,2,false,channel_out_of_range,Unknown,unknown_or_unresolved,false,source_probe_resolved_but_channel_unresolvable,false,false
230721,78,1,ses230721-units-probe1-spk-AAAB.npy,true,unmapped_no_metadata,Unknown,true,247,"V3d, V3a",probeB,true,2,false,channel_out_of_range,Unknown,unknown_or_unresolved,false,source_probe_resolved_but_channel_unresolvable,false,false
230721,79,1,ses230721-units-probe1-spk-AAAB.npy,true,unmapped_no_metadata,Unknown,true,137,"V3d, V3a",probeB,true,2,false,channel_out_of_range,Unknown,unknown_or_unresolved,false,source_probe_resolved_but_channel_unresolvable,false,false
230721,80,1,ses230721-units-probe1-spk-AAAB.npy,true,unmapped_no_metadata,Unknown,true,137,"V3d, V3a",probeB,true,2,false,channel_out_of_range,Unknown,unknown_or_unresolved,false,source_probe_resolved_but_channel_unresolvable,false,false
230721,81,1,ses230721-units-probe1-spk-AAAB.npy,true,unmapped_no_metadata,Unknown,true,137,"V3d, V3a",probeB,true,2,false,channel_out_of_range,Unknown,unknown_or_unresolved,false,source_probe_resolved_but_channel_unresolvable,false,false
230721,82,1,ses230721-units-probe1-spk-AAAB.npy,true,unmapped_no_metadata,Unknown,true,246,"V3d, V3a",probeB,true,2,false,channel_out_of_range,Unknown,unknown_or_unresolved,false,source_probe_resolved_but_channel_unresolvable,false,false
230721,83,1,ses230721-units-probe1-spk-AAAB.npy,true,unmapped_no_metadata,Unknown,true,138,"V3d, V3a",probeB,true,2,false,channel_out_of_range,Unknown,unknown_or_unresolved,false,source_probe_resolved_but_channel_unresolvable,false,false
230721,84,1,ses230721-units-probe1-spk-AAAB.npy,true,unmapped_no_metadata,Unknown,true,138,"V3d, V3a",probeB,true,2,false,channel_out_of_range,Unknown,unknown_or_unresolved,false,source_probe_resolved_but_channel_unresolvable,false,false
230721,85,1,ses230721-units-probe1-spk-AAAB.npy,true,unmapped_no_metadata,Unknown,true,138,"V3d, V3a",probeB,true,2,false,channel_out_of_range,Unknown,unknown_or_unresolved,false,source_probe_resolved_but_channel_unresolvable,false,false
230721,86,1,ses230721-units-probe1-spk-AAAB.npy,true,unmapped_no_metadata,Unknown,true,139,"V3d, V3a",probeB,true,2,false,channel_out_of_range,Unknown,unknown_or_unresolved,false,source_probe_resolved_but_channel_unresolvable,false,false
230721,87,1,ses230721-units-probe1-spk-AAAB.npy,true,unmapped_no_metadata,Unknown,true,140,"V3d, V3a",probeB,true,2,false,channel_out_of_range,Unknown,unknown_or_unresolved,false,source_probe_resolved_but_channel_unresolvable,false,false
230721,88,1,ses230721-units-probe1-spk-AAAB.npy,true,unmapped_no_metadata,Unknown,true,140,"V3d, V3a",probeB,true,2,false,channel_out_of_range,Unknown,unknown_or_unresolved,false,source_probe_resolved_but_channel_unresolvable,false,false
230721,89,1,ses230721-units-probe1-spk-AAAB.npy,true,unmapped_no_metadata,Unknown,true,243,"V3d, V3a",probeB,true,2,false,channel_out_of_range,Unknown,unknown_or_unresolved,false,source_probe_resolved_but_channel_unresolvable,false,false
230721,90,1,ses230721-units-probe1-spk-AAAB.npy,true,unmapped_no_metadata,Unknown,true,141,"V3d, V3a",probeB,true,2,false,channel_out_of_range,Unknown,unknown_or_unresolved,false,source_probe_resolved_but_channel_unresolvable,false,false
230721,91,1,ses230721-units-probe1-spk-AAAB.npy,true,unmapped_no_metadata,Unknown,true,141,"V3d, V3a",probeB,true,2,false,channel_out_of_range,Unknown,unknown_or_unresolved,false,source_probe_resolved_but_channel_unresolvable,false,false
230721,92,1,ses230721-units-probe1-spk-AAAB.npy,true,unmapped_no_metadata,Unknown,true,141,"V3d, V3a",probeB,true,2,false,channel_out_of_range,Unknown,unknown_or_unresolved,false,source_probe_resolved_but_channel_unresolvable,false,false
230721,93,1,ses230721-units-probe1-spk-AAAB.npy,true,unmapped_no_metadata,Unknown,true,242,"V3d, V3a",probeB,true,2,false,channel_out_of_range,Unknown,unknown_or_unresolved,false,source_probe_resolved_but_channel_unresolvable,false,false
230721,94,1,ses230721-units-probe1-spk-AAAB.npy,true,unmapped_no_metadata,Unknown,true,241,"V3d, V3a",probeB,true,2,false,channel_out_of_range,Unknown,unknown_or_unresolved,false,source_probe_resolved_but_channel_unresolvable,false,false
230721,95,1,ses230721-units-probe1-spk-AAAB.npy,true,unmapped_no_metadata,Unknown,true,143,"V3d, V3a",probeB,true,2,false,channel_out_of_range,Unknown,unknown_or_unresolved,false,source_probe_resolved_but_channel_unresolvable,false,false
230721,96,1,ses230721-units-probe1-spk-AAAB.npy,true,unmapped_no_metadata,Unknown,true,240,"V3d, V3a",probeB,true,2,false,channel_out_of_range,Unknown,unknown_or_unresolved,false,source_probe_resolved_but_channel_unresolvable,false,false
230721,97,1,ses230721-units-probe1-spk-AAAB.npy,true,unmapped_no_metadata,Unknown,true,144,"V3d, V3a",probeB,true,2,false,channel_out_of_range,Unknown,unknown_or_unresolved,false,source_probe_resolved_but_channel_unresolvable,false,false
230721,98,1,ses230721-units-probe1-spk-AAAB.npy,true,unmapped_no_metadata,Unknown,true,144,"V3d, V3a",probeB,true,2,false,channel_out_of_range,Unknown,unknown_or_unresolved,false,source_probe_resolved_but_channel_unresolvable,false,false
230721,99,1,ses230721-units-probe1-spk-AAAB.npy,true,unmapped_no_metadata,Unknown,true,144,"V3d, V3a",probeB,true,2,false,channel_out_of_range,Unknown,unknown_or_unresolved,false,source_probe_resolved_but_channel_unresolvable,false,false
230721,100,1,ses230721-units-probe1-spk-AAAB.npy,true,unmapped_no_metadata,Unknown,true,144,"V3d, V3a",probeB,true,2,false,channel_out_of_range,Unknown,unknown_or_unresolved,false,source_probe_resolved_but_channel_unresolvable,false,false
230721,101,1,ses230721-units-probe1-spk-AAAB.npy,true,unmapped_no_metadata,Unknown,true,239,"V3d, V3a",probeB,true,2,false,channel_out_of_range,Unknown,unknown_or_unresolved,false,source_probe_resolved_but_channel_unresolvable,false,false
230721,102,1,ses230721-units-probe1-spk-AAAB.npy,true,unmapped_no_metadata,Unknown,true,239,"V3d, V3a",probeB,true,2,false,channel_out_of_range,Unknown,unknown_or_unresolved,false,source_probe_resolved_but_channel_unresolvable,false,false
230721,103,1,ses230721-units-probe1-spk-AAAB.npy,true,unmapped_no_metadata,Unknown,true,145,"V3d, V3a",probeB,true,2,false,channel_out_of_range,Unknown,unknown_or_unresolved,false,source_probe_resolved_but_channel_unresolvable,false,false
230721,104,1,ses230721-units-probe1-spk-AAAB.npy,true,unmapped_no_metadata,Unknown,true,146,"V3d, V3a",probeB,true,2,false,channel_out_of_range,Unknown,unknown_or_unresolved,false,source_probe_resolved_but_channel_unresolvable,false,false
230721,105,1,ses230721-units-probe1-spk-AAAB.npy,true,unmapped_no_metadata,Unknown,true,146,"V3d, V3a",probeB,true,2,false,channel_out_of_range,Unknown,unknown_or_unresolved,false,source_probe_resolved_but_channel_unresolvable,false,false
230721,106,1,ses230721-units-probe1-spk-AAAB.npy,true,unmapped_no_metadata,Unknown,true,237,"V3d, V3a",probeB,true,2,false,channel_out_of_range,Unknown,unknown_or_unresolved,false,source_probe_resolved_but_channel_unresolvable,false,false
230721,107,1,ses230721-units-probe1-spk-AAAB.npy,true,unmapped_no_metadata,Unknown,true,236,"V3d, V3a",probeB,true,2,false,channel_out_of_range,Unknown,unknown_or_unresolved,false,source_probe_resolved_but_channel_unresolvable,false,false
230721,108,1,ses230721-units-probe1-spk-AAAB.npy,true,unmapped_no_metadata,Unknown,true,148,"V3d, V3a",probeB,true,2,false,channel_out_of_range,Unknown,unknown_or_unresolved,false,source_probe_resolved_but_channel_unresolvable,false,false
230721,109,1,ses230721-units-probe1-spk-AAAB.npy,true,unmapped_no_metadata,Unknown,true,149,"V3d, V3a",probeB,true,2,false,channel_out_of_range,Unknown,unknown_or_unresolved,false,source_probe_resolved_but_channel_unresolvable,false,false
230721,110,1,ses230721-units-probe1-spk-AAAB.npy,true,unmapped_no_metadata,Unknown,true,149,"V3d, V3a",probeB,true,2,false,channel_out_of_range,Unknown,unknown_or_unresolved,false,source_probe_resolved_but_channel_unresolvable,false,false
230721,111,1,ses230721-units-probe1-spk-AAAB.npy,true,unmapped_no_metadata,Unknown,true,150,"V3d, V3a",probeB,true,2,false,channel_out_of_range,Unknown,unknown_or_unresolved,false,source_probe_resolved_but_channel_unresolvable,false,false
230721,112,1,ses230721-units-probe1-spk-AAAB.npy,true,unmapped_no_metadata,Unknown,true,233,"V3d, V3a",probeB,true,2,false,channel_out_of_range,Unknown,unknown_or_unresolved,false,source_probe_resolved_but_channel_unresolvable,false,false
230721,113,1,ses230721-units-probe1-spk-AAAB.npy,true,unmapped_no_metadata,Unknown,true,151,"V3d, V3a",probeB,true,2,false,channel_out_of_range,Unknown,unknown_or_unresolved,false,source_probe_resolved_but_channel_unresolvable,false,false
230721,114,1,ses230721-units-probe1-spk-AAAB.npy,true,unmapped_no_metadata,Unknown,true,151,"V3d, V3a",probeB,true,2,false,channel_out_of_range,Unknown,unknown_or_unresolved,false,source_probe_resolved_but_channel_unresolvable,false,false
230721,115,1,ses230721-units-probe1-spk-AAAB.npy,true,unmapped_no_metadata,Unknown,true,152,"V3d, V3a",probeB,true,2,false,channel_out_of_range,Unknown,unknown_or_unresolved,false,source_probe_resolved_but_channel_unresolvable,false,false
230721,116,1,ses230721-units-probe1-spk-AAAB.npy,true,unmapped_no_metadata,Unknown,true,152,"V3d, V3a",probeB,true,2,false,channel_out_of_range,Unknown,unknown_or_unresolved,false,source_probe_resolved_but_channel_unresolvable,false,false
230721,117,1,ses230721-units-probe1-spk-AAAB.npy,true,unmapped_no_metadata,Unknown,true,153,"V3d, V3a",probeB,true,2,false,channel_out_of_range,Unknown,unknown_or_unresolved,false,source_probe_resolved_but_channel_unresolvable,false,false
230721,118,1,ses230721-units-probe1-spk-AAAB.npy,true,unmapped_no_metadata,Unknown,true,230,"V3d, V3a",probeB,true,2,false,channel_out_of_range,Unknown,unknown_or_unresolved,false,source_probe_resolved_but_channel_unresolvable,false,false
230721,119,1,ses230721-units-probe1-spk-AAAB.npy,true,unmapped_no_metadata,Unknown,true,230,"V3d, V3a",probeB,true,2,false,channel_out_of_range,Unknown,unknown_or_unresolved,false,source_probe_resolved_but_channel_unresolvable,false,false
230721,120,1,ses230721-units-probe1-spk-AAAB.npy,true,unmapped_no_metadata,Unknown,true,229,"V3d, V3a",probeB,true,2,false,channel_out_of_range,Unknown,unknown_or_unresolved,false,source_probe_resolved_but_channel_unresolvable,false,false
230721,121,1,ses230721-units-probe1-spk-AAAB.npy,true,unmapped_no_metadata,Unknown,true,229,"V3d, V3a",probeB,true,2,false,channel_out_of_range,Unknown,unknown_or_unresolved,false,source_probe_resolved_but_channel_unresolvable,false,false
230721,122,1,ses230721-units-probe1-spk-AAAB.npy,true,unmapped_no_metadata,Unknown,true,155,"V3d, V3a",probeB,true,2,false,channel_out_of_range,Unknown,unknown_or_unresolved,false,source_probe_resolved_but_channel_unresolvable,false,false
230721,123,1,ses230721-units-probe1-spk-AAAB.npy,true,unmapped_no_metadata,Unknown,true,155,"V3d, V3a",probeB,true,2,false,channel_out_of_range,Unknown,unknown_or_unresolved,false,source_probe_resolved_but_channel_unresolvable,false,false
230721,124,1,ses230721-units-probe1-spk-AAAB.npy,true,unmapped_no_metadata,Unknown,true,228,"V3d, V3a",probeB,true,2,false,channel_out_of_range,Unknown,unknown_or_unresolved,false,source_probe_resolved_but_channel_unresolvable,false,false
230721,125,1,ses230721-units-probe1-spk-AAAB.npy,true,unmapped_no_metadata,Unknown,true,228,"V3d, V3a",probeB,true,2,false,channel_out_of_range,Unknown,unknown_or_unresolved,false,source_probe_resolved_but_channel_unresolvable,false,false
230721,126,1,ses230721-units-probe1-spk-AAAB.npy,true,unmapped_no_metadata,Unknown,true,156,"V3d, V3a",probeB,true,2,false,channel_out_of_range,Unknown,unknown_or_unresolved,false,source_probe_resolved_but_channel_unresolvable,false,false
230721,127,1,ses230721-units-probe1-spk-AAAB.npy,true,unmapped_no_metadata,Unknown,true,157,"V3d, V3a",probeB,true,2,false,channel_out_of_range,Unknown,unknown_or_unresolved,false,source_probe_resolved_but_channel_unresolvable,false,false
230721,128,1,ses230721-units-probe1-spk-AAAB.npy,true,unmapped_no_metadata,Unknown,true,156,"V3d, V3a",probeB,true,2,false,channel_out_of_range,Unknown,unknown_or_unresolved,false,source_probe_resolved_but_channel_unresolvable,false,false
230721,129,1,ses230721-units-probe1-spk-AAAB.npy,true,unmapped_no_metadata,Unknown,true,222,"V3d, V3a",probeB,true,2,false,channel_out_of_range,Unknown,unknown_or_unresolved,false,source_probe_resolved_but_channel_unresolvable,false,false
230721,130,1,ses230721-units-probe1-spk-AAAB.npy,true,unmapped_no_metadata,Unknown,true,225,"V3d, V3a",probeB,true,2,false,channel_out_of_range,Unknown,unknown_or_unresolved,false,source_probe_resolved_but_channel_unresolvable,false,false
230721,131,1,ses230721-units-probe1-spk-AAAB.npy,true,unmapped_no_metadata,Unknown,true,159,"V3d, V3a",probeB,true,2,false,channel_out_of_range,Unknown,unknown_or_unresolved,false,source_probe_resolved_but_channel_unresolvable,false,false
230721,132,1,ses230721-units-probe1-spk-AAAB.npy,true,unmapped_no_metadata,Unknown,true,160,"V3d, V3a",probeB,true,2,false,channel_out_of_range,Unknown,unknown_or_unresolved,false,source_probe_resolved_but_channel_unresolvable,false,false
230721,133,1,ses230721-units-probe1-spk-AAAB.npy,true,unmapped_no_metadata,Unknown,true,223,"V3d, V3a",probeB,true,2,false,channel_out_of_range,Unknown,unknown_or_unresolved,false,source_probe_resolved_but_channel_unresolvable,false,false
230721,134,1,ses230721-units-probe1-spk-AAAB.npy,true,unmapped_no_metadata,Unknown,true,161,"V3d, V3a",probeB,true,2,false,channel_out_of_range,Unknown,unknown_or_unresolved,false,source_probe_resolved_but_channel_unresolvable,false,false
230721,135,1,ses230721-units-probe1-spk-AAAB.npy,true,unmapped_no_metadata,Unknown,true,222,"V3d, V3a",probeB,true,2,false,channel_out_of_range,Unknown,unknown_or_unresolved,false,source_probe_resolved_but_channel_unresolvable,false,false
230721,136,1,ses230721-units-probe1-spk-AAAB.npy,true,unmapped_no_metadata,Unknown,true,221,"V3d, V3a",probeB,true,2,false,channel_out_of_range,Unknown,unknown_or_unresolved,false,source_probe_resolved_but_channel_unresolvable,false,false
230721,137,1,ses230721-units-probe1-spk-AAAB.npy,true,unmapped_no_metadata,Unknown,true,162,"V3d, V3a",probeB,true,2,false,channel_out_of_range,Unknown,unknown_or_unresolved,false,source_probe_resolved_but_channel_unresolvable,false,false
230721,138,1,ses230721-units-probe1-spk-AAAB.npy,true,unmapped_no_metadata,Unknown,true,221,"V3d, V3a",probeB,true,2,false,channel_out_of_range,Unknown,unknown_or_unresolved,false,source_probe_resolved_but_channel_unresolvable,false,false
230721,139,1,ses230721-units-probe1-spk-AAAB.npy,true,unmapped_no_metadata,Unknown,true,164,"V3d, V3a",probeB,true,2,false,channel_out_of_range,Unknown,unknown_or_unresolved,false,source_probe_resolved_but_channel_unresolvable,false,false
230721,140,1,ses230721-units-probe1-spk-AAAB.npy,true,unmapped_no_metadata,Unknown,true,163,"V3d, V3a",probeB,true,2,false,channel_out_of_range,Unknown,unknown_or_unresolved,false,source_probe_resolved_but_channel_unresolvable,false,false
230721,141,1,ses230721-units-probe1-spk-AAAB.npy,true,unmapped_no_metadata,Unknown,true,163,"V3d, V3a",probeB,true,2,false,channel_out_of_range,Unknown,unknown_or_unresolved,false,source_probe_resolved_but_channel_unresolvable,false,false
230721,142,1,ses230721-units-probe1-spk-AAAB.npy,true,unmapped_no_metadata,Unknown,true,164,"V3d, V3a",probeB,true,2,false,channel_out_of_range,Unknown,unknown_or_unresolved,false,source_probe_resolved_but_channel_unresolvable,false,false
230721,143,1,ses230721-units-probe1-spk-AAAB.npy,true,unmapped_no_metadata,Unknown,true,218,"V3d, V3a",probeB,true,2,false,channel_out_of_range,Unknown,unknown_or_unresolved,false,source_probe_resolved_but_channel_unresolvable,false,false
230721,144,1,ses230721-units-probe1-spk-AAAB.npy,true,unmapped_no_metadata,Unknown,true,164,"V3d, V3a",probeB,true,2,false,channel_out_of_range,Unknown,unknown_or_unresolved,false,source_probe_resolved_but_channel_unresolvable,false,false
230721,145,1,ses230721-units-probe1-spk-AAAB.npy,true,unmapped_no_metadata,Unknown,true,164,"V3d, V3a",probeB,true,2,false,channel_out_of_range,Unknown,unknown_or_unresolved,false,source_probe_resolved_but_channel_unresolvable,false,false
230721,146,1,ses230721-units-probe1-spk-AAAB.npy,true,unmapped_no_metadata,Unknown,true,219,"V3d, V3a",probeB,true,2,false,channel_out_of_range,Unknown,unknown_or_unresolved,false,source_probe_resolved_but_channel_unresolvable,false,false
230721,147,1,ses230721-units-probe1-spk-AAAB.npy,true,unmapped_no_metadata,Unknown,true,218,"V3d, V3a",probeB,true,2,false,channel_out_of_range,Unknown,unknown_or_unresolved,false,source_probe_resolved_but_channel_unresolvable,false,false
230721,148,1,ses230721-units-probe1-spk-AAAB.npy,true,unmapped_no_metadata,Unknown,true,218,"V3d, V3a",probeB,true,2,false,channel_out_of_range,Unknown,unknown_or_unresolved,false,source_probe_resolved_but_channel_unresolvable,false,false
230721,149,1,ses230721-units-probe1-spk-AAAB.npy,true,unmapped_no_metadata,Unknown,true,218,"V3d, V3a",probeB,true,2,false,channel_out_of_range,Unknown,unknown_or_unresolved,false,source_probe_resolved_but_channel_unresolvable,false,false
230721,150,1,ses230721-units-probe1-spk-AAAB.npy,true,unmapped_no_metadata,Unknown,true,218,"V3d, V3a",probeB,true,2,false,channel_out_of_range,Unknown,unknown_or_unresolved,false,source_probe_resolved_but_channel_unresolvable,false,false
230721,151,1,ses230721-units-probe1-spk-AAAB.npy,true,unmapped_no_metadata,Unknown,true,218,"V3d, V3a",probeB,true,2,false,channel_out_of_range,Unknown,unknown_or_unresolved,false,source_probe_resolved_but_channel_unresolvable,false,false
230721,152,1,ses230721-units-probe1-spk-AAAB.npy,true,unmapped_no_metadata,Unknown,true,218,"V3d, V3a",probeB,true,2,false,channel_out_of_range,Unknown,unknown_or_unresolved,false,source_probe_resolved_but_channel_unresolvable,false,false
230721,153,1,ses230721-units-probe1-spk-AAAB.npy,true,unmapped_no_metadata,Unknown,true,166,"V3d, V3a",probeB,true,2,false,channel_out_of_range,Unknown,unknown_or_unresolved,false,source_probe_resolved_but_channel_unresolvable,false,false
230721,154,1,ses230721-units-probe1-spk-AAAB.npy,true,unmapped_no_metadata,Unknown,true,167,"V3d, V3a",probeB,true,2,false,channel_out_of_range,Unknown,unknown_or_unresolved,false,source_probe_resolved_but_channel_unresolvable,false,false
230721,155,1,ses230721-units-probe1-spk-AAAB.npy,true,unmapped_no_metadata,Unknown,true,167,"V3d, V3a",probeB,true,2,false,channel_out_of_range,Unknown,unknown_or_unresolved,false,source_probe_resolved_but_channel_unresolvable,false,false
230721,156,1,ses230721-units-probe1-spk-AAAB.npy,true,unmapped_no_metadata,Unknown,true,216,"V3d, V3a",probeB,true,2,false,channel_out_of_range,Unknown,unknown_or_unresolved,false,source_probe_resolved_but_channel_unresolvable,false,false
230721,157,1,ses230721-units-probe1-spk-AAAB.npy,true,unmapped_no_metadata,Unknown,true,168,"V3d, V3a",probeB,true,2,false,channel_out_of_range,Unknown,unknown_or_unresolved,false,source_probe_resolved_but_channel_unresolvable,false,false
230721,158,1,ses230721-units-probe1-spk-AAAB.npy,true,unmapped_no_metadata,Unknown,true,215,"V3d, V3a",probeB,true,2,false,channel_out_of_range,Unknown,unknown_or_unresolved,false,source_probe_resolved_but_channel_unresolvable,false,false
230721,159,1,ses230721-units-probe1-spk-AAAB.npy,true,unmapped_no_metadata,Unknown,true,169,"V3d, V3a",probeB,true,2,false,channel_out_of_range,Unknown,unknown_or_unresolved,false,source_probe_resolved_but_channel_unresolvable,false,false
230721,160,1,ses230721-units-probe1-spk-AAAB.npy,true,unmapped_no_metadata,Unknown,true,170,"V3d, V3a",probeB,true,2,false,channel_out_of_range,Unknown,unknown_or_unresolved,false,source_probe_resolved_but_channel_unresolvable,false,false
230721,161,1,ses230721-units-probe1-spk-AAAB.npy,true,unmapped_no_metadata,Unknown,true,170,"V3d, V3a",probeB,true,2,false,channel_out_of_range,Unknown,unknown_or_unresolved,false,source_probe_resolved_but_channel_unresolvable,false,false
230721,162,1,ses230721-units-probe1-spk-AAAB.npy,true,unmapped_no_metadata,Unknown,true,213,"V3d, V3a",probeB,true,2,false,channel_out_of_range,Unknown,unknown_or_unresolved,false,source_probe_resolved_but_channel_unresolvable,false,false
230721,163,1,ses230721-units-probe1-spk-AAAB.npy,true,unmapped_no_metadata,Unknown,true,171,"V3d, V3a",probeB,true,2,false,channel_out_of_range,Unknown,unknown_or_unresolved,false,source_probe_resolved_but_channel_unresolvable,false,false
230721,164,1,ses230721-units-probe1-spk-AAAB.npy,true,unmapped_no_metadata,Unknown,true,172,"V3d, V3a",probeB,true,2,false,channel_out_of_range,Unknown,unknown_or_unresolved,false,source_probe_resolved_but_channel_unresolvable,false,false
230721,165,1,ses230721-units-probe1-spk-AAAB.npy,true,unmapped_no_metadata,Unknown,true,211,"V3d, V3a",probeB,true,2,false,channel_out_of_range,Unknown,unknown_or_unresolved,false,source_probe_resolved_but_channel_unresolvable,false,false
230721,166,1,ses230721-units-probe1-spk-AAAB.npy,true,unmapped_no_metadata,Unknown,true,173,"V3d, V3a",probeB,true,2,false,channel_out_of_range,Unknown,unknown_or_unresolved,false,source_probe_resolved_but_channel_unresolvable,false,false
230721,167,1,ses230721-units-probe1-spk-AAAB.npy,true,unmapped_no_metadata,Unknown,true,210,"V3d, V3a",probeB,true,2,false,channel_out_of_range,Unknown,unknown_or_unresolved,false,source_probe_resolved_but_channel_unresolvable,false,false
230721,168,1,ses230721-units-probe1-spk-AAAB.npy,true,unmapped_no_metadata,Unknown,true,210,"V3d, V3a",probeB,true,2,false,channel_out_of_range,Unknown,unknown_or_unresolved,false,source_probe_resolved_but_channel_unresolvable,false,false
230721,169,1,ses230721-units-probe1-spk-AAAB.npy,true,unmapped_no_metadata,Unknown,true,174,"V3d, V3a",probeB,true,2,false,channel_out_of_range,Unknown,unknown_or_unresolved,false,source_probe_resolved_but_channel_unresolvable,false,false
230721,170,1,ses230721-units-probe1-spk-AAAB.npy,true,unmapped_no_metadata,Unknown,true,175,"V3d, V3a",probeB,true,2,false,channel_out_of_range,Unknown,unknown_or_unresolved,false,source_probe_resolved_but_channel_unresolvable,false,false
230721,171,1,ses230721-units-probe1-spk-AAAB.npy,true,unmapped_no_metadata,Unknown,true,208,"V3d, V3a",probeB,true,2,false,channel_out_of_range,Unknown,unknown_or_unresolved,false,source_probe_resolved_but_channel_unresolvable,false,false
230721,172,1,ses230721-units-probe1-spk-AAAB.npy,true,unmapped_no_metadata,Unknown,true,208,"V3d, V3a",probeB,true,2,false,channel_out_of_range,Unknown,unknown_or_unresolved,false,source_probe_resolved_but_channel_unresolvable,false,false
230721,173,1,ses230721-units-probe1-spk-AAAB.npy,true,unmapped_no_metadata,Unknown,true,208,"V3d, V3a",probeB,true,2,false,channel_out_of_range,Unknown,unknown_or_unresolved,false,source_probe_resolved_but_channel_unresolvable,false,false
230721,174,1,ses230721-units-probe1-spk-AAAB.npy,true,unmapped_no_metadata,Unknown,true,176,"V3d, V3a",probeB,true,2,false,channel_out_of_range,Unknown,unknown_or_unresolved,false,source_probe_resolved_but_channel_unresolvable,false,false
230721,175,1,ses230721-units-probe1-spk-AAAB.npy,true,unmapped_no_metadata,Unknown,true,177,"V3d, V3a",probeB,true,2,false,channel_out_of_range,Unknown,unknown_or_unresolved,false,source_probe_resolved_but_channel_unresolvable,false,false
230721,176,1,ses230721-units-probe1-spk-AAAB.npy,true,unmapped_no_metadata,Unknown,true,177,"V3d, V3a",probeB,true,2,false,channel_out_of_range,Unknown,unknown_or_unresolved,false,source_probe_resolved_but_channel_unresolvable,false,false
230721,177,1,ses230721-units-probe1-spk-AAAB.npy,true,unmapped_no_metadata,Unknown,true,206,"V3d, V3a",probeB,true,2,false,channel_out_of_range,Unknown,unknown_or_unresolved,false,source_probe_resolved_but_channel_unresolvable,false,false
230721,178,1,ses230721-units-probe1-spk-AAAB.npy,true,unmapped_no_metadata,Unknown,true,178,"V3d, V3a",probeB,true,2,false,channel_out_of_range,Unknown,unknown_or_unresolved,false,source_probe_resolved_but_channel_unresolvable,false,false
230721,179,1,ses230721-units-probe1-spk-AAAB.npy,true,unmapped_no_metadata,Unknown,true,179,"V3d, V3a",probeB,true,2,false,channel_out_of_range,Unknown,unknown_or_unresolved,false,source_probe_resolved_but_channel_unresolvable,false,false
230721,180,1,ses230721-units-probe1-spk-AAAB.npy,true,unmapped_no_metadata,Unknown,true,204,"V3d, V3a",probeB,true,2,false,channel_out_of_range,Unknown,unknown_or_unresolved,false,source_probe_resolved_but_channel_unresolvable,false,false
230721,181,1,ses230721-units-probe1-spk-AAAB.npy,true,unmapped_no_metadata,Unknown,true,203,"V3d, V3a",probeB,true,2,false,channel_out_of_range,Unknown,unknown_or_unresolved,false,source_probe_resolved_but_channel_unresolvable,false,false
230721,182,1,ses230721-units-probe1-spk-AAAB.npy,true,unmapped_no_metadata,Unknown,true,203,"V3d, V3a",probeB,true,2,false,channel_out_of_range,Unknown,unknown_or_unresolved,false,source_probe_resolved_but_channel_unresolvable,false,false
230721,183,1,ses230721-units-probe1-spk-AAAB.npy,true,unmapped_no_metadata,Unknown,true,202,"V3d, V3a",probeB,true,2,false,channel_out_of_range,Unknown,unknown_or_unresolved,false,source_probe_resolved_but_channel_unresolvable,false,false
230721,184,1,ses230721-units-probe1-spk-AAAB.npy,true,unmapped_no_metadata,Unknown,true,201,"V3d, V3a",probeB,true,2,false,channel_out_of_range,Unknown,unknown_or_unresolved,false,source_probe_resolved_but_channel_unresolvable,false,false
230721,185,1,ses230721-units-probe1-spk-AAAB.npy,true,unmapped_no_metadata,Unknown,true,182,"V3d, V3a",probeB,true,2,false,channel_out_of_range,Unknown,unknown_or_unresolved,false,source_probe_resolved_but_channel_unresolvable,false,false
230721,186,1,ses230721-units-probe1-spk-AAAB.npy,true,unmapped_no_metadata,Unknown,true,182,"V3d, V3a",probeB,true,2,false,channel_out_of_range,Unknown,unknown_or_unresolved,false,source_probe_resolved_but_channel_unresolvable,false,false
230721,187,1,ses230721-units-probe1-spk-AAAB.npy,true,unmapped_no_metadata,Unknown,true,201,"V3d, V3a",probeB,true,2,false,channel_out_of_range,Unknown,unknown_or_unresolved,false,source_probe_resolved_but_channel_unresolvable,false,false
230721,188,1,ses230721-units-probe1-spk-AAAB.npy,true,unmapped_no_metadata,Unknown,true,201,"V3d, V3a",probeB,true,2,false,channel_out_of_range,Unknown,unknown_or_unresolved,false,source_probe_resolved_but_channel_unresolvable,false,false
230721,189,1,ses230721-units-probe1-spk-AAAB.npy,true,unmapped_no_metadata,Unknown,true,201,"V3d, V3a",probeB,true,2,false,channel_out_of_range,Unknown,unknown_or_unresolved,false,source_probe_resolved_but_channel_unresolvable,false,false
230721,190,1,ses230721-units-probe1-spk-AAAB.npy,true,unmapped_no_metadata,Unknown,true,200,"V3d, V3a",probeB,true,2,false,channel_out_of_range,Unknown,unknown_or_unresolved,false,source_probe_resolved_but_channel_unresolvable,false,false
230721,191,1,ses230721-units-probe1-spk-AAAB.npy,true,unmapped_no_metadata,Unknown,true,183,"V3d, V3a",probeB,true,2,false,channel_out_of_range,Unknown,unknown_or_unresolved,false,source_probe_resolved_but_channel_unresolvable,false,false
230721,192,1,ses230721-units-probe1-spk-AAAB.npy,true,unmapped_no_metadata,Unknown,true,200,"V3d, V3a",probeB,true,2,false,channel_out_of_range,Unknown,unknown_or_unresolved,false,source_probe_resolved_but_channel_unresolvable,false,false
230721,193,1,ses230721-units-probe1-spk-AAAB.npy,true,unmapped_no_metadata,Unknown,true,200,"V3d, V3a",probeB,true,2,false,channel_out_of_range,Unknown,unknown_or_unresolved,false,source_probe_resolved_but_channel_unresolvable,false,false
230721,194,1,ses230721-units-probe1-spk-AAAB.npy,true,unmapped_no_metadata,Unknown,true,200,"V3d, V3a",probeB,true,2,false,channel_out_of_range,Unknown,unknown_or_unresolved,false,source_probe_resolved_but_channel_unresolvable,false,false
230721,195,1,ses230721-units-probe1-spk-AAAB.npy,true,unmapped_no_metadata,Unknown,true,188,"V3d, V3a",probeB,true,2,false,channel_out_of_range,Unknown,unknown_or_unresolved,false,source_probe_resolved_but_channel_unresolvable,false,false
230721,196,1,ses230721-units-probe1-spk-AAAB.npy,true,unmapped_no_metadata,Unknown,true,190,"V3d, V3a",probeB,true,2,false,channel_out_of_range,Unknown,unknown_or_unresolved,false,source_probe_resolved_but_channel_unresolvable,false,false
230721,197,1,ses230721-units-probe1-spk-AAAB.npy,true,unmapped_no_metadata,Unknown,true,184,"V3d, V3a",probeB,true,2,false,channel_out_of_range,Unknown,unknown_or_unresolved,false,source_probe_resolved_but_channel_unresolvable,false,false
230721,198,1,ses230721-units-probe1-spk-AAAB.npy,true,unmapped_no_metadata,Unknown,true,184,"V3d, V3a",probeB,true,2,false,channel_out_of_range,Unknown,unknown_or_unresolved,false,source_probe_resolved_but_channel_unresolvable,false,false
230721,199,1,ses230721-units-probe1-spk-AAAB.npy,true,unmapped_no_metadata,Unknown,true,199,"V3d, V3a",probeB,true,2,false,channel_out_of_range,Unknown,unknown_or_unresolved,false,source_probe_resolved_but_channel_unresolvable,false,false
230721,200,1,ses230721-units-probe1-spk-AAAB.npy,true,unmapped_no_metadata,Unknown,true,200,"V3d, V3a",probeB,true,2,false,channel_out_of_range,Unknown,unknown_or_unresolved,false,source_probe_resolved_but_channel_unresolvable,false,false
230721,201,1,ses230721-units-probe1-spk-AAAB.npy,true,unmapped_no_metadata,Unknown,true,198,"V3d, V3a",probeB,true,2,false,channel_out_of_range,Unknown,unknown_or_unresolved,false,source_probe_resolved_but_channel_unresolvable,false,false
230721,202,1,ses230721-units-probe1-spk-AAAB.npy,true,unmapped_no_metadata,Unknown,true,185,"V3d, V3a",probeB,true,2,false,channel_out_of_range,Unknown,unknown_or_unresolved,false,source_probe_resolved_but_channel_unresolvable,false,false
230721,203,1,ses230721-units-probe1-spk-AAAB.npy,true,unmapped_no_metadata,Unknown,true,187,"V3d, V3a",probeB,true,2,false,channel_out_of_range,Unknown,unknown_or_unresolved,false,source_probe_resolved_but_channel_unresolvable,false,false
230721,204,1,ses230721-units-probe1-spk-AAAB.npy,true,unmapped_no_metadata,Unknown,true,185,"V3d, V3a",probeB,true,2,false,channel_out_of_range,Unknown,unknown_or_unresolved,false,source_probe_resolved_but_channel_unresolvable,false,false
230721,205,1,ses230721-units-probe1-spk-AAAB.npy,true,unmapped_no_metadata,Unknown,true,191,"V3d, V3a",probeB,true,2,false,channel_out_of_range,Unknown,unknown_or_unresolved,false,source_probe_resolved_but_channel_unresolvable,false,false
230721,206,1,ses230721-units-probe1-spk-AAAB.npy,true,unmapped_no_metadata,Unknown,true,198,"V3d, V3a",probeB,true,2,false,channel_out_of_range,Unknown,unknown_or_unresolved,false,source_probe_resolved_but_channel_unresolvable,false,false
230721,207,1,ses230721-units-probe1-spk-AAAB.npy,true,unmapped_no_metadata,Unknown,true,187,"V3d, V3a",probeB,true,2,false,channel_out_of_range,Unknown,unknown_or_unresolved,false,source_probe_resolved_but_channel_unresolvable,false,false
230721,208,1,ses230721-units-probe1-spk-AAAB.npy,true,unmapped_no_metadata,Unknown,true,186,"V3d, V3a",probeB,true,2,false,channel_out_of_range,Unknown,unknown_or_unresolved,false,source_probe_resolved_but_channel_unresolvable,false,false
230721,209,1,ses230721-units-probe1-spk-AAAB.npy,true,unmapped_no_metadata,Unknown,true,186,"V3d, V3a",probeB,true,2,false,channel_out_of_range,Unknown,unknown_or_unresolved,false,source_probe_resolved_but_channel_unresolvable,false,false
230721,210,1,ses230721-units-probe1-spk-AAAB.npy,true,unmapped_no_metadata,Unknown,true,184,"V3d, V3a",probeB,true,2,false,channel_out_of_range,Unknown,unknown_or_unresolved,false,source_probe_resolved_but_channel_unresolvable,false,false
230721,211,1,ses230721-units-probe1-spk-AAAB.npy,true,unmapped_no_metadata,Unknown,true,186,"V3d, V3a",probeB,true,2,false,channel_out_of_range,Unknown,unknown_or_unresolved,false,source_probe_resolved_but_channel_unresolvable,false,false
230721,212,1,ses230721-units-probe1-spk-AAAB.npy,true,unmapped_no_metadata,Unknown,true,185,"V3d, V3a",probeB,true,2,false,channel_out_of_range,Unknown,unknown_or_unresolved,false,source_probe_resolved_but_channel_unresolvable,false,false
230721,213,1,ses230721-units-probe1-spk-AAAB.npy,true,unmapped_no_metadata,Unknown,true,188,"V3d, V3a",probeB,true,2,false,channel_out_of_range,Unknown,unknown_or_unresolved,false,source_probe_resolved_but_channel_unresolvable,false,false
230721,214,1,ses230721-units-probe1-spk-AAAB.npy,true,unmapped_no_metadata,Unknown,true,197,"V3d, V3a",probeB,true,2,false,channel_out_of_range,Unknown,unknown_or_unresolved,false,source_probe_resolved_but_channel_unresolvable,false,false
230721,215,1,ses230721-units-probe1-spk-AAAB.npy,true,unmapped_no_metadata,Unknown,true,197,"V3d, V3a",probeB,true,2,false,channel_out_of_range,Unknown,unknown_or_unresolved,false,source_probe_resolved_but_channel_unresolvable,false,false
230721,216,1,ses230721-units-probe1-spk-AAAB.npy,true,unmapped_no_metadata,Unknown,true,186,"V3d, V3a",probeB,true,2,false,channel_out_of_range,Unknown,unknown_or_unresolved,false,source_probe_resolved_but_channel_unresolvable,false,false
230721,217,1,ses230721-units-probe1-spk-AAAB.npy,true,unmapped_no_metadata,Unknown,true,184,"V3d, V3a",probeB,true,2,false,channel_out_of_range,Unknown,unknown_or_unresolved,false,source_probe_resolved_but_channel_unresolvable,false,false
230721,218,1,ses230721-units-probe1-spk-AAAB.npy,true,unmapped_no_metadata,Unknown,true,191,"V3d, V3a",probeB,true,2,false,channel_out_of_range,Unknown,unknown_or_unresolved,false,source_probe_resolved_but_channel_unresolvable,false,false
230721,219,1,ses230721-units-probe1-spk-AAAB.npy,true,unmapped_no_metadata,Unknown,true,187,"V3d, V3a",probeB,true,2,false,channel_out_of_range,Unknown,unknown_or_unresolved,false,source_probe_resolved_but_channel_unresolvable,false,false
230816,0,0,ses230816-units-probe0-spk-AAAB.npy,true,unmapped_no_metadata,Unknown,true,3,PFC,probeA,true,1,true,heuristic_equal_segment,PFC,higher_order_frontal,false,recovered_heuristic_equal_segment,true,false
230816,1,0,ses230816-units-probe0-spk-AAAB.npy,true,unmapped_no_metadata,Unknown,true,0,PFC,probeA,true,1,true,heuristic_equal_segment,PFC,higher_order_frontal,false,recovered_heuristic_equal_segment,true,false
230816,2,0,ses230816-units-probe0-spk-AAAB.npy,true,unmapped_no_metadata,Unknown,true,21,PFC,probeA,true,1,true,heuristic_equal_segment,PFC,higher_order_frontal,false,recovered_heuristic_equal_segment,true,false
230816,3,0,ses230816-units-probe0-spk-AAAB.npy,true,unmapped_no_metadata,Unknown,true,103,PFC,probeA,true,1,true,heuristic_equal_segment,PFC,higher_order_frontal,false,recovered_heuristic_equal_segment,true,false
230816,4,0,ses230816-units-probe0-spk-AAAB.npy,true,unmapped_no_metadata,Unknown,true,103,PFC,probeA,true,1,true,heuristic_equal_segment,PFC,higher_order_frontal,false,recovered_heuristic_equal_segment,true,false
230816,5,0,ses230816-units-probe0-spk-AAAB.npy,true,unmapped_no_metadata,Unknown,true,103,PFC,probeA,true,1,true,heuristic_equal_segment,PFC,higher_order_frontal,false,recovered_heuristic_equal_segment,true,false
230816,6,0,ses230816-units-probe0-spk-AAAB.npy,true,unmapped_no_metadata,Unknown,true,103,PFC,probeA,true,1,true,heuristic_equal_segment,PFC,higher_order_frontal,false,recovered_heuristic_equal_segment,true,false
230816,7,0,ses230816-units-probe0-spk-AAAB.npy,true,unmapped_no_metadata,Unknown,true,25,PFC,probeA,true,1,true,heuristic_equal_segment,PFC,higher_order_frontal,false,recovered_heuristic_equal_segment,true,false
230816,8,0,ses230816-units-probe0-spk-AAAB.npy,true,unmapped_no_metadata,Unknown,true,82,PFC,probeA,true,1,true,heuristic_equal_segment,PFC,higher_order_frontal,false,recovered_heuristic_equal_segment,true,false
230816,9,0,ses230816-units-probe0-spk-AAAB.npy,true,unmapped_no_metadata,Unknown,true,25,PFC,probeA,true,1,true,heuristic_equal_segment,PFC,higher_order_frontal,false,recovered_heuristic_equal_segment,true,false
230816,10,0,ses230816-units-probe0-spk-AAAB.npy,true,unmapped_no_metadata,Unknown,true,25,PFC,probeA,true,1,true,heuristic_equal_segment,PFC,higher_order_frontal,false,recovered_heuristic_equal_segment,true,false
230816,11,0,ses230816-units-probe0-spk-AAAB.npy,true,unmapped_no_metadata,Unknown,true,58,PFC,probeA,true,1,true,heuristic_equal_segment,PFC,higher_order_frontal,false,recovered_heuristic_equal_segment,true,false
230816,12,0,ses230816-units-probe0-spk-AAAB.npy,true,unmapped_no_metadata,Unknown,true,0,PFC,probeA,true,1,true,heuristic_equal_segment,PFC,higher_order_frontal,false,recovered_heuristic_equal_segment,true,false
230816,13,0,ses230816-units-probe0-spk-AAAB.npy,true,unmapped_no_metadata,Unknown,true,103,PFC,probeA,true,1,true,heuristic_equal_segment,PFC,higher_order_frontal,false,recovered_heuristic_equal_segment,true,false
230816,14,0,ses230816-units-probe0-spk-AAAB.npy,true,unmapped_no_metadata,Unknown,true,103,PFC,probeA,true,1,true,heuristic_equal_segment,PFC,higher_order_frontal,false,recovered_heuristic_equal_segment,true,false
230816,15,0,ses230816-units-probe0-spk-AAAB.npy,true,unmapped_no_metadata,Unknown,true,57,PFC,probeA,true,1,true,heuristic_equal_segment,PFC,higher_order_frontal,false,recovered_heuristic_equal_segment,true,false
230816,16,0,ses230816-units-probe0-spk-AAAB.npy,true,unmapped_no_metadata,Unknown,true,25,PFC,probeA,true,1,true,heuristic_equal_segment,PFC,higher_order_frontal,false,recovered_heuristic_equal_segment,true,false
230816,17,0,ses230816-units-probe0-spk-AAAB.npy,true,unmapped_no_metadata,Unknown,true,57,PFC,probeA,true,1,true,heuristic_equal_segment,PFC,higher_order_frontal,false,recovered_heuristic_equal_segment,true,false
230816,18,0,ses230816-units-probe0-spk-AAAB.npy,true,unmapped_no_metadata,Unknown,true,100,PFC,probeA,true,1,true,heuristic_equal_segment,PFC,higher_order_frontal,false,recovered_heuristic_equal_segment,true,false
230816,19,0,ses230816-units-probe0-spk-AAAB.npy,true,unmapped_no_metadata,Unknown,true,29,PFC,probeA,true,1,true,heuristic_equal_segment,PFC,higher_order_frontal,false,recovered_heuristic_equal_segment,true,false
230816,20,0,ses230816-units-probe0-spk-AAAB.npy,true,unmapped_no_metadata,Unknown,true,98,PFC,probeA,true,1,true,heuristic_equal_segment,PFC,higher_order_frontal,false,recovered_heuristic_equal_segment,true,false
230816,21,0,ses230816-units-probe0-spk-AAAB.npy,true,unmapped_no_metadata,Unknown,true,94,PFC,probeA,true,1,true,heuristic_equal_segment,PFC,higher_order_frontal,false,recovered_heuristic_equal_segment,true,false
230816,22,0,ses230816-units-probe0-spk-AAAB.npy,true,unmapped_no_metadata,Unknown,true,94,PFC,probeA,true,1,true,heuristic_equal_segment,PFC,higher_order_frontal,false,recovered_heuristic_equal_segment,true,false
230816,23,0,ses230816-units-probe0-spk-AAAB.npy,true,unmapped_no_metadata,Unknown,true,93,PFC,probeA,true,1,true,heuristic_equal_segment,PFC,higher_order_frontal,false,recovered_heuristic_equal_segment,true,false
230816,24,0,ses230816-units-probe0-spk-AAAB.npy,true,unmapped_no_metadata,Unknown,true,92,PFC,probeA,true,1,true,heuristic_equal_segment,PFC,higher_order_frontal,false,recovered_heuristic_equal_segment,true,false
230816,25,0,ses230816-units-probe0-spk-AAAB.npy,true,unmapped_no_metadata,Unknown,true,90,PFC,probeA,true,1,true,heuristic_equal_segment,PFC,higher_order_frontal,false,recovered_heuristic_equal_segment,true,false
230816,26,0,ses230816-units-probe0-spk-AAAB.npy,true,unmapped_no_metadata,Unknown,true,89,PFC,probeA,true,1,true,heuristic_equal_segment,PFC,higher_order_frontal,false,recovered_heuristic_equal_segment,true,false
230816,27,0,ses230816-units-probe0-spk-AAAB.npy,true,unmapped_no_metadata,Unknown,true,39,PFC,probeA,true,1,true,heuristic_equal_segment,PFC,higher_order_frontal,false,recovered_heuristic_equal_segment,true,false
230816,28,0,ses230816-units-probe0-spk-AAAB.npy,true,unmapped_no_metadata,Unknown,true,41,PFC,probeA,true,1,true,heuristic_equal_segment,PFC,higher_order_frontal,false,recovered_heuristic_equal_segment,true,false
230816,29,0,ses230816-units-probe0-spk-AAAB.npy,true,unmapped_no_metadata,Unknown,true,40,PFC,probeA,true,1,true,heuristic_equal_segment,PFC,higher_order_frontal,false,recovered_heuristic_equal_segment,true,false
230816,30,0,ses230816-units-probe0-spk-AAAB.npy,true,unmapped_no_metadata,Unknown,true,41,PFC,probeA,true,1,true,heuristic_equal_segment,PFC,higher_order_frontal,false,recovered_heuristic_equal_segment,true,false
230816,31,0,ses230816-units-probe0-spk-AAAB.npy,true,unmapped_no_metadata,Unknown,true,86,PFC,probeA,true,1,true,heuristic_equal_segment,PFC,higher_order_frontal,false,recovered_heuristic_equal_segment,true,false
230816,32,0,ses230816-units-probe0-spk-AAAB.npy,true,unmapped_no_metadata,Unknown,true,85,PFC,probeA,true,1,true,heuristic_equal_segment,PFC,higher_order_frontal,false,recovered_heuristic_equal_segment,true,false
230816,33,0,ses230816-units-probe0-spk-AAAB.npy,true,unmapped_no_metadata,Unknown,true,43,PFC,probeA,true,1,true,heuristic_equal_segment,PFC,higher_order_frontal,false,recovered_heuristic_equal_segment,true,false
230816,34,0,ses230816-units-probe0-spk-AAAB.npy,true,unmapped_no_metadata,Unknown,true,44,PFC,probeA,true,1,true,heuristic_equal_segment,PFC,higher_order_frontal,false,recovered_heuristic_equal_segment,true,false
230816,35,0,ses230816-units-probe0-spk-AAAB.npy,true,unmapped_no_metadata,Unknown,true,82,PFC,probeA,true,1,true,heuristic_equal_segment,PFC,higher_order_frontal,false,recovered_heuristic_equal_segment,true,false
230816,36,0,ses230816-units-probe0-spk-AAAB.npy,true,unmapped_no_metadata,Unknown,true,81,PFC,probeA,true,1,true,heuristic_equal_segment,PFC,higher_order_frontal,false,recovered_heuristic_equal_segment,true,false
230816,37,0,ses230816-units-probe0-spk-AAAB.npy,true,unmapped_no_metadata,Unknown,true,81,PFC,probeA,true,1,true,heuristic_equal_segment,PFC,higher_order_frontal,false,recovered_heuristic_equal_segment,true,false
230816,38,0,ses230816-units-probe0-spk-AAAB.npy,true,unmapped_no_metadata,Unknown,true,80,PFC,probeA,true,1,true,heuristic_equal_segment,PFC,higher_order_frontal,false,recovered_heuristic_equal_segment,true,false
230816,39,0,ses230816-units-probe0-spk-AAAB.npy,true,unmapped_no_metadata,Unknown,true,48,PFC,probeA,true,1,true,heuristic_equal_segment,PFC,higher_order_frontal,false,recovered_heuristic_equal_segment,true,false
230816,40,0,ses230816-units-probe0-spk-AAAB.npy,true,unmapped_no_metadata,Unknown,true,49,PFC,probeA,true,1,true,heuristic_equal_segment,PFC,higher_order_frontal,false,recovered_heuristic_equal_segment,true,false
230816,41,0,ses230816-units-probe0-spk-AAAB.npy,true,unmapped_no_metadata,Unknown,true,49,PFC,probeA,true,1,true,heuristic_equal_segment,PFC,higher_order_frontal,false,recovered_heuristic_equal_segment,true,false
230816,42,0,ses230816-units-probe0-spk-AAAB.npy,true,unmapped_no_metadata,Unknown,true,50,PFC,probeA,true,1,true,heuristic_equal_segment,PFC,higher_order_frontal,false,recovered_heuristic_equal_segment,true,false
230816,43,0,ses230816-units-probe0-spk-AAAB.npy,true,unmapped_no_metadata,Unknown,true,77,PFC,probeA,true,1,true,heuristic_equal_segment,PFC,higher_order_frontal,false,recovered_heuristic_equal_segment,true,false
230816,44,0,ses230816-units-probe0-spk-AAAB.npy,true,unmapped_no_metadata,Unknown,true,76,PFC,probeA,true,1,true,heuristic_equal_segment,PFC,higher_order_frontal,false,recovered_heuristic_equal_segment,true,false
230816,45,0,ses230816-units-probe0-spk-AAAB.npy,true,unmapped_no_metadata,Unknown,true,52,PFC,probeA,true,1,true,heuristic_equal_segment,PFC,higher_order_frontal,false,recovered_heuristic_equal_segment,true,false
230816,46,0,ses230816-units-probe0-spk-AAAB.npy,true,unmapped_no_metadata,Unknown,true,74,PFC,probeA,true,1,true,heuristic_equal_segment,PFC,higher_order_frontal,false,recovered_heuristic_equal_segment,true,false
230816,47,0,ses230816-units-probe0-spk-AAAB.npy,true,unmapped_no_metadata,Unknown,true,74,PFC,probeA,true,1,true,heuristic_equal_segment,PFC,higher_order_frontal,false,recovered_heuristic_equal_segment,true,false
230816,48,0,ses230816-units-probe0-spk-AAAB.npy,true,unmapped_no_metadata,Unknown,true,74,PFC,probeA,true,1,true,heuristic_equal_segment,PFC,higher_order_frontal,false,recovered_heuristic_equal_segment,true,false
230816,49,0,ses230816-units-probe0-spk-AAAB.npy,true,unmapped_no_metadata,Unknown,true,54,PFC,probeA,true,1,true,heuristic_equal_segment,PFC,higher_order_frontal,false,recovered_heuristic_equal_segment,true,false
230816,50,0,ses230816-units-probe0-spk-AAAB.npy,true,unmapped_no_metadata,Unknown,true,54,PFC,probeA,true,1,true,heuristic_equal_segment,PFC,higher_order_frontal,false,recovered_heuristic_equal_segment,true,false
230816,51,0,ses230816-units-probe0-spk-AAAB.npy,true,unmapped_no_metadata,Unknown,true,73,PFC,probeA,true,1,true,heuristic_equal_segment,PFC,higher_order_frontal,false,recovered_heuristic_equal_segment,true,false
230816,52,0,ses230816-units-probe0-spk-AAAB.npy,true,unmapped_no_metadata,Unknown,true,55,PFC,probeA,true,1,true,heuristic_equal_segment,PFC,higher_order_frontal,false,recovered_heuristic_equal_segment,true,false
230816,53,0,ses230816-units-probe0-spk-AAAB.npy,true,unmapped_no_metadata,Unknown,true,62,PFC,probeA,true,1,true,heuristic_equal_segment,PFC,higher_order_frontal,false,recovered_heuristic_equal_segment,true,false
230816,54,0,ses230816-units-probe0-spk-AAAB.npy,true,unmapped_no_metadata,Unknown,true,56,PFC,probeA,true,1,true,heuristic_equal_segment,PFC,higher_order_frontal,false,recovered_heuristic_equal_segment,true,false
230816,55,0,ses230816-units-probe0-spk-AAAB.npy,true,unmapped_no_metadata,Unknown,true,56,PFC,probeA,true,1,true,heuristic_equal_segment,PFC,higher_order_frontal,false,recovered_heuristic_equal_segment,true,false
230816,56,0,ses230816-units-probe0-spk-AAAB.npy,true,unmapped_no_metadata,Unknown,true,59,PFC,probeA,true,1,true,heuristic_equal_segment,PFC,higher_order_frontal,false,recovered_heuristic_equal_segment,true,false
230816,57,0,ses230816-units-probe0-spk-AAAB.npy,true,unmapped_no_metadata,Unknown,true,59,PFC,probeA,true,1,true,heuristic_equal_segment,PFC,higher_order_frontal,false,recovered_heuristic_equal_segment,true,false
230816,58,0,ses230816-units-probe0-spk-AAAB.npy,true,unmapped_no_metadata,Unknown,true,57,PFC,probeA,true,1,true,heuristic_equal_segment,PFC,higher_order_frontal,false,recovered_heuristic_equal_segment,true,false
230816,59,0,ses230816-units-probe0-spk-AAAB.npy,true,unmapped_no_metadata,Unknown,true,58,PFC,probeA,true,1,true,heuristic_equal_segment,PFC,higher_order_frontal,false,recovered_heuristic_equal_segment,true,false
230816,60,0,ses230816-units-probe0-spk-AAAB.npy,true,unmapped_no_metadata,Unknown,true,58,PFC,probeA,true,1,true,heuristic_equal_segment,PFC,higher_order_frontal,false,recovered_heuristic_equal_segment,true,false
230816,61,0,ses230816-units-probe0-spk-AAAB.npy,true,unmapped_no_metadata,Unknown,true,58,PFC,probeA,true,1,true,heuristic_equal_segment,PFC,higher_order_frontal,false,recovered_heuristic_equal_segment,true,false
230816,62,0,ses230816-units-probe0-spk-AAAB.npy,true,unmapped_no_metadata,Unknown,true,60,PFC,probeA,true,1,true,heuristic_equal_segment,PFC,higher_order_frontal,false,recovered_heuristic_equal_segment,true,false
230816,63,0,ses230816-units-probe0-spk-AAAB.npy,true,unmapped_no_metadata,Unknown,true,58,PFC,probeA,true,1,true,heuristic_equal_segment,PFC,higher_order_frontal,false,recovered_heuristic_equal_segment,true,false
230816,64,0,ses230816-units-probe0-spk-AAAB.npy,true,unmapped_no_metadata,Unknown,true,58,PFC,probeA,true,1,true,heuristic_equal_segment,PFC,higher_order_frontal,false,recovered_heuristic_equal_segment,true,false
230816,65,0,ses230816-units-probe0-spk-AAAB.npy,true,unmapped_no_metadata,Unknown,true,69,PFC,probeA,true,1,true,heuristic_equal_segment,PFC,higher_order_frontal,false,recovered_heuristic_equal_segment,true,false
230816,66,0,ses230816-units-probe0-spk-AAAB.npy,true,unmapped_no_metadata,Unknown,true,59,PFC,probeA,true,1,true,heuristic_equal_segment,PFC,higher_order_frontal,false,recovered_heuristic_equal_segment,true,false
230816,67,0,ses230816-units-probe0-spk-AAAB.npy,true,unmapped_no_metadata,Unknown,true,60,PFC,probeA,true,1,true,heuristic_equal_segment,PFC,higher_order_frontal,false,recovered_heuristic_equal_segment,true,false
230816,68,0,ses230816-units-probe0-spk-AAAB.npy,true,unmapped_no_metadata,Unknown,true,59,PFC,probeA,true,1,true,heuristic_equal_segment,PFC,higher_order_frontal,false,recovered_heuristic_equal_segment,true,false
230816,69,0,ses230816-units-probe0-spk-AAAB.npy,true,unmapped_no_metadata,Unknown,true,60,PFC,probeA,true,1,true,heuristic_equal_segment,PFC,higher_order_frontal,false,recovered_heuristic_equal_segment,true,false
230816,70,0,ses230816-units-probe0-spk-AAAB.npy,true,unmapped_no_metadata,Unknown,true,59,PFC,probeA,true,1,true,heuristic_equal_segment,PFC,higher_order_frontal,false,recovered_heuristic_equal_segment,true,false
230816,71,0,ses230816-units-probe0-spk-AAAB.npy,true,unmapped_no_metadata,Unknown,true,59,PFC,probeA,true,1,true,heuristic_equal_segment,PFC,higher_order_frontal,false,recovered_heuristic_equal_segment,true,false
230816,72,0,ses230816-units-probe0-spk-AAAB.npy,true,unmapped_no_metadata,Unknown,true,59,PFC,probeA,true,1,true,heuristic_equal_segment,PFC,higher_order_frontal,false,recovered_heuristic_equal_segment,true,false
230816,73,0,ses230816-units-probe0-spk-AAAB.npy,true,unmapped_no_metadata,Unknown,true,60,PFC,probeA,true,1,true,heuristic_equal_segment,PFC,higher_order_frontal,false,recovered_heuristic_equal_segment,true,false
230816,74,0,ses230816-units-probe0-spk-AAAB.npy,true,unmapped_no_metadata,Unknown,true,63,PFC,probeA,true,1,true,heuristic_equal_segment,PFC,higher_order_frontal,false,recovered_heuristic_equal_segment,true,false
230816,75,0,ses230816-units-probe0-spk-AAAB.npy,true,unmapped_no_metadata,Unknown,true,60,PFC,probeA,true,1,true,heuristic_equal_segment,PFC,higher_order_frontal,false,recovered_heuristic_equal_segment,true,false
230816,76,0,ses230816-units-probe0-spk-AAAB.npy,true,unmapped_no_metadata,Unknown,true,59,PFC,probeA,true,1,true,heuristic_equal_segment,PFC,higher_order_frontal,false,recovered_heuristic_equal_segment,true,false
230816,77,0,ses230816-units-probe0-spk-AAAB.npy,true,unmapped_no_metadata,Unknown,true,60,PFC,probeA,true,1,true,heuristic_equal_segment,PFC,higher_order_frontal,false,recovered_heuristic_equal_segment,true,false
230816,78,0,ses230816-units-probe0-spk-AAAB.npy,true,unmapped_no_metadata,Unknown,true,60,PFC,probeA,true,1,true,heuristic_equal_segment,PFC,higher_order_frontal,false,recovered_heuristic_equal_segment,true,false
230816,79,0,ses230816-units-probe0-spk-AAAB.npy,true,unmapped_no_metadata,Unknown,true,60,PFC,probeA,true,1,true,heuristic_equal_segment,PFC,higher_order_frontal,false,recovered_heuristic_equal_segment,true,false
230816,80,0,ses230816-units-probe0-spk-AAAB.npy,true,unmapped_no_metadata,Unknown,true,67,PFC,probeA,true,1,true,heuristic_equal_segment,PFC,higher_order_frontal,false,recovered_heuristic_equal_segment,true,false
230816,81,0,ses230816-units-probe0-spk-AAAB.npy,true,unmapped_no_metadata,Unknown,true,62,PFC,probeA,true,1,true,heuristic_equal_segment,PFC,higher_order_frontal,false,recovered_heuristic_equal_segment,true,false
230816,82,0,ses230816-units-probe0-spk-AAAB.npy,true,unmapped_no_metadata,Unknown,true,62,PFC,probeA,true,1,true,heuristic_equal_segment,PFC,higher_order_frontal,false,recovered_heuristic_equal_segment,true,false
230816,83,0,ses230816-units-probe0-spk-AAAB.npy,true,unmapped_no_metadata,Unknown,true,62,PFC,probeA,true,1,true,heuristic_equal_segment,PFC,higher_order_frontal,false,recovered_heuristic_equal_segment,true,false
230816,84,0,ses230816-units-probe0-spk-AAAB.npy,true,unmapped_no_metadata,Unknown,true,62,PFC,probeA,true,1,true,heuristic_equal_segment,PFC,higher_order_frontal,false,recovered_heuristic_equal_segment,true,false
230816,85,0,ses230816-units-probe0-spk-AAAB.npy,true,unmapped_no_metadata,Unknown,true,62,PFC,probeA,true,1,true,heuristic_equal_segment,PFC,higher_order_frontal,false,recovered_heuristic_equal_segment,true,false
230816,86,0,ses230816-units-probe0-spk-AAAB.npy,true,unmapped_no_metadata,Unknown,true,62,PFC,probeA,true,1,true,heuristic_equal_segment,PFC,higher_order_frontal,false,recovered_heuristic_equal_segment,true,false
230816,87,0,ses230816-units-probe0-spk-AAAB.npy,true,unmapped_no_metadata,Unknown,true,56,PFC,probeA,true,1,true,heuristic_equal_segment,PFC,higher_order_frontal,false,recovered_heuristic_equal_segment,true,false
230816,88,0,ses230816-units-probe0-spk-AAAB.npy,true,unmapped_no_metadata,Unknown,true,62,PFC,probeA,true,1,true,heuristic_equal_segment,PFC,higher_order_frontal,false,recovered_heuristic_equal_segment,true,false
230816,89,0,ses230816-units-probe0-spk-AAAB.npy,true,unmapped_no_metadata,Unknown,true,63,PFC,probeA,true,1,true,heuristic_equal_segment,PFC,higher_order_frontal,false,recovered_heuristic_equal_segment,true,false
230816,90,0,ses230816-units-probe0-spk-AAAB.npy,true,unmapped_no_metadata,Unknown,true,62,PFC,probeA,true,1,true,heuristic_equal_segment,PFC,higher_order_frontal,false,recovered_heuristic_equal_segment,true,false
230816,91,0,ses230816-units-probe0-spk-AAAB.npy,true,unmapped_no_metadata,Unknown,true,63,PFC,probeA,true,1,true,heuristic_equal_segment,PFC,higher_order_frontal,false,recovered_heuristic_equal_segment,true,false
230816,92,0,ses230816-units-probe0-spk-AAAB.npy,true,unmapped_no_metadata,Unknown,true,63,PFC,probeA,true,1,true,heuristic_equal_segment,PFC,higher_order_frontal,false,recovered_heuristic_equal_segment,true,false
230816,93,0,ses230816-units-probe0-spk-AAAB.npy,true,unmapped_no_metadata,Unknown,true,56,PFC,probeA,true,1,true,heuristic_equal_segment,PFC,higher_order_frontal,false,recovered_heuristic_equal_segment,true,false
230816,94,0,ses230816-units-probe0-spk-AAAB.npy,true,unmapped_no_metadata,Unknown,true,103,PFC,probeA,true,1,true,heuristic_equal_segment,PFC,higher_order_frontal,false,recovered_heuristic_equal_segment,true,false
230816,95,0,ses230816-units-probe0-spk-AAAB.npy,true,unmapped_no_metadata,Unknown,true,24,PFC,probeA,true,1,true,heuristic_equal_segment,PFC,higher_order_frontal,false,recovered_heuristic_equal_segment,true,false
230816,96,0,ses230816-units-probe0-spk-AAAB.npy,true,unmapped_no_metadata,Unknown,true,24,PFC,probeA,true,1,true,heuristic_equal_segment,PFC,higher_order_frontal,false,recovered_heuristic_equal_segment,true,false
230816,97,0,ses230816-units-probe0-spk-AAAB.npy,true,unmapped_no_metadata,Unknown,true,103,PFC,probeA,true,1,true,heuristic_equal_segment,PFC,higher_order_frontal,false,recovered_heuristic_equal_segment,true,false
230816,98,0,ses230816-units-probe0-spk-AAAB.npy,true,unmapped_no_metadata,Unknown,true,31,PFC,probeA,true,1,true,heuristic_equal_segment,PFC,higher_order_frontal,false,recovered_heuristic_equal_segment,true,false
230816,99,0,ses230816-units-probe0-spk-AAAB.npy,true,unmapped_no_metadata,Unknown,true,54,PFC,probeA,true,1,true,heuristic_equal_segment,PFC,higher_order_frontal,false,recovered_heuristic_equal_segment,true,false
230816,100,0,ses230816-units-probe0-spk-AAAB.npy,true,unmapped_no_metadata,Unknown,true,73,PFC,probeA,true,1,true,heuristic_equal_segment,PFC,higher_order_frontal,false,recovered_heuristic_equal_segment,true,false
230816,101,0,ses230816-units-probe0-spk-AAAB.npy,true,unmapped_no_metadata,Unknown,true,69,PFC,probeA,true,1,true,heuristic_equal_segment,PFC,higher_order_frontal,false,recovered_heuristic_equal_segment,true,false
230816,102,1,ses230816-units-probe1-spk-AAAB.npy,true,unmapped_no_metadata,Unknown,true,128,"V4, MT",probeB,true,2,false,channel_out_of_range,Unknown,unknown_or_unresolved,false,source_probe_resolved_but_channel_unresolvable,false,false
230816,103,1,ses230816-units-probe1-spk-AAAB.npy,true,unmapped_no_metadata,Unknown,true,255,"V4, MT",probeB,true,2,false,channel_out_of_range,Unknown,unknown_or_unresolved,false,source_probe_resolved_but_channel_unresolvable,false,false
230816,104,1,ses230816-units-probe1-spk-AAAB.npy,true,unmapped_no_metadata,Unknown,true,254,"V4, MT",probeB,true,2,false,channel_out_of_range,Unknown,unknown_or_unresolved,false,source_probe_resolved_but_channel_unresolvable,false,false
230816,105,1,ses230816-units-probe1-spk-AAAB.npy,true,unmapped_no_metadata,Unknown,true,131,"V4, MT",probeB,true,2,false,channel_out_of_range,Unknown,unknown_or_unresolved,false,source_probe_resolved_but_channel_unresolvable,false,false
230816,106,1,ses230816-units-probe1-spk-AAAB.npy,true,unmapped_no_metadata,Unknown,true,253,"V4, MT",probeB,true,2,false,channel_out_of_range,Unknown,unknown_or_unresolved,false,source_probe_resolved_but_channel_unresolvable,false,false
230816,107,1,ses230816-units-probe1-spk-AAAB.npy,true,unmapped_no_metadata,Unknown,true,253,"V4, MT",probeB,true,2,false,channel_out_of_range,Unknown,unknown_or_unresolved,false,source_probe_resolved_but_channel_unresolvable,false,false
230816,108,1,ses230816-units-probe1-spk-AAAB.npy,true,unmapped_no_metadata,Unknown,true,252,"V4, MT",probeB,true,2,false,channel_out_of_range,Unknown,unknown_or_unresolved,false,source_probe_resolved_but_channel_unresolvable,false,false
230816,109,1,ses230816-units-probe1-spk-AAAB.npy,true,unmapped_no_metadata,Unknown,true,132,"V4, MT",probeB,true,2,false,channel_out_of_range,Unknown,unknown_or_unresolved,false,source_probe_resolved_but_channel_unresolvable,false,false
230816,110,1,ses230816-units-probe1-spk-AAAB.npy,true,unmapped_no_metadata,Unknown,true,132,"V4, MT",probeB,true,2,false,channel_out_of_range,Unknown,unknown_or_unresolved,false,source_probe_resolved_but_channel_unresolvable,false,false
230816,111,1,ses230816-units-probe1-spk-AAAB.npy,true,unmapped_no_metadata,Unknown,true,250,"V4, MT",probeB,true,2,false,channel_out_of_range,Unknown,unknown_or_unresolved,false,source_probe_resolved_but_channel_unresolvable,false,false
230816,112,1,ses230816-units-probe1-spk-AAAB.npy,true,unmapped_no_metadata,Unknown,true,134,"V4, MT",probeB,true,2,false,channel_out_of_range,Unknown,unknown_or_unresolved,false,source_probe_resolved_but_channel_unresolvable,false,false
230816,113,1,ses230816-units-probe1-spk-AAAB.npy,true,unmapped_no_metadata,Unknown,true,134,"V4, MT",probeB,true,2,false,channel_out_of_range,Unknown,unknown_or_unresolved,false,source_probe_resolved_but_channel_unresolvable,false,false
230816,114,2,ses230816-units-probe2-spk-AAAB.npy,true,unmapped_no_metadata,Unknown,false,,,,true,2,false,none,Unknown,unknown_or_unresolved,false,unresolved_no_candidate_metadata,false,false
230816,115,2,ses230816-units-probe2-spk-AAAB.npy,true,unmapped_no_metadata,Unknown,false,,,,true,2,false,none,Unknown,unknown_or_unresolved,false,unresolved_no_candidate_metadata,false,false
230816,116,2,ses230816-units-probe2-spk-AAAB.npy,true,unmapped_no_metadata,Unknown,false,,,,true,2,false,none,Unknown,unknown_or_unresolved,false,unresolved_no_candidate_metadata,false,false
230816,117,2,ses230816-units-probe2-spk-AAAB.npy,true,unmapped_no_metadata,Unknown,false,,,,true,2,false,none,Unknown,unknown_or_unresolved,false,unresolved_no_candidate_metadata,false,false
230816,118,2,ses230816-units-probe2-spk-AAAB.npy,true,unmapped_no_metadata,Unknown,false,,,,true,2,false,none,Unknown,unknown_or_unresolved,false,unresolved_no_candidate_metadata,false,false
230816,119,2,ses230816-units-probe2-spk-AAAB.npy,true,unmapped_no_metadata,Unknown,false,,,,true,2,false,none,Unknown,unknown_or_unresolved,false,unresolved_no_candidate_metadata,false,false
230816,120,2,ses230816-units-probe2-spk-AAAB.npy,true,unmapped_no_metadata,Unknown,false,,,,true,2,false,none,Unknown,unknown_or_unresolved,false,unresolved_no_candidate_metadata,false,false
230816,121,2,ses230816-units-probe2-spk-AAAB.npy,true,unmapped_no_metadata,Unknown,false,,,,true,2,false,none,Unknown,unknown_or_unresolved,false,unresolved_no_candidate_metadata,false,false
230816,122,2,ses230816-units-probe2-spk-AAAB.npy,true,unmapped_no_metadata,Unknown,false,,,,true,2,false,none,Unknown,unknown_or_unresolved,false,unresolved_no_candidate_metadata,false,false
230816,123,2,ses230816-units-probe2-spk-AAAB.npy,true,unmapped_no_metadata,Unknown,false,,,,true,2,false,none,Unknown,unknown_or_unresolved,false,unresolved_no_candidate_metadata,false,false
230816,124,2,ses230816-units-probe2-spk-AAAB.npy,true,unmapped_no_metadata,Unknown,false,,,,true,2,false,none,Unknown,unknown_or_unresolved,false,unresolved_no_candidate_metadata,false,false
230816,125,2,ses230816-units-probe2-spk-AAAB.npy,true,unmapped_no_metadata,Unknown,false,,,,true,2,false,none,Unknown,unknown_or_unresolved,false,unresolved_no_candidate_metadata,false,false
230816,126,2,ses230816-units-probe2-spk-AAAB.npy,true,unmapped_no_metadata,Unknown,false,,,,true,2,false,none,Unknown,unknown_or_unresolved,false,unresolved_no_candidate_metadata,false,false
230816,127,2,ses230816-units-probe2-spk-AAAB.npy,true,unmapped_no_metadata,Unknown,false,,,,true,2,false,none,Unknown,unknown_or_unresolved,false,unresolved_no_candidate_metadata,false,false
230816,128,2,ses230816-units-probe2-spk-AAAB.npy,true,unmapped_no_metadata,Unknown,false,,,,true,2,false,none,Unknown,unknown_or_unresolved,false,unresolved_no_candidate_metadata,false,false
230816,129,2,ses230816-units-probe2-spk-AAAB.npy,true,unmapped_no_metadata,Unknown,false,,,,true,2,false,none,Unknown,unknown_or_unresolved,false,unresolved_no_candidate_metadata,false,false
230816,130,2,ses230816-units-probe2-spk-AAAB.npy,true,unmapped_no_metadata,Unknown,false,,,,true,2,false,none,Unknown,unknown_or_unresolved,false,unresolved_no_candidate_metadata,false,false
230816,131,2,ses230816-units-probe2-spk-AAAB.npy,true,unmapped_no_metadata,Unknown,false,,,,true,2,false,none,Unknown,unknown_or_unresolved,false,unresolved_no_candidate_metadata,false,false
230816,132,2,ses230816-units-probe2-spk-AAAB.npy,true,unmapped_no_metadata,Unknown,false,,,,true,2,false,none,Unknown,unknown_or_unresolved,false,unresolved_no_candidate_metadata,false,false
230816,133,2,ses230816-units-probe2-spk-AAAB.npy,true,unmapped_no_metadata,Unknown,false,,,,true,2,false,none,Unknown,unknown_or_unresolved,false,unresolved_no_candidate_metadata,false,false
230816,134,2,ses230816-units-probe2-spk-AAAB.npy,true,unmapped_no_metadata,Unknown,false,,,,true,2,false,none,Unknown,unknown_or_unresolved,false,unresolved_no_candidate_metadata,false,false
230816,135,2,ses230816-units-probe2-spk-AAAB.npy,true,unmapped_no_metadata,Unknown,false,,,,true,2,false,none,Unknown,unknown_or_unresolved,false,unresolved_no_candidate_metadata,false,false
230816,136,2,ses230816-units-probe2-spk-AAAB.npy,true,unmapped_no_metadata,Unknown,false,,,,true,2,false,none,Unknown,unknown_or_unresolved,false,unresolved_no_candidate_metadata,false,false
230816,137,2,ses230816-units-probe2-spk-AAAB.npy,true,unmapped_no_metadata,Unknown,false,,,,true,2,false,none,Unknown,unknown_or_unresolved,false,unresolved_no_candidate_metadata,false,false
230816,138,2,ses230816-units-probe2-spk-AAAB.npy,true,unmapped_no_metadata,Unknown,false,,,,true,2,false,none,Unknown,unknown_or_unresolved,false,unresolved_no_candidate_metadata,false,false
230816,139,2,ses230816-units-probe2-spk-AAAB.npy,true,unmapped_no_metadata,Unknown,false,,,,true,2,false,none,Unknown,unknown_or_unresolved,false,unresolved_no_candidate_metadata,false,false
230816,140,2,ses230816-units-probe2-spk-AAAB.npy,true,unmapped_no_metadata,Unknown,false,,,,true,2,false,none,Unknown,unknown_or_unresolved,false,unresolved_no_candidate_metadata,false,false
230818,0,0,ses230818-units-probe0-spk-AAAB.npy,true,provisional_unit_area_from_count_matched_row_order,PFC,true,10,PFC,probeA,true,1,true,heuristic_equal_segment,PFC,higher_order_frontal,false,recovered_heuristic_equal_segment,true,false
230818,1,0,ses230818-units-probe0-spk-AAAB.npy,true,provisional_unit_area_from_count_matched_row_order,PFC,true,118,PFC,probeA,true,1,true,heuristic_equal_segment,PFC,higher_order_frontal,false,recovered_heuristic_equal_segment,true,false
230818,2,0,ses230818-units-probe0-spk-AAAB.npy,true,provisional_unit_area_from_count_matched_row_order,PFC,true,118,PFC,probeA,true,1,true,heuristic_equal_segment,PFC,higher_order_frontal,false,recovered_heuristic_equal_segment,true,false
230818,3,0,ses230818-units-probe0-spk-AAAB.npy,true,provisional_unit_area_from_count_matched_row_order,PFC,true,10,PFC,probeA,true,1,true,heuristic_equal_segment,PFC,higher_order_frontal,false,recovered_heuristic_equal_segment,true,false
230818,4,0,ses230818-units-probe0-spk-AAAB.npy,true,provisional_unit_area_from_count_matched_row_order,PFC,true,12,PFC,probeA,true,1,true,heuristic_equal_segment,PFC,higher_order_frontal,false,recovered_heuristic_equal_segment,true,false
230818,5,0,ses230818-units-probe0-spk-AAAB.npy,true,provisional_unit_area_from_count_matched_row_order,PFC,true,116,PFC,probeA,true,1,true,heuristic_equal_segment,PFC,higher_order_frontal,false,recovered_heuristic_equal_segment,true,false
230818,6,0,ses230818-units-probe0-spk-AAAB.npy,true,provisional_unit_area_from_count_matched_row_order,PFC,true,13,PFC,probeA,true,1,true,heuristic_equal_segment,PFC,higher_order_frontal,false,recovered_heuristic_equal_segment,true,false
230818,7,0,ses230818-units-probe0-spk-AAAB.npy,true,provisional_unit_area_from_count_matched_row_order,PFC,true,113,PFC,probeA,true,1,true,heuristic_equal_segment,PFC,higher_order_frontal,false,recovered_heuristic_equal_segment,true,false
230818,8,0,ses230818-units-probe0-spk-AAAB.npy,true,provisional_unit_area_from_count_matched_row_order,PFC,true,17,PFC,probeA,true,1,true,heuristic_equal_segment,PFC,higher_order_frontal,false,recovered_heuristic_equal_segment,true,false
230818,9,0,ses230818-units-probe0-spk-AAAB.npy,true,provisional_unit_area_from_count_matched_row_order,PFC,true,112,PFC,probeA,true,1,true,heuristic_equal_segment,PFC,higher_order_frontal,false,recovered_heuristic_equal_segment,true,false
230818,10,0,ses230818-units-probe0-spk-AAAB.npy,true,provisional_unit_area_from_count_matched_row_order,PFC,true,112,PFC,probeA,true,1,true,heuristic_equal_segment,PFC,higher_order_frontal,false,recovered_heuristic_equal_segment,true,false
230818,11,0,ses230818-units-probe0-spk-AAAB.npy,true,provisional_unit_area_from_count_matched_row_order,PFC,true,111,PFC,probeA,true,1,true,heuristic_equal_segment,PFC,higher_order_frontal,false,recovered_heuristic_equal_segment,true,false
230818,12,0,ses230818-units-probe0-spk-AAAB.npy,true,provisional_unit_area_from_count_matched_row_order,PFC,true,110,PFC,probeA,true,1,true,heuristic_equal_segment,PFC,higher_order_frontal,false,recovered_heuristic_equal_segment,true,false
230818,13,0,ses230818-units-probe0-spk-AAAB.npy,true,provisional_unit_area_from_count_matched_row_order,PFC,true,18,PFC,probeA,true,1,true,heuristic_equal_segment,PFC,higher_order_frontal,false,recovered_heuristic_equal_segment,true,false
230818,14,0,ses230818-units-probe0-spk-AAAB.npy,true,provisional_unit_area_from_count_matched_row_order,PFC,true,109,PFC,probeA,true,1,true,heuristic_equal_segment,PFC,higher_order_frontal,false,recovered_heuristic_equal_segment,true,false
230818,15,0,ses230818-units-probe0-spk-AAAB.npy,true,provisional_unit_area_from_count_matched_row_order,PFC,true,19,PFC,probeA,true,1,true,heuristic_equal_segment,PFC,higher_order_frontal,false,recovered_heuristic_equal_segment,true,false
230818,16,0,ses230818-units-probe0-spk-AAAB.npy,true,provisional_unit_area_from_count_matched_row_order,PFC,true,19,PFC,probeA,true,1,true,heuristic_equal_segment,PFC,higher_order_frontal,false,recovered_heuristic_equal_segment,true,false
230818,17,0,ses230818-units-probe0-spk-AAAB.npy,true,provisional_unit_area_from_count_matched_row_order,PFC,true,109,PFC,probeA,true,1,true,heuristic_equal_segment,PFC,higher_order_frontal,false,recovered_heuristic_equal_segment,true,false
230818,18,0,ses230818-units-probe0-spk-AAAB.npy,true,provisional_unit_area_from_count_matched_row_order,PFC,true,20,PFC,probeA,true,1,true,heuristic_equal_segment,PFC,higher_order_frontal,false,recovered_heuristic_equal_segment,true,false
230818,19,0,ses230818-units-probe0-spk-AAAB.npy,true,provisional_unit_area_from_count_matched_row_order,PFC,true,21,PFC,probeA,true,1,true,heuristic_equal_segment,PFC,higher_order_frontal,false,recovered_heuristic_equal_segment,true,false
230818,20,0,ses230818-units-probe0-spk-AAAB.npy,true,provisional_unit_area_from_count_matched_row_order,PFC,true,22,PFC,probeA,true,1,true,heuristic_equal_segment,PFC,higher_order_frontal,false,recovered_heuristic_equal_segment,true,false
230818,21,0,ses230818-units-probe0-spk-AAAB.npy,true,provisional_unit_area_from_count_matched_row_order,PFC,true,22,PFC,probeA,true,1,true,heuristic_equal_segment,PFC,higher_order_frontal,false,recovered_heuristic_equal_segment,true,false
230818,22,0,ses230818-units-probe0-spk-AAAB.npy,true,provisional_unit_area_from_count_matched_row_order,PFC,true,105,PFC,probeA,true,1,true,heuristic_equal_segment,PFC,higher_order_frontal,false,recovered_heuristic_equal_segment,true,false
230818,23,0,ses230818-units-probe0-spk-AAAB.npy,true,provisional_unit_area_from_count_matched_row_order,PFC,true,105,PFC,probeA,true,1,true,heuristic_equal_segment,PFC,higher_order_frontal,false,recovered_heuristic_equal_segment,true,false
230818,24,0,ses230818-units-probe0-spk-AAAB.npy,true,provisional_unit_area_from_count_matched_row_order,PFC,true,104,PFC,probeA,true,1,true,heuristic_equal_segment,PFC,higher_order_frontal,false,recovered_heuristic_equal_segment,true,false
230818,25,0,ses230818-units-probe0-spk-AAAB.npy,true,provisional_unit_area_from_count_matched_row_order,PFC,true,24,PFC,probeA,true,1,true,heuristic_equal_segment,PFC,higher_order_frontal,false,recovered_heuristic_equal_segment,true,false
230818,26,0,ses230818-units-probe0-spk-AAAB.npy,true,provisional_unit_area_from_count_matched_row_order,PFC,true,21,PFC,probeA,true,1,true,heuristic_equal_segment,PFC,higher_order_frontal,false,recovered_heuristic_equal_segment,true,false
230818,27,0,ses230818-units-probe0-spk-AAAB.npy,true,provisional_unit_area_from_count_matched_row_order,PFC,true,24,PFC,probeA,true,1,true,heuristic_equal_segment,PFC,higher_order_frontal,false,recovered_heuristic_equal_segment,true,false
230818,28,0,ses230818-units-probe0-spk-AAAB.npy,true,provisional_unit_area_from_count_matched_row_order,PFC,true,24,PFC,probeA,true,1,true,heuristic_equal_segment,PFC,higher_order_frontal,false,recovered_heuristic_equal_segment,true,false
230818,29,0,ses230818-units-probe0-spk-AAAB.npy,true,provisional_unit_area_from_count_matched_row_order,PFC,true,103,PFC,probeA,true,1,true,heuristic_equal_segment,PFC,higher_order_frontal,false,recovered_heuristic_equal_segment,true,false
230818,30,0,ses230818-units-probe0-spk-AAAB.npy,true,provisional_unit_area_from_count_matched_row_order,PFC,true,102,PFC,probeA,true,1,true,heuristic_equal_segment,PFC,higher_order_frontal,false,recovered_heuristic_equal_segment,true,false
230818,31,0,ses230818-units-probe0-spk-AAAB.npy,true,provisional_unit_area_from_count_matched_row_order,PFC,true,102,PFC,probeA,true,1,true,heuristic_equal_segment,PFC,higher_order_frontal,false,recovered_heuristic_equal_segment,true,false
230818,32,0,ses230818-units-probe0-spk-AAAB.npy,true,provisional_unit_area_from_count_matched_row_order,PFC,true,101,PFC,probeA,true,1,true,heuristic_equal_segment,PFC,higher_order_frontal,false,recovered_heuristic_equal_segment,true,false
230818,33,0,ses230818-units-probe0-spk-AAAB.npy,true,provisional_unit_area_from_count_matched_row_order,PFC,true,101,PFC,probeA,true,1,true,heuristic_equal_segment,PFC,higher_order_frontal,false,recovered_heuristic_equal_segment,true,false
230818,34,0,ses230818-units-probe0-spk-AAAB.npy,true,provisional_unit_area_from_count_matched_row_order,PFC,true,27,PFC,probeA,true,1,true,heuristic_equal_segment,PFC,higher_order_frontal,false,recovered_heuristic_equal_segment,true,false
230818,35,0,ses230818-units-probe0-spk-AAAB.npy,true,provisional_unit_area_from_count_matched_row_order,PFC,true,32,PFC,probeA,true,1,true,heuristic_equal_segment,PFC,higher_order_frontal,false,recovered_heuristic_equal_segment,true,false
230818,36,0,ses230818-units-probe0-spk-AAAB.npy,true,provisional_unit_area_from_count_matched_row_order,PFC,true,99,PFC,probeA,true,1,true,heuristic_equal_segment,PFC,higher_order_frontal,false,recovered_heuristic_equal_segment,true,false
230818,37,0,ses230818-units-probe0-spk-AAAB.npy,true,provisional_unit_area_from_count_matched_row_order,PFC,true,28,PFC,probeA,true,1,true,heuristic_equal_segment,PFC,higher_order_frontal,false,recovered_heuristic_equal_segment,true,false
230818,38,0,ses230818-units-probe0-spk-AAAB.npy,true,provisional_unit_area_from_count_matched_row_order,PFC,true,99,PFC,probeA,true,1,true,heuristic_equal_segment,PFC,higher_order_frontal,false,recovered_heuristic_equal_segment,true,false
230818,39,0,ses230818-units-probe0-spk-AAAB.npy,true,provisional_unit_area_from_count_matched_row_order,PFC,true,99,PFC,probeA,true,1,true,heuristic_equal_segment,PFC,higher_order_frontal,false,recovered_heuristic_equal_segment,true,false
230818,40,0,ses230818-units-probe0-spk-AAAB.npy,true,provisional_unit_area_from_count_matched_row_order,PFC,true,29,PFC,probeA,true,1,true,heuristic_equal_segment,PFC,higher_order_frontal,false,recovered_heuristic_equal_segment,true,false
230818,41,0,ses230818-units-probe0-spk-AAAB.npy,true,provisional_unit_area_from_count_matched_row_order,PFC,true,98,PFC,probeA,true,1,true,heuristic_equal_segment,PFC,higher_order_frontal,false,recovered_heuristic_equal_segment,true,false
230818,42,0,ses230818-units-probe0-spk-AAAB.npy,true,provisional_unit_area_from_count_matched_row_order,PFC,true,30,PFC,probeA,true,1,true,heuristic_equal_segment,PFC,higher_order_frontal,false,recovered_heuristic_equal_segment,true,false
230818,43,0,ses230818-units-probe0-spk-AAAB.npy,true,provisional_unit_area_from_count_matched_row_order,PFC,true,96,PFC,probeA,true,1,true,heuristic_equal_segment,PFC,higher_order_frontal,false,recovered_heuristic_equal_segment,true,false
230818,44,0,ses230818-units-probe0-spk-AAAB.npy,true,provisional_unit_area_from_count_matched_row_order,PFC,true,31,PFC,probeA,true,1,true,heuristic_equal_segment,PFC,higher_order_frontal,false,recovered_heuristic_equal_segment,true,false
230818,45,0,ses230818-units-probe0-spk-AAAB.npy,true,provisional_unit_area_from_count_matched_row_order,PFC,true,31,PFC,probeA,true,1,true,heuristic_equal_segment,PFC,higher_order_frontal,false,recovered_heuristic_equal_segment,true,false
230818,46,0,ses230818-units-probe0-spk-AAAB.npy,true,provisional_unit_area_from_count_matched_row_order,PFC,true,96,PFC,probeA,true,1,true,heuristic_equal_segment,PFC,higher_order_frontal,false,recovered_heuristic_equal_segment,true,false
230818,47,0,ses230818-units-probe0-spk-AAAB.npy,true,provisional_unit_area_from_count_matched_row_order,PFC,true,96,PFC,probeA,true,1,true,heuristic_equal_segment,PFC,higher_order_frontal,false,recovered_heuristic_equal_segment,true,false
230818,48,0,ses230818-units-probe0-spk-AAAB.npy,true,provisional_unit_area_from_count_matched_row_order,PFC,true,96,PFC,probeA,true,1,true,heuristic_equal_segment,PFC,higher_order_frontal,false,recovered_heuristic_equal_segment,true,false
230818,49,0,ses230818-units-probe0-spk-AAAB.npy,true,provisional_unit_area_from_count_matched_row_order,PFC,true,96,PFC,probeA,true,1,true,heuristic_equal_segment,PFC,higher_order_frontal,false,recovered_heuristic_equal_segment,true,false
230818,50,0,ses230818-units-probe0-spk-AAAB.npy,true,provisional_unit_area_from_count_matched_row_order,PFC,true,32,PFC,probeA,true,1,true,heuristic_equal_segment,PFC,higher_order_frontal,false,recovered_heuristic_equal_segment,true,false
230818,51,0,ses230818-units-probe0-spk-AAAB.npy,true,provisional_unit_area_from_count_matched_row_order,PFC,true,96,PFC,probeA,true,1,true,heuristic_equal_segment,PFC,higher_order_frontal,false,recovered_heuristic_equal_segment,true,false
230818,52,0,ses230818-units-probe0-spk-AAAB.npy,true,provisional_unit_area_from_count_matched_row_order,PFC,true,32,PFC,probeA,true,1,true,heuristic_equal_segment,PFC,higher_order_frontal,false,recovered_heuristic_equal_segment,true,false
230818,53,0,ses230818-units-probe0-spk-AAAB.npy,true,provisional_unit_area_from_count_matched_row_order,PFC,true,33,PFC,probeA,true,1,true,heuristic_equal_segment,PFC,higher_order_frontal,false,recovered_heuristic_equal_segment,true,false
230818,54,0,ses230818-units-probe0-spk-AAAB.npy,true,provisional_unit_area_from_count_matched_row_order,PFC,true,34,PFC,probeA,true,1,true,heuristic_equal_segment,PFC,higher_order_frontal,false,recovered_heuristic_equal_segment,true,false
230818,55,0,ses230818-units-probe0-spk-AAAB.npy,true,provisional_unit_area_from_count_matched_row_order,PFC,true,34,PFC,probeA,true,1,true,heuristic_equal_segment,PFC,higher_order_frontal,false,recovered_heuristic_equal_segment,true,false
230818,56,0,ses230818-units-probe0-spk-AAAB.npy,true,provisional_unit_area_from_count_matched_row_order,PFC,true,34,PFC,probeA,true,1,true,heuristic_equal_segment,PFC,higher_order_frontal,false,recovered_heuristic_equal_segment,true,false
230818,57,0,ses230818-units-probe0-spk-AAAB.npy,true,provisional_unit_area_from_count_matched_row_order,PFC,true,93,PFC,probeA,true,1,true,heuristic_equal_segment,PFC,higher_order_frontal,false,recovered_heuristic_equal_segment,true,false
230818,58,0,ses230818-units-probe0-spk-AAAB.npy,true,provisional_unit_area_from_count_matched_row_order,PFC,true,93,PFC,probeA,true,1,true,heuristic_equal_segment,PFC,higher_order_frontal,false,recovered_heuristic_equal_segment,true,false
230818,59,0,ses230818-units-probe0-spk-AAAB.npy,true,provisional_unit_area_from_count_matched_row_order,PFC,true,93,PFC,probeA,true,1,true,heuristic_equal_segment,PFC,higher_order_frontal,false,recovered_heuristic_equal_segment,true,false
230818,60,0,ses230818-units-probe0-spk-AAAB.npy,true,provisional_unit_area_from_count_matched_row_order,PFC,true,92,PFC,probeA,true,1,true,heuristic_equal_segment,PFC,higher_order_frontal,false,recovered_heuristic_equal_segment,true,false
230818,61,0,ses230818-units-probe0-spk-AAAB.npy,true,provisional_unit_area_from_count_matched_row_order,PFC,true,92,PFC,probeA,true,1,true,heuristic_equal_segment,PFC,higher_order_frontal,false,recovered_heuristic_equal_segment,true,false
230818,62,0,ses230818-units-probe0-spk-AAAB.npy,true,provisional_unit_area_from_count_matched_row_order,PFC,true,92,PFC,probeA,true,1,true,heuristic_equal_segment,PFC,higher_order_frontal,false,recovered_heuristic_equal_segment,true,false
230818,63,0,ses230818-units-probe0-spk-AAAB.npy,true,provisional_unit_area_from_count_matched_row_order,PFC,true,92,PFC,probeA,true,1,true,heuristic_equal_segment,PFC,higher_order_frontal,false,recovered_heuristic_equal_segment,true,false
230818,64,0,ses230818-units-probe0-spk-AAAB.npy,true,provisional_unit_area_from_count_matched_row_order,PFC,true,36,PFC,probeA,true,1,true,heuristic_equal_segment,PFC,higher_order_frontal,false,recovered_heuristic_equal_segment,true,false
230818,65,0,ses230818-units-probe0-spk-AAAB.npy,true,provisional_unit_area_from_count_matched_row_order,PFC,true,91,PFC,probeA,true,1,true,heuristic_equal_segment,PFC,higher_order_frontal,false,recovered_heuristic_equal_segment,true,false
230818,66,0,ses230818-units-probe0-spk-AAAB.npy,true,provisional_unit_area_from_count_matched_row_order,PFC,true,96,PFC,probeA,true,1,true,heuristic_equal_segment,PFC,higher_order_frontal,false,recovered_heuristic_equal_segment,true,false
230818,67,0,ses230818-units-probe0-spk-AAAB.npy,true,provisional_unit_area_from_count_matched_row_order,PFC,true,90,PFC,probeA,true,1,true,heuristic_equal_segment,PFC,higher_order_frontal,false,recovered_heuristic_equal_segment,true,false
230818,68,0,ses230818-units-probe0-spk-AAAB.npy,true,provisional_unit_area_from_count_matched_row_order,PFC,true,89,PFC,probeA,true,1,true,heuristic_equal_segment,PFC,higher_order_frontal,false,recovered_heuristic_equal_segment,true,false
230818,69,0,ses230818-units-probe0-spk-AAAB.npy,true,provisional_unit_area_from_count_matched_row_order,PFC,true,41,PFC,probeA,true,1,true,heuristic_equal_segment,PFC,higher_order_frontal,false,recovered_heuristic_equal_segment,true,false
230818,70,0,ses230818-units-probe0-spk-AAAB.npy,true,provisional_unit_area_from_count_matched_row_order,PFC,true,39,PFC,probeA,true,1,true,heuristic_equal_segment,PFC,higher_order_frontal,false,recovered_heuristic_equal_segment,true,false
230818,71,0,ses230818-units-probe0-spk-AAAB.npy,true,provisional_unit_area_from_count_matched_row_order,PFC,true,88,PFC,probeA,true,1,true,heuristic_equal_segment,PFC,higher_order_frontal,false,recovered_heuristic_equal_segment,true,false
230818,72,0,ses230818-units-probe0-spk-AAAB.npy,true,provisional_unit_area_from_count_matched_row_order,PFC,true,87,PFC,probeA,true,1,true,heuristic_equal_segment,PFC,higher_order_frontal,false,recovered_heuristic_equal_segment,true,false
230818,73,0,ses230818-units-probe0-spk-AAAB.npy,true,provisional_unit_area_from_count_matched_row_order,PFC,true,87,PFC,probeA,true,1,true,heuristic_equal_segment,PFC,higher_order_frontal,false,recovered_heuristic_equal_segment,true,false
230818,74,0,ses230818-units-probe0-spk-AAAB.npy,true,provisional_unit_area_from_count_matched_row_order,PFC,true,41,PFC,probeA,true,1,true,heuristic_equal_segment,PFC,higher_order_frontal,false,recovered_heuristic_equal_segment,true,false
230818,75,0,ses230818-units-probe0-spk-AAAB.npy,true,provisional_unit_area_from_count_matched_row_order,PFC,true,41,PFC,probeA,true,1,true,heuristic_equal_segment,PFC,higher_order_frontal,false,recovered_heuristic_equal_segment,true,false
230818,76,0,ses230818-units-probe0-spk-AAAB.npy,true,provisional_unit_area_from_count_matched_row_order,PFC,true,86,PFC,probeA,true,1,true,heuristic_equal_segment,PFC,higher_order_frontal,false,recovered_heuristic_equal_segment,true,false
230818,77,0,ses230818-units-probe0-spk-AAAB.npy,true,provisional_unit_area_from_count_matched_row_order,PFC,true,86,PFC,probeA,true,1,true,heuristic_equal_segment,PFC,higher_order_frontal,false,recovered_heuristic_equal_segment,true,false
230818,78,0,ses230818-units-probe0-spk-AAAB.npy,true,provisional_unit_area_from_count_matched_row_order,PFC,true,86,PFC,probeA,true,1,true,heuristic_equal_segment,PFC,higher_order_frontal,false,recovered_heuristic_equal_segment,true,false
230818,79,0,ses230818-units-probe0-spk-AAAB.npy,true,provisional_unit_area_from_count_matched_row_order,PFC,true,86,PFC,probeA,true,1,true,heuristic_equal_segment,PFC,higher_order_frontal,false,recovered_heuristic_equal_segment,true,false
230818,80,0,ses230818-units-probe0-spk-AAAB.npy,true,provisional_unit_area_from_count_matched_row_order,PFC,true,42,PFC,probeA,true,1,true,heuristic_equal_segment,PFC,higher_order_frontal,false,recovered_heuristic_equal_segment,true,false
230818,81,0,ses230818-units-probe0-spk-AAAB.npy,true,provisional_unit_area_from_count_matched_row_order,PFC,true,42,PFC,probeA,true,1,true,heuristic_equal_segment,PFC,higher_order_frontal,false,recovered_heuristic_equal_segment,true,false
230818,82,0,ses230818-units-probe0-spk-AAAB.npy,true,provisional_unit_area_from_count_matched_row_order,PFC,true,44,PFC,probeA,true,1,true,heuristic_equal_segment,PFC,higher_order_frontal,false,recovered_heuristic_equal_segment,true,false
230818,83,0,ses230818-units-probe0-spk-AAAB.npy,true,provisional_unit_area_from_count_matched_row_order,PFC,true,43,PFC,probeA,true,1,true,heuristic_equal_segment,PFC,higher_order_frontal,false,recovered_heuristic_equal_segment,true,false
230818,84,0,ses230818-units-probe0-spk-AAAB.npy,true,provisional_unit_area_from_count_matched_row_order,PFC,true,84,PFC,probeA,true,1,true,heuristic_equal_segment,PFC,higher_order_frontal,false,recovered_heuristic_equal_segment,true,false
230818,85,0,ses230818-units-probe0-spk-AAAB.npy,true,provisional_unit_area_from_count_matched_row_order,PFC,true,83,PFC,probeA,true,1,true,heuristic_equal_segment,PFC,higher_order_frontal,false,recovered_heuristic_equal_segment,true,false
230818,86,0,ses230818-units-probe0-spk-AAAB.npy,true,provisional_unit_area_from_count_matched_row_order,PFC,true,44,PFC,probeA,true,1,true,heuristic_equal_segment,PFC,higher_order_frontal,false,recovered_heuristic_equal_segment,true,false
230818,87,0,ses230818-units-probe0-spk-AAAB.npy,true,provisional_unit_area_from_count_matched_row_order,PFC,true,45,PFC,probeA,true,1,true,heuristic_equal_segment,PFC,higher_order_frontal,false,recovered_heuristic_equal_segment,true,false
230818,88,0,ses230818-units-probe0-spk-AAAB.npy,true,provisional_unit_area_from_count_matched_row_order,PFC,true,45,PFC,probeA,true,1,true,heuristic_equal_segment,PFC,higher_order_frontal,false,recovered_heuristic_equal_segment,true,false
230818,89,0,ses230818-units-probe0-spk-AAAB.npy,true,provisional_unit_area_from_count_matched_row_order,PFC,true,46,PFC,probeA,true,1,true,heuristic_equal_segment,PFC,higher_order_frontal,false,recovered_heuristic_equal_segment,true,false
230818,90,0,ses230818-units-probe0-spk-AAAB.npy,true,provisional_unit_area_from_count_matched_row_order,PFC,true,82,PFC,probeA,true,1,true,heuristic_equal_segment,PFC,higher_order_frontal,false,recovered_heuristic_equal_segment,true,false
230818,91,0,ses230818-units-probe0-spk-AAAB.npy,true,provisional_unit_area_from_count_matched_row_order,PFC,true,82,PFC,probeA,true,1,true,heuristic_equal_segment,PFC,higher_order_frontal,false,recovered_heuristic_equal_segment,true,false
230818,92,0,ses230818-units-probe0-spk-AAAB.npy,true,provisional_unit_area_from_count_matched_row_order,PFC,true,46,PFC,probeA,true,1,true,heuristic_equal_segment,PFC,higher_order_frontal,false,recovered_heuristic_equal_segment,true,false
230818,93,0,ses230818-units-probe0-spk-AAAB.npy,true,provisional_unit_area_from_count_matched_row_order,PFC,true,46,PFC,probeA,true,1,true,heuristic_equal_segment,PFC,higher_order_frontal,false,recovered_heuristic_equal_segment,true,false
230818,94,0,ses230818-units-probe0-spk-AAAB.npy,true,provisional_unit_area_from_count_matched_row_order,PFC,true,81,PFC,probeA,true,1,true,heuristic_equal_segment,PFC,higher_order_frontal,false,recovered_heuristic_equal_segment,true,false
230818,95,0,ses230818-units-probe0-spk-AAAB.npy,true,provisional_unit_area_from_count_matched_row_order,PFC,true,47,PFC,probeA,true,1,true,heuristic_equal_segment,PFC,higher_order_frontal,false,recovered_heuristic_equal_segment,true,false
230818,96,0,ses230818-units-probe0-spk-AAAB.npy,true,provisional_unit_area_from_count_matched_row_order,PFC,true,80,PFC,probeA,true,1,true,heuristic_equal_segment,PFC,higher_order_frontal,false,recovered_heuristic_equal_segment,true,false
230818,97,0,ses230818-units-probe0-spk-AAAB.npy,true,provisional_unit_area_from_count_matched_row_order,PFC,true,80,PFC,probeA,true,1,true,heuristic_equal_segment,PFC,higher_order_frontal,false,recovered_heuristic_equal_segment,true,false
230818,98,0,ses230818-units-probe0-spk-AAAB.npy,true,provisional_unit_area_from_count_matched_row_order,PFC,true,48,PFC,probeA,true,1,true,heuristic_equal_segment,PFC,higher_order_frontal,false,recovered_heuristic_equal_segment,true,false
230818,99,0,ses230818-units-probe0-spk-AAAB.npy,true,provisional_unit_area_from_count_matched_row_order,PFC,true,48,PFC,probeA,true,1,true,heuristic_equal_segment,PFC,higher_order_frontal,false,recovered_heuristic_equal_segment,true,false
230818,100,0,ses230818-units-probe0-spk-AAAB.npy,true,provisional_unit_area_from_count_matched_row_order,PFC,true,79,PFC,probeA,true,1,true,heuristic_equal_segment,PFC,higher_order_frontal,false,recovered_heuristic_equal_segment,true,false
230818,101,0,ses230818-units-probe0-spk-AAAB.npy,true,provisional_unit_area_from_count_matched_row_order,PFC,true,49,PFC,probeA,true,1,true,heuristic_equal_segment,PFC,higher_order_frontal,false,recovered_heuristic_equal_segment,true,false
230818,102,0,ses230818-units-probe0-spk-AAAB.npy,true,provisional_unit_area_from_count_matched_row_order,PFC,true,50,PFC,probeA,true,1,true,heuristic_equal_segment,PFC,higher_order_frontal,false,recovered_heuristic_equal_segment,true,false
230818,103,0,ses230818-units-probe0-spk-AAAB.npy,true,provisional_unit_area_from_count_matched_row_order,PFC,true,78,PFC,probeA,true,1,true,heuristic_equal_segment,PFC,higher_order_frontal,false,recovered_heuristic_equal_segment,true,false
230818,104,0,ses230818-units-probe0-spk-AAAB.npy,true,provisional_unit_area_from_count_matched_row_order,PFC,true,50,PFC,probeA,true,1,true,heuristic_equal_segment,PFC,higher_order_frontal,false,recovered_heuristic_equal_segment,true,false
230818,105,0,ses230818-units-probe0-spk-AAAB.npy,true,provisional_unit_area_from_count_matched_row_order,PFC,true,77,PFC,probeA,true,1,true,heuristic_equal_segment,PFC,higher_order_frontal,false,recovered_heuristic_equal_segment,true,false
230818,106,0,ses230818-units-probe0-spk-AAAB.npy,true,provisional_unit_area_from_count_matched_row_order,PFC,true,77,PFC,probeA,true,1,true,heuristic_equal_segment,PFC,higher_order_frontal,false,recovered_heuristic_equal_segment,true,false
230818,107,0,ses230818-units-probe0-spk-AAAB.npy,true,provisional_unit_area_from_count_matched_row_order,PFC,true,51,PFC,probeA,true,1,true,heuristic_equal_segment,PFC,higher_order_frontal,false,recovered_heuristic_equal_segment,true,false
230818,108,0,ses230818-units-probe0-spk-AAAB.npy,true,provisional_unit_area_from_count_matched_row_order,PFC,true,76,PFC,probeA,true,1,true,heuristic_equal_segment,PFC,higher_order_frontal,false,recovered_heuristic_equal_segment,true,false
230818,109,0,ses230818-units-probe0-spk-AAAB.npy,true,provisional_unit_area_from_count_matched_row_order,PFC,true,76,PFC,probeA,true,1,true,heuristic_equal_segment,PFC,higher_order_frontal,false,recovered_heuristic_equal_segment,true,false
230818,110,0,ses230818-units-probe0-spk-AAAB.npy,true,provisional_unit_area_from_count_matched_row_order,PFC,true,76,PFC,probeA,true,1,true,heuristic_equal_segment,PFC,higher_order_frontal,false,recovered_heuristic_equal_segment,true,false
230818,111,0,ses230818-units-probe0-spk-AAAB.npy,true,provisional_unit_area_from_count_matched_row_order,PFC,true,52,PFC,probeA,true,1,true,heuristic_equal_segment,PFC,higher_order_frontal,false,recovered_heuristic_equal_segment,true,false
230818,112,0,ses230818-units-probe0-spk-AAAB.npy,true,provisional_unit_area_from_count_matched_row_order,PFC,true,54,PFC,probeA,true,1,true,heuristic_equal_segment,PFC,higher_order_frontal,false,recovered_heuristic_equal_segment,true,false
230818,113,0,ses230818-units-probe0-spk-AAAB.npy,true,provisional_unit_area_from_count_matched_row_order,PFC,true,54,PFC,probeA,true,1,true,heuristic_equal_segment,PFC,higher_order_frontal,false,recovered_heuristic_equal_segment,true,false
230818,114,0,ses230818-units-probe0-spk-AAAB.npy,true,provisional_unit_area_from_count_matched_row_order,PFC,true,54,PFC,probeA,true,1,true,heuristic_equal_segment,PFC,higher_order_frontal,false,recovered_heuristic_equal_segment,true,false
230818,115,0,ses230818-units-probe0-spk-AAAB.npy,true,provisional_unit_area_from_count_matched_row_order,PFC,true,73,PFC,probeA,true,1,true,heuristic_equal_segment,PFC,higher_order_frontal,false,recovered_heuristic_equal_segment,true,false
230818,116,0,ses230818-units-probe0-spk-AAAB.npy,true,provisional_unit_area_from_count_matched_row_order,PFC,true,56,PFC,probeA,true,1,true,heuristic_equal_segment,PFC,higher_order_frontal,false,recovered_heuristic_equal_segment,true,false
230818,117,0,ses230818-units-probe0-spk-AAAB.npy,true,provisional_unit_area_from_count_matched_row_order,PFC,true,56,PFC,probeA,true,1,true,heuristic_equal_segment,PFC,higher_order_frontal,false,recovered_heuristic_equal_segment,true,false
230818,118,0,ses230818-units-probe0-spk-AAAB.npy,true,provisional_unit_area_from_count_matched_row_order,PFC,true,56,PFC,probeA,true,1,true,heuristic_equal_segment,PFC,higher_order_frontal,false,recovered_heuristic_equal_segment,true,false
230818,119,0,ses230818-units-probe0-spk-AAAB.npy,true,provisional_unit_area_from_count_matched_row_order,PFC,true,56,PFC,probeA,true,1,true,heuristic_equal_segment,PFC,higher_order_frontal,false,recovered_heuristic_equal_segment,true,false
230818,120,0,ses230818-units-probe0-spk-AAAB.npy,true,provisional_unit_area_from_count_matched_row_order,PFC,true,60,PFC,probeA,true,1,true,heuristic_equal_segment,PFC,higher_order_frontal,false,recovered_heuristic_equal_segment,true,false
230818,121,0,ses230818-units-probe0-spk-AAAB.npy,true,provisional_unit_area_from_count_matched_row_order,PFC,true,56,PFC,probeA,true,1,true,heuristic_equal_segment,PFC,higher_order_frontal,false,recovered_heuristic_equal_segment,true,false
230818,122,0,ses230818-units-probe0-spk-AAAB.npy,true,provisional_unit_area_from_count_matched_row_order,PFC,true,60,PFC,probeA,true,1,true,heuristic_equal_segment,PFC,higher_order_frontal,false,recovered_heuristic_equal_segment,true,false
230818,123,0,ses230818-units-probe0-spk-AAAB.npy,true,provisional_unit_area_from_count_matched_row_order,PFC,true,56,PFC,probeA,true,1,true,heuristic_equal_segment,PFC,higher_order_frontal,false,recovered_heuristic_equal_segment,true,false
230818,124,0,ses230818-units-probe0-spk-AAAB.npy,true,provisional_unit_area_from_count_matched_row_order,PFC,true,60,PFC,probeA,true,1,true,heuristic_equal_segment,PFC,higher_order_frontal,false,recovered_heuristic_equal_segment,true,false
230818,125,0,ses230818-units-probe0-spk-AAAB.npy,true,provisional_unit_area_from_count_matched_row_order,PFC,true,58,PFC,probeA,true,1,true,heuristic_equal_segment,PFC,higher_order_frontal,false,recovered_heuristic_equal_segment,true,false
230818,126,0,ses230818-units-probe0-spk-AAAB.npy,true,provisional_unit_area_from_count_matched_row_order,PFC,true,71,PFC,probeA,true,1,true,heuristic_equal_segment,PFC,higher_order_frontal,false,recovered_heuristic_equal_segment,true,false
230818,127,0,ses230818-units-probe0-spk-AAAB.npy,true,provisional_unit_area_from_count_matched_row_order,PFC,true,71,PFC,probeA,true,1,true,heuristic_equal_segment,PFC,higher_order_frontal,false,recovered_heuristic_equal_segment,true,false
230818,128,0,ses230818-units-probe0-spk-AAAB.npy,true,provisional_unit_area_from_count_matched_row_order,PFC,true,57,PFC,probeA,true,1,true,heuristic_equal_segment,PFC,higher_order_frontal,false,recovered_heuristic_equal_segment,true,false
230818,129,0,ses230818-units-probe0-spk-AAAB.npy,true,provisional_unit_area_from_count_matched_row_order,PFC,true,57,PFC,probeA,true,1,true,heuristic_equal_segment,PFC,higher_order_frontal,false,recovered_heuristic_equal_segment,true,false
230818,130,0,ses230818-units-probe0-spk-AAAB.npy,true,provisional_unit_area_from_count_matched_row_order,PFC,true,57,PFC,probeA,true,1,true,heuristic_equal_segment,PFC,higher_order_frontal,false,recovered_heuristic_equal_segment,true,false
230818,131,0,ses230818-units-probe0-spk-AAAB.npy,true,provisional_unit_area_from_count_matched_row_order,PFC,true,57,PFC,probeA,true,1,true,heuristic_equal_segment,PFC,higher_order_frontal,false,recovered_heuristic_equal_segment,true,false
230818,132,0,ses230818-units-probe0-spk-AAAB.npy,true,provisional_unit_area_from_count_matched_row_order,PFC,true,62,PFC,probeA,true,1,true,heuristic_equal_segment,PFC,higher_order_frontal,false,recovered_heuristic_equal_segment,true,false
230818,133,0,ses230818-units-probe0-spk-AAAB.npy,true,provisional_unit_area_from_count_matched_row_order,PFC,true,60,PFC,probeA,true,1,true,heuristic_equal_segment,PFC,higher_order_frontal,false,recovered_heuristic_equal_segment,true,false
230818,134,0,ses230818-units-probe0-spk-AAAB.npy,true,provisional_unit_area_from_count_matched_row_order,PFC,true,59,PFC,probeA,true,1,true,heuristic_equal_segment,PFC,higher_order_frontal,false,recovered_heuristic_equal_segment,true,false
230818,135,0,ses230818-units-probe0-spk-AAAB.npy,true,provisional_unit_area_from_count_matched_row_order,PFC,true,59,PFC,probeA,true,1,true,heuristic_equal_segment,PFC,higher_order_frontal,false,recovered_heuristic_equal_segment,true,false
230818,136,0,ses230818-units-probe0-spk-AAAB.npy,true,provisional_unit_area_from_count_matched_row_order,PFC,true,57,PFC,probeA,true,1,true,heuristic_equal_segment,PFC,higher_order_frontal,false,recovered_heuristic_equal_segment,true,false
230818,137,0,ses230818-units-probe0-spk-AAAB.npy,true,provisional_unit_area_from_count_matched_row_order,PFC,true,63,PFC,probeA,true,1,true,heuristic_equal_segment,PFC,higher_order_frontal,false,recovered_heuristic_equal_segment,true,false
230818,138,0,ses230818-units-probe0-spk-AAAB.npy,true,provisional_unit_area_from_count_matched_row_order,PFC,true,58,PFC,probeA,true,1,true,heuristic_equal_segment,PFC,higher_order_frontal,false,recovered_heuristic_equal_segment,true,false
230818,139,0,ses230818-units-probe0-spk-AAAB.npy,true,provisional_unit_area_from_count_matched_row_order,PFC,true,58,PFC,probeA,true,1,true,heuristic_equal_segment,PFC,higher_order_frontal,false,recovered_heuristic_equal_segment,true,false
230818,140,0,ses230818-units-probe0-spk-AAAB.npy,true,provisional_unit_area_from_count_matched_row_order,PFC,true,58,PFC,probeA,true,1,true,heuristic_equal_segment,PFC,higher_order_frontal,false,recovered_heuristic_equal_segment,true,false
230818,141,0,ses230818-units-probe0-spk-AAAB.npy,true,provisional_unit_area_from_count_matched_row_order,PFC,true,60,PFC,probeA,true,1,true,heuristic_equal_segment,PFC,higher_order_frontal,false,recovered_heuristic_equal_segment,true,false
230818,142,0,ses230818-units-probe0-spk-AAAB.npy,true,provisional_unit_area_from_count_matched_row_order,PFC,true,58,PFC,probeA,true,1,true,heuristic_equal_segment,PFC,higher_order_frontal,false,recovered_heuristic_equal_segment,true,false
230818,143,0,ses230818-units-probe0-spk-AAAB.npy,true,provisional_unit_area_from_count_matched_row_order,PFC,true,56,PFC,probeA,true,1,true,heuristic_equal_segment,PFC,higher_order_frontal,false,recovered_heuristic_equal_segment,true,false
230818,144,0,ses230818-units-probe0-spk-AAAB.npy,true,provisional_unit_area_from_count_matched_row_order,PFC,true,60,PFC,probeA,true,1,true,heuristic_equal_segment,PFC,higher_order_frontal,false,recovered_heuristic_equal_segment,true,false
230818,145,0,ses230818-units-probe0-spk-AAAB.npy,true,provisional_unit_area_from_count_matched_row_order,PFC,true,59,PFC,probeA,true,1,true,heuristic_equal_segment,PFC,higher_order_frontal,false,recovered_heuristic_equal_segment,true,false
230818,146,0,ses230818-units-probe0-spk-AAAB.npy,true,provisional_unit_area_from_count_matched_row_order,PFC,true,59,PFC,probeA,true,1,true,heuristic_equal_segment,PFC,higher_order_frontal,false,recovered_heuristic_equal_segment,true,false
230818,147,0,ses230818-units-probe0-spk-AAAB.npy,true,provisional_unit_area_from_count_matched_row_order,PFC,true,59,PFC,probeA,true,1,true,heuristic_equal_segment,PFC,higher_order_frontal,false,recovered_heuristic_equal_segment,true,false
230818,148,0,ses230818-units-probe0-spk-AAAB.npy,true,provisional_unit_area_from_count_matched_row_order,PFC,true,59,PFC,probeA,true,1,true,heuristic_equal_segment,PFC,higher_order_frontal,false,recovered_heuristic_equal_segment,true,false
230818,149,0,ses230818-units-probe0-spk-AAAB.npy,true,provisional_unit_area_from_count_matched_row_order,PFC,true,59,PFC,probeA,true,1,true,heuristic_equal_segment,PFC,higher_order_frontal,false,recovered_heuristic_equal_segment,true,false
230818,150,0,ses230818-units-probe0-spk-AAAB.npy,true,provisional_unit_area_from_count_matched_row_order,PFC,true,59,PFC,probeA,true,1,true,heuristic_equal_segment,PFC,higher_order_frontal,false,recovered_heuristic_equal_segment,true,false
230818,151,0,ses230818-units-probe0-spk-AAAB.npy,true,provisional_unit_area_from_count_matched_row_order,PFC,true,59,PFC,probeA,true,1,true,heuristic_equal_segment,PFC,higher_order_frontal,false,recovered_heuristic_equal_segment,true,false
230818,152,0,ses230818-units-probe0-spk-AAAB.npy,true,provisional_unit_area_from_count_matched_row_order,PFC,true,59,PFC,probeA,true,1,true,heuristic_equal_segment,PFC,higher_order_frontal,false,recovered_heuristic_equal_segment,true,false
230818,153,0,ses230818-units-probe0-spk-AAAB.npy,true,provisional_unit_area_from_count_matched_row_order,PFC,true,63,PFC,probeA,true,1,true,heuristic_equal_segment,PFC,higher_order_frontal,false,recovered_heuristic_equal_segment,true,false
230818,154,0,ses230818-units-probe0-spk-AAAB.npy,true,provisional_unit_area_from_count_matched_row_order,PFC,true,60,PFC,probeA,true,1,true,heuristic_equal_segment,PFC,higher_order_frontal,false,recovered_heuristic_equal_segment,true,false
230818,155,0,ses230818-units-probe0-spk-AAAB.npy,true,provisional_unit_area_from_count_matched_row_order,PFC,true,59,PFC,probeA,true,1,true,heuristic_equal_segment,PFC,higher_order_frontal,false,recovered_heuristic_equal_segment,true,false
230818,156,0,ses230818-units-probe0-spk-AAAB.npy,true,provisional_unit_area_from_count_matched_row_order,PFC,true,56,PFC,probeA,true,1,true,heuristic_equal_segment,PFC,higher_order_frontal,false,recovered_heuristic_equal_segment,true,false
230818,157,0,ses230818-units-probe0-spk-AAAB.npy,true,provisional_unit_area_from_count_matched_row_order,PFC,true,60,PFC,probeA,true,1,true,heuristic_equal_segment,PFC,higher_order_frontal,false,recovered_heuristic_equal_segment,true,false
230818,158,0,ses230818-units-probe0-spk-AAAB.npy,true,provisional_unit_area_from_count_matched_row_order,PFC,true,60,PFC,probeA,true,1,true,heuristic_equal_segment,PFC,higher_order_frontal,false,recovered_heuristic_equal_segment,true,false
230818,159,0,ses230818-units-probe0-spk-AAAB.npy,true,provisional_unit_area_from_count_matched_row_order,PFC,true,60,PFC,probeA,true,1,true,heuristic_equal_segment,PFC,higher_order_frontal,false,recovered_heuristic_equal_segment,true,false
230818,160,0,ses230818-units-probe0-spk-AAAB.npy,true,provisional_unit_area_from_count_matched_row_order,PFC,true,60,PFC,probeA,true,1,true,heuristic_equal_segment,PFC,higher_order_frontal,false,recovered_heuristic_equal_segment,true,false
230818,161,0,ses230818-units-probe0-spk-AAAB.npy,true,provisional_unit_area_from_count_matched_row_order,PFC,true,60,PFC,probeA,true,1,true,heuristic_equal_segment,PFC,higher_order_frontal,false,recovered_heuristic_equal_segment,true,false
230818,162,0,ses230818-units-probe0-spk-AAAB.npy,true,provisional_unit_area_from_count_matched_row_order,PFC,true,60,PFC,probeA,true,1,true,heuristic_equal_segment,PFC,higher_order_frontal,false,recovered_heuristic_equal_segment,true,false
230818,163,0,ses230818-units-probe0-spk-AAAB.npy,true,provisional_unit_area_from_count_matched_row_order,PFC,true,60,PFC,probeA,true,1,true,heuristic_equal_segment,PFC,higher_order_frontal,false,recovered_heuristic_equal_segment,true,false
230818,164,0,ses230818-units-probe0-spk-AAAB.npy,true,provisional_unit_area_from_count_matched_row_order,PFC,true,60,PFC,probeA,true,1,true,heuristic_equal_segment,PFC,higher_order_frontal,false,recovered_heuristic_equal_segment,true,false
230818,165,0,ses230818-units-probe0-spk-AAAB.npy,true,provisional_unit_area_from_count_matched_row_order,PFC,true,62,PFC,probeA,true,1,true,heuristic_equal_segment,PFC,higher_order_frontal,false,recovered_heuristic_equal_segment,true,false
230818,166,0,ses230818-units-probe0-spk-AAAB.npy,true,provisional_unit_area_from_count_matched_row_order,PFC,true,75,PFC,probeA,true,1,true,heuristic_equal_segment,PFC,higher_order_frontal,false,recovered_heuristic_equal_segment,true,false
230818,167,0,ses230818-units-probe0-spk-AAAB.npy,true,provisional_unit_area_from_count_matched_row_order,PFC,true,62,PFC,probeA,true,1,true,heuristic_equal_segment,PFC,higher_order_frontal,false,recovered_heuristic_equal_segment,true,false
230818,168,0,ses230818-units-probe0-spk-AAAB.npy,true,provisional_unit_area_from_count_matched_row_order,PFC,true,62,PFC,probeA,true,1,true,heuristic_equal_segment,PFC,higher_order_frontal,false,recovered_heuristic_equal_segment,true,false
230818,169,0,ses230818-units-probe0-spk-AAAB.npy,true,provisional_unit_area_from_count_matched_row_order,PFC,true,62,PFC,probeA,true,1,true,heuristic_equal_segment,PFC,higher_order_frontal,false,recovered_heuristic_equal_segment,true,false
230818,170,0,ses230818-units-probe0-spk-AAAB.npy,true,provisional_unit_area_from_count_matched_row_order,PFC,true,59,PFC,probeA,true,1,true,heuristic_equal_segment,PFC,higher_order_frontal,false,recovered_heuristic_equal_segment,true,false
230818,171,0,ses230818-units-probe0-spk-AAAB.npy,true,provisional_unit_area_from_count_matched_row_order,PFC,true,62,PFC,probeA,true,1,true,heuristic_equal_segment,PFC,higher_order_frontal,false,recovered_heuristic_equal_segment,true,false
230818,172,0,ses230818-units-probe0-spk-AAAB.npy,true,provisional_unit_area_from_count_matched_row_order,PFC,true,60,PFC,probeA,true,1,true,heuristic_equal_segment,PFC,higher_order_frontal,false,recovered_heuristic_equal_segment,true,false
230818,173,0,ses230818-units-probe0-spk-AAAB.npy,true,provisional_unit_area_from_count_matched_row_order,PFC,true,62,PFC,probeA,true,1,true,heuristic_equal_segment,PFC,higher_order_frontal,false,recovered_heuristic_equal_segment,true,false
230818,174,0,ses230818-units-probe0-spk-AAAB.npy,true,provisional_unit_area_from_count_matched_row_order,PFC,true,63,PFC,probeA,true,1,true,heuristic_equal_segment,PFC,higher_order_frontal,false,recovered_heuristic_equal_segment,true,false
230818,175,0,ses230818-units-probe0-spk-AAAB.npy,true,provisional_unit_area_from_count_matched_row_order,PFC,true,63,PFC,probeA,true,1,true,heuristic_equal_segment,PFC,higher_order_frontal,false,recovered_heuristic_equal_segment,true,false
230818,176,0,ses230818-units-probe0-spk-AAAB.npy,true,provisional_unit_area_from_count_matched_row_order,PFC,true,63,PFC,probeA,true,1,true,heuristic_equal_segment,PFC,higher_order_frontal,false,recovered_heuristic_equal_segment,true,false
230818,177,0,ses230818-units-probe0-spk-AAAB.npy,true,provisional_unit_area_from_count_matched_row_order,PFC,true,63,PFC,probeA,true,1,true,heuristic_equal_segment,PFC,higher_order_frontal,false,recovered_heuristic_equal_segment,true,false
230818,178,0,ses230818-units-probe0-spk-AAAB.npy,true,provisional_unit_area_from_count_matched_row_order,PFC,true,60,PFC,probeA,true,1,true,heuristic_equal_segment,PFC,higher_order_frontal,false,recovered_heuristic_equal_segment,true,false
230818,179,0,ses230818-units-probe0-spk-AAAB.npy,true,provisional_unit_area_from_count_matched_row_order,PFC,true,63,PFC,probeA,true,1,true,heuristic_equal_segment,PFC,higher_order_frontal,false,recovered_heuristic_equal_segment,true,false
230818,180,0,ses230818-units-probe0-spk-AAAB.npy,true,provisional_unit_area_from_count_matched_row_order,PFC,true,63,PFC,probeA,true,1,true,heuristic_equal_segment,PFC,higher_order_frontal,false,recovered_heuristic_equal_segment,true,false
230818,181,0,ses230818-units-probe0-spk-AAAB.npy,true,provisional_unit_area_from_count_matched_row_order,PFC,true,112,PFC,probeA,true,1,true,heuristic_equal_segment,PFC,higher_order_frontal,false,recovered_heuristic_equal_segment,true,false
230818,182,0,ses230818-units-probe0-spk-AAAB.npy,true,provisional_unit_area_from_count_matched_row_order,PFC,true,109,PFC,probeA,true,1,true,heuristic_equal_segment,PFC,higher_order_frontal,false,recovered_heuristic_equal_segment,true,false
230818,183,0,ses230818-units-probe0-spk-AAAB.npy,true,provisional_unit_area_from_count_matched_row_order,PFC,true,105,PFC,probeA,true,1,true,heuristic_equal_segment,PFC,higher_order_frontal,false,recovered_heuristic_equal_segment,true,false
230818,184,0,ses230818-units-probe0-spk-AAAB.npy,true,provisional_unit_area_from_count_matched_row_order,PFC,true,103,PFC,probeA,true,1,true,heuristic_equal_segment,PFC,higher_order_frontal,false,recovered_heuristic_equal_segment,true,false
230818,185,0,ses230818-units-probe0-spk-AAAB.npy,true,provisional_unit_area_from_count_matched_row_order,PFC,true,28,PFC,probeA,true,1,true,heuristic_equal_segment,PFC,higher_order_frontal,false,recovered_heuristic_equal_segment,true,false
230818,186,0,ses230818-units-probe0-spk-AAAB.npy,true,provisional_unit_area_from_count_matched_row_order,PFC,true,93,PFC,probeA,true,1,true,heuristic_equal_segment,PFC,higher_order_frontal,false,recovered_heuristic_equal_segment,true,false
230818,187,0,ses230818-units-probe0-spk-AAAB.npy,true,provisional_unit_area_from_count_matched_row_order,PFC,true,90,PFC,probeA,true,1,true,heuristic_equal_segment,PFC,higher_order_frontal,false,recovered_heuristic_equal_segment,true,false
230818,188,0,ses230818-units-probe0-spk-AAAB.npy,true,provisional_unit_area_from_count_matched_row_order,PFC,true,87,PFC,probeA,true,1,true,heuristic_equal_segment,PFC,higher_order_frontal,false,recovered_heuristic_equal_segment,true,false
230818,189,0,ses230818-units-probe0-spk-AAAB.npy,true,provisional_unit_area_from_count_matched_row_order,PFC,true,80,PFC,probeA,true,1,true,heuristic_equal_segment,PFC,higher_order_frontal,false,recovered_heuristic_equal_segment,true,false
230818,190,0,ses230818-units-probe0-spk-AAAB.npy,true,provisional_unit_area_from_count_matched_row_order,PFC,true,73,PFC,probeA,true,1,true,heuristic_equal_segment,PFC,higher_order_frontal,false,recovered_heuristic_equal_segment,true,false
230818,191,0,ses230818-units-probe0-spk-AAAB.npy,true,provisional_unit_area_from_count_matched_row_order,PFC,true,105,PFC,probeA,true,1,true,heuristic_equal_segment,PFC,higher_order_frontal,false,recovered_heuristic_equal_segment,true,false
230823,0,0,ses230823-units-probe0-spk-AAAB.npy,true,unmapped_no_metadata,Unknown,true,0,FEF,probeA,true,1,true,heuristic_equal_segment,FEF,higher_order_frontal,false,recovered_heuristic_equal_segment,true,false
230823,1,0,ses230823-units-probe0-spk-AAAB.npy,true,unmapped_no_metadata,Unknown,true,15,FEF,probeA,true,1,true,heuristic_equal_segment,FEF,higher_order_frontal,false,recovered_heuristic_equal_segment,true,false
230823,2,0,ses230823-units-probe0-spk-AAAB.npy,true,unmapped_no_metadata,Unknown,true,17,FEF,probeA,true,1,true,heuristic_equal_segment,FEF,higher_order_frontal,false,recovered_heuristic_equal_segment,true,false
230823,3,0,ses230823-units-probe0-spk-AAAB.npy,true,unmapped_no_metadata,Unknown,true,18,FEF,probeA,true,1,true,heuristic_equal_segment,FEF,higher_order_frontal,false,recovered_heuristic_equal_segment,true,false
230823,4,0,ses230823-units-probe0-spk-AAAB.npy,true,unmapped_no_metadata,Unknown,true,16,FEF,probeA,true,1,true,heuristic_equal_segment,FEF,higher_order_frontal,false,recovered_heuristic_equal_segment,true,false
230823,5,0,ses230823-units-probe0-spk-AAAB.npy,true,unmapped_no_metadata,Unknown,true,111,FEF,probeA,true,1,true,heuristic_equal_segment,FEF,higher_order_frontal,false,recovered_heuristic_equal_segment,true,false
230823,6,0,ses230823-units-probe0-spk-AAAB.npy,true,unmapped_no_metadata,Unknown,true,17,FEF,probeA,true,1,true,heuristic_equal_segment,FEF,higher_order_frontal,false,recovered_heuristic_equal_segment,true,false
230823,7,0,ses230823-units-probe0-spk-AAAB.npy,true,unmapped_no_metadata,Unknown,true,17,FEF,probeA,true,1,true,heuristic_equal_segment,FEF,higher_order_frontal,false,recovered_heuristic_equal_segment,true,false
230823,8,0,ses230823-units-probe0-spk-AAAB.npy,true,unmapped_no_metadata,Unknown,true,110,FEF,probeA,true,1,true,heuristic_equal_segment,FEF,higher_order_frontal,false,recovered_heuristic_equal_segment,true,false
230823,9,0,ses230823-units-probe0-spk-AAAB.npy,true,unmapped_no_metadata,Unknown,true,17,FEF,probeA,true,1,true,heuristic_equal_segment,FEF,higher_order_frontal,false,recovered_heuristic_equal_segment,true,false
230823,10,0,ses230823-units-probe0-spk-AAAB.npy,true,unmapped_no_metadata,Unknown,true,110,FEF,probeA,true,1,true,heuristic_equal_segment,FEF,higher_order_frontal,false,recovered_heuristic_equal_segment,true,false
230823,11,0,ses230823-units-probe0-spk-AAAB.npy,true,unmapped_no_metadata,Unknown,true,110,FEF,probeA,true,1,true,heuristic_equal_segment,FEF,higher_order_frontal,false,recovered_heuristic_equal_segment,true,false
230823,12,0,ses230823-units-probe0-spk-AAAB.npy,true,unmapped_no_metadata,Unknown,true,18,FEF,probeA,true,1,true,heuristic_equal_segment,FEF,higher_order_frontal,false,recovered_heuristic_equal_segment,true,false
230823,13,0,ses230823-units-probe0-spk-AAAB.npy,true,unmapped_no_metadata,Unknown,true,18,FEF,probeA,true,1,true,heuristic_equal_segment,FEF,higher_order_frontal,false,recovered_heuristic_equal_segment,true,false
230823,14,0,ses230823-units-probe0-spk-AAAB.npy,true,unmapped_no_metadata,Unknown,true,109,FEF,probeA,true,1,true,heuristic_equal_segment,FEF,higher_order_frontal,false,recovered_heuristic_equal_segment,true,false
230823,15,0,ses230823-units-probe0-spk-AAAB.npy,true,unmapped_no_metadata,Unknown,true,109,FEF,probeA,true,1,true,heuristic_equal_segment,FEF,higher_order_frontal,false,recovered_heuristic_equal_segment,true,false
230823,16,0,ses230823-units-probe0-spk-AAAB.npy,true,unmapped_no_metadata,Unknown,true,109,FEF,probeA,true,1,true,heuristic_equal_segment,FEF,higher_order_frontal,false,recovered_heuristic_equal_segment,true,false
230823,17,0,ses230823-units-probe0-spk-AAAB.npy,true,unmapped_no_metadata,Unknown,true,19,FEF,probeA,true,1,true,heuristic_equal_segment,FEF,higher_order_frontal,false,recovered_heuristic_equal_segment,true,false
230823,18,0,ses230823-units-probe0-spk-AAAB.npy,true,unmapped_no_metadata,Unknown,true,19,FEF,probeA,true,1,true,heuristic_equal_segment,FEF,higher_order_frontal,false,recovered_heuristic_equal_segment,true,false
230823,19,0,ses230823-units-probe0-spk-AAAB.npy,true,unmapped_no_metadata,Unknown,true,108,FEF,probeA,true,1,true,heuristic_equal_segment,FEF,higher_order_frontal,false,recovered_heuristic_equal_segment,true,false
230823,20,0,ses230823-units-probe0-spk-AAAB.npy,true,unmapped_no_metadata,Unknown,true,20,FEF,probeA,true,1,true,heuristic_equal_segment,FEF,higher_order_frontal,false,recovered_heuristic_equal_segment,true,false
230823,21,0,ses230823-units-probe0-spk-AAAB.npy,true,unmapped_no_metadata,Unknown,true,20,FEF,probeA,true,1,true,heuristic_equal_segment,FEF,higher_order_frontal,false,recovered_heuristic_equal_segment,true,false
230823,22,0,ses230823-units-probe0-spk-AAAB.npy,true,unmapped_no_metadata,Unknown,true,107,FEF,probeA,true,1,true,heuristic_equal_segment,FEF,higher_order_frontal,false,recovered_heuristic_equal_segment,true,false
230823,23,0,ses230823-units-probe0-spk-AAAB.npy,true,unmapped_no_metadata,Unknown,true,107,FEF,probeA,true,1,true,heuristic_equal_segment,FEF,higher_order_frontal,false,recovered_heuristic_equal_segment,true,false
230823,24,0,ses230823-units-probe0-spk-AAAB.npy,true,unmapped_no_metadata,Unknown,true,106,FEF,probeA,true,1,true,heuristic_equal_segment,FEF,higher_order_frontal,false,recovered_heuristic_equal_segment,true,false
230823,25,0,ses230823-units-probe0-spk-AAAB.npy,true,unmapped_no_metadata,Unknown,true,106,FEF,probeA,true,1,true,heuristic_equal_segment,FEF,higher_order_frontal,false,recovered_heuristic_equal_segment,true,false
230823,26,0,ses230823-units-probe0-spk-AAAB.npy,true,unmapped_no_metadata,Unknown,true,22,FEF,probeA,true,1,true,heuristic_equal_segment,FEF,higher_order_frontal,false,recovered_heuristic_equal_segment,true,false
230823,27,0,ses230823-units-probe0-spk-AAAB.npy,true,unmapped_no_metadata,Unknown,true,18,FEF,probeA,true,1,true,heuristic_equal_segment,FEF,higher_order_frontal,false,recovered_heuristic_equal_segment,true,false
230823,28,0,ses230823-units-probe0-spk-AAAB.npy,true,unmapped_no_metadata,Unknown,true,105,FEF,probeA,true,1,true,heuristic_equal_segment,FEF,higher_order_frontal,false,recovered_heuristic_equal_segment,true,false
230823,29,0,ses230823-units-probe0-spk-AAAB.npy,true,unmapped_no_metadata,Unknown,true,105,FEF,probeA,true,1,true,heuristic_equal_segment,FEF,higher_order_frontal,false,recovered_heuristic_equal_segment,true,false
230823,30,0,ses230823-units-probe0-spk-AAAB.npy,true,unmapped_no_metadata,Unknown,true,23,FEF,probeA,true,1,true,heuristic_equal_segment,FEF,higher_order_frontal,false,recovered_heuristic_equal_segment,true,false
230823,31,0,ses230823-units-probe0-spk-AAAB.npy,true,unmapped_no_metadata,Unknown,true,104,FEF,probeA,true,1,true,heuristic_equal_segment,FEF,higher_order_frontal,false,recovered_heuristic_equal_segment,true,false
230823,32,0,ses230823-units-probe0-spk-AAAB.npy,true,unmapped_no_metadata,Unknown,true,24,FEF,probeA,true,1,true,heuristic_equal_segment,FEF,higher_order_frontal,false,recovered_heuristic_equal_segment,true,false
230823,33,0,ses230823-units-probe0-spk-AAAB.npy,true,unmapped_no_metadata,Unknown,true,24,FEF,probeA,true,1,true,heuristic_equal_segment,FEF,higher_order_frontal,false,recovered_heuristic_equal_segment,true,false
230823,34,0,ses230823-units-probe0-spk-AAAB.npy,true,unmapped_no_metadata,Unknown,true,25,FEF,probeA,true,1,true,heuristic_equal_segment,FEF,higher_order_frontal,false,recovered_heuristic_equal_segment,true,false
230823,35,0,ses230823-units-probe0-spk-AAAB.npy,true,unmapped_no_metadata,Unknown,true,25,FEF,probeA,true,1,true,heuristic_equal_segment,FEF,higher_order_frontal,false,recovered_heuristic_equal_segment,true,false
230823,36,0,ses230823-units-probe0-spk-AAAB.npy,true,unmapped_no_metadata,Unknown,true,102,FEF,probeA,true,1,true,heuristic_equal_segment,FEF,higher_order_frontal,false,recovered_heuristic_equal_segment,true,false
230823,37,0,ses230823-units-probe0-spk-AAAB.npy,true,unmapped_no_metadata,Unknown,true,26,FEF,probeA,true,1,true,heuristic_equal_segment,FEF,higher_order_frontal,false,recovered_heuristic_equal_segment,true,false
230823,38,0,ses230823-units-probe0-spk-AAAB.npy,true,unmapped_no_metadata,Unknown,true,101,FEF,probeA,true,1,true,heuristic_equal_segment,FEF,higher_order_frontal,false,recovered_heuristic_equal_segment,true,false
230823,39,0,ses230823-units-probe0-spk-AAAB.npy,true,unmapped_no_metadata,Unknown,true,101,FEF,probeA,true,1,true,heuristic_equal_segment,FEF,higher_order_frontal,false,recovered_heuristic_equal_segment,true,false
230823,40,0,ses230823-units-probe0-spk-AAAB.npy,true,unmapped_no_metadata,Unknown,true,27,FEF,probeA,true,1,true,heuristic_equal_segment,FEF,higher_order_frontal,false,recovered_heuristic_equal_segment,true,false
230823,41,0,ses230823-units-probe0-spk-AAAB.npy,true,unmapped_no_metadata,Unknown,true,100,FEF,probeA,true,1,true,heuristic_equal_segment,FEF,higher_order_frontal,false,recovered_heuristic_equal_segment,true,false
230823,42,0,ses230823-units-probe0-spk-AAAB.npy,true,unmapped_no_metadata,Unknown,true,100,FEF,probeA,true,1,true,heuristic_equal_segment,FEF,higher_order_frontal,false,recovered_heuristic_equal_segment,true,false
230823,43,0,ses230823-units-probe0-spk-AAAB.npy,true,unmapped_no_metadata,Unknown,true,28,FEF,probeA,true,1,true,heuristic_equal_segment,FEF,higher_order_frontal,false,recovered_heuristic_equal_segment,true,false
230823,44,0,ses230823-units-probe0-spk-AAAB.npy,true,unmapped_no_metadata,Unknown,true,28,FEF,probeA,true,1,true,heuristic_equal_segment,FEF,higher_order_frontal,false,recovered_heuristic_equal_segment,true,false
230823,45,0,ses230823-units-probe0-spk-AAAB.npy,true,unmapped_no_metadata,Unknown,true,29,FEF,probeA,true,1,true,heuristic_equal_segment,FEF,higher_order_frontal,false,recovered_heuristic_equal_segment,true,false
230823,46,0,ses230823-units-probe0-spk-AAAB.npy,true,unmapped_no_metadata,Unknown,true,98,FEF,probeA,true,1,true,heuristic_equal_segment,FEF,higher_order_frontal,false,recovered_heuristic_equal_segment,true,false
230823,47,0,ses230823-units-probe0-spk-AAAB.npy,true,unmapped_no_metadata,Unknown,true,30,FEF,probeA,true,1,true,heuristic_equal_segment,FEF,higher_order_frontal,false,recovered_heuristic_equal_segment,true,false
230823,48,0,ses230823-units-probe0-spk-AAAB.npy,true,unmapped_no_metadata,Unknown,true,97,FEF,probeA,true,1,true,heuristic_equal_segment,FEF,higher_order_frontal,false,recovered_heuristic_equal_segment,true,false
230823,49,0,ses230823-units-probe0-spk-AAAB.npy,true,unmapped_no_metadata,Unknown,true,97,FEF,probeA,true,1,true,heuristic_equal_segment,FEF,higher_order_frontal,false,recovered_heuristic_equal_segment,true,false
230823,50,0,ses230823-units-probe0-spk-AAAB.npy,true,unmapped_no_metadata,Unknown,true,31,FEF,probeA,true,1,true,heuristic_equal_segment,FEF,higher_order_frontal,false,recovered_heuristic_equal_segment,true,false
230823,51,0,ses230823-units-probe0-spk-AAAB.npy,true,unmapped_no_metadata,Unknown,true,31,FEF,probeA,true,1,true,heuristic_equal_segment,FEF,higher_order_frontal,false,recovered_heuristic_equal_segment,true,false
230823,52,0,ses230823-units-probe0-spk-AAAB.npy,true,unmapped_no_metadata,Unknown,true,32,FEF,probeA,true,1,true,heuristic_equal_segment,FEF,higher_order_frontal,false,recovered_heuristic_equal_segment,true,false
230823,53,0,ses230823-units-probe0-spk-AAAB.npy,true,unmapped_no_metadata,Unknown,true,32,FEF,probeA,true,1,true,heuristic_equal_segment,FEF,higher_order_frontal,false,recovered_heuristic_equal_segment,true,false
230823,54,0,ses230823-units-probe0-spk-AAAB.npy,true,unmapped_no_metadata,Unknown,true,95,FEF,probeA,true,1,true,heuristic_equal_segment,FEF,higher_order_frontal,false,recovered_heuristic_equal_segment,true,false
230823,55,0,ses230823-units-probe0-spk-AAAB.npy,true,unmapped_no_metadata,Unknown,true,32,FEF,probeA,true,1,true,heuristic_equal_segment,FEF,higher_order_frontal,false,recovered_heuristic_equal_segment,true,false
230823,56,0,ses230823-units-probe0-spk-AAAB.npy,true,unmapped_no_metadata,Unknown,true,33,FEF,probeA,true,1,true,heuristic_equal_segment,FEF,higher_order_frontal,false,recovered_heuristic_equal_segment,true,false
230823,57,0,ses230823-units-probe0-spk-AAAB.npy,true,unmapped_no_metadata,Unknown,true,94,FEF,probeA,true,1,true,heuristic_equal_segment,FEF,higher_order_frontal,false,recovered_heuristic_equal_segment,true,false
230823,58,0,ses230823-units-probe0-spk-AAAB.npy,true,unmapped_no_metadata,Unknown,true,34,FEF,probeA,true,1,true,heuristic_equal_segment,FEF,higher_order_frontal,false,recovered_heuristic_equal_segment,true,false
230823,59,0,ses230823-units-probe0-spk-AAAB.npy,true,unmapped_no_metadata,Unknown,true,92,FEF,probeA,true,1,true,heuristic_equal_segment,FEF,higher_order_frontal,false,recovered_heuristic_equal_segment,true,false
230823,60,0,ses230823-units-probe0-spk-AAAB.npy,true,unmapped_no_metadata,Unknown,true,92,FEF,probeA,true,1,true,heuristic_equal_segment,FEF,higher_order_frontal,false,recovered_heuristic_equal_segment,true,false
230823,61,0,ses230823-units-probe0-spk-AAAB.npy,true,unmapped_no_metadata,Unknown,true,91,FEF,probeA,true,1,true,heuristic_equal_segment,FEF,higher_order_frontal,false,recovered_heuristic_equal_segment,true,false
230823,62,0,ses230823-units-probe0-spk-AAAB.npy,true,unmapped_no_metadata,Unknown,true,90,FEF,probeA,true,1,true,heuristic_equal_segment,FEF,higher_order_frontal,false,recovered_heuristic_equal_segment,true,false
230823,63,0,ses230823-units-probe0-spk-AAAB.npy,true,unmapped_no_metadata,Unknown,true,90,FEF,probeA,true,1,true,heuristic_equal_segment,FEF,higher_order_frontal,false,recovered_heuristic_equal_segment,true,false
230823,64,0,ses230823-units-probe0-spk-AAAB.npy,true,unmapped_no_metadata,Unknown,true,36,FEF,probeA,true,1,true,heuristic_equal_segment,FEF,higher_order_frontal,false,recovered_heuristic_equal_segment,true,false
230823,65,0,ses230823-units-probe0-spk-AAAB.npy,true,unmapped_no_metadata,Unknown,true,39,FEF,probeA,true,1,true,heuristic_equal_segment,FEF,higher_order_frontal,false,recovered_heuristic_equal_segment,true,false
230823,66,0,ses230823-units-probe0-spk-AAAB.npy,true,unmapped_no_metadata,Unknown,true,89,FEF,probeA,true,1,true,heuristic_equal_segment,FEF,higher_order_frontal,false,recovered_heuristic_equal_segment,true,false
230823,67,0,ses230823-units-probe0-spk-AAAB.npy,true,unmapped_no_metadata,Unknown,true,39,FEF,probeA,true,1,true,heuristic_equal_segment,FEF,higher_order_frontal,false,recovered_heuristic_equal_segment,true,false
230823,68,0,ses230823-units-probe0-spk-AAAB.npy,true,unmapped_no_metadata,Unknown,true,40,FEF,probeA,true,1,true,heuristic_equal_segment,FEF,higher_order_frontal,false,recovered_heuristic_equal_segment,true,false
230823,69,0,ses230823-units-probe0-spk-AAAB.npy,true,unmapped_no_metadata,Unknown,true,88,FEF,probeA,true,1,true,heuristic_equal_segment,FEF,higher_order_frontal,false,recovered_heuristic_equal_segment,true,false
230823,70,0,ses230823-units-probe0-spk-AAAB.npy,true,unmapped_no_metadata,Unknown,true,89,FEF,probeA,true,1,true,heuristic_equal_segment,FEF,higher_order_frontal,false,recovered_heuristic_equal_segment,true,false
230823,71,0,ses230823-units-probe0-spk-AAAB.npy,true,unmapped_no_metadata,Unknown,true,40,FEF,probeA,true,1,true,heuristic_equal_segment,FEF,higher_order_frontal,false,recovered_heuristic_equal_segment,true,false
230823,72,0,ses230823-units-probe0-spk-AAAB.npy,true,unmapped_no_metadata,Unknown,true,41,FEF,probeA,true,1,true,heuristic_equal_segment,FEF,higher_order_frontal,false,recovered_heuristic_equal_segment,true,false
230823,73,0,ses230823-units-probe0-spk-AAAB.npy,true,unmapped_no_metadata,Unknown,true,85,FEF,probeA,true,1,true,heuristic_equal_segment,FEF,higher_order_frontal,false,recovered_heuristic_equal_segment,true,false
230823,74,0,ses230823-units-probe0-spk-AAAB.npy,true,unmapped_no_metadata,Unknown,true,86,FEF,probeA,true,1,true,heuristic_equal_segment,FEF,higher_order_frontal,false,recovered_heuristic_equal_segment,true,false
230823,75,0,ses230823-units-probe0-spk-AAAB.npy,true,unmapped_no_metadata,Unknown,true,86,FEF,probeA,true,1,true,heuristic_equal_segment,FEF,higher_order_frontal,false,recovered_heuristic_equal_segment,true,false
230823,76,0,ses230823-units-probe0-spk-AAAB.npy,true,unmapped_no_metadata,Unknown,true,86,FEF,probeA,true,1,true,heuristic_equal_segment,FEF,higher_order_frontal,false,recovered_heuristic_equal_segment,true,false
230823,77,0,ses230823-units-probe0-spk-AAAB.npy,true,unmapped_no_metadata,Unknown,true,42,FEF,probeA,true,1,true,heuristic_equal_segment,FEF,higher_order_frontal,false,recovered_heuristic_equal_segment,true,false
230823,78,0,ses230823-units-probe0-spk-AAAB.npy,true,unmapped_no_metadata,Unknown,true,43,FEF,probeA,true,1,true,heuristic_equal_segment,FEF,higher_order_frontal,false,recovered_heuristic_equal_segment,true,false
230823,79,0,ses230823-units-probe0-spk-AAAB.npy,true,unmapped_no_metadata,Unknown,true,43,FEF,probeA,true,1,true,heuristic_equal_segment,FEF,higher_order_frontal,false,recovered_heuristic_equal_segment,true,false
230823,80,0,ses230823-units-probe0-spk-AAAB.npy,true,unmapped_no_metadata,Unknown,true,43,FEF,probeA,true,1,true,heuristic_equal_segment,FEF,higher_order_frontal,false,recovered_heuristic_equal_segment,true,false
230823,81,0,ses230823-units-probe0-spk-AAAB.npy,true,unmapped_no_metadata,Unknown,true,83,FEF,probeA,true,1,true,heuristic_equal_segment,FEF,higher_order_frontal,false,recovered_heuristic_equal_segment,true,false
230823,82,0,ses230823-units-probe0-spk-AAAB.npy,true,unmapped_no_metadata,Unknown,true,82,FEF,probeA,true,1,true,heuristic_equal_segment,FEF,higher_order_frontal,false,recovered_heuristic_equal_segment,true,false
230823,83,0,ses230823-units-probe0-spk-AAAB.npy,true,unmapped_no_metadata,Unknown,true,82,FEF,probeA,true,1,true,heuristic_equal_segment,FEF,higher_order_frontal,false,recovered_heuristic_equal_segment,true,false
230823,84,0,ses230823-units-probe0-spk-AAAB.npy,true,unmapped_no_metadata,Unknown,true,45,FEF,probeA,true,1,true,heuristic_equal_segment,FEF,higher_order_frontal,false,recovered_heuristic_equal_segment,true,false
230823,85,0,ses230823-units-probe0-spk-AAAB.npy,true,unmapped_no_metadata,Unknown,true,47,FEF,probeA,true,1,true,heuristic_equal_segment,FEF,higher_order_frontal,false,recovered_heuristic_equal_segment,true,false
230823,86,0,ses230823-units-probe0-spk-AAAB.npy,true,unmapped_no_metadata,Unknown,true,48,FEF,probeA,true,1,true,heuristic_equal_segment,FEF,higher_order_frontal,false,recovered_heuristic_equal_segment,true,false
230823,87,0,ses230823-units-probe0-spk-AAAB.npy,true,unmapped_no_metadata,Unknown,true,79,FEF,probeA,true,1,true,heuristic_equal_segment,FEF,higher_order_frontal,false,recovered_heuristic_equal_segment,true,false
230823,88,0,ses230823-units-probe0-spk-AAAB.npy,true,unmapped_no_metadata,Unknown,true,49,FEF,probeA,true,1,true,heuristic_equal_segment,FEF,higher_order_frontal,false,recovered_heuristic_equal_segment,true,false
230823,89,0,ses230823-units-probe0-spk-AAAB.npy,true,unmapped_no_metadata,Unknown,true,78,FEF,probeA,true,1,true,heuristic_equal_segment,FEF,higher_order_frontal,false,recovered_heuristic_equal_segment,true,false
230823,90,0,ses230823-units-probe0-spk-AAAB.npy,true,unmapped_no_metadata,Unknown,true,78,FEF,probeA,true,1,true,heuristic_equal_segment,FEF,higher_order_frontal,false,recovered_heuristic_equal_segment,true,false
230823,91,0,ses230823-units-probe0-spk-AAAB.npy,true,unmapped_no_metadata,Unknown,true,77,FEF,probeA,true,1,true,heuristic_equal_segment,FEF,higher_order_frontal,false,recovered_heuristic_equal_segment,true,false
230823,92,0,ses230823-units-probe0-spk-AAAB.npy,true,unmapped_no_metadata,Unknown,true,51,FEF,probeA,true,1,true,heuristic_equal_segment,FEF,higher_order_frontal,false,recovered_heuristic_equal_segment,true,false
230823,93,0,ses230823-units-probe0-spk-AAAB.npy,true,unmapped_no_metadata,Unknown,true,76,FEF,probeA,true,1,true,heuristic_equal_segment,FEF,higher_order_frontal,false,recovered_heuristic_equal_segment,true,false
230823,94,0,ses230823-units-probe0-spk-AAAB.npy,true,unmapped_no_metadata,Unknown,true,76,FEF,probeA,true,1,true,heuristic_equal_segment,FEF,higher_order_frontal,false,recovered_heuristic_equal_segment,true,false
230823,95,0,ses230823-units-probe0-spk-AAAB.npy,true,unmapped_no_metadata,Unknown,true,75,FEF,probeA,true,1,true,heuristic_equal_segment,FEF,higher_order_frontal,false,recovered_heuristic_equal_segment,true,false
230823,96,0,ses230823-units-probe0-spk-AAAB.npy,true,unmapped_no_metadata,Unknown,true,75,FEF,probeA,true,1,true,heuristic_equal_segment,FEF,higher_order_frontal,false,recovered_heuristic_equal_segment,true,false
230823,97,0,ses230823-units-probe0-spk-AAAB.npy,true,unmapped_no_metadata,Unknown,true,74,FEF,probeA,true,1,true,heuristic_equal_segment,FEF,higher_order_frontal,false,recovered_heuristic_equal_segment,true,false
230823,98,0,ses230823-units-probe0-spk-AAAB.npy,true,unmapped_no_metadata,Unknown,true,74,FEF,probeA,true,1,true,heuristic_equal_segment,FEF,higher_order_frontal,false,recovered_heuristic_equal_segment,true,false
230823,99,0,ses230823-units-probe0-spk-AAAB.npy,true,unmapped_no_metadata,Unknown,true,74,FEF,probeA,true,1,true,heuristic_equal_segment,FEF,higher_order_frontal,false,recovered_heuristic_equal_segment,true,false
230823,100,0,ses230823-units-probe0-spk-AAAB.npy,true,unmapped_no_metadata,Unknown,true,74,FEF,probeA,true,1,true,heuristic_equal_segment,FEF,higher_order_frontal,false,recovered_heuristic_equal_segment,true,false
230823,101,0,ses230823-units-probe0-spk-AAAB.npy,true,unmapped_no_metadata,Unknown,true,54,FEF,probeA,true,1,true,heuristic_equal_segment,FEF,higher_order_frontal,false,recovered_heuristic_equal_segment,true,false
230823,102,0,ses230823-units-probe0-spk-AAAB.npy,true,unmapped_no_metadata,Unknown,true,73,FEF,probeA,true,1,true,heuristic_equal_segment,FEF,higher_order_frontal,false,recovered_heuristic_equal_segment,true,false
230823,103,0,ses230823-units-probe0-spk-AAAB.npy,true,unmapped_no_metadata,Unknown,true,73,FEF,probeA,true,1,true,heuristic_equal_segment,FEF,higher_order_frontal,false,recovered_heuristic_equal_segment,true,false
230823,104,0,ses230823-units-probe0-spk-AAAB.npy,true,unmapped_no_metadata,Unknown,true,72,FEF,probeA,true,1,true,heuristic_equal_segment,FEF,higher_order_frontal,false,recovered_heuristic_equal_segment,true,false
230823,105,0,ses230823-units-probe0-spk-AAAB.npy,true,unmapped_no_metadata,Unknown,true,72,FEF,probeA,true,1,true,heuristic_equal_segment,FEF,higher_order_frontal,false,recovered_heuristic_equal_segment,true,false
230823,106,0,ses230823-units-probe0-spk-AAAB.npy,true,unmapped_no_metadata,Unknown,true,72,FEF,probeA,true,1,true,heuristic_equal_segment,FEF,higher_order_frontal,false,recovered_heuristic_equal_segment,true,false
230823,107,0,ses230823-units-probe0-spk-AAAB.npy,true,unmapped_no_metadata,Unknown,true,59,FEF,probeA,true,1,true,heuristic_equal_segment,FEF,higher_order_frontal,false,recovered_heuristic_equal_segment,true,false
230823,108,0,ses230823-units-probe0-spk-AAAB.npy,true,unmapped_no_metadata,Unknown,true,71,FEF,probeA,true,1,true,heuristic_equal_segment,FEF,higher_order_frontal,false,recovered_heuristic_equal_segment,true,false
230823,109,0,ses230823-units-probe0-spk-AAAB.npy,true,unmapped_no_metadata,Unknown,true,57,FEF,probeA,true,1,true,heuristic_equal_segment,FEF,higher_order_frontal,false,recovered_heuristic_equal_segment,true,false
230823,110,0,ses230823-units-probe0-spk-AAAB.npy,true,unmapped_no_metadata,Unknown,true,60,FEF,probeA,true,1,true,heuristic_equal_segment,FEF,higher_order_frontal,false,recovered_heuristic_equal_segment,true,false
230823,111,0,ses230823-units-probe0-spk-AAAB.npy,true,unmapped_no_metadata,Unknown,true,57,FEF,probeA,true,1,true,heuristic_equal_segment,FEF,higher_order_frontal,false,recovered_heuristic_equal_segment,true,false
230823,112,0,ses230823-units-probe0-spk-AAAB.npy,true,unmapped_no_metadata,Unknown,true,57,FEF,probeA,true,1,true,heuristic_equal_segment,FEF,higher_order_frontal,false,recovered_heuristic_equal_segment,true,false
230823,113,0,ses230823-units-probe0-spk-AAAB.npy,true,unmapped_no_metadata,Unknown,true,52,FEF,probeA,true,1,true,heuristic_equal_segment,FEF,higher_order_frontal,false,recovered_heuristic_equal_segment,true,false
230823,114,0,ses230823-units-probe0-spk-AAAB.npy,true,unmapped_no_metadata,Unknown,true,60,FEF,probeA,true,1,true,heuristic_equal_segment,FEF,higher_order_frontal,false,recovered_heuristic_equal_segment,true,false
230823,115,0,ses230823-units-probe0-spk-AAAB.npy,true,unmapped_no_metadata,Unknown,true,70,FEF,probeA,true,1,true,heuristic_equal_segment,FEF,higher_order_frontal,false,recovered_heuristic_equal_segment,true,false
230823,116,0,ses230823-units-probe0-spk-AAAB.npy,true,unmapped_no_metadata,Unknown,true,58,FEF,probeA,true,1,true,heuristic_equal_segment,FEF,higher_order_frontal,false,recovered_heuristic_equal_segment,true,false
230823,117,0,ses230823-units-probe0-spk-AAAB.npy,true,unmapped_no_metadata,Unknown,true,58,FEF,probeA,true,1,true,heuristic_equal_segment,FEF,higher_order_frontal,false,recovered_heuristic_equal_segment,true,false
230823,118,0,ses230823-units-probe0-spk-AAAB.npy,true,unmapped_no_metadata,Unknown,true,58,FEF,probeA,true,1,true,heuristic_equal_segment,FEF,higher_order_frontal,false,recovered_heuristic_equal_segment,true,false
230823,119,0,ses230823-units-probe0-spk-AAAB.npy,true,unmapped_no_metadata,Unknown,true,58,FEF,probeA,true,1,true,heuristic_equal_segment,FEF,higher_order_frontal,false,recovered_heuristic_equal_segment,true,false
230823,120,0,ses230823-units-probe0-spk-AAAB.npy,true,unmapped_no_metadata,Unknown,true,59,FEF,probeA,true,1,true,heuristic_equal_segment,FEF,higher_order_frontal,false,recovered_heuristic_equal_segment,true,false
230823,121,0,ses230823-units-probe0-spk-AAAB.npy,true,unmapped_no_metadata,Unknown,true,61,FEF,probeA,true,1,true,heuristic_equal_segment,FEF,higher_order_frontal,false,recovered_heuristic_equal_segment,true,false
230823,122,0,ses230823-units-probe0-spk-AAAB.npy,true,unmapped_no_metadata,Unknown,true,69,FEF,probeA,true,1,true,heuristic_equal_segment,FEF,higher_order_frontal,false,recovered_heuristic_equal_segment,true,false
230823,123,0,ses230823-units-probe0-spk-AAAB.npy,true,unmapped_no_metadata,Unknown,true,59,FEF,probeA,true,1,true,heuristic_equal_segment,FEF,higher_order_frontal,false,recovered_heuristic_equal_segment,true,false
230823,124,0,ses230823-units-probe0-spk-AAAB.npy,true,unmapped_no_metadata,Unknown,true,59,FEF,probeA,true,1,true,heuristic_equal_segment,FEF,higher_order_frontal,false,recovered_heuristic_equal_segment,true,false
230823,125,0,ses230823-units-probe0-spk-AAAB.npy,true,unmapped_no_metadata,Unknown,true,59,FEF,probeA,true,1,true,heuristic_equal_segment,FEF,higher_order_frontal,false,recovered_heuristic_equal_segment,true,false
230823,126,0,ses230823-units-probe0-spk-AAAB.npy,true,unmapped_no_metadata,Unknown,true,59,FEF,probeA,true,1,true,heuristic_equal_segment,FEF,higher_order_frontal,false,recovered_heuristic_equal_segment,true,false
230823,127,0,ses230823-units-probe0-spk-AAAB.npy,true,unmapped_no_metadata,Unknown,true,59,FEF,probeA,true,1,true,heuristic_equal_segment,FEF,higher_order_frontal,false,recovered_heuristic_equal_segment,true,false
230823,128,0,ses230823-units-probe0-spk-AAAB.npy,true,unmapped_no_metadata,Unknown,true,59,FEF,probeA,true,1,true,heuristic_equal_segment,FEF,higher_order_frontal,false,recovered_heuristic_equal_segment,true,false
230823,129,0,ses230823-units-probe0-spk-AAAB.npy,true,unmapped_no_metadata,Unknown,true,59,FEF,probeA,true,1,true,heuristic_equal_segment,FEF,higher_order_frontal,false,recovered_heuristic_equal_segment,true,false
230823,130,0,ses230823-units-probe0-spk-AAAB.npy,true,unmapped_no_metadata,Unknown,true,59,FEF,probeA,true,1,true,heuristic_equal_segment,FEF,higher_order_frontal,false,recovered_heuristic_equal_segment,true,false
230823,131,0,ses230823-units-probe0-spk-AAAB.npy,true,unmapped_no_metadata,Unknown,true,60,FEF,probeA,true,1,true,heuristic_equal_segment,FEF,higher_order_frontal,false,recovered_heuristic_equal_segment,true,false
230823,132,0,ses230823-units-probe0-spk-AAAB.npy,true,unmapped_no_metadata,Unknown,true,60,FEF,probeA,true,1,true,heuristic_equal_segment,FEF,higher_order_frontal,false,recovered_heuristic_equal_segment,true,false
230823,133,0,ses230823-units-probe0-spk-AAAB.npy,true,unmapped_no_metadata,Unknown,true,60,FEF,probeA,true,1,true,heuristic_equal_segment,FEF,higher_order_frontal,false,recovered_heuristic_equal_segment,true,false
230823,134,0,ses230823-units-probe0-spk-AAAB.npy,true,unmapped_no_metadata,Unknown,true,58,FEF,probeA,true,1,true,heuristic_equal_segment,FEF,higher_order_frontal,false,recovered_heuristic_equal_segment,true,false
230823,135,0,ses230823-units-probe0-spk-AAAB.npy,true,unmapped_no_metadata,Unknown,true,61,FEF,probeA,true,1,true,heuristic_equal_segment,FEF,higher_order_frontal,false,recovered_heuristic_equal_segment,true,false
230823,136,0,ses230823-units-probe0-spk-AAAB.npy,true,unmapped_no_metadata,Unknown,true,61,FEF,probeA,true,1,true,heuristic_equal_segment,FEF,higher_order_frontal,false,recovered_heuristic_equal_segment,true,false
230823,137,0,ses230823-units-probe0-spk-AAAB.npy,true,unmapped_no_metadata,Unknown,true,61,FEF,probeA,true,1,true,heuristic_equal_segment,FEF,higher_order_frontal,false,recovered_heuristic_equal_segment,true,false
230823,138,0,ses230823-units-probe0-spk-AAAB.npy,true,unmapped_no_metadata,Unknown,true,58,FEF,probeA,true,1,true,heuristic_equal_segment,FEF,higher_order_frontal,false,recovered_heuristic_equal_segment,true,false
230823,139,0,ses230823-units-probe0-spk-AAAB.npy,true,unmapped_no_metadata,Unknown,true,60,FEF,probeA,true,1,true,heuristic_equal_segment,FEF,higher_order_frontal,false,recovered_heuristic_equal_segment,true,false
230823,140,0,ses230823-units-probe0-spk-AAAB.npy,true,unmapped_no_metadata,Unknown,true,62,FEF,probeA,true,1,true,heuristic_equal_segment,FEF,higher_order_frontal,false,recovered_heuristic_equal_segment,true,false
230823,141,0,ses230823-units-probe0-spk-AAAB.npy,true,unmapped_no_metadata,Unknown,true,62,FEF,probeA,true,1,true,heuristic_equal_segment,FEF,higher_order_frontal,false,recovered_heuristic_equal_segment,true,false
230823,142,0,ses230823-units-probe0-spk-AAAB.npy,true,unmapped_no_metadata,Unknown,true,62,FEF,probeA,true,1,true,heuristic_equal_segment,FEF,higher_order_frontal,false,recovered_heuristic_equal_segment,true,false
230823,143,0,ses230823-units-probe0-spk-AAAB.npy,true,unmapped_no_metadata,Unknown,true,62,FEF,probeA,true,1,true,heuristic_equal_segment,FEF,higher_order_frontal,false,recovered_heuristic_equal_segment,true,false
230823,144,0,ses230823-units-probe0-spk-AAAB.npy,true,unmapped_no_metadata,Unknown,true,62,FEF,probeA,true,1,true,heuristic_equal_segment,FEF,higher_order_frontal,false,recovered_heuristic_equal_segment,true,false
230823,145,0,ses230823-units-probe0-spk-AAAB.npy,true,unmapped_no_metadata,Unknown,true,58,FEF,probeA,true,1,true,heuristic_equal_segment,FEF,higher_order_frontal,false,recovered_heuristic_equal_segment,true,false
230823,146,0,ses230823-units-probe0-spk-AAAB.npy,true,unmapped_no_metadata,Unknown,true,59,FEF,probeA,true,1,true,heuristic_equal_segment,FEF,higher_order_frontal,false,recovered_heuristic_equal_segment,true,false
230823,147,0,ses230823-units-probe0-spk-AAAB.npy,true,unmapped_no_metadata,Unknown,true,59,FEF,probeA,true,1,true,heuristic_equal_segment,FEF,higher_order_frontal,false,recovered_heuristic_equal_segment,true,false
230823,148,0,ses230823-units-probe0-spk-AAAB.npy,true,unmapped_no_metadata,Unknown,true,109,FEF,probeA,true,1,true,heuristic_equal_segment,FEF,higher_order_frontal,false,recovered_heuristic_equal_segment,true,false
230823,149,0,ses230823-units-probe0-spk-AAAB.npy,true,unmapped_no_metadata,Unknown,true,19,FEF,probeA,true,1,true,heuristic_equal_segment,FEF,higher_order_frontal,false,recovered_heuristic_equal_segment,true,false
230823,150,0,ses230823-units-probe0-spk-AAAB.npy,true,unmapped_no_metadata,Unknown,true,30,FEF,probeA,true,1,true,heuristic_equal_segment,FEF,higher_order_frontal,false,recovered_heuristic_equal_segment,true,false
230823,151,0,ses230823-units-probe0-spk-AAAB.npy,true,unmapped_no_metadata,Unknown,true,70,FEF,probeA,true,1,true,heuristic_equal_segment,FEF,higher_order_frontal,false,recovered_heuristic_equal_segment,true,false
230823,152,0,ses230823-units-probe0-spk-AAAB.npy,true,unmapped_no_metadata,Unknown,true,69,FEF,probeA,true,1,true,heuristic_equal_segment,FEF,higher_order_frontal,false,recovered_heuristic_equal_segment,true,false
230823,153,0,ses230823-units-probe0-spk-AAAB.npy,true,unmapped_no_metadata,Unknown,true,69,FEF,probeA,true,1,true,heuristic_equal_segment,FEF,higher_order_frontal,false,recovered_heuristic_equal_segment,true,false
230823,154,0,ses230823-units-probe0-spk-AAAB.npy,true,unmapped_no_metadata,Unknown,true,24,FEF,probeA,true,1,true,heuristic_equal_segment,FEF,higher_order_frontal,false,recovered_heuristic_equal_segment,true,false
230823,155,0,ses230823-units-probe0-spk-AAAB.npy,true,unmapped_no_metadata,Unknown,true,86,FEF,probeA,true,1,true,heuristic_equal_segment,FEF,higher_order_frontal,false,recovered_heuristic_equal_segment,true,false
230823,156,2,ses230823-units-probe2-spk-AAAB.npy,true,unmapped_no_metadata,Unknown,false,,,,true,3,false,none,Unknown,unknown_or_unresolved,false,unresolved_no_candidate_metadata,false,false
230823,157,2,ses230823-units-probe2-spk-AAAB.npy,true,unmapped_no_metadata,Unknown,false,,,,true,3,false,none,Unknown,unknown_or_unresolved,false,unresolved_no_candidate_metadata,false,false
230823,158,2,ses230823-units-probe2-spk-AAAB.npy,true,unmapped_no_metadata,Unknown,false,,,,true,3,false,none,Unknown,unknown_or_unresolved,false,unresolved_no_candidate_metadata,false,false
230823,159,2,ses230823-units-probe2-spk-AAAB.npy,true,unmapped_no_metadata,Unknown,false,,,,true,3,false,none,Unknown,unknown_or_unresolved,false,unresolved_no_candidate_metadata,false,false
230823,160,2,ses230823-units-probe2-spk-AAAB.npy,true,unmapped_no_metadata,Unknown,false,,,,true,3,false,none,Unknown,unknown_or_unresolved,false,unresolved_no_candidate_metadata,false,false
230823,161,2,ses230823-units-probe2-spk-AAAB.npy,true,unmapped_no_metadata,Unknown,false,,,,true,3,false,none,Unknown,unknown_or_unresolved,false,unresolved_no_candidate_metadata,false,false
230823,162,2,ses230823-units-probe2-spk-AAAB.npy,true,unmapped_no_metadata,Unknown,false,,,,true,3,false,none,Unknown,unknown_or_unresolved,false,unresolved_no_candidate_metadata,false,false
230823,163,2,ses230823-units-probe2-spk-AAAB.npy,true,unmapped_no_metadata,Unknown,false,,,,true,3,false,none,Unknown,unknown_or_unresolved,false,unresolved_no_candidate_metadata,false,false
230823,164,2,ses230823-units-probe2-spk-AAAB.npy,true,unmapped_no_metadata,Unknown,false,,,,true,3,false,none,Unknown,unknown_or_unresolved,false,unresolved_no_candidate_metadata,false,false
230823,165,2,ses230823-units-probe2-spk-AAAB.npy,true,unmapped_no_metadata,Unknown,false,,,,true,3,false,none,Unknown,unknown_or_unresolved,false,unresolved_no_candidate_metadata,false,false
230823,166,2,ses230823-units-probe2-spk-AAAB.npy,true,unmapped_no_metadata,Unknown,false,,,,true,3,false,none,Unknown,unknown_or_unresolved,false,unresolved_no_candidate_metadata,false,false
230823,167,2,ses230823-units-probe2-spk-AAAB.npy,true,unmapped_no_metadata,Unknown,false,,,,true,3,false,none,Unknown,unknown_or_unresolved,false,unresolved_no_candidate_metadata,false,false
230823,168,2,ses230823-units-probe2-spk-AAAB.npy,true,unmapped_no_metadata,Unknown,false,,,,true,3,false,none,Unknown,unknown_or_unresolved,false,unresolved_no_candidate_metadata,false,false
230823,169,2,ses230823-units-probe2-spk-AAAB.npy,true,unmapped_no_metadata,Unknown,false,,,,true,3,false,none,Unknown,unknown_or_unresolved,false,unresolved_no_candidate_metadata,false,false
230823,170,2,ses230823-units-probe2-spk-AAAB.npy,true,unmapped_no_metadata,Unknown,false,,,,true,3,false,none,Unknown,unknown_or_unresolved,false,unresolved_no_candidate_metadata,false,false
230823,171,2,ses230823-units-probe2-spk-AAAB.npy,true,unmapped_no_metadata,Unknown,false,,,,true,3,false,none,Unknown,unknown_or_unresolved,false,unresolved_no_candidate_metadata,false,false
230823,172,2,ses230823-units-probe2-spk-AAAB.npy,true,unmapped_no_metadata,Unknown,false,,,,true,3,false,none,Unknown,unknown_or_unresolved,false,unresolved_no_candidate_metadata,false,false
230823,173,2,ses230823-units-probe2-spk-AAAB.npy,true,unmapped_no_metadata,Unknown,false,,,,true,3,false,none,Unknown,unknown_or_unresolved,false,unresolved_no_candidate_metadata,false,false
230823,174,2,ses230823-units-probe2-spk-AAAB.npy,true,unmapped_no_metadata,Unknown,false,,,,true,3,false,none,Unknown,unknown_or_unresolved,false,unresolved_no_candidate_metadata,false,false
230823,175,2,ses230823-units-probe2-spk-AAAB.npy,true,unmapped_no_metadata,Unknown,true,376,"V1, V2, V3",probeC,true,3,false,channel_out_of_range,Unknown,unknown_or_unresolved,false,source_probe_resolved_but_channel_unresolvable,false,false
230823,176,2,ses230823-units-probe2-spk-AAAB.npy,true,unmapped_no_metadata,Unknown,true,376,"V1, V2, V3",probeC,true,3,false,channel_out_of_range,Unknown,unknown_or_unresolved,false,source_probe_resolved_but_channel_unresolvable,false,false
230823,177,2,ses230823-units-probe2-spk-AAAB.npy,true,unmapped_no_metadata,Unknown,true,376,"V1, V2, V3",probeC,true,3,false,channel_out_of_range,Unknown,unknown_or_unresolved,false,source_probe_resolved_but_channel_unresolvable,false,false
230823,178,2,ses230823-units-probe2-spk-AAAB.npy,true,unmapped_no_metadata,Unknown,true,376,"V1, V2, V3",probeC,true,3,false,channel_out_of_range,Unknown,unknown_or_unresolved,false,source_probe_resolved_but_channel_unresolvable,false,false
230823,179,2,ses230823-units-probe2-spk-AAAB.npy,true,unmapped_no_metadata,Unknown,true,375,"V1, V2, V3",probeC,true,3,false,channel_out_of_range,Unknown,unknown_or_unresolved,false,source_probe_resolved_but_channel_unresolvable,false,false
230823,180,2,ses230823-units-probe2-spk-AAAB.npy,true,unmapped_no_metadata,Unknown,true,375,"V1, V2, V3",probeC,true,3,false,channel_out_of_range,Unknown,unknown_or_unresolved,false,source_probe_resolved_but_channel_unresolvable,false,false
230823,181,2,ses230823-units-probe2-spk-AAAB.npy,true,unmapped_no_metadata,Unknown,true,265,"V1, V2, V3",probeC,true,3,false,channel_out_of_range,Unknown,unknown_or_unresolved,false,source_probe_resolved_but_channel_unresolvable,false,false
230823,182,2,ses230823-units-probe2-spk-AAAB.npy,true,unmapped_no_metadata,Unknown,true,374,"V1, V2, V3",probeC,true,3,false,channel_out_of_range,Unknown,unknown_or_unresolved,false,source_probe_resolved_but_channel_unresolvable,false,false
230823,183,2,ses230823-units-probe2-spk-AAAB.npy,true,unmapped_no_metadata,Unknown,true,266,"V1, V2, V3",probeC,true,3,false,channel_out_of_range,Unknown,unknown_or_unresolved,false,source_probe_resolved_but_channel_unresolvable,false,false
230823,184,2,ses230823-units-probe2-spk-AAAB.npy,true,unmapped_no_metadata,Unknown,true,266,"V1, V2, V3",probeC,true,3,false,channel_out_of_range,Unknown,unknown_or_unresolved,false,source_probe_resolved_but_channel_unresolvable,false,false
230823,185,2,ses230823-units-probe2-spk-AAAB.npy,true,unmapped_no_metadata,Unknown,true,372,"V1, V2, V3",probeC,true,3,false,channel_out_of_range,Unknown,unknown_or_unresolved,false,source_probe_resolved_but_channel_unresolvable,false,false
230823,186,2,ses230823-units-probe2-spk-AAAB.npy,true,unmapped_no_metadata,Unknown,true,267,"V1, V2, V3",probeC,true,3,false,channel_out_of_range,Unknown,unknown_or_unresolved,false,source_probe_resolved_but_channel_unresolvable,false,false
230823,187,2,ses230823-units-probe2-spk-AAAB.npy,true,unmapped_no_metadata,Unknown,true,372,"V1, V2, V3",probeC,true,3,false,channel_out_of_range,Unknown,unknown_or_unresolved,false,source_probe_resolved_but_channel_unresolvable,false,false
230823,188,2,ses230823-units-probe2-spk-AAAB.npy,true,unmapped_no_metadata,Unknown,true,372,"V1, V2, V3",probeC,true,3,false,channel_out_of_range,Unknown,unknown_or_unresolved,false,source_probe_resolved_but_channel_unresolvable,false,false
230823,189,2,ses230823-units-probe2-spk-AAAB.npy,true,unmapped_no_metadata,Unknown,true,372,"V1, V2, V3",probeC,true,3,false,channel_out_of_range,Unknown,unknown_or_unresolved,false,source_probe_resolved_but_channel_unresolvable,false,false
230823,190,2,ses230823-units-probe2-spk-AAAB.npy,true,unmapped_no_metadata,Unknown,true,268,"V1, V2, V3",probeC,true,3,false,channel_out_of_range,Unknown,unknown_or_unresolved,false,source_probe_resolved_but_channel_unresolvable,false,false
230823,191,2,ses230823-units-probe2-spk-AAAB.npy,true,unmapped_no_metadata,Unknown,true,371,"V1, V2, V3",probeC,true,3,false,channel_out_of_range,Unknown,unknown_or_unresolved,false,source_probe_resolved_but_channel_unresolvable,false,false
230823,192,2,ses230823-units-probe2-spk-AAAB.npy,true,unmapped_no_metadata,Unknown,true,371,"V1, V2, V3",probeC,true,3,false,channel_out_of_range,Unknown,unknown_or_unresolved,false,source_probe_resolved_but_channel_unresolvable,false,false
230825,0,0,ses230825-units-probe0-spk-AAAB.npy,true,unmapped_no_metadata,Unknown,true,8,PFC,probeA,true,1,true,heuristic_equal_segment,PFC,higher_order_frontal,false,recovered_heuristic_equal_segment,true,false
230825,1,0,ses230825-units-probe0-spk-AAAB.npy,true,unmapped_no_metadata,Unknown,true,9,PFC,probeA,true,1,true,heuristic_equal_segment,PFC,higher_order_frontal,false,recovered_heuristic_equal_segment,true,false
230825,2,0,ses230825-units-probe0-spk-AAAB.npy,true,unmapped_no_metadata,Unknown,true,118,PFC,probeA,true,1,true,heuristic_equal_segment,PFC,higher_order_frontal,false,recovered_heuristic_equal_segment,true,false
230825,3,0,ses230825-units-probe0-spk-AAAB.npy,true,unmapped_no_metadata,Unknown,true,118,PFC,probeA,true,1,true,heuristic_equal_segment,PFC,higher_order_frontal,false,recovered_heuristic_equal_segment,true,false
230825,4,0,ses230825-units-probe0-spk-AAAB.npy,true,unmapped_no_metadata,Unknown,true,118,PFC,probeA,true,1,true,heuristic_equal_segment,PFC,higher_order_frontal,false,recovered_heuristic_equal_segment,true,false
230825,5,0,ses230825-units-probe0-spk-AAAB.npy,true,unmapped_no_metadata,Unknown,true,10,PFC,probeA,true,1,true,heuristic_equal_segment,PFC,higher_order_frontal,false,recovered_heuristic_equal_segment,true,false
230825,6,0,ses230825-units-probe0-spk-AAAB.npy,true,unmapped_no_metadata,Unknown,true,10,PFC,probeA,true,1,true,heuristic_equal_segment,PFC,higher_order_frontal,false,recovered_heuristic_equal_segment,true,false
230825,7,0,ses230825-units-probe0-spk-AAAB.npy,true,unmapped_no_metadata,Unknown,true,11,PFC,probeA,true,1,true,heuristic_equal_segment,PFC,higher_order_frontal,false,recovered_heuristic_equal_segment,true,false
230825,8,0,ses230825-units-probe0-spk-AAAB.npy,true,unmapped_no_metadata,Unknown,true,116,PFC,probeA,true,1,true,heuristic_equal_segment,PFC,higher_order_frontal,false,recovered_heuristic_equal_segment,true,false
230825,9,0,ses230825-units-probe0-spk-AAAB.npy,true,unmapped_no_metadata,Unknown,true,115,PFC,probeA,true,1,true,heuristic_equal_segment,PFC,higher_order_frontal,false,recovered_heuristic_equal_segment,true,false
230825,10,0,ses230825-units-probe0-spk-AAAB.npy,true,unmapped_no_metadata,Unknown,true,114,PFC,probeA,true,1,true,heuristic_equal_segment,PFC,higher_order_frontal,false,recovered_heuristic_equal_segment,true,false
230825,11,0,ses230825-units-probe0-spk-AAAB.npy,true,unmapped_no_metadata,Unknown,true,16,PFC,probeA,true,1,true,heuristic_equal_segment,PFC,higher_order_frontal,false,recovered_heuristic_equal_segment,true,false
230825,12,0,ses230825-units-probe0-spk-AAAB.npy,true,unmapped_no_metadata,Unknown,true,111,PFC,probeA,true,1,true,heuristic_equal_segment,PFC,higher_order_frontal,false,recovered_heuristic_equal_segment,true,false
230825,13,0,ses230825-units-probe0-spk-AAAB.npy,true,unmapped_no_metadata,Unknown,true,18,PFC,probeA,true,1,true,heuristic_equal_segment,PFC,higher_order_frontal,false,recovered_heuristic_equal_segment,true,false
230825,14,0,ses230825-units-probe0-spk-AAAB.npy,true,unmapped_no_metadata,Unknown,true,17,PFC,probeA,true,1,true,heuristic_equal_segment,PFC,higher_order_frontal,false,recovered_heuristic_equal_segment,true,false
230825,15,0,ses230825-units-probe0-spk-AAAB.npy,true,unmapped_no_metadata,Unknown,true,18,PFC,probeA,true,1,true,heuristic_equal_segment,PFC,higher_order_frontal,false,recovered_heuristic_equal_segment,true,false
230825,16,0,ses230825-units-probe0-spk-AAAB.npy,true,unmapped_no_metadata,Unknown,true,19,PFC,probeA,true,1,true,heuristic_equal_segment,PFC,higher_order_frontal,false,recovered_heuristic_equal_segment,true,false
230825,17,0,ses230825-units-probe0-spk-AAAB.npy,true,unmapped_no_metadata,Unknown,true,19,PFC,probeA,true,1,true,heuristic_equal_segment,PFC,higher_order_frontal,false,recovered_heuristic_equal_segment,true,false
230825,18,0,ses230825-units-probe0-spk-AAAB.npy,true,unmapped_no_metadata,Unknown,true,19,PFC,probeA,true,1,true,heuristic_equal_segment,PFC,higher_order_frontal,false,recovered_heuristic_equal_segment,true,false
230825,19,0,ses230825-units-probe0-spk-AAAB.npy,true,unmapped_no_metadata,Unknown,true,108,PFC,probeA,true,1,true,heuristic_equal_segment,PFC,higher_order_frontal,false,recovered_heuristic_equal_segment,true,false
230825,20,0,ses230825-units-probe0-spk-AAAB.npy,true,unmapped_no_metadata,Unknown,true,20,PFC,probeA,true,1,true,heuristic_equal_segment,PFC,higher_order_frontal,false,recovered_heuristic_equal_segment,true,false
230825,21,0,ses230825-units-probe0-spk-AAAB.npy,true,unmapped_no_metadata,Unknown,true,107,PFC,probeA,true,1,true,heuristic_equal_segment,PFC,higher_order_frontal,false,recovered_heuristic_equal_segment,true,false
230825,22,0,ses230825-units-probe0-spk-AAAB.npy,true,unmapped_no_metadata,Unknown,true,107,PFC,probeA,true,1,true,heuristic_equal_segment,PFC,higher_order_frontal,false,recovered_heuristic_equal_segment,true,false
230825,23,0,ses230825-units-probe0-spk-AAAB.npy,true,unmapped_no_metadata,Unknown,true,107,PFC,probeA,true,1,true,heuristic_equal_segment,PFC,higher_order_frontal,false,recovered_heuristic_equal_segment,true,false
230825,24,0,ses230825-units-probe0-spk-AAAB.npy,true,unmapped_no_metadata,Unknown,true,107,PFC,probeA,true,1,true,heuristic_equal_segment,PFC,higher_order_frontal,false,recovered_heuristic_equal_segment,true,false
230825,25,0,ses230825-units-probe0-spk-AAAB.npy,true,unmapped_no_metadata,Unknown,true,21,PFC,probeA,true,1,true,heuristic_equal_segment,PFC,higher_order_frontal,false,recovered_heuristic_equal_segment,true,false
230825,26,0,ses230825-units-probe0-spk-AAAB.npy,true,unmapped_no_metadata,Unknown,true,21,PFC,probeA,true,1,true,heuristic_equal_segment,PFC,higher_order_frontal,false,recovered_heuristic_equal_segment,true,false
230825,27,0,ses230825-units-probe0-spk-AAAB.npy,true,unmapped_no_metadata,Unknown,true,21,PFC,probeA,true,1,true,heuristic_equal_segment,PFC,higher_order_frontal,false,recovered_heuristic_equal_segment,true,false
230825,28,0,ses230825-units-probe0-spk-AAAB.npy,true,unmapped_no_metadata,Unknown,true,21,PFC,probeA,true,1,true,heuristic_equal_segment,PFC,higher_order_frontal,false,recovered_heuristic_equal_segment,true,false
230825,29,0,ses230825-units-probe0-spk-AAAB.npy,true,unmapped_no_metadata,Unknown,true,21,PFC,probeA,true,1,true,heuristic_equal_segment,PFC,higher_order_frontal,false,recovered_heuristic_equal_segment,true,false
230825,30,0,ses230825-units-probe0-spk-AAAB.npy,true,unmapped_no_metadata,Unknown,true,22,PFC,probeA,true,1,true,heuristic_equal_segment,PFC,higher_order_frontal,false,recovered_heuristic_equal_segment,true,false
230825,31,0,ses230825-units-probe0-spk-AAAB.npy,true,unmapped_no_metadata,Unknown,true,105,PFC,probeA,true,1,true,heuristic_equal_segment,PFC,higher_order_frontal,false,recovered_heuristic_equal_segment,true,false
230825,32,0,ses230825-units-probe0-spk-AAAB.npy,true,unmapped_no_metadata,Unknown,true,105,PFC,probeA,true,1,true,heuristic_equal_segment,PFC,higher_order_frontal,false,recovered_heuristic_equal_segment,true,false
230825,33,0,ses230825-units-probe0-spk-AAAB.npy,true,unmapped_no_metadata,Unknown,true,23,PFC,probeA,true,1,true,heuristic_equal_segment,PFC,higher_order_frontal,false,recovered_heuristic_equal_segment,true,false
230825,34,0,ses230825-units-probe0-spk-AAAB.npy,true,unmapped_no_metadata,Unknown,true,104,PFC,probeA,true,1,true,heuristic_equal_segment,PFC,higher_order_frontal,false,recovered_heuristic_equal_segment,true,false
230825,35,0,ses230825-units-probe0-spk-AAAB.npy,true,unmapped_no_metadata,Unknown,true,103,PFC,probeA,true,1,true,heuristic_equal_segment,PFC,higher_order_frontal,false,recovered_heuristic_equal_segment,true,false
230825,36,0,ses230825-units-probe0-spk-AAAB.npy,true,unmapped_no_metadata,Unknown,true,96,PFC,probeA,true,1,true,heuristic_equal_segment,PFC,higher_order_frontal,false,recovered_heuristic_equal_segment,true,false
230825,37,0,ses230825-units-probe0-spk-AAAB.npy,true,unmapped_no_metadata,Unknown,true,97,PFC,probeA,true,1,true,heuristic_equal_segment,PFC,higher_order_frontal,false,recovered_heuristic_equal_segment,true,false
230825,38,0,ses230825-units-probe0-spk-AAAB.npy,true,unmapped_no_metadata,Unknown,true,33,PFC,probeA,true,1,true,heuristic_equal_segment,PFC,higher_order_frontal,false,recovered_heuristic_equal_segment,true,false
230825,39,0,ses230825-units-probe0-spk-AAAB.npy,true,unmapped_no_metadata,Unknown,true,92,PFC,probeA,true,1,true,heuristic_equal_segment,PFC,higher_order_frontal,false,recovered_heuristic_equal_segment,true,false
230825,40,0,ses230825-units-probe0-spk-AAAB.npy,true,unmapped_no_metadata,Unknown,true,90,PFC,probeA,true,1,true,heuristic_equal_segment,PFC,higher_order_frontal,false,recovered_heuristic_equal_segment,true,false
230825,41,0,ses230825-units-probe0-spk-AAAB.npy,true,unmapped_no_metadata,Unknown,true,95,PFC,probeA,true,1,true,heuristic_equal_segment,PFC,higher_order_frontal,false,recovered_heuristic_equal_segment,true,false
230825,42,0,ses230825-units-probe0-spk-AAAB.npy,true,unmapped_no_metadata,Unknown,true,37,PFC,probeA,true,1,true,heuristic_equal_segment,PFC,higher_order_frontal,false,recovered_heuristic_equal_segment,true,false
230825,43,0,ses230825-units-probe0-spk-AAAB.npy,true,unmapped_no_metadata,Unknown,true,37,PFC,probeA,true,1,true,heuristic_equal_segment,PFC,higher_order_frontal,false,recovered_heuristic_equal_segment,true,false
230825,44,0,ses230825-units-probe0-spk-AAAB.npy,true,unmapped_no_metadata,Unknown,true,42,PFC,probeA,true,1,true,heuristic_equal_segment,PFC,higher_order_frontal,false,recovered_heuristic_equal_segment,true,false
230825,45,0,ses230825-units-probe0-spk-AAAB.npy,true,unmapped_no_metadata,Unknown,true,85,PFC,probeA,true,1,true,heuristic_equal_segment,PFC,higher_order_frontal,false,recovered_heuristic_equal_segment,true,false
230825,46,0,ses230825-units-probe0-spk-AAAB.npy,true,unmapped_no_metadata,Unknown,true,84,PFC,probeA,true,1,true,heuristic_equal_segment,PFC,higher_order_frontal,false,recovered_heuristic_equal_segment,true,false
230825,47,0,ses230825-units-probe0-spk-AAAB.npy,true,unmapped_no_metadata,Unknown,true,78,PFC,probeA,true,1,true,heuristic_equal_segment,PFC,higher_order_frontal,false,recovered_heuristic_equal_segment,true,false
230825,48,0,ses230825-units-probe0-spk-AAAB.npy,true,unmapped_no_metadata,Unknown,true,78,PFC,probeA,true,1,true,heuristic_equal_segment,PFC,higher_order_frontal,false,recovered_heuristic_equal_segment,true,false
230825,49,0,ses230825-units-probe0-spk-AAAB.npy,true,unmapped_no_metadata,Unknown,true,50,PFC,probeA,true,1,true,heuristic_equal_segment,PFC,higher_order_frontal,false,recovered_heuristic_equal_segment,true,false
230825,50,0,ses230825-units-probe0-spk-AAAB.npy,true,unmapped_no_metadata,Unknown,true,77,PFC,probeA,true,1,true,heuristic_equal_segment,PFC,higher_order_frontal,false,recovered_heuristic_equal_segment,true,false
230825,51,0,ses230825-units-probe0-spk-AAAB.npy,true,unmapped_no_metadata,Unknown,true,77,PFC,probeA,true,1,true,heuristic_equal_segment,PFC,higher_order_frontal,false,recovered_heuristic_equal_segment,true,false
230825,52,0,ses230825-units-probe0-spk-AAAB.npy,true,unmapped_no_metadata,Unknown,true,76,PFC,probeA,true,1,true,heuristic_equal_segment,PFC,higher_order_frontal,false,recovered_heuristic_equal_segment,true,false
230825,53,0,ses230825-units-probe0-spk-AAAB.npy,true,unmapped_no_metadata,Unknown,true,76,PFC,probeA,true,1,true,heuristic_equal_segment,PFC,higher_order_frontal,false,recovered_heuristic_equal_segment,true,false
230825,54,0,ses230825-units-probe0-spk-AAAB.npy,true,unmapped_no_metadata,Unknown,true,75,PFC,probeA,true,1,true,heuristic_equal_segment,PFC,higher_order_frontal,false,recovered_heuristic_equal_segment,true,false
230825,55,0,ses230825-units-probe0-spk-AAAB.npy,true,unmapped_no_metadata,Unknown,true,54,PFC,probeA,true,1,true,heuristic_equal_segment,PFC,higher_order_frontal,false,recovered_heuristic_equal_segment,true,false
230825,56,0,ses230825-units-probe0-spk-AAAB.npy,true,unmapped_no_metadata,Unknown,true,54,PFC,probeA,true,1,true,heuristic_equal_segment,PFC,higher_order_frontal,false,recovered_heuristic_equal_segment,true,false
230825,57,0,ses230825-units-probe0-spk-AAAB.npy,true,unmapped_no_metadata,Unknown,true,72,PFC,probeA,true,1,true,heuristic_equal_segment,PFC,higher_order_frontal,false,recovered_heuristic_equal_segment,true,false
230825,58,0,ses230825-units-probe0-spk-AAAB.npy,true,unmapped_no_metadata,Unknown,true,60,PFC,probeA,true,1,true,heuristic_equal_segment,PFC,higher_order_frontal,false,recovered_heuristic_equal_segment,true,false
230825,59,0,ses230825-units-probe0-spk-AAAB.npy,true,unmapped_no_metadata,Unknown,true,56,PFC,probeA,true,1,true,heuristic_equal_segment,PFC,higher_order_frontal,false,recovered_heuristic_equal_segment,true,false
230825,60,0,ses230825-units-probe0-spk-AAAB.npy,true,unmapped_no_metadata,Unknown,true,56,PFC,probeA,true,1,true,heuristic_equal_segment,PFC,higher_order_frontal,false,recovered_heuristic_equal_segment,true,false
230825,61,0,ses230825-units-probe0-spk-AAAB.npy,true,unmapped_no_metadata,Unknown,true,59,PFC,probeA,true,1,true,heuristic_equal_segment,PFC,higher_order_frontal,false,recovered_heuristic_equal_segment,true,false
230825,62,0,ses230825-units-probe0-spk-AAAB.npy,true,unmapped_no_metadata,Unknown,true,56,PFC,probeA,true,1,true,heuristic_equal_segment,PFC,higher_order_frontal,false,recovered_heuristic_equal_segment,true,false
230825,63,0,ses230825-units-probe0-spk-AAAB.npy,true,unmapped_no_metadata,Unknown,true,59,PFC,probeA,true,1,true,heuristic_equal_segment,PFC,higher_order_frontal,false,recovered_heuristic_equal_segment,true,false
230825,64,0,ses230825-units-probe0-spk-AAAB.npy,true,unmapped_no_metadata,Unknown,true,59,PFC,probeA,true,1,true,heuristic_equal_segment,PFC,higher_order_frontal,false,recovered_heuristic_equal_segment,true,false
230825,65,0,ses230825-units-probe0-spk-AAAB.npy,true,unmapped_no_metadata,Unknown,true,60,PFC,probeA,true,1,true,heuristic_equal_segment,PFC,higher_order_frontal,false,recovered_heuristic_equal_segment,true,false
230825,66,0,ses230825-units-probe0-spk-AAAB.npy,true,unmapped_no_metadata,Unknown,true,56,PFC,probeA,true,1,true,heuristic_equal_segment,PFC,higher_order_frontal,false,recovered_heuristic_equal_segment,true,false
230825,67,0,ses230825-units-probe0-spk-AAAB.npy,true,unmapped_no_metadata,Unknown,true,57,PFC,probeA,true,1,true,heuristic_equal_segment,PFC,higher_order_frontal,false,recovered_heuristic_equal_segment,true,false
230825,68,0,ses230825-units-probe0-spk-AAAB.npy,true,unmapped_no_metadata,Unknown,true,56,PFC,probeA,true,1,true,heuristic_equal_segment,PFC,higher_order_frontal,false,recovered_heuristic_equal_segment,true,false
230825,69,0,ses230825-units-probe0-spk-AAAB.npy,true,unmapped_no_metadata,Unknown,true,59,PFC,probeA,true,1,true,heuristic_equal_segment,PFC,higher_order_frontal,false,recovered_heuristic_equal_segment,true,false
230825,70,0,ses230825-units-probe0-spk-AAAB.npy,true,unmapped_no_metadata,Unknown,true,60,PFC,probeA,true,1,true,heuristic_equal_segment,PFC,higher_order_frontal,false,recovered_heuristic_equal_segment,true,false
230825,71,0,ses230825-units-probe0-spk-AAAB.npy,true,unmapped_no_metadata,Unknown,true,58,PFC,probeA,true,1,true,heuristic_equal_segment,PFC,higher_order_frontal,false,recovered_heuristic_equal_segment,true,false
230825,72,0,ses230825-units-probe0-spk-AAAB.npy,true,unmapped_no_metadata,Unknown,true,57,PFC,probeA,true,1,true,heuristic_equal_segment,PFC,higher_order_frontal,false,recovered_heuristic_equal_segment,true,false
230825,73,0,ses230825-units-probe0-spk-AAAB.npy,true,unmapped_no_metadata,Unknown,true,57,PFC,probeA,true,1,true,heuristic_equal_segment,PFC,higher_order_frontal,false,recovered_heuristic_equal_segment,true,false
230825,74,0,ses230825-units-probe0-spk-AAAB.npy,true,unmapped_no_metadata,Unknown,true,57,PFC,probeA,true,1,true,heuristic_equal_segment,PFC,higher_order_frontal,false,recovered_heuristic_equal_segment,true,false
230825,75,0,ses230825-units-probe0-spk-AAAB.npy,true,unmapped_no_metadata,Unknown,true,60,PFC,probeA,true,1,true,heuristic_equal_segment,PFC,higher_order_frontal,false,recovered_heuristic_equal_segment,true,false
230825,76,0,ses230825-units-probe0-spk-AAAB.npy,true,unmapped_no_metadata,Unknown,true,58,PFC,probeA,true,1,true,heuristic_equal_segment,PFC,higher_order_frontal,false,recovered_heuristic_equal_segment,true,false
230825,77,0,ses230825-units-probe0-spk-AAAB.npy,true,unmapped_no_metadata,Unknown,true,58,PFC,probeA,true,1,true,heuristic_equal_segment,PFC,higher_order_frontal,false,recovered_heuristic_equal_segment,true,false
230825,78,0,ses230825-units-probe0-spk-AAAB.npy,true,unmapped_no_metadata,Unknown,true,60,PFC,probeA,true,1,true,heuristic_equal_segment,PFC,higher_order_frontal,false,recovered_heuristic_equal_segment,true,false
230825,79,0,ses230825-units-probe0-spk-AAAB.npy,true,unmapped_no_metadata,Unknown,true,60,PFC,probeA,true,1,true,heuristic_equal_segment,PFC,higher_order_frontal,false,recovered_heuristic_equal_segment,true,false
230825,80,0,ses230825-units-probe0-spk-AAAB.npy,true,unmapped_no_metadata,Unknown,true,58,PFC,probeA,true,1,true,heuristic_equal_segment,PFC,higher_order_frontal,false,recovered_heuristic_equal_segment,true,false
230825,81,0,ses230825-units-probe0-spk-AAAB.npy,true,unmapped_no_metadata,Unknown,true,59,PFC,probeA,true,1,true,heuristic_equal_segment,PFC,higher_order_frontal,false,recovered_heuristic_equal_segment,true,false
230825,82,0,ses230825-units-probe0-spk-AAAB.npy,true,unmapped_no_metadata,Unknown,true,59,PFC,probeA,true,1,true,heuristic_equal_segment,PFC,higher_order_frontal,false,recovered_heuristic_equal_segment,true,false
230825,83,0,ses230825-units-probe0-spk-AAAB.npy,true,unmapped_no_metadata,Unknown,true,60,PFC,probeA,true,1,true,heuristic_equal_segment,PFC,higher_order_frontal,false,recovered_heuristic_equal_segment,true,false
230825,84,0,ses230825-units-probe0-spk-AAAB.npy,true,unmapped_no_metadata,Unknown,true,60,PFC,probeA,true,1,true,heuristic_equal_segment,PFC,higher_order_frontal,false,recovered_heuristic_equal_segment,true,false
230825,85,0,ses230825-units-probe0-spk-AAAB.npy,true,unmapped_no_metadata,Unknown,true,59,PFC,probeA,true,1,true,heuristic_equal_segment,PFC,higher_order_frontal,false,recovered_heuristic_equal_segment,true,false
230825,86,0,ses230825-units-probe0-spk-AAAB.npy,true,unmapped_no_metadata,Unknown,true,59,PFC,probeA,true,1,true,heuristic_equal_segment,PFC,higher_order_frontal,false,recovered_heuristic_equal_segment,true,false
230825,87,0,ses230825-units-probe0-spk-AAAB.npy,true,unmapped_no_metadata,Unknown,true,59,PFC,probeA,true,1,true,heuristic_equal_segment,PFC,higher_order_frontal,false,recovered_heuristic_equal_segment,true,false
230825,88,0,ses230825-units-probe0-spk-AAAB.npy,true,unmapped_no_metadata,Unknown,true,59,PFC,probeA,true,1,true,heuristic_equal_segment,PFC,higher_order_frontal,false,recovered_heuristic_equal_segment,true,false
230825,89,0,ses230825-units-probe0-spk-AAAB.npy,true,unmapped_no_metadata,Unknown,true,59,PFC,probeA,true,1,true,heuristic_equal_segment,PFC,higher_order_frontal,false,recovered_heuristic_equal_segment,true,false
230825,90,0,ses230825-units-probe0-spk-AAAB.npy,true,unmapped_no_metadata,Unknown,true,59,PFC,probeA,true,1,true,heuristic_equal_segment,PFC,higher_order_frontal,false,recovered_heuristic_equal_segment,true,false
230825,91,0,ses230825-units-probe0-spk-AAAB.npy,true,unmapped_no_metadata,Unknown,true,59,PFC,probeA,true,1,true,heuristic_equal_segment,PFC,higher_order_frontal,false,recovered_heuristic_equal_segment,true,false
230825,92,0,ses230825-units-probe0-spk-AAAB.npy,true,unmapped_no_metadata,Unknown,true,59,PFC,probeA,true,1,true,heuristic_equal_segment,PFC,higher_order_frontal,false,recovered_heuristic_equal_segment,true,false
230825,93,0,ses230825-units-probe0-spk-AAAB.npy,true,unmapped_no_metadata,Unknown,true,59,PFC,probeA,true,1,true,heuristic_equal_segment,PFC,higher_order_frontal,false,recovered_heuristic_equal_segment,true,false
230825,94,0,ses230825-units-probe0-spk-AAAB.npy,true,unmapped_no_metadata,Unknown,true,59,PFC,probeA,true,1,true,heuristic_equal_segment,PFC,higher_order_frontal,false,recovered_heuristic_equal_segment,true,false
230825,95,0,ses230825-units-probe0-spk-AAAB.npy,true,unmapped_no_metadata,Unknown,true,59,PFC,probeA,true,1,true,heuristic_equal_segment,PFC,higher_order_frontal,false,recovered_heuristic_equal_segment,true,false
230825,96,0,ses230825-units-probe0-spk-AAAB.npy,true,unmapped_no_metadata,Unknown,true,61,PFC,probeA,true,1,true,heuristic_equal_segment,PFC,higher_order_frontal,false,recovered_heuristic_equal_segment,true,false
230825,97,0,ses230825-units-probe0-spk-AAAB.npy,true,unmapped_no_metadata,Unknown,true,59,PFC,probeA,true,1,true,heuristic_equal_segment,PFC,higher_order_frontal,false,recovered_heuristic_equal_segment,true,false
230825,98,0,ses230825-units-probe0-spk-AAAB.npy,true,unmapped_no_metadata,Unknown,true,59,PFC,probeA,true,1,true,heuristic_equal_segment,PFC,higher_order_frontal,false,recovered_heuristic_equal_segment,true,false
230825,99,0,ses230825-units-probe0-spk-AAAB.npy,true,unmapped_no_metadata,Unknown,true,59,PFC,probeA,true,1,true,heuristic_equal_segment,PFC,higher_order_frontal,false,recovered_heuristic_equal_segment,true,false
230825,100,0,ses230825-units-probe0-spk-AAAB.npy,true,unmapped_no_metadata,Unknown,true,59,PFC,probeA,true,1,true,heuristic_equal_segment,PFC,higher_order_frontal,false,recovered_heuristic_equal_segment,true,false
230825,101,0,ses230825-units-probe0-spk-AAAB.npy,true,unmapped_no_metadata,Unknown,true,58,PFC,probeA,true,1,true,heuristic_equal_segment,PFC,higher_order_frontal,false,recovered_heuristic_equal_segment,true,false
230825,102,0,ses230825-units-probe0-spk-AAAB.npy,true,unmapped_no_metadata,Unknown,true,60,PFC,probeA,true,1,true,heuristic_equal_segment,PFC,higher_order_frontal,false,recovered_heuristic_equal_segment,true,false
230825,103,0,ses230825-units-probe0-spk-AAAB.npy,true,unmapped_no_metadata,Unknown,true,60,PFC,probeA,true,1,true,heuristic_equal_segment,PFC,higher_order_frontal,false,recovered_heuristic_equal_segment,true,false
230825,104,0,ses230825-units-probe0-spk-AAAB.npy,true,unmapped_no_metadata,Unknown,true,62,PFC,probeA,true,1,true,heuristic_equal_segment,PFC,higher_order_frontal,false,recovered_heuristic_equal_segment,true,false
230825,105,0,ses230825-units-probe0-spk-AAAB.npy,true,unmapped_no_metadata,Unknown,true,60,PFC,probeA,true,1,true,heuristic_equal_segment,PFC,higher_order_frontal,false,recovered_heuristic_equal_segment,true,false
230825,106,0,ses230825-units-probe0-spk-AAAB.npy,true,unmapped_no_metadata,Unknown,true,60,PFC,probeA,true,1,true,heuristic_equal_segment,PFC,higher_order_frontal,false,recovered_heuristic_equal_segment,true,false
230825,107,0,ses230825-units-probe0-spk-AAAB.npy,true,unmapped_no_metadata,Unknown,true,60,PFC,probeA,true,1,true,heuristic_equal_segment,PFC,higher_order_frontal,false,recovered_heuristic_equal_segment,true,false
230825,108,0,ses230825-units-probe0-spk-AAAB.npy,true,unmapped_no_metadata,Unknown,true,60,PFC,probeA,true,1,true,heuristic_equal_segment,PFC,higher_order_frontal,false,recovered_heuristic_equal_segment,true,false
230825,109,0,ses230825-units-probe0-spk-AAAB.npy,true,unmapped_no_metadata,Unknown,true,60,PFC,probeA,true,1,true,heuristic_equal_segment,PFC,higher_order_frontal,false,recovered_heuristic_equal_segment,true,false
230825,110,0,ses230825-units-probe0-spk-AAAB.npy,true,unmapped_no_metadata,Unknown,true,60,PFC,probeA,true,1,true,heuristic_equal_segment,PFC,higher_order_frontal,false,recovered_heuristic_equal_segment,true,false
230825,111,0,ses230825-units-probe0-spk-AAAB.npy,true,unmapped_no_metadata,Unknown,true,60,PFC,probeA,true,1,true,heuristic_equal_segment,PFC,higher_order_frontal,false,recovered_heuristic_equal_segment,true,false
230825,112,0,ses230825-units-probe0-spk-AAAB.npy,true,unmapped_no_metadata,Unknown,true,60,PFC,probeA,true,1,true,heuristic_equal_segment,PFC,higher_order_frontal,false,recovered_heuristic_equal_segment,true,false
230825,113,0,ses230825-units-probe0-spk-AAAB.npy,true,unmapped_no_metadata,Unknown,true,60,PFC,probeA,true,1,true,heuristic_equal_segment,PFC,higher_order_frontal,false,recovered_heuristic_equal_segment,true,false
230825,114,0,ses230825-units-probe0-spk-AAAB.npy,true,unmapped_no_metadata,Unknown,true,60,PFC,probeA,true,1,true,heuristic_equal_segment,PFC,higher_order_frontal,false,recovered_heuristic_equal_segment,true,false
230825,115,0,ses230825-units-probe0-spk-AAAB.npy,true,unmapped_no_metadata,Unknown,true,61,PFC,probeA,true,1,true,heuristic_equal_segment,PFC,higher_order_frontal,false,recovered_heuristic_equal_segment,true,false
230825,116,0,ses230825-units-probe0-spk-AAAB.npy,true,unmapped_no_metadata,Unknown,true,60,PFC,probeA,true,1,true,heuristic_equal_segment,PFC,higher_order_frontal,false,recovered_heuristic_equal_segment,true,false
230825,117,0,ses230825-units-probe0-spk-AAAB.npy,true,unmapped_no_metadata,Unknown,true,60,PFC,probeA,true,1,true,heuristic_equal_segment,PFC,higher_order_frontal,false,recovered_heuristic_equal_segment,true,false
230825,118,0,ses230825-units-probe0-spk-AAAB.npy,true,unmapped_no_metadata,Unknown,true,60,PFC,probeA,true,1,true,heuristic_equal_segment,PFC,higher_order_frontal,false,recovered_heuristic_equal_segment,true,false
230825,119,0,ses230825-units-probe0-spk-AAAB.npy,true,unmapped_no_metadata,Unknown,true,60,PFC,probeA,true,1,true,heuristic_equal_segment,PFC,higher_order_frontal,false,recovered_heuristic_equal_segment,true,false
230825,120,0,ses230825-units-probe0-spk-AAAB.npy,true,unmapped_no_metadata,Unknown,true,61,PFC,probeA,true,1,true,heuristic_equal_segment,PFC,higher_order_frontal,false,recovered_heuristic_equal_segment,true,false
230825,121,0,ses230825-units-probe0-spk-AAAB.npy,true,unmapped_no_metadata,Unknown,true,61,PFC,probeA,true,1,true,heuristic_equal_segment,PFC,higher_order_frontal,false,recovered_heuristic_equal_segment,true,false
230825,122,0,ses230825-units-probe0-spk-AAAB.npy,true,unmapped_no_metadata,Unknown,true,59,PFC,probeA,true,1,true,heuristic_equal_segment,PFC,higher_order_frontal,false,recovered_heuristic_equal_segment,true,false
230825,123,0,ses230825-units-probe0-spk-AAAB.npy,true,unmapped_no_metadata,Unknown,true,59,PFC,probeA,true,1,true,heuristic_equal_segment,PFC,higher_order_frontal,false,recovered_heuristic_equal_segment,true,false
230825,124,0,ses230825-units-probe0-spk-AAAB.npy,true,unmapped_no_metadata,Unknown,true,60,PFC,probeA,true,1,true,heuristic_equal_segment,PFC,higher_order_frontal,false,recovered_heuristic_equal_segment,true,false
230825,125,0,ses230825-units-probe0-spk-AAAB.npy,true,unmapped_no_metadata,Unknown,true,61,PFC,probeA,true,1,true,heuristic_equal_segment,PFC,higher_order_frontal,false,recovered_heuristic_equal_segment,true,false
230825,126,0,ses230825-units-probe0-spk-AAAB.npy,true,unmapped_no_metadata,Unknown,true,61,PFC,probeA,true,1,true,heuristic_equal_segment,PFC,higher_order_frontal,false,recovered_heuristic_equal_segment,true,false
230825,127,0,ses230825-units-probe0-spk-AAAB.npy,true,unmapped_no_metadata,Unknown,true,61,PFC,probeA,true,1,true,heuristic_equal_segment,PFC,higher_order_frontal,false,recovered_heuristic_equal_segment,true,false
230825,128,0,ses230825-units-probe0-spk-AAAB.npy,true,unmapped_no_metadata,Unknown,true,61,PFC,probeA,true,1,true,heuristic_equal_segment,PFC,higher_order_frontal,false,recovered_heuristic_equal_segment,true,false
230825,129,0,ses230825-units-probe0-spk-AAAB.npy,true,unmapped_no_metadata,Unknown,true,61,PFC,probeA,true,1,true,heuristic_equal_segment,PFC,higher_order_frontal,false,recovered_heuristic_equal_segment,true,false
230825,130,0,ses230825-units-probe0-spk-AAAB.npy,true,unmapped_no_metadata,Unknown,true,61,PFC,probeA,true,1,true,heuristic_equal_segment,PFC,higher_order_frontal,false,recovered_heuristic_equal_segment,true,false
230825,131,0,ses230825-units-probe0-spk-AAAB.npy,true,unmapped_no_metadata,Unknown,true,61,PFC,probeA,true,1,true,heuristic_equal_segment,PFC,higher_order_frontal,false,recovered_heuristic_equal_segment,true,false
230825,132,0,ses230825-units-probe0-spk-AAAB.npy,true,unmapped_no_metadata,Unknown,true,59,PFC,probeA,true,1,true,heuristic_equal_segment,PFC,higher_order_frontal,false,recovered_heuristic_equal_segment,true,false
230825,133,0,ses230825-units-probe0-spk-AAAB.npy,true,unmapped_no_metadata,Unknown,true,56,PFC,probeA,true,1,true,heuristic_equal_segment,PFC,higher_order_frontal,false,recovered_heuristic_equal_segment,true,false
230825,134,0,ses230825-units-probe0-spk-AAAB.npy,true,unmapped_no_metadata,Unknown,true,61,PFC,probeA,true,1,true,heuristic_equal_segment,PFC,higher_order_frontal,false,recovered_heuristic_equal_segment,true,false
230825,135,0,ses230825-units-probe0-spk-AAAB.npy,true,unmapped_no_metadata,Unknown,true,63,PFC,probeA,true,1,true,heuristic_equal_segment,PFC,higher_order_frontal,false,recovered_heuristic_equal_segment,true,false
230825,136,0,ses230825-units-probe0-spk-AAAB.npy,true,unmapped_no_metadata,Unknown,true,61,PFC,probeA,true,1,true,heuristic_equal_segment,PFC,higher_order_frontal,false,recovered_heuristic_equal_segment,true,false
230825,137,0,ses230825-units-probe0-spk-AAAB.npy,true,unmapped_no_metadata,Unknown,true,61,PFC,probeA,true,1,true,heuristic_equal_segment,PFC,higher_order_frontal,false,recovered_heuristic_equal_segment,true,false
230825,138,0,ses230825-units-probe0-spk-AAAB.npy,true,unmapped_no_metadata,Unknown,true,61,PFC,probeA,true,1,true,heuristic_equal_segment,PFC,higher_order_frontal,false,recovered_heuristic_equal_segment,true,false
230825,139,0,ses230825-units-probe0-spk-AAAB.npy,true,unmapped_no_metadata,Unknown,true,61,PFC,probeA,true,1,true,heuristic_equal_segment,PFC,higher_order_frontal,false,recovered_heuristic_equal_segment,true,false
230825,140,0,ses230825-units-probe0-spk-AAAB.npy,true,unmapped_no_metadata,Unknown,true,61,PFC,probeA,true,1,true,heuristic_equal_segment,PFC,higher_order_frontal,false,recovered_heuristic_equal_segment,true,false
230825,141,0,ses230825-units-probe0-spk-AAAB.npy,true,unmapped_no_metadata,Unknown,true,60,PFC,probeA,true,1,true,heuristic_equal_segment,PFC,higher_order_frontal,false,recovered_heuristic_equal_segment,true,false
230825,142,0,ses230825-units-probe0-spk-AAAB.npy,true,unmapped_no_metadata,Unknown,true,62,PFC,probeA,true,1,true,heuristic_equal_segment,PFC,higher_order_frontal,false,recovered_heuristic_equal_segment,true,false
230825,143,0,ses230825-units-probe0-spk-AAAB.npy,true,unmapped_no_metadata,Unknown,true,62,PFC,probeA,true,1,true,heuristic_equal_segment,PFC,higher_order_frontal,false,recovered_heuristic_equal_segment,true,false
230825,144,0,ses230825-units-probe0-spk-AAAB.npy,true,unmapped_no_metadata,Unknown,true,62,PFC,probeA,true,1,true,heuristic_equal_segment,PFC,higher_order_frontal,false,recovered_heuristic_equal_segment,true,false
230825,145,0,ses230825-units-probe0-spk-AAAB.npy,true,unmapped_no_metadata,Unknown,true,59,PFC,probeA,true,1,true,heuristic_equal_segment,PFC,higher_order_frontal,false,recovered_heuristic_equal_segment,true,false
230825,146,0,ses230825-units-probe0-spk-AAAB.npy,true,unmapped_no_metadata,Unknown,true,61,PFC,probeA,true,1,true,heuristic_equal_segment,PFC,higher_order_frontal,false,recovered_heuristic_equal_segment,true,false
230825,147,0,ses230825-units-probe0-spk-AAAB.npy,true,unmapped_no_metadata,Unknown,true,62,PFC,probeA,true,1,true,heuristic_equal_segment,PFC,higher_order_frontal,false,recovered_heuristic_equal_segment,true,false
230825,148,0,ses230825-units-probe0-spk-AAAB.npy,true,unmapped_no_metadata,Unknown,true,62,PFC,probeA,true,1,true,heuristic_equal_segment,PFC,higher_order_frontal,false,recovered_heuristic_equal_segment,true,false
230825,149,0,ses230825-units-probe0-spk-AAAB.npy,true,unmapped_no_metadata,Unknown,true,62,PFC,probeA,true,1,true,heuristic_equal_segment,PFC,higher_order_frontal,false,recovered_heuristic_equal_segment,true,false
230825,150,0,ses230825-units-probe0-spk-AAAB.npy,true,unmapped_no_metadata,Unknown,true,63,PFC,probeA,true,1,true,heuristic_equal_segment,PFC,higher_order_frontal,false,recovered_heuristic_equal_segment,true,false
230825,151,0,ses230825-units-probe0-spk-AAAB.npy,true,unmapped_no_metadata,Unknown,true,62,PFC,probeA,true,1,true,heuristic_equal_segment,PFC,higher_order_frontal,false,recovered_heuristic_equal_segment,true,false
230825,152,0,ses230825-units-probe0-spk-AAAB.npy,true,unmapped_no_metadata,Unknown,true,60,PFC,probeA,true,1,true,heuristic_equal_segment,PFC,higher_order_frontal,false,recovered_heuristic_equal_segment,true,false
230825,153,0,ses230825-units-probe0-spk-AAAB.npy,true,unmapped_no_metadata,Unknown,true,57,PFC,probeA,true,1,true,heuristic_equal_segment,PFC,higher_order_frontal,false,recovered_heuristic_equal_segment,true,false
230825,154,0,ses230825-units-probe0-spk-AAAB.npy,true,unmapped_no_metadata,Unknown,true,60,PFC,probeA,true,1,true,heuristic_equal_segment,PFC,higher_order_frontal,false,recovered_heuristic_equal_segment,true,false
230825,155,0,ses230825-units-probe0-spk-AAAB.npy,true,unmapped_no_metadata,Unknown,true,61,PFC,probeA,true,1,true,heuristic_equal_segment,PFC,higher_order_frontal,false,recovered_heuristic_equal_segment,true,false
230825,156,0,ses230825-units-probe0-spk-AAAB.npy,true,unmapped_no_metadata,Unknown,true,63,PFC,probeA,true,1,true,heuristic_equal_segment,PFC,higher_order_frontal,false,recovered_heuristic_equal_segment,true,false
230825,157,0,ses230825-units-probe0-spk-AAAB.npy,true,unmapped_no_metadata,Unknown,true,63,PFC,probeA,true,1,true,heuristic_equal_segment,PFC,higher_order_frontal,false,recovered_heuristic_equal_segment,true,false
230825,158,0,ses230825-units-probe0-spk-AAAB.npy,true,unmapped_no_metadata,Unknown,true,60,PFC,probeA,true,1,true,heuristic_equal_segment,PFC,higher_order_frontal,false,recovered_heuristic_equal_segment,true,false
230825,159,0,ses230825-units-probe0-spk-AAAB.npy,true,unmapped_no_metadata,Unknown,true,58,PFC,probeA,true,1,true,heuristic_equal_segment,PFC,higher_order_frontal,false,recovered_heuristic_equal_segment,true,false
230825,160,0,ses230825-units-probe0-spk-AAAB.npy,true,unmapped_no_metadata,Unknown,true,63,PFC,probeA,true,1,true,heuristic_equal_segment,PFC,higher_order_frontal,false,recovered_heuristic_equal_segment,true,false
230825,161,0,ses230825-units-probe0-spk-AAAB.npy,true,unmapped_no_metadata,Unknown,true,63,PFC,probeA,true,1,true,heuristic_equal_segment,PFC,higher_order_frontal,false,recovered_heuristic_equal_segment,true,false
230825,162,0,ses230825-units-probe0-spk-AAAB.npy,true,unmapped_no_metadata,Unknown,true,63,PFC,probeA,true,1,true,heuristic_equal_segment,PFC,higher_order_frontal,false,recovered_heuristic_equal_segment,true,false
230825,163,0,ses230825-units-probe0-spk-AAAB.npy,true,unmapped_no_metadata,Unknown,true,63,PFC,probeA,true,1,true,heuristic_equal_segment,PFC,higher_order_frontal,false,recovered_heuristic_equal_segment,true,false
230825,164,0,ses230825-units-probe0-spk-AAAB.npy,true,unmapped_no_metadata,Unknown,true,118,PFC,probeA,true,1,true,heuristic_equal_segment,PFC,higher_order_frontal,false,recovered_heuristic_equal_segment,true,false
230825,165,0,ses230825-units-probe0-spk-AAAB.npy,true,unmapped_no_metadata,Unknown,true,20,PFC,probeA,true,1,true,heuristic_equal_segment,PFC,higher_order_frontal,false,recovered_heuristic_equal_segment,true,false
230825,166,0,ses230825-units-probe0-spk-AAAB.npy,true,unmapped_no_metadata,Unknown,true,20,PFC,probeA,true,1,true,heuristic_equal_segment,PFC,higher_order_frontal,false,recovered_heuristic_equal_segment,true,false
230825,167,0,ses230825-units-probe0-spk-AAAB.npy,true,unmapped_no_metadata,Unknown,true,21,PFC,probeA,true,1,true,heuristic_equal_segment,PFC,higher_order_frontal,false,recovered_heuristic_equal_segment,true,false
230825,168,0,ses230825-units-probe0-spk-AAAB.npy,true,unmapped_no_metadata,Unknown,true,106,PFC,probeA,true,1,true,heuristic_equal_segment,PFC,higher_order_frontal,false,recovered_heuristic_equal_segment,true,false
230825,169,0,ses230825-units-probe0-spk-AAAB.npy,true,unmapped_no_metadata,Unknown,true,103,PFC,probeA,true,1,true,heuristic_equal_segment,PFC,higher_order_frontal,false,recovered_heuristic_equal_segment,true,false
230825,170,0,ses230825-units-probe0-spk-AAAB.npy,true,unmapped_no_metadata,Unknown,true,72,PFC,probeA,true,1,true,heuristic_equal_segment,PFC,higher_order_frontal,false,recovered_heuristic_equal_segment,true,false
230825,171,0,ses230825-units-probe0-spk-AAAB.npy,true,unmapped_no_metadata,Unknown,true,20,PFC,probeA,true,1,true,heuristic_equal_segment,PFC,higher_order_frontal,false,recovered_heuristic_equal_segment,true,false
230825,172,0,ses230825-units-probe0-spk-AAAB.npy,true,unmapped_no_metadata,Unknown,true,106,PFC,probeA,true,1,true,heuristic_equal_segment,PFC,higher_order_frontal,false,recovered_heuristic_equal_segment,true,false
230830,0,0,ses230830-units-probe0-spk-AAAB.npy,true,provisional_unit_area_from_count_matched_row_order,PFC,true,126,PFC,probeA,true,1,true,heuristic_equal_segment,PFC,higher_order_frontal,false,recovered_heuristic_equal_segment,true,false
230830,1,0,ses230830-units-probe0-spk-AAAB.npy,true,provisional_unit_area_from_count_matched_row_order,PFC,true,3,PFC,probeA,true,1,true,heuristic_equal_segment,PFC,higher_order_frontal,false,recovered_heuristic_equal_segment,true,false
230830,2,0,ses230830-units-probe0-spk-AAAB.npy,true,provisional_unit_area_from_count_matched_row_order,PFC,true,108,PFC,probeA,true,1,true,heuristic_equal_segment,PFC,higher_order_frontal,false,recovered_heuristic_equal_segment,true,false
230830,3,0,ses230830-units-probe0-spk-AAAB.npy,true,provisional_unit_area_from_count_matched_row_order,PFC,true,22,PFC,probeA,true,1,true,heuristic_equal_segment,PFC,higher_order_frontal,false,recovered_heuristic_equal_segment,true,false
230830,4,0,ses230830-units-probe0-spk-AAAB.npy,true,provisional_unit_area_from_count_matched_row_order,PFC,true,104,PFC,probeA,true,1,true,heuristic_equal_segment,PFC,higher_order_frontal,false,recovered_heuristic_equal_segment,true,false
230830,5,0,ses230830-units-probe0-spk-AAAB.npy,true,provisional_unit_area_from_count_matched_row_order,PFC,true,25,PFC,probeA,true,1,true,heuristic_equal_segment,PFC,higher_order_frontal,false,recovered_heuristic_equal_segment,true,false
230830,6,0,ses230830-units-probe0-spk-AAAB.npy,true,provisional_unit_area_from_count_matched_row_order,PFC,true,102,PFC,probeA,true,1,true,heuristic_equal_segment,PFC,higher_order_frontal,false,recovered_heuristic_equal_segment,true,false
230830,7,0,ses230830-units-probe0-spk-AAAB.npy,true,provisional_unit_area_from_count_matched_row_order,PFC,true,101,PFC,probeA,true,1,true,heuristic_equal_segment,PFC,higher_order_frontal,false,recovered_heuristic_equal_segment,true,false
230830,8,0,ses230830-units-probe0-spk-AAAB.npy,true,provisional_unit_area_from_count_matched_row_order,PFC,true,100,PFC,probeA,true,1,true,heuristic_equal_segment,PFC,higher_order_frontal,false,recovered_heuristic_equal_segment,true,false
230830,9,0,ses230830-units-probe0-spk-AAAB.npy,true,provisional_unit_area_from_count_matched_row_order,PFC,true,28,PFC,probeA,true,1,true,heuristic_equal_segment,PFC,higher_order_frontal,false,recovered_heuristic_equal_segment,true,false
230830,10,0,ses230830-units-probe0-spk-AAAB.npy,true,provisional_unit_area_from_count_matched_row_order,PFC,true,30,PFC,probeA,true,1,true,heuristic_equal_segment,PFC,higher_order_frontal,false,recovered_heuristic_equal_segment,true,false
230830,11,0,ses230830-units-probe0-spk-AAAB.npy,true,provisional_unit_area_from_count_matched_row_order,PFC,true,31,PFC,probeA,true,1,true,heuristic_equal_segment,PFC,higher_order_frontal,false,recovered_heuristic_equal_segment,true,false
230830,12,0,ses230830-units-probe0-spk-AAAB.npy,true,provisional_unit_area_from_count_matched_row_order,PFC,true,32,PFC,probeA,true,1,true,heuristic_equal_segment,PFC,higher_order_frontal,false,recovered_heuristic_equal_segment,true,false
230830,13,0,ses230830-units-probe0-spk-AAAB.npy,true,provisional_unit_area_from_count_matched_row_order,PFC,true,34,PFC,probeA,true,1,true,heuristic_equal_segment,PFC,higher_order_frontal,false,recovered_heuristic_equal_segment,true,false
230830,14,0,ses230830-units-probe0-spk-AAAB.npy,true,provisional_unit_area_from_count_matched_row_order,PFC,true,34,PFC,probeA,true,1,true,heuristic_equal_segment,PFC,higher_order_frontal,false,recovered_heuristic_equal_segment,true,false
230830,15,0,ses230830-units-probe0-spk-AAAB.npy,true,provisional_unit_area_from_count_matched_row_order,PFC,true,34,PFC,probeA,true,1,true,heuristic_equal_segment,PFC,higher_order_frontal,false,recovered_heuristic_equal_segment,true,false
230830,16,0,ses230830-units-probe0-spk-AAAB.npy,true,provisional_unit_area_from_count_matched_row_order,PFC,true,93,PFC,probeA,true,1,true,heuristic_equal_segment,PFC,higher_order_frontal,false,recovered_heuristic_equal_segment,true,false
230830,17,0,ses230830-units-probe0-spk-AAAB.npy,true,provisional_unit_area_from_count_matched_row_order,PFC,true,35,PFC,probeA,true,1,true,heuristic_equal_segment,PFC,higher_order_frontal,false,recovered_heuristic_equal_segment,true,false
230830,18,0,ses230830-units-probe0-spk-AAAB.npy,true,provisional_unit_area_from_count_matched_row_order,PFC,true,92,PFC,probeA,true,1,true,heuristic_equal_segment,PFC,higher_order_frontal,false,recovered_heuristic_equal_segment,true,false
230830,19,0,ses230830-units-probe0-spk-AAAB.npy,true,provisional_unit_area_from_count_matched_row_order,PFC,true,90,PFC,probeA,true,1,true,heuristic_equal_segment,PFC,higher_order_frontal,false,recovered_heuristic_equal_segment,true,false
230830,20,0,ses230830-units-probe0-spk-AAAB.npy,true,provisional_unit_area_from_count_matched_row_order,PFC,true,90,PFC,probeA,true,1,true,heuristic_equal_segment,PFC,higher_order_frontal,false,recovered_heuristic_equal_segment,true,false
230830,21,0,ses230830-units-probe0-spk-AAAB.npy,true,provisional_unit_area_from_count_matched_row_order,PFC,true,37,PFC,probeA,true,1,true,heuristic_equal_segment,PFC,higher_order_frontal,false,recovered_heuristic_equal_segment,true,false
230830,22,0,ses230830-units-probe0-spk-AAAB.npy,true,provisional_unit_area_from_count_matched_row_order,PFC,true,39,PFC,probeA,true,1,true,heuristic_equal_segment,PFC,higher_order_frontal,false,recovered_heuristic_equal_segment,true,false
230830,23,0,ses230830-units-probe0-spk-AAAB.npy,true,provisional_unit_area_from_count_matched_row_order,PFC,true,39,PFC,probeA,true,1,true,heuristic_equal_segment,PFC,higher_order_frontal,false,recovered_heuristic_equal_segment,true,false
230830,24,0,ses230830-units-probe0-spk-AAAB.npy,true,provisional_unit_area_from_count_matched_row_order,PFC,true,39,PFC,probeA,true,1,true,heuristic_equal_segment,PFC,higher_order_frontal,false,recovered_heuristic_equal_segment,true,false
230830,25,0,ses230830-units-probe0-spk-AAAB.npy,true,provisional_unit_area_from_count_matched_row_order,PFC,true,39,PFC,probeA,true,1,true,heuristic_equal_segment,PFC,higher_order_frontal,false,recovered_heuristic_equal_segment,true,false
230830,26,0,ses230830-units-probe0-spk-AAAB.npy,true,provisional_unit_area_from_count_matched_row_order,PFC,true,88,PFC,probeA,true,1,true,heuristic_equal_segment,PFC,higher_order_frontal,false,recovered_heuristic_equal_segment,true,false
230830,27,0,ses230830-units-probe0-spk-AAAB.npy,true,provisional_unit_area_from_count_matched_row_order,PFC,true,40,PFC,probeA,true,1,true,heuristic_equal_segment,PFC,higher_order_frontal,false,recovered_heuristic_equal_segment,true,false
230830,28,0,ses230830-units-probe0-spk-AAAB.npy,true,provisional_unit_area_from_count_matched_row_order,PFC,true,40,PFC,probeA,true,1,true,heuristic_equal_segment,PFC,higher_order_frontal,false,recovered_heuristic_equal_segment,true,false
230830,29,0,ses230830-units-probe0-spk-AAAB.npy,true,provisional_unit_area_from_count_matched_row_order,PFC,true,36,PFC,probeA,true,1,true,heuristic_equal_segment,PFC,higher_order_frontal,false,recovered_heuristic_equal_segment,true,false
230830,30,0,ses230830-units-probe0-spk-AAAB.npy,true,provisional_unit_area_from_count_matched_row_order,PFC,true,41,PFC,probeA,true,1,true,heuristic_equal_segment,PFC,higher_order_frontal,false,recovered_heuristic_equal_segment,true,false
230830,31,0,ses230830-units-probe0-spk-AAAB.npy,true,provisional_unit_area_from_count_matched_row_order,PFC,true,41,PFC,probeA,true,1,true,heuristic_equal_segment,PFC,higher_order_frontal,false,recovered_heuristic_equal_segment,true,false
230830,32,0,ses230830-units-probe0-spk-AAAB.npy,true,provisional_unit_area_from_count_matched_row_order,PFC,true,42,PFC,probeA,true,1,true,heuristic_equal_segment,PFC,higher_order_frontal,false,recovered_heuristic_equal_segment,true,false
230830,33,0,ses230830-units-probe0-spk-AAAB.npy,true,provisional_unit_area_from_count_matched_row_order,PFC,true,42,PFC,probeA,true,1,true,heuristic_equal_segment,PFC,higher_order_frontal,false,recovered_heuristic_equal_segment,true,false
230830,34,0,ses230830-units-probe0-spk-AAAB.npy,true,provisional_unit_area_from_count_matched_row_order,PFC,true,85,PFC,probeA,true,1,true,heuristic_equal_segment,PFC,higher_order_frontal,false,recovered_heuristic_equal_segment,true,false
230830,35,0,ses230830-units-probe0-spk-AAAB.npy,true,provisional_unit_area_from_count_matched_row_order,PFC,true,84,PFC,probeA,true,1,true,heuristic_equal_segment,PFC,higher_order_frontal,false,recovered_heuristic_equal_segment,true,false
230830,36,0,ses230830-units-probe0-spk-AAAB.npy,true,provisional_unit_area_from_count_matched_row_order,PFC,true,47,PFC,probeA,true,1,true,heuristic_equal_segment,PFC,higher_order_frontal,false,recovered_heuristic_equal_segment,true,false
230830,37,0,ses230830-units-probe0-spk-AAAB.npy,true,provisional_unit_area_from_count_matched_row_order,PFC,true,44,PFC,probeA,true,1,true,heuristic_equal_segment,PFC,higher_order_frontal,false,recovered_heuristic_equal_segment,true,false
230830,38,0,ses230830-units-probe0-spk-AAAB.npy,true,provisional_unit_area_from_count_matched_row_order,PFC,true,83,PFC,probeA,true,1,true,heuristic_equal_segment,PFC,higher_order_frontal,false,recovered_heuristic_equal_segment,true,false
230830,39,0,ses230830-units-probe0-spk-AAAB.npy,true,provisional_unit_area_from_count_matched_row_order,PFC,true,44,PFC,probeA,true,1,true,heuristic_equal_segment,PFC,higher_order_frontal,false,recovered_heuristic_equal_segment,true,false
230830,40,0,ses230830-units-probe0-spk-AAAB.npy,true,provisional_unit_area_from_count_matched_row_order,PFC,true,45,PFC,probeA,true,1,true,heuristic_equal_segment,PFC,higher_order_frontal,false,recovered_heuristic_equal_segment,true,false
230830,41,0,ses230830-units-probe0-spk-AAAB.npy,true,provisional_unit_area_from_count_matched_row_order,PFC,true,45,PFC,probeA,true,1,true,heuristic_equal_segment,PFC,higher_order_frontal,false,recovered_heuristic_equal_segment,true,false
230830,42,0,ses230830-units-probe0-spk-AAAB.npy,true,provisional_unit_area_from_count_matched_row_order,PFC,true,45,PFC,probeA,true,1,true,heuristic_equal_segment,PFC,higher_order_frontal,false,recovered_heuristic_equal_segment,true,false
230830,43,0,ses230830-units-probe0-spk-AAAB.npy,true,provisional_unit_area_from_count_matched_row_order,PFC,true,81,PFC,probeA,true,1,true,heuristic_equal_segment,PFC,higher_order_frontal,false,recovered_heuristic_equal_segment,true,false
230830,44,0,ses230830-units-probe0-spk-AAAB.npy,true,provisional_unit_area_from_count_matched_row_order,PFC,true,46,PFC,probeA,true,1,true,heuristic_equal_segment,PFC,higher_order_frontal,false,recovered_heuristic_equal_segment,true,false
230830,45,0,ses230830-units-probe0-spk-AAAB.npy,true,provisional_unit_area_from_count_matched_row_order,PFC,true,49,PFC,probeA,true,1,true,heuristic_equal_segment,PFC,higher_order_frontal,false,recovered_heuristic_equal_segment,true,false
230830,46,0,ses230830-units-probe0-spk-AAAB.npy,true,provisional_unit_area_from_count_matched_row_order,PFC,true,49,PFC,probeA,true,1,true,heuristic_equal_segment,PFC,higher_order_frontal,false,recovered_heuristic_equal_segment,true,false
230830,47,0,ses230830-units-probe0-spk-AAAB.npy,true,provisional_unit_area_from_count_matched_row_order,PFC,true,48,PFC,probeA,true,1,true,heuristic_equal_segment,PFC,higher_order_frontal,false,recovered_heuristic_equal_segment,true,false
230830,48,0,ses230830-units-probe0-spk-AAAB.npy,true,provisional_unit_area_from_count_matched_row_order,PFC,true,51,PFC,probeA,true,1,true,heuristic_equal_segment,PFC,higher_order_frontal,false,recovered_heuristic_equal_segment,true,false
230830,49,0,ses230830-units-probe0-spk-AAAB.npy,true,provisional_unit_area_from_count_matched_row_order,PFC,true,51,PFC,probeA,true,1,true,heuristic_equal_segment,PFC,higher_order_frontal,false,recovered_heuristic_equal_segment,true,false
230830,50,0,ses230830-units-probe0-spk-AAAB.npy,true,provisional_unit_area_from_count_matched_row_order,PFC,true,51,PFC,probeA,true,1,true,heuristic_equal_segment,PFC,higher_order_frontal,false,recovered_heuristic_equal_segment,true,false
230830,51,0,ses230830-units-probe0-spk-AAAB.npy,true,provisional_unit_area_from_count_matched_row_order,PFC,true,55,PFC,probeA,true,1,true,heuristic_equal_segment,PFC,higher_order_frontal,false,recovered_heuristic_equal_segment,true,false
230830,52,0,ses230830-units-probe0-spk-AAAB.npy,true,provisional_unit_area_from_count_matched_row_order,PFC,true,55,PFC,probeA,true,1,true,heuristic_equal_segment,PFC,higher_order_frontal,false,recovered_heuristic_equal_segment,true,false
230830,53,0,ses230830-units-probe0-spk-AAAB.npy,true,provisional_unit_area_from_count_matched_row_order,PFC,true,51,PFC,probeA,true,1,true,heuristic_equal_segment,PFC,higher_order_frontal,false,recovered_heuristic_equal_segment,true,false
230830,54,0,ses230830-units-probe0-spk-AAAB.npy,true,provisional_unit_area_from_count_matched_row_order,PFC,true,52,PFC,probeA,true,1,true,heuristic_equal_segment,PFC,higher_order_frontal,false,recovered_heuristic_equal_segment,true,false
230830,55,0,ses230830-units-probe0-spk-AAAB.npy,true,provisional_unit_area_from_count_matched_row_order,PFC,true,51,PFC,probeA,true,1,true,heuristic_equal_segment,PFC,higher_order_frontal,false,recovered_heuristic_equal_segment,true,false
230830,56,0,ses230830-units-probe0-spk-AAAB.npy,true,provisional_unit_area_from_count_matched_row_order,PFC,true,53,PFC,probeA,true,1,true,heuristic_equal_segment,PFC,higher_order_frontal,false,recovered_heuristic_equal_segment,true,false
230830,57,0,ses230830-units-probe0-spk-AAAB.npy,true,provisional_unit_area_from_count_matched_row_order,PFC,true,53,PFC,probeA,true,1,true,heuristic_equal_segment,PFC,higher_order_frontal,false,recovered_heuristic_equal_segment,true,false
230830,58,0,ses230830-units-probe0-spk-AAAB.npy,true,provisional_unit_area_from_count_matched_row_order,PFC,true,57,PFC,probeA,true,1,true,heuristic_equal_segment,PFC,higher_order_frontal,false,recovered_heuristic_equal_segment,true,false
230830,59,0,ses230830-units-probe0-spk-AAAB.npy,true,provisional_unit_area_from_count_matched_row_order,PFC,true,53,PFC,probeA,true,1,true,heuristic_equal_segment,PFC,higher_order_frontal,false,recovered_heuristic_equal_segment,true,false
230830,60,0,ses230830-units-probe0-spk-AAAB.npy,true,provisional_unit_area_from_count_matched_row_order,PFC,true,55,PFC,probeA,true,1,true,heuristic_equal_segment,PFC,higher_order_frontal,false,recovered_heuristic_equal_segment,true,false
230830,61,0,ses230830-units-probe0-spk-AAAB.npy,true,provisional_unit_area_from_count_matched_row_order,PFC,true,53,PFC,probeA,true,1,true,heuristic_equal_segment,PFC,higher_order_frontal,false,recovered_heuristic_equal_segment,true,false
230830,62,0,ses230830-units-probe0-spk-AAAB.npy,true,provisional_unit_area_from_count_matched_row_order,PFC,true,53,PFC,probeA,true,1,true,heuristic_equal_segment,PFC,higher_order_frontal,false,recovered_heuristic_equal_segment,true,false
230830,63,0,ses230830-units-probe0-spk-AAAB.npy,true,provisional_unit_area_from_count_matched_row_order,PFC,true,53,PFC,probeA,true,1,true,heuristic_equal_segment,PFC,higher_order_frontal,false,recovered_heuristic_equal_segment,true,false
230830,64,0,ses230830-units-probe0-spk-AAAB.npy,true,provisional_unit_area_from_count_matched_row_order,PFC,true,54,PFC,probeA,true,1,true,heuristic_equal_segment,PFC,higher_order_frontal,false,recovered_heuristic_equal_segment,true,false
230830,65,0,ses230830-units-probe0-spk-AAAB.npy,true,provisional_unit_area_from_count_matched_row_order,PFC,true,54,PFC,probeA,true,1,true,heuristic_equal_segment,PFC,higher_order_frontal,false,recovered_heuristic_equal_segment,true,false
230830,66,0,ses230830-units-probe0-spk-AAAB.npy,true,provisional_unit_area_from_count_matched_row_order,PFC,true,54,PFC,probeA,true,1,true,heuristic_equal_segment,PFC,higher_order_frontal,false,recovered_heuristic_equal_segment,true,false
230830,67,0,ses230830-units-probe0-spk-AAAB.npy,true,provisional_unit_area_from_count_matched_row_order,PFC,true,53,PFC,probeA,true,1,true,heuristic_equal_segment,PFC,higher_order_frontal,false,recovered_heuristic_equal_segment,true,false
230830,68,0,ses230830-units-probe0-spk-AAAB.npy,true,provisional_unit_area_from_count_matched_row_order,PFC,true,57,PFC,probeA,true,1,true,heuristic_equal_segment,PFC,higher_order_frontal,false,recovered_heuristic_equal_segment,true,false
230830,69,0,ses230830-units-probe0-spk-AAAB.npy,true,provisional_unit_area_from_count_matched_row_order,PFC,true,60,PFC,probeA,true,1,true,heuristic_equal_segment,PFC,higher_order_frontal,false,recovered_heuristic_equal_segment,true,false
230830,70,0,ses230830-units-probe0-spk-AAAB.npy,true,provisional_unit_area_from_count_matched_row_order,PFC,true,53,PFC,probeA,true,1,true,heuristic_equal_segment,PFC,higher_order_frontal,false,recovered_heuristic_equal_segment,true,false
230830,71,0,ses230830-units-probe0-spk-AAAB.npy,true,provisional_unit_area_from_count_matched_row_order,PFC,true,60,PFC,probeA,true,1,true,heuristic_equal_segment,PFC,higher_order_frontal,false,recovered_heuristic_equal_segment,true,false
230830,72,0,ses230830-units-probe0-spk-AAAB.npy,true,provisional_unit_area_from_count_matched_row_order,PFC,true,55,PFC,probeA,true,1,true,heuristic_equal_segment,PFC,higher_order_frontal,false,recovered_heuristic_equal_segment,true,false
230830,73,0,ses230830-units-probe0-spk-AAAB.npy,true,provisional_unit_area_from_count_matched_row_order,PFC,true,51,PFC,probeA,true,1,true,heuristic_equal_segment,PFC,higher_order_frontal,false,recovered_heuristic_equal_segment,true,false
230830,74,0,ses230830-units-probe0-spk-AAAB.npy,true,provisional_unit_area_from_count_matched_row_order,PFC,true,51,PFC,probeA,true,1,true,heuristic_equal_segment,PFC,higher_order_frontal,false,recovered_heuristic_equal_segment,true,false
230830,75,0,ses230830-units-probe0-spk-AAAB.npy,true,provisional_unit_area_from_count_matched_row_order,PFC,true,55,PFC,probeA,true,1,true,heuristic_equal_segment,PFC,higher_order_frontal,false,recovered_heuristic_equal_segment,true,false
230830,76,0,ses230830-units-probe0-spk-AAAB.npy,true,provisional_unit_area_from_count_matched_row_order,PFC,true,55,PFC,probeA,true,1,true,heuristic_equal_segment,PFC,higher_order_frontal,false,recovered_heuristic_equal_segment,true,false
230830,77,0,ses230830-units-probe0-spk-AAAB.npy,true,provisional_unit_area_from_count_matched_row_order,PFC,true,59,PFC,probeA,true,1,true,heuristic_equal_segment,PFC,higher_order_frontal,false,recovered_heuristic_equal_segment,true,false
230830,78,0,ses230830-units-probe0-spk-AAAB.npy,true,provisional_unit_area_from_count_matched_row_order,PFC,true,72,PFC,probeA,true,1,true,heuristic_equal_segment,PFC,higher_order_frontal,false,recovered_heuristic_equal_segment,true,false
230830,79,0,ses230830-units-probe0-spk-AAAB.npy,true,provisional_unit_area_from_count_matched_row_order,PFC,true,55,PFC,probeA,true,1,true,heuristic_equal_segment,PFC,higher_order_frontal,false,recovered_heuristic_equal_segment,true,false
230830,80,0,ses230830-units-probe0-spk-AAAB.npy,true,provisional_unit_area_from_count_matched_row_order,PFC,true,72,PFC,probeA,true,1,true,heuristic_equal_segment,PFC,higher_order_frontal,false,recovered_heuristic_equal_segment,true,false
230830,81,0,ses230830-units-probe0-spk-AAAB.npy,true,provisional_unit_area_from_count_matched_row_order,PFC,true,56,PFC,probeA,true,1,true,heuristic_equal_segment,PFC,higher_order_frontal,false,recovered_heuristic_equal_segment,true,false
230830,82,0,ses230830-units-probe0-spk-AAAB.npy,true,provisional_unit_area_from_count_matched_row_order,PFC,true,58,PFC,probeA,true,1,true,heuristic_equal_segment,PFC,higher_order_frontal,false,recovered_heuristic_equal_segment,true,false
230830,83,0,ses230830-units-probe0-spk-AAAB.npy,true,provisional_unit_area_from_count_matched_row_order,PFC,true,60,PFC,probeA,true,1,true,heuristic_equal_segment,PFC,higher_order_frontal,false,recovered_heuristic_equal_segment,true,false
230830,84,0,ses230830-units-probe0-spk-AAAB.npy,true,provisional_unit_area_from_count_matched_row_order,PFC,true,56,PFC,probeA,true,1,true,heuristic_equal_segment,PFC,higher_order_frontal,false,recovered_heuristic_equal_segment,true,false
230830,85,0,ses230830-units-probe0-spk-AAAB.npy,true,provisional_unit_area_from_count_matched_row_order,PFC,true,56,PFC,probeA,true,1,true,heuristic_equal_segment,PFC,higher_order_frontal,false,recovered_heuristic_equal_segment,true,false
230830,86,0,ses230830-units-probe0-spk-AAAB.npy,true,provisional_unit_area_from_count_matched_row_order,PFC,true,57,PFC,probeA,true,1,true,heuristic_equal_segment,PFC,higher_order_frontal,false,recovered_heuristic_equal_segment,true,false
230830,87,0,ses230830-units-probe0-spk-AAAB.npy,true,provisional_unit_area_from_count_matched_row_order,PFC,true,57,PFC,probeA,true,1,true,heuristic_equal_segment,PFC,higher_order_frontal,false,recovered_heuristic_equal_segment,true,false
230830,88,0,ses230830-units-probe0-spk-AAAB.npy,true,provisional_unit_area_from_count_matched_row_order,PFC,true,57,PFC,probeA,true,1,true,heuristic_equal_segment,PFC,higher_order_frontal,false,recovered_heuristic_equal_segment,true,false
230830,89,0,ses230830-units-probe0-spk-AAAB.npy,true,provisional_unit_area_from_count_matched_row_order,PFC,true,60,PFC,probeA,true,1,true,heuristic_equal_segment,PFC,higher_order_frontal,false,recovered_heuristic_equal_segment,true,false
230830,90,0,ses230830-units-probe0-spk-AAAB.npy,true,provisional_unit_area_from_count_matched_row_order,PFC,true,69,PFC,probeA,true,1,true,heuristic_equal_segment,PFC,higher_order_frontal,false,recovered_heuristic_equal_segment,true,false
230830,91,0,ses230830-units-probe0-spk-AAAB.npy,true,provisional_unit_area_from_count_matched_row_order,PFC,true,58,PFC,probeA,true,1,true,heuristic_equal_segment,PFC,higher_order_frontal,false,recovered_heuristic_equal_segment,true,false
230830,92,0,ses230830-units-probe0-spk-AAAB.npy,true,provisional_unit_area_from_count_matched_row_order,PFC,true,58,PFC,probeA,true,1,true,heuristic_equal_segment,PFC,higher_order_frontal,false,recovered_heuristic_equal_segment,true,false
230830,93,0,ses230830-units-probe0-spk-AAAB.npy,true,provisional_unit_area_from_count_matched_row_order,PFC,true,58,PFC,probeA,true,1,true,heuristic_equal_segment,PFC,higher_order_frontal,false,recovered_heuristic_equal_segment,true,false
230830,94,0,ses230830-units-probe0-spk-AAAB.npy,true,provisional_unit_area_from_count_matched_row_order,PFC,true,58,PFC,probeA,true,1,true,heuristic_equal_segment,PFC,higher_order_frontal,false,recovered_heuristic_equal_segment,true,false
230830,95,0,ses230830-units-probe0-spk-AAAB.npy,true,provisional_unit_area_from_count_matched_row_order,PFC,true,61,PFC,probeA,true,1,true,heuristic_equal_segment,PFC,higher_order_frontal,false,recovered_heuristic_equal_segment,true,false
230830,96,0,ses230830-units-probe0-spk-AAAB.npy,true,provisional_unit_area_from_count_matched_row_order,PFC,true,69,PFC,probeA,true,1,true,heuristic_equal_segment,PFC,higher_order_frontal,false,recovered_heuristic_equal_segment,true,false
230830,97,0,ses230830-units-probe0-spk-AAAB.npy,true,provisional_unit_area_from_count_matched_row_order,PFC,true,59,PFC,probeA,true,1,true,heuristic_equal_segment,PFC,higher_order_frontal,false,recovered_heuristic_equal_segment,true,false
230830,98,0,ses230830-units-probe0-spk-AAAB.npy,true,provisional_unit_area_from_count_matched_row_order,PFC,true,59,PFC,probeA,true,1,true,heuristic_equal_segment,PFC,higher_order_frontal,false,recovered_heuristic_equal_segment,true,false
230830,99,0,ses230830-units-probe0-spk-AAAB.npy,true,provisional_unit_area_from_count_matched_row_order,PFC,true,59,PFC,probeA,true,1,true,heuristic_equal_segment,PFC,higher_order_frontal,false,recovered_heuristic_equal_segment,true,false
230830,100,0,ses230830-units-probe0-spk-AAAB.npy,true,provisional_unit_area_from_count_matched_row_order,PFC,true,59,PFC,probeA,true,1,true,heuristic_equal_segment,PFC,higher_order_frontal,false,recovered_heuristic_equal_segment,true,false
230830,101,0,ses230830-units-probe0-spk-AAAB.npy,true,provisional_unit_area_from_count_matched_row_order,PFC,true,59,PFC,probeA,true,1,true,heuristic_equal_segment,PFC,higher_order_frontal,false,recovered_heuristic_equal_segment,true,false
230830,102,0,ses230830-units-probe0-spk-AAAB.npy,true,provisional_unit_area_from_count_matched_row_order,PFC,true,59,PFC,probeA,true,1,true,heuristic_equal_segment,PFC,higher_order_frontal,false,recovered_heuristic_equal_segment,true,false
230830,103,0,ses230830-units-probe0-spk-AAAB.npy,true,provisional_unit_area_from_count_matched_row_order,PFC,true,68,PFC,probeA,true,1,true,heuristic_equal_segment,PFC,higher_order_frontal,false,recovered_heuristic_equal_segment,true,false
230830,104,0,ses230830-units-probe0-spk-AAAB.npy,true,provisional_unit_area_from_count_matched_row_order,PFC,true,67,PFC,probeA,true,1,true,heuristic_equal_segment,PFC,higher_order_frontal,false,recovered_heuristic_equal_segment,true,false
230830,105,0,ses230830-units-probe0-spk-AAAB.npy,true,provisional_unit_area_from_count_matched_row_order,PFC,true,60,PFC,probeA,true,1,true,heuristic_equal_segment,PFC,higher_order_frontal,false,recovered_heuristic_equal_segment,true,false
230830,106,0,ses230830-units-probe0-spk-AAAB.npy,true,provisional_unit_area_from_count_matched_row_order,PFC,true,60,PFC,probeA,true,1,true,heuristic_equal_segment,PFC,higher_order_frontal,false,recovered_heuristic_equal_segment,true,false
230830,107,0,ses230830-units-probe0-spk-AAAB.npy,true,provisional_unit_area_from_count_matched_row_order,PFC,true,61,PFC,probeA,true,1,true,heuristic_equal_segment,PFC,higher_order_frontal,false,recovered_heuristic_equal_segment,true,false
230830,108,0,ses230830-units-probe0-spk-AAAB.npy,true,provisional_unit_area_from_count_matched_row_order,PFC,true,60,PFC,probeA,true,1,true,heuristic_equal_segment,PFC,higher_order_frontal,false,recovered_heuristic_equal_segment,true,false
230830,109,0,ses230830-units-probe0-spk-AAAB.npy,true,provisional_unit_area_from_count_matched_row_order,PFC,true,60,PFC,probeA,true,1,true,heuristic_equal_segment,PFC,higher_order_frontal,false,recovered_heuristic_equal_segment,true,false
230830,110,0,ses230830-units-probe0-spk-AAAB.npy,true,provisional_unit_area_from_count_matched_row_order,PFC,true,60,PFC,probeA,true,1,true,heuristic_equal_segment,PFC,higher_order_frontal,false,recovered_heuristic_equal_segment,true,false
230830,111,0,ses230830-units-probe0-spk-AAAB.npy,true,provisional_unit_area_from_count_matched_row_order,PFC,true,67,PFC,probeA,true,1,true,heuristic_equal_segment,PFC,higher_order_frontal,false,recovered_heuristic_equal_segment,true,false
230830,112,0,ses230830-units-probe0-spk-AAAB.npy,true,provisional_unit_area_from_count_matched_row_order,PFC,true,67,PFC,probeA,true,1,true,heuristic_equal_segment,PFC,higher_order_frontal,false,recovered_heuristic_equal_segment,true,false
230830,113,0,ses230830-units-probe0-spk-AAAB.npy,true,provisional_unit_area_from_count_matched_row_order,PFC,true,61,PFC,probeA,true,1,true,heuristic_equal_segment,PFC,higher_order_frontal,false,recovered_heuristic_equal_segment,true,false
230830,114,0,ses230830-units-probe0-spk-AAAB.npy,true,provisional_unit_area_from_count_matched_row_order,PFC,true,63,PFC,probeA,true,1,true,heuristic_equal_segment,PFC,higher_order_frontal,false,recovered_heuristic_equal_segment,true,false
230830,115,0,ses230830-units-probe0-spk-AAAB.npy,true,provisional_unit_area_from_count_matched_row_order,PFC,true,61,PFC,probeA,true,1,true,heuristic_equal_segment,PFC,higher_order_frontal,false,recovered_heuristic_equal_segment,true,false
230830,116,0,ses230830-units-probe0-spk-AAAB.npy,true,provisional_unit_area_from_count_matched_row_order,PFC,true,66,PFC,probeA,true,1,true,heuristic_equal_segment,PFC,higher_order_frontal,false,recovered_heuristic_equal_segment,true,false
230830,117,0,ses230830-units-probe0-spk-AAAB.npy,true,provisional_unit_area_from_count_matched_row_order,PFC,true,53,PFC,probeA,true,1,true,heuristic_equal_segment,PFC,higher_order_frontal,false,recovered_heuristic_equal_segment,true,false
230830,118,0,ses230830-units-probe0-spk-AAAB.npy,true,provisional_unit_area_from_count_matched_row_order,PFC,true,62,PFC,probeA,true,1,true,heuristic_equal_segment,PFC,higher_order_frontal,false,recovered_heuristic_equal_segment,true,false
230830,119,0,ses230830-units-probe0-spk-AAAB.npy,true,provisional_unit_area_from_count_matched_row_order,PFC,true,62,PFC,probeA,true,1,true,heuristic_equal_segment,PFC,higher_order_frontal,false,recovered_heuristic_equal_segment,true,false
230830,120,0,ses230830-units-probe0-spk-AAAB.npy,true,provisional_unit_area_from_count_matched_row_order,PFC,true,62,PFC,probeA,true,1,true,heuristic_equal_segment,PFC,higher_order_frontal,false,recovered_heuristic_equal_segment,true,false
230830,121,0,ses230830-units-probe0-spk-AAAB.npy,true,provisional_unit_area_from_count_matched_row_order,PFC,true,60,PFC,probeA,true,1,true,heuristic_equal_segment,PFC,higher_order_frontal,false,recovered_heuristic_equal_segment,true,false
230830,122,0,ses230830-units-probe0-spk-AAAB.npy,true,provisional_unit_area_from_count_matched_row_order,PFC,true,62,PFC,probeA,true,1,true,heuristic_equal_segment,PFC,higher_order_frontal,false,recovered_heuristic_equal_segment,true,false
230830,123,0,ses230830-units-probe0-spk-AAAB.npy,true,provisional_unit_area_from_count_matched_row_order,PFC,true,62,PFC,probeA,true,1,true,heuristic_equal_segment,PFC,higher_order_frontal,false,recovered_heuristic_equal_segment,true,false
230830,124,0,ses230830-units-probe0-spk-AAAB.npy,true,provisional_unit_area_from_count_matched_row_order,PFC,true,60,PFC,probeA,true,1,true,heuristic_equal_segment,PFC,higher_order_frontal,false,recovered_heuristic_equal_segment,true,false
230830,125,0,ses230830-units-probe0-spk-AAAB.npy,true,provisional_unit_area_from_count_matched_row_order,PFC,true,62,PFC,probeA,true,1,true,heuristic_equal_segment,PFC,higher_order_frontal,false,recovered_heuristic_equal_segment,true,false
230830,126,0,ses230830-units-probe0-spk-AAAB.npy,true,provisional_unit_area_from_count_matched_row_order,PFC,true,60,PFC,probeA,true,1,true,heuristic_equal_segment,PFC,higher_order_frontal,false,recovered_heuristic_equal_segment,true,false
230830,127,0,ses230830-units-probe0-spk-AAAB.npy,true,provisional_unit_area_from_count_matched_row_order,PFC,true,63,PFC,probeA,true,1,true,heuristic_equal_segment,PFC,higher_order_frontal,false,recovered_heuristic_equal_segment,true,false
230830,128,0,ses230830-units-probe0-spk-AAAB.npy,true,provisional_unit_area_from_count_matched_row_order,PFC,true,63,PFC,probeA,true,1,true,heuristic_equal_segment,PFC,higher_order_frontal,false,recovered_heuristic_equal_segment,true,false
230830,129,0,ses230830-units-probe0-spk-AAAB.npy,true,provisional_unit_area_from_count_matched_row_order,PFC,true,63,PFC,probeA,true,1,true,heuristic_equal_segment,PFC,higher_order_frontal,false,recovered_heuristic_equal_segment,true,false
230830,130,0,ses230830-units-probe0-spk-AAAB.npy,true,provisional_unit_area_from_count_matched_row_order,PFC,true,63,PFC,probeA,true,1,true,heuristic_equal_segment,PFC,higher_order_frontal,false,recovered_heuristic_equal_segment,true,false
230830,131,0,ses230830-units-probe0-spk-AAAB.npy,true,provisional_unit_area_from_count_matched_row_order,PFC,true,58,PFC,probeA,true,1,true,heuristic_equal_segment,PFC,higher_order_frontal,false,recovered_heuristic_equal_segment,true,false
230830,132,0,ses230830-units-probe0-spk-AAAB.npy,true,provisional_unit_area_from_count_matched_row_order,PFC,true,63,PFC,probeA,true,1,true,heuristic_equal_segment,PFC,higher_order_frontal,false,recovered_heuristic_equal_segment,true,false
230830,133,0,ses230830-units-probe0-spk-AAAB.npy,true,provisional_unit_area_from_count_matched_row_order,PFC,true,63,PFC,probeA,true,1,true,heuristic_equal_segment,PFC,higher_order_frontal,false,recovered_heuristic_equal_segment,true,false
230830,134,0,ses230830-units-probe0-spk-AAAB.npy,true,provisional_unit_area_from_count_matched_row_order,PFC,true,30,PFC,probeA,true,1,true,heuristic_equal_segment,PFC,higher_order_frontal,false,recovered_heuristic_equal_segment,true,false
230830,135,0,ses230830-units-probe0-spk-AAAB.npy,true,provisional_unit_area_from_count_matched_row_order,PFC,true,44,PFC,probeA,true,1,true,heuristic_equal_segment,PFC,higher_order_frontal,false,recovered_heuristic_equal_segment,true,false
230830,136,1,ses230830-units-probe1-spk-AAAB.npy,true,provisional_unit_area_from_count_matched_row_order,MT,true,128,"V4, MT",probeB,true,2,false,channel_out_of_range,Unknown,unknown_or_unresolved,false,source_probe_resolved_but_channel_unresolvable,false,false
230830,137,1,ses230830-units-probe1-spk-AAAB.npy,true,provisional_unit_area_from_count_matched_row_order,V4,true,130,"V4, MT",probeB,true,2,false,channel_out_of_range,Unknown,unknown_or_unresolved,false,source_probe_resolved_but_channel_unresolvable,false,false
230830,138,1,ses230830-units-probe1-spk-AAAB.npy,true,provisional_unit_area_from_count_matched_row_order,V4,true,253,"V4, MT",probeB,true,2,false,channel_out_of_range,Unknown,unknown_or_unresolved,false,source_probe_resolved_but_channel_unresolvable,false,false
230830,139,1,ses230830-units-probe1-spk-AAAB.npy,true,provisional_unit_area_from_count_matched_row_order,MT,true,130,"V4, MT",probeB,true,2,false,channel_out_of_range,Unknown,unknown_or_unresolved,false,source_probe_resolved_but_channel_unresolvable,false,false
230830,140,1,ses230830-units-probe1-spk-AAAB.npy,true,provisional_unit_area_from_count_matched_row_order,MT,true,255,"V4, MT",probeB,true,2,false,channel_out_of_range,Unknown,unknown_or_unresolved,false,source_probe_resolved_but_channel_unresolvable,false,false
230830,141,1,ses230830-units-probe1-spk-AAAB.npy,true,provisional_unit_area_from_count_matched_row_order,MT,true,255,"V4, MT",probeB,true,2,false,channel_out_of_range,Unknown,unknown_or_unresolved,false,source_probe_resolved_but_channel_unresolvable,false,false
230830,142,1,ses230830-units-probe1-spk-AAAB.npy,true,provisional_unit_area_from_count_matched_row_order,MT,true,255,"V4, MT",probeB,true,2,false,channel_out_of_range,Unknown,unknown_or_unresolved,false,source_probe_resolved_but_channel_unresolvable,false,false
230830,143,1,ses230830-units-probe1-spk-AAAB.npy,true,provisional_unit_area_from_count_matched_row_order,MT,true,255,"V4, MT",probeB,true,2,false,channel_out_of_range,Unknown,unknown_or_unresolved,false,source_probe_resolved_but_channel_unresolvable,false,false
230830,144,1,ses230830-units-probe1-spk-AAAB.npy,true,provisional_unit_area_from_count_matched_row_order,V4,true,136,"V4, MT",probeB,true,2,false,channel_out_of_range,Unknown,unknown_or_unresolved,false,source_probe_resolved_but_channel_unresolvable,false,false
230830,145,1,ses230830-units-probe1-spk-AAAB.npy,true,provisional_unit_area_from_count_matched_row_order,MT,true,255,"V4, MT",probeB,true,2,false,channel_out_of_range,Unknown,unknown_or_unresolved,false,source_probe_resolved_but_channel_unresolvable,false,false
230830,146,1,ses230830-units-probe1-spk-AAAB.npy,true,provisional_unit_area_from_count_matched_row_order,MT,true,255,"V4, MT",probeB,true,2,false,channel_out_of_range,Unknown,unknown_or_unresolved,false,source_probe_resolved_but_channel_unresolvable,false,false
230830,147,1,ses230830-units-probe1-spk-AAAB.npy,true,provisional_unit_area_from_count_matched_row_order,V4,true,129,"V4, MT",probeB,true,2,false,channel_out_of_range,Unknown,unknown_or_unresolved,false,source_probe_resolved_but_channel_unresolvable,false,false
230830,148,1,ses230830-units-probe1-spk-AAAB.npy,true,provisional_unit_area_from_count_matched_row_order,V4,true,129,"V4, MT",probeB,true,2,false,channel_out_of_range,Unknown,unknown_or_unresolved,false,source_probe_resolved_but_channel_unresolvable,false,false
230830,149,1,ses230830-units-probe1-spk-AAAB.npy,true,provisional_unit_area_from_count_matched_row_order,V4,true,129,"V4, MT",probeB,true,2,false,channel_out_of_range,Unknown,unknown_or_unresolved,false,source_probe_resolved_but_channel_unresolvable,false,false
230830,150,1,ses230830-units-probe1-spk-AAAB.npy,true,provisional_unit_area_from_count_matched_row_order,V4,true,129,"V4, MT",probeB,true,2,false,channel_out_of_range,Unknown,unknown_or_unresolved,false,source_probe_resolved_but_channel_unresolvable,false,false
230830,151,1,ses230830-units-probe1-spk-AAAB.npy,true,provisional_unit_area_from_count_matched_row_order,V4,true,129,"V4, MT",probeB,true,2,false,channel_out_of_range,Unknown,unknown_or_unresolved,false,source_probe_resolved_but_channel_unresolvable,false,false
230830,152,1,ses230830-units-probe1-spk-AAAB.npy,true,provisional_unit_area_from_count_matched_row_order,V4,true,129,"V4, MT",probeB,true,2,false,channel_out_of_range,Unknown,unknown_or_unresolved,false,source_probe_resolved_but_channel_unresolvable,false,false
230830,153,1,ses230830-units-probe1-spk-AAAB.npy,true,provisional_unit_area_from_count_matched_row_order,V4,true,129,"V4, MT",probeB,true,2,false,channel_out_of_range,Unknown,unknown_or_unresolved,false,source_probe_resolved_but_channel_unresolvable,false,false
230830,154,1,ses230830-units-probe1-spk-AAAB.npy,true,provisional_unit_area_from_count_matched_row_order,V4,true,129,"V4, MT",probeB,true,2,false,channel_out_of_range,Unknown,unknown_or_unresolved,false,source_probe_resolved_but_channel_unresolvable,false,false
230830,155,1,ses230830-units-probe1-spk-AAAB.npy,true,provisional_unit_area_from_count_matched_row_order,V4,true,129,"V4, MT",probeB,true,2,false,channel_out_of_range,Unknown,unknown_or_unresolved,false,source_probe_resolved_but_channel_unresolvable,false,false
230830,156,1,ses230830-units-probe1-spk-AAAB.npy,true,provisional_unit_area_from_count_matched_row_order,V4,true,129,"V4, MT",probeB,true,2,false,channel_out_of_range,Unknown,unknown_or_unresolved,false,source_probe_resolved_but_channel_unresolvable,false,false
230830,157,1,ses230830-units-probe1-spk-AAAB.npy,true,provisional_unit_area_from_count_matched_row_order,V4,true,129,"V4, MT",probeB,true,2,false,channel_out_of_range,Unknown,unknown_or_unresolved,false,source_probe_resolved_but_channel_unresolvable,false,false
230830,158,1,ses230830-units-probe1-spk-AAAB.npy,true,provisional_unit_area_from_count_matched_row_order,V4,true,129,"V4, MT",probeB,true,2,false,channel_out_of_range,Unknown,unknown_or_unresolved,false,source_probe_resolved_but_channel_unresolvable,false,false
230830,159,1,ses230830-units-probe1-spk-AAAB.npy,true,provisional_unit_area_from_count_matched_row_order,V4,true,129,"V4, MT",probeB,true,2,false,channel_out_of_range,Unknown,unknown_or_unresolved,false,source_probe_resolved_but_channel_unresolvable,false,false
230830,160,1,ses230830-units-probe1-spk-AAAB.npy,true,provisional_unit_area_from_count_matched_row_order,MT,true,253,"V4, MT",probeB,true,2,false,channel_out_of_range,Unknown,unknown_or_unresolved,false,source_probe_resolved_but_channel_unresolvable,false,false
230830,161,1,ses230830-units-probe1-spk-AAAB.npy,true,provisional_unit_area_from_count_matched_row_order,V4,true,255,"V4, MT",probeB,true,2,false,channel_out_of_range,Unknown,unknown_or_unresolved,false,source_probe_resolved_but_channel_unresolvable,false,false
230830,162,1,ses230830-units-probe1-spk-AAAB.npy,true,provisional_unit_area_from_count_matched_row_order,V4,true,254,"V4, MT",probeB,true,2,false,channel_out_of_range,Unknown,unknown_or_unresolved,false,source_probe_resolved_but_channel_unresolvable,false,false
230830,163,1,ses230830-units-probe1-spk-AAAB.npy,true,provisional_unit_area_from_count_matched_row_order,V4,true,254,"V4, MT",probeB,true,2,false,channel_out_of_range,Unknown,unknown_or_unresolved,false,source_probe_resolved_but_channel_unresolvable,false,false
230830,164,1,ses230830-units-probe1-spk-AAAB.npy,true,provisional_unit_area_from_count_matched_row_order,V4,true,254,"V4, MT",probeB,true,2,false,channel_out_of_range,Unknown,unknown_or_unresolved,false,source_probe_resolved_but_channel_unresolvable,false,false
230830,165,1,ses230830-units-probe1-spk-AAAB.npy,true,provisional_unit_area_from_count_matched_row_order,V4,true,254,"V4, MT",probeB,true,2,false,channel_out_of_range,Unknown,unknown_or_unresolved,false,source_probe_resolved_but_channel_unresolvable,false,false
230830,166,1,ses230830-units-probe1-spk-AAAB.npy,true,provisional_unit_area_from_count_matched_row_order,MT,true,254,"V4, MT",probeB,true,2,false,channel_out_of_range,Unknown,unknown_or_unresolved,false,source_probe_resolved_but_channel_unresolvable,false,false
230830,167,1,ses230830-units-probe1-spk-AAAB.npy,true,provisional_unit_area_from_count_matched_row_order,V4,true,254,"V4, MT",probeB,true,2,false,channel_out_of_range,Unknown,unknown_or_unresolved,false,source_probe_resolved_but_channel_unresolvable,false,false
230830,168,1,ses230830-units-probe1-spk-AAAB.npy,true,provisional_unit_area_from_count_matched_row_order,V4,true,254,"V4, MT",probeB,true,2,false,channel_out_of_range,Unknown,unknown_or_unresolved,false,source_probe_resolved_but_channel_unresolvable,false,false
230830,169,1,ses230830-units-probe1-spk-AAAB.npy,true,provisional_unit_area_from_count_matched_row_order,V4,true,130,"V4, MT",probeB,true,2,false,channel_out_of_range,Unknown,unknown_or_unresolved,false,source_probe_resolved_but_channel_unresolvable,false,false
230830,170,1,ses230830-units-probe1-spk-AAAB.npy,true,provisional_unit_area_from_count_matched_row_order,V4,true,129,"V4, MT",probeB,true,2,false,channel_out_of_range,Unknown,unknown_or_unresolved,false,source_probe_resolved_but_channel_unresolvable,false,false
230830,171,1,ses230830-units-probe1-spk-AAAB.npy,true,provisional_unit_area_from_count_matched_row_order,V4,true,130,"V4, MT",probeB,true,2,false,channel_out_of_range,Unknown,unknown_or_unresolved,false,source_probe_resolved_but_channel_unresolvable,false,false
230830,172,1,ses230830-units-probe1-spk-AAAB.npy,true,provisional_unit_area_from_count_matched_row_order,V4,true,130,"V4, MT",probeB,true,2,false,channel_out_of_range,Unknown,unknown_or_unresolved,false,source_probe_resolved_but_channel_unresolvable,false,false
230830,173,1,ses230830-units-probe1-spk-AAAB.npy,true,provisional_unit_area_from_count_matched_row_order,V4,true,138,"V4, MT",probeB,true,2,false,channel_out_of_range,Unknown,unknown_or_unresolved,false,source_probe_resolved_but_channel_unresolvable,false,false
230830,174,1,ses230830-units-probe1-spk-AAAB.npy,true,provisional_unit_area_from_count_matched_row_order,V4,true,130,"V4, MT",probeB,true,2,false,channel_out_of_range,Unknown,unknown_or_unresolved,false,source_probe_resolved_but_channel_unresolvable,false,false
230830,175,1,ses230830-units-probe1-spk-AAAB.npy,true,provisional_unit_area_from_count_matched_row_order,V4,true,138,"V4, MT",probeB,true,2,false,channel_out_of_range,Unknown,unknown_or_unresolved,false,source_probe_resolved_but_channel_unresolvable,false,false
230830,176,1,ses230830-units-probe1-spk-AAAB.npy,true,provisional_unit_area_from_count_matched_row_order,V4,true,253,"V4, MT",probeB,true,2,false,channel_out_of_range,Unknown,unknown_or_unresolved,false,source_probe_resolved_but_channel_unresolvable,false,false
230830,177,1,ses230830-units-probe1-spk-AAAB.npy,true,provisional_unit_area_from_count_matched_row_order,V4,true,254,"V4, MT",probeB,true,2,false,channel_out_of_range,Unknown,unknown_or_unresolved,false,source_probe_resolved_but_channel_unresolvable,false,false
230830,178,1,ses230830-units-probe1-spk-AAAB.npy,true,provisional_unit_area_from_count_matched_row_order,MT,true,253,"V4, MT",probeB,true,2,false,channel_out_of_range,Unknown,unknown_or_unresolved,false,source_probe_resolved_but_channel_unresolvable,false,false
230830,179,1,ses230830-units-probe1-spk-AAAB.npy,true,provisional_unit_area_from_count_matched_row_order,MT,true,253,"V4, MT",probeB,true,2,false,channel_out_of_range,Unknown,unknown_or_unresolved,false,source_probe_resolved_but_channel_unresolvable,false,false
230830,180,1,ses230830-units-probe1-spk-AAAB.npy,true,provisional_unit_area_from_count_matched_row_order,MT,true,253,"V4, MT",probeB,true,2,false,channel_out_of_range,Unknown,unknown_or_unresolved,false,source_probe_resolved_but_channel_unresolvable,false,false
230830,181,1,ses230830-units-probe1-spk-AAAB.npy,true,provisional_unit_area_from_count_matched_row_order,V4,true,130,"V4, MT",probeB,true,2,false,channel_out_of_range,Unknown,unknown_or_unresolved,false,source_probe_resolved_but_channel_unresolvable,false,false
230830,182,1,ses230830-units-probe1-spk-AAAB.npy,true,provisional_unit_area_from_count_matched_row_order,MT,true,253,"V4, MT",probeB,true,2,false,channel_out_of_range,Unknown,unknown_or_unresolved,false,source_probe_resolved_but_channel_unresolvable,false,false
230830,183,1,ses230830-units-probe1-spk-AAAB.npy,true,provisional_unit_area_from_count_matched_row_order,V4,true,253,"V4, MT",probeB,true,2,false,channel_out_of_range,Unknown,unknown_or_unresolved,false,source_probe_resolved_but_channel_unresolvable,false,false
230830,184,1,ses230830-units-probe1-spk-AAAB.npy,true,provisional_unit_area_from_count_matched_row_order,V4,true,131,"V4, MT",probeB,true,2,false,channel_out_of_range,Unknown,unknown_or_unresolved,false,source_probe_resolved_but_channel_unresolvable,false,false
230830,185,1,ses230830-units-probe1-spk-AAAB.npy,true,provisional_unit_area_from_count_matched_row_order,V4,true,253,"V4, MT",probeB,true,2,false,channel_out_of_range,Unknown,unknown_or_unresolved,false,source_probe_resolved_but_channel_unresolvable,false,false
230830,186,1,ses230830-units-probe1-spk-AAAB.npy,true,provisional_unit_area_from_count_matched_row_order,V4,true,130,"V4, MT",probeB,true,2,false,channel_out_of_range,Unknown,unknown_or_unresolved,false,source_probe_resolved_but_channel_unresolvable,false,false
230830,187,1,ses230830-units-probe1-spk-AAAB.npy,true,provisional_unit_area_from_count_matched_row_order,V4,true,254,"V4, MT",probeB,true,2,false,channel_out_of_range,Unknown,unknown_or_unresolved,false,source_probe_resolved_but_channel_unresolvable,false,false
230830,188,1,ses230830-units-probe1-spk-AAAB.npy,true,provisional_unit_area_from_count_matched_row_order,V4,true,131,"V4, MT",probeB,true,2,false,channel_out_of_range,Unknown,unknown_or_unresolved,false,source_probe_resolved_but_channel_unresolvable,false,false
230830,189,1,ses230830-units-probe1-spk-AAAB.npy,true,provisional_unit_area_from_count_matched_row_order,V4,true,131,"V4, MT",probeB,true,2,false,channel_out_of_range,Unknown,unknown_or_unresolved,false,source_probe_resolved_but_channel_unresolvable,false,false
230830,190,1,ses230830-units-probe1-spk-AAAB.npy,true,provisional_unit_area_from_count_matched_row_order,V4,true,131,"V4, MT",probeB,true,2,false,channel_out_of_range,Unknown,unknown_or_unresolved,false,source_probe_resolved_but_channel_unresolvable,false,false
230830,191,1,ses230830-units-probe1-spk-AAAB.npy,true,provisional_unit_area_from_count_matched_row_order,V4,true,131,"V4, MT",probeB,true,2,false,channel_out_of_range,Unknown,unknown_or_unresolved,false,source_probe_resolved_but_channel_unresolvable,false,false
230830,192,1,ses230830-units-probe1-spk-AAAB.npy,true,provisional_unit_area_from_count_matched_row_order,V4,true,132,"V4, MT",probeB,true,2,false,channel_out_of_range,Unknown,unknown_or_unresolved,false,source_probe_resolved_but_channel_unresolvable,false,false
230830,193,1,ses230830-units-probe1-spk-AAAB.npy,true,provisional_unit_area_from_count_matched_row_order,V4,true,131,"V4, MT",probeB,true,2,false,channel_out_of_range,Unknown,unknown_or_unresolved,false,source_probe_resolved_but_channel_unresolvable,false,false
230830,194,1,ses230830-units-probe1-spk-AAAB.npy,true,provisional_unit_area_from_count_matched_row_order,V4,true,251,"V4, MT",probeB,true,2,false,channel_out_of_range,Unknown,unknown_or_unresolved,false,source_probe_resolved_but_channel_unresolvable,false,false
230830,195,1,ses230830-units-probe1-spk-AAAB.npy,true,provisional_unit_area_from_count_matched_row_order,MT,true,130,"V4, MT",probeB,true,2,false,channel_out_of_range,Unknown,unknown_or_unresolved,false,source_probe_resolved_but_channel_unresolvable,false,false
230830,196,1,ses230830-units-probe1-spk-AAAB.npy,true,provisional_unit_area_from_count_matched_row_order,V4,true,128,"V4, MT",probeB,true,2,false,channel_out_of_range,Unknown,unknown_or_unresolved,false,source_probe_resolved_but_channel_unresolvable,false,false
230830,197,1,ses230830-units-probe1-spk-AAAB.npy,true,provisional_unit_area_from_count_matched_row_order,MT,true,129,"V4, MT",probeB,true,2,false,channel_out_of_range,Unknown,unknown_or_unresolved,false,source_probe_resolved_but_channel_unresolvable,false,false
230830,198,1,ses230830-units-probe1-spk-AAAB.npy,true,provisional_unit_area_from_count_matched_row_order,V4,true,252,"V4, MT",probeB,true,2,false,channel_out_of_range,Unknown,unknown_or_unresolved,false,source_probe_resolved_but_channel_unresolvable,false,false
230830,199,1,ses230830-units-probe1-spk-AAAB.npy,true,provisional_unit_area_from_count_matched_row_order,MT,true,247,"V4, MT",probeB,true,2,false,channel_out_of_range,Unknown,unknown_or_unresolved,false,source_probe_resolved_but_channel_unresolvable,false,false
230830,200,1,ses230830-units-probe1-spk-AAAB.npy,true,provisional_unit_area_from_count_matched_row_order,V4,true,252,"V4, MT",probeB,true,2,false,channel_out_of_range,Unknown,unknown_or_unresolved,false,source_probe_resolved_but_channel_unresolvable,false,false
230830,201,1,ses230830-units-probe1-spk-AAAB.npy,true,provisional_unit_area_from_count_matched_row_order,V4,true,252,"V4, MT",probeB,true,2,false,channel_out_of_range,Unknown,unknown_or_unresolved,false,source_probe_resolved_but_channel_unresolvable,false,false
230830,202,1,ses230830-units-probe1-spk-AAAB.npy,true,provisional_unit_area_from_count_matched_row_order,V4,true,138,"V4, MT",probeB,true,2,false,channel_out_of_range,Unknown,unknown_or_unresolved,false,source_probe_resolved_but_channel_unresolvable,false,false
230830,203,1,ses230830-units-probe1-spk-AAAB.npy,true,provisional_unit_area_from_count_matched_row_order,MT,true,244,"V4, MT",probeB,true,2,false,channel_out_of_range,Unknown,unknown_or_unresolved,false,source_probe_resolved_but_channel_unresolvable,false,false
230830,204,1,ses230830-units-probe1-spk-AAAB.npy,true,provisional_unit_area_from_count_matched_row_order,V4,true,250,"V4, MT",probeB,true,2,false,channel_out_of_range,Unknown,unknown_or_unresolved,false,source_probe_resolved_but_channel_unresolvable,false,false
230830,205,1,ses230830-units-probe1-spk-AAAB.npy,true,provisional_unit_area_from_count_matched_row_order,V4,true,136,"V4, MT",probeB,true,2,false,channel_out_of_range,Unknown,unknown_or_unresolved,false,source_probe_resolved_but_channel_unresolvable,false,false
230830,206,1,ses230830-units-probe1-spk-AAAB.npy,true,provisional_unit_area_from_count_matched_row_order,V4,true,128,"V4, MT",probeB,true,2,false,channel_out_of_range,Unknown,unknown_or_unresolved,false,source_probe_resolved_but_channel_unresolvable,false,false
230830,207,1,ses230830-units-probe1-spk-AAAB.npy,true,provisional_unit_area_from_count_matched_row_order,V4,true,132,"V4, MT",probeB,true,2,false,channel_out_of_range,Unknown,unknown_or_unresolved,false,source_probe_resolved_but_channel_unresolvable,false,false
230830,208,1,ses230830-units-probe1-spk-AAAB.npy,true,provisional_unit_area_from_count_matched_row_order,V4,true,132,"V4, MT",probeB,true,2,false,channel_out_of_range,Unknown,unknown_or_unresolved,false,source_probe_resolved_but_channel_unresolvable,false,false
230830,209,1,ses230830-units-probe1-spk-AAAB.npy,true,provisional_unit_area_from_count_matched_row_order,V4,true,129,"V4, MT",probeB,true,2,false,channel_out_of_range,Unknown,unknown_or_unresolved,false,source_probe_resolved_but_channel_unresolvable,false,false
230830,210,1,ses230830-units-probe1-spk-AAAB.npy,true,provisional_unit_area_from_count_matched_row_order,V4,true,132,"V4, MT",probeB,true,2,false,channel_out_of_range,Unknown,unknown_or_unresolved,false,source_probe_resolved_but_channel_unresolvable,false,false
230830,211,1,ses230830-units-probe1-spk-AAAB.npy,true,provisional_unit_area_from_count_matched_row_order,V4,true,132,"V4, MT",probeB,true,2,false,channel_out_of_range,Unknown,unknown_or_unresolved,false,source_probe_resolved_but_channel_unresolvable,false,false
230830,212,1,ses230830-units-probe1-spk-AAAB.npy,true,provisional_unit_area_from_count_matched_row_order,MT,true,132,"V4, MT",probeB,true,2,false,channel_out_of_range,Unknown,unknown_or_unresolved,false,source_probe_resolved_but_channel_unresolvable,false,false
230830,213,1,ses230830-units-probe1-spk-AAAB.npy,true,provisional_unit_area_from_count_matched_row_order,MT,true,137,"V4, MT",probeB,true,2,false,channel_out_of_range,Unknown,unknown_or_unresolved,false,source_probe_resolved_but_channel_unresolvable,false,false
230830,214,1,ses230830-units-probe1-spk-AAAB.npy,true,provisional_unit_area_from_count_matched_row_order,MT,true,135,"V4, MT",probeB,true,2,false,channel_out_of_range,Unknown,unknown_or_unresolved,false,source_probe_resolved_but_channel_unresolvable,false,false
230830,215,1,ses230830-units-probe1-spk-AAAB.npy,true,provisional_unit_area_from_count_matched_row_order,V4,true,140,"V4, MT",probeB,true,2,false,channel_out_of_range,Unknown,unknown_or_unresolved,false,source_probe_resolved_but_channel_unresolvable,false,false
230830,216,1,ses230830-units-probe1-spk-AAAB.npy,true,provisional_unit_area_from_count_matched_row_order,V4,true,129,"V4, MT",probeB,true,2,false,channel_out_of_range,Unknown,unknown_or_unresolved,false,source_probe_resolved_but_channel_unresolvable,false,false
230830,217,1,ses230830-units-probe1-spk-AAAB.npy,true,provisional_unit_area_from_count_matched_row_order,V4,true,251,"V4, MT",probeB,true,2,false,channel_out_of_range,Unknown,unknown_or_unresolved,false,source_probe_resolved_but_channel_unresolvable,false,false
230830,218,1,ses230830-units-probe1-spk-AAAB.npy,true,provisional_unit_area_from_count_matched_row_order,V4,true,253,"V4, MT",probeB,true,2,false,channel_out_of_range,Unknown,unknown_or_unresolved,false,source_probe_resolved_but_channel_unresolvable,false,false
230830,219,1,ses230830-units-probe1-spk-AAAB.npy,true,provisional_unit_area_from_count_matched_row_order,V4,true,251,"V4, MT",probeB,true,2,false,channel_out_of_range,Unknown,unknown_or_unresolved,false,source_probe_resolved_but_channel_unresolvable,false,false
230830,220,1,ses230830-units-probe1-spk-AAAB.npy,true,provisional_unit_area_from_count_matched_row_order,V4,true,251,"V4, MT",probeB,true,2,false,channel_out_of_range,Unknown,unknown_or_unresolved,false,source_probe_resolved_but_channel_unresolvable,false,false
230830,221,1,ses230830-units-probe1-spk-AAAB.npy,true,provisional_unit_area_from_count_matched_row_order,MT,true,251,"V4, MT",probeB,true,2,false,channel_out_of_range,Unknown,unknown_or_unresolved,false,source_probe_resolved_but_channel_unresolvable,false,false
230830,222,1,ses230830-units-probe1-spk-AAAB.npy,true,provisional_unit_area_from_count_matched_row_order,MT,true,251,"V4, MT",probeB,true,2,false,channel_out_of_range,Unknown,unknown_or_unresolved,false,source_probe_resolved_but_channel_unresolvable,false,false
230830,223,1,ses230830-units-probe1-spk-AAAB.npy,true,provisional_unit_area_from_count_matched_row_order,V4,true,133,"V4, MT",probeB,true,2,false,channel_out_of_range,Unknown,unknown_or_unresolved,false,source_probe_resolved_but_channel_unresolvable,false,false
230830,224,1,ses230830-units-probe1-spk-AAAB.npy,true,provisional_unit_area_from_count_matched_row_order,MT,true,137,"V4, MT",probeB,true,2,false,channel_out_of_range,Unknown,unknown_or_unresolved,false,source_probe_resolved_but_channel_unresolvable,false,false
230830,225,1,ses230830-units-probe1-spk-AAAB.npy,true,provisional_unit_area_from_count_matched_row_order,MT,true,133,"V4, MT",probeB,true,2,false,channel_out_of_range,Unknown,unknown_or_unresolved,false,source_probe_resolved_but_channel_unresolvable,false,false
230830,226,1,ses230830-units-probe1-spk-AAAB.npy,true,provisional_unit_area_from_count_matched_row_order,MT,true,133,"V4, MT",probeB,true,2,false,channel_out_of_range,Unknown,unknown_or_unresolved,false,source_probe_resolved_but_channel_unresolvable,false,false
230830,227,1,ses230830-units-probe1-spk-AAAB.npy,true,provisional_unit_area_from_count_matched_row_order,MT,true,138,"V4, MT",probeB,true,2,false,channel_out_of_range,Unknown,unknown_or_unresolved,false,source_probe_resolved_but_channel_unresolvable,false,false
230830,228,1,ses230830-units-probe1-spk-AAAB.npy,true,provisional_unit_area_from_count_matched_row_order,MT,true,133,"V4, MT",probeB,true,2,false,channel_out_of_range,Unknown,unknown_or_unresolved,false,source_probe_resolved_but_channel_unresolvable,false,false
230830,229,1,ses230830-units-probe1-spk-AAAB.npy,true,provisional_unit_area_from_count_matched_row_order,V4,true,129,"V4, MT",probeB,true,2,false,channel_out_of_range,Unknown,unknown_or_unresolved,false,source_probe_resolved_but_channel_unresolvable,false,false
230830,230,1,ses230830-units-probe1-spk-AAAB.npy,true,provisional_unit_area_from_count_matched_row_order,V4,true,130,"V4, MT",probeB,true,2,false,channel_out_of_range,Unknown,unknown_or_unresolved,false,source_probe_resolved_but_channel_unresolvable,false,false
230830,231,1,ses230830-units-probe1-spk-AAAB.npy,true,provisional_unit_area_from_count_matched_row_order,V4,true,250,"V4, MT",probeB,true,2,false,channel_out_of_range,Unknown,unknown_or_unresolved,false,source_probe_resolved_but_channel_unresolvable,false,false
230830,232,1,ses230830-units-probe1-spk-AAAB.npy,true,provisional_unit_area_from_count_matched_row_order,V4,true,129,"V4, MT",probeB,true,2,false,channel_out_of_range,Unknown,unknown_or_unresolved,false,source_probe_resolved_but_channel_unresolvable,false,false
230830,233,1,ses230830-units-probe1-spk-AAAB.npy,true,provisional_unit_area_from_count_matched_row_order,V4,true,250,"V4, MT",probeB,true,2,false,channel_out_of_range,Unknown,unknown_or_unresolved,false,source_probe_resolved_but_channel_unresolvable,false,false
230830,234,1,ses230830-units-probe1-spk-AAAB.npy,true,provisional_unit_area_from_count_matched_row_order,V4,true,250,"V4, MT",probeB,true,2,false,channel_out_of_range,Unknown,unknown_or_unresolved,false,source_probe_resolved_but_channel_unresolvable,false,false
230830,235,1,ses230830-units-probe1-spk-AAAB.npy,true,provisional_unit_area_from_count_matched_row_order,V4,true,137,"V4, MT",probeB,true,2,false,channel_out_of_range,Unknown,unknown_or_unresolved,false,source_probe_resolved_but_channel_unresolvable,false,false
230830,236,1,ses230830-units-probe1-spk-AAAB.npy,true,provisional_unit_area_from_count_matched_row_order,V4,true,137,"V4, MT",probeB,true,2,false,channel_out_of_range,Unknown,unknown_or_unresolved,false,source_probe_resolved_but_channel_unresolvable,false,false
230830,237,1,ses230830-units-probe1-spk-AAAB.npy,true,provisional_unit_area_from_count_matched_row_order,V4,true,250,"V4, MT",probeB,true,2,false,channel_out_of_range,Unknown,unknown_or_unresolved,false,source_probe_resolved_but_channel_unresolvable,false,false
230830,238,1,ses230830-units-probe1-spk-AAAB.npy,true,provisional_unit_area_from_count_matched_row_order,V4,true,250,"V4, MT",probeB,true,2,false,channel_out_of_range,Unknown,unknown_or_unresolved,false,source_probe_resolved_but_channel_unresolvable,false,false
230830,239,1,ses230830-units-probe1-spk-AAAB.npy,true,provisional_unit_area_from_count_matched_row_order,V4,true,250,"V4, MT",probeB,true,2,false,channel_out_of_range,Unknown,unknown_or_unresolved,false,source_probe_resolved_but_channel_unresolvable,false,false
230830,240,1,ses230830-units-probe1-spk-AAAB.npy,true,provisional_unit_area_from_count_matched_row_order,V4,true,253,"V4, MT",probeB,true,2,false,channel_out_of_range,Unknown,unknown_or_unresolved,false,source_probe_resolved_but_channel_unresolvable,false,false
230830,241,1,ses230830-units-probe1-spk-AAAB.npy,true,provisional_unit_area_from_count_matched_row_order,MT,true,129,"V4, MT",probeB,true,2,false,channel_out_of_range,Unknown,unknown_or_unresolved,false,source_probe_resolved_but_channel_unresolvable,false,false
230830,242,1,ses230830-units-probe1-spk-AAAB.npy,true,provisional_unit_area_from_count_matched_row_order,V4,true,134,"V4, MT",probeB,true,2,false,channel_out_of_range,Unknown,unknown_or_unresolved,false,source_probe_resolved_but_channel_unresolvable,false,false
230830,243,1,ses230830-units-probe1-spk-AAAB.npy,true,provisional_unit_area_from_count_matched_row_order,MT,true,134,"V4, MT",probeB,true,2,false,channel_out_of_range,Unknown,unknown_or_unresolved,false,source_probe_resolved_but_channel_unresolvable,false,false
230830,244,1,ses230830-units-probe1-spk-AAAB.npy,true,provisional_unit_area_from_count_matched_row_order,MT,true,134,"V4, MT",probeB,true,2,false,channel_out_of_range,Unknown,unknown_or_unresolved,false,source_probe_resolved_but_channel_unresolvable,false,false
230830,245,1,ses230830-units-probe1-spk-AAAB.npy,true,provisional_unit_area_from_count_matched_row_order,MT,true,134,"V4, MT",probeB,true,2,false,channel_out_of_range,Unknown,unknown_or_unresolved,false,source_probe_resolved_but_channel_unresolvable,false,false
230830,246,1,ses230830-units-probe1-spk-AAAB.npy,true,provisional_unit_area_from_count_matched_row_order,MT,true,134,"V4, MT",probeB,true,2,false,channel_out_of_range,Unknown,unknown_or_unresolved,false,source_probe_resolved_but_channel_unresolvable,false,false
230830,247,1,ses230830-units-probe1-spk-AAAB.npy,true,provisional_unit_area_from_count_matched_row_order,V4,true,134,"V4, MT",probeB,true,2,false,channel_out_of_range,Unknown,unknown_or_unresolved,false,source_probe_resolved_but_channel_unresolvable,false,false
230830,248,1,ses230830-units-probe1-spk-AAAB.npy,true,provisional_unit_area_from_count_matched_row_order,V4,true,135,"V4, MT",probeB,true,2,false,channel_out_of_range,Unknown,unknown_or_unresolved,false,source_probe_resolved_but_channel_unresolvable,false,false
230830,249,1,ses230830-units-probe1-spk-AAAB.npy,true,provisional_unit_area_from_count_matched_row_order,V4,true,134,"V4, MT",probeB,true,2,false,channel_out_of_range,Unknown,unknown_or_unresolved,false,source_probe_resolved_but_channel_unresolvable,false,false
230830,250,1,ses230830-units-probe1-spk-AAAB.npy,true,provisional_unit_area_from_count_matched_row_order,V4,true,134,"V4, MT",probeB,true,2,false,channel_out_of_range,Unknown,unknown_or_unresolved,false,source_probe_resolved_but_channel_unresolvable,false,false
230830,251,1,ses230830-units-probe1-spk-AAAB.npy,true,provisional_unit_area_from_count_matched_row_order,MT,true,134,"V4, MT",probeB,true,2,false,channel_out_of_range,Unknown,unknown_or_unresolved,false,source_probe_resolved_but_channel_unresolvable,false,false
230830,252,1,ses230830-units-probe1-spk-AAAB.npy,true,provisional_unit_area_from_count_matched_row_order,V4,true,136,"V4, MT",probeB,true,2,false,channel_out_of_range,Unknown,unknown_or_unresolved,false,source_probe_resolved_but_channel_unresolvable,false,false
230830,253,1,ses230830-units-probe1-spk-AAAB.npy,true,provisional_unit_area_from_count_matched_row_order,V4,true,139,"V4, MT",probeB,true,2,false,channel_out_of_range,Unknown,unknown_or_unresolved,false,source_probe_resolved_but_channel_unresolvable,false,false
230830,254,1,ses230830-units-probe1-spk-AAAB.npy,true,provisional_unit_area_from_count_matched_row_order,V4,true,249,"V4, MT",probeB,true,2,false,channel_out_of_range,Unknown,unknown_or_unresolved,false,source_probe_resolved_but_channel_unresolvable,false,false
230830,255,1,ses230830-units-probe1-spk-AAAB.npy,true,provisional_unit_area_from_count_matched_row_order,MT,true,249,"V4, MT",probeB,true,2,false,channel_out_of_range,Unknown,unknown_or_unresolved,false,source_probe_resolved_but_channel_unresolvable,false,false
230830,256,1,ses230830-units-probe1-spk-AAAB.npy,true,provisional_unit_area_from_count_matched_row_order,V4,true,249,"V4, MT",probeB,true,2,false,channel_out_of_range,Unknown,unknown_or_unresolved,false,source_probe_resolved_but_channel_unresolvable,false,false
230830,257,1,ses230830-units-probe1-spk-AAAB.npy,true,provisional_unit_area_from_count_matched_row_order,MT,true,245,"V4, MT",probeB,true,2,false,channel_out_of_range,Unknown,unknown_or_unresolved,false,source_probe_resolved_but_channel_unresolvable,false,false
230830,258,1,ses230830-units-probe1-spk-AAAB.npy,true,provisional_unit_area_from_count_matched_row_order,MT,true,132,"V4, MT",probeB,true,2,false,channel_out_of_range,Unknown,unknown_or_unresolved,false,source_probe_resolved_but_channel_unresolvable,false,false
230830,259,1,ses230830-units-probe1-spk-AAAB.npy,true,provisional_unit_area_from_count_matched_row_order,V4,true,128,"V4, MT",probeB,true,2,false,channel_out_of_range,Unknown,unknown_or_unresolved,false,source_probe_resolved_but_channel_unresolvable,false,false
230830,260,1,ses230830-units-probe1-spk-AAAB.npy,true,provisional_unit_area_from_count_matched_row_order,V4,true,140,"V4, MT",probeB,true,2,false,channel_out_of_range,Unknown,unknown_or_unresolved,false,source_probe_resolved_but_channel_unresolvable,false,false
230830,261,1,ses230830-units-probe1-spk-AAAB.npy,true,provisional_unit_area_from_count_matched_row_order,V4,true,135,"V4, MT",probeB,true,2,false,channel_out_of_range,Unknown,unknown_or_unresolved,false,source_probe_resolved_but_channel_unresolvable,false,false
230830,262,1,ses230830-units-probe1-spk-AAAB.npy,true,provisional_unit_area_from_count_matched_row_order,V4,true,137,"V4, MT",probeB,true,2,false,channel_out_of_range,Unknown,unknown_or_unresolved,false,source_probe_resolved_but_channel_unresolvable,false,false
230830,263,1,ses230830-units-probe1-spk-AAAB.npy,true,provisional_unit_area_from_count_matched_row_order,MT,true,137,"V4, MT",probeB,true,2,false,channel_out_of_range,Unknown,unknown_or_unresolved,false,source_probe_resolved_but_channel_unresolvable,false,false
230830,264,1,ses230830-units-probe1-spk-AAAB.npy,true,provisional_unit_area_from_count_matched_row_order,V4,true,135,"V4, MT",probeB,true,2,false,channel_out_of_range,Unknown,unknown_or_unresolved,false,source_probe_resolved_but_channel_unresolvable,false,false
230830,265,1,ses230830-units-probe1-spk-AAAB.npy,true,provisional_unit_area_from_count_matched_row_order,MT,true,135,"V4, MT",probeB,true,2,false,channel_out_of_range,Unknown,unknown_or_unresolved,false,source_probe_resolved_but_channel_unresolvable,false,false
230830,266,1,ses230830-units-probe1-spk-AAAB.npy,true,provisional_unit_area_from_count_matched_row_order,MT,true,135,"V4, MT",probeB,true,2,false,channel_out_of_range,Unknown,unknown_or_unresolved,false,source_probe_resolved_but_channel_unresolvable,false,false
230830,267,1,ses230830-units-probe1-spk-AAAB.npy,true,provisional_unit_area_from_count_matched_row_order,V4,true,243,"V4, MT",probeB,true,2,false,channel_out_of_range,Unknown,unknown_or_unresolved,false,source_probe_resolved_but_channel_unresolvable,false,false
230830,268,1,ses230830-units-probe1-spk-AAAB.npy,true,provisional_unit_area_from_count_matched_row_order,V4,true,135,"V4, MT",probeB,true,2,false,channel_out_of_range,Unknown,unknown_or_unresolved,false,source_probe_resolved_but_channel_unresolvable,false,false
230830,269,1,ses230830-units-probe1-spk-AAAB.npy,true,provisional_unit_area_from_count_matched_row_order,V4,true,135,"V4, MT",probeB,true,2,false,channel_out_of_range,Unknown,unknown_or_unresolved,false,source_probe_resolved_but_channel_unresolvable,false,false
230830,270,1,ses230830-units-probe1-spk-AAAB.npy,true,provisional_unit_area_from_count_matched_row_order,V4,true,135,"V4, MT",probeB,true,2,false,channel_out_of_range,Unknown,unknown_or_unresolved,false,source_probe_resolved_but_channel_unresolvable,false,false
230830,271,1,ses230830-units-probe1-spk-AAAB.npy,true,provisional_unit_area_from_count_matched_row_order,V4,true,248,"V4, MT",probeB,true,2,false,channel_out_of_range,Unknown,unknown_or_unresolved,false,source_probe_resolved_but_channel_unresolvable,false,false
230830,272,1,ses230830-units-probe1-spk-AAAB.npy,true,provisional_unit_area_from_count_matched_row_order,V4,true,248,"V4, MT",probeB,true,2,false,channel_out_of_range,Unknown,unknown_or_unresolved,false,source_probe_resolved_but_channel_unresolvable,false,false
230830,273,1,ses230830-units-probe1-spk-AAAB.npy,true,provisional_unit_area_from_count_matched_row_order,V4,true,130,"V4, MT",probeB,true,2,false,channel_out_of_range,Unknown,unknown_or_unresolved,false,source_probe_resolved_but_channel_unresolvable,false,false
230830,274,1,ses230830-units-probe1-spk-AAAB.npy,true,provisional_unit_area_from_count_matched_row_order,V4,true,136,"V4, MT",probeB,true,2,false,channel_out_of_range,Unknown,unknown_or_unresolved,false,source_probe_resolved_but_channel_unresolvable,false,false
230830,275,1,ses230830-units-probe1-spk-AAAB.npy,true,provisional_unit_area_from_count_matched_row_order,MT,true,248,"V4, MT",probeB,true,2,false,channel_out_of_range,Unknown,unknown_or_unresolved,false,source_probe_resolved_but_channel_unresolvable,false,false
230830,276,1,ses230830-units-probe1-spk-AAAB.npy,true,provisional_unit_area_from_count_matched_row_order,V4,true,248,"V4, MT",probeB,true,2,false,channel_out_of_range,Unknown,unknown_or_unresolved,false,source_probe_resolved_but_channel_unresolvable,false,false
230830,277,1,ses230830-units-probe1-spk-AAAB.npy,true,provisional_unit_area_from_count_matched_row_order,MT,true,248,"V4, MT",probeB,true,2,false,channel_out_of_range,Unknown,unknown_or_unresolved,false,source_probe_resolved_but_channel_unresolvable,false,false
230830,278,1,ses230830-units-probe1-spk-AAAB.npy,true,provisional_unit_area_from_count_matched_row_order,V4,true,248,"V4, MT",probeB,true,2,false,channel_out_of_range,Unknown,unknown_or_unresolved,false,source_probe_resolved_but_channel_unresolvable,false,false
230830,279,1,ses230830-units-probe1-spk-AAAB.npy,true,provisional_unit_area_from_count_matched_row_order,V4,true,248,"V4, MT",probeB,true,2,false,channel_out_of_range,Unknown,unknown_or_unresolved,false,source_probe_resolved_but_channel_unresolvable,false,false
230830,280,1,ses230830-units-probe1-spk-AAAB.npy,true,provisional_unit_area_from_count_matched_row_order,V4,true,136,"V4, MT",probeB,true,2,false,channel_out_of_range,Unknown,unknown_or_unresolved,false,source_probe_resolved_but_channel_unresolvable,false,false
230830,281,1,ses230830-units-probe1-spk-AAAB.npy,true,provisional_unit_area_from_count_matched_row_order,MT,true,248,"V4, MT",probeB,true,2,false,channel_out_of_range,Unknown,unknown_or_unresolved,false,source_probe_resolved_but_channel_unresolvable,false,false
230830,282,1,ses230830-units-probe1-spk-AAAB.npy,true,provisional_unit_area_from_count_matched_row_order,V4,true,254,"V4, MT",probeB,true,2,false,channel_out_of_range,Unknown,unknown_or_unresolved,false,source_probe_resolved_but_channel_unresolvable,false,false
230830,283,1,ses230830-units-probe1-spk-AAAB.npy,true,provisional_unit_area_from_count_matched_row_order,V4,true,136,"V4, MT",probeB,true,2,false,channel_out_of_range,Unknown,unknown_or_unresolved,false,source_probe_resolved_but_channel_unresolvable,false,false
230830,284,1,ses230830-units-probe1-spk-AAAB.npy,true,provisional_unit_area_from_count_matched_row_order,V4,true,136,"V4, MT",probeB,true,2,false,channel_out_of_range,Unknown,unknown_or_unresolved,false,source_probe_resolved_but_channel_unresolvable,false,false
230830,285,1,ses230830-units-probe1-spk-AAAB.npy,true,provisional_unit_area_from_count_matched_row_order,V4,true,136,"V4, MT",probeB,true,2,false,channel_out_of_range,Unknown,unknown_or_unresolved,false,source_probe_resolved_but_channel_unresolvable,false,false
230830,286,1,ses230830-units-probe1-spk-AAAB.npy,true,provisional_unit_area_from_count_matched_row_order,MT,true,136,"V4, MT",probeB,true,2,false,channel_out_of_range,Unknown,unknown_or_unresolved,false,source_probe_resolved_but_channel_unresolvable,false,false
230830,287,1,ses230830-units-probe1-spk-AAAB.npy,true,provisional_unit_area_from_count_matched_row_order,MT,true,136,"V4, MT",probeB,true,2,false,channel_out_of_range,Unknown,unknown_or_unresolved,false,source_probe_resolved_but_channel_unresolvable,false,false
230830,288,1,ses230830-units-probe1-spk-AAAB.npy,true,provisional_unit_area_from_count_matched_row_order,V4,true,136,"V4, MT",probeB,true,2,false,channel_out_of_range,Unknown,unknown_or_unresolved,false,source_probe_resolved_but_channel_unresolvable,false,false
230830,289,1,ses230830-units-probe1-spk-AAAB.npy,true,provisional_unit_area_from_count_matched_row_order,MT,true,136,"V4, MT",probeB,true,2,false,channel_out_of_range,Unknown,unknown_or_unresolved,false,source_probe_resolved_but_channel_unresolvable,false,false
230830,290,1,ses230830-units-probe1-spk-AAAB.npy,true,provisional_unit_area_from_count_matched_row_order,V4,true,136,"V4, MT",probeB,true,2,false,channel_out_of_range,Unknown,unknown_or_unresolved,false,source_probe_resolved_but_channel_unresolvable,false,false
230830,291,1,ses230830-units-probe1-spk-AAAB.npy,true,provisional_unit_area_from_count_matched_row_order,V4,true,136,"V4, MT",probeB,true,2,false,channel_out_of_range,Unknown,unknown_or_unresolved,false,source_probe_resolved_but_channel_unresolvable,false,false
230830,292,1,ses230830-units-probe1-spk-AAAB.npy,true,provisional_unit_area_from_count_matched_row_order,V4,true,139,"V4, MT",probeB,true,2,false,channel_out_of_range,Unknown,unknown_or_unresolved,false,source_probe_resolved_but_channel_unresolvable,false,false
230830,293,1,ses230830-units-probe1-spk-AAAB.npy,true,provisional_unit_area_from_count_matched_row_order,V4,true,136,"V4, MT",probeB,true,2,false,channel_out_of_range,Unknown,unknown_or_unresolved,false,source_probe_resolved_but_channel_unresolvable,false,false
230830,294,1,ses230830-units-probe1-spk-AAAB.npy,true,provisional_unit_area_from_count_matched_row_order,V4,true,136,"V4, MT",probeB,true,2,false,channel_out_of_range,Unknown,unknown_or_unresolved,false,source_probe_resolved_but_channel_unresolvable,false,false
230830,295,1,ses230830-units-probe1-spk-AAAB.npy,true,provisional_unit_area_from_count_matched_row_order,V4,true,136,"V4, MT",probeB,true,2,false,channel_out_of_range,Unknown,unknown_or_unresolved,false,source_probe_resolved_but_channel_unresolvable,false,false
230830,296,1,ses230830-units-probe1-spk-AAAB.npy,true,provisional_unit_area_from_count_matched_row_order,V4,true,251,"V4, MT",probeB,true,2,false,channel_out_of_range,Unknown,unknown_or_unresolved,false,source_probe_resolved_but_channel_unresolvable,false,false
230830,297,1,ses230830-units-probe1-spk-AAAB.npy,true,provisional_unit_area_from_count_matched_row_order,V4,true,132,"V4, MT",probeB,true,2,false,channel_out_of_range,Unknown,unknown_or_unresolved,false,source_probe_resolved_but_channel_unresolvable,false,false
230830,298,1,ses230830-units-probe1-spk-AAAB.npy,true,provisional_unit_area_from_count_matched_row_order,V4,true,130,"V4, MT",probeB,true,2,false,channel_out_of_range,Unknown,unknown_or_unresolved,false,source_probe_resolved_but_channel_unresolvable,false,false
230830,299,1,ses230830-units-probe1-spk-AAAB.npy,true,provisional_unit_area_from_count_matched_row_order,V4,true,137,"V4, MT",probeB,true,2,false,channel_out_of_range,Unknown,unknown_or_unresolved,false,source_probe_resolved_but_channel_unresolvable,false,false
230830,300,1,ses230830-units-probe1-spk-AAAB.npy,true,provisional_unit_area_from_count_matched_row_order,V4,true,136,"V4, MT",probeB,true,2,false,channel_out_of_range,Unknown,unknown_or_unresolved,false,source_probe_resolved_but_channel_unresolvable,false,false
230830,301,1,ses230830-units-probe1-spk-AAAB.npy,true,provisional_unit_area_from_count_matched_row_order,V4,true,141,"V4, MT",probeB,true,2,false,channel_out_of_range,Unknown,unknown_or_unresolved,false,source_probe_resolved_but_channel_unresolvable,false,false
230830,302,1,ses230830-units-probe1-spk-AAAB.npy,true,provisional_unit_area_from_count_matched_row_order,V4,true,247,"V4, MT",probeB,true,2,false,channel_out_of_range,Unknown,unknown_or_unresolved,false,source_probe_resolved_but_channel_unresolvable,false,false
230830,303,1,ses230830-units-probe1-spk-AAAB.npy,true,provisional_unit_area_from_count_matched_row_order,V4,true,137,"V4, MT",probeB,true,2,false,channel_out_of_range,Unknown,unknown_or_unresolved,false,source_probe_resolved_but_channel_unresolvable,false,false
230830,304,1,ses230830-units-probe1-spk-AAAB.npy,true,provisional_unit_area_from_count_matched_row_order,V4,true,129,"V4, MT",probeB,true,2,false,channel_out_of_range,Unknown,unknown_or_unresolved,false,source_probe_resolved_but_channel_unresolvable,false,false
230830,305,1,ses230830-units-probe1-spk-AAAB.npy,true,provisional_unit_area_from_count_matched_row_order,V4,true,129,"V4, MT",probeB,true,2,false,channel_out_of_range,Unknown,unknown_or_unresolved,false,source_probe_resolved_but_channel_unresolvable,false,false
230830,306,1,ses230830-units-probe1-spk-AAAB.npy,true,provisional_unit_area_from_count_matched_row_order,V4,true,137,"V4, MT",probeB,true,2,false,channel_out_of_range,Unknown,unknown_or_unresolved,false,source_probe_resolved_but_channel_unresolvable,false,false
230830,307,1,ses230830-units-probe1-spk-AAAB.npy,true,provisional_unit_area_from_count_matched_row_order,V4,true,137,"V4, MT",probeB,true,2,false,channel_out_of_range,Unknown,unknown_or_unresolved,false,source_probe_resolved_but_channel_unresolvable,false,false
230830,308,1,ses230830-units-probe1-spk-AAAB.npy,true,provisional_unit_area_from_count_matched_row_order,V4,true,137,"V4, MT",probeB,true,2,false,channel_out_of_range,Unknown,unknown_or_unresolved,false,source_probe_resolved_but_channel_unresolvable,false,false
230830,309,1,ses230830-units-probe1-spk-AAAB.npy,true,provisional_unit_area_from_count_matched_row_order,V4,true,137,"V4, MT",probeB,true,2,false,channel_out_of_range,Unknown,unknown_or_unresolved,false,source_probe_resolved_but_channel_unresolvable,false,false
230830,310,1,ses230830-units-probe1-spk-AAAB.npy,true,provisional_unit_area_from_count_matched_row_order,V4,true,137,"V4, MT",probeB,true,2,false,channel_out_of_range,Unknown,unknown_or_unresolved,false,source_probe_resolved_but_channel_unresolvable,false,false
230830,311,1,ses230830-units-probe1-spk-AAAB.npy,true,provisional_unit_area_from_count_matched_row_order,V4,true,137,"V4, MT",probeB,true,2,false,channel_out_of_range,Unknown,unknown_or_unresolved,false,source_probe_resolved_but_channel_unresolvable,false,false
230830,312,1,ses230830-units-probe1-spk-AAAB.npy,true,provisional_unit_area_from_count_matched_row_order,V4,true,130,"V4, MT",probeB,true,2,false,channel_out_of_range,Unknown,unknown_or_unresolved,false,source_probe_resolved_but_channel_unresolvable,false,false
230830,313,1,ses230830-units-probe1-spk-AAAB.npy,true,provisional_unit_area_from_count_matched_row_order,V4,true,134,"V4, MT",probeB,true,2,false,channel_out_of_range,Unknown,unknown_or_unresolved,false,source_probe_resolved_but_channel_unresolvable,false,false
230830,314,1,ses230830-units-probe1-spk-AAAB.npy,true,provisional_unit_area_from_count_matched_row_order,V4,true,246,"V4, MT",probeB,true,2,false,channel_out_of_range,Unknown,unknown_or_unresolved,false,source_probe_resolved_but_channel_unresolvable,false,false
230830,315,1,ses230830-units-probe1-spk-AAAB.npy,true,provisional_unit_area_from_count_matched_row_order,V4,true,249,"V4, MT",probeB,true,2,false,channel_out_of_range,Unknown,unknown_or_unresolved,false,source_probe_resolved_but_channel_unresolvable,false,false
230830,316,1,ses230830-units-probe1-spk-AAAB.npy,true,provisional_unit_area_from_count_matched_row_order,V4,true,246,"V4, MT",probeB,true,2,false,channel_out_of_range,Unknown,unknown_or_unresolved,false,source_probe_resolved_but_channel_unresolvable,false,false
230830,317,1,ses230830-units-probe1-spk-AAAB.npy,true,provisional_unit_area_from_count_matched_row_order,V4,true,134,"V4, MT",probeB,true,2,false,channel_out_of_range,Unknown,unknown_or_unresolved,false,source_probe_resolved_but_channel_unresolvable,false,false
230830,318,1,ses230830-units-probe1-spk-AAAB.npy,true,provisional_unit_area_from_count_matched_row_order,V4,true,248,"V4, MT",probeB,true,2,false,channel_out_of_range,Unknown,unknown_or_unresolved,false,source_probe_resolved_but_channel_unresolvable,false,false
230830,319,1,ses230830-units-probe1-spk-AAAB.npy,true,provisional_unit_area_from_count_matched_row_order,V4,true,138,"V4, MT",probeB,true,2,false,channel_out_of_range,Unknown,unknown_or_unresolved,false,source_probe_resolved_but_channel_unresolvable,false,false
230830,320,1,ses230830-units-probe1-spk-AAAB.npy,true,provisional_unit_area_from_count_matched_row_order,V4,true,138,"V4, MT",probeB,true,2,false,channel_out_of_range,Unknown,unknown_or_unresolved,false,source_probe_resolved_but_channel_unresolvable,false,false
230830,321,1,ses230830-units-probe1-spk-AAAB.npy,true,provisional_unit_area_from_count_matched_row_order,V4,true,138,"V4, MT",probeB,true,2,false,channel_out_of_range,Unknown,unknown_or_unresolved,false,source_probe_resolved_but_channel_unresolvable,false,false
230830,322,1,ses230830-units-probe1-spk-AAAB.npy,true,provisional_unit_area_from_count_matched_row_order,V4,true,138,"V4, MT",probeB,true,2,false,channel_out_of_range,Unknown,unknown_or_unresolved,false,source_probe_resolved_but_channel_unresolvable,false,false
230830,323,1,ses230830-units-probe1-spk-AAAB.npy,true,provisional_unit_area_from_count_matched_row_order,V4,true,138,"V4, MT",probeB,true,2,false,channel_out_of_range,Unknown,unknown_or_unresolved,false,source_probe_resolved_but_channel_unresolvable,false,false
230830,324,1,ses230830-units-probe1-spk-AAAB.npy,true,provisional_unit_area_from_count_matched_row_order,V4,true,138,"V4, MT",probeB,true,2,false,channel_out_of_range,Unknown,unknown_or_unresolved,false,source_probe_resolved_but_channel_unresolvable,false,false
230830,325,1,ses230830-units-probe1-spk-AAAB.npy,true,provisional_unit_area_from_count_matched_row_order,V4,true,138,"V4, MT",probeB,true,2,false,channel_out_of_range,Unknown,unknown_or_unresolved,false,source_probe_resolved_but_channel_unresolvable,false,false
230830,326,1,ses230830-units-probe1-spk-AAAB.npy,true,provisional_unit_area_from_count_matched_row_order,MT,true,138,"V4, MT",probeB,true,2,false,channel_out_of_range,Unknown,unknown_or_unresolved,false,source_probe_resolved_but_channel_unresolvable,false,false
230830,327,1,ses230830-units-probe1-spk-AAAB.npy,true,provisional_unit_area_from_count_matched_row_order,V4,true,138,"V4, MT",probeB,true,2,false,channel_out_of_range,Unknown,unknown_or_unresolved,false,source_probe_resolved_but_channel_unresolvable,false,false
230830,328,1,ses230830-units-probe1-spk-AAAB.npy,true,provisional_unit_area_from_count_matched_row_order,V4,true,138,"V4, MT",probeB,true,2,false,channel_out_of_range,Unknown,unknown_or_unresolved,false,source_probe_resolved_but_channel_unresolvable,false,false
230830,329,1,ses230830-units-probe1-spk-AAAB.npy,true,provisional_unit_area_from_count_matched_row_order,V4,true,138,"V4, MT",probeB,true,2,false,channel_out_of_range,Unknown,unknown_or_unresolved,false,source_probe_resolved_but_channel_unresolvable,false,false
230830,330,1,ses230830-units-probe1-spk-AAAB.npy,true,provisional_unit_area_from_count_matched_row_order,V4,true,136,"V4, MT",probeB,true,2,false,channel_out_of_range,Unknown,unknown_or_unresolved,false,source_probe_resolved_but_channel_unresolvable,false,false
230830,331,1,ses230830-units-probe1-spk-AAAB.npy,true,provisional_unit_area_from_count_matched_row_order,V4,true,242,"V4, MT",probeB,true,2,false,channel_out_of_range,Unknown,unknown_or_unresolved,false,source_probe_resolved_but_channel_unresolvable,false,false
230830,332,1,ses230830-units-probe1-spk-AAAB.npy,true,provisional_unit_area_from_count_matched_row_order,V4,true,132,"V4, MT",probeB,true,2,false,channel_out_of_range,Unknown,unknown_or_unresolved,false,source_probe_resolved_but_channel_unresolvable,false,false
230830,333,1,ses230830-units-probe1-spk-AAAB.npy,true,provisional_unit_area_from_count_matched_row_order,V4,true,245,"V4, MT",probeB,true,2,false,channel_out_of_range,Unknown,unknown_or_unresolved,false,source_probe_resolved_but_channel_unresolvable,false,false
230830,334,1,ses230830-units-probe1-spk-AAAB.npy,true,provisional_unit_area_from_count_matched_row_order,V4,true,140,"V4, MT",probeB,true,2,false,channel_out_of_range,Unknown,unknown_or_unresolved,false,source_probe_resolved_but_channel_unresolvable,false,false
230830,335,1,ses230830-units-probe1-spk-AAAB.npy,true,provisional_unit_area_from_count_matched_row_order,MT,true,245,"V4, MT",probeB,true,2,false,channel_out_of_range,Unknown,unknown_or_unresolved,false,source_probe_resolved_but_channel_unresolvable,false,false
230830,336,1,ses230830-units-probe1-spk-AAAB.npy,true,provisional_unit_area_from_count_matched_row_order,V4,true,137,"V4, MT",probeB,true,2,false,channel_out_of_range,Unknown,unknown_or_unresolved,false,source_probe_resolved_but_channel_unresolvable,false,false
230830,337,1,ses230830-units-probe1-spk-AAAB.npy,true,provisional_unit_area_from_count_matched_row_order,V4,true,139,"V4, MT",probeB,true,2,false,channel_out_of_range,Unknown,unknown_or_unresolved,false,source_probe_resolved_but_channel_unresolvable,false,false
230830,338,1,ses230830-units-probe1-spk-AAAB.npy,true,provisional_unit_area_from_count_matched_row_order,V4,true,136,"V4, MT",probeB,true,2,false,channel_out_of_range,Unknown,unknown_or_unresolved,false,source_probe_resolved_but_channel_unresolvable,false,false
230830,339,1,ses230830-units-probe1-spk-AAAB.npy,true,provisional_unit_area_from_count_matched_row_order,V4,true,251,"V4, MT",probeB,true,2,false,channel_out_of_range,Unknown,unknown_or_unresolved,false,source_probe_resolved_but_channel_unresolvable,false,false
230830,340,1,ses230830-units-probe1-spk-AAAB.npy,true,provisional_unit_area_from_count_matched_row_order,V4,true,135,"V4, MT",probeB,true,2,false,channel_out_of_range,Unknown,unknown_or_unresolved,false,source_probe_resolved_but_channel_unresolvable,false,false
230830,341,1,ses230830-units-probe1-spk-AAAB.npy,true,provisional_unit_area_from_count_matched_row_order,V4,true,139,"V4, MT",probeB,true,2,false,channel_out_of_range,Unknown,unknown_or_unresolved,false,source_probe_resolved_but_channel_unresolvable,false,false
230830,342,1,ses230830-units-probe1-spk-AAAB.npy,true,provisional_unit_area_from_count_matched_row_order,V4,true,139,"V4, MT",probeB,true,2,false,channel_out_of_range,Unknown,unknown_or_unresolved,false,source_probe_resolved_but_channel_unresolvable,false,false
230830,343,1,ses230830-units-probe1-spk-AAAB.npy,true,provisional_unit_area_from_count_matched_row_order,V4,true,139,"V4, MT",probeB,true,2,false,channel_out_of_range,Unknown,unknown_or_unresolved,false,source_probe_resolved_but_channel_unresolvable,false,false
230830,344,1,ses230830-units-probe1-spk-AAAB.npy,true,provisional_unit_area_from_count_matched_row_order,V4,true,139,"V4, MT",probeB,true,2,false,channel_out_of_range,Unknown,unknown_or_unresolved,false,source_probe_resolved_but_channel_unresolvable,false,false
230830,345,1,ses230830-units-probe1-spk-AAAB.npy,true,provisional_unit_area_from_count_matched_row_order,V4,true,139,"V4, MT",probeB,true,2,false,channel_out_of_range,Unknown,unknown_or_unresolved,false,source_probe_resolved_but_channel_unresolvable,false,false
230830,346,1,ses230830-units-probe1-spk-AAAB.npy,true,provisional_unit_area_from_count_matched_row_order,MT,true,139,"V4, MT",probeB,true,2,false,channel_out_of_range,Unknown,unknown_or_unresolved,false,source_probe_resolved_but_channel_unresolvable,false,false
230830,347,1,ses230830-units-probe1-spk-AAAB.npy,true,provisional_unit_area_from_count_matched_row_order,V4,true,136,"V4, MT",probeB,true,2,false,channel_out_of_range,Unknown,unknown_or_unresolved,false,source_probe_resolved_but_channel_unresolvable,false,false
230830,348,1,ses230830-units-probe1-spk-AAAB.npy,true,provisional_unit_area_from_count_matched_row_order,MT,true,244,"V4, MT",probeB,true,2,false,channel_out_of_range,Unknown,unknown_or_unresolved,false,source_probe_resolved_but_channel_unresolvable,false,false
230830,349,1,ses230830-units-probe1-spk-AAAB.npy,true,provisional_unit_area_from_count_matched_row_order,V4,true,252,"V4, MT",probeB,true,2,false,channel_out_of_range,Unknown,unknown_or_unresolved,false,source_probe_resolved_but_channel_unresolvable,false,false
230830,350,1,ses230830-units-probe1-spk-AAAB.npy,true,provisional_unit_area_from_count_matched_row_order,V4,true,244,"V4, MT",probeB,true,2,false,channel_out_of_range,Unknown,unknown_or_unresolved,false,source_probe_resolved_but_channel_unresolvable,false,false
230830,351,1,ses230830-units-probe1-spk-AAAB.npy,true,provisional_unit_area_from_count_matched_row_order,MT,true,140,"V4, MT",probeB,true,2,false,channel_out_of_range,Unknown,unknown_or_unresolved,false,source_probe_resolved_but_channel_unresolvable,false,false
230830,352,1,ses230830-units-probe1-spk-AAAB.npy,true,provisional_unit_area_from_count_matched_row_order,V4,true,140,"V4, MT",probeB,true,2,false,channel_out_of_range,Unknown,unknown_or_unresolved,false,source_probe_resolved_but_channel_unresolvable,false,false
230830,353,1,ses230830-units-probe1-spk-AAAB.npy,true,provisional_unit_area_from_count_matched_row_order,MT,true,134,"V4, MT",probeB,true,2,false,channel_out_of_range,Unknown,unknown_or_unresolved,false,source_probe_resolved_but_channel_unresolvable,false,false
230830,354,1,ses230830-units-probe1-spk-AAAB.npy,true,provisional_unit_area_from_count_matched_row_order,V4,true,140,"V4, MT",probeB,true,2,false,channel_out_of_range,Unknown,unknown_or_unresolved,false,source_probe_resolved_but_channel_unresolvable,false,false
230830,355,1,ses230830-units-probe1-spk-AAAB.npy,true,provisional_unit_area_from_count_matched_row_order,V4,true,140,"V4, MT",probeB,true,2,false,channel_out_of_range,Unknown,unknown_or_unresolved,false,source_probe_resolved_but_channel_unresolvable,false,false
230830,356,1,ses230830-units-probe1-spk-AAAB.npy,true,provisional_unit_area_from_count_matched_row_order,MT,true,140,"V4, MT",probeB,true,2,false,channel_out_of_range,Unknown,unknown_or_unresolved,false,source_probe_resolved_but_channel_unresolvable,false,false
230830,357,1,ses230830-units-probe1-spk-AAAB.npy,true,provisional_unit_area_from_count_matched_row_order,MT,true,246,"V4, MT",probeB,true,2,false,channel_out_of_range,Unknown,unknown_or_unresolved,false,source_probe_resolved_but_channel_unresolvable,false,false
230830,358,1,ses230830-units-probe1-spk-AAAB.npy,true,provisional_unit_area_from_count_matched_row_order,V4,true,243,"V4, MT",probeB,true,2,false,channel_out_of_range,Unknown,unknown_or_unresolved,false,source_probe_resolved_but_channel_unresolvable,false,false
230830,359,1,ses230830-units-probe1-spk-AAAB.npy,true,provisional_unit_area_from_count_matched_row_order,V4,true,136,"V4, MT",probeB,true,2,false,channel_out_of_range,Unknown,unknown_or_unresolved,false,source_probe_resolved_but_channel_unresolvable,false,false
230830,360,1,ses230830-units-probe1-spk-AAAB.npy,true,provisional_unit_area_from_count_matched_row_order,MT,true,243,"V4, MT",probeB,true,2,false,channel_out_of_range,Unknown,unknown_or_unresolved,false,source_probe_resolved_but_channel_unresolvable,false,false
230830,361,1,ses230830-units-probe1-spk-AAAB.npy,true,provisional_unit_area_from_count_matched_row_order,MT,true,250,"V4, MT",probeB,true,2,false,channel_out_of_range,Unknown,unknown_or_unresolved,false,source_probe_resolved_but_channel_unresolvable,false,false
230830,362,1,ses230830-units-probe1-spk-AAAB.npy,true,provisional_unit_area_from_count_matched_row_order,V4,true,243,"V4, MT",probeB,true,2,false,channel_out_of_range,Unknown,unknown_or_unresolved,false,source_probe_resolved_but_channel_unresolvable,false,false
230830,363,1,ses230830-units-probe1-spk-AAAB.npy,true,provisional_unit_area_from_count_matched_row_order,V4,true,241,"V4, MT",probeB,true,2,false,channel_out_of_range,Unknown,unknown_or_unresolved,false,source_probe_resolved_but_channel_unresolvable,false,false
230830,364,1,ses230830-units-probe1-spk-AAAB.npy,true,provisional_unit_area_from_count_matched_row_order,MT,true,238,"V4, MT",probeB,true,2,false,channel_out_of_range,Unknown,unknown_or_unresolved,false,source_probe_resolved_but_channel_unresolvable,false,false
230830,365,1,ses230830-units-probe1-spk-AAAB.npy,true,provisional_unit_area_from_count_matched_row_order,V4,true,136,"V4, MT",probeB,true,2,false,channel_out_of_range,Unknown,unknown_or_unresolved,false,source_probe_resolved_but_channel_unresolvable,false,false
230830,366,1,ses230830-units-probe1-spk-AAAB.npy,true,provisional_unit_area_from_count_matched_row_order,V4,true,141,"V4, MT",probeB,true,2,false,channel_out_of_range,Unknown,unknown_or_unresolved,false,source_probe_resolved_but_channel_unresolvable,false,false
230830,367,1,ses230830-units-probe1-spk-AAAB.npy,true,provisional_unit_area_from_count_matched_row_order,V4,true,141,"V4, MT",probeB,true,2,false,channel_out_of_range,Unknown,unknown_or_unresolved,false,source_probe_resolved_but_channel_unresolvable,false,false
230830,368,1,ses230830-units-probe1-spk-AAAB.npy,true,provisional_unit_area_from_count_matched_row_order,V4,true,141,"V4, MT",probeB,true,2,false,channel_out_of_range,Unknown,unknown_or_unresolved,false,source_probe_resolved_but_channel_unresolvable,false,false
230830,369,1,ses230830-units-probe1-spk-AAAB.npy,true,provisional_unit_area_from_count_matched_row_order,MT,true,141,"V4, MT",probeB,true,2,false,channel_out_of_range,Unknown,unknown_or_unresolved,false,source_probe_resolved_but_channel_unresolvable,false,false
230830,370,1,ses230830-units-probe1-spk-AAAB.npy,true,provisional_unit_area_from_count_matched_row_order,MT,true,141,"V4, MT",probeB,true,2,false,channel_out_of_range,Unknown,unknown_or_unresolved,false,source_probe_resolved_but_channel_unresolvable,false,false
230830,371,1,ses230830-units-probe1-spk-AAAB.npy,true,provisional_unit_area_from_count_matched_row_order,MT,true,141,"V4, MT",probeB,true,2,false,channel_out_of_range,Unknown,unknown_or_unresolved,false,source_probe_resolved_but_channel_unresolvable,false,false
230830,372,1,ses230830-units-probe1-spk-AAAB.npy,true,provisional_unit_area_from_count_matched_row_order,V4,true,141,"V4, MT",probeB,true,2,false,channel_out_of_range,Unknown,unknown_or_unresolved,false,source_probe_resolved_but_channel_unresolvable,false,false
230830,373,1,ses230830-units-probe1-spk-AAAB.npy,true,provisional_unit_area_from_count_matched_row_order,MT,true,141,"V4, MT",probeB,true,2,false,channel_out_of_range,Unknown,unknown_or_unresolved,false,source_probe_resolved_but_channel_unresolvable,false,false
230830,374,1,ses230830-units-probe1-spk-AAAB.npy,true,provisional_unit_area_from_count_matched_row_order,V4,true,141,"V4, MT",probeB,true,2,false,channel_out_of_range,Unknown,unknown_or_unresolved,false,source_probe_resolved_but_channel_unresolvable,false,false
230830,375,1,ses230830-units-probe1-spk-AAAB.npy,true,provisional_unit_area_from_count_matched_row_order,MT,true,141,"V4, MT",probeB,true,2,false,channel_out_of_range,Unknown,unknown_or_unresolved,false,source_probe_resolved_but_channel_unresolvable,false,false
230830,376,1,ses230830-units-probe1-spk-AAAB.npy,true,provisional_unit_area_from_count_matched_row_order,V4,true,141,"V4, MT",probeB,true,2,false,channel_out_of_range,Unknown,unknown_or_unresolved,false,source_probe_resolved_but_channel_unresolvable,false,false
230830,377,1,ses230830-units-probe1-spk-AAAB.npy,true,provisional_unit_area_from_count_matched_row_order,V4,true,242,"V4, MT",probeB,true,2,false,channel_out_of_range,Unknown,unknown_or_unresolved,false,source_probe_resolved_but_channel_unresolvable,false,false
230830,378,1,ses230830-units-probe1-spk-AAAB.npy,true,provisional_unit_area_from_count_matched_row_order,V4,true,140,"V4, MT",probeB,true,2,false,channel_out_of_range,Unknown,unknown_or_unresolved,false,source_probe_resolved_but_channel_unresolvable,false,false
230830,379,1,ses230830-units-probe1-spk-AAAB.npy,true,provisional_unit_area_from_count_matched_row_order,MT,true,242,"V4, MT",probeB,true,2,false,channel_out_of_range,Unknown,unknown_or_unresolved,false,source_probe_resolved_but_channel_unresolvable,false,false
230830,380,1,ses230830-units-probe1-spk-AAAB.npy,true,provisional_unit_area_from_count_matched_row_order,MT,true,242,"V4, MT",probeB,true,2,false,channel_out_of_range,Unknown,unknown_or_unresolved,false,source_probe_resolved_but_channel_unresolvable,false,false
230830,381,1,ses230830-units-probe1-spk-AAAB.npy,true,provisional_unit_area_from_count_matched_row_order,V4,true,235,"V4, MT",probeB,true,2,false,channel_out_of_range,Unknown,unknown_or_unresolved,false,source_probe_resolved_but_channel_unresolvable,false,false
230830,382,1,ses230830-units-probe1-spk-AAAB.npy,true,provisional_unit_area_from_count_matched_row_order,V4,true,235,"V4, MT",probeB,true,2,false,channel_out_of_range,Unknown,unknown_or_unresolved,false,source_probe_resolved_but_channel_unresolvable,false,false
230830,383,1,ses230830-units-probe1-spk-AAAB.npy,true,provisional_unit_area_from_count_matched_row_order,V4,true,140,"V4, MT",probeB,true,2,false,channel_out_of_range,Unknown,unknown_or_unresolved,false,source_probe_resolved_but_channel_unresolvable,false,false
230830,384,1,ses230830-units-probe1-spk-AAAB.npy,true,provisional_unit_area_from_count_matched_row_order,V4,true,142,"V4, MT",probeB,true,2,false,channel_out_of_range,Unknown,unknown_or_unresolved,false,source_probe_resolved_but_channel_unresolvable,false,false
230830,385,1,ses230830-units-probe1-spk-AAAB.npy,true,provisional_unit_area_from_count_matched_row_order,V4,true,142,"V4, MT",probeB,true,2,false,channel_out_of_range,Unknown,unknown_or_unresolved,false,source_probe_resolved_but_channel_unresolvable,false,false
230830,386,1,ses230830-units-probe1-spk-AAAB.npy,true,provisional_unit_area_from_count_matched_row_order,V4,true,137,"V4, MT",probeB,true,2,false,channel_out_of_range,Unknown,unknown_or_unresolved,false,source_probe_resolved_but_channel_unresolvable,false,false
230830,387,1,ses230830-units-probe1-spk-AAAB.npy,true,provisional_unit_area_from_count_matched_row_order,V4,true,241,"V4, MT",probeB,true,2,false,channel_out_of_range,Unknown,unknown_or_unresolved,false,source_probe_resolved_but_channel_unresolvable,false,false
230830,388,1,ses230830-units-probe1-spk-AAAB.npy,true,provisional_unit_area_from_count_matched_row_order,V4,true,150,"V4, MT",probeB,true,2,false,channel_out_of_range,Unknown,unknown_or_unresolved,false,source_probe_resolved_but_channel_unresolvable,false,false
230830,389,1,ses230830-units-probe1-spk-AAAB.npy,true,provisional_unit_area_from_count_matched_row_order,V4,true,137,"V4, MT",probeB,true,2,false,channel_out_of_range,Unknown,unknown_or_unresolved,false,source_probe_resolved_but_channel_unresolvable,false,false
230830,390,1,ses230830-units-probe1-spk-AAAB.npy,true,provisional_unit_area_from_count_matched_row_order,V4,true,150,"V4, MT",probeB,true,2,false,channel_out_of_range,Unknown,unknown_or_unresolved,false,source_probe_resolved_but_channel_unresolvable,false,false
230830,391,1,ses230830-units-probe1-spk-AAAB.npy,true,provisional_unit_area_from_count_matched_row_order,V4,true,239,"V4, MT",probeB,true,2,false,channel_out_of_range,Unknown,unknown_or_unresolved,false,source_probe_resolved_but_channel_unresolvable,false,false
230830,392,1,ses230830-units-probe1-spk-AAAB.npy,true,provisional_unit_area_from_count_matched_row_order,MT,true,150,"V4, MT",probeB,true,2,false,channel_out_of_range,Unknown,unknown_or_unresolved,false,source_probe_resolved_but_channel_unresolvable,false,false
230830,393,1,ses230830-units-probe1-spk-AAAB.npy,true,provisional_unit_area_from_count_matched_row_order,MT,true,238,"V4, MT",probeB,true,2,false,channel_out_of_range,Unknown,unknown_or_unresolved,false,source_probe_resolved_but_channel_unresolvable,false,false
230830,394,1,ses230830-units-probe1-spk-AAAB.npy,true,provisional_unit_area_from_count_matched_row_order,MT,true,238,"V4, MT",probeB,true,2,false,channel_out_of_range,Unknown,unknown_or_unresolved,false,source_probe_resolved_but_channel_unresolvable,false,false
230830,395,1,ses230830-units-probe1-spk-AAAB.npy,true,provisional_unit_area_from_count_matched_row_order,MT,true,150,"V4, MT",probeB,true,2,false,channel_out_of_range,Unknown,unknown_or_unresolved,false,source_probe_resolved_but_channel_unresolvable,false,false
230830,396,1,ses230830-units-probe1-spk-AAAB.npy,true,provisional_unit_area_from_count_matched_row_order,MT,true,150,"V4, MT",probeB,true,2,false,channel_out_of_range,Unknown,unknown_or_unresolved,false,source_probe_resolved_but_channel_unresolvable,false,false
230830,397,1,ses230830-units-probe1-spk-AAAB.npy,true,provisional_unit_area_from_count_matched_row_order,MT,true,150,"V4, MT",probeB,true,2,false,channel_out_of_range,Unknown,unknown_or_unresolved,false,source_probe_resolved_but_channel_unresolvable,false,false
230830,398,1,ses230830-units-probe1-spk-AAAB.npy,true,provisional_unit_area_from_count_matched_row_order,MT,true,150,"V4, MT",probeB,true,2,false,channel_out_of_range,Unknown,unknown_or_unresolved,false,source_probe_resolved_but_channel_unresolvable,false,false
230830,399,1,ses230830-units-probe1-spk-AAAB.npy,true,provisional_unit_area_from_count_matched_row_order,V4,true,237,"V4, MT",probeB,true,2,false,channel_out_of_range,Unknown,unknown_or_unresolved,false,source_probe_resolved_but_channel_unresolvable,false,false
230830,400,1,ses230830-units-probe1-spk-AAAB.npy,true,provisional_unit_area_from_count_matched_row_order,V4,true,150,"V4, MT",probeB,true,2,false,channel_out_of_range,Unknown,unknown_or_unresolved,false,source_probe_resolved_but_channel_unresolvable,false,false
230830,401,1,ses230830-units-probe1-spk-AAAB.npy,true,provisional_unit_area_from_count_matched_row_order,MT,true,237,"V4, MT",probeB,true,2,false,channel_out_of_range,Unknown,unknown_or_unresolved,false,source_probe_resolved_but_channel_unresolvable,false,false
230830,402,1,ses230830-units-probe1-spk-AAAB.npy,true,provisional_unit_area_from_count_matched_row_order,MT,true,237,"V4, MT",probeB,true,2,false,channel_out_of_range,Unknown,unknown_or_unresolved,false,source_probe_resolved_but_channel_unresolvable,false,false
230830,403,1,ses230830-units-probe1-spk-AAAB.npy,true,provisional_unit_area_from_count_matched_row_order,MT,true,150,"V4, MT",probeB,true,2,false,channel_out_of_range,Unknown,unknown_or_unresolved,false,source_probe_resolved_but_channel_unresolvable,false,false
230830,404,1,ses230830-units-probe1-spk-AAAB.npy,true,provisional_unit_area_from_count_matched_row_order,V4,true,150,"V4, MT",probeB,true,2,false,channel_out_of_range,Unknown,unknown_or_unresolved,false,source_probe_resolved_but_channel_unresolvable,false,false
230830,405,1,ses230830-units-probe1-spk-AAAB.npy,true,provisional_unit_area_from_count_matched_row_order,V4,true,150,"V4, MT",probeB,true,2,false,channel_out_of_range,Unknown,unknown_or_unresolved,false,source_probe_resolved_but_channel_unresolvable,false,false
230830,406,1,ses230830-units-probe1-spk-AAAB.npy,true,provisional_unit_area_from_count_matched_row_order,V4,true,150,"V4, MT",probeB,true,2,false,channel_out_of_range,Unknown,unknown_or_unresolved,false,source_probe_resolved_but_channel_unresolvable,false,false
230830,407,1,ses230830-units-probe1-spk-AAAB.npy,true,provisional_unit_area_from_count_matched_row_order,MT,true,150,"V4, MT",probeB,true,2,false,channel_out_of_range,Unknown,unknown_or_unresolved,false,source_probe_resolved_but_channel_unresolvable,false,false
230830,408,1,ses230830-units-probe1-spk-AAAB.npy,true,provisional_unit_area_from_count_matched_row_order,MT,true,150,"V4, MT",probeB,true,2,false,channel_out_of_range,Unknown,unknown_or_unresolved,false,source_probe_resolved_but_channel_unresolvable,false,false
230830,409,1,ses230830-units-probe1-spk-AAAB.npy,true,provisional_unit_area_from_count_matched_row_order,V4,true,147,"V4, MT",probeB,true,2,false,channel_out_of_range,Unknown,unknown_or_unresolved,false,source_probe_resolved_but_channel_unresolvable,false,false
230830,410,1,ses230830-units-probe1-spk-AAAB.npy,true,provisional_unit_area_from_count_matched_row_order,V4,true,147,"V4, MT",probeB,true,2,false,channel_out_of_range,Unknown,unknown_or_unresolved,false,source_probe_resolved_but_channel_unresolvable,false,false
230830,411,1,ses230830-units-probe1-spk-AAAB.npy,true,provisional_unit_area_from_count_matched_row_order,MT,true,236,"V4, MT",probeB,true,2,false,channel_out_of_range,Unknown,unknown_or_unresolved,false,source_probe_resolved_but_channel_unresolvable,false,false
230830,412,1,ses230830-units-probe1-spk-AAAB.npy,true,provisional_unit_area_from_count_matched_row_order,MT,true,150,"V4, MT",probeB,true,2,false,channel_out_of_range,Unknown,unknown_or_unresolved,false,source_probe_resolved_but_channel_unresolvable,false,false
230830,413,1,ses230830-units-probe1-spk-AAAB.npy,true,provisional_unit_area_from_count_matched_row_order,V4,true,236,"V4, MT",probeB,true,2,false,channel_out_of_range,Unknown,unknown_or_unresolved,false,source_probe_resolved_but_channel_unresolvable,false,false
230830,414,1,ses230830-units-probe1-spk-AAAB.npy,true,provisional_unit_area_from_count_matched_row_order,MT,true,140,"V4, MT",probeB,true,2,false,channel_out_of_range,Unknown,unknown_or_unresolved,false,source_probe_resolved_but_channel_unresolvable,false,false
230830,415,1,ses230830-units-probe1-spk-AAAB.npy,true,provisional_unit_area_from_count_matched_row_order,MT,true,150,"V4, MT",probeB,true,2,false,channel_out_of_range,Unknown,unknown_or_unresolved,false,source_probe_resolved_but_channel_unresolvable,false,false
230830,416,1,ses230830-units-probe1-spk-AAAB.npy,true,provisional_unit_area_from_count_matched_row_order,MT,true,150,"V4, MT",probeB,true,2,false,channel_out_of_range,Unknown,unknown_or_unresolved,false,source_probe_resolved_but_channel_unresolvable,false,false
230830,417,1,ses230830-units-probe1-spk-AAAB.npy,true,provisional_unit_area_from_count_matched_row_order,MT,true,235,"V4, MT",probeB,true,2,false,channel_out_of_range,Unknown,unknown_or_unresolved,false,source_probe_resolved_but_channel_unresolvable,false,false
230830,418,1,ses230830-units-probe1-spk-AAAB.npy,true,provisional_unit_area_from_count_matched_row_order,MT,true,150,"V4, MT",probeB,true,2,false,channel_out_of_range,Unknown,unknown_or_unresolved,false,source_probe_resolved_but_channel_unresolvable,false,false
230830,419,1,ses230830-units-probe1-spk-AAAB.npy,true,provisional_unit_area_from_count_matched_row_order,MT,true,150,"V4, MT",probeB,true,2,false,channel_out_of_range,Unknown,unknown_or_unresolved,false,source_probe_resolved_but_channel_unresolvable,false,false
230830,420,1,ses230830-units-probe1-spk-AAAB.npy,true,provisional_unit_area_from_count_matched_row_order,MT,true,150,"V4, MT",probeB,true,2,false,channel_out_of_range,Unknown,unknown_or_unresolved,false,source_probe_resolved_but_channel_unresolvable,false,false
230830,421,1,ses230830-units-probe1-spk-AAAB.npy,true,provisional_unit_area_from_count_matched_row_order,MT,true,150,"V4, MT",probeB,true,2,false,channel_out_of_range,Unknown,unknown_or_unresolved,false,source_probe_resolved_but_channel_unresolvable,false,false
230830,422,1,ses230830-units-probe1-spk-AAAB.npy,true,provisional_unit_area_from_count_matched_row_order,V4,true,236,"V4, MT",probeB,true,2,false,channel_out_of_range,Unknown,unknown_or_unresolved,false,source_probe_resolved_but_channel_unresolvable,false,false
230830,423,1,ses230830-units-probe1-spk-AAAB.npy,true,provisional_unit_area_from_count_matched_row_order,MT,true,240,"V4, MT",probeB,true,2,false,channel_out_of_range,Unknown,unknown_or_unresolved,false,source_probe_resolved_but_channel_unresolvable,false,false
230830,424,1,ses230830-units-probe1-spk-AAAB.npy,true,provisional_unit_area_from_count_matched_row_order,MT,true,150,"V4, MT",probeB,true,2,false,channel_out_of_range,Unknown,unknown_or_unresolved,false,source_probe_resolved_but_channel_unresolvable,false,false
230830,425,1,ses230830-units-probe1-spk-AAAB.npy,true,provisional_unit_area_from_count_matched_row_order,MT,true,232,"V4, MT",probeB,true,2,false,channel_out_of_range,Unknown,unknown_or_unresolved,false,source_probe_resolved_but_channel_unresolvable,false,false
230830,426,1,ses230830-units-probe1-spk-AAAB.npy,true,provisional_unit_area_from_count_matched_row_order,MT,true,150,"V4, MT",probeB,true,2,false,channel_out_of_range,Unknown,unknown_or_unresolved,false,source_probe_resolved_but_channel_unresolvable,false,false
230830,427,1,ses230830-units-probe1-spk-AAAB.npy,true,provisional_unit_area_from_count_matched_row_order,MT,true,150,"V4, MT",probeB,true,2,false,channel_out_of_range,Unknown,unknown_or_unresolved,false,source_probe_resolved_but_channel_unresolvable,false,false
230830,428,1,ses230830-units-probe1-spk-AAAB.npy,true,provisional_unit_area_from_count_matched_row_order,MT,true,150,"V4, MT",probeB,true,2,false,channel_out_of_range,Unknown,unknown_or_unresolved,false,source_probe_resolved_but_channel_unresolvable,false,false
230830,429,1,ses230830-units-probe1-spk-AAAB.npy,true,provisional_unit_area_from_count_matched_row_order,MT,true,150,"V4, MT",probeB,true,2,false,channel_out_of_range,Unknown,unknown_or_unresolved,false,source_probe_resolved_but_channel_unresolvable,false,false
230830,430,1,ses230830-units-probe1-spk-AAAB.npy,true,provisional_unit_area_from_count_matched_row_order,MT,true,150,"V4, MT",probeB,true,2,false,channel_out_of_range,Unknown,unknown_or_unresolved,false,source_probe_resolved_but_channel_unresolvable,false,false
230830,431,1,ses230830-units-probe1-spk-AAAB.npy,true,provisional_unit_area_from_count_matched_row_order,MT,true,150,"V4, MT",probeB,true,2,false,channel_out_of_range,Unknown,unknown_or_unresolved,false,source_probe_resolved_but_channel_unresolvable,false,false
230830,432,1,ses230830-units-probe1-spk-AAAB.npy,true,provisional_unit_area_from_count_matched_row_order,MT,true,150,"V4, MT",probeB,true,2,false,channel_out_of_range,Unknown,unknown_or_unresolved,false,source_probe_resolved_but_channel_unresolvable,false,false
230830,433,1,ses230830-units-probe1-spk-AAAB.npy,true,provisional_unit_area_from_count_matched_row_order,MT,true,150,"V4, MT",probeB,true,2,false,channel_out_of_range,Unknown,unknown_or_unresolved,false,source_probe_resolved_but_channel_unresolvable,false,false
230830,434,1,ses230830-units-probe1-spk-AAAB.npy,true,provisional_unit_area_from_count_matched_row_order,MT,true,150,"V4, MT",probeB,true,2,false,channel_out_of_range,Unknown,unknown_or_unresolved,false,source_probe_resolved_but_channel_unresolvable,false,false
230830,435,1,ses230830-units-probe1-spk-AAAB.npy,true,provisional_unit_area_from_count_matched_row_order,MT,true,150,"V4, MT",probeB,true,2,false,channel_out_of_range,Unknown,unknown_or_unresolved,false,source_probe_resolved_but_channel_unresolvable,false,false
230830,436,1,ses230830-units-probe1-spk-AAAB.npy,true,provisional_unit_area_from_count_matched_row_order,MT,true,150,"V4, MT",probeB,true,2,false,channel_out_of_range,Unknown,unknown_or_unresolved,false,source_probe_resolved_but_channel_unresolvable,false,false
230830,437,1,ses230830-units-probe1-spk-AAAB.npy,true,provisional_unit_area_from_count_matched_row_order,MT,true,150,"V4, MT",probeB,true,2,false,channel_out_of_range,Unknown,unknown_or_unresolved,false,source_probe_resolved_but_channel_unresolvable,false,false
230830,438,1,ses230830-units-probe1-spk-AAAB.npy,true,provisional_unit_area_from_count_matched_row_order,MT,true,150,"V4, MT",probeB,true,2,false,channel_out_of_range,Unknown,unknown_or_unresolved,false,source_probe_resolved_but_channel_unresolvable,false,false
230830,439,1,ses230830-units-probe1-spk-AAAB.npy,true,provisional_unit_area_from_count_matched_row_order,MT,true,150,"V4, MT",probeB,true,2,false,channel_out_of_range,Unknown,unknown_or_unresolved,false,source_probe_resolved_but_channel_unresolvable,false,false
230830,440,1,ses230830-units-probe1-spk-AAAB.npy,true,provisional_unit_area_from_count_matched_row_order,MT,true,150,"V4, MT",probeB,true,2,false,channel_out_of_range,Unknown,unknown_or_unresolved,false,source_probe_resolved_but_channel_unresolvable,false,false
230830,441,1,ses230830-units-probe1-spk-AAAB.npy,true,provisional_unit_area_from_count_matched_row_order,MT,true,150,"V4, MT",probeB,true,2,false,channel_out_of_range,Unknown,unknown_or_unresolved,false,source_probe_resolved_but_channel_unresolvable,false,false
230830,442,1,ses230830-units-probe1-spk-AAAB.npy,true,provisional_unit_area_from_count_matched_row_order,MT,true,150,"V4, MT",probeB,true,2,false,channel_out_of_range,Unknown,unknown_or_unresolved,false,source_probe_resolved_but_channel_unresolvable,false,false
230830,443,1,ses230830-units-probe1-spk-AAAB.npy,true,provisional_unit_area_from_count_matched_row_order,MT,true,150,"V4, MT",probeB,true,2,false,channel_out_of_range,Unknown,unknown_or_unresolved,false,source_probe_resolved_but_channel_unresolvable,false,false
230830,444,1,ses230830-units-probe1-spk-AAAB.npy,true,provisional_unit_area_from_count_matched_row_order,MT,true,150,"V4, MT",probeB,true,2,false,channel_out_of_range,Unknown,unknown_or_unresolved,false,source_probe_resolved_but_channel_unresolvable,false,false
230830,445,1,ses230830-units-probe1-spk-AAAB.npy,true,provisional_unit_area_from_count_matched_row_order,MT,true,150,"V4, MT",probeB,true,2,false,channel_out_of_range,Unknown,unknown_or_unresolved,false,source_probe_resolved_but_channel_unresolvable,false,false
230830,446,1,ses230830-units-probe1-spk-AAAB.npy,true,provisional_unit_area_from_count_matched_row_order,MT,true,150,"V4, MT",probeB,true,2,false,channel_out_of_range,Unknown,unknown_or_unresolved,false,source_probe_resolved_but_channel_unresolvable,false,false
230830,447,1,ses230830-units-probe1-spk-AAAB.npy,true,provisional_unit_area_from_count_matched_row_order,MT,true,150,"V4, MT",probeB,true,2,false,channel_out_of_range,Unknown,unknown_or_unresolved,false,source_probe_resolved_but_channel_unresolvable,false,false
230830,448,1,ses230830-units-probe1-spk-AAAB.npy,true,provisional_unit_area_from_count_matched_row_order,MT,true,150,"V4, MT",probeB,true,2,false,channel_out_of_range,Unknown,unknown_or_unresolved,false,source_probe_resolved_but_channel_unresolvable,false,false
230830,449,1,ses230830-units-probe1-spk-AAAB.npy,true,provisional_unit_area_from_count_matched_row_order,MT,true,150,"V4, MT",probeB,true,2,false,channel_out_of_range,Unknown,unknown_or_unresolved,false,source_probe_resolved_but_channel_unresolvable,false,false
230830,450,1,ses230830-units-probe1-spk-AAAB.npy,true,provisional_unit_area_from_count_matched_row_order,MT,true,150,"V4, MT",probeB,true,2,false,channel_out_of_range,Unknown,unknown_or_unresolved,false,source_probe_resolved_but_channel_unresolvable,false,false
230830,451,1,ses230830-units-probe1-spk-AAAB.npy,true,provisional_unit_area_from_count_matched_row_order,MT,true,150,"V4, MT",probeB,true,2,false,channel_out_of_range,Unknown,unknown_or_unresolved,false,source_probe_resolved_but_channel_unresolvable,false,false
230830,452,1,ses230830-units-probe1-spk-AAAB.npy,true,provisional_unit_area_from_count_matched_row_order,MT,true,150,"V4, MT",probeB,true,2,false,channel_out_of_range,Unknown,unknown_or_unresolved,false,source_probe_resolved_but_channel_unresolvable,false,false
230830,453,1,ses230830-units-probe1-spk-AAAB.npy,true,provisional_unit_area_from_count_matched_row_order,MT,true,150,"V4, MT",probeB,true,2,false,channel_out_of_range,Unknown,unknown_or_unresolved,false,source_probe_resolved_but_channel_unresolvable,false,false
230830,454,1,ses230830-units-probe1-spk-AAAB.npy,true,provisional_unit_area_from_count_matched_row_order,MT,true,150,"V4, MT",probeB,true,2,false,channel_out_of_range,Unknown,unknown_or_unresolved,false,source_probe_resolved_but_channel_unresolvable,false,false
230830,455,1,ses230830-units-probe1-spk-AAAB.npy,true,provisional_unit_area_from_count_matched_row_order,MT,true,150,"V4, MT",probeB,true,2,false,channel_out_of_range,Unknown,unknown_or_unresolved,false,source_probe_resolved_but_channel_unresolvable,false,false
230830,456,1,ses230830-units-probe1-spk-AAAB.npy,true,provisional_unit_area_from_count_matched_row_order,MT,true,150,"V4, MT",probeB,true,2,false,channel_out_of_range,Unknown,unknown_or_unresolved,false,source_probe_resolved_but_channel_unresolvable,false,false
230830,457,1,ses230830-units-probe1-spk-AAAB.npy,true,provisional_unit_area_from_count_matched_row_order,MT,true,150,"V4, MT",probeB,true,2,false,channel_out_of_range,Unknown,unknown_or_unresolved,false,source_probe_resolved_but_channel_unresolvable,false,false
230830,458,1,ses230830-units-probe1-spk-AAAB.npy,true,provisional_unit_area_from_count_matched_row_order,MT,true,150,"V4, MT",probeB,true,2,false,channel_out_of_range,Unknown,unknown_or_unresolved,false,source_probe_resolved_but_channel_unresolvable,false,false
230830,459,1,ses230830-units-probe1-spk-AAAB.npy,true,provisional_unit_area_from_count_matched_row_order,MT,true,150,"V4, MT",probeB,true,2,false,channel_out_of_range,Unknown,unknown_or_unresolved,false,source_probe_resolved_but_channel_unresolvable,false,false
230830,460,1,ses230830-units-probe1-spk-AAAB.npy,true,provisional_unit_area_from_count_matched_row_order,MT,true,150,"V4, MT",probeB,true,2,false,channel_out_of_range,Unknown,unknown_or_unresolved,false,source_probe_resolved_but_channel_unresolvable,false,false
230830,461,1,ses230830-units-probe1-spk-AAAB.npy,true,provisional_unit_area_from_count_matched_row_order,MT,true,150,"V4, MT",probeB,true,2,false,channel_out_of_range,Unknown,unknown_or_unresolved,false,source_probe_resolved_but_channel_unresolvable,false,false
230830,462,1,ses230830-units-probe1-spk-AAAB.npy,true,provisional_unit_area_from_count_matched_row_order,MT,true,233,"V4, MT",probeB,true,2,false,channel_out_of_range,Unknown,unknown_or_unresolved,false,source_probe_resolved_but_channel_unresolvable,false,false
230830,463,1,ses230830-units-probe1-spk-AAAB.npy,true,provisional_unit_area_from_count_matched_row_order,V4,true,150,"V4, MT",probeB,true,2,false,channel_out_of_range,Unknown,unknown_or_unresolved,false,source_probe_resolved_but_channel_unresolvable,false,false
230830,464,1,ses230830-units-probe1-spk-AAAB.npy,true,provisional_unit_area_from_count_matched_row_order,MT,true,150,"V4, MT",probeB,true,2,false,channel_out_of_range,Unknown,unknown_or_unresolved,false,source_probe_resolved_but_channel_unresolvable,false,false
230830,465,1,ses230830-units-probe1-spk-AAAB.npy,true,provisional_unit_area_from_count_matched_row_order,MT,true,150,"V4, MT",probeB,true,2,false,channel_out_of_range,Unknown,unknown_or_unresolved,false,source_probe_resolved_but_channel_unresolvable,false,false
230830,466,1,ses230830-units-probe1-spk-AAAB.npy,true,provisional_unit_area_from_count_matched_row_order,MT,true,150,"V4, MT",probeB,true,2,false,channel_out_of_range,Unknown,unknown_or_unresolved,false,source_probe_resolved_but_channel_unresolvable,false,false
230830,467,1,ses230830-units-probe1-spk-AAAB.npy,true,provisional_unit_area_from_count_matched_row_order,MT,true,149,"V4, MT",probeB,true,2,false,channel_out_of_range,Unknown,unknown_or_unresolved,false,source_probe_resolved_but_channel_unresolvable,false,false
230830,468,1,ses230830-units-probe1-spk-AAAB.npy,true,provisional_unit_area_from_count_matched_row_order,MT,true,150,"V4, MT",probeB,true,2,false,channel_out_of_range,Unknown,unknown_or_unresolved,false,source_probe_resolved_but_channel_unresolvable,false,false
230830,469,1,ses230830-units-probe1-spk-AAAB.npy,true,provisional_unit_area_from_count_matched_row_order,MT,true,150,"V4, MT",probeB,true,2,false,channel_out_of_range,Unknown,unknown_or_unresolved,false,source_probe_resolved_but_channel_unresolvable,false,false
230830,470,1,ses230830-units-probe1-spk-AAAB.npy,true,provisional_unit_area_from_count_matched_row_order,MT,true,150,"V4, MT",probeB,true,2,false,channel_out_of_range,Unknown,unknown_or_unresolved,false,source_probe_resolved_but_channel_unresolvable,false,false
230830,471,1,ses230830-units-probe1-spk-AAAB.npy,true,provisional_unit_area_from_count_matched_row_order,MT,true,232,"V4, MT",probeB,true,2,false,channel_out_of_range,Unknown,unknown_or_unresolved,false,source_probe_resolved_but_channel_unresolvable,false,false
230830,472,1,ses230830-units-probe1-spk-AAAB.npy,true,provisional_unit_area_from_count_matched_row_order,MT,true,150,"V4, MT",probeB,true,2,false,channel_out_of_range,Unknown,unknown_or_unresolved,false,source_probe_resolved_but_channel_unresolvable,false,false
230830,473,1,ses230830-units-probe1-spk-AAAB.npy,true,provisional_unit_area_from_count_matched_row_order,MT,true,150,"V4, MT",probeB,true,2,false,channel_out_of_range,Unknown,unknown_or_unresolved,false,source_probe_resolved_but_channel_unresolvable,false,false
230830,474,1,ses230830-units-probe1-spk-AAAB.npy,true,provisional_unit_area_from_count_matched_row_order,MT,true,150,"V4, MT",probeB,true,2,false,channel_out_of_range,Unknown,unknown_or_unresolved,false,source_probe_resolved_but_channel_unresolvable,false,false
230830,475,1,ses230830-units-probe1-spk-AAAB.npy,true,provisional_unit_area_from_count_matched_row_order,MT,true,150,"V4, MT",probeB,true,2,false,channel_out_of_range,Unknown,unknown_or_unresolved,false,source_probe_resolved_but_channel_unresolvable,false,false
230830,476,1,ses230830-units-probe1-spk-AAAB.npy,true,provisional_unit_area_from_count_matched_row_order,MT,true,150,"V4, MT",probeB,true,2,false,channel_out_of_range,Unknown,unknown_or_unresolved,false,source_probe_resolved_but_channel_unresolvable,false,false
230830,477,1,ses230830-units-probe1-spk-AAAB.npy,true,provisional_unit_area_from_count_matched_row_order,MT,true,150,"V4, MT",probeB,true,2,false,channel_out_of_range,Unknown,unknown_or_unresolved,false,source_probe_resolved_but_channel_unresolvable,false,false
230830,478,1,ses230830-units-probe1-spk-AAAB.npy,true,provisional_unit_area_from_count_matched_row_order,MT,true,160,"V4, MT",probeB,true,2,false,channel_out_of_range,Unknown,unknown_or_unresolved,false,source_probe_resolved_but_channel_unresolvable,false,false
230830,479,1,ses230830-units-probe1-spk-AAAB.npy,true,provisional_unit_area_from_count_matched_row_order,MT,true,150,"V4, MT",probeB,true,2,false,channel_out_of_range,Unknown,unknown_or_unresolved,false,source_probe_resolved_but_channel_unresolvable,false,false
230830,480,1,ses230830-units-probe1-spk-AAAB.npy,true,provisional_unit_area_from_count_matched_row_order,MT,true,150,"V4, MT",probeB,true,2,false,channel_out_of_range,Unknown,unknown_or_unresolved,false,source_probe_resolved_but_channel_unresolvable,false,false
230830,481,1,ses230830-units-probe1-spk-AAAB.npy,true,provisional_unit_area_from_count_matched_row_order,MT,true,153,"V4, MT",probeB,true,2,false,channel_out_of_range,Unknown,unknown_or_unresolved,false,source_probe_resolved_but_channel_unresolvable,false,false
230830,482,1,ses230830-units-probe1-spk-AAAB.npy,true,provisional_unit_area_from_count_matched_row_order,MT,true,230,"V4, MT",probeB,true,2,false,channel_out_of_range,Unknown,unknown_or_unresolved,false,source_probe_resolved_but_channel_unresolvable,false,false
230830,483,1,ses230830-units-probe1-spk-AAAB.npy,true,provisional_unit_area_from_count_matched_row_order,MT,true,150,"V4, MT",probeB,true,2,false,channel_out_of_range,Unknown,unknown_or_unresolved,false,source_probe_resolved_but_channel_unresolvable,false,false
230830,484,1,ses230830-units-probe1-spk-AAAB.npy,true,provisional_unit_area_from_count_matched_row_order,MT,true,230,"V4, MT",probeB,true,2,false,channel_out_of_range,Unknown,unknown_or_unresolved,false,source_probe_resolved_but_channel_unresolvable,false,false
230830,485,1,ses230830-units-probe1-spk-AAAB.npy,true,provisional_unit_area_from_count_matched_row_order,MT,true,150,"V4, MT",probeB,true,2,false,channel_out_of_range,Unknown,unknown_or_unresolved,false,source_probe_resolved_but_channel_unresolvable,false,false
230830,486,1,ses230830-units-probe1-spk-AAAB.npy,true,provisional_unit_area_from_count_matched_row_order,MT,true,150,"V4, MT",probeB,true,2,false,channel_out_of_range,Unknown,unknown_or_unresolved,false,source_probe_resolved_but_channel_unresolvable,false,false
230830,487,1,ses230830-units-probe1-spk-AAAB.npy,true,provisional_unit_area_from_count_matched_row_order,MT,true,229,"V4, MT",probeB,true,2,false,channel_out_of_range,Unknown,unknown_or_unresolved,false,source_probe_resolved_but_channel_unresolvable,false,false
230830,488,1,ses230830-units-probe1-spk-AAAB.npy,true,provisional_unit_area_from_count_matched_row_order,MT,true,150,"V4, MT",probeB,true,2,false,channel_out_of_range,Unknown,unknown_or_unresolved,false,source_probe_resolved_but_channel_unresolvable,false,false
230830,489,1,ses230830-units-probe1-spk-AAAB.npy,true,provisional_unit_area_from_count_matched_row_order,MT,true,228,"V4, MT",probeB,true,2,false,channel_out_of_range,Unknown,unknown_or_unresolved,false,source_probe_resolved_but_channel_unresolvable,false,false
230830,490,1,ses230830-units-probe1-spk-AAAB.npy,true,provisional_unit_area_from_count_matched_row_order,MT,true,155,"V4, MT",probeB,true,2,false,channel_out_of_range,Unknown,unknown_or_unresolved,false,source_probe_resolved_but_channel_unresolvable,false,false
230830,491,1,ses230830-units-probe1-spk-AAAB.npy,true,provisional_unit_area_from_count_matched_row_order,MT,true,150,"V4, MT",probeB,true,2,false,channel_out_of_range,Unknown,unknown_or_unresolved,false,source_probe_resolved_but_channel_unresolvable,false,false
230830,492,1,ses230830-units-probe1-spk-AAAB.npy,true,provisional_unit_area_from_count_matched_row_order,MT,true,228,"V4, MT",probeB,true,2,false,channel_out_of_range,Unknown,unknown_or_unresolved,false,source_probe_resolved_but_channel_unresolvable,false,false
230830,493,1,ses230830-units-probe1-spk-AAAB.npy,true,provisional_unit_area_from_count_matched_row_order,MT,true,222,"V4, MT",probeB,true,2,false,channel_out_of_range,Unknown,unknown_or_unresolved,false,source_probe_resolved_but_channel_unresolvable,false,false
230830,494,1,ses230830-units-probe1-spk-AAAB.npy,true,provisional_unit_area_from_count_matched_row_order,MT,true,150,"V4, MT",probeB,true,2,false,channel_out_of_range,Unknown,unknown_or_unresolved,false,source_probe_resolved_but_channel_unresolvable,false,false
230830,495,1,ses230830-units-probe1-spk-AAAB.npy,true,provisional_unit_area_from_count_matched_row_order,MT,true,160,"V4, MT",probeB,true,2,false,channel_out_of_range,Unknown,unknown_or_unresolved,false,source_probe_resolved_but_channel_unresolvable,false,false
230830,496,1,ses230830-units-probe1-spk-AAAB.npy,true,provisional_unit_area_from_count_matched_row_order,MT,true,228,"V4, MT",probeB,true,2,false,channel_out_of_range,Unknown,unknown_or_unresolved,false,source_probe_resolved_but_channel_unresolvable,false,false
230830,497,1,ses230830-units-probe1-spk-AAAB.npy,true,provisional_unit_area_from_count_matched_row_order,MT,true,228,"V4, MT",probeB,true,2,false,channel_out_of_range,Unknown,unknown_or_unresolved,false,source_probe_resolved_but_channel_unresolvable,false,false
230830,498,1,ses230830-units-probe1-spk-AAAB.npy,true,provisional_unit_area_from_count_matched_row_order,MT,true,150,"V4, MT",probeB,true,2,false,channel_out_of_range,Unknown,unknown_or_unresolved,false,source_probe_resolved_but_channel_unresolvable,false,false
230830,499,1,ses230830-units-probe1-spk-AAAB.npy,true,provisional_unit_area_from_count_matched_row_order,MT,true,150,"V4, MT",probeB,true,2,false,channel_out_of_range,Unknown,unknown_or_unresolved,false,source_probe_resolved_but_channel_unresolvable,false,false
230830,500,1,ses230830-units-probe1-spk-AAAB.npy,true,provisional_unit_area_from_count_matched_row_order,MT,true,227,"V4, MT",probeB,true,2,false,channel_out_of_range,Unknown,unknown_or_unresolved,false,source_probe_resolved_but_channel_unresolvable,false,false
230830,501,1,ses230830-units-probe1-spk-AAAB.npy,true,provisional_unit_area_from_count_matched_row_order,MT,true,150,"V4, MT",probeB,true,2,false,channel_out_of_range,Unknown,unknown_or_unresolved,false,source_probe_resolved_but_channel_unresolvable,false,false
230830,502,1,ses230830-units-probe1-spk-AAAB.npy,true,provisional_unit_area_from_count_matched_row_order,MT,true,160,"V4, MT",probeB,true,2,false,channel_out_of_range,Unknown,unknown_or_unresolved,false,source_probe_resolved_but_channel_unresolvable,false,false
230830,503,1,ses230830-units-probe1-spk-AAAB.npy,true,provisional_unit_area_from_count_matched_row_order,MT,true,150,"V4, MT",probeB,true,2,false,channel_out_of_range,Unknown,unknown_or_unresolved,false,source_probe_resolved_but_channel_unresolvable,false,false
230830,504,1,ses230830-units-probe1-spk-AAAB.npy,true,provisional_unit_area_from_count_matched_row_order,MT,true,160,"V4, MT",probeB,true,2,false,channel_out_of_range,Unknown,unknown_or_unresolved,false,source_probe_resolved_but_channel_unresolvable,false,false
230830,505,1,ses230830-units-probe1-spk-AAAB.npy,true,provisional_unit_area_from_count_matched_row_order,MT,true,225,"V4, MT",probeB,true,2,false,channel_out_of_range,Unknown,unknown_or_unresolved,false,source_probe_resolved_but_channel_unresolvable,false,false
230830,506,1,ses230830-units-probe1-spk-AAAB.npy,true,provisional_unit_area_from_count_matched_row_order,MT,true,225,"V4, MT",probeB,true,2,false,channel_out_of_range,Unknown,unknown_or_unresolved,false,source_probe_resolved_but_channel_unresolvable,false,false
230830,507,1,ses230830-units-probe1-spk-AAAB.npy,true,provisional_unit_area_from_count_matched_row_order,MT,true,225,"V4, MT",probeB,true,2,false,channel_out_of_range,Unknown,unknown_or_unresolved,false,source_probe_resolved_but_channel_unresolvable,false,false
230830,508,1,ses230830-units-probe1-spk-AAAB.npy,true,provisional_unit_area_from_count_matched_row_order,MT,true,160,"V4, MT",probeB,true,2,false,channel_out_of_range,Unknown,unknown_or_unresolved,false,source_probe_resolved_but_channel_unresolvable,false,false
230830,509,1,ses230830-units-probe1-spk-AAAB.npy,true,provisional_unit_area_from_count_matched_row_order,MT,true,225,"V4, MT",probeB,true,2,false,channel_out_of_range,Unknown,unknown_or_unresolved,false,source_probe_resolved_but_channel_unresolvable,false,false
230830,510,1,ses230830-units-probe1-spk-AAAB.npy,true,provisional_unit_area_from_count_matched_row_order,MT,true,160,"V4, MT",probeB,true,2,false,channel_out_of_range,Unknown,unknown_or_unresolved,false,source_probe_resolved_but_channel_unresolvable,false,false
230830,511,1,ses230830-units-probe1-spk-AAAB.npy,true,provisional_unit_area_from_count_matched_row_order,V4,true,220,"V4, MT",probeB,true,2,false,channel_out_of_range,Unknown,unknown_or_unresolved,false,source_probe_resolved_but_channel_unresolvable,false,false
230830,512,1,ses230830-units-probe1-spk-AAAB.npy,true,provisional_unit_area_from_count_matched_row_order,V4,true,160,"V4, MT",probeB,true,2,false,channel_out_of_range,Unknown,unknown_or_unresolved,false,source_probe_resolved_but_channel_unresolvable,false,false
230831,0,0,ses230831-units-probe0-spk-AAAB.npy,true,unmapped_no_metadata,Unknown,true,3,FEF,probeA,true,1,true,heuristic_equal_segment,FEF,higher_order_frontal,false,recovered_heuristic_equal_segment,true,false
230831,1,0,ses230831-units-probe0-spk-AAAB.npy,true,unmapped_no_metadata,Unknown,true,18,FEF,probeA,true,1,true,heuristic_equal_segment,FEF,higher_order_frontal,false,recovered_heuristic_equal_segment,true,false
230831,2,0,ses230831-units-probe0-spk-AAAB.npy,true,unmapped_no_metadata,Unknown,true,17,FEF,probeA,true,1,true,heuristic_equal_segment,FEF,higher_order_frontal,false,recovered_heuristic_equal_segment,true,false
230831,3,0,ses230831-units-probe0-spk-AAAB.npy,true,unmapped_no_metadata,Unknown,true,17,FEF,probeA,true,1,true,heuristic_equal_segment,FEF,higher_order_frontal,false,recovered_heuristic_equal_segment,true,false
230831,4,0,ses230831-units-probe0-spk-AAAB.npy,true,unmapped_no_metadata,Unknown,true,110,FEF,probeA,true,1,true,heuristic_equal_segment,FEF,higher_order_frontal,false,recovered_heuristic_equal_segment,true,false
230831,5,0,ses230831-units-probe0-spk-AAAB.npy,true,unmapped_no_metadata,Unknown,true,18,FEF,probeA,true,1,true,heuristic_equal_segment,FEF,higher_order_frontal,false,recovered_heuristic_equal_segment,true,false
230831,6,0,ses230831-units-probe0-spk-AAAB.npy,true,unmapped_no_metadata,Unknown,true,18,FEF,probeA,true,1,true,heuristic_equal_segment,FEF,higher_order_frontal,false,recovered_heuristic_equal_segment,true,false
230831,7,0,ses230831-units-probe0-spk-AAAB.npy,true,unmapped_no_metadata,Unknown,true,18,FEF,probeA,true,1,true,heuristic_equal_segment,FEF,higher_order_frontal,false,recovered_heuristic_equal_segment,true,false
230831,8,0,ses230831-units-probe0-spk-AAAB.npy,true,unmapped_no_metadata,Unknown,true,109,FEF,probeA,true,1,true,heuristic_equal_segment,FEF,higher_order_frontal,false,recovered_heuristic_equal_segment,true,false
230831,9,0,ses230831-units-probe0-spk-AAAB.npy,true,unmapped_no_metadata,Unknown,true,19,FEF,probeA,true,1,true,heuristic_equal_segment,FEF,higher_order_frontal,false,recovered_heuristic_equal_segment,true,false
230831,10,0,ses230831-units-probe0-spk-AAAB.npy,true,unmapped_no_metadata,Unknown,true,20,FEF,probeA,true,1,true,heuristic_equal_segment,FEF,higher_order_frontal,false,recovered_heuristic_equal_segment,true,false
230831,11,0,ses230831-units-probe0-spk-AAAB.npy,true,unmapped_no_metadata,Unknown,true,107,FEF,probeA,true,1,true,heuristic_equal_segment,FEF,higher_order_frontal,false,recovered_heuristic_equal_segment,true,false
230831,12,0,ses230831-units-probe0-spk-AAAB.npy,true,unmapped_no_metadata,Unknown,true,21,FEF,probeA,true,1,true,heuristic_equal_segment,FEF,higher_order_frontal,false,recovered_heuristic_equal_segment,true,false
230831,13,0,ses230831-units-probe0-spk-AAAB.npy,true,unmapped_no_metadata,Unknown,true,106,FEF,probeA,true,1,true,heuristic_equal_segment,FEF,higher_order_frontal,false,recovered_heuristic_equal_segment,true,false
230831,14,0,ses230831-units-probe0-spk-AAAB.npy,true,unmapped_no_metadata,Unknown,true,107,FEF,probeA,true,1,true,heuristic_equal_segment,FEF,higher_order_frontal,false,recovered_heuristic_equal_segment,true,false
230831,15,0,ses230831-units-probe0-spk-AAAB.npy,true,unmapped_no_metadata,Unknown,true,106,FEF,probeA,true,1,true,heuristic_equal_segment,FEF,higher_order_frontal,false,recovered_heuristic_equal_segment,true,false
230831,16,0,ses230831-units-probe0-spk-AAAB.npy,true,unmapped_no_metadata,Unknown,true,106,FEF,probeA,true,1,true,heuristic_equal_segment,FEF,higher_order_frontal,false,recovered_heuristic_equal_segment,true,false
230831,17,0,ses230831-units-probe0-spk-AAAB.npy,true,unmapped_no_metadata,Unknown,true,105,FEF,probeA,true,1,true,heuristic_equal_segment,FEF,higher_order_frontal,false,recovered_heuristic_equal_segment,true,false
230831,18,0,ses230831-units-probe0-spk-AAAB.npy,true,unmapped_no_metadata,Unknown,true,22,FEF,probeA,true,1,true,heuristic_equal_segment,FEF,higher_order_frontal,false,recovered_heuristic_equal_segment,true,false
230831,19,0,ses230831-units-probe0-spk-AAAB.npy,true,unmapped_no_metadata,Unknown,true,23,FEF,probeA,true,1,true,heuristic_equal_segment,FEF,higher_order_frontal,false,recovered_heuristic_equal_segment,true,false
230831,20,0,ses230831-units-probe0-spk-AAAB.npy,true,unmapped_no_metadata,Unknown,true,105,FEF,probeA,true,1,true,heuristic_equal_segment,FEF,higher_order_frontal,false,recovered_heuristic_equal_segment,true,false
230831,21,0,ses230831-units-probe0-spk-AAAB.npy,true,unmapped_no_metadata,Unknown,true,104,FEF,probeA,true,1,true,heuristic_equal_segment,FEF,higher_order_frontal,false,recovered_heuristic_equal_segment,true,false
230831,22,0,ses230831-units-probe0-spk-AAAB.npy,true,unmapped_no_metadata,Unknown,true,103,FEF,probeA,true,1,true,heuristic_equal_segment,FEF,higher_order_frontal,false,recovered_heuristic_equal_segment,true,false
230831,23,0,ses230831-units-probe0-spk-AAAB.npy,true,unmapped_no_metadata,Unknown,true,101,FEF,probeA,true,1,true,heuristic_equal_segment,FEF,higher_order_frontal,false,recovered_heuristic_equal_segment,true,false
230831,24,0,ses230831-units-probe0-spk-AAAB.npy,true,unmapped_no_metadata,Unknown,true,26,FEF,probeA,true,1,true,heuristic_equal_segment,FEF,higher_order_frontal,false,recovered_heuristic_equal_segment,true,false
230831,25,0,ses230831-units-probe0-spk-AAAB.npy,true,unmapped_no_metadata,Unknown,true,27,FEF,probeA,true,1,true,heuristic_equal_segment,FEF,higher_order_frontal,false,recovered_heuristic_equal_segment,true,false
230831,26,0,ses230831-units-probe0-spk-AAAB.npy,true,unmapped_no_metadata,Unknown,true,96,FEF,probeA,true,1,true,heuristic_equal_segment,FEF,higher_order_frontal,false,recovered_heuristic_equal_segment,true,false
230831,27,0,ses230831-units-probe0-spk-AAAB.npy,true,unmapped_no_metadata,Unknown,true,29,FEF,probeA,true,1,true,heuristic_equal_segment,FEF,higher_order_frontal,false,recovered_heuristic_equal_segment,true,false
230831,28,0,ses230831-units-probe0-spk-AAAB.npy,true,unmapped_no_metadata,Unknown,true,30,FEF,probeA,true,1,true,heuristic_equal_segment,FEF,higher_order_frontal,false,recovered_heuristic_equal_segment,true,false
230831,29,0,ses230831-units-probe0-spk-AAAB.npy,true,unmapped_no_metadata,Unknown,true,30,FEF,probeA,true,1,true,heuristic_equal_segment,FEF,higher_order_frontal,false,recovered_heuristic_equal_segment,true,false
230831,30,0,ses230831-units-probe0-spk-AAAB.npy,true,unmapped_no_metadata,Unknown,true,32,FEF,probeA,true,1,true,heuristic_equal_segment,FEF,higher_order_frontal,false,recovered_heuristic_equal_segment,true,false
230831,31,0,ses230831-units-probe0-spk-AAAB.npy,true,unmapped_no_metadata,Unknown,true,95,FEF,probeA,true,1,true,heuristic_equal_segment,FEF,higher_order_frontal,false,recovered_heuristic_equal_segment,true,false
230831,32,0,ses230831-units-probe0-spk-AAAB.npy,true,unmapped_no_metadata,Unknown,true,34,FEF,probeA,true,1,true,heuristic_equal_segment,FEF,higher_order_frontal,false,recovered_heuristic_equal_segment,true,false
230831,33,0,ses230831-units-probe0-spk-AAAB.npy,true,unmapped_no_metadata,Unknown,true,94,FEF,probeA,true,1,true,heuristic_equal_segment,FEF,higher_order_frontal,false,recovered_heuristic_equal_segment,true,false
230831,34,0,ses230831-units-probe0-spk-AAAB.npy,true,unmapped_no_metadata,Unknown,true,36,FEF,probeA,true,1,true,heuristic_equal_segment,FEF,higher_order_frontal,false,recovered_heuristic_equal_segment,true,false
230831,35,0,ses230831-units-probe0-spk-AAAB.npy,true,unmapped_no_metadata,Unknown,true,92,FEF,probeA,true,1,true,heuristic_equal_segment,FEF,higher_order_frontal,false,recovered_heuristic_equal_segment,true,false
230831,36,0,ses230831-units-probe0-spk-AAAB.npy,true,unmapped_no_metadata,Unknown,true,91,FEF,probeA,true,1,true,heuristic_equal_segment,FEF,higher_order_frontal,false,recovered_heuristic_equal_segment,true,false
230831,37,0,ses230831-units-probe0-spk-AAAB.npy,true,unmapped_no_metadata,Unknown,true,37,FEF,probeA,true,1,true,heuristic_equal_segment,FEF,higher_order_frontal,false,recovered_heuristic_equal_segment,true,false
230831,38,0,ses230831-units-probe0-spk-AAAB.npy,true,unmapped_no_metadata,Unknown,true,90,FEF,probeA,true,1,true,heuristic_equal_segment,FEF,higher_order_frontal,false,recovered_heuristic_equal_segment,true,false
230831,39,0,ses230831-units-probe0-spk-AAAB.npy,true,unmapped_no_metadata,Unknown,true,89,FEF,probeA,true,1,true,heuristic_equal_segment,FEF,higher_order_frontal,false,recovered_heuristic_equal_segment,true,false
230831,40,0,ses230831-units-probe0-spk-AAAB.npy,true,unmapped_no_metadata,Unknown,true,39,FEF,probeA,true,1,true,heuristic_equal_segment,FEF,higher_order_frontal,false,recovered_heuristic_equal_segment,true,false
230831,41,0,ses230831-units-probe0-spk-AAAB.npy,true,unmapped_no_metadata,Unknown,true,88,FEF,probeA,true,1,true,heuristic_equal_segment,FEF,higher_order_frontal,false,recovered_heuristic_equal_segment,true,false
230831,42,0,ses230831-units-probe0-spk-AAAB.npy,true,unmapped_no_metadata,Unknown,true,87,FEF,probeA,true,1,true,heuristic_equal_segment,FEF,higher_order_frontal,false,recovered_heuristic_equal_segment,true,false
230831,43,0,ses230831-units-probe0-spk-AAAB.npy,true,unmapped_no_metadata,Unknown,true,87,FEF,probeA,true,1,true,heuristic_equal_segment,FEF,higher_order_frontal,false,recovered_heuristic_equal_segment,true,false
230831,44,0,ses230831-units-probe0-spk-AAAB.npy,true,unmapped_no_metadata,Unknown,true,87,FEF,probeA,true,1,true,heuristic_equal_segment,FEF,higher_order_frontal,false,recovered_heuristic_equal_segment,true,false
230831,45,0,ses230831-units-probe0-spk-AAAB.npy,true,unmapped_no_metadata,Unknown,true,41,FEF,probeA,true,1,true,heuristic_equal_segment,FEF,higher_order_frontal,false,recovered_heuristic_equal_segment,true,false
230831,46,0,ses230831-units-probe0-spk-AAAB.npy,true,unmapped_no_metadata,Unknown,true,41,FEF,probeA,true,1,true,heuristic_equal_segment,FEF,higher_order_frontal,false,recovered_heuristic_equal_segment,true,false
230831,47,0,ses230831-units-probe0-spk-AAAB.npy,true,unmapped_no_metadata,Unknown,true,41,FEF,probeA,true,1,true,heuristic_equal_segment,FEF,higher_order_frontal,false,recovered_heuristic_equal_segment,true,false
230831,48,0,ses230831-units-probe0-spk-AAAB.npy,true,unmapped_no_metadata,Unknown,true,42,FEF,probeA,true,1,true,heuristic_equal_segment,FEF,higher_order_frontal,false,recovered_heuristic_equal_segment,true,false
230831,49,0,ses230831-units-probe0-spk-AAAB.npy,true,unmapped_no_metadata,Unknown,true,43,FEF,probeA,true,1,true,heuristic_equal_segment,FEF,higher_order_frontal,false,recovered_heuristic_equal_segment,true,false
230831,50,0,ses230831-units-probe0-spk-AAAB.npy,true,unmapped_no_metadata,Unknown,true,43,FEF,probeA,true,1,true,heuristic_equal_segment,FEF,higher_order_frontal,false,recovered_heuristic_equal_segment,true,false
230831,51,0,ses230831-units-probe0-spk-AAAB.npy,true,unmapped_no_metadata,Unknown,true,43,FEF,probeA,true,1,true,heuristic_equal_segment,FEF,higher_order_frontal,false,recovered_heuristic_equal_segment,true,false
230831,52,0,ses230831-units-probe0-spk-AAAB.npy,true,unmapped_no_metadata,Unknown,true,43,FEF,probeA,true,1,true,heuristic_equal_segment,FEF,higher_order_frontal,false,recovered_heuristic_equal_segment,true,false
230831,53,0,ses230831-units-probe0-spk-AAAB.npy,true,unmapped_no_metadata,Unknown,true,43,FEF,probeA,true,1,true,heuristic_equal_segment,FEF,higher_order_frontal,false,recovered_heuristic_equal_segment,true,false
230831,54,0,ses230831-units-probe0-spk-AAAB.npy,true,unmapped_no_metadata,Unknown,true,43,FEF,probeA,true,1,true,heuristic_equal_segment,FEF,higher_order_frontal,false,recovered_heuristic_equal_segment,true,false
230831,55,0,ses230831-units-probe0-spk-AAAB.npy,true,unmapped_no_metadata,Unknown,true,43,FEF,probeA,true,1,true,heuristic_equal_segment,FEF,higher_order_frontal,false,recovered_heuristic_equal_segment,true,false
230831,56,0,ses230831-units-probe0-spk-AAAB.npy,true,unmapped_no_metadata,Unknown,true,44,FEF,probeA,true,1,true,heuristic_equal_segment,FEF,higher_order_frontal,false,recovered_heuristic_equal_segment,true,false
230831,57,0,ses230831-units-probe0-spk-AAAB.npy,true,unmapped_no_metadata,Unknown,true,83,FEF,probeA,true,1,true,heuristic_equal_segment,FEF,higher_order_frontal,false,recovered_heuristic_equal_segment,true,false
230831,58,0,ses230831-units-probe0-spk-AAAB.npy,true,unmapped_no_metadata,Unknown,true,45,FEF,probeA,true,1,true,heuristic_equal_segment,FEF,higher_order_frontal,false,recovered_heuristic_equal_segment,true,false
230831,59,0,ses230831-units-probe0-spk-AAAB.npy,true,unmapped_no_metadata,Unknown,true,46,FEF,probeA,true,1,true,heuristic_equal_segment,FEF,higher_order_frontal,false,recovered_heuristic_equal_segment,true,false
230831,60,0,ses230831-units-probe0-spk-AAAB.npy,true,unmapped_no_metadata,Unknown,true,47,FEF,probeA,true,1,true,heuristic_equal_segment,FEF,higher_order_frontal,false,recovered_heuristic_equal_segment,true,false
230831,61,0,ses230831-units-probe0-spk-AAAB.npy,true,unmapped_no_metadata,Unknown,true,80,FEF,probeA,true,1,true,heuristic_equal_segment,FEF,higher_order_frontal,false,recovered_heuristic_equal_segment,true,false
230831,62,0,ses230831-units-probe0-spk-AAAB.npy,true,unmapped_no_metadata,Unknown,true,48,FEF,probeA,true,1,true,heuristic_equal_segment,FEF,higher_order_frontal,false,recovered_heuristic_equal_segment,true,false
230831,63,0,ses230831-units-probe0-spk-AAAB.npy,true,unmapped_no_metadata,Unknown,true,49,FEF,probeA,true,1,true,heuristic_equal_segment,FEF,higher_order_frontal,false,recovered_heuristic_equal_segment,true,false
230831,64,0,ses230831-units-probe0-spk-AAAB.npy,true,unmapped_no_metadata,Unknown,true,50,FEF,probeA,true,1,true,heuristic_equal_segment,FEF,higher_order_frontal,false,recovered_heuristic_equal_segment,true,false
230831,65,0,ses230831-units-probe0-spk-AAAB.npy,true,unmapped_no_metadata,Unknown,true,77,FEF,probeA,true,1,true,heuristic_equal_segment,FEF,higher_order_frontal,false,recovered_heuristic_equal_segment,true,false
230831,66,0,ses230831-units-probe0-spk-AAAB.npy,true,unmapped_no_metadata,Unknown,true,51,FEF,probeA,true,1,true,heuristic_equal_segment,FEF,higher_order_frontal,false,recovered_heuristic_equal_segment,true,false
230831,67,0,ses230831-units-probe0-spk-AAAB.npy,true,unmapped_no_metadata,Unknown,true,53,FEF,probeA,true,1,true,heuristic_equal_segment,FEF,higher_order_frontal,false,recovered_heuristic_equal_segment,true,false
230831,68,0,ses230831-units-probe0-spk-AAAB.npy,true,unmapped_no_metadata,Unknown,true,51,FEF,probeA,true,1,true,heuristic_equal_segment,FEF,higher_order_frontal,false,recovered_heuristic_equal_segment,true,false
230831,69,0,ses230831-units-probe0-spk-AAAB.npy,true,unmapped_no_metadata,Unknown,true,52,FEF,probeA,true,1,true,heuristic_equal_segment,FEF,higher_order_frontal,false,recovered_heuristic_equal_segment,true,false
230831,70,0,ses230831-units-probe0-spk-AAAB.npy,true,unmapped_no_metadata,Unknown,true,50,FEF,probeA,true,1,true,heuristic_equal_segment,FEF,higher_order_frontal,false,recovered_heuristic_equal_segment,true,false
230831,71,0,ses230831-units-probe0-spk-AAAB.npy,true,unmapped_no_metadata,Unknown,true,51,FEF,probeA,true,1,true,heuristic_equal_segment,FEF,higher_order_frontal,false,recovered_heuristic_equal_segment,true,false
230831,72,0,ses230831-units-probe0-spk-AAAB.npy,true,unmapped_no_metadata,Unknown,true,52,FEF,probeA,true,1,true,heuristic_equal_segment,FEF,higher_order_frontal,false,recovered_heuristic_equal_segment,true,false
230831,73,0,ses230831-units-probe0-spk-AAAB.npy,true,unmapped_no_metadata,Unknown,true,52,FEF,probeA,true,1,true,heuristic_equal_segment,FEF,higher_order_frontal,false,recovered_heuristic_equal_segment,true,false
230831,74,0,ses230831-units-probe0-spk-AAAB.npy,true,unmapped_no_metadata,Unknown,true,52,FEF,probeA,true,1,true,heuristic_equal_segment,FEF,higher_order_frontal,false,recovered_heuristic_equal_segment,true,false
230831,75,0,ses230831-units-probe0-spk-AAAB.npy,true,unmapped_no_metadata,Unknown,true,52,FEF,probeA,true,1,true,heuristic_equal_segment,FEF,higher_order_frontal,false,recovered_heuristic_equal_segment,true,false
230831,76,0,ses230831-units-probe0-spk-AAAB.npy,true,unmapped_no_metadata,Unknown,true,52,FEF,probeA,true,1,true,heuristic_equal_segment,FEF,higher_order_frontal,false,recovered_heuristic_equal_segment,true,false
230831,77,0,ses230831-units-probe0-spk-AAAB.npy,true,unmapped_no_metadata,Unknown,true,52,FEF,probeA,true,1,true,heuristic_equal_segment,FEF,higher_order_frontal,false,recovered_heuristic_equal_segment,true,false
230831,78,0,ses230831-units-probe0-spk-AAAB.npy,true,unmapped_no_metadata,Unknown,true,53,FEF,probeA,true,1,true,heuristic_equal_segment,FEF,higher_order_frontal,false,recovered_heuristic_equal_segment,true,false
230831,79,0,ses230831-units-probe0-spk-AAAB.npy,true,unmapped_no_metadata,Unknown,true,53,FEF,probeA,true,1,true,heuristic_equal_segment,FEF,higher_order_frontal,false,recovered_heuristic_equal_segment,true,false
230831,80,0,ses230831-units-probe0-spk-AAAB.npy,true,unmapped_no_metadata,Unknown,true,60,FEF,probeA,true,1,true,heuristic_equal_segment,FEF,higher_order_frontal,false,recovered_heuristic_equal_segment,true,false
230831,81,0,ses230831-units-probe0-spk-AAAB.npy,true,unmapped_no_metadata,Unknown,true,53,FEF,probeA,true,1,true,heuristic_equal_segment,FEF,higher_order_frontal,false,recovered_heuristic_equal_segment,true,false
230831,82,0,ses230831-units-probe0-spk-AAAB.npy,true,unmapped_no_metadata,Unknown,true,57,FEF,probeA,true,1,true,heuristic_equal_segment,FEF,higher_order_frontal,false,recovered_heuristic_equal_segment,true,false
230831,83,0,ses230831-units-probe0-spk-AAAB.npy,true,unmapped_no_metadata,Unknown,true,55,FEF,probeA,true,1,true,heuristic_equal_segment,FEF,higher_order_frontal,false,recovered_heuristic_equal_segment,true,false
230831,84,0,ses230831-units-probe0-spk-AAAB.npy,true,unmapped_no_metadata,Unknown,true,55,FEF,probeA,true,1,true,heuristic_equal_segment,FEF,higher_order_frontal,false,recovered_heuristic_equal_segment,true,false
230831,85,0,ses230831-units-probe0-spk-AAAB.npy,true,unmapped_no_metadata,Unknown,true,58,FEF,probeA,true,1,true,heuristic_equal_segment,FEF,higher_order_frontal,false,recovered_heuristic_equal_segment,true,false
230831,86,0,ses230831-units-probe0-spk-AAAB.npy,true,unmapped_no_metadata,Unknown,true,55,FEF,probeA,true,1,true,heuristic_equal_segment,FEF,higher_order_frontal,false,recovered_heuristic_equal_segment,true,false
230831,87,0,ses230831-units-probe0-spk-AAAB.npy,true,unmapped_no_metadata,Unknown,true,58,FEF,probeA,true,1,true,heuristic_equal_segment,FEF,higher_order_frontal,false,recovered_heuristic_equal_segment,true,false
230831,88,0,ses230831-units-probe0-spk-AAAB.npy,true,unmapped_no_metadata,Unknown,true,59,FEF,probeA,true,1,true,heuristic_equal_segment,FEF,higher_order_frontal,false,recovered_heuristic_equal_segment,true,false
230831,89,0,ses230831-units-probe0-spk-AAAB.npy,true,unmapped_no_metadata,Unknown,true,56,FEF,probeA,true,1,true,heuristic_equal_segment,FEF,higher_order_frontal,false,recovered_heuristic_equal_segment,true,false
230831,90,0,ses230831-units-probe0-spk-AAAB.npy,true,unmapped_no_metadata,Unknown,true,53,FEF,probeA,true,1,true,heuristic_equal_segment,FEF,higher_order_frontal,false,recovered_heuristic_equal_segment,true,false
230831,91,0,ses230831-units-probe0-spk-AAAB.npy,true,unmapped_no_metadata,Unknown,true,62,FEF,probeA,true,1,true,heuristic_equal_segment,FEF,higher_order_frontal,false,recovered_heuristic_equal_segment,true,false
230831,92,0,ses230831-units-probe0-spk-AAAB.npy,true,unmapped_no_metadata,Unknown,true,56,FEF,probeA,true,1,true,heuristic_equal_segment,FEF,higher_order_frontal,false,recovered_heuristic_equal_segment,true,false
230831,93,0,ses230831-units-probe0-spk-AAAB.npy,true,unmapped_no_metadata,Unknown,true,61,FEF,probeA,true,1,true,heuristic_equal_segment,FEF,higher_order_frontal,false,recovered_heuristic_equal_segment,true,false
230831,94,0,ses230831-units-probe0-spk-AAAB.npy,true,unmapped_no_metadata,Unknown,true,57,FEF,probeA,true,1,true,heuristic_equal_segment,FEF,higher_order_frontal,false,recovered_heuristic_equal_segment,true,false
230831,95,0,ses230831-units-probe0-spk-AAAB.npy,true,unmapped_no_metadata,Unknown,true,57,FEF,probeA,true,1,true,heuristic_equal_segment,FEF,higher_order_frontal,false,recovered_heuristic_equal_segment,true,false
230831,96,0,ses230831-units-probe0-spk-AAAB.npy,true,unmapped_no_metadata,Unknown,true,52,FEF,probeA,true,1,true,heuristic_equal_segment,FEF,higher_order_frontal,false,recovered_heuristic_equal_segment,true,false
230831,97,0,ses230831-units-probe0-spk-AAAB.npy,true,unmapped_no_metadata,Unknown,true,57,FEF,probeA,true,1,true,heuristic_equal_segment,FEF,higher_order_frontal,false,recovered_heuristic_equal_segment,true,false
230831,98,0,ses230831-units-probe0-spk-AAAB.npy,true,unmapped_no_metadata,Unknown,true,59,FEF,probeA,true,1,true,heuristic_equal_segment,FEF,higher_order_frontal,false,recovered_heuristic_equal_segment,true,false
230831,99,0,ses230831-units-probe0-spk-AAAB.npy,true,unmapped_no_metadata,Unknown,true,58,FEF,probeA,true,1,true,heuristic_equal_segment,FEF,higher_order_frontal,false,recovered_heuristic_equal_segment,true,false
230831,100,0,ses230831-units-probe0-spk-AAAB.npy,true,unmapped_no_metadata,Unknown,true,58,FEF,probeA,true,1,true,heuristic_equal_segment,FEF,higher_order_frontal,false,recovered_heuristic_equal_segment,true,false
230831,101,0,ses230831-units-probe0-spk-AAAB.npy,true,unmapped_no_metadata,Unknown,true,58,FEF,probeA,true,1,true,heuristic_equal_segment,FEF,higher_order_frontal,false,recovered_heuristic_equal_segment,true,false
230831,102,0,ses230831-units-probe0-spk-AAAB.npy,true,unmapped_no_metadata,Unknown,true,58,FEF,probeA,true,1,true,heuristic_equal_segment,FEF,higher_order_frontal,false,recovered_heuristic_equal_segment,true,false
230831,103,0,ses230831-units-probe0-spk-AAAB.npy,true,unmapped_no_metadata,Unknown,true,56,FEF,probeA,true,1,true,heuristic_equal_segment,FEF,higher_order_frontal,false,recovered_heuristic_equal_segment,true,false
230831,104,0,ses230831-units-probe0-spk-AAAB.npy,true,unmapped_no_metadata,Unknown,true,58,FEF,probeA,true,1,true,heuristic_equal_segment,FEF,higher_order_frontal,false,recovered_heuristic_equal_segment,true,false
230831,105,0,ses230831-units-probe0-spk-AAAB.npy,true,unmapped_no_metadata,Unknown,true,58,FEF,probeA,true,1,true,heuristic_equal_segment,FEF,higher_order_frontal,false,recovered_heuristic_equal_segment,true,false
230831,106,0,ses230831-units-probe0-spk-AAAB.npy,true,unmapped_no_metadata,Unknown,true,59,FEF,probeA,true,1,true,heuristic_equal_segment,FEF,higher_order_frontal,false,recovered_heuristic_equal_segment,true,false
230831,107,0,ses230831-units-probe0-spk-AAAB.npy,true,unmapped_no_metadata,Unknown,true,59,FEF,probeA,true,1,true,heuristic_equal_segment,FEF,higher_order_frontal,false,recovered_heuristic_equal_segment,true,false
230831,108,0,ses230831-units-probe0-spk-AAAB.npy,true,unmapped_no_metadata,Unknown,true,53,FEF,probeA,true,1,true,heuristic_equal_segment,FEF,higher_order_frontal,false,recovered_heuristic_equal_segment,true,false
230831,109,0,ses230831-units-probe0-spk-AAAB.npy,true,unmapped_no_metadata,Unknown,true,60,FEF,probeA,true,1,true,heuristic_equal_segment,FEF,higher_order_frontal,false,recovered_heuristic_equal_segment,true,false
230831,110,0,ses230831-units-probe0-spk-AAAB.npy,true,unmapped_no_metadata,Unknown,true,59,FEF,probeA,true,1,true,heuristic_equal_segment,FEF,higher_order_frontal,false,recovered_heuristic_equal_segment,true,false
230831,111,0,ses230831-units-probe0-spk-AAAB.npy,true,unmapped_no_metadata,Unknown,true,59,FEF,probeA,true,1,true,heuristic_equal_segment,FEF,higher_order_frontal,false,recovered_heuristic_equal_segment,true,false
230831,112,0,ses230831-units-probe0-spk-AAAB.npy,true,unmapped_no_metadata,Unknown,true,59,FEF,probeA,true,1,true,heuristic_equal_segment,FEF,higher_order_frontal,false,recovered_heuristic_equal_segment,true,false
230831,113,0,ses230831-units-probe0-spk-AAAB.npy,true,unmapped_no_metadata,Unknown,true,60,FEF,probeA,true,1,true,heuristic_equal_segment,FEF,higher_order_frontal,false,recovered_heuristic_equal_segment,true,false
230831,114,0,ses230831-units-probe0-spk-AAAB.npy,true,unmapped_no_metadata,Unknown,true,60,FEF,probeA,true,1,true,heuristic_equal_segment,FEF,higher_order_frontal,false,recovered_heuristic_equal_segment,true,false
230831,115,0,ses230831-units-probe0-spk-AAAB.npy,true,unmapped_no_metadata,Unknown,true,60,FEF,probeA,true,1,true,heuristic_equal_segment,FEF,higher_order_frontal,false,recovered_heuristic_equal_segment,true,false
230831,116,0,ses230831-units-probe0-spk-AAAB.npy,true,unmapped_no_metadata,Unknown,true,60,FEF,probeA,true,1,true,heuristic_equal_segment,FEF,higher_order_frontal,false,recovered_heuristic_equal_segment,true,false
230831,117,0,ses230831-units-probe0-spk-AAAB.npy,true,unmapped_no_metadata,Unknown,true,60,FEF,probeA,true,1,true,heuristic_equal_segment,FEF,higher_order_frontal,false,recovered_heuristic_equal_segment,true,false
230831,118,0,ses230831-units-probe0-spk-AAAB.npy,true,unmapped_no_metadata,Unknown,true,60,FEF,probeA,true,1,true,heuristic_equal_segment,FEF,higher_order_frontal,false,recovered_heuristic_equal_segment,true,false
230831,119,0,ses230831-units-probe0-spk-AAAB.npy,true,unmapped_no_metadata,Unknown,true,60,FEF,probeA,true,1,true,heuristic_equal_segment,FEF,higher_order_frontal,false,recovered_heuristic_equal_segment,true,false
230831,120,0,ses230831-units-probe0-spk-AAAB.npy,true,unmapped_no_metadata,Unknown,true,63,FEF,probeA,true,1,true,heuristic_equal_segment,FEF,higher_order_frontal,false,recovered_heuristic_equal_segment,true,false
230831,121,0,ses230831-units-probe0-spk-AAAB.npy,true,unmapped_no_metadata,Unknown,true,60,FEF,probeA,true,1,true,heuristic_equal_segment,FEF,higher_order_frontal,false,recovered_heuristic_equal_segment,true,false
230831,122,0,ses230831-units-probe0-spk-AAAB.npy,true,unmapped_no_metadata,Unknown,true,61,FEF,probeA,true,1,true,heuristic_equal_segment,FEF,higher_order_frontal,false,recovered_heuristic_equal_segment,true,false
230831,123,0,ses230831-units-probe0-spk-AAAB.npy,true,unmapped_no_metadata,Unknown,true,61,FEF,probeA,true,1,true,heuristic_equal_segment,FEF,higher_order_frontal,false,recovered_heuristic_equal_segment,true,false
230831,124,0,ses230831-units-probe0-spk-AAAB.npy,true,unmapped_no_metadata,Unknown,true,63,FEF,probeA,true,1,true,heuristic_equal_segment,FEF,higher_order_frontal,false,recovered_heuristic_equal_segment,true,false
230831,125,0,ses230831-units-probe0-spk-AAAB.npy,true,unmapped_no_metadata,Unknown,true,61,FEF,probeA,true,1,true,heuristic_equal_segment,FEF,higher_order_frontal,false,recovered_heuristic_equal_segment,true,false
230831,126,0,ses230831-units-probe0-spk-AAAB.npy,true,unmapped_no_metadata,Unknown,true,61,FEF,probeA,true,1,true,heuristic_equal_segment,FEF,higher_order_frontal,false,recovered_heuristic_equal_segment,true,false
230831,127,0,ses230831-units-probe0-spk-AAAB.npy,true,unmapped_no_metadata,Unknown,true,62,FEF,probeA,true,1,true,heuristic_equal_segment,FEF,higher_order_frontal,false,recovered_heuristic_equal_segment,true,false
230831,128,0,ses230831-units-probe0-spk-AAAB.npy,true,unmapped_no_metadata,Unknown,true,62,FEF,probeA,true,1,true,heuristic_equal_segment,FEF,higher_order_frontal,false,recovered_heuristic_equal_segment,true,false
230831,129,0,ses230831-units-probe0-spk-AAAB.npy,true,unmapped_no_metadata,Unknown,true,62,FEF,probeA,true,1,true,heuristic_equal_segment,FEF,higher_order_frontal,false,recovered_heuristic_equal_segment,true,false
230831,130,0,ses230831-units-probe0-spk-AAAB.npy,true,unmapped_no_metadata,Unknown,true,63,FEF,probeA,true,1,true,heuristic_equal_segment,FEF,higher_order_frontal,false,recovered_heuristic_equal_segment,true,false
230831,131,0,ses230831-units-probe0-spk-AAAB.npy,true,unmapped_no_metadata,Unknown,true,60,FEF,probeA,true,1,true,heuristic_equal_segment,FEF,higher_order_frontal,false,recovered_heuristic_equal_segment,true,false
230831,132,0,ses230831-units-probe0-spk-AAAB.npy,true,unmapped_no_metadata,Unknown,true,63,FEF,probeA,true,1,true,heuristic_equal_segment,FEF,higher_order_frontal,false,recovered_heuristic_equal_segment,true,false
230831,133,0,ses230831-units-probe0-spk-AAAB.npy,true,unmapped_no_metadata,Unknown,true,63,FEF,probeA,true,1,true,heuristic_equal_segment,FEF,higher_order_frontal,false,recovered_heuristic_equal_segment,true,false
230831,134,0,ses230831-units-probe0-spk-AAAB.npy,true,unmapped_no_metadata,Unknown,true,63,FEF,probeA,true,1,true,heuristic_equal_segment,FEF,higher_order_frontal,false,recovered_heuristic_equal_segment,true,false
230831,135,0,ses230831-units-probe0-spk-AAAB.npy,true,unmapped_no_metadata,Unknown,true,22,FEF,probeA,true,1,true,heuristic_equal_segment,FEF,higher_order_frontal,false,recovered_heuristic_equal_segment,true,false
230831,136,0,ses230831-units-probe0-spk-AAAB.npy,true,unmapped_no_metadata,Unknown,true,77,FEF,probeA,true,1,true,heuristic_equal_segment,FEF,higher_order_frontal,false,recovered_heuristic_equal_segment,true,false
230831,137,1,ses230831-units-probe1-spk-AAAB.npy,true,unmapped_no_metadata,Unknown,true,131,"MT, MST",probeB,true,2,false,channel_out_of_range,Unknown,unknown_or_unresolved,false,source_probe_resolved_but_channel_unresolvable,false,false
230831,138,1,ses230831-units-probe1-spk-AAAB.npy,true,unmapped_no_metadata,Unknown,true,129,"MT, MST",probeB,true,2,false,channel_out_of_range,Unknown,unknown_or_unresolved,false,source_probe_resolved_but_channel_unresolvable,false,false
230831,139,1,ses230831-units-probe1-spk-AAAB.npy,true,unmapped_no_metadata,Unknown,true,255,"MT, MST",probeB,true,2,false,channel_out_of_range,Unknown,unknown_or_unresolved,false,source_probe_resolved_but_channel_unresolvable,false,false
230831,140,1,ses230831-units-probe1-spk-AAAB.npy,true,unmapped_no_metadata,Unknown,true,129,"MT, MST",probeB,true,2,false,channel_out_of_range,Unknown,unknown_or_unresolved,false,source_probe_resolved_but_channel_unresolvable,false,false
230831,141,1,ses230831-units-probe1-spk-AAAB.npy,true,unmapped_no_metadata,Unknown,true,129,"MT, MST",probeB,true,2,false,channel_out_of_range,Unknown,unknown_or_unresolved,false,source_probe_resolved_but_channel_unresolvable,false,false
230831,142,1,ses230831-units-probe1-spk-AAAB.npy,true,unmapped_no_metadata,Unknown,true,129,"MT, MST",probeB,true,2,false,channel_out_of_range,Unknown,unknown_or_unresolved,false,source_probe_resolved_but_channel_unresolvable,false,false
230831,143,1,ses230831-units-probe1-spk-AAAB.npy,true,unmapped_no_metadata,Unknown,true,135,"MT, MST",probeB,true,2,false,channel_out_of_range,Unknown,unknown_or_unresolved,false,source_probe_resolved_but_channel_unresolvable,false,false
230831,144,1,ses230831-units-probe1-spk-AAAB.npy,true,unmapped_no_metadata,Unknown,true,254,"MT, MST",probeB,true,2,false,channel_out_of_range,Unknown,unknown_or_unresolved,false,source_probe_resolved_but_channel_unresolvable,false,false
230831,145,1,ses230831-units-probe1-spk-AAAB.npy,true,unmapped_no_metadata,Unknown,true,251,"MT, MST",probeB,true,2,false,channel_out_of_range,Unknown,unknown_or_unresolved,false,source_probe_resolved_but_channel_unresolvable,false,false
230831,146,1,ses230831-units-probe1-spk-AAAB.npy,true,unmapped_no_metadata,Unknown,true,247,"MT, MST",probeB,true,2,false,channel_out_of_range,Unknown,unknown_or_unresolved,false,source_probe_resolved_but_channel_unresolvable,false,false
230831,147,1,ses230831-units-probe1-spk-AAAB.npy,true,unmapped_no_metadata,Unknown,true,130,"MT, MST",probeB,true,2,false,channel_out_of_range,Unknown,unknown_or_unresolved,false,source_probe_resolved_but_channel_unresolvable,false,false
230831,148,1,ses230831-units-probe1-spk-AAAB.npy,true,unmapped_no_metadata,Unknown,true,130,"MT, MST",probeB,true,2,false,channel_out_of_range,Unknown,unknown_or_unresolved,false,source_probe_resolved_but_channel_unresolvable,false,false
230831,149,1,ses230831-units-probe1-spk-AAAB.npy,true,unmapped_no_metadata,Unknown,true,130,"MT, MST",probeB,true,2,false,channel_out_of_range,Unknown,unknown_or_unresolved,false,source_probe_resolved_but_channel_unresolvable,false,false
230831,150,1,ses230831-units-probe1-spk-AAAB.npy,true,unmapped_no_metadata,Unknown,true,130,"MT, MST",probeB,true,2,false,channel_out_of_range,Unknown,unknown_or_unresolved,false,source_probe_resolved_but_channel_unresolvable,false,false
230831,151,1,ses230831-units-probe1-spk-AAAB.npy,true,unmapped_no_metadata,Unknown,true,130,"MT, MST",probeB,true,2,false,channel_out_of_range,Unknown,unknown_or_unresolved,false,source_probe_resolved_but_channel_unresolvable,false,false
230831,152,1,ses230831-units-probe1-spk-AAAB.npy,true,unmapped_no_metadata,Unknown,true,130,"MT, MST",probeB,true,2,false,channel_out_of_range,Unknown,unknown_or_unresolved,false,source_probe_resolved_but_channel_unresolvable,false,false
230831,153,1,ses230831-units-probe1-spk-AAAB.npy,true,unmapped_no_metadata,Unknown,true,129,"MT, MST",probeB,true,2,false,channel_out_of_range,Unknown,unknown_or_unresolved,false,source_probe_resolved_but_channel_unresolvable,false,false
230831,154,1,ses230831-units-probe1-spk-AAAB.npy,true,unmapped_no_metadata,Unknown,true,251,"MT, MST",probeB,true,2,false,channel_out_of_range,Unknown,unknown_or_unresolved,false,source_probe_resolved_but_channel_unresolvable,false,false
230831,155,1,ses230831-units-probe1-spk-AAAB.npy,true,unmapped_no_metadata,Unknown,true,253,"MT, MST",probeB,true,2,false,channel_out_of_range,Unknown,unknown_or_unresolved,false,source_probe_resolved_but_channel_unresolvable,false,false
230831,156,1,ses230831-units-probe1-spk-AAAB.npy,true,unmapped_no_metadata,Unknown,true,128,"MT, MST",probeB,true,2,false,channel_out_of_range,Unknown,unknown_or_unresolved,false,source_probe_resolved_but_channel_unresolvable,false,false
230831,157,1,ses230831-units-probe1-spk-AAAB.npy,true,unmapped_no_metadata,Unknown,true,131,"MT, MST",probeB,true,2,false,channel_out_of_range,Unknown,unknown_or_unresolved,false,source_probe_resolved_but_channel_unresolvable,false,false
230831,158,1,ses230831-units-probe1-spk-AAAB.npy,true,unmapped_no_metadata,Unknown,true,132,"MT, MST",probeB,true,2,false,channel_out_of_range,Unknown,unknown_or_unresolved,false,source_probe_resolved_but_channel_unresolvable,false,false
230831,159,1,ses230831-units-probe1-spk-AAAB.npy,true,unmapped_no_metadata,Unknown,true,131,"MT, MST",probeB,true,2,false,channel_out_of_range,Unknown,unknown_or_unresolved,false,source_probe_resolved_but_channel_unresolvable,false,false
230831,160,1,ses230831-units-probe1-spk-AAAB.npy,true,unmapped_no_metadata,Unknown,true,252,"MT, MST",probeB,true,2,false,channel_out_of_range,Unknown,unknown_or_unresolved,false,source_probe_resolved_but_channel_unresolvable,false,false
230831,161,1,ses230831-units-probe1-spk-AAAB.npy,true,unmapped_no_metadata,Unknown,true,252,"MT, MST",probeB,true,2,false,channel_out_of_range,Unknown,unknown_or_unresolved,false,source_probe_resolved_but_channel_unresolvable,false,false
230831,162,1,ses230831-units-probe1-spk-AAAB.npy,true,unmapped_no_metadata,Unknown,true,129,"MT, MST",probeB,true,2,false,channel_out_of_range,Unknown,unknown_or_unresolved,false,source_probe_resolved_but_channel_unresolvable,false,false
230831,163,1,ses230831-units-probe1-spk-AAAB.npy,true,unmapped_no_metadata,Unknown,true,138,"MT, MST",probeB,true,2,false,channel_out_of_range,Unknown,unknown_or_unresolved,false,source_probe_resolved_but_channel_unresolvable,false,false
230831,164,1,ses230831-units-probe1-spk-AAAB.npy,true,unmapped_no_metadata,Unknown,true,254,"MT, MST",probeB,true,2,false,channel_out_of_range,Unknown,unknown_or_unresolved,false,source_probe_resolved_but_channel_unresolvable,false,false
230831,165,1,ses230831-units-probe1-spk-AAAB.npy,true,unmapped_no_metadata,Unknown,true,129,"MT, MST",probeB,true,2,false,channel_out_of_range,Unknown,unknown_or_unresolved,false,source_probe_resolved_but_channel_unresolvable,false,false
230831,166,1,ses230831-units-probe1-spk-AAAB.npy,true,unmapped_no_metadata,Unknown,true,132,"MT, MST",probeB,true,2,false,channel_out_of_range,Unknown,unknown_or_unresolved,false,source_probe_resolved_but_channel_unresolvable,false,false
230831,167,1,ses230831-units-probe1-spk-AAAB.npy,true,unmapped_no_metadata,Unknown,true,132,"MT, MST",probeB,true,2,false,channel_out_of_range,Unknown,unknown_or_unresolved,false,source_probe_resolved_but_channel_unresolvable,false,false
230831,168,1,ses230831-units-probe1-spk-AAAB.npy,true,unmapped_no_metadata,Unknown,true,132,"MT, MST",probeB,true,2,false,channel_out_of_range,Unknown,unknown_or_unresolved,false,source_probe_resolved_but_channel_unresolvable,false,false
230831,169,1,ses230831-units-probe1-spk-AAAB.npy,true,unmapped_no_metadata,Unknown,true,251,"MT, MST",probeB,true,2,false,channel_out_of_range,Unknown,unknown_or_unresolved,false,source_probe_resolved_but_channel_unresolvable,false,false
230831,170,1,ses230831-units-probe1-spk-AAAB.npy,true,unmapped_no_metadata,Unknown,true,132,"MT, MST",probeB,true,2,false,channel_out_of_range,Unknown,unknown_or_unresolved,false,source_probe_resolved_but_channel_unresolvable,false,false
230831,171,1,ses230831-units-probe1-spk-AAAB.npy,true,unmapped_no_metadata,Unknown,true,130,"MT, MST",probeB,true,2,false,channel_out_of_range,Unknown,unknown_or_unresolved,false,source_probe_resolved_but_channel_unresolvable,false,false
230831,172,1,ses230831-units-probe1-spk-AAAB.npy,true,unmapped_no_metadata,Unknown,true,129,"MT, MST",probeB,true,2,false,channel_out_of_range,Unknown,unknown_or_unresolved,false,source_probe_resolved_but_channel_unresolvable,false,false
230831,173,1,ses230831-units-probe1-spk-AAAB.npy,true,unmapped_no_metadata,Unknown,true,133,"MT, MST",probeB,true,2,false,channel_out_of_range,Unknown,unknown_or_unresolved,false,source_probe_resolved_but_channel_unresolvable,false,false
230831,174,1,ses230831-units-probe1-spk-AAAB.npy,true,unmapped_no_metadata,Unknown,true,133,"MT, MST",probeB,true,2,false,channel_out_of_range,Unknown,unknown_or_unresolved,false,source_probe_resolved_but_channel_unresolvable,false,false
230831,175,1,ses230831-units-probe1-spk-AAAB.npy,true,unmapped_no_metadata,Unknown,true,134,"MT, MST",probeB,true,2,false,channel_out_of_range,Unknown,unknown_or_unresolved,false,source_probe_resolved_but_channel_unresolvable,false,false
230831,176,1,ses230831-units-probe1-spk-AAAB.npy,true,unmapped_no_metadata,Unknown,true,135,"MT, MST",probeB,true,2,false,channel_out_of_range,Unknown,unknown_or_unresolved,false,source_probe_resolved_but_channel_unresolvable,false,false
230831,177,1,ses230831-units-probe1-spk-AAAB.npy,true,unmapped_no_metadata,Unknown,true,252,"MT, MST",probeB,true,2,false,channel_out_of_range,Unknown,unknown_or_unresolved,false,source_probe_resolved_but_channel_unresolvable,false,false
230831,178,1,ses230831-units-probe1-spk-AAAB.npy,true,unmapped_no_metadata,Unknown,true,250,"MT, MST",probeB,true,2,false,channel_out_of_range,Unknown,unknown_or_unresolved,false,source_probe_resolved_but_channel_unresolvable,false,false
230831,179,1,ses230831-units-probe1-spk-AAAB.npy,true,unmapped_no_metadata,Unknown,true,136,"MT, MST",probeB,true,2,false,channel_out_of_range,Unknown,unknown_or_unresolved,false,source_probe_resolved_but_channel_unresolvable,false,false
230831,180,1,ses230831-units-probe1-spk-AAAB.npy,true,unmapped_no_metadata,Unknown,true,134,"MT, MST",probeB,true,2,false,channel_out_of_range,Unknown,unknown_or_unresolved,false,source_probe_resolved_but_channel_unresolvable,false,false
230831,181,1,ses230831-units-probe1-spk-AAAB.npy,true,unmapped_no_metadata,Unknown,true,141,"MT, MST",probeB,true,2,false,channel_out_of_range,Unknown,unknown_or_unresolved,false,source_probe_resolved_but_channel_unresolvable,false,false
230831,182,1,ses230831-units-probe1-spk-AAAB.npy,true,unmapped_no_metadata,Unknown,true,129,"MT, MST",probeB,true,2,false,channel_out_of_range,Unknown,unknown_or_unresolved,false,source_probe_resolved_but_channel_unresolvable,false,false
230831,183,1,ses230831-units-probe1-spk-AAAB.npy,true,unmapped_no_metadata,Unknown,true,134,"MT, MST",probeB,true,2,false,channel_out_of_range,Unknown,unknown_or_unresolved,false,source_probe_resolved_but_channel_unresolvable,false,false
230831,184,1,ses230831-units-probe1-spk-AAAB.npy,true,unmapped_no_metadata,Unknown,true,134,"MT, MST",probeB,true,2,false,channel_out_of_range,Unknown,unknown_or_unresolved,false,source_probe_resolved_but_channel_unresolvable,false,false
230831,185,1,ses230831-units-probe1-spk-AAAB.npy,true,unmapped_no_metadata,Unknown,true,134,"MT, MST",probeB,true,2,false,channel_out_of_range,Unknown,unknown_or_unresolved,false,source_probe_resolved_but_channel_unresolvable,false,false
230831,186,1,ses230831-units-probe1-spk-AAAB.npy,true,unmapped_no_metadata,Unknown,true,141,"MT, MST",probeB,true,2,false,channel_out_of_range,Unknown,unknown_or_unresolved,false,source_probe_resolved_but_channel_unresolvable,false,false
230831,187,1,ses230831-units-probe1-spk-AAAB.npy,true,unmapped_no_metadata,Unknown,true,249,"MT, MST",probeB,true,2,false,channel_out_of_range,Unknown,unknown_or_unresolved,false,source_probe_resolved_but_channel_unresolvable,false,false
230831,188,1,ses230831-units-probe1-spk-AAAB.npy,true,unmapped_no_metadata,Unknown,true,135,"MT, MST",probeB,true,2,false,channel_out_of_range,Unknown,unknown_or_unresolved,false,source_probe_resolved_but_channel_unresolvable,false,false
230831,189,1,ses230831-units-probe1-spk-AAAB.npy,true,unmapped_no_metadata,Unknown,true,135,"MT, MST",probeB,true,2,false,channel_out_of_range,Unknown,unknown_or_unresolved,false,source_probe_resolved_but_channel_unresolvable,false,false
230831,190,1,ses230831-units-probe1-spk-AAAB.npy,true,unmapped_no_metadata,Unknown,true,138,"MT, MST",probeB,true,2,false,channel_out_of_range,Unknown,unknown_or_unresolved,false,source_probe_resolved_but_channel_unresolvable,false,false
230831,191,1,ses230831-units-probe1-spk-AAAB.npy,true,unmapped_no_metadata,Unknown,true,135,"MT, MST",probeB,true,2,false,channel_out_of_range,Unknown,unknown_or_unresolved,false,source_probe_resolved_but_channel_unresolvable,false,false
230831,192,1,ses230831-units-probe1-spk-AAAB.npy,true,unmapped_no_metadata,Unknown,true,248,"MT, MST",probeB,true,2,false,channel_out_of_range,Unknown,unknown_or_unresolved,false,source_probe_resolved_but_channel_unresolvable,false,false
230831,193,1,ses230831-units-probe1-spk-AAAB.npy,true,unmapped_no_metadata,Unknown,true,136,"MT, MST",probeB,true,2,false,channel_out_of_range,Unknown,unknown_or_unresolved,false,source_probe_resolved_but_channel_unresolvable,false,false
230831,194,1,ses230831-units-probe1-spk-AAAB.npy,true,unmapped_no_metadata,Unknown,true,130,"MT, MST",probeB,true,2,false,channel_out_of_range,Unknown,unknown_or_unresolved,false,source_probe_resolved_but_channel_unresolvable,false,false
230831,195,1,ses230831-units-probe1-spk-AAAB.npy,true,unmapped_no_metadata,Unknown,true,136,"MT, MST",probeB,true,2,false,channel_out_of_range,Unknown,unknown_or_unresolved,false,source_probe_resolved_but_channel_unresolvable,false,false
230831,196,1,ses230831-units-probe1-spk-AAAB.npy,true,unmapped_no_metadata,Unknown,true,136,"MT, MST",probeB,true,2,false,channel_out_of_range,Unknown,unknown_or_unresolved,false,source_probe_resolved_but_channel_unresolvable,false,false
230831,197,1,ses230831-units-probe1-spk-AAAB.npy,true,unmapped_no_metadata,Unknown,true,136,"MT, MST",probeB,true,2,false,channel_out_of_range,Unknown,unknown_or_unresolved,false,source_probe_resolved_but_channel_unresolvable,false,false
230831,198,1,ses230831-units-probe1-spk-AAAB.npy,true,unmapped_no_metadata,Unknown,true,142,"MT, MST",probeB,true,2,false,channel_out_of_range,Unknown,unknown_or_unresolved,false,source_probe_resolved_but_channel_unresolvable,false,false
230831,199,1,ses230831-units-probe1-spk-AAAB.npy,true,unmapped_no_metadata,Unknown,true,137,"MT, MST",probeB,true,2,false,channel_out_of_range,Unknown,unknown_or_unresolved,false,source_probe_resolved_but_channel_unresolvable,false,false
230831,200,1,ses230831-units-probe1-spk-AAAB.npy,true,unmapped_no_metadata,Unknown,true,137,"MT, MST",probeB,true,2,false,channel_out_of_range,Unknown,unknown_or_unresolved,false,source_probe_resolved_but_channel_unresolvable,false,false
230831,201,1,ses230831-units-probe1-spk-AAAB.npy,true,unmapped_no_metadata,Unknown,true,137,"MT, MST",probeB,true,2,false,channel_out_of_range,Unknown,unknown_or_unresolved,false,source_probe_resolved_but_channel_unresolvable,false,false
230831,202,1,ses230831-units-probe1-spk-AAAB.npy,true,unmapped_no_metadata,Unknown,true,137,"MT, MST",probeB,true,2,false,channel_out_of_range,Unknown,unknown_or_unresolved,false,source_probe_resolved_but_channel_unresolvable,false,false
230831,203,1,ses230831-units-probe1-spk-AAAB.npy,true,unmapped_no_metadata,Unknown,true,246,"MT, MST",probeB,true,2,false,channel_out_of_range,Unknown,unknown_or_unresolved,false,source_probe_resolved_but_channel_unresolvable,false,false
230831,204,1,ses230831-units-probe1-spk-AAAB.npy,true,unmapped_no_metadata,Unknown,true,134,"MT, MST",probeB,true,2,false,channel_out_of_range,Unknown,unknown_or_unresolved,false,source_probe_resolved_but_channel_unresolvable,false,false
230831,205,1,ses230831-units-probe1-spk-AAAB.npy,true,unmapped_no_metadata,Unknown,true,131,"MT, MST",probeB,true,2,false,channel_out_of_range,Unknown,unknown_or_unresolved,false,source_probe_resolved_but_channel_unresolvable,false,false
230831,206,1,ses230831-units-probe1-spk-AAAB.npy,true,unmapped_no_metadata,Unknown,true,138,"MT, MST",probeB,true,2,false,channel_out_of_range,Unknown,unknown_or_unresolved,false,source_probe_resolved_but_channel_unresolvable,false,false
230831,207,1,ses230831-units-probe1-spk-AAAB.npy,true,unmapped_no_metadata,Unknown,true,238,"MT, MST",probeB,true,2,false,channel_out_of_range,Unknown,unknown_or_unresolved,false,source_probe_resolved_but_channel_unresolvable,false,false
230831,208,1,ses230831-units-probe1-spk-AAAB.npy,true,unmapped_no_metadata,Unknown,true,253,"MT, MST",probeB,true,2,false,channel_out_of_range,Unknown,unknown_or_unresolved,false,source_probe_resolved_but_channel_unresolvable,false,false
230831,209,1,ses230831-units-probe1-spk-AAAB.npy,true,unmapped_no_metadata,Unknown,true,141,"MT, MST",probeB,true,2,false,channel_out_of_range,Unknown,unknown_or_unresolved,false,source_probe_resolved_but_channel_unresolvable,false,false
230831,210,1,ses230831-units-probe1-spk-AAAB.npy,true,unmapped_no_metadata,Unknown,true,136,"MT, MST",probeB,true,2,false,channel_out_of_range,Unknown,unknown_or_unresolved,false,source_probe_resolved_but_channel_unresolvable,false,false
230831,211,1,ses230831-units-probe1-spk-AAAB.npy,true,unmapped_no_metadata,Unknown,true,136,"MT, MST",probeB,true,2,false,channel_out_of_range,Unknown,unknown_or_unresolved,false,source_probe_resolved_but_channel_unresolvable,false,false
230831,212,1,ses230831-units-probe1-spk-AAAB.npy,true,unmapped_no_metadata,Unknown,true,139,"MT, MST",probeB,true,2,false,channel_out_of_range,Unknown,unknown_or_unresolved,false,source_probe_resolved_but_channel_unresolvable,false,false
230831,213,1,ses230831-units-probe1-spk-AAAB.npy,true,unmapped_no_metadata,Unknown,true,138,"MT, MST",probeB,true,2,false,channel_out_of_range,Unknown,unknown_or_unresolved,false,source_probe_resolved_but_channel_unresolvable,false,false
230831,214,1,ses230831-units-probe1-spk-AAAB.npy,true,unmapped_no_metadata,Unknown,true,237,"MT, MST",probeB,true,2,false,channel_out_of_range,Unknown,unknown_or_unresolved,false,source_probe_resolved_but_channel_unresolvable,false,false
230831,215,1,ses230831-units-probe1-spk-AAAB.npy,true,unmapped_no_metadata,Unknown,true,140,"MT, MST",probeB,true,2,false,channel_out_of_range,Unknown,unknown_or_unresolved,false,source_probe_resolved_but_channel_unresolvable,false,false
230831,216,1,ses230831-units-probe1-spk-AAAB.npy,true,unmapped_no_metadata,Unknown,true,140,"MT, MST",probeB,true,2,false,channel_out_of_range,Unknown,unknown_or_unresolved,false,source_probe_resolved_but_channel_unresolvable,false,false
230831,217,1,ses230831-units-probe1-spk-AAAB.npy,true,unmapped_no_metadata,Unknown,true,140,"MT, MST",probeB,true,2,false,channel_out_of_range,Unknown,unknown_or_unresolved,false,source_probe_resolved_but_channel_unresolvable,false,false
230831,218,1,ses230831-units-probe1-spk-AAAB.npy,true,unmapped_no_metadata,Unknown,true,135,"MT, MST",probeB,true,2,false,channel_out_of_range,Unknown,unknown_or_unresolved,false,source_probe_resolved_but_channel_unresolvable,false,false
230831,219,1,ses230831-units-probe1-spk-AAAB.npy,true,unmapped_no_metadata,Unknown,true,250,"MT, MST",probeB,true,2,false,channel_out_of_range,Unknown,unknown_or_unresolved,false,source_probe_resolved_but_channel_unresolvable,false,false
230831,220,1,ses230831-units-probe1-spk-AAAB.npy,true,unmapped_no_metadata,Unknown,true,244,"MT, MST",probeB,true,2,false,channel_out_of_range,Unknown,unknown_or_unresolved,false,source_probe_resolved_but_channel_unresolvable,false,false
230831,221,1,ses230831-units-probe1-spk-AAAB.npy,true,unmapped_no_metadata,Unknown,true,236,"MT, MST",probeB,true,2,false,channel_out_of_range,Unknown,unknown_or_unresolved,false,source_probe_resolved_but_channel_unresolvable,false,false
230831,222,1,ses230831-units-probe1-spk-AAAB.npy,true,unmapped_no_metadata,Unknown,true,242,"MT, MST",probeB,true,2,false,channel_out_of_range,Unknown,unknown_or_unresolved,false,source_probe_resolved_but_channel_unresolvable,false,false
230831,223,1,ses230831-units-probe1-spk-AAAB.npy,true,unmapped_no_metadata,Unknown,true,134,"MT, MST",probeB,true,2,false,channel_out_of_range,Unknown,unknown_or_unresolved,false,source_probe_resolved_but_channel_unresolvable,false,false
230831,224,1,ses230831-units-probe1-spk-AAAB.npy,true,unmapped_no_metadata,Unknown,true,139,"MT, MST",probeB,true,2,false,channel_out_of_range,Unknown,unknown_or_unresolved,false,source_probe_resolved_but_channel_unresolvable,false,false
230831,225,1,ses230831-units-probe1-spk-AAAB.npy,true,unmapped_no_metadata,Unknown,true,142,"MT, MST",probeB,true,2,false,channel_out_of_range,Unknown,unknown_or_unresolved,false,source_probe_resolved_but_channel_unresolvable,false,false
230831,226,1,ses230831-units-probe1-spk-AAAB.npy,true,unmapped_no_metadata,Unknown,true,142,"MT, MST",probeB,true,2,false,channel_out_of_range,Unknown,unknown_or_unresolved,false,source_probe_resolved_but_channel_unresolvable,false,false
230831,227,1,ses230831-units-probe1-spk-AAAB.npy,true,unmapped_no_metadata,Unknown,true,150,"MT, MST",probeB,true,2,false,channel_out_of_range,Unknown,unknown_or_unresolved,false,source_probe_resolved_but_channel_unresolvable,false,false
230831,228,1,ses230831-units-probe1-spk-AAAB.npy,true,unmapped_no_metadata,Unknown,true,240,"MT, MST",probeB,true,2,false,channel_out_of_range,Unknown,unknown_or_unresolved,false,source_probe_resolved_but_channel_unresolvable,false,false
230831,229,1,ses230831-units-probe1-spk-AAAB.npy,true,unmapped_no_metadata,Unknown,true,150,"MT, MST",probeB,true,2,false,channel_out_of_range,Unknown,unknown_or_unresolved,false,source_probe_resolved_but_channel_unresolvable,false,false
230831,230,1,ses230831-units-probe1-spk-AAAB.npy,true,unmapped_no_metadata,Unknown,true,144,"MT, MST",probeB,true,2,false,channel_out_of_range,Unknown,unknown_or_unresolved,false,source_probe_resolved_but_channel_unresolvable,false,false
230831,231,1,ses230831-units-probe1-spk-AAAB.npy,true,unmapped_no_metadata,Unknown,true,144,"MT, MST",probeB,true,2,false,channel_out_of_range,Unknown,unknown_or_unresolved,false,source_probe_resolved_but_channel_unresolvable,false,false
230831,232,1,ses230831-units-probe1-spk-AAAB.npy,true,unmapped_no_metadata,Unknown,true,239,"MT, MST",probeB,true,2,false,channel_out_of_range,Unknown,unknown_or_unresolved,false,source_probe_resolved_but_channel_unresolvable,false,false
230831,233,1,ses230831-units-probe1-spk-AAAB.npy,true,unmapped_no_metadata,Unknown,true,141,"MT, MST",probeB,true,2,false,channel_out_of_range,Unknown,unknown_or_unresolved,false,source_probe_resolved_but_channel_unresolvable,false,false
230831,234,1,ses230831-units-probe1-spk-AAAB.npy,true,unmapped_no_metadata,Unknown,true,239,"MT, MST",probeB,true,2,false,channel_out_of_range,Unknown,unknown_or_unresolved,false,source_probe_resolved_but_channel_unresolvable,false,false
230831,235,1,ses230831-units-probe1-spk-AAAB.npy,true,unmapped_no_metadata,Unknown,true,150,"MT, MST",probeB,true,2,false,channel_out_of_range,Unknown,unknown_or_unresolved,false,source_probe_resolved_but_channel_unresolvable,false,false
230831,236,1,ses230831-units-probe1-spk-AAAB.npy,true,unmapped_no_metadata,Unknown,true,150,"MT, MST",probeB,true,2,false,channel_out_of_range,Unknown,unknown_or_unresolved,false,source_probe_resolved_but_channel_unresolvable,false,false
230831,237,1,ses230831-units-probe1-spk-AAAB.npy,true,unmapped_no_metadata,Unknown,true,238,"MT, MST",probeB,true,2,false,channel_out_of_range,Unknown,unknown_or_unresolved,false,source_probe_resolved_but_channel_unresolvable,false,false
230831,238,1,ses230831-units-probe1-spk-AAAB.npy,true,unmapped_no_metadata,Unknown,true,141,"MT, MST",probeB,true,2,false,channel_out_of_range,Unknown,unknown_or_unresolved,false,source_probe_resolved_but_channel_unresolvable,false,false
230831,239,1,ses230831-units-probe1-spk-AAAB.npy,true,unmapped_no_metadata,Unknown,true,237,"MT, MST",probeB,true,2,false,channel_out_of_range,Unknown,unknown_or_unresolved,false,source_probe_resolved_but_channel_unresolvable,false,false
230831,240,1,ses230831-units-probe1-spk-AAAB.npy,true,unmapped_no_metadata,Unknown,true,142,"MT, MST",probeB,true,2,false,channel_out_of_range,Unknown,unknown_or_unresolved,false,source_probe_resolved_but_channel_unresolvable,false,false
230831,241,1,ses230831-units-probe1-spk-AAAB.npy,true,unmapped_no_metadata,Unknown,true,150,"MT, MST",probeB,true,2,false,channel_out_of_range,Unknown,unknown_or_unresolved,false,source_probe_resolved_but_channel_unresolvable,false,false
230831,242,1,ses230831-units-probe1-spk-AAAB.npy,true,unmapped_no_metadata,Unknown,true,236,"MT, MST",probeB,true,2,false,channel_out_of_range,Unknown,unknown_or_unresolved,false,source_probe_resolved_but_channel_unresolvable,false,false
230831,243,1,ses230831-units-probe1-spk-AAAB.npy,true,unmapped_no_metadata,Unknown,true,150,"MT, MST",probeB,true,2,false,channel_out_of_range,Unknown,unknown_or_unresolved,false,source_probe_resolved_but_channel_unresolvable,false,false
230831,244,1,ses230831-units-probe1-spk-AAAB.npy,true,unmapped_no_metadata,Unknown,true,141,"MT, MST",probeB,true,2,false,channel_out_of_range,Unknown,unknown_or_unresolved,false,source_probe_resolved_but_channel_unresolvable,false,false
230831,245,1,ses230831-units-probe1-spk-AAAB.npy,true,unmapped_no_metadata,Unknown,true,235,"MT, MST",probeB,true,2,false,channel_out_of_range,Unknown,unknown_or_unresolved,false,source_probe_resolved_but_channel_unresolvable,false,false
230831,246,1,ses230831-units-probe1-spk-AAAB.npy,true,unmapped_no_metadata,Unknown,true,150,"MT, MST",probeB,true,2,false,channel_out_of_range,Unknown,unknown_or_unresolved,false,source_probe_resolved_but_channel_unresolvable,false,false
230901,0,0,ses230901-units-probe0-spk-AAAB.npy,true,unmapped_no_metadata,Unknown,true,126,PFC,probeA,true,1,true,heuristic_equal_segment,PFC,higher_order_frontal,false,recovered_heuristic_equal_segment,true,false
230901,1,0,ses230901-units-probe0-spk-AAAB.npy,true,unmapped_no_metadata,Unknown,true,125,PFC,probeA,true,1,true,heuristic_equal_segment,PFC,higher_order_frontal,false,recovered_heuristic_equal_segment,true,false
230901,2,0,ses230901-units-probe0-spk-AAAB.npy,true,unmapped_no_metadata,Unknown,true,125,PFC,probeA,true,1,true,heuristic_equal_segment,PFC,higher_order_frontal,false,recovered_heuristic_equal_segment,true,false
230901,3,0,ses230901-units-probe0-spk-AAAB.npy,true,unmapped_no_metadata,Unknown,true,124,PFC,probeA,true,1,true,heuristic_equal_segment,PFC,higher_order_frontal,false,recovered_heuristic_equal_segment,true,false
230901,4,0,ses230901-units-probe0-spk-AAAB.npy,true,unmapped_no_metadata,Unknown,true,4,PFC,probeA,true,1,true,heuristic_equal_segment,PFC,higher_order_frontal,false,recovered_heuristic_equal_segment,true,false
230901,5,0,ses230901-units-probe0-spk-AAAB.npy,true,unmapped_no_metadata,Unknown,true,4,PFC,probeA,true,1,true,heuristic_equal_segment,PFC,higher_order_frontal,false,recovered_heuristic_equal_segment,true,false
230901,6,0,ses230901-units-probe0-spk-AAAB.npy,true,unmapped_no_metadata,Unknown,true,5,PFC,probeA,true,1,true,heuristic_equal_segment,PFC,higher_order_frontal,false,recovered_heuristic_equal_segment,true,false
230901,7,0,ses230901-units-probe0-spk-AAAB.npy,true,unmapped_no_metadata,Unknown,true,7,PFC,probeA,true,1,true,heuristic_equal_segment,PFC,higher_order_frontal,false,recovered_heuristic_equal_segment,true,false
230901,8,0,ses230901-units-probe0-spk-AAAB.npy,true,unmapped_no_metadata,Unknown,true,8,PFC,probeA,true,1,true,heuristic_equal_segment,PFC,higher_order_frontal,false,recovered_heuristic_equal_segment,true,false
230901,9,0,ses230901-units-probe0-spk-AAAB.npy,true,unmapped_no_metadata,Unknown,true,9,PFC,probeA,true,1,true,heuristic_equal_segment,PFC,higher_order_frontal,false,recovered_heuristic_equal_segment,true,false
230901,10,0,ses230901-units-probe0-spk-AAAB.npy,true,unmapped_no_metadata,Unknown,true,11,PFC,probeA,true,1,true,heuristic_equal_segment,PFC,higher_order_frontal,false,recovered_heuristic_equal_segment,true,false
230901,11,0,ses230901-units-probe0-spk-AAAB.npy,true,unmapped_no_metadata,Unknown,true,12,PFC,probeA,true,1,true,heuristic_equal_segment,PFC,higher_order_frontal,false,recovered_heuristic_equal_segment,true,false
230901,12,0,ses230901-units-probe0-spk-AAAB.npy,true,unmapped_no_metadata,Unknown,true,108,PFC,probeA,true,1,true,heuristic_equal_segment,PFC,higher_order_frontal,false,recovered_heuristic_equal_segment,true,false
230901,13,0,ses230901-units-probe0-spk-AAAB.npy,true,unmapped_no_metadata,Unknown,true,25,PFC,probeA,true,1,true,heuristic_equal_segment,PFC,higher_order_frontal,false,recovered_heuristic_equal_segment,true,false
230901,14,0,ses230901-units-probe0-spk-AAAB.npy,true,unmapped_no_metadata,Unknown,true,25,PFC,probeA,true,1,true,heuristic_equal_segment,PFC,higher_order_frontal,false,recovered_heuristic_equal_segment,true,false
230901,15,0,ses230901-units-probe0-spk-AAAB.npy,true,unmapped_no_metadata,Unknown,true,25,PFC,probeA,true,1,true,heuristic_equal_segment,PFC,higher_order_frontal,false,recovered_heuristic_equal_segment,true,false
230901,16,0,ses230901-units-probe0-spk-AAAB.npy,true,unmapped_no_metadata,Unknown,true,25,PFC,probeA,true,1,true,heuristic_equal_segment,PFC,higher_order_frontal,false,recovered_heuristic_equal_segment,true,false
230901,17,0,ses230901-units-probe0-spk-AAAB.npy,true,unmapped_no_metadata,Unknown,true,25,PFC,probeA,true,1,true,heuristic_equal_segment,PFC,higher_order_frontal,false,recovered_heuristic_equal_segment,true,false
230901,18,0,ses230901-units-probe0-spk-AAAB.npy,true,unmapped_no_metadata,Unknown,true,25,PFC,probeA,true,1,true,heuristic_equal_segment,PFC,higher_order_frontal,false,recovered_heuristic_equal_segment,true,false
230901,19,0,ses230901-units-probe0-spk-AAAB.npy,true,unmapped_no_metadata,Unknown,true,25,PFC,probeA,true,1,true,heuristic_equal_segment,PFC,higher_order_frontal,false,recovered_heuristic_equal_segment,true,false
230901,20,0,ses230901-units-probe0-spk-AAAB.npy,true,unmapped_no_metadata,Unknown,true,25,PFC,probeA,true,1,true,heuristic_equal_segment,PFC,higher_order_frontal,false,recovered_heuristic_equal_segment,true,false
230901,21,0,ses230901-units-probe0-spk-AAAB.npy,true,unmapped_no_metadata,Unknown,true,25,PFC,probeA,true,1,true,heuristic_equal_segment,PFC,higher_order_frontal,false,recovered_heuristic_equal_segment,true,false
230901,22,0,ses230901-units-probe0-spk-AAAB.npy,true,unmapped_no_metadata,Unknown,true,28,PFC,probeA,true,1,true,heuristic_equal_segment,PFC,higher_order_frontal,false,recovered_heuristic_equal_segment,true,false
230901,23,0,ses230901-units-probe0-spk-AAAB.npy,true,unmapped_no_metadata,Unknown,true,25,PFC,probeA,true,1,true,heuristic_equal_segment,PFC,higher_order_frontal,false,recovered_heuristic_equal_segment,true,false
230901,24,0,ses230901-units-probe0-spk-AAAB.npy,true,unmapped_no_metadata,Unknown,true,25,PFC,probeA,true,1,true,heuristic_equal_segment,PFC,higher_order_frontal,false,recovered_heuristic_equal_segment,true,false
230901,25,0,ses230901-units-probe0-spk-AAAB.npy,true,unmapped_no_metadata,Unknown,true,25,PFC,probeA,true,1,true,heuristic_equal_segment,PFC,higher_order_frontal,false,recovered_heuristic_equal_segment,true,false
230901,26,0,ses230901-units-probe0-spk-AAAB.npy,true,unmapped_no_metadata,Unknown,true,25,PFC,probeA,true,1,true,heuristic_equal_segment,PFC,higher_order_frontal,false,recovered_heuristic_equal_segment,true,false
230901,27,0,ses230901-units-probe0-spk-AAAB.npy,true,unmapped_no_metadata,Unknown,true,25,PFC,probeA,true,1,true,heuristic_equal_segment,PFC,higher_order_frontal,false,recovered_heuristic_equal_segment,true,false
230901,28,0,ses230901-units-probe0-spk-AAAB.npy,true,unmapped_no_metadata,Unknown,true,28,PFC,probeA,true,1,true,heuristic_equal_segment,PFC,higher_order_frontal,false,recovered_heuristic_equal_segment,true,false
230901,29,0,ses230901-units-probe0-spk-AAAB.npy,true,unmapped_no_metadata,Unknown,true,26,PFC,probeA,true,1,true,heuristic_equal_segment,PFC,higher_order_frontal,false,recovered_heuristic_equal_segment,true,false
230901,30,0,ses230901-units-probe0-spk-AAAB.npy,true,unmapped_no_metadata,Unknown,true,26,PFC,probeA,true,1,true,heuristic_equal_segment,PFC,higher_order_frontal,false,recovered_heuristic_equal_segment,true,false
230901,31,0,ses230901-units-probe0-spk-AAAB.npy,true,unmapped_no_metadata,Unknown,true,26,PFC,probeA,true,1,true,heuristic_equal_segment,PFC,higher_order_frontal,false,recovered_heuristic_equal_segment,true,false
230901,32,0,ses230901-units-probe0-spk-AAAB.npy,true,unmapped_no_metadata,Unknown,true,26,PFC,probeA,true,1,true,heuristic_equal_segment,PFC,higher_order_frontal,false,recovered_heuristic_equal_segment,true,false
230901,33,0,ses230901-units-probe0-spk-AAAB.npy,true,unmapped_no_metadata,Unknown,true,26,PFC,probeA,true,1,true,heuristic_equal_segment,PFC,higher_order_frontal,false,recovered_heuristic_equal_segment,true,false
230901,34,0,ses230901-units-probe0-spk-AAAB.npy,true,unmapped_no_metadata,Unknown,true,26,PFC,probeA,true,1,true,heuristic_equal_segment,PFC,higher_order_frontal,false,recovered_heuristic_equal_segment,true,false
230901,35,0,ses230901-units-probe0-spk-AAAB.npy,true,unmapped_no_metadata,Unknown,true,26,PFC,probeA,true,1,true,heuristic_equal_segment,PFC,higher_order_frontal,false,recovered_heuristic_equal_segment,true,false
230901,36,0,ses230901-units-probe0-spk-AAAB.npy,true,unmapped_no_metadata,Unknown,true,26,PFC,probeA,true,1,true,heuristic_equal_segment,PFC,higher_order_frontal,false,recovered_heuristic_equal_segment,true,false
230901,37,0,ses230901-units-probe0-spk-AAAB.npy,true,unmapped_no_metadata,Unknown,true,26,PFC,probeA,true,1,true,heuristic_equal_segment,PFC,higher_order_frontal,false,recovered_heuristic_equal_segment,true,false
230901,38,0,ses230901-units-probe0-spk-AAAB.npy,true,unmapped_no_metadata,Unknown,true,26,PFC,probeA,true,1,true,heuristic_equal_segment,PFC,higher_order_frontal,false,recovered_heuristic_equal_segment,true,false
230901,39,0,ses230901-units-probe0-spk-AAAB.npy,true,unmapped_no_metadata,Unknown,true,26,PFC,probeA,true,1,true,heuristic_equal_segment,PFC,higher_order_frontal,false,recovered_heuristic_equal_segment,true,false
230901,40,0,ses230901-units-probe0-spk-AAAB.npy,true,unmapped_no_metadata,Unknown,true,26,PFC,probeA,true,1,true,heuristic_equal_segment,PFC,higher_order_frontal,false,recovered_heuristic_equal_segment,true,false
230901,41,0,ses230901-units-probe0-spk-AAAB.npy,true,unmapped_no_metadata,Unknown,true,26,PFC,probeA,true,1,true,heuristic_equal_segment,PFC,higher_order_frontal,false,recovered_heuristic_equal_segment,true,false
230901,42,0,ses230901-units-probe0-spk-AAAB.npy,true,unmapped_no_metadata,Unknown,true,33,PFC,probeA,true,1,true,heuristic_equal_segment,PFC,higher_order_frontal,false,recovered_heuristic_equal_segment,true,false
230901,43,0,ses230901-units-probe0-spk-AAAB.npy,true,unmapped_no_metadata,Unknown,true,27,PFC,probeA,true,1,true,heuristic_equal_segment,PFC,higher_order_frontal,false,recovered_heuristic_equal_segment,true,false
230901,44,0,ses230901-units-probe0-spk-AAAB.npy,true,unmapped_no_metadata,Unknown,true,27,PFC,probeA,true,1,true,heuristic_equal_segment,PFC,higher_order_frontal,false,recovered_heuristic_equal_segment,true,false
230901,45,0,ses230901-units-probe0-spk-AAAB.npy,true,unmapped_no_metadata,Unknown,true,33,PFC,probeA,true,1,true,heuristic_equal_segment,PFC,higher_order_frontal,false,recovered_heuristic_equal_segment,true,false
230901,46,0,ses230901-units-probe0-spk-AAAB.npy,true,unmapped_no_metadata,Unknown,true,32,PFC,probeA,true,1,true,heuristic_equal_segment,PFC,higher_order_frontal,false,recovered_heuristic_equal_segment,true,false
230901,47,0,ses230901-units-probe0-spk-AAAB.npy,true,unmapped_no_metadata,Unknown,true,32,PFC,probeA,true,1,true,heuristic_equal_segment,PFC,higher_order_frontal,false,recovered_heuristic_equal_segment,true,false
230901,48,0,ses230901-units-probe0-spk-AAAB.npy,true,unmapped_no_metadata,Unknown,true,27,PFC,probeA,true,1,true,heuristic_equal_segment,PFC,higher_order_frontal,false,recovered_heuristic_equal_segment,true,false
230901,49,0,ses230901-units-probe0-spk-AAAB.npy,true,unmapped_no_metadata,Unknown,true,27,PFC,probeA,true,1,true,heuristic_equal_segment,PFC,higher_order_frontal,false,recovered_heuristic_equal_segment,true,false
230901,50,0,ses230901-units-probe0-spk-AAAB.npy,true,unmapped_no_metadata,Unknown,true,27,PFC,probeA,true,1,true,heuristic_equal_segment,PFC,higher_order_frontal,false,recovered_heuristic_equal_segment,true,false
230901,51,0,ses230901-units-probe0-spk-AAAB.npy,true,unmapped_no_metadata,Unknown,true,27,PFC,probeA,true,1,true,heuristic_equal_segment,PFC,higher_order_frontal,false,recovered_heuristic_equal_segment,true,false
230901,52,0,ses230901-units-probe0-spk-AAAB.npy,true,unmapped_no_metadata,Unknown,true,27,PFC,probeA,true,1,true,heuristic_equal_segment,PFC,higher_order_frontal,false,recovered_heuristic_equal_segment,true,false
230901,53,0,ses230901-units-probe0-spk-AAAB.npy,true,unmapped_no_metadata,Unknown,true,27,PFC,probeA,true,1,true,heuristic_equal_segment,PFC,higher_order_frontal,false,recovered_heuristic_equal_segment,true,false
230901,54,0,ses230901-units-probe0-spk-AAAB.npy,true,unmapped_no_metadata,Unknown,true,27,PFC,probeA,true,1,true,heuristic_equal_segment,PFC,higher_order_frontal,false,recovered_heuristic_equal_segment,true,false
230901,55,0,ses230901-units-probe0-spk-AAAB.npy,true,unmapped_no_metadata,Unknown,true,28,PFC,probeA,true,1,true,heuristic_equal_segment,PFC,higher_order_frontal,false,recovered_heuristic_equal_segment,true,false
230901,56,0,ses230901-units-probe0-spk-AAAB.npy,true,unmapped_no_metadata,Unknown,true,27,PFC,probeA,true,1,true,heuristic_equal_segment,PFC,higher_order_frontal,false,recovered_heuristic_equal_segment,true,false
230901,57,0,ses230901-units-probe0-spk-AAAB.npy,true,unmapped_no_metadata,Unknown,true,28,PFC,probeA,true,1,true,heuristic_equal_segment,PFC,higher_order_frontal,false,recovered_heuristic_equal_segment,true,false
230901,58,0,ses230901-units-probe0-spk-AAAB.npy,true,unmapped_no_metadata,Unknown,true,28,PFC,probeA,true,1,true,heuristic_equal_segment,PFC,higher_order_frontal,false,recovered_heuristic_equal_segment,true,false
230901,59,0,ses230901-units-probe0-spk-AAAB.npy,true,unmapped_no_metadata,Unknown,true,28,PFC,probeA,true,1,true,heuristic_equal_segment,PFC,higher_order_frontal,false,recovered_heuristic_equal_segment,true,false
230901,60,0,ses230901-units-probe0-spk-AAAB.npy,true,unmapped_no_metadata,Unknown,true,28,PFC,probeA,true,1,true,heuristic_equal_segment,PFC,higher_order_frontal,false,recovered_heuristic_equal_segment,true,false
230901,61,0,ses230901-units-probe0-spk-AAAB.npy,true,unmapped_no_metadata,Unknown,true,28,PFC,probeA,true,1,true,heuristic_equal_segment,PFC,higher_order_frontal,false,recovered_heuristic_equal_segment,true,false
230901,62,0,ses230901-units-probe0-spk-AAAB.npy,true,unmapped_no_metadata,Unknown,true,28,PFC,probeA,true,1,true,heuristic_equal_segment,PFC,higher_order_frontal,false,recovered_heuristic_equal_segment,true,false
230901,63,0,ses230901-units-probe0-spk-AAAB.npy,true,unmapped_no_metadata,Unknown,true,28,PFC,probeA,true,1,true,heuristic_equal_segment,PFC,higher_order_frontal,false,recovered_heuristic_equal_segment,true,false
230901,64,0,ses230901-units-probe0-spk-AAAB.npy,true,unmapped_no_metadata,Unknown,true,34,PFC,probeA,true,1,true,heuristic_equal_segment,PFC,higher_order_frontal,false,recovered_heuristic_equal_segment,true,false
230901,65,0,ses230901-units-probe0-spk-AAAB.npy,true,unmapped_no_metadata,Unknown,true,28,PFC,probeA,true,1,true,heuristic_equal_segment,PFC,higher_order_frontal,false,recovered_heuristic_equal_segment,true,false
230901,66,0,ses230901-units-probe0-spk-AAAB.npy,true,unmapped_no_metadata,Unknown,true,28,PFC,probeA,true,1,true,heuristic_equal_segment,PFC,higher_order_frontal,false,recovered_heuristic_equal_segment,true,false
230901,67,0,ses230901-units-probe0-spk-AAAB.npy,true,unmapped_no_metadata,Unknown,true,28,PFC,probeA,true,1,true,heuristic_equal_segment,PFC,higher_order_frontal,false,recovered_heuristic_equal_segment,true,false
230901,68,0,ses230901-units-probe0-spk-AAAB.npy,true,unmapped_no_metadata,Unknown,true,28,PFC,probeA,true,1,true,heuristic_equal_segment,PFC,higher_order_frontal,false,recovered_heuristic_equal_segment,true,false
230901,69,0,ses230901-units-probe0-spk-AAAB.npy,true,unmapped_no_metadata,Unknown,true,28,PFC,probeA,true,1,true,heuristic_equal_segment,PFC,higher_order_frontal,false,recovered_heuristic_equal_segment,true,false
230901,70,0,ses230901-units-probe0-spk-AAAB.npy,true,unmapped_no_metadata,Unknown,true,29,PFC,probeA,true,1,true,heuristic_equal_segment,PFC,higher_order_frontal,false,recovered_heuristic_equal_segment,true,false
230901,71,0,ses230901-units-probe0-spk-AAAB.npy,true,unmapped_no_metadata,Unknown,true,29,PFC,probeA,true,1,true,heuristic_equal_segment,PFC,higher_order_frontal,false,recovered_heuristic_equal_segment,true,false
230901,72,0,ses230901-units-probe0-spk-AAAB.npy,true,unmapped_no_metadata,Unknown,true,29,PFC,probeA,true,1,true,heuristic_equal_segment,PFC,higher_order_frontal,false,recovered_heuristic_equal_segment,true,false
230901,73,0,ses230901-units-probe0-spk-AAAB.npy,true,unmapped_no_metadata,Unknown,true,35,PFC,probeA,true,1,true,heuristic_equal_segment,PFC,higher_order_frontal,false,recovered_heuristic_equal_segment,true,false
230901,74,0,ses230901-units-probe0-spk-AAAB.npy,true,unmapped_no_metadata,Unknown,true,29,PFC,probeA,true,1,true,heuristic_equal_segment,PFC,higher_order_frontal,false,recovered_heuristic_equal_segment,true,false
230901,75,0,ses230901-units-probe0-spk-AAAB.npy,true,unmapped_no_metadata,Unknown,true,29,PFC,probeA,true,1,true,heuristic_equal_segment,PFC,higher_order_frontal,false,recovered_heuristic_equal_segment,true,false
230901,76,0,ses230901-units-probe0-spk-AAAB.npy,true,unmapped_no_metadata,Unknown,true,29,PFC,probeA,true,1,true,heuristic_equal_segment,PFC,higher_order_frontal,false,recovered_heuristic_equal_segment,true,false
230901,77,0,ses230901-units-probe0-spk-AAAB.npy,true,unmapped_no_metadata,Unknown,true,25,PFC,probeA,true,1,true,heuristic_equal_segment,PFC,higher_order_frontal,false,recovered_heuristic_equal_segment,true,false
230901,78,0,ses230901-units-probe0-spk-AAAB.npy,true,unmapped_no_metadata,Unknown,true,29,PFC,probeA,true,1,true,heuristic_equal_segment,PFC,higher_order_frontal,false,recovered_heuristic_equal_segment,true,false
230901,79,0,ses230901-units-probe0-spk-AAAB.npy,true,unmapped_no_metadata,Unknown,true,29,PFC,probeA,true,1,true,heuristic_equal_segment,PFC,higher_order_frontal,false,recovered_heuristic_equal_segment,true,false
230901,80,0,ses230901-units-probe0-spk-AAAB.npy,true,unmapped_no_metadata,Unknown,true,29,PFC,probeA,true,1,true,heuristic_equal_segment,PFC,higher_order_frontal,false,recovered_heuristic_equal_segment,true,false
230901,81,0,ses230901-units-probe0-spk-AAAB.npy,true,unmapped_no_metadata,Unknown,true,26,PFC,probeA,true,1,true,heuristic_equal_segment,PFC,higher_order_frontal,false,recovered_heuristic_equal_segment,true,false
230901,82,0,ses230901-units-probe0-spk-AAAB.npy,true,unmapped_no_metadata,Unknown,true,29,PFC,probeA,true,1,true,heuristic_equal_segment,PFC,higher_order_frontal,false,recovered_heuristic_equal_segment,true,false
230901,83,0,ses230901-units-probe0-spk-AAAB.npy,true,unmapped_no_metadata,Unknown,true,31,PFC,probeA,true,1,true,heuristic_equal_segment,PFC,higher_order_frontal,false,recovered_heuristic_equal_segment,true,false
230901,84,0,ses230901-units-probe0-spk-AAAB.npy,true,unmapped_no_metadata,Unknown,true,30,PFC,probeA,true,1,true,heuristic_equal_segment,PFC,higher_order_frontal,false,recovered_heuristic_equal_segment,true,false
230901,85,0,ses230901-units-probe0-spk-AAAB.npy,true,unmapped_no_metadata,Unknown,true,30,PFC,probeA,true,1,true,heuristic_equal_segment,PFC,higher_order_frontal,false,recovered_heuristic_equal_segment,true,false
230901,86,0,ses230901-units-probe0-spk-AAAB.npy,true,unmapped_no_metadata,Unknown,true,27,PFC,probeA,true,1,true,heuristic_equal_segment,PFC,higher_order_frontal,false,recovered_heuristic_equal_segment,true,false
230901,87,0,ses230901-units-probe0-spk-AAAB.npy,true,unmapped_no_metadata,Unknown,true,30,PFC,probeA,true,1,true,heuristic_equal_segment,PFC,higher_order_frontal,false,recovered_heuristic_equal_segment,true,false
230901,88,0,ses230901-units-probe0-spk-AAAB.npy,true,unmapped_no_metadata,Unknown,true,30,PFC,probeA,true,1,true,heuristic_equal_segment,PFC,higher_order_frontal,false,recovered_heuristic_equal_segment,true,false
230901,89,0,ses230901-units-probe0-spk-AAAB.npy,true,unmapped_no_metadata,Unknown,true,33,PFC,probeA,true,1,true,heuristic_equal_segment,PFC,higher_order_frontal,false,recovered_heuristic_equal_segment,true,false
230901,90,0,ses230901-units-probe0-spk-AAAB.npy,true,unmapped_no_metadata,Unknown,true,33,PFC,probeA,true,1,true,heuristic_equal_segment,PFC,higher_order_frontal,false,recovered_heuristic_equal_segment,true,false
230901,91,0,ses230901-units-probe0-spk-AAAB.npy,true,unmapped_no_metadata,Unknown,true,31,PFC,probeA,true,1,true,heuristic_equal_segment,PFC,higher_order_frontal,false,recovered_heuristic_equal_segment,true,false
230901,92,0,ses230901-units-probe0-spk-AAAB.npy,true,unmapped_no_metadata,Unknown,true,37,PFC,probeA,true,1,true,heuristic_equal_segment,PFC,higher_order_frontal,false,recovered_heuristic_equal_segment,true,false
230901,93,0,ses230901-units-probe0-spk-AAAB.npy,true,unmapped_no_metadata,Unknown,true,27,PFC,probeA,true,1,true,heuristic_equal_segment,PFC,higher_order_frontal,false,recovered_heuristic_equal_segment,true,false
230901,94,0,ses230901-units-probe0-spk-AAAB.npy,true,unmapped_no_metadata,Unknown,true,31,PFC,probeA,true,1,true,heuristic_equal_segment,PFC,higher_order_frontal,false,recovered_heuristic_equal_segment,true,false
230901,95,0,ses230901-units-probe0-spk-AAAB.npy,true,unmapped_no_metadata,Unknown,true,31,PFC,probeA,true,1,true,heuristic_equal_segment,PFC,higher_order_frontal,false,recovered_heuristic_equal_segment,true,false
230901,96,0,ses230901-units-probe0-spk-AAAB.npy,true,unmapped_no_metadata,Unknown,true,31,PFC,probeA,true,1,true,heuristic_equal_segment,PFC,higher_order_frontal,false,recovered_heuristic_equal_segment,true,false
230901,97,0,ses230901-units-probe0-spk-AAAB.npy,true,unmapped_no_metadata,Unknown,true,31,PFC,probeA,true,1,true,heuristic_equal_segment,PFC,higher_order_frontal,false,recovered_heuristic_equal_segment,true,false
230901,98,0,ses230901-units-probe0-spk-AAAB.npy,true,unmapped_no_metadata,Unknown,true,31,PFC,probeA,true,1,true,heuristic_equal_segment,PFC,higher_order_frontal,false,recovered_heuristic_equal_segment,true,false
230901,99,0,ses230901-units-probe0-spk-AAAB.npy,true,unmapped_no_metadata,Unknown,true,31,PFC,probeA,true,1,true,heuristic_equal_segment,PFC,higher_order_frontal,false,recovered_heuristic_equal_segment,true,false
230901,100,0,ses230901-units-probe0-spk-AAAB.npy,true,unmapped_no_metadata,Unknown,true,38,PFC,probeA,true,1,true,heuristic_equal_segment,PFC,higher_order_frontal,false,recovered_heuristic_equal_segment,true,false
230901,101,0,ses230901-units-probe0-spk-AAAB.npy,true,unmapped_no_metadata,Unknown,true,31,PFC,probeA,true,1,true,heuristic_equal_segment,PFC,higher_order_frontal,false,recovered_heuristic_equal_segment,true,false
230901,102,0,ses230901-units-probe0-spk-AAAB.npy,true,unmapped_no_metadata,Unknown,true,32,PFC,probeA,true,1,true,heuristic_equal_segment,PFC,higher_order_frontal,false,recovered_heuristic_equal_segment,true,false
230901,103,0,ses230901-units-probe0-spk-AAAB.npy,true,unmapped_no_metadata,Unknown,true,96,PFC,probeA,true,1,true,heuristic_equal_segment,PFC,higher_order_frontal,false,recovered_heuristic_equal_segment,true,false
230901,104,0,ses230901-units-probe0-spk-AAAB.npy,true,unmapped_no_metadata,Unknown,true,31,PFC,probeA,true,1,true,heuristic_equal_segment,PFC,higher_order_frontal,false,recovered_heuristic_equal_segment,true,false
230901,105,0,ses230901-units-probe0-spk-AAAB.npy,true,unmapped_no_metadata,Unknown,true,32,PFC,probeA,true,1,true,heuristic_equal_segment,PFC,higher_order_frontal,false,recovered_heuristic_equal_segment,true,false
230901,106,0,ses230901-units-probe0-spk-AAAB.npy,true,unmapped_no_metadata,Unknown,true,32,PFC,probeA,true,1,true,heuristic_equal_segment,PFC,higher_order_frontal,false,recovered_heuristic_equal_segment,true,false
230901,107,0,ses230901-units-probe0-spk-AAAB.npy,true,unmapped_no_metadata,Unknown,true,32,PFC,probeA,true,1,true,heuristic_equal_segment,PFC,higher_order_frontal,false,recovered_heuristic_equal_segment,true,false
230901,108,0,ses230901-units-probe0-spk-AAAB.npy,true,unmapped_no_metadata,Unknown,true,27,PFC,probeA,true,1,true,heuristic_equal_segment,PFC,higher_order_frontal,false,recovered_heuristic_equal_segment,true,false
230901,109,0,ses230901-units-probe0-spk-AAAB.npy,true,unmapped_no_metadata,Unknown,true,32,PFC,probeA,true,1,true,heuristic_equal_segment,PFC,higher_order_frontal,false,recovered_heuristic_equal_segment,true,false
230901,110,0,ses230901-units-probe0-spk-AAAB.npy,true,unmapped_no_metadata,Unknown,true,32,PFC,probeA,true,1,true,heuristic_equal_segment,PFC,higher_order_frontal,false,recovered_heuristic_equal_segment,true,false
230901,111,0,ses230901-units-probe0-spk-AAAB.npy,true,unmapped_no_metadata,Unknown,true,32,PFC,probeA,true,1,true,heuristic_equal_segment,PFC,higher_order_frontal,false,recovered_heuristic_equal_segment,true,false
230901,112,0,ses230901-units-probe0-spk-AAAB.npy,true,unmapped_no_metadata,Unknown,true,32,PFC,probeA,true,1,true,heuristic_equal_segment,PFC,higher_order_frontal,false,recovered_heuristic_equal_segment,true,false
230901,113,0,ses230901-units-probe0-spk-AAAB.npy,true,unmapped_no_metadata,Unknown,true,33,PFC,probeA,true,1,true,heuristic_equal_segment,PFC,higher_order_frontal,false,recovered_heuristic_equal_segment,true,false
230901,114,0,ses230901-units-probe0-spk-AAAB.npy,true,unmapped_no_metadata,Unknown,true,29,PFC,probeA,true,1,true,heuristic_equal_segment,PFC,higher_order_frontal,false,recovered_heuristic_equal_segment,true,false
230901,115,0,ses230901-units-probe0-spk-AAAB.npy,true,unmapped_no_metadata,Unknown,true,33,PFC,probeA,true,1,true,heuristic_equal_segment,PFC,higher_order_frontal,false,recovered_heuristic_equal_segment,true,false
230901,116,0,ses230901-units-probe0-spk-AAAB.npy,true,unmapped_no_metadata,Unknown,true,25,PFC,probeA,true,1,true,heuristic_equal_segment,PFC,higher_order_frontal,false,recovered_heuristic_equal_segment,true,false
230901,117,0,ses230901-units-probe0-spk-AAAB.npy,true,unmapped_no_metadata,Unknown,true,33,PFC,probeA,true,1,true,heuristic_equal_segment,PFC,higher_order_frontal,false,recovered_heuristic_equal_segment,true,false
230901,118,0,ses230901-units-probe0-spk-AAAB.npy,true,unmapped_no_metadata,Unknown,true,33,PFC,probeA,true,1,true,heuristic_equal_segment,PFC,higher_order_frontal,false,recovered_heuristic_equal_segment,true,false
230901,119,0,ses230901-units-probe0-spk-AAAB.npy,true,unmapped_no_metadata,Unknown,true,33,PFC,probeA,true,1,true,heuristic_equal_segment,PFC,higher_order_frontal,false,recovered_heuristic_equal_segment,true,false
230901,120,0,ses230901-units-probe0-spk-AAAB.npy,true,unmapped_no_metadata,Unknown,true,34,PFC,probeA,true,1,true,heuristic_equal_segment,PFC,higher_order_frontal,false,recovered_heuristic_equal_segment,true,false
230901,121,0,ses230901-units-probe0-spk-AAAB.npy,true,unmapped_no_metadata,Unknown,true,34,PFC,probeA,true,1,true,heuristic_equal_segment,PFC,higher_order_frontal,false,recovered_heuristic_equal_segment,true,false
230901,122,0,ses230901-units-probe0-spk-AAAB.npy,true,unmapped_no_metadata,Unknown,true,31,PFC,probeA,true,1,true,heuristic_equal_segment,PFC,higher_order_frontal,false,recovered_heuristic_equal_segment,true,false
230901,123,0,ses230901-units-probe0-spk-AAAB.npy,true,unmapped_no_metadata,Unknown,true,34,PFC,probeA,true,1,true,heuristic_equal_segment,PFC,higher_order_frontal,false,recovered_heuristic_equal_segment,true,false
230901,124,0,ses230901-units-probe0-spk-AAAB.npy,true,unmapped_no_metadata,Unknown,true,34,PFC,probeA,true,1,true,heuristic_equal_segment,PFC,higher_order_frontal,false,recovered_heuristic_equal_segment,true,false
230901,125,0,ses230901-units-probe0-spk-AAAB.npy,true,unmapped_no_metadata,Unknown,true,34,PFC,probeA,true,1,true,heuristic_equal_segment,PFC,higher_order_frontal,false,recovered_heuristic_equal_segment,true,false
230901,126,0,ses230901-units-probe0-spk-AAAB.npy,true,unmapped_no_metadata,Unknown,true,34,PFC,probeA,true,1,true,heuristic_equal_segment,PFC,higher_order_frontal,false,recovered_heuristic_equal_segment,true,false
230901,127,0,ses230901-units-probe0-spk-AAAB.npy,true,unmapped_no_metadata,Unknown,true,34,PFC,probeA,true,1,true,heuristic_equal_segment,PFC,higher_order_frontal,false,recovered_heuristic_equal_segment,true,false
230901,128,0,ses230901-units-probe0-spk-AAAB.npy,true,unmapped_no_metadata,Unknown,true,34,PFC,probeA,true,1,true,heuristic_equal_segment,PFC,higher_order_frontal,false,recovered_heuristic_equal_segment,true,false
230901,129,0,ses230901-units-probe0-spk-AAAB.npy,true,unmapped_no_metadata,Unknown,true,34,PFC,probeA,true,1,true,heuristic_equal_segment,PFC,higher_order_frontal,false,recovered_heuristic_equal_segment,true,false
230901,130,0,ses230901-units-probe0-spk-AAAB.npy,true,unmapped_no_metadata,Unknown,true,34,PFC,probeA,true,1,true,heuristic_equal_segment,PFC,higher_order_frontal,false,recovered_heuristic_equal_segment,true,false
230901,131,0,ses230901-units-probe0-spk-AAAB.npy,true,unmapped_no_metadata,Unknown,true,34,PFC,probeA,true,1,true,heuristic_equal_segment,PFC,higher_order_frontal,false,recovered_heuristic_equal_segment,true,false
230901,132,0,ses230901-units-probe0-spk-AAAB.npy,true,unmapped_no_metadata,Unknown,true,34,PFC,probeA,true,1,true,heuristic_equal_segment,PFC,higher_order_frontal,false,recovered_heuristic_equal_segment,true,false
230901,133,0,ses230901-units-probe0-spk-AAAB.npy,true,unmapped_no_metadata,Unknown,true,34,PFC,probeA,true,1,true,heuristic_equal_segment,PFC,higher_order_frontal,false,recovered_heuristic_equal_segment,true,false
230901,134,0,ses230901-units-probe0-spk-AAAB.npy,true,unmapped_no_metadata,Unknown,true,34,PFC,probeA,true,1,true,heuristic_equal_segment,PFC,higher_order_frontal,false,recovered_heuristic_equal_segment,true,false
230901,135,0,ses230901-units-probe0-spk-AAAB.npy,true,unmapped_no_metadata,Unknown,true,37,PFC,probeA,true,1,true,heuristic_equal_segment,PFC,higher_order_frontal,false,recovered_heuristic_equal_segment,true,false
230901,136,0,ses230901-units-probe0-spk-AAAB.npy,true,unmapped_no_metadata,Unknown,true,35,PFC,probeA,true,1,true,heuristic_equal_segment,PFC,higher_order_frontal,false,recovered_heuristic_equal_segment,true,false
230901,137,0,ses230901-units-probe0-spk-AAAB.npy,true,unmapped_no_metadata,Unknown,true,35,PFC,probeA,true,1,true,heuristic_equal_segment,PFC,higher_order_frontal,false,recovered_heuristic_equal_segment,true,false
230901,138,0,ses230901-units-probe0-spk-AAAB.npy,true,unmapped_no_metadata,Unknown,true,35,PFC,probeA,true,1,true,heuristic_equal_segment,PFC,higher_order_frontal,false,recovered_heuristic_equal_segment,true,false
230901,139,0,ses230901-units-probe0-spk-AAAB.npy,true,unmapped_no_metadata,Unknown,true,29,PFC,probeA,true,1,true,heuristic_equal_segment,PFC,higher_order_frontal,false,recovered_heuristic_equal_segment,true,false
230901,140,0,ses230901-units-probe0-spk-AAAB.npy,true,unmapped_no_metadata,Unknown,true,35,PFC,probeA,true,1,true,heuristic_equal_segment,PFC,higher_order_frontal,false,recovered_heuristic_equal_segment,true,false
230901,141,0,ses230901-units-probe0-spk-AAAB.npy,true,unmapped_no_metadata,Unknown,true,35,PFC,probeA,true,1,true,heuristic_equal_segment,PFC,higher_order_frontal,false,recovered_heuristic_equal_segment,true,false
230901,142,0,ses230901-units-probe0-spk-AAAB.npy,true,unmapped_no_metadata,Unknown,true,35,PFC,probeA,true,1,true,heuristic_equal_segment,PFC,higher_order_frontal,false,recovered_heuristic_equal_segment,true,false
230901,143,0,ses230901-units-probe0-spk-AAAB.npy,true,unmapped_no_metadata,Unknown,true,35,PFC,probeA,true,1,true,heuristic_equal_segment,PFC,higher_order_frontal,false,recovered_heuristic_equal_segment,true,false
230901,144,0,ses230901-units-probe0-spk-AAAB.npy,true,unmapped_no_metadata,Unknown,true,35,PFC,probeA,true,1,true,heuristic_equal_segment,PFC,higher_order_frontal,false,recovered_heuristic_equal_segment,true,false
230901,145,0,ses230901-units-probe0-spk-AAAB.npy,true,unmapped_no_metadata,Unknown,true,35,PFC,probeA,true,1,true,heuristic_equal_segment,PFC,higher_order_frontal,false,recovered_heuristic_equal_segment,true,false
230901,146,0,ses230901-units-probe0-spk-AAAB.npy,true,unmapped_no_metadata,Unknown,true,35,PFC,probeA,true,1,true,heuristic_equal_segment,PFC,higher_order_frontal,false,recovered_heuristic_equal_segment,true,false
230901,147,0,ses230901-units-probe0-spk-AAAB.npy,true,unmapped_no_metadata,Unknown,true,35,PFC,probeA,true,1,true,heuristic_equal_segment,PFC,higher_order_frontal,false,recovered_heuristic_equal_segment,true,false
230901,148,0,ses230901-units-probe0-spk-AAAB.npy,true,unmapped_no_metadata,Unknown,true,41,PFC,probeA,true,1,true,heuristic_equal_segment,PFC,higher_order_frontal,false,recovered_heuristic_equal_segment,true,false
230901,149,0,ses230901-units-probe0-spk-AAAB.npy,true,unmapped_no_metadata,Unknown,true,35,PFC,probeA,true,1,true,heuristic_equal_segment,PFC,higher_order_frontal,false,recovered_heuristic_equal_segment,true,false
230901,150,0,ses230901-units-probe0-spk-AAAB.npy,true,unmapped_no_metadata,Unknown,true,92,PFC,probeA,true,1,true,heuristic_equal_segment,PFC,higher_order_frontal,false,recovered_heuristic_equal_segment,true,false
230901,151,0,ses230901-units-probe0-spk-AAAB.npy,true,unmapped_no_metadata,Unknown,true,36,PFC,probeA,true,1,true,heuristic_equal_segment,PFC,higher_order_frontal,false,recovered_heuristic_equal_segment,true,false
230901,152,0,ses230901-units-probe0-spk-AAAB.npy,true,unmapped_no_metadata,Unknown,true,36,PFC,probeA,true,1,true,heuristic_equal_segment,PFC,higher_order_frontal,false,recovered_heuristic_equal_segment,true,false
230901,153,0,ses230901-units-probe0-spk-AAAB.npy,true,unmapped_no_metadata,Unknown,true,36,PFC,probeA,true,1,true,heuristic_equal_segment,PFC,higher_order_frontal,false,recovered_heuristic_equal_segment,true,false
230901,154,0,ses230901-units-probe0-spk-AAAB.npy,true,unmapped_no_metadata,Unknown,true,37,PFC,probeA,true,1,true,heuristic_equal_segment,PFC,higher_order_frontal,false,recovered_heuristic_equal_segment,true,false
230901,155,0,ses230901-units-probe0-spk-AAAB.npy,true,unmapped_no_metadata,Unknown,true,34,PFC,probeA,true,1,true,heuristic_equal_segment,PFC,higher_order_frontal,false,recovered_heuristic_equal_segment,true,false
230901,156,0,ses230901-units-probe0-spk-AAAB.npy,true,unmapped_no_metadata,Unknown,true,36,PFC,probeA,true,1,true,heuristic_equal_segment,PFC,higher_order_frontal,false,recovered_heuristic_equal_segment,true,false
230901,157,0,ses230901-units-probe0-spk-AAAB.npy,true,unmapped_no_metadata,Unknown,true,36,PFC,probeA,true,1,true,heuristic_equal_segment,PFC,higher_order_frontal,false,recovered_heuristic_equal_segment,true,false
230901,158,0,ses230901-units-probe0-spk-AAAB.npy,true,unmapped_no_metadata,Unknown,true,36,PFC,probeA,true,1,true,heuristic_equal_segment,PFC,higher_order_frontal,false,recovered_heuristic_equal_segment,true,false
230901,159,0,ses230901-units-probe0-spk-AAAB.npy,true,unmapped_no_metadata,Unknown,true,38,PFC,probeA,true,1,true,heuristic_equal_segment,PFC,higher_order_frontal,false,recovered_heuristic_equal_segment,true,false
230901,160,0,ses230901-units-probe0-spk-AAAB.npy,true,unmapped_no_metadata,Unknown,true,36,PFC,probeA,true,1,true,heuristic_equal_segment,PFC,higher_order_frontal,false,recovered_heuristic_equal_segment,true,false
230901,161,0,ses230901-units-probe0-spk-AAAB.npy,true,unmapped_no_metadata,Unknown,true,36,PFC,probeA,true,1,true,heuristic_equal_segment,PFC,higher_order_frontal,false,recovered_heuristic_equal_segment,true,false
230901,162,0,ses230901-units-probe0-spk-AAAB.npy,true,unmapped_no_metadata,Unknown,true,39,PFC,probeA,true,1,true,heuristic_equal_segment,PFC,higher_order_frontal,false,recovered_heuristic_equal_segment,true,false
230901,163,0,ses230901-units-probe0-spk-AAAB.npy,true,unmapped_no_metadata,Unknown,true,36,PFC,probeA,true,1,true,heuristic_equal_segment,PFC,higher_order_frontal,false,recovered_heuristic_equal_segment,true,false
230901,164,0,ses230901-units-probe0-spk-AAAB.npy,true,unmapped_no_metadata,Unknown,true,37,PFC,probeA,true,1,true,heuristic_equal_segment,PFC,higher_order_frontal,false,recovered_heuristic_equal_segment,true,false
230901,165,0,ses230901-units-probe0-spk-AAAB.npy,true,unmapped_no_metadata,Unknown,true,37,PFC,probeA,true,1,true,heuristic_equal_segment,PFC,higher_order_frontal,false,recovered_heuristic_equal_segment,true,false
230901,166,0,ses230901-units-probe0-spk-AAAB.npy,true,unmapped_no_metadata,Unknown,true,37,PFC,probeA,true,1,true,heuristic_equal_segment,PFC,higher_order_frontal,false,recovered_heuristic_equal_segment,true,false
230901,167,0,ses230901-units-probe0-spk-AAAB.npy,true,unmapped_no_metadata,Unknown,true,37,PFC,probeA,true,1,true,heuristic_equal_segment,PFC,higher_order_frontal,false,recovered_heuristic_equal_segment,true,false
230901,168,0,ses230901-units-probe0-spk-AAAB.npy,true,unmapped_no_metadata,Unknown,true,37,PFC,probeA,true,1,true,heuristic_equal_segment,PFC,higher_order_frontal,false,recovered_heuristic_equal_segment,true,false
230901,169,0,ses230901-units-probe0-spk-AAAB.npy,true,unmapped_no_metadata,Unknown,true,37,PFC,probeA,true,1,true,heuristic_equal_segment,PFC,higher_order_frontal,false,recovered_heuristic_equal_segment,true,false
230901,170,0,ses230901-units-probe0-spk-AAAB.npy,true,unmapped_no_metadata,Unknown,true,37,PFC,probeA,true,1,true,heuristic_equal_segment,PFC,higher_order_frontal,false,recovered_heuristic_equal_segment,true,false
230901,171,0,ses230901-units-probe0-spk-AAAB.npy,true,unmapped_no_metadata,Unknown,true,37,PFC,probeA,true,1,true,heuristic_equal_segment,PFC,higher_order_frontal,false,recovered_heuristic_equal_segment,true,false
230901,172,0,ses230901-units-probe0-spk-AAAB.npy,true,unmapped_no_metadata,Unknown,true,37,PFC,probeA,true,1,true,heuristic_equal_segment,PFC,higher_order_frontal,false,recovered_heuristic_equal_segment,true,false
230901,173,0,ses230901-units-probe0-spk-AAAB.npy,true,unmapped_no_metadata,Unknown,true,37,PFC,probeA,true,1,true,heuristic_equal_segment,PFC,higher_order_frontal,false,recovered_heuristic_equal_segment,true,false
230901,174,0,ses230901-units-probe0-spk-AAAB.npy,true,unmapped_no_metadata,Unknown,true,37,PFC,probeA,true,1,true,heuristic_equal_segment,PFC,higher_order_frontal,false,recovered_heuristic_equal_segment,true,false
230901,175,0,ses230901-units-probe0-spk-AAAB.npy,true,unmapped_no_metadata,Unknown,true,37,PFC,probeA,true,1,true,heuristic_equal_segment,PFC,higher_order_frontal,false,recovered_heuristic_equal_segment,true,false
230901,176,0,ses230901-units-probe0-spk-AAAB.npy,true,unmapped_no_metadata,Unknown,true,38,PFC,probeA,true,1,true,heuristic_equal_segment,PFC,higher_order_frontal,false,recovered_heuristic_equal_segment,true,false
230901,177,0,ses230901-units-probe0-spk-AAAB.npy,true,unmapped_no_metadata,Unknown,true,38,PFC,probeA,true,1,true,heuristic_equal_segment,PFC,higher_order_frontal,false,recovered_heuristic_equal_segment,true,false
230901,178,0,ses230901-units-probe0-spk-AAAB.npy,true,unmapped_no_metadata,Unknown,true,38,PFC,probeA,true,1,true,heuristic_equal_segment,PFC,higher_order_frontal,false,recovered_heuristic_equal_segment,true,false
230901,179,0,ses230901-units-probe0-spk-AAAB.npy,true,unmapped_no_metadata,Unknown,true,38,PFC,probeA,true,1,true,heuristic_equal_segment,PFC,higher_order_frontal,false,recovered_heuristic_equal_segment,true,false
230901,180,0,ses230901-units-probe0-spk-AAAB.npy,true,unmapped_no_metadata,Unknown,true,38,PFC,probeA,true,1,true,heuristic_equal_segment,PFC,higher_order_frontal,false,recovered_heuristic_equal_segment,true,false
230901,181,0,ses230901-units-probe0-spk-AAAB.npy,true,unmapped_no_metadata,Unknown,true,37,PFC,probeA,true,1,true,heuristic_equal_segment,PFC,higher_order_frontal,false,recovered_heuristic_equal_segment,true,false
230901,182,0,ses230901-units-probe0-spk-AAAB.npy,true,unmapped_no_metadata,Unknown,true,38,PFC,probeA,true,1,true,heuristic_equal_segment,PFC,higher_order_frontal,false,recovered_heuristic_equal_segment,true,false
230901,183,0,ses230901-units-probe0-spk-AAAB.npy,true,unmapped_no_metadata,Unknown,true,38,PFC,probeA,true,1,true,heuristic_equal_segment,PFC,higher_order_frontal,false,recovered_heuristic_equal_segment,true,false
230901,184,0,ses230901-units-probe0-spk-AAAB.npy,true,unmapped_no_metadata,Unknown,true,41,PFC,probeA,true,1,true,heuristic_equal_segment,PFC,higher_order_frontal,false,recovered_heuristic_equal_segment,true,false
230901,185,0,ses230901-units-probe0-spk-AAAB.npy,true,unmapped_no_metadata,Unknown,true,38,PFC,probeA,true,1,true,heuristic_equal_segment,PFC,higher_order_frontal,false,recovered_heuristic_equal_segment,true,false
230901,186,0,ses230901-units-probe0-spk-AAAB.npy,true,unmapped_no_metadata,Unknown,true,38,PFC,probeA,true,1,true,heuristic_equal_segment,PFC,higher_order_frontal,false,recovered_heuristic_equal_segment,true,false
230901,187,0,ses230901-units-probe0-spk-AAAB.npy,true,unmapped_no_metadata,Unknown,true,38,PFC,probeA,true,1,true,heuristic_equal_segment,PFC,higher_order_frontal,false,recovered_heuristic_equal_segment,true,false
230901,188,0,ses230901-units-probe0-spk-AAAB.npy,true,unmapped_no_metadata,Unknown,true,39,PFC,probeA,true,1,true,heuristic_equal_segment,PFC,higher_order_frontal,false,recovered_heuristic_equal_segment,true,false
230901,189,0,ses230901-units-probe0-spk-AAAB.npy,true,unmapped_no_metadata,Unknown,true,39,PFC,probeA,true,1,true,heuristic_equal_segment,PFC,higher_order_frontal,false,recovered_heuristic_equal_segment,true,false
230901,190,0,ses230901-units-probe0-spk-AAAB.npy,true,unmapped_no_metadata,Unknown,true,39,PFC,probeA,true,1,true,heuristic_equal_segment,PFC,higher_order_frontal,false,recovered_heuristic_equal_segment,true,false
230901,191,0,ses230901-units-probe0-spk-AAAB.npy,true,unmapped_no_metadata,Unknown,true,39,PFC,probeA,true,1,true,heuristic_equal_segment,PFC,higher_order_frontal,false,recovered_heuristic_equal_segment,true,false
230901,192,0,ses230901-units-probe0-spk-AAAB.npy,true,unmapped_no_metadata,Unknown,true,39,PFC,probeA,true,1,true,heuristic_equal_segment,PFC,higher_order_frontal,false,recovered_heuristic_equal_segment,true,false
230901,193,0,ses230901-units-probe0-spk-AAAB.npy,true,unmapped_no_metadata,Unknown,true,39,PFC,probeA,true,1,true,heuristic_equal_segment,PFC,higher_order_frontal,false,recovered_heuristic_equal_segment,true,false
230901,194,0,ses230901-units-probe0-spk-AAAB.npy,true,unmapped_no_metadata,Unknown,true,33,PFC,probeA,true,1,true,heuristic_equal_segment,PFC,higher_order_frontal,false,recovered_heuristic_equal_segment,true,false
230901,195,0,ses230901-units-probe0-spk-AAAB.npy,true,unmapped_no_metadata,Unknown,true,43,PFC,probeA,true,1,true,heuristic_equal_segment,PFC,higher_order_frontal,false,recovered_heuristic_equal_segment,true,false
230901,196,0,ses230901-units-probe0-spk-AAAB.npy,true,unmapped_no_metadata,Unknown,true,45,PFC,probeA,true,1,true,heuristic_equal_segment,PFC,higher_order_frontal,false,recovered_heuristic_equal_segment,true,false
230901,197,0,ses230901-units-probe0-spk-AAAB.npy,true,unmapped_no_metadata,Unknown,true,39,PFC,probeA,true,1,true,heuristic_equal_segment,PFC,higher_order_frontal,false,recovered_heuristic_equal_segment,true,false
230901,198,0,ses230901-units-probe0-spk-AAAB.npy,true,unmapped_no_metadata,Unknown,true,39,PFC,probeA,true,1,true,heuristic_equal_segment,PFC,higher_order_frontal,false,recovered_heuristic_equal_segment,true,false
230901,199,0,ses230901-units-probe0-spk-AAAB.npy,true,unmapped_no_metadata,Unknown,true,39,PFC,probeA,true,1,true,heuristic_equal_segment,PFC,higher_order_frontal,false,recovered_heuristic_equal_segment,true,false
230901,200,0,ses230901-units-probe0-spk-AAAB.npy,true,unmapped_no_metadata,Unknown,true,39,PFC,probeA,true,1,true,heuristic_equal_segment,PFC,higher_order_frontal,false,recovered_heuristic_equal_segment,true,false
230901,201,0,ses230901-units-probe0-spk-AAAB.npy,true,unmapped_no_metadata,Unknown,true,39,PFC,probeA,true,1,true,heuristic_equal_segment,PFC,higher_order_frontal,false,recovered_heuristic_equal_segment,true,false
230901,202,0,ses230901-units-probe0-spk-AAAB.npy,true,unmapped_no_metadata,Unknown,true,43,PFC,probeA,true,1,true,heuristic_equal_segment,PFC,higher_order_frontal,false,recovered_heuristic_equal_segment,true,false
230901,203,0,ses230901-units-probe0-spk-AAAB.npy,true,unmapped_no_metadata,Unknown,true,88,PFC,probeA,true,1,true,heuristic_equal_segment,PFC,higher_order_frontal,false,recovered_heuristic_equal_segment,true,false
230901,204,0,ses230901-units-probe0-spk-AAAB.npy,true,unmapped_no_metadata,Unknown,true,40,PFC,probeA,true,1,true,heuristic_equal_segment,PFC,higher_order_frontal,false,recovered_heuristic_equal_segment,true,false
230901,205,0,ses230901-units-probe0-spk-AAAB.npy,true,unmapped_no_metadata,Unknown,true,37,PFC,probeA,true,1,true,heuristic_equal_segment,PFC,higher_order_frontal,false,recovered_heuristic_equal_segment,true,false
230901,206,0,ses230901-units-probe0-spk-AAAB.npy,true,unmapped_no_metadata,Unknown,true,40,PFC,probeA,true,1,true,heuristic_equal_segment,PFC,higher_order_frontal,false,recovered_heuristic_equal_segment,true,false
230901,207,0,ses230901-units-probe0-spk-AAAB.npy,true,unmapped_no_metadata,Unknown,true,40,PFC,probeA,true,1,true,heuristic_equal_segment,PFC,higher_order_frontal,false,recovered_heuristic_equal_segment,true,false
230901,208,0,ses230901-units-probe0-spk-AAAB.npy,true,unmapped_no_metadata,Unknown,true,40,PFC,probeA,true,1,true,heuristic_equal_segment,PFC,higher_order_frontal,false,recovered_heuristic_equal_segment,true,false
230901,209,0,ses230901-units-probe0-spk-AAAB.npy,true,unmapped_no_metadata,Unknown,true,40,PFC,probeA,true,1,true,heuristic_equal_segment,PFC,higher_order_frontal,false,recovered_heuristic_equal_segment,true,false
230901,210,0,ses230901-units-probe0-spk-AAAB.npy,true,unmapped_no_metadata,Unknown,true,36,PFC,probeA,true,1,true,heuristic_equal_segment,PFC,higher_order_frontal,false,recovered_heuristic_equal_segment,true,false
230901,211,0,ses230901-units-probe0-spk-AAAB.npy,true,unmapped_no_metadata,Unknown,true,40,PFC,probeA,true,1,true,heuristic_equal_segment,PFC,higher_order_frontal,false,recovered_heuristic_equal_segment,true,false
230901,212,0,ses230901-units-probe0-spk-AAAB.npy,true,unmapped_no_metadata,Unknown,true,40,PFC,probeA,true,1,true,heuristic_equal_segment,PFC,higher_order_frontal,false,recovered_heuristic_equal_segment,true,false
230901,213,0,ses230901-units-probe0-spk-AAAB.npy,true,unmapped_no_metadata,Unknown,true,47,PFC,probeA,true,1,true,heuristic_equal_segment,PFC,higher_order_frontal,false,recovered_heuristic_equal_segment,true,false
230901,214,0,ses230901-units-probe0-spk-AAAB.npy,true,unmapped_no_metadata,Unknown,true,40,PFC,probeA,true,1,true,heuristic_equal_segment,PFC,higher_order_frontal,false,recovered_heuristic_equal_segment,true,false
230901,215,0,ses230901-units-probe0-spk-AAAB.npy,true,unmapped_no_metadata,Unknown,true,40,PFC,probeA,true,1,true,heuristic_equal_segment,PFC,higher_order_frontal,false,recovered_heuristic_equal_segment,true,false
230901,216,0,ses230901-units-probe0-spk-AAAB.npy,true,unmapped_no_metadata,Unknown,true,40,PFC,probeA,true,1,true,heuristic_equal_segment,PFC,higher_order_frontal,false,recovered_heuristic_equal_segment,true,false
230901,217,0,ses230901-units-probe0-spk-AAAB.npy,true,unmapped_no_metadata,Unknown,true,40,PFC,probeA,true,1,true,heuristic_equal_segment,PFC,higher_order_frontal,false,recovered_heuristic_equal_segment,true,false
230901,218,0,ses230901-units-probe0-spk-AAAB.npy,true,unmapped_no_metadata,Unknown,true,45,PFC,probeA,true,1,true,heuristic_equal_segment,PFC,higher_order_frontal,false,recovered_heuristic_equal_segment,true,false
230901,219,0,ses230901-units-probe0-spk-AAAB.npy,true,unmapped_no_metadata,Unknown,true,41,PFC,probeA,true,1,true,heuristic_equal_segment,PFC,higher_order_frontal,false,recovered_heuristic_equal_segment,true,false
230901,220,0,ses230901-units-probe0-spk-AAAB.npy,true,unmapped_no_metadata,Unknown,true,41,PFC,probeA,true,1,true,heuristic_equal_segment,PFC,higher_order_frontal,false,recovered_heuristic_equal_segment,true,false
230901,221,0,ses230901-units-probe0-spk-AAAB.npy,true,unmapped_no_metadata,Unknown,true,41,PFC,probeA,true,1,true,heuristic_equal_segment,PFC,higher_order_frontal,false,recovered_heuristic_equal_segment,true,false
230901,222,0,ses230901-units-probe0-spk-AAAB.npy,true,unmapped_no_metadata,Unknown,true,41,PFC,probeA,true,1,true,heuristic_equal_segment,PFC,higher_order_frontal,false,recovered_heuristic_equal_segment,true,false
230901,223,0,ses230901-units-probe0-spk-AAAB.npy,true,unmapped_no_metadata,Unknown,true,37,PFC,probeA,true,1,true,heuristic_equal_segment,PFC,higher_order_frontal,false,recovered_heuristic_equal_segment,true,false
230901,224,0,ses230901-units-probe0-spk-AAAB.npy,true,unmapped_no_metadata,Unknown,true,41,PFC,probeA,true,1,true,heuristic_equal_segment,PFC,higher_order_frontal,false,recovered_heuristic_equal_segment,true,false
230901,225,0,ses230901-units-probe0-spk-AAAB.npy,true,unmapped_no_metadata,Unknown,true,41,PFC,probeA,true,1,true,heuristic_equal_segment,PFC,higher_order_frontal,false,recovered_heuristic_equal_segment,true,false
230901,226,0,ses230901-units-probe0-spk-AAAB.npy,true,unmapped_no_metadata,Unknown,true,41,PFC,probeA,true,1,true,heuristic_equal_segment,PFC,higher_order_frontal,false,recovered_heuristic_equal_segment,true,false
230901,227,0,ses230901-units-probe0-spk-AAAB.npy,true,unmapped_no_metadata,Unknown,true,41,PFC,probeA,true,1,true,heuristic_equal_segment,PFC,higher_order_frontal,false,recovered_heuristic_equal_segment,true,false
230901,228,0,ses230901-units-probe0-spk-AAAB.npy,true,unmapped_no_metadata,Unknown,true,41,PFC,probeA,true,1,true,heuristic_equal_segment,PFC,higher_order_frontal,false,recovered_heuristic_equal_segment,true,false
230901,229,0,ses230901-units-probe0-spk-AAAB.npy,true,unmapped_no_metadata,Unknown,true,41,PFC,probeA,true,1,true,heuristic_equal_segment,PFC,higher_order_frontal,false,recovered_heuristic_equal_segment,true,false
230901,230,0,ses230901-units-probe0-spk-AAAB.npy,true,unmapped_no_metadata,Unknown,true,40,PFC,probeA,true,1,true,heuristic_equal_segment,PFC,higher_order_frontal,false,recovered_heuristic_equal_segment,true,false
230901,231,0,ses230901-units-probe0-spk-AAAB.npy,true,unmapped_no_metadata,Unknown,true,42,PFC,probeA,true,1,true,heuristic_equal_segment,PFC,higher_order_frontal,false,recovered_heuristic_equal_segment,true,false
230901,232,0,ses230901-units-probe0-spk-AAAB.npy,true,unmapped_no_metadata,Unknown,true,42,PFC,probeA,true,1,true,heuristic_equal_segment,PFC,higher_order_frontal,false,recovered_heuristic_equal_segment,true,false
230901,233,0,ses230901-units-probe0-spk-AAAB.npy,true,unmapped_no_metadata,Unknown,true,42,PFC,probeA,true,1,true,heuristic_equal_segment,PFC,higher_order_frontal,false,recovered_heuristic_equal_segment,true,false
230901,234,0,ses230901-units-probe0-spk-AAAB.npy,true,unmapped_no_metadata,Unknown,true,42,PFC,probeA,true,1,true,heuristic_equal_segment,PFC,higher_order_frontal,false,recovered_heuristic_equal_segment,true,false
230901,235,0,ses230901-units-probe0-spk-AAAB.npy,true,unmapped_no_metadata,Unknown,true,34,PFC,probeA,true,1,true,heuristic_equal_segment,PFC,higher_order_frontal,false,recovered_heuristic_equal_segment,true,false
230901,236,0,ses230901-units-probe0-spk-AAAB.npy,true,unmapped_no_metadata,Unknown,true,42,PFC,probeA,true,1,true,heuristic_equal_segment,PFC,higher_order_frontal,false,recovered_heuristic_equal_segment,true,false
230901,237,0,ses230901-units-probe0-spk-AAAB.npy,true,unmapped_no_metadata,Unknown,true,35,PFC,probeA,true,1,true,heuristic_equal_segment,PFC,higher_order_frontal,false,recovered_heuristic_equal_segment,true,false
230901,238,0,ses230901-units-probe0-spk-AAAB.npy,true,unmapped_no_metadata,Unknown,true,36,PFC,probeA,true,1,true,heuristic_equal_segment,PFC,higher_order_frontal,false,recovered_heuristic_equal_segment,true,false
230901,239,0,ses230901-units-probe0-spk-AAAB.npy,true,unmapped_no_metadata,Unknown,true,42,PFC,probeA,true,1,true,heuristic_equal_segment,PFC,higher_order_frontal,false,recovered_heuristic_equal_segment,true,false
230901,240,0,ses230901-units-probe0-spk-AAAB.npy,true,unmapped_no_metadata,Unknown,true,44,PFC,probeA,true,1,true,heuristic_equal_segment,PFC,higher_order_frontal,false,recovered_heuristic_equal_segment,true,false
230901,241,0,ses230901-units-probe0-spk-AAAB.npy,true,unmapped_no_metadata,Unknown,true,38,PFC,probeA,true,1,true,heuristic_equal_segment,PFC,higher_order_frontal,false,recovered_heuristic_equal_segment,true,false
230901,242,0,ses230901-units-probe0-spk-AAAB.npy,true,unmapped_no_metadata,Unknown,true,40,PFC,probeA,true,1,true,heuristic_equal_segment,PFC,higher_order_frontal,false,recovered_heuristic_equal_segment,true,false
230901,243,0,ses230901-units-probe0-spk-AAAB.npy,true,unmapped_no_metadata,Unknown,true,85,PFC,probeA,true,1,true,heuristic_equal_segment,PFC,higher_order_frontal,false,recovered_heuristic_equal_segment,true,false
230901,244,0,ses230901-units-probe0-spk-AAAB.npy,true,unmapped_no_metadata,Unknown,true,41,PFC,probeA,true,1,true,heuristic_equal_segment,PFC,higher_order_frontal,false,recovered_heuristic_equal_segment,true,false
230901,245,0,ses230901-units-probe0-spk-AAAB.npy,true,unmapped_no_metadata,Unknown,true,43,PFC,probeA,true,1,true,heuristic_equal_segment,PFC,higher_order_frontal,false,recovered_heuristic_equal_segment,true,false
230901,246,0,ses230901-units-probe0-spk-AAAB.npy,true,unmapped_no_metadata,Unknown,true,43,PFC,probeA,true,1,true,heuristic_equal_segment,PFC,higher_order_frontal,false,recovered_heuristic_equal_segment,true,false
230901,247,0,ses230901-units-probe0-spk-AAAB.npy,true,unmapped_no_metadata,Unknown,true,43,PFC,probeA,true,1,true,heuristic_equal_segment,PFC,higher_order_frontal,false,recovered_heuristic_equal_segment,true,false
230901,248,0,ses230901-units-probe0-spk-AAAB.npy,true,unmapped_no_metadata,Unknown,true,38,PFC,probeA,true,1,true,heuristic_equal_segment,PFC,higher_order_frontal,false,recovered_heuristic_equal_segment,true,false
230901,249,0,ses230901-units-probe0-spk-AAAB.npy,true,unmapped_no_metadata,Unknown,true,43,PFC,probeA,true,1,true,heuristic_equal_segment,PFC,higher_order_frontal,false,recovered_heuristic_equal_segment,true,false
230901,250,0,ses230901-units-probe0-spk-AAAB.npy,true,unmapped_no_metadata,Unknown,true,41,PFC,probeA,true,1,true,heuristic_equal_segment,PFC,higher_order_frontal,false,recovered_heuristic_equal_segment,true,false
230901,251,0,ses230901-units-probe0-spk-AAAB.npy,true,unmapped_no_metadata,Unknown,true,50,PFC,probeA,true,1,true,heuristic_equal_segment,PFC,higher_order_frontal,false,recovered_heuristic_equal_segment,true,false
230901,252,0,ses230901-units-probe0-spk-AAAB.npy,true,unmapped_no_metadata,Unknown,true,43,PFC,probeA,true,1,true,heuristic_equal_segment,PFC,higher_order_frontal,false,recovered_heuristic_equal_segment,true,false
230901,253,0,ses230901-units-probe0-spk-AAAB.npy,true,unmapped_no_metadata,Unknown,true,47,PFC,probeA,true,1,true,heuristic_equal_segment,PFC,higher_order_frontal,false,recovered_heuristic_equal_segment,true,false
230901,254,0,ses230901-units-probe0-spk-AAAB.npy,true,unmapped_no_metadata,Unknown,true,43,PFC,probeA,true,1,true,heuristic_equal_segment,PFC,higher_order_frontal,false,recovered_heuristic_equal_segment,true,false
230901,255,0,ses230901-units-probe0-spk-AAAB.npy,true,unmapped_no_metadata,Unknown,true,43,PFC,probeA,true,1,true,heuristic_equal_segment,PFC,higher_order_frontal,false,recovered_heuristic_equal_segment,true,false
230901,256,0,ses230901-units-probe0-spk-AAAB.npy,true,unmapped_no_metadata,Unknown,true,44,PFC,probeA,true,1,true,heuristic_equal_segment,PFC,higher_order_frontal,false,recovered_heuristic_equal_segment,true,false
230901,257,0,ses230901-units-probe0-spk-AAAB.npy,true,unmapped_no_metadata,Unknown,true,44,PFC,probeA,true,1,true,heuristic_equal_segment,PFC,higher_order_frontal,false,recovered_heuristic_equal_segment,true,false
230901,258,0,ses230901-units-probe0-spk-AAAB.npy,true,unmapped_no_metadata,Unknown,true,44,PFC,probeA,true,1,true,heuristic_equal_segment,PFC,higher_order_frontal,false,recovered_heuristic_equal_segment,true,false
230901,259,0,ses230901-units-probe0-spk-AAAB.npy,true,unmapped_no_metadata,Unknown,true,44,PFC,probeA,true,1,true,heuristic_equal_segment,PFC,higher_order_frontal,false,recovered_heuristic_equal_segment,true,false
230901,260,0,ses230901-units-probe0-spk-AAAB.npy,true,unmapped_no_metadata,Unknown,true,44,PFC,probeA,true,1,true,heuristic_equal_segment,PFC,higher_order_frontal,false,recovered_heuristic_equal_segment,true,false
230901,261,0,ses230901-units-probe0-spk-AAAB.npy,true,unmapped_no_metadata,Unknown,true,44,PFC,probeA,true,1,true,heuristic_equal_segment,PFC,higher_order_frontal,false,recovered_heuristic_equal_segment,true,false
230901,262,0,ses230901-units-probe0-spk-AAAB.npy,true,unmapped_no_metadata,Unknown,true,40,PFC,probeA,true,1,true,heuristic_equal_segment,PFC,higher_order_frontal,false,recovered_heuristic_equal_segment,true,false
230901,263,0,ses230901-units-probe0-spk-AAAB.npy,true,unmapped_no_metadata,Unknown,true,44,PFC,probeA,true,1,true,heuristic_equal_segment,PFC,higher_order_frontal,false,recovered_heuristic_equal_segment,true,false
230901,264,0,ses230901-units-probe0-spk-AAAB.npy,true,unmapped_no_metadata,Unknown,true,49,PFC,probeA,true,1,true,heuristic_equal_segment,PFC,higher_order_frontal,false,recovered_heuristic_equal_segment,true,false
230901,265,0,ses230901-units-probe0-spk-AAAB.npy,true,unmapped_no_metadata,Unknown,true,51,PFC,probeA,true,1,true,heuristic_equal_segment,PFC,higher_order_frontal,false,recovered_heuristic_equal_segment,true,false
230901,266,0,ses230901-units-probe0-spk-AAAB.npy,true,unmapped_no_metadata,Unknown,true,44,PFC,probeA,true,1,true,heuristic_equal_segment,PFC,higher_order_frontal,false,recovered_heuristic_equal_segment,true,false
230901,267,0,ses230901-units-probe0-spk-AAAB.npy,true,unmapped_no_metadata,Unknown,true,44,PFC,probeA,true,1,true,heuristic_equal_segment,PFC,higher_order_frontal,false,recovered_heuristic_equal_segment,true,false
230901,268,0,ses230901-units-probe0-spk-AAAB.npy,true,unmapped_no_metadata,Unknown,true,44,PFC,probeA,true,1,true,heuristic_equal_segment,PFC,higher_order_frontal,false,recovered_heuristic_equal_segment,true,false
230901,269,0,ses230901-units-probe0-spk-AAAB.npy,true,unmapped_no_metadata,Unknown,true,44,PFC,probeA,true,1,true,heuristic_equal_segment,PFC,higher_order_frontal,false,recovered_heuristic_equal_segment,true,false
230901,270,0,ses230901-units-probe0-spk-AAAB.npy,true,unmapped_no_metadata,Unknown,true,44,PFC,probeA,true,1,true,heuristic_equal_segment,PFC,higher_order_frontal,false,recovered_heuristic_equal_segment,true,false
230901,271,0,ses230901-units-probe0-spk-AAAB.npy,true,unmapped_no_metadata,Unknown,true,47,PFC,probeA,true,1,true,heuristic_equal_segment,PFC,higher_order_frontal,false,recovered_heuristic_equal_segment,true,false
230901,272,0,ses230901-units-probe0-spk-AAAB.npy,true,unmapped_no_metadata,Unknown,true,41,PFC,probeA,true,1,true,heuristic_equal_segment,PFC,higher_order_frontal,false,recovered_heuristic_equal_segment,true,false
230901,273,0,ses230901-units-probe0-spk-AAAB.npy,true,unmapped_no_metadata,Unknown,true,49,PFC,probeA,true,1,true,heuristic_equal_segment,PFC,higher_order_frontal,false,recovered_heuristic_equal_segment,true,false
230901,274,0,ses230901-units-probe0-spk-AAAB.npy,true,unmapped_no_metadata,Unknown,true,45,PFC,probeA,true,1,true,heuristic_equal_segment,PFC,higher_order_frontal,false,recovered_heuristic_equal_segment,true,false
230901,275,0,ses230901-units-probe0-spk-AAAB.npy,true,unmapped_no_metadata,Unknown,true,45,PFC,probeA,true,1,true,heuristic_equal_segment,PFC,higher_order_frontal,false,recovered_heuristic_equal_segment,true,false
230901,276,0,ses230901-units-probe0-spk-AAAB.npy,true,unmapped_no_metadata,Unknown,true,45,PFC,probeA,true,1,true,heuristic_equal_segment,PFC,higher_order_frontal,false,recovered_heuristic_equal_segment,true,false
230901,277,0,ses230901-units-probe0-spk-AAAB.npy,true,unmapped_no_metadata,Unknown,true,45,PFC,probeA,true,1,true,heuristic_equal_segment,PFC,higher_order_frontal,false,recovered_heuristic_equal_segment,true,false
230901,278,0,ses230901-units-probe0-spk-AAAB.npy,true,unmapped_no_metadata,Unknown,true,45,PFC,probeA,true,1,true,heuristic_equal_segment,PFC,higher_order_frontal,false,recovered_heuristic_equal_segment,true,false
230901,279,0,ses230901-units-probe0-spk-AAAB.npy,true,unmapped_no_metadata,Unknown,true,45,PFC,probeA,true,1,true,heuristic_equal_segment,PFC,higher_order_frontal,false,recovered_heuristic_equal_segment,true,false
230901,280,0,ses230901-units-probe0-spk-AAAB.npy,true,unmapped_no_metadata,Unknown,true,45,PFC,probeA,true,1,true,heuristic_equal_segment,PFC,higher_order_frontal,false,recovered_heuristic_equal_segment,true,false
230901,281,0,ses230901-units-probe0-spk-AAAB.npy,true,unmapped_no_metadata,Unknown,true,45,PFC,probeA,true,1,true,heuristic_equal_segment,PFC,higher_order_frontal,false,recovered_heuristic_equal_segment,true,false
230901,282,0,ses230901-units-probe0-spk-AAAB.npy,true,unmapped_no_metadata,Unknown,true,45,PFC,probeA,true,1,true,heuristic_equal_segment,PFC,higher_order_frontal,false,recovered_heuristic_equal_segment,true,false
230901,283,0,ses230901-units-probe0-spk-AAAB.npy,true,unmapped_no_metadata,Unknown,true,45,PFC,probeA,true,1,true,heuristic_equal_segment,PFC,higher_order_frontal,false,recovered_heuristic_equal_segment,true,false
230901,284,0,ses230901-units-probe0-spk-AAAB.npy,true,unmapped_no_metadata,Unknown,true,45,PFC,probeA,true,1,true,heuristic_equal_segment,PFC,higher_order_frontal,false,recovered_heuristic_equal_segment,true,false
230901,285,0,ses230901-units-probe0-spk-AAAB.npy,true,unmapped_no_metadata,Unknown,true,45,PFC,probeA,true,1,true,heuristic_equal_segment,PFC,higher_order_frontal,false,recovered_heuristic_equal_segment,true,false
230901,286,0,ses230901-units-probe0-spk-AAAB.npy,true,unmapped_no_metadata,Unknown,true,51,PFC,probeA,true,1,true,heuristic_equal_segment,PFC,higher_order_frontal,false,recovered_heuristic_equal_segment,true,false
230901,287,0,ses230901-units-probe0-spk-AAAB.npy,true,unmapped_no_metadata,Unknown,true,46,PFC,probeA,true,1,true,heuristic_equal_segment,PFC,higher_order_frontal,false,recovered_heuristic_equal_segment,true,false
230901,288,0,ses230901-units-probe0-spk-AAAB.npy,true,unmapped_no_metadata,Unknown,true,46,PFC,probeA,true,1,true,heuristic_equal_segment,PFC,higher_order_frontal,false,recovered_heuristic_equal_segment,true,false
230901,289,0,ses230901-units-probe0-spk-AAAB.npy,true,unmapped_no_metadata,Unknown,true,46,PFC,probeA,true,1,true,heuristic_equal_segment,PFC,higher_order_frontal,false,recovered_heuristic_equal_segment,true,false
230901,290,0,ses230901-units-probe0-spk-AAAB.npy,true,unmapped_no_metadata,Unknown,true,46,PFC,probeA,true,1,true,heuristic_equal_segment,PFC,higher_order_frontal,false,recovered_heuristic_equal_segment,true,false
230901,291,0,ses230901-units-probe0-spk-AAAB.npy,true,unmapped_no_metadata,Unknown,true,46,PFC,probeA,true,1,true,heuristic_equal_segment,PFC,higher_order_frontal,false,recovered_heuristic_equal_segment,true,false
230901,292,0,ses230901-units-probe0-spk-AAAB.npy,true,unmapped_no_metadata,Unknown,true,46,PFC,probeA,true,1,true,heuristic_equal_segment,PFC,higher_order_frontal,false,recovered_heuristic_equal_segment,true,false
230901,293,0,ses230901-units-probe0-spk-AAAB.npy,true,unmapped_no_metadata,Unknown,true,46,PFC,probeA,true,1,true,heuristic_equal_segment,PFC,higher_order_frontal,false,recovered_heuristic_equal_segment,true,false
230901,294,0,ses230901-units-probe0-spk-AAAB.npy,true,unmapped_no_metadata,Unknown,true,46,PFC,probeA,true,1,true,heuristic_equal_segment,PFC,higher_order_frontal,false,recovered_heuristic_equal_segment,true,false
230901,295,0,ses230901-units-probe0-spk-AAAB.npy,true,unmapped_no_metadata,Unknown,true,46,PFC,probeA,true,1,true,heuristic_equal_segment,PFC,higher_order_frontal,false,recovered_heuristic_equal_segment,true,false
230901,296,0,ses230901-units-probe0-spk-AAAB.npy,true,unmapped_no_metadata,Unknown,true,46,PFC,probeA,true,1,true,heuristic_equal_segment,PFC,higher_order_frontal,false,recovered_heuristic_equal_segment,true,false
230901,297,0,ses230901-units-probe0-spk-AAAB.npy,true,unmapped_no_metadata,Unknown,true,46,PFC,probeA,true,1,true,heuristic_equal_segment,PFC,higher_order_frontal,false,recovered_heuristic_equal_segment,true,false
230901,298,0,ses230901-units-probe0-spk-AAAB.npy,true,unmapped_no_metadata,Unknown,true,46,PFC,probeA,true,1,true,heuristic_equal_segment,PFC,higher_order_frontal,false,recovered_heuristic_equal_segment,true,false
230901,299,0,ses230901-units-probe0-spk-AAAB.npy,true,unmapped_no_metadata,Unknown,true,46,PFC,probeA,true,1,true,heuristic_equal_segment,PFC,higher_order_frontal,false,recovered_heuristic_equal_segment,true,false
230901,300,0,ses230901-units-probe0-spk-AAAB.npy,true,unmapped_no_metadata,Unknown,true,46,PFC,probeA,true,1,true,heuristic_equal_segment,PFC,higher_order_frontal,false,recovered_heuristic_equal_segment,true,false
230901,301,0,ses230901-units-probe0-spk-AAAB.npy,true,unmapped_no_metadata,Unknown,true,46,PFC,probeA,true,1,true,heuristic_equal_segment,PFC,higher_order_frontal,false,recovered_heuristic_equal_segment,true,false
230901,302,0,ses230901-units-probe0-spk-AAAB.npy,true,unmapped_no_metadata,Unknown,true,51,PFC,probeA,true,1,true,heuristic_equal_segment,PFC,higher_order_frontal,false,recovered_heuristic_equal_segment,true,false
230901,303,0,ses230901-units-probe0-spk-AAAB.npy,true,unmapped_no_metadata,Unknown,true,46,PFC,probeA,true,1,true,heuristic_equal_segment,PFC,higher_order_frontal,false,recovered_heuristic_equal_segment,true,false
230901,304,0,ses230901-units-probe0-spk-AAAB.npy,true,unmapped_no_metadata,Unknown,true,47,PFC,probeA,true,1,true,heuristic_equal_segment,PFC,higher_order_frontal,false,recovered_heuristic_equal_segment,true,false
230901,305,0,ses230901-units-probe0-spk-AAAB.npy,true,unmapped_no_metadata,Unknown,true,47,PFC,probeA,true,1,true,heuristic_equal_segment,PFC,higher_order_frontal,false,recovered_heuristic_equal_segment,true,false
230901,306,0,ses230901-units-probe0-spk-AAAB.npy,true,unmapped_no_metadata,Unknown,true,48,PFC,probeA,true,1,true,heuristic_equal_segment,PFC,higher_order_frontal,false,recovered_heuristic_equal_segment,true,false
230901,307,0,ses230901-units-probe0-spk-AAAB.npy,true,unmapped_no_metadata,Unknown,true,47,PFC,probeA,true,1,true,heuristic_equal_segment,PFC,higher_order_frontal,false,recovered_heuristic_equal_segment,true,false
230901,308,0,ses230901-units-probe0-spk-AAAB.npy,true,unmapped_no_metadata,Unknown,true,50,PFC,probeA,true,1,true,heuristic_equal_segment,PFC,higher_order_frontal,false,recovered_heuristic_equal_segment,true,false
230901,309,0,ses230901-units-probe0-spk-AAAB.npy,true,unmapped_no_metadata,Unknown,true,47,PFC,probeA,true,1,true,heuristic_equal_segment,PFC,higher_order_frontal,false,recovered_heuristic_equal_segment,true,false
230901,310,0,ses230901-units-probe0-spk-AAAB.npy,true,unmapped_no_metadata,Unknown,true,50,PFC,probeA,true,1,true,heuristic_equal_segment,PFC,higher_order_frontal,false,recovered_heuristic_equal_segment,true,false
230901,311,0,ses230901-units-probe0-spk-AAAB.npy,true,unmapped_no_metadata,Unknown,true,48,PFC,probeA,true,1,true,heuristic_equal_segment,PFC,higher_order_frontal,false,recovered_heuristic_equal_segment,true,false
230901,312,0,ses230901-units-probe0-spk-AAAB.npy,true,unmapped_no_metadata,Unknown,true,48,PFC,probeA,true,1,true,heuristic_equal_segment,PFC,higher_order_frontal,false,recovered_heuristic_equal_segment,true,false
230901,313,0,ses230901-units-probe0-spk-AAAB.npy,true,unmapped_no_metadata,Unknown,true,48,PFC,probeA,true,1,true,heuristic_equal_segment,PFC,higher_order_frontal,false,recovered_heuristic_equal_segment,true,false
230901,314,0,ses230901-units-probe0-spk-AAAB.npy,true,unmapped_no_metadata,Unknown,true,48,PFC,probeA,true,1,true,heuristic_equal_segment,PFC,higher_order_frontal,false,recovered_heuristic_equal_segment,true,false
230901,315,0,ses230901-units-probe0-spk-AAAB.npy,true,unmapped_no_metadata,Unknown,true,48,PFC,probeA,true,1,true,heuristic_equal_segment,PFC,higher_order_frontal,false,recovered_heuristic_equal_segment,true,false
230901,316,0,ses230901-units-probe0-spk-AAAB.npy,true,unmapped_no_metadata,Unknown,true,48,PFC,probeA,true,1,true,heuristic_equal_segment,PFC,higher_order_frontal,false,recovered_heuristic_equal_segment,true,false
230901,317,0,ses230901-units-probe0-spk-AAAB.npy,true,unmapped_no_metadata,Unknown,true,48,PFC,probeA,true,1,true,heuristic_equal_segment,PFC,higher_order_frontal,false,recovered_heuristic_equal_segment,true,false
230901,318,0,ses230901-units-probe0-spk-AAAB.npy,true,unmapped_no_metadata,Unknown,true,51,PFC,probeA,true,1,true,heuristic_equal_segment,PFC,higher_order_frontal,false,recovered_heuristic_equal_segment,true,false
230901,319,0,ses230901-units-probe0-spk-AAAB.npy,true,unmapped_no_metadata,Unknown,true,48,PFC,probeA,true,1,true,heuristic_equal_segment,PFC,higher_order_frontal,false,recovered_heuristic_equal_segment,true,false
230901,320,0,ses230901-units-probe0-spk-AAAB.npy,true,unmapped_no_metadata,Unknown,true,48,PFC,probeA,true,1,true,heuristic_equal_segment,PFC,higher_order_frontal,false,recovered_heuristic_equal_segment,true,false
230901,321,0,ses230901-units-probe0-spk-AAAB.npy,true,unmapped_no_metadata,Unknown,true,48,PFC,probeA,true,1,true,heuristic_equal_segment,PFC,higher_order_frontal,false,recovered_heuristic_equal_segment,true,false
230901,322,0,ses230901-units-probe0-spk-AAAB.npy,true,unmapped_no_metadata,Unknown,true,52,PFC,probeA,true,1,true,heuristic_equal_segment,PFC,higher_order_frontal,false,recovered_heuristic_equal_segment,true,false
230901,323,0,ses230901-units-probe0-spk-AAAB.npy,true,unmapped_no_metadata,Unknown,true,79,PFC,probeA,true,1,true,heuristic_equal_segment,PFC,higher_order_frontal,false,recovered_heuristic_equal_segment,true,false
230901,324,0,ses230901-units-probe0-spk-AAAB.npy,true,unmapped_no_metadata,Unknown,true,47,PFC,probeA,true,1,true,heuristic_equal_segment,PFC,higher_order_frontal,false,recovered_heuristic_equal_segment,true,false
230901,325,0,ses230901-units-probe0-spk-AAAB.npy,true,unmapped_no_metadata,Unknown,true,49,PFC,probeA,true,1,true,heuristic_equal_segment,PFC,higher_order_frontal,false,recovered_heuristic_equal_segment,true,false
230901,326,0,ses230901-units-probe0-spk-AAAB.npy,true,unmapped_no_metadata,Unknown,true,49,PFC,probeA,true,1,true,heuristic_equal_segment,PFC,higher_order_frontal,false,recovered_heuristic_equal_segment,true,false
230901,327,0,ses230901-units-probe0-spk-AAAB.npy,true,unmapped_no_metadata,Unknown,true,49,PFC,probeA,true,1,true,heuristic_equal_segment,PFC,higher_order_frontal,false,recovered_heuristic_equal_segment,true,false
230901,328,0,ses230901-units-probe0-spk-AAAB.npy,true,unmapped_no_metadata,Unknown,true,44,PFC,probeA,true,1,true,heuristic_equal_segment,PFC,higher_order_frontal,false,recovered_heuristic_equal_segment,true,false
230901,329,0,ses230901-units-probe0-spk-AAAB.npy,true,unmapped_no_metadata,Unknown,true,49,PFC,probeA,true,1,true,heuristic_equal_segment,PFC,higher_order_frontal,false,recovered_heuristic_equal_segment,true,false
230901,330,0,ses230901-units-probe0-spk-AAAB.npy,true,unmapped_no_metadata,Unknown,true,49,PFC,probeA,true,1,true,heuristic_equal_segment,PFC,higher_order_frontal,false,recovered_heuristic_equal_segment,true,false
230901,331,0,ses230901-units-probe0-spk-AAAB.npy,true,unmapped_no_metadata,Unknown,true,50,PFC,probeA,true,1,true,heuristic_equal_segment,PFC,higher_order_frontal,false,recovered_heuristic_equal_segment,true,false
230901,332,0,ses230901-units-probe0-spk-AAAB.npy,true,unmapped_no_metadata,Unknown,true,50,PFC,probeA,true,1,true,heuristic_equal_segment,PFC,higher_order_frontal,false,recovered_heuristic_equal_segment,true,false
230901,333,0,ses230901-units-probe0-spk-AAAB.npy,true,unmapped_no_metadata,Unknown,true,50,PFC,probeA,true,1,true,heuristic_equal_segment,PFC,higher_order_frontal,false,recovered_heuristic_equal_segment,true,false
230901,334,0,ses230901-units-probe0-spk-AAAB.npy,true,unmapped_no_metadata,Unknown,true,50,PFC,probeA,true,1,true,heuristic_equal_segment,PFC,higher_order_frontal,false,recovered_heuristic_equal_segment,true,false
230901,335,0,ses230901-units-probe0-spk-AAAB.npy,true,unmapped_no_metadata,Unknown,true,50,PFC,probeA,true,1,true,heuristic_equal_segment,PFC,higher_order_frontal,false,recovered_heuristic_equal_segment,true,false
230901,336,0,ses230901-units-probe0-spk-AAAB.npy,true,unmapped_no_metadata,Unknown,true,50,PFC,probeA,true,1,true,heuristic_equal_segment,PFC,higher_order_frontal,false,recovered_heuristic_equal_segment,true,false
230901,337,0,ses230901-units-probe0-spk-AAAB.npy,true,unmapped_no_metadata,Unknown,true,51,PFC,probeA,true,1,true,heuristic_equal_segment,PFC,higher_order_frontal,false,recovered_heuristic_equal_segment,true,false
230901,338,0,ses230901-units-probe0-spk-AAAB.npy,true,unmapped_no_metadata,Unknown,true,51,PFC,probeA,true,1,true,heuristic_equal_segment,PFC,higher_order_frontal,false,recovered_heuristic_equal_segment,true,false
230901,339,0,ses230901-units-probe0-spk-AAAB.npy,true,unmapped_no_metadata,Unknown,true,51,PFC,probeA,true,1,true,heuristic_equal_segment,PFC,higher_order_frontal,false,recovered_heuristic_equal_segment,true,false
230901,340,0,ses230901-units-probe0-spk-AAAB.npy,true,unmapped_no_metadata,Unknown,true,46,PFC,probeA,true,1,true,heuristic_equal_segment,PFC,higher_order_frontal,false,recovered_heuristic_equal_segment,true,false
230901,341,0,ses230901-units-probe0-spk-AAAB.npy,true,unmapped_no_metadata,Unknown,true,51,PFC,probeA,true,1,true,heuristic_equal_segment,PFC,higher_order_frontal,false,recovered_heuristic_equal_segment,true,false
230901,342,0,ses230901-units-probe0-spk-AAAB.npy,true,unmapped_no_metadata,Unknown,true,44,PFC,probeA,true,1,true,heuristic_equal_segment,PFC,higher_order_frontal,false,recovered_heuristic_equal_segment,true,false
230901,343,0,ses230901-units-probe0-spk-AAAB.npy,true,unmapped_no_metadata,Unknown,true,51,PFC,probeA,true,1,true,heuristic_equal_segment,PFC,higher_order_frontal,false,recovered_heuristic_equal_segment,true,false
230901,344,0,ses230901-units-probe0-spk-AAAB.npy,true,unmapped_no_metadata,Unknown,true,51,PFC,probeA,true,1,true,heuristic_equal_segment,PFC,higher_order_frontal,false,recovered_heuristic_equal_segment,true,false
230901,345,0,ses230901-units-probe0-spk-AAAB.npy,true,unmapped_no_metadata,Unknown,true,51,PFC,probeA,true,1,true,heuristic_equal_segment,PFC,higher_order_frontal,false,recovered_heuristic_equal_segment,true,false
230901,346,0,ses230901-units-probe0-spk-AAAB.npy,true,unmapped_no_metadata,Unknown,true,51,PFC,probeA,true,1,true,heuristic_equal_segment,PFC,higher_order_frontal,false,recovered_heuristic_equal_segment,true,false
230901,347,0,ses230901-units-probe0-spk-AAAB.npy,true,unmapped_no_metadata,Unknown,true,46,PFC,probeA,true,1,true,heuristic_equal_segment,PFC,higher_order_frontal,false,recovered_heuristic_equal_segment,true,false
230901,348,0,ses230901-units-probe0-spk-AAAB.npy,true,unmapped_no_metadata,Unknown,true,52,PFC,probeA,true,1,true,heuristic_equal_segment,PFC,higher_order_frontal,false,recovered_heuristic_equal_segment,true,false
230901,349,0,ses230901-units-probe0-spk-AAAB.npy,true,unmapped_no_metadata,Unknown,true,52,PFC,probeA,true,1,true,heuristic_equal_segment,PFC,higher_order_frontal,false,recovered_heuristic_equal_segment,true,false
230901,350,0,ses230901-units-probe0-spk-AAAB.npy,true,unmapped_no_metadata,Unknown,true,52,PFC,probeA,true,1,true,heuristic_equal_segment,PFC,higher_order_frontal,false,recovered_heuristic_equal_segment,true,false
230901,351,0,ses230901-units-probe0-spk-AAAB.npy,true,unmapped_no_metadata,Unknown,true,52,PFC,probeA,true,1,true,heuristic_equal_segment,PFC,higher_order_frontal,false,recovered_heuristic_equal_segment,true,false
230901,352,0,ses230901-units-probe0-spk-AAAB.npy,true,unmapped_no_metadata,Unknown,true,52,PFC,probeA,true,1,true,heuristic_equal_segment,PFC,higher_order_frontal,false,recovered_heuristic_equal_segment,true,false
230901,353,0,ses230901-units-probe0-spk-AAAB.npy,true,unmapped_no_metadata,Unknown,true,59,PFC,probeA,true,1,true,heuristic_equal_segment,PFC,higher_order_frontal,false,recovered_heuristic_equal_segment,true,false
230901,354,0,ses230901-units-probe0-spk-AAAB.npy,true,unmapped_no_metadata,Unknown,true,52,PFC,probeA,true,1,true,heuristic_equal_segment,PFC,higher_order_frontal,false,recovered_heuristic_equal_segment,true,false
230901,355,0,ses230901-units-probe0-spk-AAAB.npy,true,unmapped_no_metadata,Unknown,true,52,PFC,probeA,true,1,true,heuristic_equal_segment,PFC,higher_order_frontal,false,recovered_heuristic_equal_segment,true,false
230901,356,0,ses230901-units-probe0-spk-AAAB.npy,true,unmapped_no_metadata,Unknown,true,53,PFC,probeA,true,1,true,heuristic_equal_segment,PFC,higher_order_frontal,false,recovered_heuristic_equal_segment,true,false
230901,357,0,ses230901-units-probe0-spk-AAAB.npy,true,unmapped_no_metadata,Unknown,true,53,PFC,probeA,true,1,true,heuristic_equal_segment,PFC,higher_order_frontal,false,recovered_heuristic_equal_segment,true,false
230901,358,0,ses230901-units-probe0-spk-AAAB.npy,true,unmapped_no_metadata,Unknown,true,53,PFC,probeA,true,1,true,heuristic_equal_segment,PFC,higher_order_frontal,false,recovered_heuristic_equal_segment,true,false
230901,359,0,ses230901-units-probe0-spk-AAAB.npy,true,unmapped_no_metadata,Unknown,true,53,PFC,probeA,true,1,true,heuristic_equal_segment,PFC,higher_order_frontal,false,recovered_heuristic_equal_segment,true,false
230901,360,0,ses230901-units-probe0-spk-AAAB.npy,true,unmapped_no_metadata,Unknown,true,53,PFC,probeA,true,1,true,heuristic_equal_segment,PFC,higher_order_frontal,false,recovered_heuristic_equal_segment,true,false
230901,361,0,ses230901-units-probe0-spk-AAAB.npy,true,unmapped_no_metadata,Unknown,true,52,PFC,probeA,true,1,true,heuristic_equal_segment,PFC,higher_order_frontal,false,recovered_heuristic_equal_segment,true,false
230901,362,0,ses230901-units-probe0-spk-AAAB.npy,true,unmapped_no_metadata,Unknown,true,53,PFC,probeA,true,1,true,heuristic_equal_segment,PFC,higher_order_frontal,false,recovered_heuristic_equal_segment,true,false
230901,363,0,ses230901-units-probe0-spk-AAAB.npy,true,unmapped_no_metadata,Unknown,true,52,PFC,probeA,true,1,true,heuristic_equal_segment,PFC,higher_order_frontal,false,recovered_heuristic_equal_segment,true,false
230901,364,0,ses230901-units-probe0-spk-AAAB.npy,true,unmapped_no_metadata,Unknown,true,73,PFC,probeA,true,1,true,heuristic_equal_segment,PFC,higher_order_frontal,false,recovered_heuristic_equal_segment,true,false
230901,365,0,ses230901-units-probe0-spk-AAAB.npy,true,unmapped_no_metadata,Unknown,true,54,PFC,probeA,true,1,true,heuristic_equal_segment,PFC,higher_order_frontal,false,recovered_heuristic_equal_segment,true,false
230901,366,0,ses230901-units-probe0-spk-AAAB.npy,true,unmapped_no_metadata,Unknown,true,60,PFC,probeA,true,1,true,heuristic_equal_segment,PFC,higher_order_frontal,false,recovered_heuristic_equal_segment,true,false
230901,367,0,ses230901-units-probe0-spk-AAAB.npy,true,unmapped_no_metadata,Unknown,true,54,PFC,probeA,true,1,true,heuristic_equal_segment,PFC,higher_order_frontal,false,recovered_heuristic_equal_segment,true,false
230901,368,0,ses230901-units-probe0-spk-AAAB.npy,true,unmapped_no_metadata,Unknown,true,52,PFC,probeA,true,1,true,heuristic_equal_segment,PFC,higher_order_frontal,false,recovered_heuristic_equal_segment,true,false
230901,369,0,ses230901-units-probe0-spk-AAAB.npy,true,unmapped_no_metadata,Unknown,true,54,PFC,probeA,true,1,true,heuristic_equal_segment,PFC,higher_order_frontal,false,recovered_heuristic_equal_segment,true,false
230901,370,0,ses230901-units-probe0-spk-AAAB.npy,true,unmapped_no_metadata,Unknown,true,54,PFC,probeA,true,1,true,heuristic_equal_segment,PFC,higher_order_frontal,false,recovered_heuristic_equal_segment,true,false
230901,371,0,ses230901-units-probe0-spk-AAAB.npy,true,unmapped_no_metadata,Unknown,true,53,PFC,probeA,true,1,true,heuristic_equal_segment,PFC,higher_order_frontal,false,recovered_heuristic_equal_segment,true,false
230901,372,0,ses230901-units-probe0-spk-AAAB.npy,true,unmapped_no_metadata,Unknown,true,54,PFC,probeA,true,1,true,heuristic_equal_segment,PFC,higher_order_frontal,false,recovered_heuristic_equal_segment,true,false
230901,373,0,ses230901-units-probe0-spk-AAAB.npy,true,unmapped_no_metadata,Unknown,true,54,PFC,probeA,true,1,true,heuristic_equal_segment,PFC,higher_order_frontal,false,recovered_heuristic_equal_segment,true,false
230901,374,0,ses230901-units-probe0-spk-AAAB.npy,true,unmapped_no_metadata,Unknown,true,73,PFC,probeA,true,1,true,heuristic_equal_segment,PFC,higher_order_frontal,false,recovered_heuristic_equal_segment,true,false
230901,375,0,ses230901-units-probe0-spk-AAAB.npy,true,unmapped_no_metadata,Unknown,true,60,PFC,probeA,true,1,true,heuristic_equal_segment,PFC,higher_order_frontal,false,recovered_heuristic_equal_segment,true,false
230901,376,0,ses230901-units-probe0-spk-AAAB.npy,true,unmapped_no_metadata,Unknown,true,55,PFC,probeA,true,1,true,heuristic_equal_segment,PFC,higher_order_frontal,false,recovered_heuristic_equal_segment,true,false
230901,377,0,ses230901-units-probe0-spk-AAAB.npy,true,unmapped_no_metadata,Unknown,true,55,PFC,probeA,true,1,true,heuristic_equal_segment,PFC,higher_order_frontal,false,recovered_heuristic_equal_segment,true,false
230901,378,0,ses230901-units-probe0-spk-AAAB.npy,true,unmapped_no_metadata,Unknown,true,59,PFC,probeA,true,1,true,heuristic_equal_segment,PFC,higher_order_frontal,false,recovered_heuristic_equal_segment,true,false
230901,379,0,ses230901-units-probe0-spk-AAAB.npy,true,unmapped_no_metadata,Unknown,true,55,PFC,probeA,true,1,true,heuristic_equal_segment,PFC,higher_order_frontal,false,recovered_heuristic_equal_segment,true,false
230901,380,0,ses230901-units-probe0-spk-AAAB.npy,true,unmapped_no_metadata,Unknown,true,55,PFC,probeA,true,1,true,heuristic_equal_segment,PFC,higher_order_frontal,false,recovered_heuristic_equal_segment,true,false
230901,381,0,ses230901-units-probe0-spk-AAAB.npy,true,unmapped_no_metadata,Unknown,true,55,PFC,probeA,true,1,true,heuristic_equal_segment,PFC,higher_order_frontal,false,recovered_heuristic_equal_segment,true,false
230901,382,0,ses230901-units-probe0-spk-AAAB.npy,true,unmapped_no_metadata,Unknown,true,55,PFC,probeA,true,1,true,heuristic_equal_segment,PFC,higher_order_frontal,false,recovered_heuristic_equal_segment,true,false
230901,383,0,ses230901-units-probe0-spk-AAAB.npy,true,unmapped_no_metadata,Unknown,true,55,PFC,probeA,true,1,true,heuristic_equal_segment,PFC,higher_order_frontal,false,recovered_heuristic_equal_segment,true,false
230901,384,0,ses230901-units-probe0-spk-AAAB.npy,true,unmapped_no_metadata,Unknown,true,60,PFC,probeA,true,1,true,heuristic_equal_segment,PFC,higher_order_frontal,false,recovered_heuristic_equal_segment,true,false
230901,385,0,ses230901-units-probe0-spk-AAAB.npy,true,unmapped_no_metadata,Unknown,true,55,PFC,probeA,true,1,true,heuristic_equal_segment,PFC,higher_order_frontal,false,recovered_heuristic_equal_segment,true,false
230901,386,0,ses230901-units-probe0-spk-AAAB.npy,true,unmapped_no_metadata,Unknown,true,58,PFC,probeA,true,1,true,heuristic_equal_segment,PFC,higher_order_frontal,false,recovered_heuristic_equal_segment,true,false
230901,387,0,ses230901-units-probe0-spk-AAAB.npy,true,unmapped_no_metadata,Unknown,true,57,PFC,probeA,true,1,true,heuristic_equal_segment,PFC,higher_order_frontal,false,recovered_heuristic_equal_segment,true,false
230901,388,0,ses230901-units-probe0-spk-AAAB.npy,true,unmapped_no_metadata,Unknown,true,57,PFC,probeA,true,1,true,heuristic_equal_segment,PFC,higher_order_frontal,false,recovered_heuristic_equal_segment,true,false
230901,389,0,ses230901-units-probe0-spk-AAAB.npy,true,unmapped_no_metadata,Unknown,true,55,PFC,probeA,true,1,true,heuristic_equal_segment,PFC,higher_order_frontal,false,recovered_heuristic_equal_segment,true,false
230901,390,0,ses230901-units-probe0-spk-AAAB.npy,true,unmapped_no_metadata,Unknown,true,56,PFC,probeA,true,1,true,heuristic_equal_segment,PFC,higher_order_frontal,false,recovered_heuristic_equal_segment,true,false
230901,391,0,ses230901-units-probe0-spk-AAAB.npy,true,unmapped_no_metadata,Unknown,true,59,PFC,probeA,true,1,true,heuristic_equal_segment,PFC,higher_order_frontal,false,recovered_heuristic_equal_segment,true,false
230901,392,0,ses230901-units-probe0-spk-AAAB.npy,true,unmapped_no_metadata,Unknown,true,56,PFC,probeA,true,1,true,heuristic_equal_segment,PFC,higher_order_frontal,false,recovered_heuristic_equal_segment,true,false
230901,393,0,ses230901-units-probe0-spk-AAAB.npy,true,unmapped_no_metadata,Unknown,true,57,PFC,probeA,true,1,true,heuristic_equal_segment,PFC,higher_order_frontal,false,recovered_heuristic_equal_segment,true,false
230901,394,0,ses230901-units-probe0-spk-AAAB.npy,true,unmapped_no_metadata,Unknown,true,56,PFC,probeA,true,1,true,heuristic_equal_segment,PFC,higher_order_frontal,false,recovered_heuristic_equal_segment,true,false
230901,395,0,ses230901-units-probe0-spk-AAAB.npy,true,unmapped_no_metadata,Unknown,true,56,PFC,probeA,true,1,true,heuristic_equal_segment,PFC,higher_order_frontal,false,recovered_heuristic_equal_segment,true,false
230901,396,0,ses230901-units-probe0-spk-AAAB.npy,true,unmapped_no_metadata,Unknown,true,56,PFC,probeA,true,1,true,heuristic_equal_segment,PFC,higher_order_frontal,false,recovered_heuristic_equal_segment,true,false
230901,397,0,ses230901-units-probe0-spk-AAAB.npy,true,unmapped_no_metadata,Unknown,true,56,PFC,probeA,true,1,true,heuristic_equal_segment,PFC,higher_order_frontal,false,recovered_heuristic_equal_segment,true,false
230901,398,0,ses230901-units-probe0-spk-AAAB.npy,true,unmapped_no_metadata,Unknown,true,56,PFC,probeA,true,1,true,heuristic_equal_segment,PFC,higher_order_frontal,false,recovered_heuristic_equal_segment,true,false
230901,399,0,ses230901-units-probe0-spk-AAAB.npy,true,unmapped_no_metadata,Unknown,true,56,PFC,probeA,true,1,true,heuristic_equal_segment,PFC,higher_order_frontal,false,recovered_heuristic_equal_segment,true,false
230901,400,0,ses230901-units-probe0-spk-AAAB.npy,true,unmapped_no_metadata,Unknown,true,56,PFC,probeA,true,1,true,heuristic_equal_segment,PFC,higher_order_frontal,false,recovered_heuristic_equal_segment,true,false
230901,401,0,ses230901-units-probe0-spk-AAAB.npy,true,unmapped_no_metadata,Unknown,true,63,PFC,probeA,true,1,true,heuristic_equal_segment,PFC,higher_order_frontal,false,recovered_heuristic_equal_segment,true,false
230901,402,0,ses230901-units-probe0-spk-AAAB.npy,true,unmapped_no_metadata,Unknown,true,57,PFC,probeA,true,1,true,heuristic_equal_segment,PFC,higher_order_frontal,false,recovered_heuristic_equal_segment,true,false
230901,403,0,ses230901-units-probe0-spk-AAAB.npy,true,unmapped_no_metadata,Unknown,true,57,PFC,probeA,true,1,true,heuristic_equal_segment,PFC,higher_order_frontal,false,recovered_heuristic_equal_segment,true,false
230901,404,0,ses230901-units-probe0-spk-AAAB.npy,true,unmapped_no_metadata,Unknown,true,51,PFC,probeA,true,1,true,heuristic_equal_segment,PFC,higher_order_frontal,false,recovered_heuristic_equal_segment,true,false
230901,405,0,ses230901-units-probe0-spk-AAAB.npy,true,unmapped_no_metadata,Unknown,true,57,PFC,probeA,true,1,true,heuristic_equal_segment,PFC,higher_order_frontal,false,recovered_heuristic_equal_segment,true,false
230901,406,0,ses230901-units-probe0-spk-AAAB.npy,true,unmapped_no_metadata,Unknown,true,58,PFC,probeA,true,1,true,heuristic_equal_segment,PFC,higher_order_frontal,false,recovered_heuristic_equal_segment,true,false
230901,407,0,ses230901-units-probe0-spk-AAAB.npy,true,unmapped_no_metadata,Unknown,true,57,PFC,probeA,true,1,true,heuristic_equal_segment,PFC,higher_order_frontal,false,recovered_heuristic_equal_segment,true,false
230901,408,0,ses230901-units-probe0-spk-AAAB.npy,true,unmapped_no_metadata,Unknown,true,57,PFC,probeA,true,1,true,heuristic_equal_segment,PFC,higher_order_frontal,false,recovered_heuristic_equal_segment,true,false
230901,409,0,ses230901-units-probe0-spk-AAAB.npy,true,unmapped_no_metadata,Unknown,true,68,PFC,probeA,true,1,true,heuristic_equal_segment,PFC,higher_order_frontal,false,recovered_heuristic_equal_segment,true,false
230901,410,0,ses230901-units-probe0-spk-AAAB.npy,true,unmapped_no_metadata,Unknown,true,57,PFC,probeA,true,1,true,heuristic_equal_segment,PFC,higher_order_frontal,false,recovered_heuristic_equal_segment,true,false
230901,411,0,ses230901-units-probe0-spk-AAAB.npy,true,unmapped_no_metadata,Unknown,true,57,PFC,probeA,true,1,true,heuristic_equal_segment,PFC,higher_order_frontal,false,recovered_heuristic_equal_segment,true,false
230901,412,0,ses230901-units-probe0-spk-AAAB.npy,true,unmapped_no_metadata,Unknown,true,79,PFC,probeA,true,1,true,heuristic_equal_segment,PFC,higher_order_frontal,false,recovered_heuristic_equal_segment,true,false
230901,413,0,ses230901-units-probe0-spk-AAAB.npy,true,unmapped_no_metadata,Unknown,true,58,PFC,probeA,true,1,true,heuristic_equal_segment,PFC,higher_order_frontal,false,recovered_heuristic_equal_segment,true,false
230901,414,0,ses230901-units-probe0-spk-AAAB.npy,true,unmapped_no_metadata,Unknown,true,58,PFC,probeA,true,1,true,heuristic_equal_segment,PFC,higher_order_frontal,false,recovered_heuristic_equal_segment,true,false
230901,415,0,ses230901-units-probe0-spk-AAAB.npy,true,unmapped_no_metadata,Unknown,true,59,PFC,probeA,true,1,true,heuristic_equal_segment,PFC,higher_order_frontal,false,recovered_heuristic_equal_segment,true,false
230901,416,0,ses230901-units-probe0-spk-AAAB.npy,true,unmapped_no_metadata,Unknown,true,58,PFC,probeA,true,1,true,heuristic_equal_segment,PFC,higher_order_frontal,false,recovered_heuristic_equal_segment,true,false
230901,417,0,ses230901-units-probe0-spk-AAAB.npy,true,unmapped_no_metadata,Unknown,true,58,PFC,probeA,true,1,true,heuristic_equal_segment,PFC,higher_order_frontal,false,recovered_heuristic_equal_segment,true,false
230901,418,0,ses230901-units-probe0-spk-AAAB.npy,true,unmapped_no_metadata,Unknown,true,58,PFC,probeA,true,1,true,heuristic_equal_segment,PFC,higher_order_frontal,false,recovered_heuristic_equal_segment,true,false
230901,419,0,ses230901-units-probe0-spk-AAAB.npy,true,unmapped_no_metadata,Unknown,true,58,PFC,probeA,true,1,true,heuristic_equal_segment,PFC,higher_order_frontal,false,recovered_heuristic_equal_segment,true,false
230901,420,0,ses230901-units-probe0-spk-AAAB.npy,true,unmapped_no_metadata,Unknown,true,58,PFC,probeA,true,1,true,heuristic_equal_segment,PFC,higher_order_frontal,false,recovered_heuristic_equal_segment,true,false
230901,421,0,ses230901-units-probe0-spk-AAAB.npy,true,unmapped_no_metadata,Unknown,true,58,PFC,probeA,true,1,true,heuristic_equal_segment,PFC,higher_order_frontal,false,recovered_heuristic_equal_segment,true,false
230901,422,0,ses230901-units-probe0-spk-AAAB.npy,true,unmapped_no_metadata,Unknown,true,58,PFC,probeA,true,1,true,heuristic_equal_segment,PFC,higher_order_frontal,false,recovered_heuristic_equal_segment,true,false
230901,423,0,ses230901-units-probe0-spk-AAAB.npy,true,unmapped_no_metadata,Unknown,true,58,PFC,probeA,true,1,true,heuristic_equal_segment,PFC,higher_order_frontal,false,recovered_heuristic_equal_segment,true,false
230901,424,0,ses230901-units-probe0-spk-AAAB.npy,true,unmapped_no_metadata,Unknown,true,53,PFC,probeA,true,1,true,heuristic_equal_segment,PFC,higher_order_frontal,false,recovered_heuristic_equal_segment,true,false
230901,425,0,ses230901-units-probe0-spk-AAAB.npy,true,unmapped_no_metadata,Unknown,true,58,PFC,probeA,true,1,true,heuristic_equal_segment,PFC,higher_order_frontal,false,recovered_heuristic_equal_segment,true,false
230901,426,0,ses230901-units-probe0-spk-AAAB.npy,true,unmapped_no_metadata,Unknown,true,68,PFC,probeA,true,1,true,heuristic_equal_segment,PFC,higher_order_frontal,false,recovered_heuristic_equal_segment,true,false
230901,427,0,ses230901-units-probe0-spk-AAAB.npy,true,unmapped_no_metadata,Unknown,true,59,PFC,probeA,true,1,true,heuristic_equal_segment,PFC,higher_order_frontal,false,recovered_heuristic_equal_segment,true,false
230901,428,0,ses230901-units-probe0-spk-AAAB.npy,true,unmapped_no_metadata,Unknown,true,59,PFC,probeA,true,1,true,heuristic_equal_segment,PFC,higher_order_frontal,false,recovered_heuristic_equal_segment,true,false
230901,429,0,ses230901-units-probe0-spk-AAAB.npy,true,unmapped_no_metadata,Unknown,true,59,PFC,probeA,true,1,true,heuristic_equal_segment,PFC,higher_order_frontal,false,recovered_heuristic_equal_segment,true,false
230901,430,0,ses230901-units-probe0-spk-AAAB.npy,true,unmapped_no_metadata,Unknown,true,59,PFC,probeA,true,1,true,heuristic_equal_segment,PFC,higher_order_frontal,false,recovered_heuristic_equal_segment,true,false
230901,431,0,ses230901-units-probe0-spk-AAAB.npy,true,unmapped_no_metadata,Unknown,true,60,PFC,probeA,true,1,true,heuristic_equal_segment,PFC,higher_order_frontal,false,recovered_heuristic_equal_segment,true,false
230901,432,0,ses230901-units-probe0-spk-AAAB.npy,true,unmapped_no_metadata,Unknown,true,59,PFC,probeA,true,1,true,heuristic_equal_segment,PFC,higher_order_frontal,false,recovered_heuristic_equal_segment,true,false
230901,433,0,ses230901-units-probe0-spk-AAAB.npy,true,unmapped_no_metadata,Unknown,true,59,PFC,probeA,true,1,true,heuristic_equal_segment,PFC,higher_order_frontal,false,recovered_heuristic_equal_segment,true,false
230901,434,0,ses230901-units-probe0-spk-AAAB.npy,true,unmapped_no_metadata,Unknown,true,59,PFC,probeA,true,1,true,heuristic_equal_segment,PFC,higher_order_frontal,false,recovered_heuristic_equal_segment,true,false
230901,435,0,ses230901-units-probe0-spk-AAAB.npy,true,unmapped_no_metadata,Unknown,true,59,PFC,probeA,true,1,true,heuristic_equal_segment,PFC,higher_order_frontal,false,recovered_heuristic_equal_segment,true,false
230901,436,0,ses230901-units-probe0-spk-AAAB.npy,true,unmapped_no_metadata,Unknown,true,59,PFC,probeA,true,1,true,heuristic_equal_segment,PFC,higher_order_frontal,false,recovered_heuristic_equal_segment,true,false
230901,437,0,ses230901-units-probe0-spk-AAAB.npy,true,unmapped_no_metadata,Unknown,true,59,PFC,probeA,true,1,true,heuristic_equal_segment,PFC,higher_order_frontal,false,recovered_heuristic_equal_segment,true,false
230901,438,0,ses230901-units-probe0-spk-AAAB.npy,true,unmapped_no_metadata,Unknown,true,61,PFC,probeA,true,1,true,heuristic_equal_segment,PFC,higher_order_frontal,false,recovered_heuristic_equal_segment,true,false
230901,439,0,ses230901-units-probe0-spk-AAAB.npy,true,unmapped_no_metadata,Unknown,true,60,PFC,probeA,true,1,true,heuristic_equal_segment,PFC,higher_order_frontal,false,recovered_heuristic_equal_segment,true,false
230901,440,0,ses230901-units-probe0-spk-AAAB.npy,true,unmapped_no_metadata,Unknown,true,79,PFC,probeA,true,1,true,heuristic_equal_segment,PFC,higher_order_frontal,false,recovered_heuristic_equal_segment,true,false
230901,441,0,ses230901-units-probe0-spk-AAAB.npy,true,unmapped_no_metadata,Unknown,true,79,PFC,probeA,true,1,true,heuristic_equal_segment,PFC,higher_order_frontal,false,recovered_heuristic_equal_segment,true,false
230901,442,0,ses230901-units-probe0-spk-AAAB.npy,true,unmapped_no_metadata,Unknown,true,60,PFC,probeA,true,1,true,heuristic_equal_segment,PFC,higher_order_frontal,false,recovered_heuristic_equal_segment,true,false
230901,443,0,ses230901-units-probe0-spk-AAAB.npy,true,unmapped_no_metadata,Unknown,true,60,PFC,probeA,true,1,true,heuristic_equal_segment,PFC,higher_order_frontal,false,recovered_heuristic_equal_segment,true,false
230901,444,0,ses230901-units-probe0-spk-AAAB.npy,true,unmapped_no_metadata,Unknown,true,59,PFC,probeA,true,1,true,heuristic_equal_segment,PFC,higher_order_frontal,false,recovered_heuristic_equal_segment,true,false
230901,445,0,ses230901-units-probe0-spk-AAAB.npy,true,unmapped_no_metadata,Unknown,true,62,PFC,probeA,true,1,true,heuristic_equal_segment,PFC,higher_order_frontal,false,recovered_heuristic_equal_segment,true,false
230901,446,0,ses230901-units-probe0-spk-AAAB.npy,true,unmapped_no_metadata,Unknown,true,60,PFC,probeA,true,1,true,heuristic_equal_segment,PFC,higher_order_frontal,false,recovered_heuristic_equal_segment,true,false
230901,447,0,ses230901-units-probe0-spk-AAAB.npy,true,unmapped_no_metadata,Unknown,true,60,PFC,probeA,true,1,true,heuristic_equal_segment,PFC,higher_order_frontal,false,recovered_heuristic_equal_segment,true,false
230901,448,0,ses230901-units-probe0-spk-AAAB.npy,true,unmapped_no_metadata,Unknown,true,57,PFC,probeA,true,1,true,heuristic_equal_segment,PFC,higher_order_frontal,false,recovered_heuristic_equal_segment,true,false
230901,449,0,ses230901-units-probe0-spk-AAAB.npy,true,unmapped_no_metadata,Unknown,true,61,PFC,probeA,true,1,true,heuristic_equal_segment,PFC,higher_order_frontal,false,recovered_heuristic_equal_segment,true,false
230901,450,0,ses230901-units-probe0-spk-AAAB.npy,true,unmapped_no_metadata,Unknown,true,62,PFC,probeA,true,1,true,heuristic_equal_segment,PFC,higher_order_frontal,false,recovered_heuristic_equal_segment,true,false
230901,451,0,ses230901-units-probe0-spk-AAAB.npy,true,unmapped_no_metadata,Unknown,true,60,PFC,probeA,true,1,true,heuristic_equal_segment,PFC,higher_order_frontal,false,recovered_heuristic_equal_segment,true,false
230901,452,0,ses230901-units-probe0-spk-AAAB.npy,true,unmapped_no_metadata,Unknown,true,61,PFC,probeA,true,1,true,heuristic_equal_segment,PFC,higher_order_frontal,false,recovered_heuristic_equal_segment,true,false
230901,453,0,ses230901-units-probe0-spk-AAAB.npy,true,unmapped_no_metadata,Unknown,true,61,PFC,probeA,true,1,true,heuristic_equal_segment,PFC,higher_order_frontal,false,recovered_heuristic_equal_segment,true,false
230901,454,0,ses230901-units-probe0-spk-AAAB.npy,true,unmapped_no_metadata,Unknown,true,61,PFC,probeA,true,1,true,heuristic_equal_segment,PFC,higher_order_frontal,false,recovered_heuristic_equal_segment,true,false
230901,455,0,ses230901-units-probe0-spk-AAAB.npy,true,unmapped_no_metadata,Unknown,true,61,PFC,probeA,true,1,true,heuristic_equal_segment,PFC,higher_order_frontal,false,recovered_heuristic_equal_segment,true,false
230901,456,0,ses230901-units-probe0-spk-AAAB.npy,true,unmapped_no_metadata,Unknown,true,61,PFC,probeA,true,1,true,heuristic_equal_segment,PFC,higher_order_frontal,false,recovered_heuristic_equal_segment,true,false
230901,457,0,ses230901-units-probe0-spk-AAAB.npy,true,unmapped_no_metadata,Unknown,true,61,PFC,probeA,true,1,true,heuristic_equal_segment,PFC,higher_order_frontal,false,recovered_heuristic_equal_segment,true,false
230901,458,0,ses230901-units-probe0-spk-AAAB.npy,true,unmapped_no_metadata,Unknown,true,61,PFC,probeA,true,1,true,heuristic_equal_segment,PFC,higher_order_frontal,false,recovered_heuristic_equal_segment,true,false
230901,459,0,ses230901-units-probe0-spk-AAAB.npy,true,unmapped_no_metadata,Unknown,true,62,PFC,probeA,true,1,true,heuristic_equal_segment,PFC,higher_order_frontal,false,recovered_heuristic_equal_segment,true,false
230901,460,0,ses230901-units-probe0-spk-AAAB.npy,true,unmapped_no_metadata,Unknown,true,61,PFC,probeA,true,1,true,heuristic_equal_segment,PFC,higher_order_frontal,false,recovered_heuristic_equal_segment,true,false
230901,461,0,ses230901-units-probe0-spk-AAAB.npy,true,unmapped_no_metadata,Unknown,true,61,PFC,probeA,true,1,true,heuristic_equal_segment,PFC,higher_order_frontal,false,recovered_heuristic_equal_segment,true,false
230901,462,0,ses230901-units-probe0-spk-AAAB.npy,true,unmapped_no_metadata,Unknown,true,61,PFC,probeA,true,1,true,heuristic_equal_segment,PFC,higher_order_frontal,false,recovered_heuristic_equal_segment,true,false
230901,463,0,ses230901-units-probe0-spk-AAAB.npy,true,unmapped_no_metadata,Unknown,true,79,PFC,probeA,true,1,true,heuristic_equal_segment,PFC,higher_order_frontal,false,recovered_heuristic_equal_segment,true,false
230901,464,0,ses230901-units-probe0-spk-AAAB.npy,true,unmapped_no_metadata,Unknown,true,61,PFC,probeA,true,1,true,heuristic_equal_segment,PFC,higher_order_frontal,false,recovered_heuristic_equal_segment,true,false
230901,465,0,ses230901-units-probe0-spk-AAAB.npy,true,unmapped_no_metadata,Unknown,true,61,PFC,probeA,true,1,true,heuristic_equal_segment,PFC,higher_order_frontal,false,recovered_heuristic_equal_segment,true,false
230901,466,0,ses230901-units-probe0-spk-AAAB.npy,true,unmapped_no_metadata,Unknown,true,61,PFC,probeA,true,1,true,heuristic_equal_segment,PFC,higher_order_frontal,false,recovered_heuristic_equal_segment,true,false
230901,467,0,ses230901-units-probe0-spk-AAAB.npy,true,unmapped_no_metadata,Unknown,true,63,PFC,probeA,true,1,true,heuristic_equal_segment,PFC,higher_order_frontal,false,recovered_heuristic_equal_segment,true,false
230901,468,0,ses230901-units-probe0-spk-AAAB.npy,true,unmapped_no_metadata,Unknown,true,62,PFC,probeA,true,1,true,heuristic_equal_segment,PFC,higher_order_frontal,false,recovered_heuristic_equal_segment,true,false
230901,469,0,ses230901-units-probe0-spk-AAAB.npy,true,unmapped_no_metadata,Unknown,true,60,PFC,probeA,true,1,true,heuristic_equal_segment,PFC,higher_order_frontal,false,recovered_heuristic_equal_segment,true,false
230901,470,0,ses230901-units-probe0-spk-AAAB.npy,true,unmapped_no_metadata,Unknown,true,62,PFC,probeA,true,1,true,heuristic_equal_segment,PFC,higher_order_frontal,false,recovered_heuristic_equal_segment,true,false
230901,471,0,ses230901-units-probe0-spk-AAAB.npy,true,unmapped_no_metadata,Unknown,true,62,PFC,probeA,true,1,true,heuristic_equal_segment,PFC,higher_order_frontal,false,recovered_heuristic_equal_segment,true,false
230901,472,0,ses230901-units-probe0-spk-AAAB.npy,true,unmapped_no_metadata,Unknown,true,62,PFC,probeA,true,1,true,heuristic_equal_segment,PFC,higher_order_frontal,false,recovered_heuristic_equal_segment,true,false
230901,473,0,ses230901-units-probe0-spk-AAAB.npy,true,unmapped_no_metadata,Unknown,true,62,PFC,probeA,true,1,true,heuristic_equal_segment,PFC,higher_order_frontal,false,recovered_heuristic_equal_segment,true,false
230901,474,0,ses230901-units-probe0-spk-AAAB.npy,true,unmapped_no_metadata,Unknown,true,61,PFC,probeA,true,1,true,heuristic_equal_segment,PFC,higher_order_frontal,false,recovered_heuristic_equal_segment,true,false
230901,475,0,ses230901-units-probe0-spk-AAAB.npy,true,unmapped_no_metadata,Unknown,true,62,PFC,probeA,true,1,true,heuristic_equal_segment,PFC,higher_order_frontal,false,recovered_heuristic_equal_segment,true,false
230901,476,0,ses230901-units-probe0-spk-AAAB.npy,true,unmapped_no_metadata,Unknown,true,62,PFC,probeA,true,1,true,heuristic_equal_segment,PFC,higher_order_frontal,false,recovered_heuristic_equal_segment,true,false
230901,477,0,ses230901-units-probe0-spk-AAAB.npy,true,unmapped_no_metadata,Unknown,true,62,PFC,probeA,true,1,true,heuristic_equal_segment,PFC,higher_order_frontal,false,recovered_heuristic_equal_segment,true,false
230901,478,0,ses230901-units-probe0-spk-AAAB.npy,true,unmapped_no_metadata,Unknown,true,62,PFC,probeA,true,1,true,heuristic_equal_segment,PFC,higher_order_frontal,false,recovered_heuristic_equal_segment,true,false
230901,479,0,ses230901-units-probe0-spk-AAAB.npy,true,unmapped_no_metadata,Unknown,true,62,PFC,probeA,true,1,true,heuristic_equal_segment,PFC,higher_order_frontal,false,recovered_heuristic_equal_segment,true,false
230901,480,0,ses230901-units-probe0-spk-AAAB.npy,true,unmapped_no_metadata,Unknown,true,62,PFC,probeA,true,1,true,heuristic_equal_segment,PFC,higher_order_frontal,false,recovered_heuristic_equal_segment,true,false
230901,481,0,ses230901-units-probe0-spk-AAAB.npy,true,unmapped_no_metadata,Unknown,true,63,PFC,probeA,true,1,true,heuristic_equal_segment,PFC,higher_order_frontal,false,recovered_heuristic_equal_segment,true,false
230901,482,0,ses230901-units-probe0-spk-AAAB.npy,true,unmapped_no_metadata,Unknown,true,60,PFC,probeA,true,1,true,heuristic_equal_segment,PFC,higher_order_frontal,false,recovered_heuristic_equal_segment,true,false
230901,483,0,ses230901-units-probe0-spk-AAAB.npy,true,unmapped_no_metadata,Unknown,true,63,PFC,probeA,true,1,true,heuristic_equal_segment,PFC,higher_order_frontal,false,recovered_heuristic_equal_segment,true,false
230901,484,0,ses230901-units-probe0-spk-AAAB.npy,true,unmapped_no_metadata,Unknown,true,63,PFC,probeA,true,1,true,heuristic_equal_segment,PFC,higher_order_frontal,false,recovered_heuristic_equal_segment,true,false
230901,485,0,ses230901-units-probe0-spk-AAAB.npy,true,unmapped_no_metadata,Unknown,true,59,PFC,probeA,true,1,true,heuristic_equal_segment,PFC,higher_order_frontal,false,recovered_heuristic_equal_segment,true,false
230901,486,0,ses230901-units-probe0-spk-AAAB.npy,true,unmapped_no_metadata,Unknown,true,63,PFC,probeA,true,1,true,heuristic_equal_segment,PFC,higher_order_frontal,false,recovered_heuristic_equal_segment,true,false
230901,487,0,ses230901-units-probe0-spk-AAAB.npy,true,unmapped_no_metadata,Unknown,true,63,PFC,probeA,true,1,true,heuristic_equal_segment,PFC,higher_order_frontal,false,recovered_heuristic_equal_segment,true,false
230901,488,0,ses230901-units-probe0-spk-AAAB.npy,true,unmapped_no_metadata,Unknown,true,62,PFC,probeA,true,1,true,heuristic_equal_segment,PFC,higher_order_frontal,false,recovered_heuristic_equal_segment,true,false
230901,489,0,ses230901-units-probe0-spk-AAAB.npy,true,unmapped_no_metadata,Unknown,true,63,PFC,probeA,true,1,true,heuristic_equal_segment,PFC,higher_order_frontal,false,recovered_heuristic_equal_segment,true,false
230901,490,0,ses230901-units-probe0-spk-AAAB.npy,true,unmapped_no_metadata,Unknown,true,60,PFC,probeA,true,1,true,heuristic_equal_segment,PFC,higher_order_frontal,false,recovered_heuristic_equal_segment,true,false
230901,491,0,ses230901-units-probe0-spk-AAAB.npy,true,unmapped_no_metadata,Unknown,true,63,PFC,probeA,true,1,true,heuristic_equal_segment,PFC,higher_order_frontal,false,recovered_heuristic_equal_segment,true,false
230901,492,0,ses230901-units-probe0-spk-AAAB.npy,true,unmapped_no_metadata,Unknown,true,63,PFC,probeA,true,1,true,heuristic_equal_segment,PFC,higher_order_frontal,false,recovered_heuristic_equal_segment,true,false
230901,493,0,ses230901-units-probe0-spk-AAAB.npy,true,unmapped_no_metadata,Unknown,true,63,PFC,probeA,true,1,true,heuristic_equal_segment,PFC,higher_order_frontal,false,recovered_heuristic_equal_segment,true,false
230901,494,0,ses230901-units-probe0-spk-AAAB.npy,true,unmapped_no_metadata,Unknown,true,63,PFC,probeA,true,1,true,heuristic_equal_segment,PFC,higher_order_frontal,false,recovered_heuristic_equal_segment,true,false
230901,495,0,ses230901-units-probe0-spk-AAAB.npy,true,unmapped_no_metadata,Unknown,true,63,PFC,probeA,true,1,true,heuristic_equal_segment,PFC,higher_order_frontal,false,recovered_heuristic_equal_segment,true,false
230901,496,0,ses230901-units-probe0-spk-AAAB.npy,true,unmapped_no_metadata,Unknown,true,124,PFC,probeA,true,1,true,heuristic_equal_segment,PFC,higher_order_frontal,false,recovered_heuristic_equal_segment,true,false
230901,497,0,ses230901-units-probe0-spk-AAAB.npy,true,unmapped_no_metadata,Unknown,true,9,PFC,probeA,true,1,true,heuristic_equal_segment,PFC,higher_order_frontal,false,recovered_heuristic_equal_segment,true,false
230901,498,0,ses230901-units-probe0-spk-AAAB.npy,true,unmapped_no_metadata,Unknown,true,19,PFC,probeA,true,1,true,heuristic_equal_segment,PFC,higher_order_frontal,false,recovered_heuristic_equal_segment,true,false
230901,499,0,ses230901-units-probe0-spk-AAAB.npy,true,unmapped_no_metadata,Unknown,true,79,PFC,probeA,true,1,true,heuristic_equal_segment,PFC,higher_order_frontal,false,recovered_heuristic_equal_segment,true,false
230901,500,0,ses230901-units-probe0-spk-AAAB.npy,true,unmapped_no_metadata,Unknown,true,68,PFC,probeA,true,1,true,heuristic_equal_segment,PFC,higher_order_frontal,false,recovered_heuristic_equal_segment,true,false
230901,501,0,ses230901-units-probe0-spk-AAAB.npy,true,unmapped_no_metadata,Unknown,true,79,PFC,probeA,true,1,true,heuristic_equal_segment,PFC,higher_order_frontal,false,recovered_heuristic_equal_segment,true,false
230901,502,0,ses230901-units-probe0-spk-AAAB.npy,true,unmapped_no_metadata,Unknown,true,79,PFC,probeA,true,1,true,heuristic_equal_segment,PFC,higher_order_frontal,false,recovered_heuristic_equal_segment,true,false
230901,503,0,ses230901-units-probe0-spk-AAAB.npy,true,unmapped_no_metadata,Unknown,true,56,PFC,probeA,true,1,true,heuristic_equal_segment,PFC,higher_order_frontal,false,recovered_heuristic_equal_segment,true,false
230901,504,0,ses230901-units-probe0-spk-AAAB.npy,true,unmapped_no_metadata,Unknown,true,60,PFC,probeA,true,1,true,heuristic_equal_segment,PFC,higher_order_frontal,false,recovered_heuristic_equal_segment,true,false
230901,505,0,ses230901-units-probe0-spk-AAAB.npy,true,unmapped_no_metadata,Unknown,true,79,PFC,probeA,true,1,true,heuristic_equal_segment,PFC,higher_order_frontal,false,recovered_heuristic_equal_segment,true,false
230901,506,0,ses230901-units-probe0-spk-AAAB.npy,true,unmapped_no_metadata,Unknown,true,68,PFC,probeA,true,1,true,heuristic_equal_segment,PFC,higher_order_frontal,false,recovered_heuristic_equal_segment,true,false
230901,507,0,ses230901-units-probe0-spk-AAAB.npy,true,unmapped_no_metadata,Unknown,true,56,PFC,probeA,true,1,true,heuristic_equal_segment,PFC,higher_order_frontal,false,recovered_heuristic_equal_segment,true,false
