session_id,unit_axis_index,probe_id,source_file,a8_3_original_status,a8_3_original_canonical_area,nwb_peak_channel_id,nwb_probe_location,recovered_canonical_area,recovered_area_group,dp_alias_applied,recovery_status,can_upgrade_to_area_claim_candidate,can_support_manuscript_area_claim
230630,29,1,ses230630-units-probe1-spk-AAAB.npy,provisional_unit_area_from_count_matched_row_order,V4,248,"V4, MT",Unknown,unknown_or_unresolved,false,source_probe_resolved_but_channel_unresolvable,false,false
230630,30,1,ses230630-units-probe1-spk-AAAB.npy,provisional_unit_area_from_count_matched_row_order,V4,246,"V4, MT",Unknown,unknown_or_unresolved,false,source_probe_resolved_but_channel_unresolvable,false,false
230630,31,1,ses230630-units-probe1-spk-AAAB.npy,provisional_unit_area_from_count_matched_row_order,V4,245,"V4, MT",Unknown,unknown_or_unresolved,false,source_probe_resolved_but_channel_unresolvable,false,false
230630,32,1,ses230630-units-probe1-spk-AAAB.npy,provisional_unit_area_from_count_matched_row_order,MT,140,"V4, MT",Unknown,unknown_or_unresolved,false,source_probe_resolved_but_channel_unresolvable,false,false
230630,33,1,ses230630-units-probe1-spk-AAAB.npy,provisional_unit_area_from_count_matched_row_order,MT,243,"V4, MT",Unknown,unknown_or_unresolved,false,source_probe_resolved_but_channel_unresolvable,false,false
230630,34,1,ses230630-units-probe1-spk-AAAB.npy,provisional_unit_area_from_count_matched_row_order,V4,141,"V4, MT",Unknown,unknown_or_unresolved,false,source_probe_resolved_but_channel_unresolvable,false,false
230630,35,1,ses230630-units-probe1-spk-AAAB.npy,provisional_unit_area_from_count_matched_row_order,V4,144,"V4, MT",Unknown,unknown_or_unresolved,false,source_probe_resolved_but_channel_unresolvable,false,false
230630,36,1,ses230630-units-probe1-spk-AAAB.npy,provisional_unit_area_from_count_matched_row_order,V4,239,"V4, MT",Unknown,unknown_or_unresolved,false,source_probe_resolved_but_channel_unresolvable,false,false
230630,37,1,ses230630-units-probe1-spk-AAAB.npy,provisional_unit_area_from_count_matched_row_order,V4,238,"V4, MT",Unknown,unknown_or_unresolved,false,source_probe_resolved_but_channel_unresolvable,false,false
230630,38,1,ses230630-units-probe1-spk-AAAB.npy,provisional_unit_area_from_count_matched_row_order,MT,147,"V4, MT",Unknown,unknown_or_unresolved,false,source_probe_resolved_but_channel_unresolvable,false,false
230630,39,1,ses230630-units-probe1-spk-AAAB.npy,provisional_unit_area_from_count_matched_row_order,MT,147,"V4, MT",Unknown,unknown_or_unresolved,false,source_probe_resolved_but_channel_unresolvable,false,false
230630,40,1,ses230630-units-probe1-spk-AAAB.npy,provisional_unit_area_from_count_matched_row_order,MT,235,"V4, MT",Unknown,unknown_or_unresolved,false,source_probe_resolved_but_channel_unresolvable,false,false
230630,41,1,ses230630-units-probe1-spk-AAAB.npy,provisional_unit_area_from_count_matched_row_order,MT,149,"V4, MT",Unknown,unknown_or_unresolved,false,source_probe_resolved_but_channel_unresolvable,false,false
230630,42,1,ses230630-units-probe1-spk-AAAB.npy,provisional_unit_area_from_count_matched_row_order,MT,234,"V4, MT",Unknown,unknown_or_unresolved,false,source_probe_resolved_but_channel_unresolvable,false,false
230630,43,1,ses230630-units-probe1-spk-AAAB.npy,provisional_unit_area_from_count_matched_row_order,MT,233,"V4, MT",Unknown,unknown_or_unresolved,false,source_probe_resolved_but_channel_unresolvable,false,false
230630,44,1,ses230630-units-probe1-spk-AAAB.npy,provisional_unit_area_from_count_matched_row_order,V4,232,"V4, MT",Unknown,unknown_or_unresolved,false,source_probe_resolved_but_channel_unresolvable,false,false
230630,45,1,ses230630-units-probe1-spk-AAAB.npy,provisional_unit_area_from_count_matched_row_order,V4,152,"V4, MT",Unknown,unknown_or_unresolved,false,source_probe_resolved_but_channel_unresolvable,false,false
230630,46,1,ses230630-units-probe1-spk-AAAB.npy,provisional_unit_area_from_count_matched_row_order,MT,231,"V4, MT",Unknown,unknown_or_unresolved,false,source_probe_resolved_but_channel_unresolvable,false,false
230630,47,1,ses230630-units-probe1-spk-AAAB.npy,provisional_unit_area_from_count_matched_row_order,MT,231,"V4, MT",Unknown,unknown_or_unresolved,false,source_probe_resolved_but_channel_unresolvable,false,false
230630,48,1,ses230630-units-probe1-spk-AAAB.npy,provisional_unit_area_from_count_matched_row_order,MT,230,"V4, MT",Unknown,unknown_or_unresolved,false,source_probe_resolved_but_channel_unresolvable,false,false
230630,49,1,ses230630-units-probe1-spk-AAAB.npy,provisional_unit_area_from_count_matched_row_order,V4,228,"V4, MT",Unknown,unknown_or_unresolved,false,source_probe_resolved_but_channel_unresolvable,false,false
230630,50,1,ses230630-units-probe1-spk-AAAB.npy,provisional_unit_area_from_count_matched_row_order,V4,227,"V4, MT",Unknown,unknown_or_unresolved,false,source_probe_resolved_but_channel_unresolvable,false,false
230630,51,1,ses230630-units-probe1-spk-AAAB.npy,provisional_unit_area_from_count_matched_row_order,V4,157,"V4, MT",Unknown,unknown_or_unresolved,false,source_probe_resolved_but_channel_unresolvable,false,false
230630,52,1,ses230630-units-probe1-spk-AAAB.npy,provisional_unit_area_from_count_matched_row_order,V4,157,"V4, MT",Unknown,unknown_or_unresolved,false,source_probe_resolved_but_channel_unresolvable,false,false
230630,53,1,ses230630-units-probe1-spk-AAAB.npy,provisional_unit_area_from_count_matched_row_order,V4,222,"V4, MT",Unknown,unknown_or_unresolved,false,source_probe_resolved_but_channel_unresolvable,false,false
230630,54,1,ses230630-units-probe1-spk-AAAB.npy,provisional_unit_area_from_count_matched_row_order,V4,167,"V4, MT",Unknown,unknown_or_unresolved,false,source_probe_resolved_but_channel_unresolvable,false,false
230630,55,1,ses230630-units-probe1-spk-AAAB.npy,provisional_unit_area_from_count_matched_row_order,V4,167,"V4, MT",Unknown,unknown_or_unresolved,false,source_probe_resolved_but_channel_unresolvable,false,false
230630,56,1,ses230630-units-probe1-spk-AAAB.npy,provisional_unit_area_from_count_matched_row_order,MT,167,"V4, MT",Unknown,unknown_or_unresolved,false,source_probe_resolved_but_channel_unresolvable,false,false
230630,57,1,ses230630-units-probe1-spk-AAAB.npy,provisional_unit_area_from_count_matched_row_order,V4,169,"V4, MT",Unknown,unknown_or_unresolved,false,source_probe_resolved_but_channel_unresolvable,false,false
230630,58,1,ses230630-units-probe1-spk-AAAB.npy,provisional_unit_area_from_count_matched_row_order,V4,171,"V4, MT",Unknown,unknown_or_unresolved,false,source_probe_resolved_but_channel_unresolvable,false,false
230630,59,1,ses230630-units-probe1-spk-AAAB.npy,provisional_unit_area_from_count_matched_row_order,V4,171,"V4, MT",Unknown,unknown_or_unresolved,false,source_probe_resolved_but_channel_unresolvable,false,false
230630,60,1,ses230630-units-probe1-spk-AAAB.npy,provisional_unit_area_from_count_matched_row_order,V4,172,"V4, MT",Unknown,unknown_or_unresolved,false,source_probe_resolved_but_channel_unresolvable,false,false
230630,61,1,ses230630-units-probe1-spk-AAAB.npy,provisional_unit_area_from_count_matched_row_order,V4,211,"V4, MT",Unknown,unknown_or_unresolved,false,source_probe_resolved_but_channel_unresolvable,false,false
230630,62,1,ses230630-units-probe1-spk-AAAB.npy,provisional_unit_area_from_count_matched_row_order,V4,211,"V4, MT",Unknown,unknown_or_unresolved,false,source_probe_resolved_but_channel_unresolvable,false,false
230630,63,1,ses230630-units-probe1-spk-AAAB.npy,provisional_unit_area_from_count_matched_row_order,V4,173,"V4, MT",Unknown,unknown_or_unresolved,false,source_probe_resolved_but_channel_unresolvable,false,false
230630,64,1,ses230630-units-probe1-spk-AAAB.npy,provisional_unit_area_from_count_matched_row_order,MT,175,"V4, MT",Unknown,unknown_or_unresolved,false,source_probe_resolved_but_channel_unresolvable,false,false
230630,65,1,ses230630-units-probe1-spk-AAAB.npy,provisional_unit_area_from_count_matched_row_order,MT,175,"V4, MT",Unknown,unknown_or_unresolved,false,source_probe_resolved_but_channel_unresolvable,false,false
230630,66,1,ses230630-units-probe1-spk-AAAB.npy,provisional_unit_area_from_count_matched_row_order,V4,176,"V4, MT",Unknown,unknown_or_unresolved,false,source_probe_resolved_but_channel_unresolvable,false,false
230630,67,1,ses230630-units-probe1-spk-AAAB.npy,provisional_unit_area_from_count_matched_row_order,V4,206,"V4, MT",Unknown,unknown_or_unresolved,false,source_probe_resolved_but_channel_unresolvable,false,false
230630,68,1,ses230630-units-probe1-spk-AAAB.npy,provisional_unit_area_from_count_matched_row_order,MT,205,"V4, MT",Unknown,unknown_or_unresolved,false,source_probe_resolved_but_channel_unresolvable,false,false
230630,69,1,ses230630-units-probe1-spk-AAAB.npy,provisional_unit_area_from_count_matched_row_order,MT,205,"V4, MT",Unknown,unknown_or_unresolved,false,source_probe_resolved_but_channel_unresolvable,false,false
230630,70,1,ses230630-units-probe1-spk-AAAB.npy,provisional_unit_area_from_count_matched_row_order,V4,202,"V4, MT",Unknown,unknown_or_unresolved,false,source_probe_resolved_but_channel_unresolvable,false,false
230630,71,1,ses230630-units-probe1-spk-AAAB.npy,provisional_unit_area_from_count_matched_row_order,MT,201,"V4, MT",Unknown,unknown_or_unresolved,false,source_probe_resolved_but_channel_unresolvable,false,false
230630,72,1,ses230630-units-probe1-spk-AAAB.npy,provisional_unit_area_from_count_matched_row_order,MT,200,"V4, MT",Unknown,unknown_or_unresolved,false,source_probe_resolved_but_channel_unresolvable,false,false
230630,73,1,ses230630-units-probe1-spk-AAAB.npy,provisional_unit_area_from_count_matched_row_order,MT,183,"V4, MT",Unknown,unknown_or_unresolved,false,source_probe_resolved_but_channel_unresolvable,false,false
230630,74,1,ses230630-units-probe1-spk-AAAB.npy,provisional_unit_area_from_count_matched_row_order,V4,185,"V4, MT",Unknown,unknown_or_unresolved,false,source_probe_resolved_but_channel_unresolvable,false,false
230630,75,1,ses230630-units-probe1-spk-AAAB.npy,provisional_unit_area_from_count_matched_row_order,MT,198,"V4, MT",Unknown,unknown_or_unresolved,false,source_probe_resolved_but_channel_unresolvable,false,false
230630,76,1,ses230630-units-probe1-spk-AAAB.npy,provisional_unit_area_from_count_matched_row_order,MT,197,"V4, MT",Unknown,unknown_or_unresolved,false,source_probe_resolved_but_channel_unresolvable,false,false
230630,77,1,ses230630-units-probe1-spk-AAAB.npy,provisional_unit_area_from_count_matched_row_order,MT,197,"V4, MT",Unknown,unknown_or_unresolved,false,source_probe_resolved_but_channel_unresolvable,false,false
230630,78,1,ses230630-units-probe1-spk-AAAB.npy,provisional_unit_area_from_count_matched_row_order,MT,188,"V4, MT",Unknown,unknown_or_unresolved,false,source_probe_resolved_but_channel_unresolvable,false,false
230630,79,1,ses230630-units-probe1-spk-AAAB.npy,provisional_unit_area_from_count_matched_row_order,MT,188,"V4, MT",Unknown,unknown_or_unresolved,false,source_probe_resolved_but_channel_unresolvable,false,false
230630,80,1,ses230630-units-probe1-spk-AAAB.npy,provisional_unit_area_from_count_matched_row_order,V4,189,"V4, MT",Unknown,unknown_or_unresolved,false,source_probe_resolved_but_channel_unresolvable,false,false
230630,81,1,ses230630-units-probe1-spk-AAAB.npy,provisional_unit_area_from_count_matched_row_order,V4,190,"V4, MT",Unknown,unknown_or_unresolved,false,source_probe_resolved_but_channel_unresolvable,false,false
230630,82,1,ses230630-units-probe1-spk-AAAB.npy,provisional_unit_area_from_count_matched_row_order,V4,190,"V4, MT",Unknown,unknown_or_unresolved,false,source_probe_resolved_but_channel_unresolvable,false,false
230630,83,1,ses230630-units-probe1-spk-AAAB.npy,provisional_unit_area_from_count_matched_row_order,V4,190,"V4, MT",Unknown,unknown_or_unresolved,false,source_probe_resolved_but_channel_unresolvable,false,false
230630,84,1,ses230630-units-probe1-spk-AAAB.npy,provisional_unit_area_from_count_matched_row_order,V4,190,"V4, MT",Unknown,unknown_or_unresolved,false,source_probe_resolved_but_channel_unresolvable,false,false
230630,85,1,ses230630-units-probe1-spk-AAAB.npy,provisional_unit_area_from_count_matched_row_order,MT,245,"V4, MT",Unknown,unknown_or_unresolved,false,source_probe_resolved_but_channel_unresolvable,false,false
230630,86,1,ses230630-units-probe1-spk-AAAB.npy,provisional_unit_area_from_count_matched_row_order,V4,144,"V4, MT",Unknown,unknown_or_unresolved,false,source_probe_resolved_but_channel_unresolvable,false,false
230630,87,1,ses230630-units-probe1-spk-AAAB.npy,provisional_unit_area_from_count_matched_row_order,MT,147,"V4, MT",Unknown,unknown_or_unresolved,false,source_probe_resolved_but_channel_unresolvable,false,false
230721,57,1,ses230721-units-probe1-spk-AAAB.npy,unmapped_no_metadata,Unknown,254,"V3d, V3a",Unknown,unknown_or_unresolved,false,source_probe_resolved_but_channel_unresolvable,false,false
230721,58,1,ses230721-units-probe1-spk-AAAB.npy,unmapped_no_metadata,Unknown,255,"V3d, V3a",Unknown,unknown_or_unresolved,false,source_probe_resolved_but_channel_unresolvable,false,false
230721,59,1,ses230721-units-probe1-spk-AAAB.npy,unmapped_no_metadata,Unknown,255,"V3d, V3a",Unknown,unknown_or_unresolved,false,source_probe_resolved_but_channel_unresolvable,false,false
230721,60,1,ses230721-units-probe1-spk-AAAB.npy,unmapped_no_metadata,Unknown,255,"V3d, V3a",Unknown,unknown_or_unresolved,false,source_probe_resolved_but_channel_unresolvable,false,false
230721,61,1,ses230721-units-probe1-spk-AAAB.npy,unmapped_no_metadata,Unknown,130,"V3d, V3a",Unknown,unknown_or_unresolved,false,source_probe_resolved_but_channel_unresolvable,false,false
230721,62,1,ses230721-units-probe1-spk-AAAB.npy,unmapped_no_metadata,Unknown,254,"V3d, V3a",Unknown,unknown_or_unresolved,false,source_probe_resolved_but_channel_unresolvable,false,false
230721,63,1,ses230721-units-probe1-spk-AAAB.npy,unmapped_no_metadata,Unknown,130,"V3d, V3a",Unknown,unknown_or_unresolved,false,source_probe_resolved_but_channel_unresolvable,false,false
230721,64,1,ses230721-units-probe1-spk-AAAB.npy,unmapped_no_metadata,Unknown,131,"V3d, V3a",Unknown,unknown_or_unresolved,false,source_probe_resolved_but_channel_unresolvable,false,false
230721,65,1,ses230721-units-probe1-spk-AAAB.npy,unmapped_no_metadata,Unknown,253,"V3d, V3a",Unknown,unknown_or_unresolved,false,source_probe_resolved_but_channel_unresolvable,false,false
230721,66,1,ses230721-units-probe1-spk-AAAB.npy,unmapped_no_metadata,Unknown,132,"V3d, V3a",Unknown,unknown_or_unresolved,false,source_probe_resolved_but_channel_unresolvable,false,false
230721,67,1,ses230721-units-probe1-spk-AAAB.npy,unmapped_no_metadata,Unknown,252,"V3d, V3a",Unknown,unknown_or_unresolved,false,source_probe_resolved_but_channel_unresolvable,false,false
230721,68,1,ses230721-units-probe1-spk-AAAB.npy,unmapped_no_metadata,Unknown,251,"V3d, V3a",Unknown,unknown_or_unresolved,false,source_probe_resolved_but_channel_unresolvable,false,false
230721,69,1,ses230721-units-probe1-spk-AAAB.npy,unmapped_no_metadata,Unknown,132,"V3d, V3a",Unknown,unknown_or_unresolved,false,source_probe_resolved_but_channel_unresolvable,false,false
230721,70,1,ses230721-units-probe1-spk-AAAB.npy,unmapped_no_metadata,Unknown,250,"V3d, V3a",Unknown,unknown_or_unresolved,false,source_probe_resolved_but_channel_unresolvable,false,false
230721,71,1,ses230721-units-probe1-spk-AAAB.npy,unmapped_no_metadata,Unknown,133,"V3d, V3a",Unknown,unknown_or_unresolved,false,source_probe_resolved_but_channel_unresolvable,false,false
230721,72,1,ses230721-units-probe1-spk-AAAB.npy,unmapped_no_metadata,Unknown,134,"V3d, V3a",Unknown,unknown_or_unresolved,false,source_probe_resolved_but_channel_unresolvable,false,false
230721,73,1,ses230721-units-probe1-spk-AAAB.npy,unmapped_no_metadata,Unknown,135,"V3d, V3a",Unknown,unknown_or_unresolved,false,source_probe_resolved_but_channel_unresolvable,false,false
230721,74,1,ses230721-units-probe1-spk-AAAB.npy,unmapped_no_metadata,Unknown,135,"V3d, V3a",Unknown,unknown_or_unresolved,false,source_probe_resolved_but_channel_unresolvable,false,false
230721,75,1,ses230721-units-probe1-spk-AAAB.npy,unmapped_no_metadata,Unknown,248,"V3d, V3a",Unknown,unknown_or_unresolved,false,source_probe_resolved_but_channel_unresolvable,false,false
230721,76,1,ses230721-units-probe1-spk-AAAB.npy,unmapped_no_metadata,Unknown,136,"V3d, V3a",Unknown,unknown_or_unresolved,false,source_probe_resolved_but_channel_unresolvable,false,false
230721,77,1,ses230721-units-probe1-spk-AAAB.npy,unmapped_no_metadata,Unknown,136,"V3d, V3a",Unknown,unknown_or_unresolved,false,source_probe_resolved_but_channel_unresolvable,false,false
230721,78,1,ses230721-units-probe1-spk-AAAB.npy,unmapped_no_metadata,Unknown,247,"V3d, V3a",Unknown,unknown_or_unresolved,false,source_probe_resolved_but_channel_unresolvable,false,false
230721,79,1,ses230721-units-probe1-spk-AAAB.npy,unmapped_no_metadata,Unknown,137,"V3d, V3a",Unknown,unknown_or_unresolved,false,source_probe_resolved_but_channel_unresolvable,false,false
230721,80,1,ses230721-units-probe1-spk-AAAB.npy,unmapped_no_metadata,Unknown,137,"V3d, V3a",Unknown,unknown_or_unresolved,false,source_probe_resolved_but_channel_unresolvable,false,false
230721,81,1,ses230721-units-probe1-spk-AAAB.npy,unmapped_no_metadata,Unknown,137,"V3d, V3a",Unknown,unknown_or_unresolved,false,source_probe_resolved_but_channel_unresolvable,false,false
230721,82,1,ses230721-units-probe1-spk-AAAB.npy,unmapped_no_metadata,Unknown,246,"V3d, V3a",Unknown,unknown_or_unresolved,false,source_probe_resolved_but_channel_unresolvable,false,false
230721,83,1,ses230721-units-probe1-spk-AAAB.npy,unmapped_no_metadata,Unknown,138,"V3d, V3a",Unknown,unknown_or_unresolved,false,source_probe_resolved_but_channel_unresolvable,false,false
230721,84,1,ses230721-units-probe1-spk-AAAB.npy,unmapped_no_metadata,Unknown,138,"V3d, V3a",Unknown,unknown_or_unresolved,false,source_probe_resolved_but_channel_unresolvable,false,false
230721,85,1,ses230721-units-probe1-spk-AAAB.npy,unmapped_no_metadata,Unknown,138,"V3d, V3a",Unknown,unknown_or_unresolved,false,source_probe_resolved_but_channel_unresolvable,false,false
230721,86,1,ses230721-units-probe1-spk-AAAB.npy,unmapped_no_metadata,Unknown,139,"V3d, V3a",Unknown,unknown_or_unresolved,false,source_probe_resolved_but_channel_unresolvable,false,false
230721,87,1,ses230721-units-probe1-spk-AAAB.npy,unmapped_no_metadata,Unknown,140,"V3d, V3a",Unknown,unknown_or_unresolved,false,source_probe_resolved_but_channel_unresolvable,false,false
230721,88,1,ses230721-units-probe1-spk-AAAB.npy,unmapped_no_metadata,Unknown,140,"V3d, V3a",Unknown,unknown_or_unresolved,false,source_probe_resolved_but_channel_unresolvable,false,false
230721,89,1,ses230721-units-probe1-spk-AAAB.npy,unmapped_no_metadata,Unknown,243,"V3d, V3a",Unknown,unknown_or_unresolved,false,source_probe_resolved_but_channel_unresolvable,false,false
230721,90,1,ses230721-units-probe1-spk-AAAB.npy,unmapped_no_metadata,Unknown,141,"V3d, V3a",Unknown,unknown_or_unresolved,false,source_probe_resolved_but_channel_unresolvable,false,false
230721,91,1,ses230721-units-probe1-spk-AAAB.npy,unmapped_no_metadata,Unknown,141,"V3d, V3a",Unknown,unknown_or_unresolved,false,source_probe_resolved_but_channel_unresolvable,false,false
230721,92,1,ses230721-units-probe1-spk-AAAB.npy,unmapped_no_metadata,Unknown,141,"V3d, V3a",Unknown,unknown_or_unresolved,false,source_probe_resolved_but_channel_unresolvable,false,false
230721,93,1,ses230721-units-probe1-spk-AAAB.npy,unmapped_no_metadata,Unknown,242,"V3d, V3a",Unknown,unknown_or_unresolved,false,source_probe_resolved_but_channel_unresolvable,false,false
230721,94,1,ses230721-units-probe1-spk-AAAB.npy,unmapped_no_metadata,Unknown,241,"V3d, V3a",Unknown,unknown_or_unresolved,false,source_probe_resolved_but_channel_unresolvable,false,false
230721,95,1,ses230721-units-probe1-spk-AAAB.npy,unmapped_no_metadata,Unknown,143,"V3d, V3a",Unknown,unknown_or_unresolved,false,source_probe_resolved_but_channel_unresolvable,false,false
230721,96,1,ses230721-units-probe1-spk-AAAB.npy,unmapped_no_metadata,Unknown,240,"V3d, V3a",Unknown,unknown_or_unresolved,false,source_probe_resolved_but_channel_unresolvable,false,false
230721,97,1,ses230721-units-probe1-spk-AAAB.npy,unmapped_no_metadata,Unknown,144,"V3d, V3a",Unknown,unknown_or_unresolved,false,source_probe_resolved_but_channel_unresolvable,false,false
230721,98,1,ses230721-units-probe1-spk-AAAB.npy,unmapped_no_metadata,Unknown,144,"V3d, V3a",Unknown,unknown_or_unresolved,false,source_probe_resolved_but_channel_unresolvable,false,false
230721,99,1,ses230721-units-probe1-spk-AAAB.npy,unmapped_no_metadata,Unknown,144,"V3d, V3a",Unknown,unknown_or_unresolved,false,source_probe_resolved_but_channel_unresolvable,false,false
230721,100,1,ses230721-units-probe1-spk-AAAB.npy,unmapped_no_metadata,Unknown,144,"V3d, V3a",Unknown,unknown_or_unresolved,false,source_probe_resolved_but_channel_unresolvable,false,false
230721,101,1,ses230721-units-probe1-spk-AAAB.npy,unmapped_no_metadata,Unknown,239,"V3d, V3a",Unknown,unknown_or_unresolved,false,source_probe_resolved_but_channel_unresolvable,false,false
230721,102,1,ses230721-units-probe1-spk-AAAB.npy,unmapped_no_metadata,Unknown,239,"V3d, V3a",Unknown,unknown_or_unresolved,false,source_probe_resolved_but_channel_unresolvable,false,false
230721,103,1,ses230721-units-probe1-spk-AAAB.npy,unmapped_no_metadata,Unknown,145,"V3d, V3a",Unknown,unknown_or_unresolved,false,source_probe_resolved_but_channel_unresolvable,false,false
230721,104,1,ses230721-units-probe1-spk-AAAB.npy,unmapped_no_metadata,Unknown,146,"V3d, V3a",Unknown,unknown_or_unresolved,false,source_probe_resolved_but_channel_unresolvable,false,false
230721,105,1,ses230721-units-probe1-spk-AAAB.npy,unmapped_no_metadata,Unknown,146,"V3d, V3a",Unknown,unknown_or_unresolved,false,source_probe_resolved_but_channel_unresolvable,false,false
230721,106,1,ses230721-units-probe1-spk-AAAB.npy,unmapped_no_metadata,Unknown,237,"V3d, V3a",Unknown,unknown_or_unresolved,false,source_probe_resolved_but_channel_unresolvable,false,false
230721,107,1,ses230721-units-probe1-spk-AAAB.npy,unmapped_no_metadata,Unknown,236,"V3d, V3a",Unknown,unknown_or_unresolved,false,source_probe_resolved_but_channel_unresolvable,false,false
230721,108,1,ses230721-units-probe1-spk-AAAB.npy,unmapped_no_metadata,Unknown,148,"V3d, V3a",Unknown,unknown_or_unresolved,false,source_probe_resolved_but_channel_unresolvable,false,false
230721,109,1,ses230721-units-probe1-spk-AAAB.npy,unmapped_no_metadata,Unknown,149,"V3d, V3a",Unknown,unknown_or_unresolved,false,source_probe_resolved_but_channel_unresolvable,false,false
230721,110,1,ses230721-units-probe1-spk-AAAB.npy,unmapped_no_metadata,Unknown,149,"V3d, V3a",Unknown,unknown_or_unresolved,false,source_probe_resolved_but_channel_unresolvable,false,false
230721,111,1,ses230721-units-probe1-spk-AAAB.npy,unmapped_no_metadata,Unknown,150,"V3d, V3a",Unknown,unknown_or_unresolved,false,source_probe_resolved_but_channel_unresolvable,false,false
230721,112,1,ses230721-units-probe1-spk-AAAB.npy,unmapped_no_metadata,Unknown,233,"V3d, V3a",Unknown,unknown_or_unresolved,false,source_probe_resolved_but_channel_unresolvable,false,false
230721,113,1,ses230721-units-probe1-spk-AAAB.npy,unmapped_no_metadata,Unknown,151,"V3d, V3a",Unknown,unknown_or_unresolved,false,source_probe_resolved_but_channel_unresolvable,false,false
230721,114,1,ses230721-units-probe1-spk-AAAB.npy,unmapped_no_metadata,Unknown,151,"V3d, V3a",Unknown,unknown_or_unresolved,false,source_probe_resolved_but_channel_unresolvable,false,false
230721,115,1,ses230721-units-probe1-spk-AAAB.npy,unmapped_no_metadata,Unknown,152,"V3d, V3a",Unknown,unknown_or_unresolved,false,source_probe_resolved_but_channel_unresolvable,false,false
230721,116,1,ses230721-units-probe1-spk-AAAB.npy,unmapped_no_metadata,Unknown,152,"V3d, V3a",Unknown,unknown_or_unresolved,false,source_probe_resolved_but_channel_unresolvable,false,false
230721,117,1,ses230721-units-probe1-spk-AAAB.npy,unmapped_no_metadata,Unknown,153,"V3d, V3a",Unknown,unknown_or_unresolved,false,source_probe_resolved_but_channel_unresolvable,false,false
230721,118,1,ses230721-units-probe1-spk-AAAB.npy,unmapped_no_metadata,Unknown,230,"V3d, V3a",Unknown,unknown_or_unresolved,false,source_probe_resolved_but_channel_unresolvable,false,false
230721,119,1,ses230721-units-probe1-spk-AAAB.npy,unmapped_no_metadata,Unknown,230,"V3d, V3a",Unknown,unknown_or_unresolved,false,source_probe_resolved_but_channel_unresolvable,false,false
230721,120,1,ses230721-units-probe1-spk-AAAB.npy,unmapped_no_metadata,Unknown,229,"V3d, V3a",Unknown,unknown_or_unresolved,false,source_probe_resolved_but_channel_unresolvable,false,false
230721,121,1,ses230721-units-probe1-spk-AAAB.npy,unmapped_no_metadata,Unknown,229,"V3d, V3a",Unknown,unknown_or_unresolved,false,source_probe_resolved_but_channel_unresolvable,false,false
230721,122,1,ses230721-units-probe1-spk-AAAB.npy,unmapped_no_metadata,Unknown,155,"V3d, V3a",Unknown,unknown_or_unresolved,false,source_probe_resolved_but_channel_unresolvable,false,false
230721,123,1,ses230721-units-probe1-spk-AAAB.npy,unmapped_no_metadata,Unknown,155,"V3d, V3a",Unknown,unknown_or_unresolved,false,source_probe_resolved_but_channel_unresolvable,false,false
230721,124,1,ses230721-units-probe1-spk-AAAB.npy,unmapped_no_metadata,Unknown,228,"V3d, V3a",Unknown,unknown_or_unresolved,false,source_probe_resolved_but_channel_unresolvable,false,false
230721,125,1,ses230721-units-probe1-spk-AAAB.npy,unmapped_no_metadata,Unknown,228,"V3d, V3a",Unknown,unknown_or_unresolved,false,source_probe_resolved_but_channel_unresolvable,false,false
230721,126,1,ses230721-units-probe1-spk-AAAB.npy,unmapped_no_metadata,Unknown,156,"V3d, V3a",Unknown,unknown_or_unresolved,false,source_probe_resolved_but_channel_unresolvable,false,false
230721,127,1,ses230721-units-probe1-spk-AAAB.npy,unmapped_no_metadata,Unknown,157,"V3d, V3a",Unknown,unknown_or_unresolved,false,source_probe_resolved_but_channel_unresolvable,false,false
230721,128,1,ses230721-units-probe1-spk-AAAB.npy,unmapped_no_metadata,Unknown,156,"V3d, V3a",Unknown,unknown_or_unresolved,false,source_probe_resolved_but_channel_unresolvable,false,false
230721,129,1,ses230721-units-probe1-spk-AAAB.npy,unmapped_no_metadata,Unknown,222,"V3d, V3a",Unknown,unknown_or_unresolved,false,source_probe_resolved_but_channel_unresolvable,false,false
230721,130,1,ses230721-units-probe1-spk-AAAB.npy,unmapped_no_metadata,Unknown,225,"V3d, V3a",Unknown,unknown_or_unresolved,false,source_probe_resolved_but_channel_unresolvable,false,false
230721,131,1,ses230721-units-probe1-spk-AAAB.npy,unmapped_no_metadata,Unknown,159,"V3d, V3a",Unknown,unknown_or_unresolved,false,source_probe_resolved_but_channel_unresolvable,false,false
230721,132,1,ses230721-units-probe1-spk-AAAB.npy,unmapped_no_metadata,Unknown,160,"V3d, V3a",Unknown,unknown_or_unresolved,false,source_probe_resolved_but_channel_unresolvable,false,false
230721,133,1,ses230721-units-probe1-spk-AAAB.npy,unmapped_no_metadata,Unknown,223,"V3d, V3a",Unknown,unknown_or_unresolved,false,source_probe_resolved_but_channel_unresolvable,false,false
230721,134,1,ses230721-units-probe1-spk-AAAB.npy,unmapped_no_metadata,Unknown,161,"V3d, V3a",Unknown,unknown_or_unresolved,false,source_probe_resolved_but_channel_unresolvable,false,false
230721,135,1,ses230721-units-probe1-spk-AAAB.npy,unmapped_no_metadata,Unknown,222,"V3d, V3a",Unknown,unknown_or_unresolved,false,source_probe_resolved_but_channel_unresolvable,false,false
230721,136,1,ses230721-units-probe1-spk-AAAB.npy,unmapped_no_metadata,Unknown,221,"V3d, V3a",Unknown,unknown_or_unresolved,false,source_probe_resolved_but_channel_unresolvable,false,false
230721,137,1,ses230721-units-probe1-spk-AAAB.npy,unmapped_no_metadata,Unknown,162,"V3d, V3a",Unknown,unknown_or_unresolved,false,source_probe_resolved_but_channel_unresolvable,false,false
230721,138,1,ses230721-units-probe1-spk-AAAB.npy,unmapped_no_metadata,Unknown,221,"V3d, V3a",Unknown,unknown_or_unresolved,false,source_probe_resolved_but_channel_unresolvable,false,false
230721,139,1,ses230721-units-probe1-spk-AAAB.npy,unmapped_no_metadata,Unknown,164,"V3d, V3a",Unknown,unknown_or_unresolved,false,source_probe_resolved_but_channel_unresolvable,false,false
230721,140,1,ses230721-units-probe1-spk-AAAB.npy,unmapped_no_metadata,Unknown,163,"V3d, V3a",Unknown,unknown_or_unresolved,false,source_probe_resolved_but_channel_unresolvable,false,false
230721,141,1,ses230721-units-probe1-spk-AAAB.npy,unmapped_no_metadata,Unknown,163,"V3d, V3a",Unknown,unknown_or_unresolved,false,source_probe_resolved_but_channel_unresolvable,false,false
230721,142,1,ses230721-units-probe1-spk-AAAB.npy,unmapped_no_metadata,Unknown,164,"V3d, V3a",Unknown,unknown_or_unresolved,false,source_probe_resolved_but_channel_unresolvable,false,false
230721,143,1,ses230721-units-probe1-spk-AAAB.npy,unmapped_no_metadata,Unknown,218,"V3d, V3a",Unknown,unknown_or_unresolved,false,source_probe_resolved_but_channel_unresolvable,false,false
230721,144,1,ses230721-units-probe1-spk-AAAB.npy,unmapped_no_metadata,Unknown,164,"V3d, V3a",Unknown,unknown_or_unresolved,false,source_probe_resolved_but_channel_unresolvable,false,false
230721,145,1,ses230721-units-probe1-spk-AAAB.npy,unmapped_no_metadata,Unknown,164,"V3d, V3a",Unknown,unknown_or_unresolved,false,source_probe_resolved_but_channel_unresolvable,false,false
230721,146,1,ses230721-units-probe1-spk-AAAB.npy,unmapped_no_metadata,Unknown,219,"V3d, V3a",Unknown,unknown_or_unresolved,false,source_probe_resolved_but_channel_unresolvable,false,false
230721,147,1,ses230721-units-probe1-spk-AAAB.npy,unmapped_no_metadata,Unknown,218,"V3d, V3a",Unknown,unknown_or_unresolved,false,source_probe_resolved_but_channel_unresolvable,false,false
230721,148,1,ses230721-units-probe1-spk-AAAB.npy,unmapped_no_metadata,Unknown,218,"V3d, V3a",Unknown,unknown_or_unresolved,false,source_probe_resolved_but_channel_unresolvable,false,false
230721,149,1,ses230721-units-probe1-spk-AAAB.npy,unmapped_no_metadata,Unknown,218,"V3d, V3a",Unknown,unknown_or_unresolved,false,source_probe_resolved_but_channel_unresolvable,false,false
230721,150,1,ses230721-units-probe1-spk-AAAB.npy,unmapped_no_metadata,Unknown,218,"V3d, V3a",Unknown,unknown_or_unresolved,false,source_probe_resolved_but_channel_unresolvable,false,false
230721,151,1,ses230721-units-probe1-spk-AAAB.npy,unmapped_no_metadata,Unknown,218,"V3d, V3a",Unknown,unknown_or_unresolved,false,source_probe_resolved_but_channel_unresolvable,false,false
230721,152,1,ses230721-units-probe1-spk-AAAB.npy,unmapped_no_metadata,Unknown,218,"V3d, V3a",Unknown,unknown_or_unresolved,false,source_probe_resolved_but_channel_unresolvable,false,false
230721,153,1,ses230721-units-probe1-spk-AAAB.npy,unmapped_no_metadata,Unknown,166,"V3d, V3a",Unknown,unknown_or_unresolved,false,source_probe_resolved_but_channel_unresolvable,false,false
230721,154,1,ses230721-units-probe1-spk-AAAB.npy,unmapped_no_metadata,Unknown,167,"V3d, V3a",Unknown,unknown_or_unresolved,false,source_probe_resolved_but_channel_unresolvable,false,false
230721,155,1,ses230721-units-probe1-spk-AAAB.npy,unmapped_no_metadata,Unknown,167,"V3d, V3a",Unknown,unknown_or_unresolved,false,source_probe_resolved_but_channel_unresolvable,false,false
230721,156,1,ses230721-units-probe1-spk-AAAB.npy,unmapped_no_metadata,Unknown,216,"V3d, V3a",Unknown,unknown_or_unresolved,false,source_probe_resolved_but_channel_unresolvable,false,false
230721,157,1,ses230721-units-probe1-spk-AAAB.npy,unmapped_no_metadata,Unknown,168,"V3d, V3a",Unknown,unknown_or_unresolved,false,source_probe_resolved_but_channel_unresolvable,false,false
230721,158,1,ses230721-units-probe1-spk-AAAB.npy,unmapped_no_metadata,Unknown,215,"V3d, V3a",Unknown,unknown_or_unresolved,false,source_probe_resolved_but_channel_unresolvable,false,false
230721,159,1,ses230721-units-probe1-spk-AAAB.npy,unmapped_no_metadata,Unknown,169,"V3d, V3a",Unknown,unknown_or_unresolved,false,source_probe_resolved_but_channel_unresolvable,false,false
230721,160,1,ses230721-units-probe1-spk-AAAB.npy,unmapped_no_metadata,Unknown,170,"V3d, V3a",Unknown,unknown_or_unresolved,false,source_probe_resolved_but_channel_unresolvable,false,false
230721,161,1,ses230721-units-probe1-spk-AAAB.npy,unmapped_no_metadata,Unknown,170,"V3d, V3a",Unknown,unknown_or_unresolved,false,source_probe_resolved_but_channel_unresolvable,false,false
230721,162,1,ses230721-units-probe1-spk-AAAB.npy,unmapped_no_metadata,Unknown,213,"V3d, V3a",Unknown,unknown_or_unresolved,false,source_probe_resolved_but_channel_unresolvable,false,false
230721,163,1,ses230721-units-probe1-spk-AAAB.npy,unmapped_no_metadata,Unknown,171,"V3d, V3a",Unknown,unknown_or_unresolved,false,source_probe_resolved_but_channel_unresolvable,false,false
230721,164,1,ses230721-units-probe1-spk-AAAB.npy,unmapped_no_metadata,Unknown,172,"V3d, V3a",Unknown,unknown_or_unresolved,false,source_probe_resolved_but_channel_unresolvable,false,false
230721,165,1,ses230721-units-probe1-spk-AAAB.npy,unmapped_no_metadata,Unknown,211,"V3d, V3a",Unknown,unknown_or_unresolved,false,source_probe_resolved_but_channel_unresolvable,false,false
230721,166,1,ses230721-units-probe1-spk-AAAB.npy,unmapped_no_metadata,Unknown,173,"V3d, V3a",Unknown,unknown_or_unresolved,false,source_probe_resolved_but_channel_unresolvable,false,false
230721,167,1,ses230721-units-probe1-spk-AAAB.npy,unmapped_no_metadata,Unknown,210,"V3d, V3a",Unknown,unknown_or_unresolved,false,source_probe_resolved_but_channel_unresolvable,false,false
230721,168,1,ses230721-units-probe1-spk-AAAB.npy,unmapped_no_metadata,Unknown,210,"V3d, V3a",Unknown,unknown_or_unresolved,false,source_probe_resolved_but_channel_unresolvable,false,false
230721,169,1,ses230721-units-probe1-spk-AAAB.npy,unmapped_no_metadata,Unknown,174,"V3d, V3a",Unknown,unknown_or_unresolved,false,source_probe_resolved_but_channel_unresolvable,false,false
230721,170,1,ses230721-units-probe1-spk-AAAB.npy,unmapped_no_metadata,Unknown,175,"V3d, V3a",Unknown,unknown_or_unresolved,false,source_probe_resolved_but_channel_unresolvable,false,false
230721,171,1,ses230721-units-probe1-spk-AAAB.npy,unmapped_no_metadata,Unknown,208,"V3d, V3a",Unknown,unknown_or_unresolved,false,source_probe_resolved_but_channel_unresolvable,false,false
230721,172,1,ses230721-units-probe1-spk-AAAB.npy,unmapped_no_metadata,Unknown,208,"V3d, V3a",Unknown,unknown_or_unresolved,false,source_probe_resolved_but_channel_unresolvable,false,false
230721,173,1,ses230721-units-probe1-spk-AAAB.npy,unmapped_no_metadata,Unknown,208,"V3d, V3a",Unknown,unknown_or_unresolved,false,source_probe_resolved_but_channel_unresolvable,false,false
230721,174,1,ses230721-units-probe1-spk-AAAB.npy,unmapped_no_metadata,Unknown,176,"V3d, V3a",Unknown,unknown_or_unresolved,false,source_probe_resolved_but_channel_unresolvable,false,false
230721,175,1,ses230721-units-probe1-spk-AAAB.npy,unmapped_no_metadata,Unknown,177,"V3d, V3a",Unknown,unknown_or_unresolved,false,source_probe_resolved_but_channel_unresolvable,false,false
230721,176,1,ses230721-units-probe1-spk-AAAB.npy,unmapped_no_metadata,Unknown,177,"V3d, V3a",Unknown,unknown_or_unresolved,false,source_probe_resolved_but_channel_unresolvable,false,false
230721,177,1,ses230721-units-probe1-spk-AAAB.npy,unmapped_no_metadata,Unknown,206,"V3d, V3a",Unknown,unknown_or_unresolved,false,source_probe_resolved_but_channel_unresolvable,false,false
230721,178,1,ses230721-units-probe1-spk-AAAB.npy,unmapped_no_metadata,Unknown,178,"V3d, V3a",Unknown,unknown_or_unresolved,false,source_probe_resolved_but_channel_unresolvable,false,false
230721,179,1,ses230721-units-probe1-spk-AAAB.npy,unmapped_no_metadata,Unknown,179,"V3d, V3a",Unknown,unknown_or_unresolved,false,source_probe_resolved_but_channel_unresolvable,false,false
230721,180,1,ses230721-units-probe1-spk-AAAB.npy,unmapped_no_metadata,Unknown,204,"V3d, V3a",Unknown,unknown_or_unresolved,false,source_probe_resolved_but_channel_unresolvable,false,false
230721,181,1,ses230721-units-probe1-spk-AAAB.npy,unmapped_no_metadata,Unknown,203,"V3d, V3a",Unknown,unknown_or_unresolved,false,source_probe_resolved_but_channel_unresolvable,false,false
230721,182,1,ses230721-units-probe1-spk-AAAB.npy,unmapped_no_metadata,Unknown,203,"V3d, V3a",Unknown,unknown_or_unresolved,false,source_probe_resolved_but_channel_unresolvable,false,false
230721,183,1,ses230721-units-probe1-spk-AAAB.npy,unmapped_no_metadata,Unknown,202,"V3d, V3a",Unknown,unknown_or_unresolved,false,source_probe_resolved_but_channel_unresolvable,false,false
230721,184,1,ses230721-units-probe1-spk-AAAB.npy,unmapped_no_metadata,Unknown,201,"V3d, V3a",Unknown,unknown_or_unresolved,false,source_probe_resolved_but_channel_unresolvable,false,false
230721,185,1,ses230721-units-probe1-spk-AAAB.npy,unmapped_no_metadata,Unknown,182,"V3d, V3a",Unknown,unknown_or_unresolved,false,source_probe_resolved_but_channel_unresolvable,false,false
230721,186,1,ses230721-units-probe1-spk-AAAB.npy,unmapped_no_metadata,Unknown,182,"V3d, V3a",Unknown,unknown_or_unresolved,false,source_probe_resolved_but_channel_unresolvable,false,false
230721,187,1,ses230721-units-probe1-spk-AAAB.npy,unmapped_no_metadata,Unknown,201,"V3d, V3a",Unknown,unknown_or_unresolved,false,source_probe_resolved_but_channel_unresolvable,false,false
230721,188,1,ses230721-units-probe1-spk-AAAB.npy,unmapped_no_metadata,Unknown,201,"V3d, V3a",Unknown,unknown_or_unresolved,false,source_probe_resolved_but_channel_unresolvable,false,false
230721,189,1,ses230721-units-probe1-spk-AAAB.npy,unmapped_no_metadata,Unknown,201,"V3d, V3a",Unknown,unknown_or_unresolved,false,source_probe_resolved_but_channel_unresolvable,false,false
230721,190,1,ses230721-units-probe1-spk-AAAB.npy,unmapped_no_metadata,Unknown,200,"V3d, V3a",Unknown,unknown_or_unresolved,false,source_probe_resolved_but_channel_unresolvable,false,false
230721,191,1,ses230721-units-probe1-spk-AAAB.npy,unmapped_no_metadata,Unknown,183,"V3d, V3a",Unknown,unknown_or_unresolved,false,source_probe_resolved_but_channel_unresolvable,false,false
230721,192,1,ses230721-units-probe1-spk-AAAB.npy,unmapped_no_metadata,Unknown,200,"V3d, V3a",Unknown,unknown_or_unresolved,false,source_probe_resolved_but_channel_unresolvable,false,false
230721,193,1,ses230721-units-probe1-spk-AAAB.npy,unmapped_no_metadata,Unknown,200,"V3d, V3a",Unknown,unknown_or_unresolved,false,source_probe_resolved_but_channel_unresolvable,false,false
230721,194,1,ses230721-units-probe1-spk-AAAB.npy,unmapped_no_metadata,Unknown,200,"V3d, V3a",Unknown,unknown_or_unresolved,false,source_probe_resolved_but_channel_unresolvable,false,false
230721,195,1,ses230721-units-probe1-spk-AAAB.npy,unmapped_no_metadata,Unknown,188,"V3d, V3a",Unknown,unknown_or_unresolved,false,source_probe_resolved_but_channel_unresolvable,false,false
230721,196,1,ses230721-units-probe1-spk-AAAB.npy,unmapped_no_metadata,Unknown,190,"V3d, V3a",Unknown,unknown_or_unresolved,false,source_probe_resolved_but_channel_unresolvable,false,false
230721,197,1,ses230721-units-probe1-spk-AAAB.npy,unmapped_no_metadata,Unknown,184,"V3d, V3a",Unknown,unknown_or_unresolved,false,source_probe_resolved_but_channel_unresolvable,false,false
230721,198,1,ses230721-units-probe1-spk-AAAB.npy,unmapped_no_metadata,Unknown,184,"V3d, V3a",Unknown,unknown_or_unresolved,false,source_probe_resolved_but_channel_unresolvable,false,false
230721,199,1,ses230721-units-probe1-spk-AAAB.npy,unmapped_no_metadata,Unknown,199,"V3d, V3a",Unknown,unknown_or_unresolved,false,source_probe_resolved_but_channel_unresolvable,false,false
230721,200,1,ses230721-units-probe1-spk-AAAB.npy,unmapped_no_metadata,Unknown,200,"V3d, V3a",Unknown,unknown_or_unresolved,false,source_probe_resolved_but_channel_unresolvable,false,false
230721,201,1,ses230721-units-probe1-spk-AAAB.npy,unmapped_no_metadata,Unknown,198,"V3d, V3a",Unknown,unknown_or_unresolved,false,source_probe_resolved_but_channel_unresolvable,false,false
230721,202,1,ses230721-units-probe1-spk-AAAB.npy,unmapped_no_metadata,Unknown,185,"V3d, V3a",Unknown,unknown_or_unresolved,false,source_probe_resolved_but_channel_unresolvable,false,false
230721,203,1,ses230721-units-probe1-spk-AAAB.npy,unmapped_no_metadata,Unknown,187,"V3d, V3a",Unknown,unknown_or_unresolved,false,source_probe_resolved_but_channel_unresolvable,false,false
230721,204,1,ses230721-units-probe1-spk-AAAB.npy,unmapped_no_metadata,Unknown,185,"V3d, V3a",Unknown,unknown_or_unresolved,false,source_probe_resolved_but_channel_unresolvable,false,false
230721,205,1,ses230721-units-probe1-spk-AAAB.npy,unmapped_no_metadata,Unknown,191,"V3d, V3a",Unknown,unknown_or_unresolved,false,source_probe_resolved_but_channel_unresolvable,false,false
230721,206,1,ses230721-units-probe1-spk-AAAB.npy,unmapped_no_metadata,Unknown,198,"V3d, V3a",Unknown,unknown_or_unresolved,false,source_probe_resolved_but_channel_unresolvable,false,false
230721,207,1,ses230721-units-probe1-spk-AAAB.npy,unmapped_no_metadata,Unknown,187,"V3d, V3a",Unknown,unknown_or_unresolved,false,source_probe_resolved_but_channel_unresolvable,false,false
230721,208,1,ses230721-units-probe1-spk-AAAB.npy,unmapped_no_metadata,Unknown,186,"V3d, V3a",Unknown,unknown_or_unresolved,false,source_probe_resolved_but_channel_unresolvable,false,false
230721,209,1,ses230721-units-probe1-spk-AAAB.npy,unmapped_no_metadata,Unknown,186,"V3d, V3a",Unknown,unknown_or_unresolved,false,source_probe_resolved_but_channel_unresolvable,false,false
230721,210,1,ses230721-units-probe1-spk-AAAB.npy,unmapped_no_metadata,Unknown,184,"V3d, V3a",Unknown,unknown_or_unresolved,false,source_probe_resolved_but_channel_unresolvable,false,false
230721,211,1,ses230721-units-probe1-spk-AAAB.npy,unmapped_no_metadata,Unknown,186,"V3d, V3a",Unknown,unknown_or_unresolved,false,source_probe_resolved_but_channel_unresolvable,false,false
230721,212,1,ses230721-units-probe1-spk-AAAB.npy,unmapped_no_metadata,Unknown,185,"V3d, V3a",Unknown,unknown_or_unresolved,false,source_probe_resolved_but_channel_unresolvable,false,false
230721,213,1,ses230721-units-probe1-spk-AAAB.npy,unmapped_no_metadata,Unknown,188,"V3d, V3a",Unknown,unknown_or_unresolved,false,source_probe_resolved_but_channel_unresolvable,false,false
230721,214,1,ses230721-units-probe1-spk-AAAB.npy,unmapped_no_metadata,Unknown,197,"V3d, V3a",Unknown,unknown_or_unresolved,false,source_probe_resolved_but_channel_unresolvable,false,false
230721,215,1,ses230721-units-probe1-spk-AAAB.npy,unmapped_no_metadata,Unknown,197,"V3d, V3a",Unknown,unknown_or_unresolved,false,source_probe_resolved_but_channel_unresolvable,false,false
230721,216,1,ses230721-units-probe1-spk-AAAB.npy,unmapped_no_metadata,Unknown,186,"V3d, V3a",Unknown,unknown_or_unresolved,false,source_probe_resolved_but_channel_unresolvable,false,false
230721,217,1,ses230721-units-probe1-spk-AAAB.npy,unmapped_no_metadata,Unknown,184,"V3d, V3a",Unknown,unknown_or_unresolved,false,source_probe_resolved_but_channel_unresolvable,false,false
230721,218,1,ses230721-units-probe1-spk-AAAB.npy,unmapped_no_metadata,Unknown,191,"V3d, V3a",Unknown,unknown_or_unresolved,false,source_probe_resolved_but_channel_unresolvable,false,false
230721,219,1,ses230721-units-probe1-spk-AAAB.npy,unmapped_no_metadata,Unknown,187,"V3d, V3a",Unknown,unknown_or_unresolved,false,source_probe_resolved_but_channel_unresolvable,false,false
230816,102,1,ses230816-units-probe1-spk-AAAB.npy,unmapped_no_metadata,Unknown,128,"V4, MT",Unknown,unknown_or_unresolved,false,source_probe_resolved_but_channel_unresolvable,false,false
230816,103,1,ses230816-units-probe1-spk-AAAB.npy,unmapped_no_metadata,Unknown,255,"V4, MT",Unknown,unknown_or_unresolved,false,source_probe_resolved_but_channel_unresolvable,false,false
230816,104,1,ses230816-units-probe1-spk-AAAB.npy,unmapped_no_metadata,Unknown,254,"V4, MT",Unknown,unknown_or_unresolved,false,source_probe_resolved_but_channel_unresolvable,false,false
230816,105,1,ses230816-units-probe1-spk-AAAB.npy,unmapped_no_metadata,Unknown,131,"V4, MT",Unknown,unknown_or_unresolved,false,source_probe_resolved_but_channel_unresolvable,false,false
230816,106,1,ses230816-units-probe1-spk-AAAB.npy,unmapped_no_metadata,Unknown,253,"V4, MT",Unknown,unknown_or_unresolved,false,source_probe_resolved_but_channel_unresolvable,false,false
230816,107,1,ses230816-units-probe1-spk-AAAB.npy,unmapped_no_metadata,Unknown,253,"V4, MT",Unknown,unknown_or_unresolved,false,source_probe_resolved_but_channel_unresolvable,false,false
230816,108,1,ses230816-units-probe1-spk-AAAB.npy,unmapped_no_metadata,Unknown,252,"V4, MT",Unknown,unknown_or_unresolved,false,source_probe_resolved_but_channel_unresolvable,false,false
230816,109,1,ses230816-units-probe1-spk-AAAB.npy,unmapped_no_metadata,Unknown,132,"V4, MT",Unknown,unknown_or_unresolved,false,source_probe_resolved_but_channel_unresolvable,false,false
230816,110,1,ses230816-units-probe1-spk-AAAB.npy,unmapped_no_metadata,Unknown,132,"V4, MT",Unknown,unknown_or_unresolved,false,source_probe_resolved_but_channel_unresolvable,false,false
230816,111,1,ses230816-units-probe1-spk-AAAB.npy,unmapped_no_metadata,Unknown,250,"V4, MT",Unknown,unknown_or_unresolved,false,source_probe_resolved_but_channel_unresolvable,false,false
230816,112,1,ses230816-units-probe1-spk-AAAB.npy,unmapped_no_metadata,Unknown,134,"V4, MT",Unknown,unknown_or_unresolved,false,source_probe_resolved_but_channel_unresolvable,false,false
230816,113,1,ses230816-units-probe1-spk-AAAB.npy,unmapped_no_metadata,Unknown,134,"V4, MT",Unknown,unknown_or_unresolved,false,source_probe_resolved_but_channel_unresolvable,false,false
230816,114,2,ses230816-units-probe2-spk-AAAB.npy,unmapped_no_metadata,Unknown,,,Unknown,unknown_or_unresolved,false,unresolved_no_candidate_metadata,false,false
230816,115,2,ses230816-units-probe2-spk-AAAB.npy,unmapped_no_metadata,Unknown,,,Unknown,unknown_or_unresolved,false,unresolved_no_candidate_metadata,false,false
230816,116,2,ses230816-units-probe2-spk-AAAB.npy,unmapped_no_metadata,Unknown,,,Unknown,unknown_or_unresolved,false,unresolved_no_candidate_metadata,false,false
230816,117,2,ses230816-units-probe2-spk-AAAB.npy,unmapped_no_metadata,Unknown,,,Unknown,unknown_or_unresolved,false,unresolved_no_candidate_metadata,false,false
230816,118,2,ses230816-units-probe2-spk-AAAB.npy,unmapped_no_metadata,Unknown,,,Unknown,unknown_or_unresolved,false,unresolved_no_candidate_metadata,false,false
230816,119,2,ses230816-units-probe2-spk-AAAB.npy,unmapped_no_metadata,Unknown,,,Unknown,unknown_or_unresolved,false,unresolved_no_candidate_metadata,false,false
230816,120,2,ses230816-units-probe2-spk-AAAB.npy,unmapped_no_metadata,Unknown,,,Unknown,unknown_or_unresolved,false,unresolved_no_candidate_metadata,false,false
230816,121,2,ses230816-units-probe2-spk-AAAB.npy,unmapped_no_metadata,Unknown,,,Unknown,unknown_or_unresolved,false,unresolved_no_candidate_metadata,false,false
230816,122,2,ses230816-units-probe2-spk-AAAB.npy,unmapped_no_metadata,Unknown,,,Unknown,unknown_or_unresolved,false,unresolved_no_candidate_metadata,false,false
230816,123,2,ses230816-units-probe2-spk-AAAB.npy,unmapped_no_metadata,Unknown,,,Unknown,unknown_or_unresolved,false,unresolved_no_candidate_metadata,false,false
230816,124,2,ses230816-units-probe2-spk-AAAB.npy,unmapped_no_metadata,Unknown,,,Unknown,unknown_or_unresolved,false,unresolved_no_candidate_metadata,false,false
230816,125,2,ses230816-units-probe2-spk-AAAB.npy,unmapped_no_metadata,Unknown,,,Unknown,unknown_or_unresolved,false,unresolved_no_candidate_metadata,false,false
230816,126,2,ses230816-units-probe2-spk-AAAB.npy,unmapped_no_metadata,Unknown,,,Unknown,unknown_or_unresolved,false,unresolved_no_candidate_metadata,false,false
230816,127,2,ses230816-units-probe2-spk-AAAB.npy,unmapped_no_metadata,Unknown,,,Unknown,unknown_or_unresolved,false,unresolved_no_candidate_metadata,false,false
230816,128,2,ses230816-units-probe2-spk-AAAB.npy,unmapped_no_metadata,Unknown,,,Unknown,unknown_or_unresolved,false,unresolved_no_candidate_metadata,false,false
230816,129,2,ses230816-units-probe2-spk-AAAB.npy,unmapped_no_metadata,Unknown,,,Unknown,unknown_or_unresolved,false,unresolved_no_candidate_metadata,false,false
230816,130,2,ses230816-units-probe2-spk-AAAB.npy,unmapped_no_metadata,Unknown,,,Unknown,unknown_or_unresolved,false,unresolved_no_candidate_metadata,false,false
230816,131,2,ses230816-units-probe2-spk-AAAB.npy,unmapped_no_metadata,Unknown,,,Unknown,unknown_or_unresolved,false,unresolved_no_candidate_metadata,false,false
230816,132,2,ses230816-units-probe2-spk-AAAB.npy,unmapped_no_metadata,Unknown,,,Unknown,unknown_or_unresolved,false,unresolved_no_candidate_metadata,false,false
230816,133,2,ses230816-units-probe2-spk-AAAB.npy,unmapped_no_metadata,Unknown,,,Unknown,unknown_or_unresolved,false,unresolved_no_candidate_metadata,false,false
230816,134,2,ses230816-units-probe2-spk-AAAB.npy,unmapped_no_metadata,Unknown,,,Unknown,unknown_or_unresolved,false,unresolved_no_candidate_metadata,false,false
230816,135,2,ses230816-units-probe2-spk-AAAB.npy,unmapped_no_metadata,Unknown,,,Unknown,unknown_or_unresolved,false,unresolved_no_candidate_metadata,false,false
230816,136,2,ses230816-units-probe2-spk-AAAB.npy,unmapped_no_metadata,Unknown,,,Unknown,unknown_or_unresolved,false,unresolved_no_candidate_metadata,false,false
230816,137,2,ses230816-units-probe2-spk-AAAB.npy,unmapped_no_metadata,Unknown,,,Unknown,unknown_or_unresolved,false,unresolved_no_candidate_metadata,false,false
230816,138,2,ses230816-units-probe2-spk-AAAB.npy,unmapped_no_metadata,Unknown,,,Unknown,unknown_or_unresolved,false,unresolved_no_candidate_metadata,false,false
230816,139,2,ses230816-units-probe2-spk-AAAB.npy,unmapped_no_metadata,Unknown,,,Unknown,unknown_or_unresolved,false,unresolved_no_candidate_metadata,false,false
230816,140,2,ses230816-units-probe2-spk-AAAB.npy,unmapped_no_metadata,Unknown,,,Unknown,unknown_or_unresolved,false,unresolved_no_candidate_metadata,false,false
230823,156,2,ses230823-units-probe2-spk-AAAB.npy,unmapped_no_metadata,Unknown,,,Unknown,unknown_or_unresolved,false,unresolved_no_candidate_metadata,false,false
230823,157,2,ses230823-units-probe2-spk-AAAB.npy,unmapped_no_metadata,Unknown,,,Unknown,unknown_or_unresolved,false,unresolved_no_candidate_metadata,false,false
230823,158,2,ses230823-units-probe2-spk-AAAB.npy,unmapped_no_metadata,Unknown,,,Unknown,unknown_or_unresolved,false,unresolved_no_candidate_metadata,false,false
230823,159,2,ses230823-units-probe2-spk-AAAB.npy,unmapped_no_metadata,Unknown,,,Unknown,unknown_or_unresolved,false,unresolved_no_candidate_metadata,false,false
230823,160,2,ses230823-units-probe2-spk-AAAB.npy,unmapped_no_metadata,Unknown,,,Unknown,unknown_or_unresolved,false,unresolved_no_candidate_metadata,false,false
230823,161,2,ses230823-units-probe2-spk-AAAB.npy,unmapped_no_metadata,Unknown,,,Unknown,unknown_or_unresolved,false,unresolved_no_candidate_metadata,false,false
230823,162,2,ses230823-units-probe2-spk-AAAB.npy,unmapped_no_metadata,Unknown,,,Unknown,unknown_or_unresolved,false,unresolved_no_candidate_metadata,false,false
230823,163,2,ses230823-units-probe2-spk-AAAB.npy,unmapped_no_metadata,Unknown,,,Unknown,unknown_or_unresolved,false,unresolved_no_candidate_metadata,false,false
230823,164,2,ses230823-units-probe2-spk-AAAB.npy,unmapped_no_metadata,Unknown,,,Unknown,unknown_or_unresolved,false,unresolved_no_candidate_metadata,false,false
230823,165,2,ses230823-units-probe2-spk-AAAB.npy,unmapped_no_metadata,Unknown,,,Unknown,unknown_or_unresolved,false,unresolved_no_candidate_metadata,false,false
230823,166,2,ses230823-units-probe2-spk-AAAB.npy,unmapped_no_metadata,Unknown,,,Unknown,unknown_or_unresolved,false,unresolved_no_candidate_metadata,false,false
230823,167,2,ses230823-units-probe2-spk-AAAB.npy,unmapped_no_metadata,Unknown,,,Unknown,unknown_or_unresolved,false,unresolved_no_candidate_metadata,false,false
230823,168,2,ses230823-units-probe2-spk-AAAB.npy,unmapped_no_metadata,Unknown,,,Unknown,unknown_or_unresolved,false,unresolved_no_candidate_metadata,false,false
230823,169,2,ses230823-units-probe2-spk-AAAB.npy,unmapped_no_metadata,Unknown,,,Unknown,unknown_or_unresolved,false,unresolved_no_candidate_metadata,false,false
230823,170,2,ses230823-units-probe2-spk-AAAB.npy,unmapped_no_metadata,Unknown,,,Unknown,unknown_or_unresolved,false,unresolved_no_candidate_metadata,false,false
230823,171,2,ses230823-units-probe2-spk-AAAB.npy,unmapped_no_metadata,Unknown,,,Unknown,unknown_or_unresolved,false,unresolved_no_candidate_metadata,false,false
230823,172,2,ses230823-units-probe2-spk-AAAB.npy,unmapped_no_metadata,Unknown,,,Unknown,unknown_or_unresolved,false,unresolved_no_candidate_metadata,false,false
230823,173,2,ses230823-units-probe2-spk-AAAB.npy,unmapped_no_metadata,Unknown,,,Unknown,unknown_or_unresolved,false,unresolved_no_candidate_metadata,false,false
230823,174,2,ses230823-units-probe2-spk-AAAB.npy,unmapped_no_metadata,Unknown,,,Unknown,unknown_or_unresolved,false,unresolved_no_candidate_metadata,false,false
230823,175,2,ses230823-units-probe2-spk-AAAB.npy,unmapped_no_metadata,Unknown,376,"V1, V2, V3",Unknown,unknown_or_unresolved,false,source_probe_resolved_but_channel_unresolvable,false,false
230823,176,2,ses230823-units-probe2-spk-AAAB.npy,unmapped_no_metadata,Unknown,376,"V1, V2, V3",Unknown,unknown_or_unresolved,false,source_probe_resolved_but_channel_unresolvable,false,false
230823,177,2,ses230823-units-probe2-spk-AAAB.npy,unmapped_no_metadata,Unknown,376,"V1, V2, V3",Unknown,unknown_or_unresolved,false,source_probe_resolved_but_channel_unresolvable,false,false
230823,178,2,ses230823-units-probe2-spk-AAAB.npy,unmapped_no_metadata,Unknown,376,"V1, V2, V3",Unknown,unknown_or_unresolved,false,source_probe_resolved_but_channel_unresolvable,false,false
230823,179,2,ses230823-units-probe2-spk-AAAB.npy,unmapped_no_metadata,Unknown,375,"V1, V2, V3",Unknown,unknown_or_unresolved,false,source_probe_resolved_but_channel_unresolvable,false,false
230823,180,2,ses230823-units-probe2-spk-AAAB.npy,unmapped_no_metadata,Unknown,375,"V1, V2, V3",Unknown,unknown_or_unresolved,false,source_probe_resolved_but_channel_unresolvable,false,false
230823,181,2,ses230823-units-probe2-spk-AAAB.npy,unmapped_no_metadata,Unknown,265,"V1, V2, V3",Unknown,unknown_or_unresolved,false,source_probe_resolved_but_channel_unresolvable,false,false
230823,182,2,ses230823-units-probe2-spk-AAAB.npy,unmapped_no_metadata,Unknown,374,"V1, V2, V3",Unknown,unknown_or_unresolved,false,source_probe_resolved_but_channel_unresolvable,false,false
230823,183,2,ses230823-units-probe2-spk-AAAB.npy,unmapped_no_metadata,Unknown,266,"V1, V2, V3",Unknown,unknown_or_unresolved,false,source_probe_resolved_but_channel_unresolvable,false,false
230823,184,2,ses230823-units-probe2-spk-AAAB.npy,unmapped_no_metadata,Unknown,266,"V1, V2, V3",Unknown,unknown_or_unresolved,false,source_probe_resolved_but_channel_unresolvable,false,false
230823,185,2,ses230823-units-probe2-spk-AAAB.npy,unmapped_no_metadata,Unknown,372,"V1, V2, V3",Unknown,unknown_or_unresolved,false,source_probe_resolved_but_channel_unresolvable,false,false
230823,186,2,ses230823-units-probe2-spk-AAAB.npy,unmapped_no_metadata,Unknown,267,"V1, V2, V3",Unknown,unknown_or_unresolved,false,source_probe_resolved_but_channel_unresolvable,false,false
230823,187,2,ses230823-units-probe2-spk-AAAB.npy,unmapped_no_metadata,Unknown,372,"V1, V2, V3",Unknown,unknown_or_unresolved,false,source_probe_resolved_but_channel_unresolvable,false,false
230823,188,2,ses230823-units-probe2-spk-AAAB.npy,unmapped_no_metadata,Unknown,372,"V1, V2, V3",Unknown,unknown_or_unresolved,false,source_probe_resolved_but_channel_unresolvable,false,false
230823,189,2,ses230823-units-probe2-spk-AAAB.npy,unmapped_no_metadata,Unknown,372,"V1, V2, V3",Unknown,unknown_or_unresolved,false,source_probe_resolved_but_channel_unresolvable,false,false
230823,190,2,ses230823-units-probe2-spk-AAAB.npy,unmapped_no_metadata,Unknown,268,"V1, V2, V3",Unknown,unknown_or_unresolved,false,source_probe_resolved_but_channel_unresolvable,false,false
230823,191,2,ses230823-units-probe2-spk-AAAB.npy,unmapped_no_metadata,Unknown,371,"V1, V2, V3",Unknown,unknown_or_unresolved,false,source_probe_resolved_but_channel_unresolvable,false,false
230823,192,2,ses230823-units-probe2-spk-AAAB.npy,unmapped_no_metadata,Unknown,371,"V1, V2, V3",Unknown,unknown_or_unresolved,false,source_probe_resolved_but_channel_unresolvable,false,false
230830,136,1,ses230830-units-probe1-spk-AAAB.npy,provisional_unit_area_from_count_matched_row_order,MT,128,"V4, MT",Unknown,unknown_or_unresolved,false,source_probe_resolved_but_channel_unresolvable,false,false
230830,137,1,ses230830-units-probe1-spk-AAAB.npy,provisional_unit_area_from_count_matched_row_order,V4,130,"V4, MT",Unknown,unknown_or_unresolved,false,source_probe_resolved_but_channel_unresolvable,false,false
230830,138,1,ses230830-units-probe1-spk-AAAB.npy,provisional_unit_area_from_count_matched_row_order,V4,253,"V4, MT",Unknown,unknown_or_unresolved,false,source_probe_resolved_but_channel_unresolvable,false,false
230830,139,1,ses230830-units-probe1-spk-AAAB.npy,provisional_unit_area_from_count_matched_row_order,MT,130,"V4, MT",Unknown,unknown_or_unresolved,false,source_probe_resolved_but_channel_unresolvable,false,false
230830,140,1,ses230830-units-probe1-spk-AAAB.npy,provisional_unit_area_from_count_matched_row_order,MT,255,"V4, MT",Unknown,unknown_or_unresolved,false,source_probe_resolved_but_channel_unresolvable,false,false
230830,141,1,ses230830-units-probe1-spk-AAAB.npy,provisional_unit_area_from_count_matched_row_order,MT,255,"V4, MT",Unknown,unknown_or_unresolved,false,source_probe_resolved_but_channel_unresolvable,false,false
230830,142,1,ses230830-units-probe1-spk-AAAB.npy,provisional_unit_area_from_count_matched_row_order,MT,255,"V4, MT",Unknown,unknown_or_unresolved,false,source_probe_resolved_but_channel_unresolvable,false,false
230830,143,1,ses230830-units-probe1-spk-AAAB.npy,provisional_unit_area_from_count_matched_row_order,MT,255,"V4, MT",Unknown,unknown_or_unresolved,false,source_probe_resolved_but_channel_unresolvable,false,false
230830,144,1,ses230830-units-probe1-spk-AAAB.npy,provisional_unit_area_from_count_matched_row_order,V4,136,"V4, MT",Unknown,unknown_or_unresolved,false,source_probe_resolved_but_channel_unresolvable,false,false
230830,145,1,ses230830-units-probe1-spk-AAAB.npy,provisional_unit_area_from_count_matched_row_order,MT,255,"V4, MT",Unknown,unknown_or_unresolved,false,source_probe_resolved_but_channel_unresolvable,false,false
230830,146,1,ses230830-units-probe1-spk-AAAB.npy,provisional_unit_area_from_count_matched_row_order,MT,255,"V4, MT",Unknown,unknown_or_unresolved,false,source_probe_resolved_but_channel_unresolvable,false,false
230830,147,1,ses230830-units-probe1-spk-AAAB.npy,provisional_unit_area_from_count_matched_row_order,V4,129,"V4, MT",Unknown,unknown_or_unresolved,false,source_probe_resolved_but_channel_unresolvable,false,false
230830,148,1,ses230830-units-probe1-spk-AAAB.npy,provisional_unit_area_from_count_matched_row_order,V4,129,"V4, MT",Unknown,unknown_or_unresolved,false,source_probe_resolved_but_channel_unresolvable,false,false
230830,149,1,ses230830-units-probe1-spk-AAAB.npy,provisional_unit_area_from_count_matched_row_order,V4,129,"V4, MT",Unknown,unknown_or_unresolved,false,source_probe_resolved_but_channel_unresolvable,false,false
230830,150,1,ses230830-units-probe1-spk-AAAB.npy,provisional_unit_area_from_count_matched_row_order,V4,129,"V4, MT",Unknown,unknown_or_unresolved,false,source_probe_resolved_but_channel_unresolvable,false,false
230830,151,1,ses230830-units-probe1-spk-AAAB.npy,provisional_unit_area_from_count_matched_row_order,V4,129,"V4, MT",Unknown,unknown_or_unresolved,false,source_probe_resolved_but_channel_unresolvable,false,false
230830,152,1,ses230830-units-probe1-spk-AAAB.npy,provisional_unit_area_from_count_matched_row_order,V4,129,"V4, MT",Unknown,unknown_or_unresolved,false,source_probe_resolved_but_channel_unresolvable,false,false
230830,153,1,ses230830-units-probe1-spk-AAAB.npy,provisional_unit_area_from_count_matched_row_order,V4,129,"V4, MT",Unknown,unknown_or_unresolved,false,source_probe_resolved_but_channel_unresolvable,false,false
230830,154,1,ses230830-units-probe1-spk-AAAB.npy,provisional_unit_area_from_count_matched_row_order,V4,129,"V4, MT",Unknown,unknown_or_unresolved,false,source_probe_resolved_but_channel_unresolvable,false,false
230830,155,1,ses230830-units-probe1-spk-AAAB.npy,provisional_unit_area_from_count_matched_row_order,V4,129,"V4, MT",Unknown,unknown_or_unresolved,false,source_probe_resolved_but_channel_unresolvable,false,false
230830,156,1,ses230830-units-probe1-spk-AAAB.npy,provisional_unit_area_from_count_matched_row_order,V4,129,"V4, MT",Unknown,unknown_or_unresolved,false,source_probe_resolved_but_channel_unresolvable,false,false
230830,157,1,ses230830-units-probe1-spk-AAAB.npy,provisional_unit_area_from_count_matched_row_order,V4,129,"V4, MT",Unknown,unknown_or_unresolved,false,source_probe_resolved_but_channel_unresolvable,false,false
230830,158,1,ses230830-units-probe1-spk-AAAB.npy,provisional_unit_area_from_count_matched_row_order,V4,129,"V4, MT",Unknown,unknown_or_unresolved,false,source_probe_resolved_but_channel_unresolvable,false,false
230830,159,1,ses230830-units-probe1-spk-AAAB.npy,provisional_unit_area_from_count_matched_row_order,V4,129,"V4, MT",Unknown,unknown_or_unresolved,false,source_probe_resolved_but_channel_unresolvable,false,false
230830,160,1,ses230830-units-probe1-spk-AAAB.npy,provisional_unit_area_from_count_matched_row_order,MT,253,"V4, MT",Unknown,unknown_or_unresolved,false,source_probe_resolved_but_channel_unresolvable,false,false
230830,161,1,ses230830-units-probe1-spk-AAAB.npy,provisional_unit_area_from_count_matched_row_order,V4,255,"V4, MT",Unknown,unknown_or_unresolved,false,source_probe_resolved_but_channel_unresolvable,false,false
230830,162,1,ses230830-units-probe1-spk-AAAB.npy,provisional_unit_area_from_count_matched_row_order,V4,254,"V4, MT",Unknown,unknown_or_unresolved,false,source_probe_resolved_but_channel_unresolvable,false,false
230830,163,1,ses230830-units-probe1-spk-AAAB.npy,provisional_unit_area_from_count_matched_row_order,V4,254,"V4, MT",Unknown,unknown_or_unresolved,false,source_probe_resolved_but_channel_unresolvable,false,false
230830,164,1,ses230830-units-probe1-spk-AAAB.npy,provisional_unit_area_from_count_matched_row_order,V4,254,"V4, MT",Unknown,unknown_or_unresolved,false,source_probe_resolved_but_channel_unresolvable,false,false
230830,165,1,ses230830-units-probe1-spk-AAAB.npy,provisional_unit_area_from_count_matched_row_order,V4,254,"V4, MT",Unknown,unknown_or_unresolved,false,source_probe_resolved_but_channel_unresolvable,false,false
230830,166,1,ses230830-units-probe1-spk-AAAB.npy,provisional_unit_area_from_count_matched_row_order,MT,254,"V4, MT",Unknown,unknown_or_unresolved,false,source_probe_resolved_but_channel_unresolvable,false,false
230830,167,1,ses230830-units-probe1-spk-AAAB.npy,provisional_unit_area_from_count_matched_row_order,V4,254,"V4, MT",Unknown,unknown_or_unresolved,false,source_probe_resolved_but_channel_unresolvable,false,false
230830,168,1,ses230830-units-probe1-spk-AAAB.npy,provisional_unit_area_from_count_matched_row_order,V4,254,"V4, MT",Unknown,unknown_or_unresolved,false,source_probe_resolved_but_channel_unresolvable,false,false
230830,169,1,ses230830-units-probe1-spk-AAAB.npy,provisional_unit_area_from_count_matched_row_order,V4,130,"V4, MT",Unknown,unknown_or_unresolved,false,source_probe_resolved_but_channel_unresolvable,false,false
230830,170,1,ses230830-units-probe1-spk-AAAB.npy,provisional_unit_area_from_count_matched_row_order,V4,129,"V4, MT",Unknown,unknown_or_unresolved,false,source_probe_resolved_but_channel_unresolvable,false,false
230830,171,1,ses230830-units-probe1-spk-AAAB.npy,provisional_unit_area_from_count_matched_row_order,V4,130,"V4, MT",Unknown,unknown_or_unresolved,false,source_probe_resolved_but_channel_unresolvable,false,false
230830,172,1,ses230830-units-probe1-spk-AAAB.npy,provisional_unit_area_from_count_matched_row_order,V4,130,"V4, MT",Unknown,unknown_or_unresolved,false,source_probe_resolved_but_channel_unresolvable,false,false
230830,173,1,ses230830-units-probe1-spk-AAAB.npy,provisional_unit_area_from_count_matched_row_order,V4,138,"V4, MT",Unknown,unknown_or_unresolved,false,source_probe_resolved_but_channel_unresolvable,false,false
230830,174,1,ses230830-units-probe1-spk-AAAB.npy,provisional_unit_area_from_count_matched_row_order,V4,130,"V4, MT",Unknown,unknown_or_unresolved,false,source_probe_resolved_but_channel_unresolvable,false,false
230830,175,1,ses230830-units-probe1-spk-AAAB.npy,provisional_unit_area_from_count_matched_row_order,V4,138,"V4, MT",Unknown,unknown_or_unresolved,false,source_probe_resolved_but_channel_unresolvable,false,false
230830,176,1,ses230830-units-probe1-spk-AAAB.npy,provisional_unit_area_from_count_matched_row_order,V4,253,"V4, MT",Unknown,unknown_or_unresolved,false,source_probe_resolved_but_channel_unresolvable,false,false
230830,177,1,ses230830-units-probe1-spk-AAAB.npy,provisional_unit_area_from_count_matched_row_order,V4,254,"V4, MT",Unknown,unknown_or_unresolved,false,source_probe_resolved_but_channel_unresolvable,false,false
230830,178,1,ses230830-units-probe1-spk-AAAB.npy,provisional_unit_area_from_count_matched_row_order,MT,253,"V4, MT",Unknown,unknown_or_unresolved,false,source_probe_resolved_but_channel_unresolvable,false,false
230830,179,1,ses230830-units-probe1-spk-AAAB.npy,provisional_unit_area_from_count_matched_row_order,MT,253,"V4, MT",Unknown,unknown_or_unresolved,false,source_probe_resolved_but_channel_unresolvable,false,false
230830,180,1,ses230830-units-probe1-spk-AAAB.npy,provisional_unit_area_from_count_matched_row_order,MT,253,"V4, MT",Unknown,unknown_or_unresolved,false,source_probe_resolved_but_channel_unresolvable,false,false
230830,181,1,ses230830-units-probe1-spk-AAAB.npy,provisional_unit_area_from_count_matched_row_order,V4,130,"V4, MT",Unknown,unknown_or_unresolved,false,source_probe_resolved_but_channel_unresolvable,false,false
230830,182,1,ses230830-units-probe1-spk-AAAB.npy,provisional_unit_area_from_count_matched_row_order,MT,253,"V4, MT",Unknown,unknown_or_unresolved,false,source_probe_resolved_but_channel_unresolvable,false,false
230830,183,1,ses230830-units-probe1-spk-AAAB.npy,provisional_unit_area_from_count_matched_row_order,V4,253,"V4, MT",Unknown,unknown_or_unresolved,false,source_probe_resolved_but_channel_unresolvable,false,false
230830,184,1,ses230830-units-probe1-spk-AAAB.npy,provisional_unit_area_from_count_matched_row_order,V4,131,"V4, MT",Unknown,unknown_or_unresolved,false,source_probe_resolved_but_channel_unresolvable,false,false
230830,185,1,ses230830-units-probe1-spk-AAAB.npy,provisional_unit_area_from_count_matched_row_order,V4,253,"V4, MT",Unknown,unknown_or_unresolved,false,source_probe_resolved_but_channel_unresolvable,false,false
230830,186,1,ses230830-units-probe1-spk-AAAB.npy,provisional_unit_area_from_count_matched_row_order,V4,130,"V4, MT",Unknown,unknown_or_unresolved,false,source_probe_resolved_but_channel_unresolvable,false,false
230830,187,1,ses230830-units-probe1-spk-AAAB.npy,provisional_unit_area_from_count_matched_row_order,V4,254,"V4, MT",Unknown,unknown_or_unresolved,false,source_probe_resolved_but_channel_unresolvable,false,false
230830,188,1,ses230830-units-probe1-spk-AAAB.npy,provisional_unit_area_from_count_matched_row_order,V4,131,"V4, MT",Unknown,unknown_or_unresolved,false,source_probe_resolved_but_channel_unresolvable,false,false
230830,189,1,ses230830-units-probe1-spk-AAAB.npy,provisional_unit_area_from_count_matched_row_order,V4,131,"V4, MT",Unknown,unknown_or_unresolved,false,source_probe_resolved_but_channel_unresolvable,false,false
230830,190,1,ses230830-units-probe1-spk-AAAB.npy,provisional_unit_area_from_count_matched_row_order,V4,131,"V4, MT",Unknown,unknown_or_unresolved,false,source_probe_resolved_but_channel_unresolvable,false,false
230830,191,1,ses230830-units-probe1-spk-AAAB.npy,provisional_unit_area_from_count_matched_row_order,V4,131,"V4, MT",Unknown,unknown_or_unresolved,false,source_probe_resolved_but_channel_unresolvable,false,false
230830,192,1,ses230830-units-probe1-spk-AAAB.npy,provisional_unit_area_from_count_matched_row_order,V4,132,"V4, MT",Unknown,unknown_or_unresolved,false,source_probe_resolved_but_channel_unresolvable,false,false
230830,193,1,ses230830-units-probe1-spk-AAAB.npy,provisional_unit_area_from_count_matched_row_order,V4,131,"V4, MT",Unknown,unknown_or_unresolved,false,source_probe_resolved_but_channel_unresolvable,false,false
230830,194,1,ses230830-units-probe1-spk-AAAB.npy,provisional_unit_area_from_count_matched_row_order,V4,251,"V4, MT",Unknown,unknown_or_unresolved,false,source_probe_resolved_but_channel_unresolvable,false,false
230830,195,1,ses230830-units-probe1-spk-AAAB.npy,provisional_unit_area_from_count_matched_row_order,MT,130,"V4, MT",Unknown,unknown_or_unresolved,false,source_probe_resolved_but_channel_unresolvable,false,false
230830,196,1,ses230830-units-probe1-spk-AAAB.npy,provisional_unit_area_from_count_matched_row_order,V4,128,"V4, MT",Unknown,unknown_or_unresolved,false,source_probe_resolved_but_channel_unresolvable,false,false
230830,197,1,ses230830-units-probe1-spk-AAAB.npy,provisional_unit_area_from_count_matched_row_order,MT,129,"V4, MT",Unknown,unknown_or_unresolved,false,source_probe_resolved_but_channel_unresolvable,false,false
230830,198,1,ses230830-units-probe1-spk-AAAB.npy,provisional_unit_area_from_count_matched_row_order,V4,252,"V4, MT",Unknown,unknown_or_unresolved,false,source_probe_resolved_but_channel_unresolvable,false,false
230830,199,1,ses230830-units-probe1-spk-AAAB.npy,provisional_unit_area_from_count_matched_row_order,MT,247,"V4, MT",Unknown,unknown_or_unresolved,false,source_probe_resolved_but_channel_unresolvable,false,false
230830,200,1,ses230830-units-probe1-spk-AAAB.npy,provisional_unit_area_from_count_matched_row_order,V4,252,"V4, MT",Unknown,unknown_or_unresolved,false,source_probe_resolved_but_channel_unresolvable,false,false
230830,201,1,ses230830-units-probe1-spk-AAAB.npy,provisional_unit_area_from_count_matched_row_order,V4,252,"V4, MT",Unknown,unknown_or_unresolved,false,source_probe_resolved_but_channel_unresolvable,false,false
230830,202,1,ses230830-units-probe1-spk-AAAB.npy,provisional_unit_area_from_count_matched_row_order,V4,138,"V4, MT",Unknown,unknown_or_unresolved,false,source_probe_resolved_but_channel_unresolvable,false,false
230830,203,1,ses230830-units-probe1-spk-AAAB.npy,provisional_unit_area_from_count_matched_row_order,MT,244,"V4, MT",Unknown,unknown_or_unresolved,false,source_probe_resolved_but_channel_unresolvable,false,false
230830,204,1,ses230830-units-probe1-spk-AAAB.npy,provisional_unit_area_from_count_matched_row_order,V4,250,"V4, MT",Unknown,unknown_or_unresolved,false,source_probe_resolved_but_channel_unresolvable,false,false
230830,205,1,ses230830-units-probe1-spk-AAAB.npy,provisional_unit_area_from_count_matched_row_order,V4,136,"V4, MT",Unknown,unknown_or_unresolved,false,source_probe_resolved_but_channel_unresolvable,false,false
230830,206,1,ses230830-units-probe1-spk-AAAB.npy,provisional_unit_area_from_count_matched_row_order,V4,128,"V4, MT",Unknown,unknown_or_unresolved,false,source_probe_resolved_but_channel_unresolvable,false,false
230830,207,1,ses230830-units-probe1-spk-AAAB.npy,provisional_unit_area_from_count_matched_row_order,V4,132,"V4, MT",Unknown,unknown_or_unresolved,false,source_probe_resolved_but_channel_unresolvable,false,false
230830,208,1,ses230830-units-probe1-spk-AAAB.npy,provisional_unit_area_from_count_matched_row_order,V4,132,"V4, MT",Unknown,unknown_or_unresolved,false,source_probe_resolved_but_channel_unresolvable,false,false
230830,209,1,ses230830-units-probe1-spk-AAAB.npy,provisional_unit_area_from_count_matched_row_order,V4,129,"V4, MT",Unknown,unknown_or_unresolved,false,source_probe_resolved_but_channel_unresolvable,false,false
230830,210,1,ses230830-units-probe1-spk-AAAB.npy,provisional_unit_area_from_count_matched_row_order,V4,132,"V4, MT",Unknown,unknown_or_unresolved,false,source_probe_resolved_but_channel_unresolvable,false,false
230830,211,1,ses230830-units-probe1-spk-AAAB.npy,provisional_unit_area_from_count_matched_row_order,V4,132,"V4, MT",Unknown,unknown_or_unresolved,false,source_probe_resolved_but_channel_unresolvable,false,false
230830,212,1,ses230830-units-probe1-spk-AAAB.npy,provisional_unit_area_from_count_matched_row_order,MT,132,"V4, MT",Unknown,unknown_or_unresolved,false,source_probe_resolved_but_channel_unresolvable,false,false
230830,213,1,ses230830-units-probe1-spk-AAAB.npy,provisional_unit_area_from_count_matched_row_order,MT,137,"V4, MT",Unknown,unknown_or_unresolved,false,source_probe_resolved_but_channel_unresolvable,false,false
230830,214,1,ses230830-units-probe1-spk-AAAB.npy,provisional_unit_area_from_count_matched_row_order,MT,135,"V4, MT",Unknown,unknown_or_unresolved,false,source_probe_resolved_but_channel_unresolvable,false,false
230830,215,1,ses230830-units-probe1-spk-AAAB.npy,provisional_unit_area_from_count_matched_row_order,V4,140,"V4, MT",Unknown,unknown_or_unresolved,false,source_probe_resolved_but_channel_unresolvable,false,false
230830,216,1,ses230830-units-probe1-spk-AAAB.npy,provisional_unit_area_from_count_matched_row_order,V4,129,"V4, MT",Unknown,unknown_or_unresolved,false,source_probe_resolved_but_channel_unresolvable,false,false
230830,217,1,ses230830-units-probe1-spk-AAAB.npy,provisional_unit_area_from_count_matched_row_order,V4,251,"V4, MT",Unknown,unknown_or_unresolved,false,source_probe_resolved_but_channel_unresolvable,false,false
230830,218,1,ses230830-units-probe1-spk-AAAB.npy,provisional_unit_area_from_count_matched_row_order,V4,253,"V4, MT",Unknown,unknown_or_unresolved,false,source_probe_resolved_but_channel_unresolvable,false,false
230830,219,1,ses230830-units-probe1-spk-AAAB.npy,provisional_unit_area_from_count_matched_row_order,V4,251,"V4, MT",Unknown,unknown_or_unresolved,false,source_probe_resolved_but_channel_unresolvable,false,false
230830,220,1,ses230830-units-probe1-spk-AAAB.npy,provisional_unit_area_from_count_matched_row_order,V4,251,"V4, MT",Unknown,unknown_or_unresolved,false,source_probe_resolved_but_channel_unresolvable,false,false
230830,221,1,ses230830-units-probe1-spk-AAAB.npy,provisional_unit_area_from_count_matched_row_order,MT,251,"V4, MT",Unknown,unknown_or_unresolved,false,source_probe_resolved_but_channel_unresolvable,false,false
230830,222,1,ses230830-units-probe1-spk-AAAB.npy,provisional_unit_area_from_count_matched_row_order,MT,251,"V4, MT",Unknown,unknown_or_unresolved,false,source_probe_resolved_but_channel_unresolvable,false,false
230830,223,1,ses230830-units-probe1-spk-AAAB.npy,provisional_unit_area_from_count_matched_row_order,V4,133,"V4, MT",Unknown,unknown_or_unresolved,false,source_probe_resolved_but_channel_unresolvable,false,false
230830,224,1,ses230830-units-probe1-spk-AAAB.npy,provisional_unit_area_from_count_matched_row_order,MT,137,"V4, MT",Unknown,unknown_or_unresolved,false,source_probe_resolved_but_channel_unresolvable,false,false
230830,225,1,ses230830-units-probe1-spk-AAAB.npy,provisional_unit_area_from_count_matched_row_order,MT,133,"V4, MT",Unknown,unknown_or_unresolved,false,source_probe_resolved_but_channel_unresolvable,false,false
230830,226,1,ses230830-units-probe1-spk-AAAB.npy,provisional_unit_area_from_count_matched_row_order,MT,133,"V4, MT",Unknown,unknown_or_unresolved,false,source_probe_resolved_but_channel_unresolvable,false,false
230830,227,1,ses230830-units-probe1-spk-AAAB.npy,provisional_unit_area_from_count_matched_row_order,MT,138,"V4, MT",Unknown,unknown_or_unresolved,false,source_probe_resolved_but_channel_unresolvable,false,false
230830,228,1,ses230830-units-probe1-spk-AAAB.npy,provisional_unit_area_from_count_matched_row_order,MT,133,"V4, MT",Unknown,unknown_or_unresolved,false,source_probe_resolved_but_channel_unresolvable,false,false
230830,229,1,ses230830-units-probe1-spk-AAAB.npy,provisional_unit_area_from_count_matched_row_order,V4,129,"V4, MT",Unknown,unknown_or_unresolved,false,source_probe_resolved_but_channel_unresolvable,false,false
230830,230,1,ses230830-units-probe1-spk-AAAB.npy,provisional_unit_area_from_count_matched_row_order,V4,130,"V4, MT",Unknown,unknown_or_unresolved,false,source_probe_resolved_but_channel_unresolvable,false,false
230830,231,1,ses230830-units-probe1-spk-AAAB.npy,provisional_unit_area_from_count_matched_row_order,V4,250,"V4, MT",Unknown,unknown_or_unresolved,false,source_probe_resolved_but_channel_unresolvable,false,false
230830,232,1,ses230830-units-probe1-spk-AAAB.npy,provisional_unit_area_from_count_matched_row_order,V4,129,"V4, MT",Unknown,unknown_or_unresolved,false,source_probe_resolved_but_channel_unresolvable,false,false
230830,233,1,ses230830-units-probe1-spk-AAAB.npy,provisional_unit_area_from_count_matched_row_order,V4,250,"V4, MT",Unknown,unknown_or_unresolved,false,source_probe_resolved_but_channel_unresolvable,false,false
230830,234,1,ses230830-units-probe1-spk-AAAB.npy,provisional_unit_area_from_count_matched_row_order,V4,250,"V4, MT",Unknown,unknown_or_unresolved,false,source_probe_resolved_but_channel_unresolvable,false,false
230830,235,1,ses230830-units-probe1-spk-AAAB.npy,provisional_unit_area_from_count_matched_row_order,V4,137,"V4, MT",Unknown,unknown_or_unresolved,false,source_probe_resolved_but_channel_unresolvable,false,false
230830,236,1,ses230830-units-probe1-spk-AAAB.npy,provisional_unit_area_from_count_matched_row_order,V4,137,"V4, MT",Unknown,unknown_or_unresolved,false,source_probe_resolved_but_channel_unresolvable,false,false
230830,237,1,ses230830-units-probe1-spk-AAAB.npy,provisional_unit_area_from_count_matched_row_order,V4,250,"V4, MT",Unknown,unknown_or_unresolved,false,source_probe_resolved_but_channel_unresolvable,false,false
230830,238,1,ses230830-units-probe1-spk-AAAB.npy,provisional_unit_area_from_count_matched_row_order,V4,250,"V4, MT",Unknown,unknown_or_unresolved,false,source_probe_resolved_but_channel_unresolvable,false,false
230830,239,1,ses230830-units-probe1-spk-AAAB.npy,provisional_unit_area_from_count_matched_row_order,V4,250,"V4, MT",Unknown,unknown_or_unresolved,false,source_probe_resolved_but_channel_unresolvable,false,false
230830,240,1,ses230830-units-probe1-spk-AAAB.npy,provisional_unit_area_from_count_matched_row_order,V4,253,"V4, MT",Unknown,unknown_or_unresolved,false,source_probe_resolved_but_channel_unresolvable,false,false
230830,241,1,ses230830-units-probe1-spk-AAAB.npy,provisional_unit_area_from_count_matched_row_order,MT,129,"V4, MT",Unknown,unknown_or_unresolved,false,source_probe_resolved_but_channel_unresolvable,false,false
230830,242,1,ses230830-units-probe1-spk-AAAB.npy,provisional_unit_area_from_count_matched_row_order,V4,134,"V4, MT",Unknown,unknown_or_unresolved,false,source_probe_resolved_but_channel_unresolvable,false,false
230830,243,1,ses230830-units-probe1-spk-AAAB.npy,provisional_unit_area_from_count_matched_row_order,MT,134,"V4, MT",Unknown,unknown_or_unresolved,false,source_probe_resolved_but_channel_unresolvable,false,false
230830,244,1,ses230830-units-probe1-spk-AAAB.npy,provisional_unit_area_from_count_matched_row_order,MT,134,"V4, MT",Unknown,unknown_or_unresolved,false,source_probe_resolved_but_channel_unresolvable,false,false
230830,245,1,ses230830-units-probe1-spk-AAAB.npy,provisional_unit_area_from_count_matched_row_order,MT,134,"V4, MT",Unknown,unknown_or_unresolved,false,source_probe_resolved_but_channel_unresolvable,false,false
230830,246,1,ses230830-units-probe1-spk-AAAB.npy,provisional_unit_area_from_count_matched_row_order,MT,134,"V4, MT",Unknown,unknown_or_unresolved,false,source_probe_resolved_but_channel_unresolvable,false,false
230830,247,1,ses230830-units-probe1-spk-AAAB.npy,provisional_unit_area_from_count_matched_row_order,V4,134,"V4, MT",Unknown,unknown_or_unresolved,false,source_probe_resolved_but_channel_unresolvable,false,false
230830,248,1,ses230830-units-probe1-spk-AAAB.npy,provisional_unit_area_from_count_matched_row_order,V4,135,"V4, MT",Unknown,unknown_or_unresolved,false,source_probe_resolved_but_channel_unresolvable,false,false
230830,249,1,ses230830-units-probe1-spk-AAAB.npy,provisional_unit_area_from_count_matched_row_order,V4,134,"V4, MT",Unknown,unknown_or_unresolved,false,source_probe_resolved_but_channel_unresolvable,false,false
230830,250,1,ses230830-units-probe1-spk-AAAB.npy,provisional_unit_area_from_count_matched_row_order,V4,134,"V4, MT",Unknown,unknown_or_unresolved,false,source_probe_resolved_but_channel_unresolvable,false,false
230830,251,1,ses230830-units-probe1-spk-AAAB.npy,provisional_unit_area_from_count_matched_row_order,MT,134,"V4, MT",Unknown,unknown_or_unresolved,false,source_probe_resolved_but_channel_unresolvable,false,false
230830,252,1,ses230830-units-probe1-spk-AAAB.npy,provisional_unit_area_from_count_matched_row_order,V4,136,"V4, MT",Unknown,unknown_or_unresolved,false,source_probe_resolved_but_channel_unresolvable,false,false
230830,253,1,ses230830-units-probe1-spk-AAAB.npy,provisional_unit_area_from_count_matched_row_order,V4,139,"V4, MT",Unknown,unknown_or_unresolved,false,source_probe_resolved_but_channel_unresolvable,false,false
230830,254,1,ses230830-units-probe1-spk-AAAB.npy,provisional_unit_area_from_count_matched_row_order,V4,249,"V4, MT",Unknown,unknown_or_unresolved,false,source_probe_resolved_but_channel_unresolvable,false,false
230830,255,1,ses230830-units-probe1-spk-AAAB.npy,provisional_unit_area_from_count_matched_row_order,MT,249,"V4, MT",Unknown,unknown_or_unresolved,false,source_probe_resolved_but_channel_unresolvable,false,false
230830,256,1,ses230830-units-probe1-spk-AAAB.npy,provisional_unit_area_from_count_matched_row_order,V4,249,"V4, MT",Unknown,unknown_or_unresolved,false,source_probe_resolved_but_channel_unresolvable,false,false
230830,257,1,ses230830-units-probe1-spk-AAAB.npy,provisional_unit_area_from_count_matched_row_order,MT,245,"V4, MT",Unknown,unknown_or_unresolved,false,source_probe_resolved_but_channel_unresolvable,false,false
230830,258,1,ses230830-units-probe1-spk-AAAB.npy,provisional_unit_area_from_count_matched_row_order,MT,132,"V4, MT",Unknown,unknown_or_unresolved,false,source_probe_resolved_but_channel_unresolvable,false,false
230830,259,1,ses230830-units-probe1-spk-AAAB.npy,provisional_unit_area_from_count_matched_row_order,V4,128,"V4, MT",Unknown,unknown_or_unresolved,false,source_probe_resolved_but_channel_unresolvable,false,false
230830,260,1,ses230830-units-probe1-spk-AAAB.npy,provisional_unit_area_from_count_matched_row_order,V4,140,"V4, MT",Unknown,unknown_or_unresolved,false,source_probe_resolved_but_channel_unresolvable,false,false
230830,261,1,ses230830-units-probe1-spk-AAAB.npy,provisional_unit_area_from_count_matched_row_order,V4,135,"V4, MT",Unknown,unknown_or_unresolved,false,source_probe_resolved_but_channel_unresolvable,false,false
230830,262,1,ses230830-units-probe1-spk-AAAB.npy,provisional_unit_area_from_count_matched_row_order,V4,137,"V4, MT",Unknown,unknown_or_unresolved,false,source_probe_resolved_but_channel_unresolvable,false,false
230830,263,1,ses230830-units-probe1-spk-AAAB.npy,provisional_unit_area_from_count_matched_row_order,MT,137,"V4, MT",Unknown,unknown_or_unresolved,false,source_probe_resolved_but_channel_unresolvable,false,false
230830,264,1,ses230830-units-probe1-spk-AAAB.npy,provisional_unit_area_from_count_matched_row_order,V4,135,"V4, MT",Unknown,unknown_or_unresolved,false,source_probe_resolved_but_channel_unresolvable,false,false
230830,265,1,ses230830-units-probe1-spk-AAAB.npy,provisional_unit_area_from_count_matched_row_order,MT,135,"V4, MT",Unknown,unknown_or_unresolved,false,source_probe_resolved_but_channel_unresolvable,false,false
230830,266,1,ses230830-units-probe1-spk-AAAB.npy,provisional_unit_area_from_count_matched_row_order,MT,135,"V4, MT",Unknown,unknown_or_unresolved,false,source_probe_resolved_but_channel_unresolvable,false,false
230830,267,1,ses230830-units-probe1-spk-AAAB.npy,provisional_unit_area_from_count_matched_row_order,V4,243,"V4, MT",Unknown,unknown_or_unresolved,false,source_probe_resolved_but_channel_unresolvable,false,false
230830,268,1,ses230830-units-probe1-spk-AAAB.npy,provisional_unit_area_from_count_matched_row_order,V4,135,"V4, MT",Unknown,unknown_or_unresolved,false,source_probe_resolved_but_channel_unresolvable,false,false
230830,269,1,ses230830-units-probe1-spk-AAAB.npy,provisional_unit_area_from_count_matched_row_order,V4,135,"V4, MT",Unknown,unknown_or_unresolved,false,source_probe_resolved_but_channel_unresolvable,false,false
230830,270,1,ses230830-units-probe1-spk-AAAB.npy,provisional_unit_area_from_count_matched_row_order,V4,135,"V4, MT",Unknown,unknown_or_unresolved,false,source_probe_resolved_but_channel_unresolvable,false,false
230830,271,1,ses230830-units-probe1-spk-AAAB.npy,provisional_unit_area_from_count_matched_row_order,V4,248,"V4, MT",Unknown,unknown_or_unresolved,false,source_probe_resolved_but_channel_unresolvable,false,false
230830,272,1,ses230830-units-probe1-spk-AAAB.npy,provisional_unit_area_from_count_matched_row_order,V4,248,"V4, MT",Unknown,unknown_or_unresolved,false,source_probe_resolved_but_channel_unresolvable,false,false
230830,273,1,ses230830-units-probe1-spk-AAAB.npy,provisional_unit_area_from_count_matched_row_order,V4,130,"V4, MT",Unknown,unknown_or_unresolved,false,source_probe_resolved_but_channel_unresolvable,false,false
230830,274,1,ses230830-units-probe1-spk-AAAB.npy,provisional_unit_area_from_count_matched_row_order,V4,136,"V4, MT",Unknown,unknown_or_unresolved,false,source_probe_resolved_but_channel_unresolvable,false,false
230830,275,1,ses230830-units-probe1-spk-AAAB.npy,provisional_unit_area_from_count_matched_row_order,MT,248,"V4, MT",Unknown,unknown_or_unresolved,false,source_probe_resolved_but_channel_unresolvable,false,false
230830,276,1,ses230830-units-probe1-spk-AAAB.npy,provisional_unit_area_from_count_matched_row_order,V4,248,"V4, MT",Unknown,unknown_or_unresolved,false,source_probe_resolved_but_channel_unresolvable,false,false
230830,277,1,ses230830-units-probe1-spk-AAAB.npy,provisional_unit_area_from_count_matched_row_order,MT,248,"V4, MT",Unknown,unknown_or_unresolved,false,source_probe_resolved_but_channel_unresolvable,false,false
230830,278,1,ses230830-units-probe1-spk-AAAB.npy,provisional_unit_area_from_count_matched_row_order,V4,248,"V4, MT",Unknown,unknown_or_unresolved,false,source_probe_resolved_but_channel_unresolvable,false,false
230830,279,1,ses230830-units-probe1-spk-AAAB.npy,provisional_unit_area_from_count_matched_row_order,V4,248,"V4, MT",Unknown,unknown_or_unresolved,false,source_probe_resolved_but_channel_unresolvable,false,false
230830,280,1,ses230830-units-probe1-spk-AAAB.npy,provisional_unit_area_from_count_matched_row_order,V4,136,"V4, MT",Unknown,unknown_or_unresolved,false,source_probe_resolved_but_channel_unresolvable,false,false
230830,281,1,ses230830-units-probe1-spk-AAAB.npy,provisional_unit_area_from_count_matched_row_order,MT,248,"V4, MT",Unknown,unknown_or_unresolved,false,source_probe_resolved_but_channel_unresolvable,false,false
230830,282,1,ses230830-units-probe1-spk-AAAB.npy,provisional_unit_area_from_count_matched_row_order,V4,254,"V4, MT",Unknown,unknown_or_unresolved,false,source_probe_resolved_but_channel_unresolvable,false,false
230830,283,1,ses230830-units-probe1-spk-AAAB.npy,provisional_unit_area_from_count_matched_row_order,V4,136,"V4, MT",Unknown,unknown_or_unresolved,false,source_probe_resolved_but_channel_unresolvable,false,false
230830,284,1,ses230830-units-probe1-spk-AAAB.npy,provisional_unit_area_from_count_matched_row_order,V4,136,"V4, MT",Unknown,unknown_or_unresolved,false,source_probe_resolved_but_channel_unresolvable,false,false
230830,285,1,ses230830-units-probe1-spk-AAAB.npy,provisional_unit_area_from_count_matched_row_order,V4,136,"V4, MT",Unknown,unknown_or_unresolved,false,source_probe_resolved_but_channel_unresolvable,false,false
230830,286,1,ses230830-units-probe1-spk-AAAB.npy,provisional_unit_area_from_count_matched_row_order,MT,136,"V4, MT",Unknown,unknown_or_unresolved,false,source_probe_resolved_but_channel_unresolvable,false,false
230830,287,1,ses230830-units-probe1-spk-AAAB.npy,provisional_unit_area_from_count_matched_row_order,MT,136,"V4, MT",Unknown,unknown_or_unresolved,false,source_probe_resolved_but_channel_unresolvable,false,false
230830,288,1,ses230830-units-probe1-spk-AAAB.npy,provisional_unit_area_from_count_matched_row_order,V4,136,"V4, MT",Unknown,unknown_or_unresolved,false,source_probe_resolved_but_channel_unresolvable,false,false
230830,289,1,ses230830-units-probe1-spk-AAAB.npy,provisional_unit_area_from_count_matched_row_order,MT,136,"V4, MT",Unknown,unknown_or_unresolved,false,source_probe_resolved_but_channel_unresolvable,false,false
230830,290,1,ses230830-units-probe1-spk-AAAB.npy,provisional_unit_area_from_count_matched_row_order,V4,136,"V4, MT",Unknown,unknown_or_unresolved,false,source_probe_resolved_but_channel_unresolvable,false,false
230830,291,1,ses230830-units-probe1-spk-AAAB.npy,provisional_unit_area_from_count_matched_row_order,V4,136,"V4, MT",Unknown,unknown_or_unresolved,false,source_probe_resolved_but_channel_unresolvable,false,false
230830,292,1,ses230830-units-probe1-spk-AAAB.npy,provisional_unit_area_from_count_matched_row_order,V4,139,"V4, MT",Unknown,unknown_or_unresolved,false,source_probe_resolved_but_channel_unresolvable,false,false
230830,293,1,ses230830-units-probe1-spk-AAAB.npy,provisional_unit_area_from_count_matched_row_order,V4,136,"V4, MT",Unknown,unknown_or_unresolved,false,source_probe_resolved_but_channel_unresolvable,false,false
230830,294,1,ses230830-units-probe1-spk-AAAB.npy,provisional_unit_area_from_count_matched_row_order,V4,136,"V4, MT",Unknown,unknown_or_unresolved,false,source_probe_resolved_but_channel_unresolvable,false,false
230830,295,1,ses230830-units-probe1-spk-AAAB.npy,provisional_unit_area_from_count_matched_row_order,V4,136,"V4, MT",Unknown,unknown_or_unresolved,false,source_probe_resolved_but_channel_unresolvable,false,false
230830,296,1,ses230830-units-probe1-spk-AAAB.npy,provisional_unit_area_from_count_matched_row_order,V4,251,"V4, MT",Unknown,unknown_or_unresolved,false,source_probe_resolved_but_channel_unresolvable,false,false
230830,297,1,ses230830-units-probe1-spk-AAAB.npy,provisional_unit_area_from_count_matched_row_order,V4,132,"V4, MT",Unknown,unknown_or_unresolved,false,source_probe_resolved_but_channel_unresolvable,false,false
230830,298,1,ses230830-units-probe1-spk-AAAB.npy,provisional_unit_area_from_count_matched_row_order,V4,130,"V4, MT",Unknown,unknown_or_unresolved,false,source_probe_resolved_but_channel_unresolvable,false,false
230830,299,1,ses230830-units-probe1-spk-AAAB.npy,provisional_unit_area_from_count_matched_row_order,V4,137,"V4, MT",Unknown,unknown_or_unresolved,false,source_probe_resolved_but_channel_unresolvable,false,false
230830,300,1,ses230830-units-probe1-spk-AAAB.npy,provisional_unit_area_from_count_matched_row_order,V4,136,"V4, MT",Unknown,unknown_or_unresolved,false,source_probe_resolved_but_channel_unresolvable,false,false
230830,301,1,ses230830-units-probe1-spk-AAAB.npy,provisional_unit_area_from_count_matched_row_order,V4,141,"V4, MT",Unknown,unknown_or_unresolved,false,source_probe_resolved_but_channel_unresolvable,false,false
230830,302,1,ses230830-units-probe1-spk-AAAB.npy,provisional_unit_area_from_count_matched_row_order,V4,247,"V4, MT",Unknown,unknown_or_unresolved,false,source_probe_resolved_but_channel_unresolvable,false,false
230830,303,1,ses230830-units-probe1-spk-AAAB.npy,provisional_unit_area_from_count_matched_row_order,V4,137,"V4, MT",Unknown,unknown_or_unresolved,false,source_probe_resolved_but_channel_unresolvable,false,false
230830,304,1,ses230830-units-probe1-spk-AAAB.npy,provisional_unit_area_from_count_matched_row_order,V4,129,"V4, MT",Unknown,unknown_or_unresolved,false,source_probe_resolved_but_channel_unresolvable,false,false
230830,305,1,ses230830-units-probe1-spk-AAAB.npy,provisional_unit_area_from_count_matched_row_order,V4,129,"V4, MT",Unknown,unknown_or_unresolved,false,source_probe_resolved_but_channel_unresolvable,false,false
230830,306,1,ses230830-units-probe1-spk-AAAB.npy,provisional_unit_area_from_count_matched_row_order,V4,137,"V4, MT",Unknown,unknown_or_unresolved,false,source_probe_resolved_but_channel_unresolvable,false,false
230830,307,1,ses230830-units-probe1-spk-AAAB.npy,provisional_unit_area_from_count_matched_row_order,V4,137,"V4, MT",Unknown,unknown_or_unresolved,false,source_probe_resolved_but_channel_unresolvable,false,false
230830,308,1,ses230830-units-probe1-spk-AAAB.npy,provisional_unit_area_from_count_matched_row_order,V4,137,"V4, MT",Unknown,unknown_or_unresolved,false,source_probe_resolved_but_channel_unresolvable,false,false
230830,309,1,ses230830-units-probe1-spk-AAAB.npy,provisional_unit_area_from_count_matched_row_order,V4,137,"V4, MT",Unknown,unknown_or_unresolved,false,source_probe_resolved_but_channel_unresolvable,false,false
230830,310,1,ses230830-units-probe1-spk-AAAB.npy,provisional_unit_area_from_count_matched_row_order,V4,137,"V4, MT",Unknown,unknown_or_unresolved,false,source_probe_resolved_but_channel_unresolvable,false,false
230830,311,1,ses230830-units-probe1-spk-AAAB.npy,provisional_unit_area_from_count_matched_row_order,V4,137,"V4, MT",Unknown,unknown_or_unresolved,false,source_probe_resolved_but_channel_unresolvable,false,false
230830,312,1,ses230830-units-probe1-spk-AAAB.npy,provisional_unit_area_from_count_matched_row_order,V4,130,"V4, MT",Unknown,unknown_or_unresolved,false,source_probe_resolved_but_channel_unresolvable,false,false
230830,313,1,ses230830-units-probe1-spk-AAAB.npy,provisional_unit_area_from_count_matched_row_order,V4,134,"V4, MT",Unknown,unknown_or_unresolved,false,source_probe_resolved_but_channel_unresolvable,false,false
230830,314,1,ses230830-units-probe1-spk-AAAB.npy,provisional_unit_area_from_count_matched_row_order,V4,246,"V4, MT",Unknown,unknown_or_unresolved,false,source_probe_resolved_but_channel_unresolvable,false,false
230830,315,1,ses230830-units-probe1-spk-AAAB.npy,provisional_unit_area_from_count_matched_row_order,V4,249,"V4, MT",Unknown,unknown_or_unresolved,false,source_probe_resolved_but_channel_unresolvable,false,false
230830,316,1,ses230830-units-probe1-spk-AAAB.npy,provisional_unit_area_from_count_matched_row_order,V4,246,"V4, MT",Unknown,unknown_or_unresolved,false,source_probe_resolved_but_channel_unresolvable,false,false
230830,317,1,ses230830-units-probe1-spk-AAAB.npy,provisional_unit_area_from_count_matched_row_order,V4,134,"V4, MT",Unknown,unknown_or_unresolved,false,source_probe_resolved_but_channel_unresolvable,false,false
230830,318,1,ses230830-units-probe1-spk-AAAB.npy,provisional_unit_area_from_count_matched_row_order,V4,248,"V4, MT",Unknown,unknown_or_unresolved,false,source_probe_resolved_but_channel_unresolvable,false,false
230830,319,1,ses230830-units-probe1-spk-AAAB.npy,provisional_unit_area_from_count_matched_row_order,V4,138,"V4, MT",Unknown,unknown_or_unresolved,false,source_probe_resolved_but_channel_unresolvable,false,false
230830,320,1,ses230830-units-probe1-spk-AAAB.npy,provisional_unit_area_from_count_matched_row_order,V4,138,"V4, MT",Unknown,unknown_or_unresolved,false,source_probe_resolved_but_channel_unresolvable,false,false
230830,321,1,ses230830-units-probe1-spk-AAAB.npy,provisional_unit_area_from_count_matched_row_order,V4,138,"V4, MT",Unknown,unknown_or_unresolved,false,source_probe_resolved_but_channel_unresolvable,false,false
230830,322,1,ses230830-units-probe1-spk-AAAB.npy,provisional_unit_area_from_count_matched_row_order,V4,138,"V4, MT",Unknown,unknown_or_unresolved,false,source_probe_resolved_but_channel_unresolvable,false,false
230830,323,1,ses230830-units-probe1-spk-AAAB.npy,provisional_unit_area_from_count_matched_row_order,V4,138,"V4, MT",Unknown,unknown_or_unresolved,false,source_probe_resolved_but_channel_unresolvable,false,false
230830,324,1,ses230830-units-probe1-spk-AAAB.npy,provisional_unit_area_from_count_matched_row_order,V4,138,"V4, MT",Unknown,unknown_or_unresolved,false,source_probe_resolved_but_channel_unresolvable,false,false
230830,325,1,ses230830-units-probe1-spk-AAAB.npy,provisional_unit_area_from_count_matched_row_order,V4,138,"V4, MT",Unknown,unknown_or_unresolved,false,source_probe_resolved_but_channel_unresolvable,false,false
230830,326,1,ses230830-units-probe1-spk-AAAB.npy,provisional_unit_area_from_count_matched_row_order,MT,138,"V4, MT",Unknown,unknown_or_unresolved,false,source_probe_resolved_but_channel_unresolvable,false,false
230830,327,1,ses230830-units-probe1-spk-AAAB.npy,provisional_unit_area_from_count_matched_row_order,V4,138,"V4, MT",Unknown,unknown_or_unresolved,false,source_probe_resolved_but_channel_unresolvable,false,false
230830,328,1,ses230830-units-probe1-spk-AAAB.npy,provisional_unit_area_from_count_matched_row_order,V4,138,"V4, MT",Unknown,unknown_or_unresolved,false,source_probe_resolved_but_channel_unresolvable,false,false
230830,329,1,ses230830-units-probe1-spk-AAAB.npy,provisional_unit_area_from_count_matched_row_order,V4,138,"V4, MT",Unknown,unknown_or_unresolved,false,source_probe_resolved_but_channel_unresolvable,false,false
230830,330,1,ses230830-units-probe1-spk-AAAB.npy,provisional_unit_area_from_count_matched_row_order,V4,136,"V4, MT",Unknown,unknown_or_unresolved,false,source_probe_resolved_but_channel_unresolvable,false,false
230830,331,1,ses230830-units-probe1-spk-AAAB.npy,provisional_unit_area_from_count_matched_row_order,V4,242,"V4, MT",Unknown,unknown_or_unresolved,false,source_probe_resolved_but_channel_unresolvable,false,false
230830,332,1,ses230830-units-probe1-spk-AAAB.npy,provisional_unit_area_from_count_matched_row_order,V4,132,"V4, MT",Unknown,unknown_or_unresolved,false,source_probe_resolved_but_channel_unresolvable,false,false
230830,333,1,ses230830-units-probe1-spk-AAAB.npy,provisional_unit_area_from_count_matched_row_order,V4,245,"V4, MT",Unknown,unknown_or_unresolved,false,source_probe_resolved_but_channel_unresolvable,false,false
230830,334,1,ses230830-units-probe1-spk-AAAB.npy,provisional_unit_area_from_count_matched_row_order,V4,140,"V4, MT",Unknown,unknown_or_unresolved,false,source_probe_resolved_but_channel_unresolvable,false,false
230830,335,1,ses230830-units-probe1-spk-AAAB.npy,provisional_unit_area_from_count_matched_row_order,MT,245,"V4, MT",Unknown,unknown_or_unresolved,false,source_probe_resolved_but_channel_unresolvable,false,false
230830,336,1,ses230830-units-probe1-spk-AAAB.npy,provisional_unit_area_from_count_matched_row_order,V4,137,"V4, MT",Unknown,unknown_or_unresolved,false,source_probe_resolved_but_channel_unresolvable,false,false
230830,337,1,ses230830-units-probe1-spk-AAAB.npy,provisional_unit_area_from_count_matched_row_order,V4,139,"V4, MT",Unknown,unknown_or_unresolved,false,source_probe_resolved_but_channel_unresolvable,false,false
230830,338,1,ses230830-units-probe1-spk-AAAB.npy,provisional_unit_area_from_count_matched_row_order,V4,136,"V4, MT",Unknown,unknown_or_unresolved,false,source_probe_resolved_but_channel_unresolvable,false,false
230830,339,1,ses230830-units-probe1-spk-AAAB.npy,provisional_unit_area_from_count_matched_row_order,V4,251,"V4, MT",Unknown,unknown_or_unresolved,false,source_probe_resolved_but_channel_unresolvable,false,false
230830,340,1,ses230830-units-probe1-spk-AAAB.npy,provisional_unit_area_from_count_matched_row_order,V4,135,"V4, MT",Unknown,unknown_or_unresolved,false,source_probe_resolved_but_channel_unresolvable,false,false
230830,341,1,ses230830-units-probe1-spk-AAAB.npy,provisional_unit_area_from_count_matched_row_order,V4,139,"V4, MT",Unknown,unknown_or_unresolved,false,source_probe_resolved_but_channel_unresolvable,false,false
230830,342,1,ses230830-units-probe1-spk-AAAB.npy,provisional_unit_area_from_count_matched_row_order,V4,139,"V4, MT",Unknown,unknown_or_unresolved,false,source_probe_resolved_but_channel_unresolvable,false,false
230830,343,1,ses230830-units-probe1-spk-AAAB.npy,provisional_unit_area_from_count_matched_row_order,V4,139,"V4, MT",Unknown,unknown_or_unresolved,false,source_probe_resolved_but_channel_unresolvable,false,false
230830,344,1,ses230830-units-probe1-spk-AAAB.npy,provisional_unit_area_from_count_matched_row_order,V4,139,"V4, MT",Unknown,unknown_or_unresolved,false,source_probe_resolved_but_channel_unresolvable,false,false
230830,345,1,ses230830-units-probe1-spk-AAAB.npy,provisional_unit_area_from_count_matched_row_order,V4,139,"V4, MT",Unknown,unknown_or_unresolved,false,source_probe_resolved_but_channel_unresolvable,false,false
230830,346,1,ses230830-units-probe1-spk-AAAB.npy,provisional_unit_area_from_count_matched_row_order,MT,139,"V4, MT",Unknown,unknown_or_unresolved,false,source_probe_resolved_but_channel_unresolvable,false,false
230830,347,1,ses230830-units-probe1-spk-AAAB.npy,provisional_unit_area_from_count_matched_row_order,V4,136,"V4, MT",Unknown,unknown_or_unresolved,false,source_probe_resolved_but_channel_unresolvable,false,false
230830,348,1,ses230830-units-probe1-spk-AAAB.npy,provisional_unit_area_from_count_matched_row_order,MT,244,"V4, MT",Unknown,unknown_or_unresolved,false,source_probe_resolved_but_channel_unresolvable,false,false
230830,349,1,ses230830-units-probe1-spk-AAAB.npy,provisional_unit_area_from_count_matched_row_order,V4,252,"V4, MT",Unknown,unknown_or_unresolved,false,source_probe_resolved_but_channel_unresolvable,false,false
230830,350,1,ses230830-units-probe1-spk-AAAB.npy,provisional_unit_area_from_count_matched_row_order,V4,244,"V4, MT",Unknown,unknown_or_unresolved,false,source_probe_resolved_but_channel_unresolvable,false,false
230830,351,1,ses230830-units-probe1-spk-AAAB.npy,provisional_unit_area_from_count_matched_row_order,MT,140,"V4, MT",Unknown,unknown_or_unresolved,false,source_probe_resolved_but_channel_unresolvable,false,false
230830,352,1,ses230830-units-probe1-spk-AAAB.npy,provisional_unit_area_from_count_matched_row_order,V4,140,"V4, MT",Unknown,unknown_or_unresolved,false,source_probe_resolved_but_channel_unresolvable,false,false
230830,353,1,ses230830-units-probe1-spk-AAAB.npy,provisional_unit_area_from_count_matched_row_order,MT,134,"V4, MT",Unknown,unknown_or_unresolved,false,source_probe_resolved_but_channel_unresolvable,false,false
230830,354,1,ses230830-units-probe1-spk-AAAB.npy,provisional_unit_area_from_count_matched_row_order,V4,140,"V4, MT",Unknown,unknown_or_unresolved,false,source_probe_resolved_but_channel_unresolvable,false,false
230830,355,1,ses230830-units-probe1-spk-AAAB.npy,provisional_unit_area_from_count_matched_row_order,V4,140,"V4, MT",Unknown,unknown_or_unresolved,false,source_probe_resolved_but_channel_unresolvable,false,false
230830,356,1,ses230830-units-probe1-spk-AAAB.npy,provisional_unit_area_from_count_matched_row_order,MT,140,"V4, MT",Unknown,unknown_or_unresolved,false,source_probe_resolved_but_channel_unresolvable,false,false
230830,357,1,ses230830-units-probe1-spk-AAAB.npy,provisional_unit_area_from_count_matched_row_order,MT,246,"V4, MT",Unknown,unknown_or_unresolved,false,source_probe_resolved_but_channel_unresolvable,false,false
230830,358,1,ses230830-units-probe1-spk-AAAB.npy,provisional_unit_area_from_count_matched_row_order,V4,243,"V4, MT",Unknown,unknown_or_unresolved,false,source_probe_resolved_but_channel_unresolvable,false,false
230830,359,1,ses230830-units-probe1-spk-AAAB.npy,provisional_unit_area_from_count_matched_row_order,V4,136,"V4, MT",Unknown,unknown_or_unresolved,false,source_probe_resolved_but_channel_unresolvable,false,false
230830,360,1,ses230830-units-probe1-spk-AAAB.npy,provisional_unit_area_from_count_matched_row_order,MT,243,"V4, MT",Unknown,unknown_or_unresolved,false,source_probe_resolved_but_channel_unresolvable,false,false
230830,361,1,ses230830-units-probe1-spk-AAAB.npy,provisional_unit_area_from_count_matched_row_order,MT,250,"V4, MT",Unknown,unknown_or_unresolved,false,source_probe_resolved_but_channel_unresolvable,false,false
230830,362,1,ses230830-units-probe1-spk-AAAB.npy,provisional_unit_area_from_count_matched_row_order,V4,243,"V4, MT",Unknown,unknown_or_unresolved,false,source_probe_resolved_but_channel_unresolvable,false,false
230830,363,1,ses230830-units-probe1-spk-AAAB.npy,provisional_unit_area_from_count_matched_row_order,V4,241,"V4, MT",Unknown,unknown_or_unresolved,false,source_probe_resolved_but_channel_unresolvable,false,false
230830,364,1,ses230830-units-probe1-spk-AAAB.npy,provisional_unit_area_from_count_matched_row_order,MT,238,"V4, MT",Unknown,unknown_or_unresolved,false,source_probe_resolved_but_channel_unresolvable,false,false
230830,365,1,ses230830-units-probe1-spk-AAAB.npy,provisional_unit_area_from_count_matched_row_order,V4,136,"V4, MT",Unknown,unknown_or_unresolved,false,source_probe_resolved_but_channel_unresolvable,false,false
230830,366,1,ses230830-units-probe1-spk-AAAB.npy,provisional_unit_area_from_count_matched_row_order,V4,141,"V4, MT",Unknown,unknown_or_unresolved,false,source_probe_resolved_but_channel_unresolvable,false,false
230830,367,1,ses230830-units-probe1-spk-AAAB.npy,provisional_unit_area_from_count_matched_row_order,V4,141,"V4, MT",Unknown,unknown_or_unresolved,false,source_probe_resolved_but_channel_unresolvable,false,false
230830,368,1,ses230830-units-probe1-spk-AAAB.npy,provisional_unit_area_from_count_matched_row_order,V4,141,"V4, MT",Unknown,unknown_or_unresolved,false,source_probe_resolved_but_channel_unresolvable,false,false
230830,369,1,ses230830-units-probe1-spk-AAAB.npy,provisional_unit_area_from_count_matched_row_order,MT,141,"V4, MT",Unknown,unknown_or_unresolved,false,source_probe_resolved_but_channel_unresolvable,false,false
230830,370,1,ses230830-units-probe1-spk-AAAB.npy,provisional_unit_area_from_count_matched_row_order,MT,141,"V4, MT",Unknown,unknown_or_unresolved,false,source_probe_resolved_but_channel_unresolvable,false,false
230830,371,1,ses230830-units-probe1-spk-AAAB.npy,provisional_unit_area_from_count_matched_row_order,MT,141,"V4, MT",Unknown,unknown_or_unresolved,false,source_probe_resolved_but_channel_unresolvable,false,false
230830,372,1,ses230830-units-probe1-spk-AAAB.npy,provisional_unit_area_from_count_matched_row_order,V4,141,"V4, MT",Unknown,unknown_or_unresolved,false,source_probe_resolved_but_channel_unresolvable,false,false
230830,373,1,ses230830-units-probe1-spk-AAAB.npy,provisional_unit_area_from_count_matched_row_order,MT,141,"V4, MT",Unknown,unknown_or_unresolved,false,source_probe_resolved_but_channel_unresolvable,false,false
230830,374,1,ses230830-units-probe1-spk-AAAB.npy,provisional_unit_area_from_count_matched_row_order,V4,141,"V4, MT",Unknown,unknown_or_unresolved,false,source_probe_resolved_but_channel_unresolvable,false,false
230830,375,1,ses230830-units-probe1-spk-AAAB.npy,provisional_unit_area_from_count_matched_row_order,MT,141,"V4, MT",Unknown,unknown_or_unresolved,false,source_probe_resolved_but_channel_unresolvable,false,false
230830,376,1,ses230830-units-probe1-spk-AAAB.npy,provisional_unit_area_from_count_matched_row_order,V4,141,"V4, MT",Unknown,unknown_or_unresolved,false,source_probe_resolved_but_channel_unresolvable,false,false
230830,377,1,ses230830-units-probe1-spk-AAAB.npy,provisional_unit_area_from_count_matched_row_order,V4,242,"V4, MT",Unknown,unknown_or_unresolved,false,source_probe_resolved_but_channel_unresolvable,false,false
230830,378,1,ses230830-units-probe1-spk-AAAB.npy,provisional_unit_area_from_count_matched_row_order,V4,140,"V4, MT",Unknown,unknown_or_unresolved,false,source_probe_resolved_but_channel_unresolvable,false,false
230830,379,1,ses230830-units-probe1-spk-AAAB.npy,provisional_unit_area_from_count_matched_row_order,MT,242,"V4, MT",Unknown,unknown_or_unresolved,false,source_probe_resolved_but_channel_unresolvable,false,false
230830,380,1,ses230830-units-probe1-spk-AAAB.npy,provisional_unit_area_from_count_matched_row_order,MT,242,"V4, MT",Unknown,unknown_or_unresolved,false,source_probe_resolved_but_channel_unresolvable,false,false
230830,381,1,ses230830-units-probe1-spk-AAAB.npy,provisional_unit_area_from_count_matched_row_order,V4,235,"V4, MT",Unknown,unknown_or_unresolved,false,source_probe_resolved_but_channel_unresolvable,false,false
230830,382,1,ses230830-units-probe1-spk-AAAB.npy,provisional_unit_area_from_count_matched_row_order,V4,235,"V4, MT",Unknown,unknown_or_unresolved,false,source_probe_resolved_but_channel_unresolvable,false,false
230830,383,1,ses230830-units-probe1-spk-AAAB.npy,provisional_unit_area_from_count_matched_row_order,V4,140,"V4, MT",Unknown,unknown_or_unresolved,false,source_probe_resolved_but_channel_unresolvable,false,false
230830,384,1,ses230830-units-probe1-spk-AAAB.npy,provisional_unit_area_from_count_matched_row_order,V4,142,"V4, MT",Unknown,unknown_or_unresolved,false,source_probe_resolved_but_channel_unresolvable,false,false
230830,385,1,ses230830-units-probe1-spk-AAAB.npy,provisional_unit_area_from_count_matched_row_order,V4,142,"V4, MT",Unknown,unknown_or_unresolved,false,source_probe_resolved_but_channel_unresolvable,false,false
230830,386,1,ses230830-units-probe1-spk-AAAB.npy,provisional_unit_area_from_count_matched_row_order,V4,137,"V4, MT",Unknown,unknown_or_unresolved,false,source_probe_resolved_but_channel_unresolvable,false,false
230830,387,1,ses230830-units-probe1-spk-AAAB.npy,provisional_unit_area_from_count_matched_row_order,V4,241,"V4, MT",Unknown,unknown_or_unresolved,false,source_probe_resolved_but_channel_unresolvable,false,false
230830,388,1,ses230830-units-probe1-spk-AAAB.npy,provisional_unit_area_from_count_matched_row_order,V4,150,"V4, MT",Unknown,unknown_or_unresolved,false,source_probe_resolved_but_channel_unresolvable,false,false
230830,389,1,ses230830-units-probe1-spk-AAAB.npy,provisional_unit_area_from_count_matched_row_order,V4,137,"V4, MT",Unknown,unknown_or_unresolved,false,source_probe_resolved_but_channel_unresolvable,false,false
230830,390,1,ses230830-units-probe1-spk-AAAB.npy,provisional_unit_area_from_count_matched_row_order,V4,150,"V4, MT",Unknown,unknown_or_unresolved,false,source_probe_resolved_but_channel_unresolvable,false,false
230830,391,1,ses230830-units-probe1-spk-AAAB.npy,provisional_unit_area_from_count_matched_row_order,V4,239,"V4, MT",Unknown,unknown_or_unresolved,false,source_probe_resolved_but_channel_unresolvable,false,false
230830,392,1,ses230830-units-probe1-spk-AAAB.npy,provisional_unit_area_from_count_matched_row_order,MT,150,"V4, MT",Unknown,unknown_or_unresolved,false,source_probe_resolved_but_channel_unresolvable,false,false
230830,393,1,ses230830-units-probe1-spk-AAAB.npy,provisional_unit_area_from_count_matched_row_order,MT,238,"V4, MT",Unknown,unknown_or_unresolved,false,source_probe_resolved_but_channel_unresolvable,false,false
230830,394,1,ses230830-units-probe1-spk-AAAB.npy,provisional_unit_area_from_count_matched_row_order,MT,238,"V4, MT",Unknown,unknown_or_unresolved,false,source_probe_resolved_but_channel_unresolvable,false,false
230830,395,1,ses230830-units-probe1-spk-AAAB.npy,provisional_unit_area_from_count_matched_row_order,MT,150,"V4, MT",Unknown,unknown_or_unresolved,false,source_probe_resolved_but_channel_unresolvable,false,false
230830,396,1,ses230830-units-probe1-spk-AAAB.npy,provisional_unit_area_from_count_matched_row_order,MT,150,"V4, MT",Unknown,unknown_or_unresolved,false,source_probe_resolved_but_channel_unresolvable,false,false
230830,397,1,ses230830-units-probe1-spk-AAAB.npy,provisional_unit_area_from_count_matched_row_order,MT,150,"V4, MT",Unknown,unknown_or_unresolved,false,source_probe_resolved_but_channel_unresolvable,false,false
230830,398,1,ses230830-units-probe1-spk-AAAB.npy,provisional_unit_area_from_count_matched_row_order,MT,150,"V4, MT",Unknown,unknown_or_unresolved,false,source_probe_resolved_but_channel_unresolvable,false,false
230830,399,1,ses230830-units-probe1-spk-AAAB.npy,provisional_unit_area_from_count_matched_row_order,V4,237,"V4, MT",Unknown,unknown_or_unresolved,false,source_probe_resolved_but_channel_unresolvable,false,false
230830,400,1,ses230830-units-probe1-spk-AAAB.npy,provisional_unit_area_from_count_matched_row_order,V4,150,"V4, MT",Unknown,unknown_or_unresolved,false,source_probe_resolved_but_channel_unresolvable,false,false
230830,401,1,ses230830-units-probe1-spk-AAAB.npy,provisional_unit_area_from_count_matched_row_order,MT,237,"V4, MT",Unknown,unknown_or_unresolved,false,source_probe_resolved_but_channel_unresolvable,false,false
230830,402,1,ses230830-units-probe1-spk-AAAB.npy,provisional_unit_area_from_count_matched_row_order,MT,237,"V4, MT",Unknown,unknown_or_unresolved,false,source_probe_resolved_but_channel_unresolvable,false,false
230830,403,1,ses230830-units-probe1-spk-AAAB.npy,provisional_unit_area_from_count_matched_row_order,MT,150,"V4, MT",Unknown,unknown_or_unresolved,false,source_probe_resolved_but_channel_unresolvable,false,false
230830,404,1,ses230830-units-probe1-spk-AAAB.npy,provisional_unit_area_from_count_matched_row_order,V4,150,"V4, MT",Unknown,unknown_or_unresolved,false,source_probe_resolved_but_channel_unresolvable,false,false
230830,405,1,ses230830-units-probe1-spk-AAAB.npy,provisional_unit_area_from_count_matched_row_order,V4,150,"V4, MT",Unknown,unknown_or_unresolved,false,source_probe_resolved_but_channel_unresolvable,false,false
230830,406,1,ses230830-units-probe1-spk-AAAB.npy,provisional_unit_area_from_count_matched_row_order,V4,150,"V4, MT",Unknown,unknown_or_unresolved,false,source_probe_resolved_but_channel_unresolvable,false,false
230830,407,1,ses230830-units-probe1-spk-AAAB.npy,provisional_unit_area_from_count_matched_row_order,MT,150,"V4, MT",Unknown,unknown_or_unresolved,false,source_probe_resolved_but_channel_unresolvable,false,false
230830,408,1,ses230830-units-probe1-spk-AAAB.npy,provisional_unit_area_from_count_matched_row_order,MT,150,"V4, MT",Unknown,unknown_or_unresolved,false,source_probe_resolved_but_channel_unresolvable,false,false
230830,409,1,ses230830-units-probe1-spk-AAAB.npy,provisional_unit_area_from_count_matched_row_order,V4,147,"V4, MT",Unknown,unknown_or_unresolved,false,source_probe_resolved_but_channel_unresolvable,false,false
230830,410,1,ses230830-units-probe1-spk-AAAB.npy,provisional_unit_area_from_count_matched_row_order,V4,147,"V4, MT",Unknown,unknown_or_unresolved,false,source_probe_resolved_but_channel_unresolvable,false,false
230830,411,1,ses230830-units-probe1-spk-AAAB.npy,provisional_unit_area_from_count_matched_row_order,MT,236,"V4, MT",Unknown,unknown_or_unresolved,false,source_probe_resolved_but_channel_unresolvable,false,false
230830,412,1,ses230830-units-probe1-spk-AAAB.npy,provisional_unit_area_from_count_matched_row_order,MT,150,"V4, MT",Unknown,unknown_or_unresolved,false,source_probe_resolved_but_channel_unresolvable,false,false
230830,413,1,ses230830-units-probe1-spk-AAAB.npy,provisional_unit_area_from_count_matched_row_order,V4,236,"V4, MT",Unknown,unknown_or_unresolved,false,source_probe_resolved_but_channel_unresolvable,false,false
230830,414,1,ses230830-units-probe1-spk-AAAB.npy,provisional_unit_area_from_count_matched_row_order,MT,140,"V4, MT",Unknown,unknown_or_unresolved,false,source_probe_resolved_but_channel_unresolvable,false,false
230830,415,1,ses230830-units-probe1-spk-AAAB.npy,provisional_unit_area_from_count_matched_row_order,MT,150,"V4, MT",Unknown,unknown_or_unresolved,false,source_probe_resolved_but_channel_unresolvable,false,false
230830,416,1,ses230830-units-probe1-spk-AAAB.npy,provisional_unit_area_from_count_matched_row_order,MT,150,"V4, MT",Unknown,unknown_or_unresolved,false,source_probe_resolved_but_channel_unresolvable,false,false
230830,417,1,ses230830-units-probe1-spk-AAAB.npy,provisional_unit_area_from_count_matched_row_order,MT,235,"V4, MT",Unknown,unknown_or_unresolved,false,source_probe_resolved_but_channel_unresolvable,false,false
230830,418,1,ses230830-units-probe1-spk-AAAB.npy,provisional_unit_area_from_count_matched_row_order,MT,150,"V4, MT",Unknown,unknown_or_unresolved,false,source_probe_resolved_but_channel_unresolvable,false,false
230830,419,1,ses230830-units-probe1-spk-AAAB.npy,provisional_unit_area_from_count_matched_row_order,MT,150,"V4, MT",Unknown,unknown_or_unresolved,false,source_probe_resolved_but_channel_unresolvable,false,false
230830,420,1,ses230830-units-probe1-spk-AAAB.npy,provisional_unit_area_from_count_matched_row_order,MT,150,"V4, MT",Unknown,unknown_or_unresolved,false,source_probe_resolved_but_channel_unresolvable,false,false
230830,421,1,ses230830-units-probe1-spk-AAAB.npy,provisional_unit_area_from_count_matched_row_order,MT,150,"V4, MT",Unknown,unknown_or_unresolved,false,source_probe_resolved_but_channel_unresolvable,false,false
230830,422,1,ses230830-units-probe1-spk-AAAB.npy,provisional_unit_area_from_count_matched_row_order,V4,236,"V4, MT",Unknown,unknown_or_unresolved,false,source_probe_resolved_but_channel_unresolvable,false,false
230830,423,1,ses230830-units-probe1-spk-AAAB.npy,provisional_unit_area_from_count_matched_row_order,MT,240,"V4, MT",Unknown,unknown_or_unresolved,false,source_probe_resolved_but_channel_unresolvable,false,false
230830,424,1,ses230830-units-probe1-spk-AAAB.npy,provisional_unit_area_from_count_matched_row_order,MT,150,"V4, MT",Unknown,unknown_or_unresolved,false,source_probe_resolved_but_channel_unresolvable,false,false
230830,425,1,ses230830-units-probe1-spk-AAAB.npy,provisional_unit_area_from_count_matched_row_order,MT,232,"V4, MT",Unknown,unknown_or_unresolved,false,source_probe_resolved_but_channel_unresolvable,false,false
230830,426,1,ses230830-units-probe1-spk-AAAB.npy,provisional_unit_area_from_count_matched_row_order,MT,150,"V4, MT",Unknown,unknown_or_unresolved,false,source_probe_resolved_but_channel_unresolvable,false,false
230830,427,1,ses230830-units-probe1-spk-AAAB.npy,provisional_unit_area_from_count_matched_row_order,MT,150,"V4, MT",Unknown,unknown_or_unresolved,false,source_probe_resolved_but_channel_unresolvable,false,false
230830,428,1,ses230830-units-probe1-spk-AAAB.npy,provisional_unit_area_from_count_matched_row_order,MT,150,"V4, MT",Unknown,unknown_or_unresolved,false,source_probe_resolved_but_channel_unresolvable,false,false
230830,429,1,ses230830-units-probe1-spk-AAAB.npy,provisional_unit_area_from_count_matched_row_order,MT,150,"V4, MT",Unknown,unknown_or_unresolved,false,source_probe_resolved_but_channel_unresolvable,false,false
230830,430,1,ses230830-units-probe1-spk-AAAB.npy,provisional_unit_area_from_count_matched_row_order,MT,150,"V4, MT",Unknown,unknown_or_unresolved,false,source_probe_resolved_but_channel_unresolvable,false,false
230830,431,1,ses230830-units-probe1-spk-AAAB.npy,provisional_unit_area_from_count_matched_row_order,MT,150,"V4, MT",Unknown,unknown_or_unresolved,false,source_probe_resolved_but_channel_unresolvable,false,false
230830,432,1,ses230830-units-probe1-spk-AAAB.npy,provisional_unit_area_from_count_matched_row_order,MT,150,"V4, MT",Unknown,unknown_or_unresolved,false,source_probe_resolved_but_channel_unresolvable,false,false
230830,433,1,ses230830-units-probe1-spk-AAAB.npy,provisional_unit_area_from_count_matched_row_order,MT,150,"V4, MT",Unknown,unknown_or_unresolved,false,source_probe_resolved_but_channel_unresolvable,false,false
230830,434,1,ses230830-units-probe1-spk-AAAB.npy,provisional_unit_area_from_count_matched_row_order,MT,150,"V4, MT",Unknown,unknown_or_unresolved,false,source_probe_resolved_but_channel_unresolvable,false,false
230830,435,1,ses230830-units-probe1-spk-AAAB.npy,provisional_unit_area_from_count_matched_row_order,MT,150,"V4, MT",Unknown,unknown_or_unresolved,false,source_probe_resolved_but_channel_unresolvable,false,false
230830,436,1,ses230830-units-probe1-spk-AAAB.npy,provisional_unit_area_from_count_matched_row_order,MT,150,"V4, MT",Unknown,unknown_or_unresolved,false,source_probe_resolved_but_channel_unresolvable,false,false
230830,437,1,ses230830-units-probe1-spk-AAAB.npy,provisional_unit_area_from_count_matched_row_order,MT,150,"V4, MT",Unknown,unknown_or_unresolved,false,source_probe_resolved_but_channel_unresolvable,false,false
230830,438,1,ses230830-units-probe1-spk-AAAB.npy,provisional_unit_area_from_count_matched_row_order,MT,150,"V4, MT",Unknown,unknown_or_unresolved,false,source_probe_resolved_but_channel_unresolvable,false,false
230830,439,1,ses230830-units-probe1-spk-AAAB.npy,provisional_unit_area_from_count_matched_row_order,MT,150,"V4, MT",Unknown,unknown_or_unresolved,false,source_probe_resolved_but_channel_unresolvable,false,false
230830,440,1,ses230830-units-probe1-spk-AAAB.npy,provisional_unit_area_from_count_matched_row_order,MT,150,"V4, MT",Unknown,unknown_or_unresolved,false,source_probe_resolved_but_channel_unresolvable,false,false
230830,441,1,ses230830-units-probe1-spk-AAAB.npy,provisional_unit_area_from_count_matched_row_order,MT,150,"V4, MT",Unknown,unknown_or_unresolved,false,source_probe_resolved_but_channel_unresolvable,false,false
230830,442,1,ses230830-units-probe1-spk-AAAB.npy,provisional_unit_area_from_count_matched_row_order,MT,150,"V4, MT",Unknown,unknown_or_unresolved,false,source_probe_resolved_but_channel_unresolvable,false,false
230830,443,1,ses230830-units-probe1-spk-AAAB.npy,provisional_unit_area_from_count_matched_row_order,MT,150,"V4, MT",Unknown,unknown_or_unresolved,false,source_probe_resolved_but_channel_unresolvable,false,false
230830,444,1,ses230830-units-probe1-spk-AAAB.npy,provisional_unit_area_from_count_matched_row_order,MT,150,"V4, MT",Unknown,unknown_or_unresolved,false,source_probe_resolved_but_channel_unresolvable,false,false
230830,445,1,ses230830-units-probe1-spk-AAAB.npy,provisional_unit_area_from_count_matched_row_order,MT,150,"V4, MT",Unknown,unknown_or_unresolved,false,source_probe_resolved_but_channel_unresolvable,false,false
230830,446,1,ses230830-units-probe1-spk-AAAB.npy,provisional_unit_area_from_count_matched_row_order,MT,150,"V4, MT",Unknown,unknown_or_unresolved,false,source_probe_resolved_but_channel_unresolvable,false,false
230830,447,1,ses230830-units-probe1-spk-AAAB.npy,provisional_unit_area_from_count_matched_row_order,MT,150,"V4, MT",Unknown,unknown_or_unresolved,false,source_probe_resolved_but_channel_unresolvable,false,false
230830,448,1,ses230830-units-probe1-spk-AAAB.npy,provisional_unit_area_from_count_matched_row_order,MT,150,"V4, MT",Unknown,unknown_or_unresolved,false,source_probe_resolved_but_channel_unresolvable,false,false
230830,449,1,ses230830-units-probe1-spk-AAAB.npy,provisional_unit_area_from_count_matched_row_order,MT,150,"V4, MT",Unknown,unknown_or_unresolved,false,source_probe_resolved_but_channel_unresolvable,false,false
230830,450,1,ses230830-units-probe1-spk-AAAB.npy,provisional_unit_area_from_count_matched_row_order,MT,150,"V4, MT",Unknown,unknown_or_unresolved,false,source_probe_resolved_but_channel_unresolvable,false,false
230830,451,1,ses230830-units-probe1-spk-AAAB.npy,provisional_unit_area_from_count_matched_row_order,MT,150,"V4, MT",Unknown,unknown_or_unresolved,false,source_probe_resolved_but_channel_unresolvable,false,false
230830,452,1,ses230830-units-probe1-spk-AAAB.npy,provisional_unit_area_from_count_matched_row_order,MT,150,"V4, MT",Unknown,unknown_or_unresolved,false,source_probe_resolved_but_channel_unresolvable,false,false
230830,453,1,ses230830-units-probe1-spk-AAAB.npy,provisional_unit_area_from_count_matched_row_order,MT,150,"V4, MT",Unknown,unknown_or_unresolved,false,source_probe_resolved_but_channel_unresolvable,false,false
230830,454,1,ses230830-units-probe1-spk-AAAB.npy,provisional_unit_area_from_count_matched_row_order,MT,150,"V4, MT",Unknown,unknown_or_unresolved,false,source_probe_resolved_but_channel_unresolvable,false,false
230830,455,1,ses230830-units-probe1-spk-AAAB.npy,provisional_unit_area_from_count_matched_row_order,MT,150,"V4, MT",Unknown,unknown_or_unresolved,false,source_probe_resolved_but_channel_unresolvable,false,false
230830,456,1,ses230830-units-probe1-spk-AAAB.npy,provisional_unit_area_from_count_matched_row_order,MT,150,"V4, MT",Unknown,unknown_or_unresolved,false,source_probe_resolved_but_channel_unresolvable,false,false
230830,457,1,ses230830-units-probe1-spk-AAAB.npy,provisional_unit_area_from_count_matched_row_order,MT,150,"V4, MT",Unknown,unknown_or_unresolved,false,source_probe_resolved_but_channel_unresolvable,false,false
230830,458,1,ses230830-units-probe1-spk-AAAB.npy,provisional_unit_area_from_count_matched_row_order,MT,150,"V4, MT",Unknown,unknown_or_unresolved,false,source_probe_resolved_but_channel_unresolvable,false,false
230830,459,1,ses230830-units-probe1-spk-AAAB.npy,provisional_unit_area_from_count_matched_row_order,MT,150,"V4, MT",Unknown,unknown_or_unresolved,false,source_probe_resolved_but_channel_unresolvable,false,false
230830,460,1,ses230830-units-probe1-spk-AAAB.npy,provisional_unit_area_from_count_matched_row_order,MT,150,"V4, MT",Unknown,unknown_or_unresolved,false,source_probe_resolved_but_channel_unresolvable,false,false
230830,461,1,ses230830-units-probe1-spk-AAAB.npy,provisional_unit_area_from_count_matched_row_order,MT,150,"V4, MT",Unknown,unknown_or_unresolved,false,source_probe_resolved_but_channel_unresolvable,false,false
230830,462,1,ses230830-units-probe1-spk-AAAB.npy,provisional_unit_area_from_count_matched_row_order,MT,233,"V4, MT",Unknown,unknown_or_unresolved,false,source_probe_resolved_but_channel_unresolvable,false,false
230830,463,1,ses230830-units-probe1-spk-AAAB.npy,provisional_unit_area_from_count_matched_row_order,V4,150,"V4, MT",Unknown,unknown_or_unresolved,false,source_probe_resolved_but_channel_unresolvable,false,false
230830,464,1,ses230830-units-probe1-spk-AAAB.npy,provisional_unit_area_from_count_matched_row_order,MT,150,"V4, MT",Unknown,unknown_or_unresolved,false,source_probe_resolved_but_channel_unresolvable,false,false
230830,465,1,ses230830-units-probe1-spk-AAAB.npy,provisional_unit_area_from_count_matched_row_order,MT,150,"V4, MT",Unknown,unknown_or_unresolved,false,source_probe_resolved_but_channel_unresolvable,false,false
230830,466,1,ses230830-units-probe1-spk-AAAB.npy,provisional_unit_area_from_count_matched_row_order,MT,150,"V4, MT",Unknown,unknown_or_unresolved,false,source_probe_resolved_but_channel_unresolvable,false,false
230830,467,1,ses230830-units-probe1-spk-AAAB.npy,provisional_unit_area_from_count_matched_row_order,MT,149,"V4, MT",Unknown,unknown_or_unresolved,false,source_probe_resolved_but_channel_unresolvable,false,false
230830,468,1,ses230830-units-probe1-spk-AAAB.npy,provisional_unit_area_from_count_matched_row_order,MT,150,"V4, MT",Unknown,unknown_or_unresolved,false,source_probe_resolved_but_channel_unresolvable,false,false
230830,469,1,ses230830-units-probe1-spk-AAAB.npy,provisional_unit_area_from_count_matched_row_order,MT,150,"V4, MT",Unknown,unknown_or_unresolved,false,source_probe_resolved_but_channel_unresolvable,false,false
230830,470,1,ses230830-units-probe1-spk-AAAB.npy,provisional_unit_area_from_count_matched_row_order,MT,150,"V4, MT",Unknown,unknown_or_unresolved,false,source_probe_resolved_but_channel_unresolvable,false,false
230830,471,1,ses230830-units-probe1-spk-AAAB.npy,provisional_unit_area_from_count_matched_row_order,MT,232,"V4, MT",Unknown,unknown_or_unresolved,false,source_probe_resolved_but_channel_unresolvable,false,false
230830,472,1,ses230830-units-probe1-spk-AAAB.npy,provisional_unit_area_from_count_matched_row_order,MT,150,"V4, MT",Unknown,unknown_or_unresolved,false,source_probe_resolved_but_channel_unresolvable,false,false
230830,473,1,ses230830-units-probe1-spk-AAAB.npy,provisional_unit_area_from_count_matched_row_order,MT,150,"V4, MT",Unknown,unknown_or_unresolved,false,source_probe_resolved_but_channel_unresolvable,false,false
230830,474,1,ses230830-units-probe1-spk-AAAB.npy,provisional_unit_area_from_count_matched_row_order,MT,150,"V4, MT",Unknown,unknown_or_unresolved,false,source_probe_resolved_but_channel_unresolvable,false,false
230830,475,1,ses230830-units-probe1-spk-AAAB.npy,provisional_unit_area_from_count_matched_row_order,MT,150,"V4, MT",Unknown,unknown_or_unresolved,false,source_probe_resolved_but_channel_unresolvable,false,false
230830,476,1,ses230830-units-probe1-spk-AAAB.npy,provisional_unit_area_from_count_matched_row_order,MT,150,"V4, MT",Unknown,unknown_or_unresolved,false,source_probe_resolved_but_channel_unresolvable,false,false
230830,477,1,ses230830-units-probe1-spk-AAAB.npy,provisional_unit_area_from_count_matched_row_order,MT,150,"V4, MT",Unknown,unknown_or_unresolved,false,source_probe_resolved_but_channel_unresolvable,false,false
230830,478,1,ses230830-units-probe1-spk-AAAB.npy,provisional_unit_area_from_count_matched_row_order,MT,160,"V4, MT",Unknown,unknown_or_unresolved,false,source_probe_resolved_but_channel_unresolvable,false,false
230830,479,1,ses230830-units-probe1-spk-AAAB.npy,provisional_unit_area_from_count_matched_row_order,MT,150,"V4, MT",Unknown,unknown_or_unresolved,false,source_probe_resolved_but_channel_unresolvable,false,false
230830,480,1,ses230830-units-probe1-spk-AAAB.npy,provisional_unit_area_from_count_matched_row_order,MT,150,"V4, MT",Unknown,unknown_or_unresolved,false,source_probe_resolved_but_channel_unresolvable,false,false
230830,481,1,ses230830-units-probe1-spk-AAAB.npy,provisional_unit_area_from_count_matched_row_order,MT,153,"V4, MT",Unknown,unknown_or_unresolved,false,source_probe_resolved_but_channel_unresolvable,false,false
230830,482,1,ses230830-units-probe1-spk-AAAB.npy,provisional_unit_area_from_count_matched_row_order,MT,230,"V4, MT",Unknown,unknown_or_unresolved,false,source_probe_resolved_but_channel_unresolvable,false,false
230830,483,1,ses230830-units-probe1-spk-AAAB.npy,provisional_unit_area_from_count_matched_row_order,MT,150,"V4, MT",Unknown,unknown_or_unresolved,false,source_probe_resolved_but_channel_unresolvable,false,false
230830,484,1,ses230830-units-probe1-spk-AAAB.npy,provisional_unit_area_from_count_matched_row_order,MT,230,"V4, MT",Unknown,unknown_or_unresolved,false,source_probe_resolved_but_channel_unresolvable,false,false
230830,485,1,ses230830-units-probe1-spk-AAAB.npy,provisional_unit_area_from_count_matched_row_order,MT,150,"V4, MT",Unknown,unknown_or_unresolved,false,source_probe_resolved_but_channel_unresolvable,false,false
230830,486,1,ses230830-units-probe1-spk-AAAB.npy,provisional_unit_area_from_count_matched_row_order,MT,150,"V4, MT",Unknown,unknown_or_unresolved,false,source_probe_resolved_but_channel_unresolvable,false,false
230830,487,1,ses230830-units-probe1-spk-AAAB.npy,provisional_unit_area_from_count_matched_row_order,MT,229,"V4, MT",Unknown,unknown_or_unresolved,false,source_probe_resolved_but_channel_unresolvable,false,false
230830,488,1,ses230830-units-probe1-spk-AAAB.npy,provisional_unit_area_from_count_matched_row_order,MT,150,"V4, MT",Unknown,unknown_or_unresolved,false,source_probe_resolved_but_channel_unresolvable,false,false
230830,489,1,ses230830-units-probe1-spk-AAAB.npy,provisional_unit_area_from_count_matched_row_order,MT,228,"V4, MT",Unknown,unknown_or_unresolved,false,source_probe_resolved_but_channel_unresolvable,false,false
230830,490,1,ses230830-units-probe1-spk-AAAB.npy,provisional_unit_area_from_count_matched_row_order,MT,155,"V4, MT",Unknown,unknown_or_unresolved,false,source_probe_resolved_but_channel_unresolvable,false,false
230830,491,1,ses230830-units-probe1-spk-AAAB.npy,provisional_unit_area_from_count_matched_row_order,MT,150,"V4, MT",Unknown,unknown_or_unresolved,false,source_probe_resolved_but_channel_unresolvable,false,false
230830,492,1,ses230830-units-probe1-spk-AAAB.npy,provisional_unit_area_from_count_matched_row_order,MT,228,"V4, MT",Unknown,unknown_or_unresolved,false,source_probe_resolved_but_channel_unresolvable,false,false
230830,493,1,ses230830-units-probe1-spk-AAAB.npy,provisional_unit_area_from_count_matched_row_order,MT,222,"V4, MT",Unknown,unknown_or_unresolved,false,source_probe_resolved_but_channel_unresolvable,false,false
230830,494,1,ses230830-units-probe1-spk-AAAB.npy,provisional_unit_area_from_count_matched_row_order,MT,150,"V4, MT",Unknown,unknown_or_unresolved,false,source_probe_resolved_but_channel_unresolvable,false,false
230830,495,1,ses230830-units-probe1-spk-AAAB.npy,provisional_unit_area_from_count_matched_row_order,MT,160,"V4, MT",Unknown,unknown_or_unresolved,false,source_probe_resolved_but_channel_unresolvable,false,false
230830,496,1,ses230830-units-probe1-spk-AAAB.npy,provisional_unit_area_from_count_matched_row_order,MT,228,"V4, MT",Unknown,unknown_or_unresolved,false,source_probe_resolved_but_channel_unresolvable,false,false
230830,497,1,ses230830-units-probe1-spk-AAAB.npy,provisional_unit_area_from_count_matched_row_order,MT,228,"V4, MT",Unknown,unknown_or_unresolved,false,source_probe_resolved_but_channel_unresolvable,false,false
230830,498,1,ses230830-units-probe1-spk-AAAB.npy,provisional_unit_area_from_count_matched_row_order,MT,150,"V4, MT",Unknown,unknown_or_unresolved,false,source_probe_resolved_but_channel_unresolvable,false,false
230830,499,1,ses230830-units-probe1-spk-AAAB.npy,provisional_unit_area_from_count_matched_row_order,MT,150,"V4, MT",Unknown,unknown_or_unresolved,false,source_probe_resolved_but_channel_unresolvable,false,false
230830,500,1,ses230830-units-probe1-spk-AAAB.npy,provisional_unit_area_from_count_matched_row_order,MT,227,"V4, MT",Unknown,unknown_or_unresolved,false,source_probe_resolved_but_channel_unresolvable,false,false
230830,501,1,ses230830-units-probe1-spk-AAAB.npy,provisional_unit_area_from_count_matched_row_order,MT,150,"V4, MT",Unknown,unknown_or_unresolved,false,source_probe_resolved_but_channel_unresolvable,false,false
230830,502,1,ses230830-units-probe1-spk-AAAB.npy,provisional_unit_area_from_count_matched_row_order,MT,160,"V4, MT",Unknown,unknown_or_unresolved,false,source_probe_resolved_but_channel_unresolvable,false,false
230830,503,1,ses230830-units-probe1-spk-AAAB.npy,provisional_unit_area_from_count_matched_row_order,MT,150,"V4, MT",Unknown,unknown_or_unresolved,false,source_probe_resolved_but_channel_unresolvable,false,false
230830,504,1,ses230830-units-probe1-spk-AAAB.npy,provisional_unit_area_from_count_matched_row_order,MT,160,"V4, MT",Unknown,unknown_or_unresolved,false,source_probe_resolved_but_channel_unresolvable,false,false
230830,505,1,ses230830-units-probe1-spk-AAAB.npy,provisional_unit_area_from_count_matched_row_order,MT,225,"V4, MT",Unknown,unknown_or_unresolved,false,source_probe_resolved_but_channel_unresolvable,false,false
230830,506,1,ses230830-units-probe1-spk-AAAB.npy,provisional_unit_area_from_count_matched_row_order,MT,225,"V4, MT",Unknown,unknown_or_unresolved,false,source_probe_resolved_but_channel_unresolvable,false,false
230830,507,1,ses230830-units-probe1-spk-AAAB.npy,provisional_unit_area_from_count_matched_row_order,MT,225,"V4, MT",Unknown,unknown_or_unresolved,false,source_probe_resolved_but_channel_unresolvable,false,false
230830,508,1,ses230830-units-probe1-spk-AAAB.npy,provisional_unit_area_from_count_matched_row_order,MT,160,"V4, MT",Unknown,unknown_or_unresolved,false,source_probe_resolved_but_channel_unresolvable,false,false
230830,509,1,ses230830-units-probe1-spk-AAAB.npy,provisional_unit_area_from_count_matched_row_order,MT,225,"V4, MT",Unknown,unknown_or_unresolved,false,source_probe_resolved_but_channel_unresolvable,false,false
230830,510,1,ses230830-units-probe1-spk-AAAB.npy,provisional_unit_area_from_count_matched_row_order,MT,160,"V4, MT",Unknown,unknown_or_unresolved,false,source_probe_resolved_but_channel_unresolvable,false,false
230830,511,1,ses230830-units-probe1-spk-AAAB.npy,provisional_unit_area_from_count_matched_row_order,V4,220,"V4, MT",Unknown,unknown_or_unresolved,false,source_probe_resolved_but_channel_unresolvable,false,false
230830,512,1,ses230830-units-probe1-spk-AAAB.npy,provisional_unit_area_from_count_matched_row_order,V4,160,"V4, MT",Unknown,unknown_or_unresolved,false,source_probe_resolved_but_channel_unresolvable,false,false
230831,137,1,ses230831-units-probe1-spk-AAAB.npy,unmapped_no_metadata,Unknown,131,"MT, MST",Unknown,unknown_or_unresolved,false,source_probe_resolved_but_channel_unresolvable,false,false
230831,138,1,ses230831-units-probe1-spk-AAAB.npy,unmapped_no_metadata,Unknown,129,"MT, MST",Unknown,unknown_or_unresolved,false,source_probe_resolved_but_channel_unresolvable,false,false
230831,139,1,ses230831-units-probe1-spk-AAAB.npy,unmapped_no_metadata,Unknown,255,"MT, MST",Unknown,unknown_or_unresolved,false,source_probe_resolved_but_channel_unresolvable,false,false
230831,140,1,ses230831-units-probe1-spk-AAAB.npy,unmapped_no_metadata,Unknown,129,"MT, MST",Unknown,unknown_or_unresolved,false,source_probe_resolved_but_channel_unresolvable,false,false
230831,141,1,ses230831-units-probe1-spk-AAAB.npy,unmapped_no_metadata,Unknown,129,"MT, MST",Unknown,unknown_or_unresolved,false,source_probe_resolved_but_channel_unresolvable,false,false
230831,142,1,ses230831-units-probe1-spk-AAAB.npy,unmapped_no_metadata,Unknown,129,"MT, MST",Unknown,unknown_or_unresolved,false,source_probe_resolved_but_channel_unresolvable,false,false
230831,143,1,ses230831-units-probe1-spk-AAAB.npy,unmapped_no_metadata,Unknown,135,"MT, MST",Unknown,unknown_or_unresolved,false,source_probe_resolved_but_channel_unresolvable,false,false
230831,144,1,ses230831-units-probe1-spk-AAAB.npy,unmapped_no_metadata,Unknown,254,"MT, MST",Unknown,unknown_or_unresolved,false,source_probe_resolved_but_channel_unresolvable,false,false
230831,145,1,ses230831-units-probe1-spk-AAAB.npy,unmapped_no_metadata,Unknown,251,"MT, MST",Unknown,unknown_or_unresolved,false,source_probe_resolved_but_channel_unresolvable,false,false
230831,146,1,ses230831-units-probe1-spk-AAAB.npy,unmapped_no_metadata,Unknown,247,"MT, MST",Unknown,unknown_or_unresolved,false,source_probe_resolved_but_channel_unresolvable,false,false
230831,147,1,ses230831-units-probe1-spk-AAAB.npy,unmapped_no_metadata,Unknown,130,"MT, MST",Unknown,unknown_or_unresolved,false,source_probe_resolved_but_channel_unresolvable,false,false
230831,148,1,ses230831-units-probe1-spk-AAAB.npy,unmapped_no_metadata,Unknown,130,"MT, MST",Unknown,unknown_or_unresolved,false,source_probe_resolved_but_channel_unresolvable,false,false
230831,149,1,ses230831-units-probe1-spk-AAAB.npy,unmapped_no_metadata,Unknown,130,"MT, MST",Unknown,unknown_or_unresolved,false,source_probe_resolved_but_channel_unresolvable,false,false
230831,150,1,ses230831-units-probe1-spk-AAAB.npy,unmapped_no_metadata,Unknown,130,"MT, MST",Unknown,unknown_or_unresolved,false,source_probe_resolved_but_channel_unresolvable,false,false
230831,151,1,ses230831-units-probe1-spk-AAAB.npy,unmapped_no_metadata,Unknown,130,"MT, MST",Unknown,unknown_or_unresolved,false,source_probe_resolved_but_channel_unresolvable,false,false
230831,152,1,ses230831-units-probe1-spk-AAAB.npy,unmapped_no_metadata,Unknown,130,"MT, MST",Unknown,unknown_or_unresolved,false,source_probe_resolved_but_channel_unresolvable,false,false
230831,153,1,ses230831-units-probe1-spk-AAAB.npy,unmapped_no_metadata,Unknown,129,"MT, MST",Unknown,unknown_or_unresolved,false,source_probe_resolved_but_channel_unresolvable,false,false
230831,154,1,ses230831-units-probe1-spk-AAAB.npy,unmapped_no_metadata,Unknown,251,"MT, MST",Unknown,unknown_or_unresolved,false,source_probe_resolved_but_channel_unresolvable,false,false
230831,155,1,ses230831-units-probe1-spk-AAAB.npy,unmapped_no_metadata,Unknown,253,"MT, MST",Unknown,unknown_or_unresolved,false,source_probe_resolved_but_channel_unresolvable,false,false
230831,156,1,ses230831-units-probe1-spk-AAAB.npy,unmapped_no_metadata,Unknown,128,"MT, MST",Unknown,unknown_or_unresolved,false,source_probe_resolved_but_channel_unresolvable,false,false
230831,157,1,ses230831-units-probe1-spk-AAAB.npy,unmapped_no_metadata,Unknown,131,"MT, MST",Unknown,unknown_or_unresolved,false,source_probe_resolved_but_channel_unresolvable,false,false
230831,158,1,ses230831-units-probe1-spk-AAAB.npy,unmapped_no_metadata,Unknown,132,"MT, MST",Unknown,unknown_or_unresolved,false,source_probe_resolved_but_channel_unresolvable,false,false
230831,159,1,ses230831-units-probe1-spk-AAAB.npy,unmapped_no_metadata,Unknown,131,"MT, MST",Unknown,unknown_or_unresolved,false,source_probe_resolved_but_channel_unresolvable,false,false
230831,160,1,ses230831-units-probe1-spk-AAAB.npy,unmapped_no_metadata,Unknown,252,"MT, MST",Unknown,unknown_or_unresolved,false,source_probe_resolved_but_channel_unresolvable,false,false
230831,161,1,ses230831-units-probe1-spk-AAAB.npy,unmapped_no_metadata,Unknown,252,"MT, MST",Unknown,unknown_or_unresolved,false,source_probe_resolved_but_channel_unresolvable,false,false
230831,162,1,ses230831-units-probe1-spk-AAAB.npy,unmapped_no_metadata,Unknown,129,"MT, MST",Unknown,unknown_or_unresolved,false,source_probe_resolved_but_channel_unresolvable,false,false
230831,163,1,ses230831-units-probe1-spk-AAAB.npy,unmapped_no_metadata,Unknown,138,"MT, MST",Unknown,unknown_or_unresolved,false,source_probe_resolved_but_channel_unresolvable,false,false
230831,164,1,ses230831-units-probe1-spk-AAAB.npy,unmapped_no_metadata,Unknown,254,"MT, MST",Unknown,unknown_or_unresolved,false,source_probe_resolved_but_channel_unresolvable,false,false
230831,165,1,ses230831-units-probe1-spk-AAAB.npy,unmapped_no_metadata,Unknown,129,"MT, MST",Unknown,unknown_or_unresolved,false,source_probe_resolved_but_channel_unresolvable,false,false
230831,166,1,ses230831-units-probe1-spk-AAAB.npy,unmapped_no_metadata,Unknown,132,"MT, MST",Unknown,unknown_or_unresolved,false,source_probe_resolved_but_channel_unresolvable,false,false
230831,167,1,ses230831-units-probe1-spk-AAAB.npy,unmapped_no_metadata,Unknown,132,"MT, MST",Unknown,unknown_or_unresolved,false,source_probe_resolved_but_channel_unresolvable,false,false
230831,168,1,ses230831-units-probe1-spk-AAAB.npy,unmapped_no_metadata,Unknown,132,"MT, MST",Unknown,unknown_or_unresolved,false,source_probe_resolved_but_channel_unresolvable,false,false
230831,169,1,ses230831-units-probe1-spk-AAAB.npy,unmapped_no_metadata,Unknown,251,"MT, MST",Unknown,unknown_or_unresolved,false,source_probe_resolved_but_channel_unresolvable,false,false
230831,170,1,ses230831-units-probe1-spk-AAAB.npy,unmapped_no_metadata,Unknown,132,"MT, MST",Unknown,unknown_or_unresolved,false,source_probe_resolved_but_channel_unresolvable,false,false
230831,171,1,ses230831-units-probe1-spk-AAAB.npy,unmapped_no_metadata,Unknown,130,"MT, MST",Unknown,unknown_or_unresolved,false,source_probe_resolved_but_channel_unresolvable,false,false
230831,172,1,ses230831-units-probe1-spk-AAAB.npy,unmapped_no_metadata,Unknown,129,"MT, MST",Unknown,unknown_or_unresolved,false,source_probe_resolved_but_channel_unresolvable,false,false
230831,173,1,ses230831-units-probe1-spk-AAAB.npy,unmapped_no_metadata,Unknown,133,"MT, MST",Unknown,unknown_or_unresolved,false,source_probe_resolved_but_channel_unresolvable,false,false
230831,174,1,ses230831-units-probe1-spk-AAAB.npy,unmapped_no_metadata,Unknown,133,"MT, MST",Unknown,unknown_or_unresolved,false,source_probe_resolved_but_channel_unresolvable,false,false
230831,175,1,ses230831-units-probe1-spk-AAAB.npy,unmapped_no_metadata,Unknown,134,"MT, MST",Unknown,unknown_or_unresolved,false,source_probe_resolved_but_channel_unresolvable,false,false
230831,176,1,ses230831-units-probe1-spk-AAAB.npy,unmapped_no_metadata,Unknown,135,"MT, MST",Unknown,unknown_or_unresolved,false,source_probe_resolved_but_channel_unresolvable,false,false
230831,177,1,ses230831-units-probe1-spk-AAAB.npy,unmapped_no_metadata,Unknown,252,"MT, MST",Unknown,unknown_or_unresolved,false,source_probe_resolved_but_channel_unresolvable,false,false
230831,178,1,ses230831-units-probe1-spk-AAAB.npy,unmapped_no_metadata,Unknown,250,"MT, MST",Unknown,unknown_or_unresolved,false,source_probe_resolved_but_channel_unresolvable,false,false
230831,179,1,ses230831-units-probe1-spk-AAAB.npy,unmapped_no_metadata,Unknown,136,"MT, MST",Unknown,unknown_or_unresolved,false,source_probe_resolved_but_channel_unresolvable,false,false
230831,180,1,ses230831-units-probe1-spk-AAAB.npy,unmapped_no_metadata,Unknown,134,"MT, MST",Unknown,unknown_or_unresolved,false,source_probe_resolved_but_channel_unresolvable,false,false
230831,181,1,ses230831-units-probe1-spk-AAAB.npy,unmapped_no_metadata,Unknown,141,"MT, MST",Unknown,unknown_or_unresolved,false,source_probe_resolved_but_channel_unresolvable,false,false
230831,182,1,ses230831-units-probe1-spk-AAAB.npy,unmapped_no_metadata,Unknown,129,"MT, MST",Unknown,unknown_or_unresolved,false,source_probe_resolved_but_channel_unresolvable,false,false
230831,183,1,ses230831-units-probe1-spk-AAAB.npy,unmapped_no_metadata,Unknown,134,"MT, MST",Unknown,unknown_or_unresolved,false,source_probe_resolved_but_channel_unresolvable,false,false
230831,184,1,ses230831-units-probe1-spk-AAAB.npy,unmapped_no_metadata,Unknown,134,"MT, MST",Unknown,unknown_or_unresolved,false,source_probe_resolved_but_channel_unresolvable,false,false
230831,185,1,ses230831-units-probe1-spk-AAAB.npy,unmapped_no_metadata,Unknown,134,"MT, MST",Unknown,unknown_or_unresolved,false,source_probe_resolved_but_channel_unresolvable,false,false
230831,186,1,ses230831-units-probe1-spk-AAAB.npy,unmapped_no_metadata,Unknown,141,"MT, MST",Unknown,unknown_or_unresolved,false,source_probe_resolved_but_channel_unresolvable,false,false
230831,187,1,ses230831-units-probe1-spk-AAAB.npy,unmapped_no_metadata,Unknown,249,"MT, MST",Unknown,unknown_or_unresolved,false,source_probe_resolved_but_channel_unresolvable,false,false
230831,188,1,ses230831-units-probe1-spk-AAAB.npy,unmapped_no_metadata,Unknown,135,"MT, MST",Unknown,unknown_or_unresolved,false,source_probe_resolved_but_channel_unresolvable,false,false
230831,189,1,ses230831-units-probe1-spk-AAAB.npy,unmapped_no_metadata,Unknown,135,"MT, MST",Unknown,unknown_or_unresolved,false,source_probe_resolved_but_channel_unresolvable,false,false
230831,190,1,ses230831-units-probe1-spk-AAAB.npy,unmapped_no_metadata,Unknown,138,"MT, MST",Unknown,unknown_or_unresolved,false,source_probe_resolved_but_channel_unresolvable,false,false
230831,191,1,ses230831-units-probe1-spk-AAAB.npy,unmapped_no_metadata,Unknown,135,"MT, MST",Unknown,unknown_or_unresolved,false,source_probe_resolved_but_channel_unresolvable,false,false
230831,192,1,ses230831-units-probe1-spk-AAAB.npy,unmapped_no_metadata,Unknown,248,"MT, MST",Unknown,unknown_or_unresolved,false,source_probe_resolved_but_channel_unresolvable,false,false
230831,193,1,ses230831-units-probe1-spk-AAAB.npy,unmapped_no_metadata,Unknown,136,"MT, MST",Unknown,unknown_or_unresolved,false,source_probe_resolved_but_channel_unresolvable,false,false
230831,194,1,ses230831-units-probe1-spk-AAAB.npy,unmapped_no_metadata,Unknown,130,"MT, MST",Unknown,unknown_or_unresolved,false,source_probe_resolved_but_channel_unresolvable,false,false
230831,195,1,ses230831-units-probe1-spk-AAAB.npy,unmapped_no_metadata,Unknown,136,"MT, MST",Unknown,unknown_or_unresolved,false,source_probe_resolved_but_channel_unresolvable,false,false
230831,196,1,ses230831-units-probe1-spk-AAAB.npy,unmapped_no_metadata,Unknown,136,"MT, MST",Unknown,unknown_or_unresolved,false,source_probe_resolved_but_channel_unresolvable,false,false
230831,197,1,ses230831-units-probe1-spk-AAAB.npy,unmapped_no_metadata,Unknown,136,"MT, MST",Unknown,unknown_or_unresolved,false,source_probe_resolved_but_channel_unresolvable,false,false
230831,198,1,ses230831-units-probe1-spk-AAAB.npy,unmapped_no_metadata,Unknown,142,"MT, MST",Unknown,unknown_or_unresolved,false,source_probe_resolved_but_channel_unresolvable,false,false
230831,199,1,ses230831-units-probe1-spk-AAAB.npy,unmapped_no_metadata,Unknown,137,"MT, MST",Unknown,unknown_or_unresolved,false,source_probe_resolved_but_channel_unresolvable,false,false
230831,200,1,ses230831-units-probe1-spk-AAAB.npy,unmapped_no_metadata,Unknown,137,"MT, MST",Unknown,unknown_or_unresolved,false,source_probe_resolved_but_channel_unresolvable,false,false
230831,201,1,ses230831-units-probe1-spk-AAAB.npy,unmapped_no_metadata,Unknown,137,"MT, MST",Unknown,unknown_or_unresolved,false,source_probe_resolved_but_channel_unresolvable,false,false
230831,202,1,ses230831-units-probe1-spk-AAAB.npy,unmapped_no_metadata,Unknown,137,"MT, MST",Unknown,unknown_or_unresolved,false,source_probe_resolved_but_channel_unresolvable,false,false
230831,203,1,ses230831-units-probe1-spk-AAAB.npy,unmapped_no_metadata,Unknown,246,"MT, MST",Unknown,unknown_or_unresolved,false,source_probe_resolved_but_channel_unresolvable,false,false
230831,204,1,ses230831-units-probe1-spk-AAAB.npy,unmapped_no_metadata,Unknown,134,"MT, MST",Unknown,unknown_or_unresolved,false,source_probe_resolved_but_channel_unresolvable,false,false
230831,205,1,ses230831-units-probe1-spk-AAAB.npy,unmapped_no_metadata,Unknown,131,"MT, MST",Unknown,unknown_or_unresolved,false,source_probe_resolved_but_channel_unresolvable,false,false
230831,206,1,ses230831-units-probe1-spk-AAAB.npy,unmapped_no_metadata,Unknown,138,"MT, MST",Unknown,unknown_or_unresolved,false,source_probe_resolved_but_channel_unresolvable,false,false
230831,207,1,ses230831-units-probe1-spk-AAAB.npy,unmapped_no_metadata,Unknown,238,"MT, MST",Unknown,unknown_or_unresolved,false,source_probe_resolved_but_channel_unresolvable,false,false
230831,208,1,ses230831-units-probe1-spk-AAAB.npy,unmapped_no_metadata,Unknown,253,"MT, MST",Unknown,unknown_or_unresolved,false,source_probe_resolved_but_channel_unresolvable,false,false
230831,209,1,ses230831-units-probe1-spk-AAAB.npy,unmapped_no_metadata,Unknown,141,"MT, MST",Unknown,unknown_or_unresolved,false,source_probe_resolved_but_channel_unresolvable,false,false
230831,210,1,ses230831-units-probe1-spk-AAAB.npy,unmapped_no_metadata,Unknown,136,"MT, MST",Unknown,unknown_or_unresolved,false,source_probe_resolved_but_channel_unresolvable,false,false
230831,211,1,ses230831-units-probe1-spk-AAAB.npy,unmapped_no_metadata,Unknown,136,"MT, MST",Unknown,unknown_or_unresolved,false,source_probe_resolved_but_channel_unresolvable,false,false
230831,212,1,ses230831-units-probe1-spk-AAAB.npy,unmapped_no_metadata,Unknown,139,"MT, MST",Unknown,unknown_or_unresolved,false,source_probe_resolved_but_channel_unresolvable,false,false
230831,213,1,ses230831-units-probe1-spk-AAAB.npy,unmapped_no_metadata,Unknown,138,"MT, MST",Unknown,unknown_or_unresolved,false,source_probe_resolved_but_channel_unresolvable,false,false
230831,214,1,ses230831-units-probe1-spk-AAAB.npy,unmapped_no_metadata,Unknown,237,"MT, MST",Unknown,unknown_or_unresolved,false,source_probe_resolved_but_channel_unresolvable,false,false
230831,215,1,ses230831-units-probe1-spk-AAAB.npy,unmapped_no_metadata,Unknown,140,"MT, MST",Unknown,unknown_or_unresolved,false,source_probe_resolved_but_channel_unresolvable,false,false
230831,216,1,ses230831-units-probe1-spk-AAAB.npy,unmapped_no_metadata,Unknown,140,"MT, MST",Unknown,unknown_or_unresolved,false,source_probe_resolved_but_channel_unresolvable,false,false
230831,217,1,ses230831-units-probe1-spk-AAAB.npy,unmapped_no_metadata,Unknown,140,"MT, MST",Unknown,unknown_or_unresolved,false,source_probe_resolved_but_channel_unresolvable,false,false
230831,218,1,ses230831-units-probe1-spk-AAAB.npy,unmapped_no_metadata,Unknown,135,"MT, MST",Unknown,unknown_or_unresolved,false,source_probe_resolved_but_channel_unresolvable,false,false
230831,219,1,ses230831-units-probe1-spk-AAAB.npy,unmapped_no_metadata,Unknown,250,"MT, MST",Unknown,unknown_or_unresolved,false,source_probe_resolved_but_channel_unresolvable,false,false
230831,220,1,ses230831-units-probe1-spk-AAAB.npy,unmapped_no_metadata,Unknown,244,"MT, MST",Unknown,unknown_or_unresolved,false,source_probe_resolved_but_channel_unresolvable,false,false
230831,221,1,ses230831-units-probe1-spk-AAAB.npy,unmapped_no_metadata,Unknown,236,"MT, MST",Unknown,unknown_or_unresolved,false,source_probe_resolved_but_channel_unresolvable,false,false
230831,222,1,ses230831-units-probe1-spk-AAAB.npy,unmapped_no_metadata,Unknown,242,"MT, MST",Unknown,unknown_or_unresolved,false,source_probe_resolved_but_channel_unresolvable,false,false
230831,223,1,ses230831-units-probe1-spk-AAAB.npy,unmapped_no_metadata,Unknown,134,"MT, MST",Unknown,unknown_or_unresolved,false,source_probe_resolved_but_channel_unresolvable,false,false
230831,224,1,ses230831-units-probe1-spk-AAAB.npy,unmapped_no_metadata,Unknown,139,"MT, MST",Unknown,unknown_or_unresolved,false,source_probe_resolved_but_channel_unresolvable,false,false
230831,225,1,ses230831-units-probe1-spk-AAAB.npy,unmapped_no_metadata,Unknown,142,"MT, MST",Unknown,unknown_or_unresolved,false,source_probe_resolved_but_channel_unresolvable,false,false
230831,226,1,ses230831-units-probe1-spk-AAAB.npy,unmapped_no_metadata,Unknown,142,"MT, MST",Unknown,unknown_or_unresolved,false,source_probe_resolved_but_channel_unresolvable,false,false
230831,227,1,ses230831-units-probe1-spk-AAAB.npy,unmapped_no_metadata,Unknown,150,"MT, MST",Unknown,unknown_or_unresolved,false,source_probe_resolved_but_channel_unresolvable,false,false
230831,228,1,ses230831-units-probe1-spk-AAAB.npy,unmapped_no_metadata,Unknown,240,"MT, MST",Unknown,unknown_or_unresolved,false,source_probe_resolved_but_channel_unresolvable,false,false
230831,229,1,ses230831-units-probe1-spk-AAAB.npy,unmapped_no_metadata,Unknown,150,"MT, MST",Unknown,unknown_or_unresolved,false,source_probe_resolved_but_channel_unresolvable,false,false
230831,230,1,ses230831-units-probe1-spk-AAAB.npy,unmapped_no_metadata,Unknown,144,"MT, MST",Unknown,unknown_or_unresolved,false,source_probe_resolved_but_channel_unresolvable,false,false
230831,231,1,ses230831-units-probe1-spk-AAAB.npy,unmapped_no_metadata,Unknown,144,"MT, MST",Unknown,unknown_or_unresolved,false,source_probe_resolved_but_channel_unresolvable,false,false
230831,232,1,ses230831-units-probe1-spk-AAAB.npy,unmapped_no_metadata,Unknown,239,"MT, MST",Unknown,unknown_or_unresolved,false,source_probe_resolved_but_channel_unresolvable,false,false
230831,233,1,ses230831-units-probe1-spk-AAAB.npy,unmapped_no_metadata,Unknown,141,"MT, MST",Unknown,unknown_or_unresolved,false,source_probe_resolved_but_channel_unresolvable,false,false
230831,234,1,ses230831-units-probe1-spk-AAAB.npy,unmapped_no_metadata,Unknown,239,"MT, MST",Unknown,unknown_or_unresolved,false,source_probe_resolved_but_channel_unresolvable,false,false
230831,235,1,ses230831-units-probe1-spk-AAAB.npy,unmapped_no_metadata,Unknown,150,"MT, MST",Unknown,unknown_or_unresolved,false,source_probe_resolved_but_channel_unresolvable,false,false
230831,236,1,ses230831-units-probe1-spk-AAAB.npy,unmapped_no_metadata,Unknown,150,"MT, MST",Unknown,unknown_or_unresolved,false,source_probe_resolved_but_channel_unresolvable,false,false
230831,237,1,ses230831-units-probe1-spk-AAAB.npy,unmapped_no_metadata,Unknown,238,"MT, MST",Unknown,unknown_or_unresolved,false,source_probe_resolved_but_channel_unresolvable,false,false
230831,238,1,ses230831-units-probe1-spk-AAAB.npy,unmapped_no_metadata,Unknown,141,"MT, MST",Unknown,unknown_or_unresolved,false,source_probe_resolved_but_channel_unresolvable,false,false
230831,239,1,ses230831-units-probe1-spk-AAAB.npy,unmapped_no_metadata,Unknown,237,"MT, MST",Unknown,unknown_or_unresolved,false,source_probe_resolved_but_channel_unresolvable,false,false
230831,240,1,ses230831-units-probe1-spk-AAAB.npy,unmapped_no_metadata,Unknown,142,"MT, MST",Unknown,unknown_or_unresolved,false,source_probe_resolved_but_channel_unresolvable,false,false
230831,241,1,ses230831-units-probe1-spk-AAAB.npy,unmapped_no_metadata,Unknown,150,"MT, MST",Unknown,unknown_or_unresolved,false,source_probe_resolved_but_channel_unresolvable,false,false
230831,242,1,ses230831-units-probe1-spk-AAAB.npy,unmapped_no_metadata,Unknown,236,"MT, MST",Unknown,unknown_or_unresolved,false,source_probe_resolved_but_channel_unresolvable,false,false
230831,243,1,ses230831-units-probe1-spk-AAAB.npy,unmapped_no_metadata,Unknown,150,"MT, MST",Unknown,unknown_or_unresolved,false,source_probe_resolved_but_channel_unresolvable,false,false
230831,244,1,ses230831-units-probe1-spk-AAAB.npy,unmapped_no_metadata,Unknown,141,"MT, MST",Unknown,unknown_or_unresolved,false,source_probe_resolved_but_channel_unresolvable,false,false
230831,245,1,ses230831-units-probe1-spk-AAAB.npy,unmapped_no_metadata,Unknown,235,"MT, MST",Unknown,unknown_or_unresolved,false,source_probe_resolved_but_channel_unresolvable,false,false
230831,246,1,ses230831-units-probe1-spk-AAAB.npy,unmapped_no_metadata,Unknown,150,"MT, MST",Unknown,unknown_or_unresolved,false,source_probe_resolved_but_channel_unresolvable,false,false
