session_id,unit_axis_index,unit_key,area_resolution_status,raw_area_label,canonical_area_label,mapping_warning,blocking_reason
230629,0,230629_0,unmapped_no_metadata,None,Unknown,No unit metadata CSV file found,area_resolution_status=unmapped_no_metadata is not manuscript-safe
230629,1,230629_1,unmapped_no_metadata,None,Unknown,No unit metadata CSV file found,area_resolution_status=unmapped_no_metadata is not manuscript-safe
230629,2,230629_2,unmapped_no_metadata,None,Unknown,No unit metadata CSV file found,area_resolution_status=unmapped_no_metadata is not manuscript-safe
230629,3,230629_3,unmapped_no_metadata,None,Unknown,No unit metadata CSV file found,area_resolution_status=unmapped_no_metadata is not manuscript-safe
230629,4,230629_4,unmapped_no_metadata,None,Unknown,No unit metadata CSV file found,area_resolution_status=unmapped_no_metadata is not manuscript-safe
230629,5,230629_5,unmapped_no_metadata,None,Unknown,No unit metadata CSV file found,area_resolution_status=unmapped_no_metadata is not manuscript-safe
230629,6,230629_6,unmapped_no_metadata,None,Unknown,No unit metadata CSV file found,area_resolution_status=unmapped_no_metadata is not manuscript-safe
230629,7,230629_7,unmapped_no_metadata,None,Unknown,No unit metadata CSV file found,area_resolution_status=unmapped_no_metadata is not manuscript-safe
230629,8,230629_8,unmapped_no_metadata,None,Unknown,No unit metadata CSV file found,area_resolution_status=unmapped_no_metadata is not manuscript-safe
230629,9,230629_9,unmapped_no_metadata,None,Unknown,No unit metadata CSV file found,area_resolution_status=unmapped_no_metadata is not manuscript-safe
230629,10,230629_10,unmapped_no_metadata,None,Unknown,No unit metadata CSV file found,area_resolution_status=unmapped_no_metadata is not manuscript-safe
230629,11,230629_11,unmapped_no_metadata,None,Unknown,No unit metadata CSV file found,area_resolution_status=unmapped_no_metadata is not manuscript-safe
230629,12,230629_12,unmapped_no_metadata,None,Unknown,No unit metadata CSV file found,area_resolution_status=unmapped_no_metadata is not manuscript-safe
230629,13,230629_13,unmapped_no_metadata,None,Unknown,No unit metadata CSV file found,area_resolution_status=unmapped_no_metadata is not manuscript-safe
230629,14,230629_14,unmapped_no_metadata,None,Unknown,No unit metadata CSV file found,area_resolution_status=unmapped_no_metadata is not manuscript-safe
230629,15,230629_15,unmapped_no_metadata,None,Unknown,No unit metadata CSV file found,area_resolution_status=unmapped_no_metadata is not manuscript-safe
230629,16,230629_16,unmapped_no_metadata,None,Unknown,No unit metadata CSV file found,area_resolution_status=unmapped_no_metadata is not manuscript-safe
230629,17,230629_17,unmapped_no_metadata,None,Unknown,No unit metadata CSV file found,area_resolution_status=unmapped_no_metadata is not manuscript-safe
230629,18,230629_18,unmapped_no_metadata,None,Unknown,No unit metadata CSV file found,area_resolution_status=unmapped_no_metadata is not manuscript-safe
230629,19,230629_19,unmapped_no_metadata,None,Unknown,No unit metadata CSV file found,area_resolution_status=unmapped_no_metadata is not manuscript-safe
230629,20,230629_20,unmapped_no_metadata,None,Unknown,No unit metadata CSV file found,area_resolution_status=unmapped_no_metadata is not manuscript-safe
230629,21,230629_21,unmapped_no_metadata,None,Unknown,No unit metadata CSV file found,area_resolution_status=unmapped_no_metadata is not manuscript-safe
230629,22,230629_22,unmapped_no_metadata,None,Unknown,No unit metadata CSV file found,area_resolution_status=unmapped_no_metadata is not manuscript-safe
230629,23,230629_23,unmapped_no_metadata,None,Unknown,No unit metadata CSV file found,area_resolution_status=unmapped_no_metadata is not manuscript-safe
230629,24,230629_24,unmapped_no_metadata,None,Unknown,No unit metadata CSV file found,area_resolution_status=unmapped_no_metadata is not manuscript-safe
230629,25,230629_25,unmapped_no_metadata,None,Unknown,No unit metadata CSV file found,area_resolution_status=unmapped_no_metadata is not manuscript-safe
230629,26,230629_26,unmapped_no_metadata,None,Unknown,No unit metadata CSV file found,area_resolution_status=unmapped_no_metadata is not manuscript-safe
230629,27,230629_27,unmapped_no_metadata,None,Unknown,No unit metadata CSV file found,area_resolution_status=unmapped_no_metadata is not manuscript-safe
230629,28,230629_28,unmapped_no_metadata,None,Unknown,No unit metadata CSV file found,area_resolution_status=unmapped_no_metadata is not manuscript-safe
230629,29,230629_29,unmapped_no_metadata,None,Unknown,No unit metadata CSV file found,area_resolution_status=unmapped_no_metadata is not manuscript-safe
230629,30,230629_30,unmapped_no_metadata,None,Unknown,No unit metadata CSV file found,area_resolution_status=unmapped_no_metadata is not manuscript-safe
230629,31,230629_31,unmapped_no_metadata,None,Unknown,No unit metadata CSV file found,area_resolution_status=unmapped_no_metadata is not manuscript-safe
230629,32,230629_32,unmapped_no_metadata,None,Unknown,No unit metadata CSV file found,area_resolution_status=unmapped_no_metadata is not manuscript-safe
230629,33,230629_33,unmapped_no_metadata,None,Unknown,No unit metadata CSV file found,area_resolution_status=unmapped_no_metadata is not manuscript-safe
230629,34,230629_34,unmapped_no_metadata,None,Unknown,No unit metadata CSV file found,area_resolution_status=unmapped_no_metadata is not manuscript-safe
230629,35,230629_35,unmapped_no_metadata,None,Unknown,No unit metadata CSV file found,area_resolution_status=unmapped_no_metadata is not manuscript-safe
230629,36,230629_36,unmapped_no_metadata,None,Unknown,No unit metadata CSV file found,area_resolution_status=unmapped_no_metadata is not manuscript-safe
230629,37,230629_37,unmapped_no_metadata,None,Unknown,No unit metadata CSV file found,area_resolution_status=unmapped_no_metadata is not manuscript-safe
230629,38,230629_38,unmapped_no_metadata,None,Unknown,No unit metadata CSV file found,area_resolution_status=unmapped_no_metadata is not manuscript-safe
230629,39,230629_39,unmapped_no_metadata,None,Unknown,No unit metadata CSV file found,area_resolution_status=unmapped_no_metadata is not manuscript-safe
230629,40,230629_40,unmapped_no_metadata,None,Unknown,No unit metadata CSV file found,area_resolution_status=unmapped_no_metadata is not manuscript-safe
230629,41,230629_41,unmapped_no_metadata,None,Unknown,No unit metadata CSV file found,area_resolution_status=unmapped_no_metadata is not manuscript-safe
230629,42,230629_42,unmapped_no_metadata,None,Unknown,No unit metadata CSV file found,area_resolution_status=unmapped_no_metadata is not manuscript-safe
230629,43,230629_43,unmapped_no_metadata,None,Unknown,No unit metadata CSV file found,area_resolution_status=unmapped_no_metadata is not manuscript-safe
230629,44,230629_44,unmapped_no_metadata,None,Unknown,No unit metadata CSV file found,area_resolution_status=unmapped_no_metadata is not manuscript-safe
230629,45,230629_45,unmapped_no_metadata,None,Unknown,No unit metadata CSV file found,area_resolution_status=unmapped_no_metadata is not manuscript-safe
230629,46,230629_46,unmapped_no_metadata,None,Unknown,No unit metadata CSV file found,area_resolution_status=unmapped_no_metadata is not manuscript-safe
230629,47,230629_47,unmapped_no_metadata,None,Unknown,No unit metadata CSV file found,area_resolution_status=unmapped_no_metadata is not manuscript-safe
230629,48,230629_48,unmapped_no_metadata,None,Unknown,No unit metadata CSV file found,area_resolution_status=unmapped_no_metadata is not manuscript-safe
230629,49,230629_49,unmapped_no_metadata,None,Unknown,No unit metadata CSV file found,area_resolution_status=unmapped_no_metadata is not manuscript-safe
230629,50,230629_50,unmapped_no_metadata,None,Unknown,No unit metadata CSV file found,area_resolution_status=unmapped_no_metadata is not manuscript-safe
230629,51,230629_51,unmapped_no_metadata,None,Unknown,No unit metadata CSV file found,area_resolution_status=unmapped_no_metadata is not manuscript-safe
230629,52,230629_52,unmapped_no_metadata,None,Unknown,No unit metadata CSV file found,area_resolution_status=unmapped_no_metadata is not manuscript-safe
230629,53,230629_53,unmapped_no_metadata,None,Unknown,No unit metadata CSV file found,area_resolution_status=unmapped_no_metadata is not manuscript-safe
230629,54,230629_54,unmapped_no_metadata,None,Unknown,No unit metadata CSV file found,area_resolution_status=unmapped_no_metadata is not manuscript-safe
230629,55,230629_55,unmapped_no_metadata,None,Unknown,No unit metadata CSV file found,area_resolution_status=unmapped_no_metadata is not manuscript-safe
230629,56,230629_56,unmapped_no_metadata,None,Unknown,No unit metadata CSV file found,area_resolution_status=unmapped_no_metadata is not manuscript-safe
230629,57,230629_57,unmapped_no_metadata,None,Unknown,No unit metadata CSV file found,area_resolution_status=unmapped_no_metadata is not manuscript-safe
230629,58,230629_58,unmapped_no_metadata,None,Unknown,No unit metadata CSV file found,area_resolution_status=unmapped_no_metadata is not manuscript-safe
230629,59,230629_59,unmapped_no_metadata,None,Unknown,No unit metadata CSV file found,area_resolution_status=unmapped_no_metadata is not manuscript-safe
230629,60,230629_60,unmapped_no_metadata,None,Unknown,No unit metadata CSV file found,area_resolution_status=unmapped_no_metadata is not manuscript-safe
230629,61,230629_61,unmapped_no_metadata,None,Unknown,No unit metadata CSV file found,area_resolution_status=unmapped_no_metadata is not manuscript-safe
230629,62,230629_62,unmapped_no_metadata,None,Unknown,No unit metadata CSV file found,area_resolution_status=unmapped_no_metadata is not manuscript-safe
230629,63,230629_63,unmapped_no_metadata,None,Unknown,No unit metadata CSV file found,area_resolution_status=unmapped_no_metadata is not manuscript-safe
230629,64,230629_64,unmapped_no_metadata,None,Unknown,No unit metadata CSV file found,area_resolution_status=unmapped_no_metadata is not manuscript-safe
230629,65,230629_65,unmapped_no_metadata,None,Unknown,No unit metadata CSV file found,area_resolution_status=unmapped_no_metadata is not manuscript-safe
230629,66,230629_66,unmapped_no_metadata,None,Unknown,No unit metadata CSV file found,area_resolution_status=unmapped_no_metadata is not manuscript-safe
230629,67,230629_67,unmapped_no_metadata,None,Unknown,No unit metadata CSV file found,area_resolution_status=unmapped_no_metadata is not manuscript-safe
230629,68,230629_68,unmapped_no_metadata,None,Unknown,No unit metadata CSV file found,area_resolution_status=unmapped_no_metadata is not manuscript-safe
230629,69,230629_69,unmapped_no_metadata,None,Unknown,No unit metadata CSV file found,area_resolution_status=unmapped_no_metadata is not manuscript-safe
230629,70,230629_70,unmapped_no_metadata,None,Unknown,No unit metadata CSV file found,area_resolution_status=unmapped_no_metadata is not manuscript-safe
230629,71,230629_71,unmapped_no_metadata,None,Unknown,No unit metadata CSV file found,area_resolution_status=unmapped_no_metadata is not manuscript-safe
230629,72,230629_72,unmapped_no_metadata,None,Unknown,No unit metadata CSV file found,area_resolution_status=unmapped_no_metadata is not manuscript-safe
230629,73,230629_73,unmapped_no_metadata,None,Unknown,No unit metadata CSV file found,area_resolution_status=unmapped_no_metadata is not manuscript-safe
230629,74,230629_74,unmapped_no_metadata,None,Unknown,No unit metadata CSV file found,area_resolution_status=unmapped_no_metadata is not manuscript-safe
230629,75,230629_75,unmapped_no_metadata,None,Unknown,No unit metadata CSV file found,area_resolution_status=unmapped_no_metadata is not manuscript-safe
230629,76,230629_76,unmapped_no_metadata,None,Unknown,No unit metadata CSV file found,area_resolution_status=unmapped_no_metadata is not manuscript-safe
230629,77,230629_77,unmapped_no_metadata,None,Unknown,No unit metadata CSV file found,area_resolution_status=unmapped_no_metadata is not manuscript-safe
230629,78,230629_78,unmapped_no_metadata,None,Unknown,No unit metadata CSV file found,area_resolution_status=unmapped_no_metadata is not manuscript-safe
230629,79,230629_79,unmapped_no_metadata,None,Unknown,No unit metadata CSV file found,area_resolution_status=unmapped_no_metadata is not manuscript-safe
230629,80,230629_80,unmapped_no_metadata,None,Unknown,No unit metadata CSV file found,area_resolution_status=unmapped_no_metadata is not manuscript-safe
230629,81,230629_81,unmapped_no_metadata,None,Unknown,No unit metadata CSV file found,area_resolution_status=unmapped_no_metadata is not manuscript-safe
230629,82,230629_82,unmapped_no_metadata,None,Unknown,No unit metadata CSV file found,area_resolution_status=unmapped_no_metadata is not manuscript-safe
230629,83,230629_83,unmapped_no_metadata,None,Unknown,No unit metadata CSV file found,area_resolution_status=unmapped_no_metadata is not manuscript-safe
230629,84,230629_84,unmapped_no_metadata,None,Unknown,No unit metadata CSV file found,area_resolution_status=unmapped_no_metadata is not manuscript-safe
230629,85,230629_85,unmapped_no_metadata,None,Unknown,No unit metadata CSV file found,area_resolution_status=unmapped_no_metadata is not manuscript-safe
230629,86,230629_86,unmapped_no_metadata,None,Unknown,No unit metadata CSV file found,area_resolution_status=unmapped_no_metadata is not manuscript-safe
230629,87,230629_87,unmapped_no_metadata,None,Unknown,No unit metadata CSV file found,area_resolution_status=unmapped_no_metadata is not manuscript-safe
230629,88,230629_88,unmapped_no_metadata,None,Unknown,No unit metadata CSV file found,area_resolution_status=unmapped_no_metadata is not manuscript-safe
230629,89,230629_89,unmapped_no_metadata,None,Unknown,No unit metadata CSV file found,area_resolution_status=unmapped_no_metadata is not manuscript-safe
230629,90,230629_90,unmapped_no_metadata,None,Unknown,No unit metadata CSV file found,area_resolution_status=unmapped_no_metadata is not manuscript-safe
230629,91,230629_91,unmapped_no_metadata,None,Unknown,No unit metadata CSV file found,area_resolution_status=unmapped_no_metadata is not manuscript-safe
230629,92,230629_92,unmapped_no_metadata,None,Unknown,No unit metadata CSV file found,area_resolution_status=unmapped_no_metadata is not manuscript-safe
230629,93,230629_93,unmapped_no_metadata,None,Unknown,No unit metadata CSV file found,area_resolution_status=unmapped_no_metadata is not manuscript-safe
230629,94,230629_94,unmapped_no_metadata,None,Unknown,No unit metadata CSV file found,area_resolution_status=unmapped_no_metadata is not manuscript-safe
230629,95,230629_95,unmapped_no_metadata,None,Unknown,No unit metadata CSV file found,area_resolution_status=unmapped_no_metadata is not manuscript-safe
230629,96,230629_96,unmapped_no_metadata,None,Unknown,No unit metadata CSV file found,area_resolution_status=unmapped_no_metadata is not manuscript-safe
230629,97,230629_97,unmapped_no_metadata,None,Unknown,No unit metadata CSV file found,area_resolution_status=unmapped_no_metadata is not manuscript-safe
230629,98,230629_98,unmapped_no_metadata,None,Unknown,No unit metadata CSV file found,area_resolution_status=unmapped_no_metadata is not manuscript-safe
230629,99,230629_99,unmapped_no_metadata,None,Unknown,No unit metadata CSV file found,area_resolution_status=unmapped_no_metadata is not manuscript-safe
230629,100,230629_100,unmapped_no_metadata,None,Unknown,No unit metadata CSV file found,area_resolution_status=unmapped_no_metadata is not manuscript-safe
230629,101,230629_101,unmapped_no_metadata,None,Unknown,No unit metadata CSV file found,area_resolution_status=unmapped_no_metadata is not manuscript-safe
230629,102,230629_102,unmapped_no_metadata,None,Unknown,No unit metadata CSV file found,area_resolution_status=unmapped_no_metadata is not manuscript-safe
230629,103,230629_103,unmapped_no_metadata,None,Unknown,No unit metadata CSV file found,area_resolution_status=unmapped_no_metadata is not manuscript-safe
230629,104,230629_104,unmapped_no_metadata,None,Unknown,No unit metadata CSV file found,area_resolution_status=unmapped_no_metadata is not manuscript-safe
230629,105,230629_105,unmapped_no_metadata,None,Unknown,No unit metadata CSV file found,area_resolution_status=unmapped_no_metadata is not manuscript-safe
230629,106,230629_106,unmapped_no_metadata,None,Unknown,No unit metadata CSV file found,area_resolution_status=unmapped_no_metadata is not manuscript-safe
230629,107,230629_107,unmapped_no_metadata,None,Unknown,No unit metadata CSV file found,area_resolution_status=unmapped_no_metadata is not manuscript-safe
230629,108,230629_108,unmapped_no_metadata,None,Unknown,No unit metadata CSV file found,area_resolution_status=unmapped_no_metadata is not manuscript-safe
230629,109,230629_109,unmapped_no_metadata,None,Unknown,No unit metadata CSV file found,area_resolution_status=unmapped_no_metadata is not manuscript-safe
230629,110,230629_110,unmapped_no_metadata,None,Unknown,No unit metadata CSV file found,area_resolution_status=unmapped_no_metadata is not manuscript-safe
230629,111,230629_111,unmapped_no_metadata,None,Unknown,No unit metadata CSV file found,area_resolution_status=unmapped_no_metadata is not manuscript-safe
230629,112,230629_112,unmapped_no_metadata,None,Unknown,No unit metadata CSV file found,area_resolution_status=unmapped_no_metadata is not manuscript-safe
230629,113,230629_113,unmapped_no_metadata,None,Unknown,No unit metadata CSV file found,area_resolution_status=unmapped_no_metadata is not manuscript-safe
230629,114,230629_114,unmapped_no_metadata,None,Unknown,No unit metadata CSV file found,area_resolution_status=unmapped_no_metadata is not manuscript-safe
230629,115,230629_115,unmapped_no_metadata,None,Unknown,No unit metadata CSV file found,area_resolution_status=unmapped_no_metadata is not manuscript-safe
230629,116,230629_116,unmapped_no_metadata,None,Unknown,No unit metadata CSV file found,area_resolution_status=unmapped_no_metadata is not manuscript-safe
230629,117,230629_117,unmapped_no_metadata,None,Unknown,No unit metadata CSV file found,area_resolution_status=unmapped_no_metadata is not manuscript-safe
230629,118,230629_118,unmapped_no_metadata,None,Unknown,No unit metadata CSV file found,area_resolution_status=unmapped_no_metadata is not manuscript-safe
230629,119,230629_119,unmapped_no_metadata,None,Unknown,No unit metadata CSV file found,area_resolution_status=unmapped_no_metadata is not manuscript-safe
230629,120,230629_120,unmapped_no_metadata,None,Unknown,No unit metadata CSV file found,area_resolution_status=unmapped_no_metadata is not manuscript-safe
230629,121,230629_121,unmapped_no_metadata,None,Unknown,No unit metadata CSV file found,area_resolution_status=unmapped_no_metadata is not manuscript-safe
230629,122,230629_122,unmapped_no_metadata,None,Unknown,No unit metadata CSV file found,area_resolution_status=unmapped_no_metadata is not manuscript-safe
230629,123,230629_123,unmapped_no_metadata,None,Unknown,No unit metadata CSV file found,area_resolution_status=unmapped_no_metadata is not manuscript-safe
230629,124,230629_124,unmapped_no_metadata,None,Unknown,No unit metadata CSV file found,area_resolution_status=unmapped_no_metadata is not manuscript-safe
230629,125,230629_125,unmapped_no_metadata,None,Unknown,No unit metadata CSV file found,area_resolution_status=unmapped_no_metadata is not manuscript-safe
230629,126,230629_126,unmapped_no_metadata,None,Unknown,No unit metadata CSV file found,area_resolution_status=unmapped_no_metadata is not manuscript-safe
230629,127,230629_127,unmapped_no_metadata,None,Unknown,No unit metadata CSV file found,area_resolution_status=unmapped_no_metadata is not manuscript-safe
230629,128,230629_128,unmapped_no_metadata,None,Unknown,No unit metadata CSV file found,area_resolution_status=unmapped_no_metadata is not manuscript-safe
230629,129,230629_129,unmapped_no_metadata,None,Unknown,No unit metadata CSV file found,area_resolution_status=unmapped_no_metadata is not manuscript-safe
230629,130,230629_130,unmapped_no_metadata,None,Unknown,No unit metadata CSV file found,area_resolution_status=unmapped_no_metadata is not manuscript-safe
230629,131,230629_131,unmapped_no_metadata,None,Unknown,No unit metadata CSV file found,area_resolution_status=unmapped_no_metadata is not manuscript-safe
230629,132,230629_132,unmapped_no_metadata,None,Unknown,No unit metadata CSV file found,area_resolution_status=unmapped_no_metadata is not manuscript-safe
230629,133,230629_133,unmapped_no_metadata,None,Unknown,No unit metadata CSV file found,area_resolution_status=unmapped_no_metadata is not manuscript-safe
230629,134,230629_134,unmapped_no_metadata,None,Unknown,No unit metadata CSV file found,area_resolution_status=unmapped_no_metadata is not manuscript-safe
230629,135,230629_135,unmapped_no_metadata,None,Unknown,No unit metadata CSV file found,area_resolution_status=unmapped_no_metadata is not manuscript-safe
230629,136,230629_136,unmapped_no_metadata,None,Unknown,No unit metadata CSV file found,area_resolution_status=unmapped_no_metadata is not manuscript-safe
230629,137,230629_137,unmapped_no_metadata,None,Unknown,No unit metadata CSV file found,area_resolution_status=unmapped_no_metadata is not manuscript-safe
230629,138,230629_138,unmapped_no_metadata,None,Unknown,No unit metadata CSV file found,area_resolution_status=unmapped_no_metadata is not manuscript-safe
230629,139,230629_139,unmapped_no_metadata,None,Unknown,No unit metadata CSV file found,area_resolution_status=unmapped_no_metadata is not manuscript-safe
230629,140,230629_140,unmapped_no_metadata,None,Unknown,No unit metadata CSV file found,area_resolution_status=unmapped_no_metadata is not manuscript-safe
230629,141,230629_141,unmapped_no_metadata,None,Unknown,No unit metadata CSV file found,area_resolution_status=unmapped_no_metadata is not manuscript-safe
230629,142,230629_142,unmapped_no_metadata,None,Unknown,No unit metadata CSV file found,area_resolution_status=unmapped_no_metadata is not manuscript-safe
230629,143,230629_143,unmapped_no_metadata,None,Unknown,No unit metadata CSV file found,area_resolution_status=unmapped_no_metadata is not manuscript-safe
230629,144,230629_144,unmapped_no_metadata,None,Unknown,No unit metadata CSV file found,area_resolution_status=unmapped_no_metadata is not manuscript-safe
230629,145,230629_145,unmapped_no_metadata,None,Unknown,No unit metadata CSV file found,area_resolution_status=unmapped_no_metadata is not manuscript-safe
230629,146,230629_146,unmapped_no_metadata,None,Unknown,No unit metadata CSV file found,area_resolution_status=unmapped_no_metadata is not manuscript-safe
230629,147,230629_147,unmapped_no_metadata,None,Unknown,No unit metadata CSV file found,area_resolution_status=unmapped_no_metadata is not manuscript-safe
230629,148,230629_148,unmapped_no_metadata,None,Unknown,No unit metadata CSV file found,area_resolution_status=unmapped_no_metadata is not manuscript-safe
230629,149,230629_149,unmapped_no_metadata,None,Unknown,No unit metadata CSV file found,area_resolution_status=unmapped_no_metadata is not manuscript-safe
230629,150,230629_150,unmapped_no_metadata,None,Unknown,No unit metadata CSV file found,area_resolution_status=unmapped_no_metadata is not manuscript-safe
230629,151,230629_151,unmapped_no_metadata,None,Unknown,No unit metadata CSV file found,area_resolution_status=unmapped_no_metadata is not manuscript-safe
230629,152,230629_152,unmapped_no_metadata,None,Unknown,No unit metadata CSV file found,area_resolution_status=unmapped_no_metadata is not manuscript-safe
230629,153,230629_153,unmapped_no_metadata,None,Unknown,No unit metadata CSV file found,area_resolution_status=unmapped_no_metadata is not manuscript-safe
230629,154,230629_154,unmapped_no_metadata,None,Unknown,No unit metadata CSV file found,area_resolution_status=unmapped_no_metadata is not manuscript-safe
230629,155,230629_155,unmapped_no_metadata,None,Unknown,No unit metadata CSV file found,area_resolution_status=unmapped_no_metadata is not manuscript-safe
230629,156,230629_156,unmapped_no_metadata,None,Unknown,No unit metadata CSV file found,area_resolution_status=unmapped_no_metadata is not manuscript-safe
230629,157,230629_157,unmapped_no_metadata,None,Unknown,No unit metadata CSV file found,area_resolution_status=unmapped_no_metadata is not manuscript-safe
230629,158,230629_158,unmapped_no_metadata,None,Unknown,No unit metadata CSV file found,area_resolution_status=unmapped_no_metadata is not manuscript-safe
230629,159,230629_159,unmapped_no_metadata,None,Unknown,No unit metadata CSV file found,area_resolution_status=unmapped_no_metadata is not manuscript-safe
230629,160,230629_160,unmapped_no_metadata,None,Unknown,No unit metadata CSV file found,area_resolution_status=unmapped_no_metadata is not manuscript-safe
230629,161,230629_161,unmapped_no_metadata,None,Unknown,No unit metadata CSV file found,area_resolution_status=unmapped_no_metadata is not manuscript-safe
230629,162,230629_162,unmapped_no_metadata,None,Unknown,No unit metadata CSV file found,area_resolution_status=unmapped_no_metadata is not manuscript-safe
230629,163,230629_163,unmapped_no_metadata,None,Unknown,No unit metadata CSV file found,area_resolution_status=unmapped_no_metadata is not manuscript-safe
230629,164,230629_164,unmapped_no_metadata,None,Unknown,No unit metadata CSV file found,area_resolution_status=unmapped_no_metadata is not manuscript-safe
230629,165,230629_165,unmapped_no_metadata,None,Unknown,No unit metadata CSV file found,area_resolution_status=unmapped_no_metadata is not manuscript-safe
230629,166,230629_166,unmapped_no_metadata,None,Unknown,No unit metadata CSV file found,area_resolution_status=unmapped_no_metadata is not manuscript-safe
230629,167,230629_167,unmapped_no_metadata,None,Unknown,No unit metadata CSV file found,area_resolution_status=unmapped_no_metadata is not manuscript-safe
230629,168,230629_168,unmapped_no_metadata,None,Unknown,No unit metadata CSV file found,area_resolution_status=unmapped_no_metadata is not manuscript-safe
230629,169,230629_169,unmapped_no_metadata,None,Unknown,No unit metadata CSV file found,area_resolution_status=unmapped_no_metadata is not manuscript-safe
230629,170,230629_170,unmapped_no_metadata,None,Unknown,No unit metadata CSV file found,area_resolution_status=unmapped_no_metadata is not manuscript-safe
230629,171,230629_171,unmapped_no_metadata,None,Unknown,No unit metadata CSV file found,area_resolution_status=unmapped_no_metadata is not manuscript-safe
230629,172,230629_172,unmapped_no_metadata,None,Unknown,No unit metadata CSV file found,area_resolution_status=unmapped_no_metadata is not manuscript-safe
230629,173,230629_173,unmapped_no_metadata,None,Unknown,No unit metadata CSV file found,area_resolution_status=unmapped_no_metadata is not manuscript-safe
230629,174,230629_174,unmapped_no_metadata,None,Unknown,No unit metadata CSV file found,area_resolution_status=unmapped_no_metadata is not manuscript-safe
230629,175,230629_175,unmapped_no_metadata,None,Unknown,No unit metadata CSV file found,area_resolution_status=unmapped_no_metadata is not manuscript-safe
230629,176,230629_176,unmapped_no_metadata,None,Unknown,No unit metadata CSV file found,area_resolution_status=unmapped_no_metadata is not manuscript-safe
230629,177,230629_177,unmapped_no_metadata,None,Unknown,No unit metadata CSV file found,area_resolution_status=unmapped_no_metadata is not manuscript-safe
230629,178,230629_178,unmapped_no_metadata,None,Unknown,No unit metadata CSV file found,area_resolution_status=unmapped_no_metadata is not manuscript-safe
230629,179,230629_179,unmapped_no_metadata,None,Unknown,No unit metadata CSV file found,area_resolution_status=unmapped_no_metadata is not manuscript-safe
230629,180,230629_180,unmapped_no_metadata,None,Unknown,No unit metadata CSV file found,area_resolution_status=unmapped_no_metadata is not manuscript-safe
230629,181,230629_181,unmapped_no_metadata,None,Unknown,No unit metadata CSV file found,area_resolution_status=unmapped_no_metadata is not manuscript-safe
230629,182,230629_182,unmapped_no_metadata,None,Unknown,No unit metadata CSV file found,area_resolution_status=unmapped_no_metadata is not manuscript-safe
230629,183,230629_183,unmapped_no_metadata,None,Unknown,No unit metadata CSV file found,area_resolution_status=unmapped_no_metadata is not manuscript-safe
230629,184,230629_184,unmapped_no_metadata,None,Unknown,No unit metadata CSV file found,area_resolution_status=unmapped_no_metadata is not manuscript-safe
230629,185,230629_185,unmapped_no_metadata,None,Unknown,No unit metadata CSV file found,area_resolution_status=unmapped_no_metadata is not manuscript-safe
230629,186,230629_186,unmapped_no_metadata,None,Unknown,No unit metadata CSV file found,area_resolution_status=unmapped_no_metadata is not manuscript-safe
230629,187,230629_187,unmapped_no_metadata,None,Unknown,No unit metadata CSV file found,area_resolution_status=unmapped_no_metadata is not manuscript-safe
230629,188,230629_188,unmapped_no_metadata,None,Unknown,No unit metadata CSV file found,area_resolution_status=unmapped_no_metadata is not manuscript-safe
230629,189,230629_189,unmapped_no_metadata,None,Unknown,No unit metadata CSV file found,area_resolution_status=unmapped_no_metadata is not manuscript-safe
230629,190,230629_190,unmapped_no_metadata,None,Unknown,No unit metadata CSV file found,area_resolution_status=unmapped_no_metadata is not manuscript-safe
230629,191,230629_191,unmapped_no_metadata,None,Unknown,No unit metadata CSV file found,area_resolution_status=unmapped_no_metadata is not manuscript-safe
230629,192,230629_192,unmapped_no_metadata,None,Unknown,No unit metadata CSV file found,area_resolution_status=unmapped_no_metadata is not manuscript-safe
230629,193,230629_193,unmapped_no_metadata,None,Unknown,No unit metadata CSV file found,area_resolution_status=unmapped_no_metadata is not manuscript-safe
230629,194,230629_194,unmapped_no_metadata,None,Unknown,No unit metadata CSV file found,area_resolution_status=unmapped_no_metadata is not manuscript-safe
230629,195,230629_195,unmapped_no_metadata,None,Unknown,No unit metadata CSV file found,area_resolution_status=unmapped_no_metadata is not manuscript-safe
230629,196,230629_196,unmapped_no_metadata,None,Unknown,No unit metadata CSV file found,area_resolution_status=unmapped_no_metadata is not manuscript-safe
230629,197,230629_197,unmapped_no_metadata,None,Unknown,No unit metadata CSV file found,area_resolution_status=unmapped_no_metadata is not manuscript-safe
230629,198,230629_198,unmapped_no_metadata,None,Unknown,No unit metadata CSV file found,area_resolution_status=unmapped_no_metadata is not manuscript-safe
230629,199,230629_199,unmapped_no_metadata,None,Unknown,No unit metadata CSV file found,area_resolution_status=unmapped_no_metadata is not manuscript-safe
230629,200,230629_200,unmapped_no_metadata,None,Unknown,No unit metadata CSV file found,area_resolution_status=unmapped_no_metadata is not manuscript-safe
230629,201,230629_201,unmapped_no_metadata,None,Unknown,No unit metadata CSV file found,area_resolution_status=unmapped_no_metadata is not manuscript-safe
230629,202,230629_202,unmapped_no_metadata,None,Unknown,No unit metadata CSV file found,area_resolution_status=unmapped_no_metadata is not manuscript-safe
230629,203,230629_203,unmapped_no_metadata,None,Unknown,No unit metadata CSV file found,area_resolution_status=unmapped_no_metadata is not manuscript-safe
230629,204,230629_204,unmapped_no_metadata,None,Unknown,No unit metadata CSV file found,area_resolution_status=unmapped_no_metadata is not manuscript-safe
230629,205,230629_205,unmapped_no_metadata,None,Unknown,No unit metadata CSV file found,area_resolution_status=unmapped_no_metadata is not manuscript-safe
230629,206,230629_206,unmapped_no_metadata,None,Unknown,No unit metadata CSV file found,area_resolution_status=unmapped_no_metadata is not manuscript-safe
230629,207,230629_207,unmapped_no_metadata,None,Unknown,No unit metadata CSV file found,area_resolution_status=unmapped_no_metadata is not manuscript-safe
230629,208,230629_208,unmapped_no_metadata,None,Unknown,No unit metadata CSV file found,area_resolution_status=unmapped_no_metadata is not manuscript-safe
230629,209,230629_209,unmapped_no_metadata,None,Unknown,No unit metadata CSV file found,area_resolution_status=unmapped_no_metadata is not manuscript-safe
230629,210,230629_210,unmapped_no_metadata,None,Unknown,No unit metadata CSV file found,area_resolution_status=unmapped_no_metadata is not manuscript-safe
230629,211,230629_211,unmapped_no_metadata,None,Unknown,No unit metadata CSV file found,area_resolution_status=unmapped_no_metadata is not manuscript-safe
230629,212,230629_212,unmapped_no_metadata,None,Unknown,No unit metadata CSV file found,area_resolution_status=unmapped_no_metadata is not manuscript-safe
230629,213,230629_213,unmapped_no_metadata,None,Unknown,No unit metadata CSV file found,area_resolution_status=unmapped_no_metadata is not manuscript-safe
230629,214,230629_214,unmapped_no_metadata,None,Unknown,No unit metadata CSV file found,area_resolution_status=unmapped_no_metadata is not manuscript-safe
230629,215,230629_215,unmapped_no_metadata,None,Unknown,No unit metadata CSV file found,area_resolution_status=unmapped_no_metadata is not manuscript-safe
230629,216,230629_216,unmapped_no_metadata,None,Unknown,No unit metadata CSV file found,area_resolution_status=unmapped_no_metadata is not manuscript-safe
230629,217,230629_217,unmapped_no_metadata,None,Unknown,No unit metadata CSV file found,area_resolution_status=unmapped_no_metadata is not manuscript-safe
230629,218,230629_218,unmapped_no_metadata,None,Unknown,No unit metadata CSV file found,area_resolution_status=unmapped_no_metadata is not manuscript-safe
230629,219,230629_219,unmapped_no_metadata,None,Unknown,No unit metadata CSV file found,area_resolution_status=unmapped_no_metadata is not manuscript-safe
230629,220,230629_220,unmapped_no_metadata,None,Unknown,No unit metadata CSV file found,area_resolution_status=unmapped_no_metadata is not manuscript-safe
230629,221,230629_221,unmapped_no_metadata,None,Unknown,No unit metadata CSV file found,area_resolution_status=unmapped_no_metadata is not manuscript-safe
230629,222,230629_222,unmapped_no_metadata,None,Unknown,No unit metadata CSV file found,area_resolution_status=unmapped_no_metadata is not manuscript-safe
230629,223,230629_223,unmapped_no_metadata,None,Unknown,No unit metadata CSV file found,area_resolution_status=unmapped_no_metadata is not manuscript-safe
230629,224,230629_224,unmapped_no_metadata,None,Unknown,No unit metadata CSV file found,area_resolution_status=unmapped_no_metadata is not manuscript-safe
230629,225,230629_225,unmapped_no_metadata,None,Unknown,No unit metadata CSV file found,area_resolution_status=unmapped_no_metadata is not manuscript-safe
230629,226,230629_226,unmapped_no_metadata,None,Unknown,No unit metadata CSV file found,area_resolution_status=unmapped_no_metadata is not manuscript-safe
230629,227,230629_227,unmapped_no_metadata,None,Unknown,No unit metadata CSV file found,area_resolution_status=unmapped_no_metadata is not manuscript-safe
230629,228,230629_228,unmapped_no_metadata,None,Unknown,No unit metadata CSV file found,area_resolution_status=unmapped_no_metadata is not manuscript-safe
230629,229,230629_229,unmapped_no_metadata,None,Unknown,No unit metadata CSV file found,area_resolution_status=unmapped_no_metadata is not manuscript-safe
230629,230,230629_230,unmapped_no_metadata,None,Unknown,No unit metadata CSV file found,area_resolution_status=unmapped_no_metadata is not manuscript-safe
230629,231,230629_231,unmapped_no_metadata,None,Unknown,No unit metadata CSV file found,area_resolution_status=unmapped_no_metadata is not manuscript-safe
230629,232,230629_232,unmapped_no_metadata,None,Unknown,No unit metadata CSV file found,area_resolution_status=unmapped_no_metadata is not manuscript-safe
230629,233,230629_233,unmapped_no_metadata,None,Unknown,No unit metadata CSV file found,area_resolution_status=unmapped_no_metadata is not manuscript-safe
230629,234,230629_234,unmapped_no_metadata,None,Unknown,No unit metadata CSV file found,area_resolution_status=unmapped_no_metadata is not manuscript-safe
230629,235,230629_235,unmapped_no_metadata,None,Unknown,No unit metadata CSV file found,area_resolution_status=unmapped_no_metadata is not manuscript-safe
230629,236,230629_236,unmapped_no_metadata,None,Unknown,No unit metadata CSV file found,area_resolution_status=unmapped_no_metadata is not manuscript-safe
230629,237,230629_237,unmapped_no_metadata,None,Unknown,No unit metadata CSV file found,area_resolution_status=unmapped_no_metadata is not manuscript-safe
230629,238,230629_238,unmapped_no_metadata,None,Unknown,No unit metadata CSV file found,area_resolution_status=unmapped_no_metadata is not manuscript-safe
230629,239,230629_239,unmapped_no_metadata,None,Unknown,No unit metadata CSV file found,area_resolution_status=unmapped_no_metadata is not manuscript-safe
230629,240,230629_240,unmapped_no_metadata,None,Unknown,No unit metadata CSV file found,area_resolution_status=unmapped_no_metadata is not manuscript-safe
230629,241,230629_241,unmapped_no_metadata,None,Unknown,No unit metadata CSV file found,area_resolution_status=unmapped_no_metadata is not manuscript-safe
230629,242,230629_242,unmapped_no_metadata,None,Unknown,No unit metadata CSV file found,area_resolution_status=unmapped_no_metadata is not manuscript-safe
230629,243,230629_243,unmapped_no_metadata,None,Unknown,No unit metadata CSV file found,area_resolution_status=unmapped_no_metadata is not manuscript-safe
230629,244,230629_244,unmapped_no_metadata,None,Unknown,No unit metadata CSV file found,area_resolution_status=unmapped_no_metadata is not manuscript-safe
230629,245,230629_245,unmapped_no_metadata,None,Unknown,No unit metadata CSV file found,area_resolution_status=unmapped_no_metadata is not manuscript-safe
230629,246,230629_246,unmapped_no_metadata,None,Unknown,No unit metadata CSV file found,area_resolution_status=unmapped_no_metadata is not manuscript-safe
230629,247,230629_247,unmapped_no_metadata,None,Unknown,No unit metadata CSV file found,area_resolution_status=unmapped_no_metadata is not manuscript-safe
230629,248,230629_248,unmapped_no_metadata,None,Unknown,No unit metadata CSV file found,area_resolution_status=unmapped_no_metadata is not manuscript-safe
230629,249,230629_249,unmapped_no_metadata,None,Unknown,No unit metadata CSV file found,area_resolution_status=unmapped_no_metadata is not manuscript-safe
230629,250,230629_250,unmapped_no_metadata,None,Unknown,No unit metadata CSV file found,area_resolution_status=unmapped_no_metadata is not manuscript-safe
230629,251,230629_251,unmapped_no_metadata,None,Unknown,No unit metadata CSV file found,area_resolution_status=unmapped_no_metadata is not manuscript-safe
230629,252,230629_252,unmapped_no_metadata,None,Unknown,No unit metadata CSV file found,area_resolution_status=unmapped_no_metadata is not manuscript-safe
230629,253,230629_253,unmapped_no_metadata,None,Unknown,No unit metadata CSV file found,area_resolution_status=unmapped_no_metadata is not manuscript-safe
230629,254,230629_254,unmapped_no_metadata,None,Unknown,No unit metadata CSV file found,area_resolution_status=unmapped_no_metadata is not manuscript-safe
230629,255,230629_255,unmapped_no_metadata,None,Unknown,No unit metadata CSV file found,area_resolution_status=unmapped_no_metadata is not manuscript-safe
230629,256,230629_256,unmapped_no_metadata,None,Unknown,No unit metadata CSV file found,area_resolution_status=unmapped_no_metadata is not manuscript-safe
230629,257,230629_257,unmapped_no_metadata,None,Unknown,No unit metadata CSV file found,area_resolution_status=unmapped_no_metadata is not manuscript-safe
230629,258,230629_258,unmapped_no_metadata,None,Unknown,No unit metadata CSV file found,area_resolution_status=unmapped_no_metadata is not manuscript-safe
230629,259,230629_259,unmapped_no_metadata,None,Unknown,No unit metadata CSV file found,area_resolution_status=unmapped_no_metadata is not manuscript-safe
230629,260,230629_260,unmapped_no_metadata,None,Unknown,No unit metadata CSV file found,area_resolution_status=unmapped_no_metadata is not manuscript-safe
230629,261,230629_261,unmapped_no_metadata,None,Unknown,No unit metadata CSV file found,area_resolution_status=unmapped_no_metadata is not manuscript-safe
230629,262,230629_262,unmapped_no_metadata,None,Unknown,No unit metadata CSV file found,area_resolution_status=unmapped_no_metadata is not manuscript-safe
230629,263,230629_263,unmapped_no_metadata,None,Unknown,No unit metadata CSV file found,area_resolution_status=unmapped_no_metadata is not manuscript-safe
230629,264,230629_264,unmapped_no_metadata,None,Unknown,No unit metadata CSV file found,area_resolution_status=unmapped_no_metadata is not manuscript-safe
230629,265,230629_265,unmapped_no_metadata,None,Unknown,No unit metadata CSV file found,area_resolution_status=unmapped_no_metadata is not manuscript-safe
230629,266,230629_266,unmapped_no_metadata,None,Unknown,No unit metadata CSV file found,area_resolution_status=unmapped_no_metadata is not manuscript-safe
230629,267,230629_267,unmapped_no_metadata,None,Unknown,No unit metadata CSV file found,area_resolution_status=unmapped_no_metadata is not manuscript-safe
230629,268,230629_268,unmapped_no_metadata,None,Unknown,No unit metadata CSV file found,area_resolution_status=unmapped_no_metadata is not manuscript-safe
230629,269,230629_269,unmapped_no_metadata,None,Unknown,No unit metadata CSV file found,area_resolution_status=unmapped_no_metadata is not manuscript-safe
230629,270,230629_270,unmapped_no_metadata,None,Unknown,No unit metadata CSV file found,area_resolution_status=unmapped_no_metadata is not manuscript-safe
230629,271,230629_271,unmapped_no_metadata,None,Unknown,No unit metadata CSV file found,area_resolution_status=unmapped_no_metadata is not manuscript-safe
230629,272,230629_272,unmapped_no_metadata,None,Unknown,No unit metadata CSV file found,area_resolution_status=unmapped_no_metadata is not manuscript-safe
230629,273,230629_273,unmapped_no_metadata,None,Unknown,No unit metadata CSV file found,area_resolution_status=unmapped_no_metadata is not manuscript-safe
230629,274,230629_274,unmapped_no_metadata,None,Unknown,No unit metadata CSV file found,area_resolution_status=unmapped_no_metadata is not manuscript-safe
230629,275,230629_275,unmapped_no_metadata,None,Unknown,No unit metadata CSV file found,area_resolution_status=unmapped_no_metadata is not manuscript-safe
230629,276,230629_276,unmapped_no_metadata,None,Unknown,No unit metadata CSV file found,area_resolution_status=unmapped_no_metadata is not manuscript-safe
230629,277,230629_277,unmapped_no_metadata,None,Unknown,No unit metadata CSV file found,area_resolution_status=unmapped_no_metadata is not manuscript-safe
230629,278,230629_278,unmapped_no_metadata,None,Unknown,No unit metadata CSV file found,area_resolution_status=unmapped_no_metadata is not manuscript-safe
230629,279,230629_279,unmapped_no_metadata,None,Unknown,No unit metadata CSV file found,area_resolution_status=unmapped_no_metadata is not manuscript-safe
230629,280,230629_280,unmapped_no_metadata,None,Unknown,No unit metadata CSV file found,area_resolution_status=unmapped_no_metadata is not manuscript-safe
230629,281,230629_281,unmapped_no_metadata,None,Unknown,No unit metadata CSV file found,area_resolution_status=unmapped_no_metadata is not manuscript-safe
230629,282,230629_282,unmapped_no_metadata,None,Unknown,No unit metadata CSV file found,area_resolution_status=unmapped_no_metadata is not manuscript-safe
230629,283,230629_283,unmapped_no_metadata,None,Unknown,No unit metadata CSV file found,area_resolution_status=unmapped_no_metadata is not manuscript-safe
230629,284,230629_284,unmapped_no_metadata,None,Unknown,No unit metadata CSV file found,area_resolution_status=unmapped_no_metadata is not manuscript-safe
230629,285,230629_285,unmapped_no_metadata,None,Unknown,No unit metadata CSV file found,area_resolution_status=unmapped_no_metadata is not manuscript-safe
230629,286,230629_286,unmapped_no_metadata,None,Unknown,No unit metadata CSV file found,area_resolution_status=unmapped_no_metadata is not manuscript-safe
230629,287,230629_287,unmapped_no_metadata,None,Unknown,No unit metadata CSV file found,area_resolution_status=unmapped_no_metadata is not manuscript-safe
230629,288,230629_288,unmapped_no_metadata,None,Unknown,No unit metadata CSV file found,area_resolution_status=unmapped_no_metadata is not manuscript-safe
230629,289,230629_289,unmapped_no_metadata,None,Unknown,No unit metadata CSV file found,area_resolution_status=unmapped_no_metadata is not manuscript-safe
230629,290,230629_290,unmapped_no_metadata,None,Unknown,No unit metadata CSV file found,area_resolution_status=unmapped_no_metadata is not manuscript-safe
230629,291,230629_291,unmapped_no_metadata,None,Unknown,No unit metadata CSV file found,area_resolution_status=unmapped_no_metadata is not manuscript-safe
230629,292,230629_292,unmapped_no_metadata,None,Unknown,No unit metadata CSV file found,area_resolution_status=unmapped_no_metadata is not manuscript-safe
230629,293,230629_293,unmapped_no_metadata,None,Unknown,No unit metadata CSV file found,area_resolution_status=unmapped_no_metadata is not manuscript-safe
230629,294,230629_294,unmapped_no_metadata,None,Unknown,No unit metadata CSV file found,area_resolution_status=unmapped_no_metadata is not manuscript-safe
230629,295,230629_295,unmapped_no_metadata,None,Unknown,No unit metadata CSV file found,area_resolution_status=unmapped_no_metadata is not manuscript-safe
230629,296,230629_296,unmapped_no_metadata,None,Unknown,No unit metadata CSV file found,area_resolution_status=unmapped_no_metadata is not manuscript-safe
230629,297,230629_297,unmapped_no_metadata,None,Unknown,No unit metadata CSV file found,area_resolution_status=unmapped_no_metadata is not manuscript-safe
230629,298,230629_298,unmapped_no_metadata,None,Unknown,No unit metadata CSV file found,area_resolution_status=unmapped_no_metadata is not manuscript-safe
230629,299,230629_299,unmapped_no_metadata,None,Unknown,No unit metadata CSV file found,area_resolution_status=unmapped_no_metadata is not manuscript-safe
230629,300,230629_300,unmapped_no_metadata,None,Unknown,No unit metadata CSV file found,area_resolution_status=unmapped_no_metadata is not manuscript-safe
230629,301,230629_301,unmapped_no_metadata,None,Unknown,No unit metadata CSV file found,area_resolution_status=unmapped_no_metadata is not manuscript-safe
230629,302,230629_302,unmapped_no_metadata,None,Unknown,No unit metadata CSV file found,area_resolution_status=unmapped_no_metadata is not manuscript-safe
230629,303,230629_303,unmapped_no_metadata,None,Unknown,No unit metadata CSV file found,area_resolution_status=unmapped_no_metadata is not manuscript-safe
230629,304,230629_304,unmapped_no_metadata,None,Unknown,No unit metadata CSV file found,area_resolution_status=unmapped_no_metadata is not manuscript-safe
230629,305,230629_305,unmapped_no_metadata,None,Unknown,No unit metadata CSV file found,area_resolution_status=unmapped_no_metadata is not manuscript-safe
230629,306,230629_306,unmapped_no_metadata,None,Unknown,No unit metadata CSV file found,area_resolution_status=unmapped_no_metadata is not manuscript-safe
230629,307,230629_307,unmapped_no_metadata,None,Unknown,No unit metadata CSV file found,area_resolution_status=unmapped_no_metadata is not manuscript-safe
230629,308,230629_308,unmapped_no_metadata,None,Unknown,No unit metadata CSV file found,area_resolution_status=unmapped_no_metadata is not manuscript-safe
230629,309,230629_309,unmapped_no_metadata,None,Unknown,No unit metadata CSV file found,area_resolution_status=unmapped_no_metadata is not manuscript-safe
230629,310,230629_310,unmapped_no_metadata,None,Unknown,No unit metadata CSV file found,area_resolution_status=unmapped_no_metadata is not manuscript-safe
230629,311,230629_311,unmapped_no_metadata,None,Unknown,No unit metadata CSV file found,area_resolution_status=unmapped_no_metadata is not manuscript-safe
230629,312,230629_312,unmapped_no_metadata,None,Unknown,No unit metadata CSV file found,area_resolution_status=unmapped_no_metadata is not manuscript-safe
230629,313,230629_313,unmapped_no_metadata,None,Unknown,No unit metadata CSV file found,area_resolution_status=unmapped_no_metadata is not manuscript-safe
230629,314,230629_314,unmapped_no_metadata,None,Unknown,No unit metadata CSV file found,area_resolution_status=unmapped_no_metadata is not manuscript-safe
230629,315,230629_315,unmapped_no_metadata,None,Unknown,No unit metadata CSV file found,area_resolution_status=unmapped_no_metadata is not manuscript-safe
230629,316,230629_316,unmapped_no_metadata,None,Unknown,No unit metadata CSV file found,area_resolution_status=unmapped_no_metadata is not manuscript-safe
230629,317,230629_317,unmapped_no_metadata,None,Unknown,No unit metadata CSV file found,area_resolution_status=unmapped_no_metadata is not manuscript-safe
230629,318,230629_318,unmapped_no_metadata,None,Unknown,No unit metadata CSV file found,area_resolution_status=unmapped_no_metadata is not manuscript-safe
230629,319,230629_319,unmapped_no_metadata,None,Unknown,No unit metadata CSV file found,area_resolution_status=unmapped_no_metadata is not manuscript-safe
230629,320,230629_320,unmapped_no_metadata,None,Unknown,No unit metadata CSV file found,area_resolution_status=unmapped_no_metadata is not manuscript-safe
230629,321,230629_321,unmapped_no_metadata,None,Unknown,No unit metadata CSV file found,area_resolution_status=unmapped_no_metadata is not manuscript-safe
230629,322,230629_322,unmapped_no_metadata,None,Unknown,No unit metadata CSV file found,area_resolution_status=unmapped_no_metadata is not manuscript-safe
230629,323,230629_323,unmapped_no_metadata,None,Unknown,No unit metadata CSV file found,area_resolution_status=unmapped_no_metadata is not manuscript-safe
230629,324,230629_324,unmapped_no_metadata,None,Unknown,No unit metadata CSV file found,area_resolution_status=unmapped_no_metadata is not manuscript-safe
230629,325,230629_325,unmapped_no_metadata,None,Unknown,No unit metadata CSV file found,area_resolution_status=unmapped_no_metadata is not manuscript-safe
230629,326,230629_326,unmapped_no_metadata,None,Unknown,No unit metadata CSV file found,area_resolution_status=unmapped_no_metadata is not manuscript-safe
230629,327,230629_327,unmapped_no_metadata,None,Unknown,No unit metadata CSV file found,area_resolution_status=unmapped_no_metadata is not manuscript-safe
230629,328,230629_328,unmapped_no_metadata,None,Unknown,No unit metadata CSV file found,area_resolution_status=unmapped_no_metadata is not manuscript-safe
230629,329,230629_329,unmapped_no_metadata,None,Unknown,No unit metadata CSV file found,area_resolution_status=unmapped_no_metadata is not manuscript-safe
230629,330,230629_330,unmapped_no_metadata,None,Unknown,No unit metadata CSV file found,area_resolution_status=unmapped_no_metadata is not manuscript-safe
230629,331,230629_331,unmapped_no_metadata,None,Unknown,No unit metadata CSV file found,area_resolution_status=unmapped_no_metadata is not manuscript-safe
230629,332,230629_332,unmapped_no_metadata,None,Unknown,No unit metadata CSV file found,area_resolution_status=unmapped_no_metadata is not manuscript-safe
230629,333,230629_333,unmapped_no_metadata,None,Unknown,No unit metadata CSV file found,area_resolution_status=unmapped_no_metadata is not manuscript-safe
230629,334,230629_334,unmapped_no_metadata,None,Unknown,No unit metadata CSV file found,area_resolution_status=unmapped_no_metadata is not manuscript-safe
230629,335,230629_335,unmapped_no_metadata,None,Unknown,No unit metadata CSV file found,area_resolution_status=unmapped_no_metadata is not manuscript-safe
230629,336,230629_336,unmapped_no_metadata,None,Unknown,No unit metadata CSV file found,area_resolution_status=unmapped_no_metadata is not manuscript-safe
230629,337,230629_337,unmapped_no_metadata,None,Unknown,No unit metadata CSV file found,area_resolution_status=unmapped_no_metadata is not manuscript-safe
230629,338,230629_338,unmapped_no_metadata,None,Unknown,No unit metadata CSV file found,area_resolution_status=unmapped_no_metadata is not manuscript-safe
230629,339,230629_339,unmapped_no_metadata,None,Unknown,No unit metadata CSV file found,area_resolution_status=unmapped_no_metadata is not manuscript-safe
230629,340,230629_340,unmapped_no_metadata,None,Unknown,No unit metadata CSV file found,area_resolution_status=unmapped_no_metadata is not manuscript-safe
230629,341,230629_341,unmapped_no_metadata,None,Unknown,No unit metadata CSV file found,area_resolution_status=unmapped_no_metadata is not manuscript-safe
230629,342,230629_342,unmapped_no_metadata,None,Unknown,No unit metadata CSV file found,area_resolution_status=unmapped_no_metadata is not manuscript-safe
230629,343,230629_343,unmapped_no_metadata,None,Unknown,No unit metadata CSV file found,area_resolution_status=unmapped_no_metadata is not manuscript-safe
230629,344,230629_344,unmapped_no_metadata,None,Unknown,No unit metadata CSV file found,area_resolution_status=unmapped_no_metadata is not manuscript-safe
230629,345,230629_345,unmapped_no_metadata,None,Unknown,No unit metadata CSV file found,area_resolution_status=unmapped_no_metadata is not manuscript-safe
230629,346,230629_346,unmapped_no_metadata,None,Unknown,No unit metadata CSV file found,area_resolution_status=unmapped_no_metadata is not manuscript-safe
230629,347,230629_347,unmapped_no_metadata,None,Unknown,No unit metadata CSV file found,area_resolution_status=unmapped_no_metadata is not manuscript-safe
230629,348,230629_348,unmapped_no_metadata,None,Unknown,No unit metadata CSV file found,area_resolution_status=unmapped_no_metadata is not manuscript-safe
230629,349,230629_349,unmapped_no_metadata,None,Unknown,No unit metadata CSV file found,area_resolution_status=unmapped_no_metadata is not manuscript-safe
230629,350,230629_350,unmapped_no_metadata,None,Unknown,No unit metadata CSV file found,area_resolution_status=unmapped_no_metadata is not manuscript-safe
230629,351,230629_351,unmapped_no_metadata,None,Unknown,No unit metadata CSV file found,area_resolution_status=unmapped_no_metadata is not manuscript-safe
230629,352,230629_352,unmapped_no_metadata,None,Unknown,No unit metadata CSV file found,area_resolution_status=unmapped_no_metadata is not manuscript-safe
230629,353,230629_353,unmapped_no_metadata,None,Unknown,No unit metadata CSV file found,area_resolution_status=unmapped_no_metadata is not manuscript-safe
230630,0,230630_0,provisional_unit_area_from_count_matched_row_order,PFC,PFC,None,area_resolution_status=provisional_unit_area_from_count_matched_row_order is not manuscript-safe
230630,1,230630_1,provisional_unit_area_from_count_matched_row_order,PFC,PFC,None,area_resolution_status=provisional_unit_area_from_count_matched_row_order is not manuscript-safe
230630,2,230630_2,provisional_unit_area_from_count_matched_row_order,PFC,PFC,None,area_resolution_status=provisional_unit_area_from_count_matched_row_order is not manuscript-safe
230630,3,230630_3,provisional_unit_area_from_count_matched_row_order,PFC,PFC,None,area_resolution_status=provisional_unit_area_from_count_matched_row_order is not manuscript-safe
230630,4,230630_4,provisional_unit_area_from_count_matched_row_order,PFC,PFC,None,area_resolution_status=provisional_unit_area_from_count_matched_row_order is not manuscript-safe
230630,5,230630_5,provisional_unit_area_from_count_matched_row_order,PFC,PFC,None,area_resolution_status=provisional_unit_area_from_count_matched_row_order is not manuscript-safe
230630,6,230630_6,provisional_unit_area_from_count_matched_row_order,PFC,PFC,None,area_resolution_status=provisional_unit_area_from_count_matched_row_order is not manuscript-safe
230630,7,230630_7,provisional_unit_area_from_count_matched_row_order,PFC,PFC,None,area_resolution_status=provisional_unit_area_from_count_matched_row_order is not manuscript-safe
230630,8,230630_8,provisional_unit_area_from_count_matched_row_order,PFC,PFC,None,area_resolution_status=provisional_unit_area_from_count_matched_row_order is not manuscript-safe
230630,9,230630_9,provisional_unit_area_from_count_matched_row_order,PFC,PFC,None,area_resolution_status=provisional_unit_area_from_count_matched_row_order is not manuscript-safe
230630,10,230630_10,provisional_unit_area_from_count_matched_row_order,PFC,PFC,None,area_resolution_status=provisional_unit_area_from_count_matched_row_order is not manuscript-safe
230630,11,230630_11,provisional_unit_area_from_count_matched_row_order,PFC,PFC,None,area_resolution_status=provisional_unit_area_from_count_matched_row_order is not manuscript-safe
230630,12,230630_12,provisional_unit_area_from_count_matched_row_order,PFC,PFC,None,area_resolution_status=provisional_unit_area_from_count_matched_row_order is not manuscript-safe
230630,13,230630_13,provisional_unit_area_from_count_matched_row_order,PFC,PFC,None,area_resolution_status=provisional_unit_area_from_count_matched_row_order is not manuscript-safe
230630,14,230630_14,provisional_unit_area_from_count_matched_row_order,PFC,PFC,None,area_resolution_status=provisional_unit_area_from_count_matched_row_order is not manuscript-safe
230630,15,230630_15,provisional_unit_area_from_count_matched_row_order,PFC,PFC,None,area_resolution_status=provisional_unit_area_from_count_matched_row_order is not manuscript-safe
230630,16,230630_16,provisional_unit_area_from_count_matched_row_order,PFC,PFC,None,area_resolution_status=provisional_unit_area_from_count_matched_row_order is not manuscript-safe
230630,17,230630_17,provisional_unit_area_from_count_matched_row_order,PFC,PFC,None,area_resolution_status=provisional_unit_area_from_count_matched_row_order is not manuscript-safe
230630,18,230630_18,provisional_unit_area_from_count_matched_row_order,PFC,PFC,None,area_resolution_status=provisional_unit_area_from_count_matched_row_order is not manuscript-safe
230630,19,230630_19,provisional_unit_area_from_count_matched_row_order,PFC,PFC,None,area_resolution_status=provisional_unit_area_from_count_matched_row_order is not manuscript-safe
230630,20,230630_20,provisional_unit_area_from_count_matched_row_order,PFC,PFC,None,area_resolution_status=provisional_unit_area_from_count_matched_row_order is not manuscript-safe
230630,21,230630_21,provisional_unit_area_from_count_matched_row_order,PFC,PFC,None,area_resolution_status=provisional_unit_area_from_count_matched_row_order is not manuscript-safe
230630,22,230630_22,provisional_unit_area_from_count_matched_row_order,PFC,PFC,None,area_resolution_status=provisional_unit_area_from_count_matched_row_order is not manuscript-safe
230630,23,230630_23,provisional_unit_area_from_count_matched_row_order,PFC,PFC,None,area_resolution_status=provisional_unit_area_from_count_matched_row_order is not manuscript-safe
230630,24,230630_24,provisional_unit_area_from_count_matched_row_order,PFC,PFC,None,area_resolution_status=provisional_unit_area_from_count_matched_row_order is not manuscript-safe
230630,25,230630_25,provisional_unit_area_from_count_matched_row_order,PFC,PFC,None,area_resolution_status=provisional_unit_area_from_count_matched_row_order is not manuscript-safe
230630,26,230630_26,provisional_unit_area_from_count_matched_row_order,PFC,PFC,None,area_resolution_status=provisional_unit_area_from_count_matched_row_order is not manuscript-safe
230630,27,230630_27,provisional_unit_area_from_count_matched_row_order,PFC,PFC,None,area_resolution_status=provisional_unit_area_from_count_matched_row_order is not manuscript-safe
230630,28,230630_28,provisional_unit_area_from_count_matched_row_order,PFC,PFC,None,area_resolution_status=provisional_unit_area_from_count_matched_row_order is not manuscript-safe
230630,29,230630_29,provisional_unit_area_from_count_matched_row_order,V4,V4,None,area_resolution_status=provisional_unit_area_from_count_matched_row_order is not manuscript-safe
230630,30,230630_30,provisional_unit_area_from_count_matched_row_order,V4,V4,None,area_resolution_status=provisional_unit_area_from_count_matched_row_order is not manuscript-safe
230630,31,230630_31,provisional_unit_area_from_count_matched_row_order,V4,V4,None,area_resolution_status=provisional_unit_area_from_count_matched_row_order is not manuscript-safe
230630,32,230630_32,provisional_unit_area_from_count_matched_row_order,MT,MT,None,area_resolution_status=provisional_unit_area_from_count_matched_row_order is not manuscript-safe
230630,33,230630_33,provisional_unit_area_from_count_matched_row_order,MT,MT,None,area_resolution_status=provisional_unit_area_from_count_matched_row_order is not manuscript-safe
230630,34,230630_34,provisional_unit_area_from_count_matched_row_order,V4,V4,None,area_resolution_status=provisional_unit_area_from_count_matched_row_order is not manuscript-safe
230630,35,230630_35,provisional_unit_area_from_count_matched_row_order,V4,V4,None,area_resolution_status=provisional_unit_area_from_count_matched_row_order is not manuscript-safe
230630,36,230630_36,provisional_unit_area_from_count_matched_row_order,V4,V4,None,area_resolution_status=provisional_unit_area_from_count_matched_row_order is not manuscript-safe
230630,37,230630_37,provisional_unit_area_from_count_matched_row_order,V4,V4,None,area_resolution_status=provisional_unit_area_from_count_matched_row_order is not manuscript-safe
230630,38,230630_38,provisional_unit_area_from_count_matched_row_order,MT,MT,None,area_resolution_status=provisional_unit_area_from_count_matched_row_order is not manuscript-safe
230630,39,230630_39,provisional_unit_area_from_count_matched_row_order,MT,MT,None,area_resolution_status=provisional_unit_area_from_count_matched_row_order is not manuscript-safe
230630,40,230630_40,provisional_unit_area_from_count_matched_row_order,MT,MT,None,area_resolution_status=provisional_unit_area_from_count_matched_row_order is not manuscript-safe
230630,41,230630_41,provisional_unit_area_from_count_matched_row_order,MT,MT,None,area_resolution_status=provisional_unit_area_from_count_matched_row_order is not manuscript-safe
230630,42,230630_42,provisional_unit_area_from_count_matched_row_order,MT,MT,None,area_resolution_status=provisional_unit_area_from_count_matched_row_order is not manuscript-safe
230630,43,230630_43,provisional_unit_area_from_count_matched_row_order,MT,MT,None,area_resolution_status=provisional_unit_area_from_count_matched_row_order is not manuscript-safe
230630,44,230630_44,provisional_unit_area_from_count_matched_row_order,V4,V4,None,area_resolution_status=provisional_unit_area_from_count_matched_row_order is not manuscript-safe
230630,45,230630_45,provisional_unit_area_from_count_matched_row_order,V4,V4,None,area_resolution_status=provisional_unit_area_from_count_matched_row_order is not manuscript-safe
230630,46,230630_46,provisional_unit_area_from_count_matched_row_order,MT,MT,None,area_resolution_status=provisional_unit_area_from_count_matched_row_order is not manuscript-safe
230630,47,230630_47,provisional_unit_area_from_count_matched_row_order,MT,MT,None,area_resolution_status=provisional_unit_area_from_count_matched_row_order is not manuscript-safe
230630,48,230630_48,provisional_unit_area_from_count_matched_row_order,MT,MT,None,area_resolution_status=provisional_unit_area_from_count_matched_row_order is not manuscript-safe
230630,49,230630_49,provisional_unit_area_from_count_matched_row_order,V4,V4,None,area_resolution_status=provisional_unit_area_from_count_matched_row_order is not manuscript-safe
230630,50,230630_50,provisional_unit_area_from_count_matched_row_order,V4,V4,None,area_resolution_status=provisional_unit_area_from_count_matched_row_order is not manuscript-safe
230630,51,230630_51,provisional_unit_area_from_count_matched_row_order,V4,V4,None,area_resolution_status=provisional_unit_area_from_count_matched_row_order is not manuscript-safe
230630,52,230630_52,provisional_unit_area_from_count_matched_row_order,V4,V4,None,area_resolution_status=provisional_unit_area_from_count_matched_row_order is not manuscript-safe
230630,53,230630_53,provisional_unit_area_from_count_matched_row_order,V4,V4,None,area_resolution_status=provisional_unit_area_from_count_matched_row_order is not manuscript-safe
230630,54,230630_54,provisional_unit_area_from_count_matched_row_order,V4,V4,None,area_resolution_status=provisional_unit_area_from_count_matched_row_order is not manuscript-safe
230630,55,230630_55,provisional_unit_area_from_count_matched_row_order,V4,V4,None,area_resolution_status=provisional_unit_area_from_count_matched_row_order is not manuscript-safe
230630,56,230630_56,provisional_unit_area_from_count_matched_row_order,MT,MT,None,area_resolution_status=provisional_unit_area_from_count_matched_row_order is not manuscript-safe
230630,57,230630_57,provisional_unit_area_from_count_matched_row_order,V4,V4,None,area_resolution_status=provisional_unit_area_from_count_matched_row_order is not manuscript-safe
230630,58,230630_58,provisional_unit_area_from_count_matched_row_order,V4,V4,None,area_resolution_status=provisional_unit_area_from_count_matched_row_order is not manuscript-safe
230630,59,230630_59,provisional_unit_area_from_count_matched_row_order,V4,V4,None,area_resolution_status=provisional_unit_area_from_count_matched_row_order is not manuscript-safe
230630,60,230630_60,provisional_unit_area_from_count_matched_row_order,V4,V4,None,area_resolution_status=provisional_unit_area_from_count_matched_row_order is not manuscript-safe
230630,61,230630_61,provisional_unit_area_from_count_matched_row_order,V4,V4,None,area_resolution_status=provisional_unit_area_from_count_matched_row_order is not manuscript-safe
230630,62,230630_62,provisional_unit_area_from_count_matched_row_order,V4,V4,None,area_resolution_status=provisional_unit_area_from_count_matched_row_order is not manuscript-safe
230630,63,230630_63,provisional_unit_area_from_count_matched_row_order,V4,V4,None,area_resolution_status=provisional_unit_area_from_count_matched_row_order is not manuscript-safe
230630,64,230630_64,provisional_unit_area_from_count_matched_row_order,MT,MT,None,area_resolution_status=provisional_unit_area_from_count_matched_row_order is not manuscript-safe
230630,65,230630_65,provisional_unit_area_from_count_matched_row_order,MT,MT,None,area_resolution_status=provisional_unit_area_from_count_matched_row_order is not manuscript-safe
230630,66,230630_66,provisional_unit_area_from_count_matched_row_order,V4,V4,None,area_resolution_status=provisional_unit_area_from_count_matched_row_order is not manuscript-safe
230630,67,230630_67,provisional_unit_area_from_count_matched_row_order,V4,V4,None,area_resolution_status=provisional_unit_area_from_count_matched_row_order is not manuscript-safe
230630,68,230630_68,provisional_unit_area_from_count_matched_row_order,MT,MT,None,area_resolution_status=provisional_unit_area_from_count_matched_row_order is not manuscript-safe
230630,69,230630_69,provisional_unit_area_from_count_matched_row_order,MT,MT,None,area_resolution_status=provisional_unit_area_from_count_matched_row_order is not manuscript-safe
230630,70,230630_70,provisional_unit_area_from_count_matched_row_order,V4,V4,None,area_resolution_status=provisional_unit_area_from_count_matched_row_order is not manuscript-safe
230630,71,230630_71,provisional_unit_area_from_count_matched_row_order,MT,MT,None,area_resolution_status=provisional_unit_area_from_count_matched_row_order is not manuscript-safe
230630,72,230630_72,provisional_unit_area_from_count_matched_row_order,MT,MT,None,area_resolution_status=provisional_unit_area_from_count_matched_row_order is not manuscript-safe
230630,73,230630_73,provisional_unit_area_from_count_matched_row_order,MT,MT,None,area_resolution_status=provisional_unit_area_from_count_matched_row_order is not manuscript-safe
230630,74,230630_74,provisional_unit_area_from_count_matched_row_order,V4,V4,None,area_resolution_status=provisional_unit_area_from_count_matched_row_order is not manuscript-safe
230630,75,230630_75,provisional_unit_area_from_count_matched_row_order,MT,MT,None,area_resolution_status=provisional_unit_area_from_count_matched_row_order is not manuscript-safe
230630,76,230630_76,provisional_unit_area_from_count_matched_row_order,MT,MT,None,area_resolution_status=provisional_unit_area_from_count_matched_row_order is not manuscript-safe
230630,77,230630_77,provisional_unit_area_from_count_matched_row_order,MT,MT,None,area_resolution_status=provisional_unit_area_from_count_matched_row_order is not manuscript-safe
230630,78,230630_78,provisional_unit_area_from_count_matched_row_order,MT,MT,None,area_resolution_status=provisional_unit_area_from_count_matched_row_order is not manuscript-safe
230630,79,230630_79,provisional_unit_area_from_count_matched_row_order,MT,MT,None,area_resolution_status=provisional_unit_area_from_count_matched_row_order is not manuscript-safe
230630,80,230630_80,provisional_unit_area_from_count_matched_row_order,V4,V4,None,area_resolution_status=provisional_unit_area_from_count_matched_row_order is not manuscript-safe
230630,81,230630_81,provisional_unit_area_from_count_matched_row_order,V4,V4,None,area_resolution_status=provisional_unit_area_from_count_matched_row_order is not manuscript-safe
230630,82,230630_82,provisional_unit_area_from_count_matched_row_order,V4,V4,None,area_resolution_status=provisional_unit_area_from_count_matched_row_order is not manuscript-safe
230630,83,230630_83,provisional_unit_area_from_count_matched_row_order,V4,V4,None,area_resolution_status=provisional_unit_area_from_count_matched_row_order is not manuscript-safe
230630,84,230630_84,provisional_unit_area_from_count_matched_row_order,V4,V4,None,area_resolution_status=provisional_unit_area_from_count_matched_row_order is not manuscript-safe
230630,85,230630_85,provisional_unit_area_from_count_matched_row_order,MT,MT,None,area_resolution_status=provisional_unit_area_from_count_matched_row_order is not manuscript-safe
230630,86,230630_86,provisional_unit_area_from_count_matched_row_order,V4,V4,None,area_resolution_status=provisional_unit_area_from_count_matched_row_order is not manuscript-safe
230630,87,230630_87,provisional_unit_area_from_count_matched_row_order,MT,MT,None,area_resolution_status=provisional_unit_area_from_count_matched_row_order is not manuscript-safe
230714,0,230714_0,unmapped_no_metadata,None,Unknown,No unit metadata CSV file found,area_resolution_status=unmapped_no_metadata is not manuscript-safe
230714,1,230714_1,unmapped_no_metadata,None,Unknown,No unit metadata CSV file found,area_resolution_status=unmapped_no_metadata is not manuscript-safe
230714,2,230714_2,unmapped_no_metadata,None,Unknown,No unit metadata CSV file found,area_resolution_status=unmapped_no_metadata is not manuscript-safe
230714,3,230714_3,unmapped_no_metadata,None,Unknown,No unit metadata CSV file found,area_resolution_status=unmapped_no_metadata is not manuscript-safe
230714,4,230714_4,unmapped_no_metadata,None,Unknown,No unit metadata CSV file found,area_resolution_status=unmapped_no_metadata is not manuscript-safe
230714,5,230714_5,unmapped_no_metadata,None,Unknown,No unit metadata CSV file found,area_resolution_status=unmapped_no_metadata is not manuscript-safe
230714,6,230714_6,unmapped_no_metadata,None,Unknown,No unit metadata CSV file found,area_resolution_status=unmapped_no_metadata is not manuscript-safe
230714,7,230714_7,unmapped_no_metadata,None,Unknown,No unit metadata CSV file found,area_resolution_status=unmapped_no_metadata is not manuscript-safe
230714,8,230714_8,unmapped_no_metadata,None,Unknown,No unit metadata CSV file found,area_resolution_status=unmapped_no_metadata is not manuscript-safe
230714,9,230714_9,unmapped_no_metadata,None,Unknown,No unit metadata CSV file found,area_resolution_status=unmapped_no_metadata is not manuscript-safe
230714,10,230714_10,unmapped_no_metadata,None,Unknown,No unit metadata CSV file found,area_resolution_status=unmapped_no_metadata is not manuscript-safe
230714,11,230714_11,unmapped_no_metadata,None,Unknown,No unit metadata CSV file found,area_resolution_status=unmapped_no_metadata is not manuscript-safe
230714,12,230714_12,unmapped_no_metadata,None,Unknown,No unit metadata CSV file found,area_resolution_status=unmapped_no_metadata is not manuscript-safe
230714,13,230714_13,unmapped_no_metadata,None,Unknown,No unit metadata CSV file found,area_resolution_status=unmapped_no_metadata is not manuscript-safe
230714,14,230714_14,unmapped_no_metadata,None,Unknown,No unit metadata CSV file found,area_resolution_status=unmapped_no_metadata is not manuscript-safe
230714,15,230714_15,unmapped_no_metadata,None,Unknown,No unit metadata CSV file found,area_resolution_status=unmapped_no_metadata is not manuscript-safe
230714,16,230714_16,unmapped_no_metadata,None,Unknown,No unit metadata CSV file found,area_resolution_status=unmapped_no_metadata is not manuscript-safe
230714,17,230714_17,unmapped_no_metadata,None,Unknown,No unit metadata CSV file found,area_resolution_status=unmapped_no_metadata is not manuscript-safe
230714,18,230714_18,unmapped_no_metadata,None,Unknown,No unit metadata CSV file found,area_resolution_status=unmapped_no_metadata is not manuscript-safe
230714,19,230714_19,unmapped_no_metadata,None,Unknown,No unit metadata CSV file found,area_resolution_status=unmapped_no_metadata is not manuscript-safe
230714,20,230714_20,unmapped_no_metadata,None,Unknown,No unit metadata CSV file found,area_resolution_status=unmapped_no_metadata is not manuscript-safe
230714,21,230714_21,unmapped_no_metadata,None,Unknown,No unit metadata CSV file found,area_resolution_status=unmapped_no_metadata is not manuscript-safe
230714,22,230714_22,unmapped_no_metadata,None,Unknown,No unit metadata CSV file found,area_resolution_status=unmapped_no_metadata is not manuscript-safe
230714,23,230714_23,unmapped_no_metadata,None,Unknown,No unit metadata CSV file found,area_resolution_status=unmapped_no_metadata is not manuscript-safe
230714,24,230714_24,unmapped_no_metadata,None,Unknown,No unit metadata CSV file found,area_resolution_status=unmapped_no_metadata is not manuscript-safe
230714,25,230714_25,unmapped_no_metadata,None,Unknown,No unit metadata CSV file found,area_resolution_status=unmapped_no_metadata is not manuscript-safe
230714,26,230714_26,unmapped_no_metadata,None,Unknown,No unit metadata CSV file found,area_resolution_status=unmapped_no_metadata is not manuscript-safe
230714,27,230714_27,unmapped_no_metadata,None,Unknown,No unit metadata CSV file found,area_resolution_status=unmapped_no_metadata is not manuscript-safe
230714,28,230714_28,unmapped_no_metadata,None,Unknown,No unit metadata CSV file found,area_resolution_status=unmapped_no_metadata is not manuscript-safe
230714,29,230714_29,unmapped_no_metadata,None,Unknown,No unit metadata CSV file found,area_resolution_status=unmapped_no_metadata is not manuscript-safe
230714,30,230714_30,unmapped_no_metadata,None,Unknown,No unit metadata CSV file found,area_resolution_status=unmapped_no_metadata is not manuscript-safe
230714,31,230714_31,unmapped_no_metadata,None,Unknown,No unit metadata CSV file found,area_resolution_status=unmapped_no_metadata is not manuscript-safe
230714,32,230714_32,unmapped_no_metadata,None,Unknown,No unit metadata CSV file found,area_resolution_status=unmapped_no_metadata is not manuscript-safe
230714,33,230714_33,unmapped_no_metadata,None,Unknown,No unit metadata CSV file found,area_resolution_status=unmapped_no_metadata is not manuscript-safe
230714,34,230714_34,unmapped_no_metadata,None,Unknown,No unit metadata CSV file found,area_resolution_status=unmapped_no_metadata is not manuscript-safe
230714,35,230714_35,unmapped_no_metadata,None,Unknown,No unit metadata CSV file found,area_resolution_status=unmapped_no_metadata is not manuscript-safe
230714,36,230714_36,unmapped_no_metadata,None,Unknown,No unit metadata CSV file found,area_resolution_status=unmapped_no_metadata is not manuscript-safe
230714,37,230714_37,unmapped_no_metadata,None,Unknown,No unit metadata CSV file found,area_resolution_status=unmapped_no_metadata is not manuscript-safe
230714,38,230714_38,unmapped_no_metadata,None,Unknown,No unit metadata CSV file found,area_resolution_status=unmapped_no_metadata is not manuscript-safe
230714,39,230714_39,unmapped_no_metadata,None,Unknown,No unit metadata CSV file found,area_resolution_status=unmapped_no_metadata is not manuscript-safe
230714,40,230714_40,unmapped_no_metadata,None,Unknown,No unit metadata CSV file found,area_resolution_status=unmapped_no_metadata is not manuscript-safe
230714,41,230714_41,unmapped_no_metadata,None,Unknown,No unit metadata CSV file found,area_resolution_status=unmapped_no_metadata is not manuscript-safe
230714,42,230714_42,unmapped_no_metadata,None,Unknown,No unit metadata CSV file found,area_resolution_status=unmapped_no_metadata is not manuscript-safe
230714,43,230714_43,unmapped_no_metadata,None,Unknown,No unit metadata CSV file found,area_resolution_status=unmapped_no_metadata is not manuscript-safe
230714,44,230714_44,unmapped_no_metadata,None,Unknown,No unit metadata CSV file found,area_resolution_status=unmapped_no_metadata is not manuscript-safe
230714,45,230714_45,unmapped_no_metadata,None,Unknown,No unit metadata CSV file found,area_resolution_status=unmapped_no_metadata is not manuscript-safe
230714,46,230714_46,unmapped_no_metadata,None,Unknown,No unit metadata CSV file found,area_resolution_status=unmapped_no_metadata is not manuscript-safe
230714,47,230714_47,unmapped_no_metadata,None,Unknown,No unit metadata CSV file found,area_resolution_status=unmapped_no_metadata is not manuscript-safe
230714,48,230714_48,unmapped_no_metadata,None,Unknown,No unit metadata CSV file found,area_resolution_status=unmapped_no_metadata is not manuscript-safe
230714,49,230714_49,unmapped_no_metadata,None,Unknown,No unit metadata CSV file found,area_resolution_status=unmapped_no_metadata is not manuscript-safe
230714,50,230714_50,unmapped_no_metadata,None,Unknown,No unit metadata CSV file found,area_resolution_status=unmapped_no_metadata is not manuscript-safe
230714,51,230714_51,unmapped_no_metadata,None,Unknown,No unit metadata CSV file found,area_resolution_status=unmapped_no_metadata is not manuscript-safe
230714,52,230714_52,unmapped_no_metadata,None,Unknown,No unit metadata CSV file found,area_resolution_status=unmapped_no_metadata is not manuscript-safe
230714,53,230714_53,unmapped_no_metadata,None,Unknown,No unit metadata CSV file found,area_resolution_status=unmapped_no_metadata is not manuscript-safe
230714,54,230714_54,unmapped_no_metadata,None,Unknown,No unit metadata CSV file found,area_resolution_status=unmapped_no_metadata is not manuscript-safe
230714,55,230714_55,unmapped_no_metadata,None,Unknown,No unit metadata CSV file found,area_resolution_status=unmapped_no_metadata is not manuscript-safe
230714,56,230714_56,unmapped_no_metadata,None,Unknown,No unit metadata CSV file found,area_resolution_status=unmapped_no_metadata is not manuscript-safe
230714,57,230714_57,unmapped_no_metadata,None,Unknown,No unit metadata CSV file found,area_resolution_status=unmapped_no_metadata is not manuscript-safe
230714,58,230714_58,unmapped_no_metadata,None,Unknown,No unit metadata CSV file found,area_resolution_status=unmapped_no_metadata is not manuscript-safe
230714,59,230714_59,unmapped_no_metadata,None,Unknown,No unit metadata CSV file found,area_resolution_status=unmapped_no_metadata is not manuscript-safe
230714,60,230714_60,unmapped_no_metadata,None,Unknown,No unit metadata CSV file found,area_resolution_status=unmapped_no_metadata is not manuscript-safe
230714,61,230714_61,unmapped_no_metadata,None,Unknown,No unit metadata CSV file found,area_resolution_status=unmapped_no_metadata is not manuscript-safe
230714,62,230714_62,unmapped_no_metadata,None,Unknown,No unit metadata CSV file found,area_resolution_status=unmapped_no_metadata is not manuscript-safe
230714,63,230714_63,unmapped_no_metadata,None,Unknown,No unit metadata CSV file found,area_resolution_status=unmapped_no_metadata is not manuscript-safe
230714,64,230714_64,unmapped_no_metadata,None,Unknown,No unit metadata CSV file found,area_resolution_status=unmapped_no_metadata is not manuscript-safe
230714,65,230714_65,unmapped_no_metadata,None,Unknown,No unit metadata CSV file found,area_resolution_status=unmapped_no_metadata is not manuscript-safe
230714,66,230714_66,unmapped_no_metadata,None,Unknown,No unit metadata CSV file found,area_resolution_status=unmapped_no_metadata is not manuscript-safe
230714,67,230714_67,unmapped_no_metadata,None,Unknown,No unit metadata CSV file found,area_resolution_status=unmapped_no_metadata is not manuscript-safe
230714,68,230714_68,unmapped_no_metadata,None,Unknown,No unit metadata CSV file found,area_resolution_status=unmapped_no_metadata is not manuscript-safe
230714,69,230714_69,unmapped_no_metadata,None,Unknown,No unit metadata CSV file found,area_resolution_status=unmapped_no_metadata is not manuscript-safe
230714,70,230714_70,unmapped_no_metadata,None,Unknown,No unit metadata CSV file found,area_resolution_status=unmapped_no_metadata is not manuscript-safe
230714,71,230714_71,unmapped_no_metadata,None,Unknown,No unit metadata CSV file found,area_resolution_status=unmapped_no_metadata is not manuscript-safe
230714,72,230714_72,unmapped_no_metadata,None,Unknown,No unit metadata CSV file found,area_resolution_status=unmapped_no_metadata is not manuscript-safe
230714,73,230714_73,unmapped_no_metadata,None,Unknown,No unit metadata CSV file found,area_resolution_status=unmapped_no_metadata is not manuscript-safe
230714,74,230714_74,unmapped_no_metadata,None,Unknown,No unit metadata CSV file found,area_resolution_status=unmapped_no_metadata is not manuscript-safe
230714,75,230714_75,unmapped_no_metadata,None,Unknown,No unit metadata CSV file found,area_resolution_status=unmapped_no_metadata is not manuscript-safe
230714,76,230714_76,unmapped_no_metadata,None,Unknown,No unit metadata CSV file found,area_resolution_status=unmapped_no_metadata is not manuscript-safe
230714,77,230714_77,unmapped_no_metadata,None,Unknown,No unit metadata CSV file found,area_resolution_status=unmapped_no_metadata is not manuscript-safe
230714,78,230714_78,unmapped_no_metadata,None,Unknown,No unit metadata CSV file found,area_resolution_status=unmapped_no_metadata is not manuscript-safe
230714,79,230714_79,unmapped_no_metadata,None,Unknown,No unit metadata CSV file found,area_resolution_status=unmapped_no_metadata is not manuscript-safe
230714,80,230714_80,unmapped_no_metadata,None,Unknown,No unit metadata CSV file found,area_resolution_status=unmapped_no_metadata is not manuscript-safe
230714,81,230714_81,unmapped_no_metadata,None,Unknown,No unit metadata CSV file found,area_resolution_status=unmapped_no_metadata is not manuscript-safe
230714,82,230714_82,unmapped_no_metadata,None,Unknown,No unit metadata CSV file found,area_resolution_status=unmapped_no_metadata is not manuscript-safe
230714,83,230714_83,unmapped_no_metadata,None,Unknown,No unit metadata CSV file found,area_resolution_status=unmapped_no_metadata is not manuscript-safe
230714,84,230714_84,unmapped_no_metadata,None,Unknown,No unit metadata CSV file found,area_resolution_status=unmapped_no_metadata is not manuscript-safe
230714,85,230714_85,unmapped_no_metadata,None,Unknown,No unit metadata CSV file found,area_resolution_status=unmapped_no_metadata is not manuscript-safe
230714,86,230714_86,unmapped_no_metadata,None,Unknown,No unit metadata CSV file found,area_resolution_status=unmapped_no_metadata is not manuscript-safe
230714,87,230714_87,unmapped_no_metadata,None,Unknown,No unit metadata CSV file found,area_resolution_status=unmapped_no_metadata is not manuscript-safe
230714,88,230714_88,unmapped_no_metadata,None,Unknown,No unit metadata CSV file found,area_resolution_status=unmapped_no_metadata is not manuscript-safe
230714,89,230714_89,unmapped_no_metadata,None,Unknown,No unit metadata CSV file found,area_resolution_status=unmapped_no_metadata is not manuscript-safe
230714,90,230714_90,unmapped_no_metadata,None,Unknown,No unit metadata CSV file found,area_resolution_status=unmapped_no_metadata is not manuscript-safe
230714,91,230714_91,unmapped_no_metadata,None,Unknown,No unit metadata CSV file found,area_resolution_status=unmapped_no_metadata is not manuscript-safe
230714,92,230714_92,unmapped_no_metadata,None,Unknown,No unit metadata CSV file found,area_resolution_status=unmapped_no_metadata is not manuscript-safe
230714,93,230714_93,unmapped_no_metadata,None,Unknown,No unit metadata CSV file found,area_resolution_status=unmapped_no_metadata is not manuscript-safe
230714,94,230714_94,unmapped_no_metadata,None,Unknown,No unit metadata CSV file found,area_resolution_status=unmapped_no_metadata is not manuscript-safe
230714,95,230714_95,unmapped_no_metadata,None,Unknown,No unit metadata CSV file found,area_resolution_status=unmapped_no_metadata is not manuscript-safe
230714,96,230714_96,unmapped_no_metadata,None,Unknown,No unit metadata CSV file found,area_resolution_status=unmapped_no_metadata is not manuscript-safe
230714,97,230714_97,unmapped_no_metadata,None,Unknown,No unit metadata CSV file found,area_resolution_status=unmapped_no_metadata is not manuscript-safe
230714,98,230714_98,unmapped_no_metadata,None,Unknown,No unit metadata CSV file found,area_resolution_status=unmapped_no_metadata is not manuscript-safe
230714,99,230714_99,unmapped_no_metadata,None,Unknown,No unit metadata CSV file found,area_resolution_status=unmapped_no_metadata is not manuscript-safe
230714,100,230714_100,unmapped_no_metadata,None,Unknown,No unit metadata CSV file found,area_resolution_status=unmapped_no_metadata is not manuscript-safe
230714,101,230714_101,unmapped_no_metadata,None,Unknown,No unit metadata CSV file found,area_resolution_status=unmapped_no_metadata is not manuscript-safe
230714,102,230714_102,unmapped_no_metadata,None,Unknown,No unit metadata CSV file found,area_resolution_status=unmapped_no_metadata is not manuscript-safe
230714,103,230714_103,unmapped_no_metadata,None,Unknown,No unit metadata CSV file found,area_resolution_status=unmapped_no_metadata is not manuscript-safe
230714,104,230714_104,unmapped_no_metadata,None,Unknown,No unit metadata CSV file found,area_resolution_status=unmapped_no_metadata is not manuscript-safe
230714,105,230714_105,unmapped_no_metadata,None,Unknown,No unit metadata CSV file found,area_resolution_status=unmapped_no_metadata is not manuscript-safe
230714,106,230714_106,unmapped_no_metadata,None,Unknown,No unit metadata CSV file found,area_resolution_status=unmapped_no_metadata is not manuscript-safe
230714,107,230714_107,unmapped_no_metadata,None,Unknown,No unit metadata CSV file found,area_resolution_status=unmapped_no_metadata is not manuscript-safe
230714,108,230714_108,unmapped_no_metadata,None,Unknown,No unit metadata CSV file found,area_resolution_status=unmapped_no_metadata is not manuscript-safe
230714,109,230714_109,unmapped_no_metadata,None,Unknown,No unit metadata CSV file found,area_resolution_status=unmapped_no_metadata is not manuscript-safe
230714,110,230714_110,unmapped_no_metadata,None,Unknown,No unit metadata CSV file found,area_resolution_status=unmapped_no_metadata is not manuscript-safe
230714,111,230714_111,unmapped_no_metadata,None,Unknown,No unit metadata CSV file found,area_resolution_status=unmapped_no_metadata is not manuscript-safe
230714,112,230714_112,unmapped_no_metadata,None,Unknown,No unit metadata CSV file found,area_resolution_status=unmapped_no_metadata is not manuscript-safe
230714,113,230714_113,unmapped_no_metadata,None,Unknown,No unit metadata CSV file found,area_resolution_status=unmapped_no_metadata is not manuscript-safe
230714,114,230714_114,unmapped_no_metadata,None,Unknown,No unit metadata CSV file found,area_resolution_status=unmapped_no_metadata is not manuscript-safe
230714,115,230714_115,unmapped_no_metadata,None,Unknown,No unit metadata CSV file found,area_resolution_status=unmapped_no_metadata is not manuscript-safe
230714,116,230714_116,unmapped_no_metadata,None,Unknown,No unit metadata CSV file found,area_resolution_status=unmapped_no_metadata is not manuscript-safe
230714,117,230714_117,unmapped_no_metadata,None,Unknown,No unit metadata CSV file found,area_resolution_status=unmapped_no_metadata is not manuscript-safe
230714,118,230714_118,unmapped_no_metadata,None,Unknown,No unit metadata CSV file found,area_resolution_status=unmapped_no_metadata is not manuscript-safe
230714,119,230714_119,unmapped_no_metadata,None,Unknown,No unit metadata CSV file found,area_resolution_status=unmapped_no_metadata is not manuscript-safe
230714,120,230714_120,unmapped_no_metadata,None,Unknown,No unit metadata CSV file found,area_resolution_status=unmapped_no_metadata is not manuscript-safe
230714,121,230714_121,unmapped_no_metadata,None,Unknown,No unit metadata CSV file found,area_resolution_status=unmapped_no_metadata is not manuscript-safe
230714,122,230714_122,unmapped_no_metadata,None,Unknown,No unit metadata CSV file found,area_resolution_status=unmapped_no_metadata is not manuscript-safe
230714,123,230714_123,unmapped_no_metadata,None,Unknown,No unit metadata CSV file found,area_resolution_status=unmapped_no_metadata is not manuscript-safe
230714,124,230714_124,unmapped_no_metadata,None,Unknown,No unit metadata CSV file found,area_resolution_status=unmapped_no_metadata is not manuscript-safe
230714,125,230714_125,unmapped_no_metadata,None,Unknown,No unit metadata CSV file found,area_resolution_status=unmapped_no_metadata is not manuscript-safe
230714,126,230714_126,unmapped_no_metadata,None,Unknown,No unit metadata CSV file found,area_resolution_status=unmapped_no_metadata is not manuscript-safe
230714,127,230714_127,unmapped_no_metadata,None,Unknown,No unit metadata CSV file found,area_resolution_status=unmapped_no_metadata is not manuscript-safe
230714,128,230714_128,unmapped_no_metadata,None,Unknown,No unit metadata CSV file found,area_resolution_status=unmapped_no_metadata is not manuscript-safe
230714,129,230714_129,unmapped_no_metadata,None,Unknown,No unit metadata CSV file found,area_resolution_status=unmapped_no_metadata is not manuscript-safe
230714,130,230714_130,unmapped_no_metadata,None,Unknown,No unit metadata CSV file found,area_resolution_status=unmapped_no_metadata is not manuscript-safe
230714,131,230714_131,unmapped_no_metadata,None,Unknown,No unit metadata CSV file found,area_resolution_status=unmapped_no_metadata is not manuscript-safe
230714,132,230714_132,unmapped_no_metadata,None,Unknown,No unit metadata CSV file found,area_resolution_status=unmapped_no_metadata is not manuscript-safe
230714,133,230714_133,unmapped_no_metadata,None,Unknown,No unit metadata CSV file found,area_resolution_status=unmapped_no_metadata is not manuscript-safe
230714,134,230714_134,unmapped_no_metadata,None,Unknown,No unit metadata CSV file found,area_resolution_status=unmapped_no_metadata is not manuscript-safe
230714,135,230714_135,unmapped_no_metadata,None,Unknown,No unit metadata CSV file found,area_resolution_status=unmapped_no_metadata is not manuscript-safe
230714,136,230714_136,unmapped_no_metadata,None,Unknown,No unit metadata CSV file found,area_resolution_status=unmapped_no_metadata is not manuscript-safe
230714,137,230714_137,unmapped_no_metadata,None,Unknown,No unit metadata CSV file found,area_resolution_status=unmapped_no_metadata is not manuscript-safe
230714,138,230714_138,unmapped_no_metadata,None,Unknown,No unit metadata CSV file found,area_resolution_status=unmapped_no_metadata is not manuscript-safe
230714,139,230714_139,unmapped_no_metadata,None,Unknown,No unit metadata CSV file found,area_resolution_status=unmapped_no_metadata is not manuscript-safe
230714,140,230714_140,unmapped_no_metadata,None,Unknown,No unit metadata CSV file found,area_resolution_status=unmapped_no_metadata is not manuscript-safe
230714,141,230714_141,unmapped_no_metadata,None,Unknown,No unit metadata CSV file found,area_resolution_status=unmapped_no_metadata is not manuscript-safe
230714,142,230714_142,unmapped_no_metadata,None,Unknown,No unit metadata CSV file found,area_resolution_status=unmapped_no_metadata is not manuscript-safe
230714,143,230714_143,unmapped_no_metadata,None,Unknown,No unit metadata CSV file found,area_resolution_status=unmapped_no_metadata is not manuscript-safe
230714,144,230714_144,unmapped_no_metadata,None,Unknown,No unit metadata CSV file found,area_resolution_status=unmapped_no_metadata is not manuscript-safe
230714,145,230714_145,unmapped_no_metadata,None,Unknown,No unit metadata CSV file found,area_resolution_status=unmapped_no_metadata is not manuscript-safe
230714,146,230714_146,unmapped_no_metadata,None,Unknown,No unit metadata CSV file found,area_resolution_status=unmapped_no_metadata is not manuscript-safe
230714,147,230714_147,unmapped_no_metadata,None,Unknown,No unit metadata CSV file found,area_resolution_status=unmapped_no_metadata is not manuscript-safe
230714,148,230714_148,unmapped_no_metadata,None,Unknown,No unit metadata CSV file found,area_resolution_status=unmapped_no_metadata is not manuscript-safe
230714,149,230714_149,unmapped_no_metadata,None,Unknown,No unit metadata CSV file found,area_resolution_status=unmapped_no_metadata is not manuscript-safe
230714,150,230714_150,unmapped_no_metadata,None,Unknown,No unit metadata CSV file found,area_resolution_status=unmapped_no_metadata is not manuscript-safe
230714,151,230714_151,unmapped_no_metadata,None,Unknown,No unit metadata CSV file found,area_resolution_status=unmapped_no_metadata is not manuscript-safe
230714,152,230714_152,unmapped_no_metadata,None,Unknown,No unit metadata CSV file found,area_resolution_status=unmapped_no_metadata is not manuscript-safe
230714,153,230714_153,unmapped_no_metadata,None,Unknown,No unit metadata CSV file found,area_resolution_status=unmapped_no_metadata is not manuscript-safe
230714,154,230714_154,unmapped_no_metadata,None,Unknown,No unit metadata CSV file found,area_resolution_status=unmapped_no_metadata is not manuscript-safe
230714,155,230714_155,unmapped_no_metadata,None,Unknown,No unit metadata CSV file found,area_resolution_status=unmapped_no_metadata is not manuscript-safe
230714,156,230714_156,unmapped_no_metadata,None,Unknown,No unit metadata CSV file found,area_resolution_status=unmapped_no_metadata is not manuscript-safe
230714,157,230714_157,unmapped_no_metadata,None,Unknown,No unit metadata CSV file found,area_resolution_status=unmapped_no_metadata is not manuscript-safe
230714,158,230714_158,unmapped_no_metadata,None,Unknown,No unit metadata CSV file found,area_resolution_status=unmapped_no_metadata is not manuscript-safe
230714,159,230714_159,unmapped_no_metadata,None,Unknown,No unit metadata CSV file found,area_resolution_status=unmapped_no_metadata is not manuscript-safe
230714,160,230714_160,unmapped_no_metadata,None,Unknown,No unit metadata CSV file found,area_resolution_status=unmapped_no_metadata is not manuscript-safe
230714,161,230714_161,unmapped_no_metadata,None,Unknown,No unit metadata CSV file found,area_resolution_status=unmapped_no_metadata is not manuscript-safe
230714,162,230714_162,unmapped_no_metadata,None,Unknown,No unit metadata CSV file found,area_resolution_status=unmapped_no_metadata is not manuscript-safe
230714,163,230714_163,unmapped_no_metadata,None,Unknown,No unit metadata CSV file found,area_resolution_status=unmapped_no_metadata is not manuscript-safe
230714,164,230714_164,unmapped_no_metadata,None,Unknown,No unit metadata CSV file found,area_resolution_status=unmapped_no_metadata is not manuscript-safe
230714,165,230714_165,unmapped_no_metadata,None,Unknown,No unit metadata CSV file found,area_resolution_status=unmapped_no_metadata is not manuscript-safe
230714,166,230714_166,unmapped_no_metadata,None,Unknown,No unit metadata CSV file found,area_resolution_status=unmapped_no_metadata is not manuscript-safe
230714,167,230714_167,unmapped_no_metadata,None,Unknown,No unit metadata CSV file found,area_resolution_status=unmapped_no_metadata is not manuscript-safe
230714,168,230714_168,unmapped_no_metadata,None,Unknown,No unit metadata CSV file found,area_resolution_status=unmapped_no_metadata is not manuscript-safe
230714,169,230714_169,unmapped_no_metadata,None,Unknown,No unit metadata CSV file found,area_resolution_status=unmapped_no_metadata is not manuscript-safe
230714,170,230714_170,unmapped_no_metadata,None,Unknown,No unit metadata CSV file found,area_resolution_status=unmapped_no_metadata is not manuscript-safe
230714,171,230714_171,unmapped_no_metadata,None,Unknown,No unit metadata CSV file found,area_resolution_status=unmapped_no_metadata is not manuscript-safe
230714,172,230714_172,unmapped_no_metadata,None,Unknown,No unit metadata CSV file found,area_resolution_status=unmapped_no_metadata is not manuscript-safe
230714,173,230714_173,unmapped_no_metadata,None,Unknown,No unit metadata CSV file found,area_resolution_status=unmapped_no_metadata is not manuscript-safe
230714,174,230714_174,unmapped_no_metadata,None,Unknown,No unit metadata CSV file found,area_resolution_status=unmapped_no_metadata is not manuscript-safe
230714,175,230714_175,unmapped_no_metadata,None,Unknown,No unit metadata CSV file found,area_resolution_status=unmapped_no_metadata is not manuscript-safe
230714,176,230714_176,unmapped_no_metadata,None,Unknown,No unit metadata CSV file found,area_resolution_status=unmapped_no_metadata is not manuscript-safe
230714,177,230714_177,unmapped_no_metadata,None,Unknown,No unit metadata CSV file found,area_resolution_status=unmapped_no_metadata is not manuscript-safe
230714,178,230714_178,unmapped_no_metadata,None,Unknown,No unit metadata CSV file found,area_resolution_status=unmapped_no_metadata is not manuscript-safe
230714,179,230714_179,unmapped_no_metadata,None,Unknown,No unit metadata CSV file found,area_resolution_status=unmapped_no_metadata is not manuscript-safe
230714,180,230714_180,unmapped_no_metadata,None,Unknown,No unit metadata CSV file found,area_resolution_status=unmapped_no_metadata is not manuscript-safe
230714,181,230714_181,unmapped_no_metadata,None,Unknown,No unit metadata CSV file found,area_resolution_status=unmapped_no_metadata is not manuscript-safe
230714,182,230714_182,unmapped_no_metadata,None,Unknown,No unit metadata CSV file found,area_resolution_status=unmapped_no_metadata is not manuscript-safe
230714,183,230714_183,unmapped_no_metadata,None,Unknown,No unit metadata CSV file found,area_resolution_status=unmapped_no_metadata is not manuscript-safe
230714,184,230714_184,unmapped_no_metadata,None,Unknown,No unit metadata CSV file found,area_resolution_status=unmapped_no_metadata is not manuscript-safe
230714,185,230714_185,unmapped_no_metadata,None,Unknown,No unit metadata CSV file found,area_resolution_status=unmapped_no_metadata is not manuscript-safe
230714,186,230714_186,unmapped_no_metadata,None,Unknown,No unit metadata CSV file found,area_resolution_status=unmapped_no_metadata is not manuscript-safe
230714,187,230714_187,unmapped_no_metadata,None,Unknown,No unit metadata CSV file found,area_resolution_status=unmapped_no_metadata is not manuscript-safe
230714,188,230714_188,unmapped_no_metadata,None,Unknown,No unit metadata CSV file found,area_resolution_status=unmapped_no_metadata is not manuscript-safe
230714,189,230714_189,unmapped_no_metadata,None,Unknown,No unit metadata CSV file found,area_resolution_status=unmapped_no_metadata is not manuscript-safe
230714,190,230714_190,unmapped_no_metadata,None,Unknown,No unit metadata CSV file found,area_resolution_status=unmapped_no_metadata is not manuscript-safe
230714,191,230714_191,unmapped_no_metadata,None,Unknown,No unit metadata CSV file found,area_resolution_status=unmapped_no_metadata is not manuscript-safe
230714,192,230714_192,unmapped_no_metadata,None,Unknown,No unit metadata CSV file found,area_resolution_status=unmapped_no_metadata is not manuscript-safe
230714,193,230714_193,unmapped_no_metadata,None,Unknown,No unit metadata CSV file found,area_resolution_status=unmapped_no_metadata is not manuscript-safe
230714,194,230714_194,unmapped_no_metadata,None,Unknown,No unit metadata CSV file found,area_resolution_status=unmapped_no_metadata is not manuscript-safe
230714,195,230714_195,unmapped_no_metadata,None,Unknown,No unit metadata CSV file found,area_resolution_status=unmapped_no_metadata is not manuscript-safe
230714,196,230714_196,unmapped_no_metadata,None,Unknown,No unit metadata CSV file found,area_resolution_status=unmapped_no_metadata is not manuscript-safe
230714,197,230714_197,unmapped_no_metadata,None,Unknown,No unit metadata CSV file found,area_resolution_status=unmapped_no_metadata is not manuscript-safe
230714,198,230714_198,unmapped_no_metadata,None,Unknown,No unit metadata CSV file found,area_resolution_status=unmapped_no_metadata is not manuscript-safe
230714,199,230714_199,unmapped_no_metadata,None,Unknown,No unit metadata CSV file found,area_resolution_status=unmapped_no_metadata is not manuscript-safe
230714,200,230714_200,unmapped_no_metadata,None,Unknown,No unit metadata CSV file found,area_resolution_status=unmapped_no_metadata is not manuscript-safe
230714,201,230714_201,unmapped_no_metadata,None,Unknown,No unit metadata CSV file found,area_resolution_status=unmapped_no_metadata is not manuscript-safe
230714,202,230714_202,unmapped_no_metadata,None,Unknown,No unit metadata CSV file found,area_resolution_status=unmapped_no_metadata is not manuscript-safe
230714,203,230714_203,unmapped_no_metadata,None,Unknown,No unit metadata CSV file found,area_resolution_status=unmapped_no_metadata is not manuscript-safe
230714,204,230714_204,unmapped_no_metadata,None,Unknown,No unit metadata CSV file found,area_resolution_status=unmapped_no_metadata is not manuscript-safe
230714,205,230714_205,unmapped_no_metadata,None,Unknown,No unit metadata CSV file found,area_resolution_status=unmapped_no_metadata is not manuscript-safe
230714,206,230714_206,unmapped_no_metadata,None,Unknown,No unit metadata CSV file found,area_resolution_status=unmapped_no_metadata is not manuscript-safe
230714,207,230714_207,unmapped_no_metadata,None,Unknown,No unit metadata CSV file found,area_resolution_status=unmapped_no_metadata is not manuscript-safe
230714,208,230714_208,unmapped_no_metadata,None,Unknown,No unit metadata CSV file found,area_resolution_status=unmapped_no_metadata is not manuscript-safe
230714,209,230714_209,unmapped_no_metadata,None,Unknown,No unit metadata CSV file found,area_resolution_status=unmapped_no_metadata is not manuscript-safe
230714,210,230714_210,unmapped_no_metadata,None,Unknown,No unit metadata CSV file found,area_resolution_status=unmapped_no_metadata is not manuscript-safe
230714,211,230714_211,unmapped_no_metadata,None,Unknown,No unit metadata CSV file found,area_resolution_status=unmapped_no_metadata is not manuscript-safe
230714,212,230714_212,unmapped_no_metadata,None,Unknown,No unit metadata CSV file found,area_resolution_status=unmapped_no_metadata is not manuscript-safe
230714,213,230714_213,unmapped_no_metadata,None,Unknown,No unit metadata CSV file found,area_resolution_status=unmapped_no_metadata is not manuscript-safe
230714,214,230714_214,unmapped_no_metadata,None,Unknown,No unit metadata CSV file found,area_resolution_status=unmapped_no_metadata is not manuscript-safe
230714,215,230714_215,unmapped_no_metadata,None,Unknown,No unit metadata CSV file found,area_resolution_status=unmapped_no_metadata is not manuscript-safe
230714,216,230714_216,unmapped_no_metadata,None,Unknown,No unit metadata CSV file found,area_resolution_status=unmapped_no_metadata is not manuscript-safe
230714,217,230714_217,unmapped_no_metadata,None,Unknown,No unit metadata CSV file found,area_resolution_status=unmapped_no_metadata is not manuscript-safe
230714,218,230714_218,unmapped_no_metadata,None,Unknown,No unit metadata CSV file found,area_resolution_status=unmapped_no_metadata is not manuscript-safe
230714,219,230714_219,unmapped_no_metadata,None,Unknown,No unit metadata CSV file found,area_resolution_status=unmapped_no_metadata is not manuscript-safe
230714,220,230714_220,unmapped_no_metadata,None,Unknown,No unit metadata CSV file found,area_resolution_status=unmapped_no_metadata is not manuscript-safe
230714,221,230714_221,unmapped_no_metadata,None,Unknown,No unit metadata CSV file found,area_resolution_status=unmapped_no_metadata is not manuscript-safe
230714,222,230714_222,unmapped_no_metadata,None,Unknown,No unit metadata CSV file found,area_resolution_status=unmapped_no_metadata is not manuscript-safe
230714,223,230714_223,unmapped_no_metadata,None,Unknown,No unit metadata CSV file found,area_resolution_status=unmapped_no_metadata is not manuscript-safe
230714,224,230714_224,unmapped_no_metadata,None,Unknown,No unit metadata CSV file found,area_resolution_status=unmapped_no_metadata is not manuscript-safe
230714,225,230714_225,unmapped_no_metadata,None,Unknown,No unit metadata CSV file found,area_resolution_status=unmapped_no_metadata is not manuscript-safe
230714,226,230714_226,unmapped_no_metadata,None,Unknown,No unit metadata CSV file found,area_resolution_status=unmapped_no_metadata is not manuscript-safe
230714,227,230714_227,unmapped_no_metadata,None,Unknown,No unit metadata CSV file found,area_resolution_status=unmapped_no_metadata is not manuscript-safe
230714,228,230714_228,unmapped_no_metadata,None,Unknown,No unit metadata CSV file found,area_resolution_status=unmapped_no_metadata is not manuscript-safe
230714,229,230714_229,unmapped_no_metadata,None,Unknown,No unit metadata CSV file found,area_resolution_status=unmapped_no_metadata is not manuscript-safe
230714,230,230714_230,unmapped_no_metadata,None,Unknown,No unit metadata CSV file found,area_resolution_status=unmapped_no_metadata is not manuscript-safe
230714,231,230714_231,unmapped_no_metadata,None,Unknown,No unit metadata CSV file found,area_resolution_status=unmapped_no_metadata is not manuscript-safe
230714,232,230714_232,unmapped_no_metadata,None,Unknown,No unit metadata CSV file found,area_resolution_status=unmapped_no_metadata is not manuscript-safe
230714,233,230714_233,unmapped_no_metadata,None,Unknown,No unit metadata CSV file found,area_resolution_status=unmapped_no_metadata is not manuscript-safe
230714,234,230714_234,unmapped_no_metadata,None,Unknown,No unit metadata CSV file found,area_resolution_status=unmapped_no_metadata is not manuscript-safe
230714,235,230714_235,unmapped_no_metadata,None,Unknown,No unit metadata CSV file found,area_resolution_status=unmapped_no_metadata is not manuscript-safe
230714,236,230714_236,unmapped_no_metadata,None,Unknown,No unit metadata CSV file found,area_resolution_status=unmapped_no_metadata is not manuscript-safe
230714,237,230714_237,unmapped_no_metadata,None,Unknown,No unit metadata CSV file found,area_resolution_status=unmapped_no_metadata is not manuscript-safe
230714,238,230714_238,unmapped_no_metadata,None,Unknown,No unit metadata CSV file found,area_resolution_status=unmapped_no_metadata is not manuscript-safe
230714,239,230714_239,unmapped_no_metadata,None,Unknown,No unit metadata CSV file found,area_resolution_status=unmapped_no_metadata is not manuscript-safe
230714,240,230714_240,unmapped_no_metadata,None,Unknown,No unit metadata CSV file found,area_resolution_status=unmapped_no_metadata is not manuscript-safe
230714,241,230714_241,unmapped_no_metadata,None,Unknown,No unit metadata CSV file found,area_resolution_status=unmapped_no_metadata is not manuscript-safe
230714,242,230714_242,unmapped_no_metadata,None,Unknown,No unit metadata CSV file found,area_resolution_status=unmapped_no_metadata is not manuscript-safe
230714,243,230714_243,unmapped_no_metadata,None,Unknown,No unit metadata CSV file found,area_resolution_status=unmapped_no_metadata is not manuscript-safe
230714,244,230714_244,unmapped_no_metadata,None,Unknown,No unit metadata CSV file found,area_resolution_status=unmapped_no_metadata is not manuscript-safe
230714,245,230714_245,unmapped_no_metadata,None,Unknown,No unit metadata CSV file found,area_resolution_status=unmapped_no_metadata is not manuscript-safe
230714,246,230714_246,unmapped_no_metadata,None,Unknown,No unit metadata CSV file found,area_resolution_status=unmapped_no_metadata is not manuscript-safe
230714,247,230714_247,unmapped_no_metadata,None,Unknown,No unit metadata CSV file found,area_resolution_status=unmapped_no_metadata is not manuscript-safe
230714,248,230714_248,unmapped_no_metadata,None,Unknown,No unit metadata CSV file found,area_resolution_status=unmapped_no_metadata is not manuscript-safe
230714,249,230714_249,unmapped_no_metadata,None,Unknown,No unit metadata CSV file found,area_resolution_status=unmapped_no_metadata is not manuscript-safe
230714,250,230714_250,unmapped_no_metadata,None,Unknown,No unit metadata CSV file found,area_resolution_status=unmapped_no_metadata is not manuscript-safe
230714,251,230714_251,unmapped_no_metadata,None,Unknown,No unit metadata CSV file found,area_resolution_status=unmapped_no_metadata is not manuscript-safe
230714,252,230714_252,unmapped_no_metadata,None,Unknown,No unit metadata CSV file found,area_resolution_status=unmapped_no_metadata is not manuscript-safe
230714,253,230714_253,unmapped_no_metadata,None,Unknown,No unit metadata CSV file found,area_resolution_status=unmapped_no_metadata is not manuscript-safe
230714,254,230714_254,unmapped_no_metadata,None,Unknown,No unit metadata CSV file found,area_resolution_status=unmapped_no_metadata is not manuscript-safe
230714,255,230714_255,unmapped_no_metadata,None,Unknown,No unit metadata CSV file found,area_resolution_status=unmapped_no_metadata is not manuscript-safe
230714,256,230714_256,unmapped_no_metadata,None,Unknown,No unit metadata CSV file found,area_resolution_status=unmapped_no_metadata is not manuscript-safe
230714,257,230714_257,unmapped_no_metadata,None,Unknown,No unit metadata CSV file found,area_resolution_status=unmapped_no_metadata is not manuscript-safe
230714,258,230714_258,unmapped_no_metadata,None,Unknown,No unit metadata CSV file found,area_resolution_status=unmapped_no_metadata is not manuscript-safe
230714,259,230714_259,unmapped_no_metadata,None,Unknown,No unit metadata CSV file found,area_resolution_status=unmapped_no_metadata is not manuscript-safe
230714,260,230714_260,unmapped_no_metadata,None,Unknown,No unit metadata CSV file found,area_resolution_status=unmapped_no_metadata is not manuscript-safe
230714,261,230714_261,unmapped_no_metadata,None,Unknown,No unit metadata CSV file found,area_resolution_status=unmapped_no_metadata is not manuscript-safe
230714,262,230714_262,unmapped_no_metadata,None,Unknown,No unit metadata CSV file found,area_resolution_status=unmapped_no_metadata is not manuscript-safe
230714,263,230714_263,unmapped_no_metadata,None,Unknown,No unit metadata CSV file found,area_resolution_status=unmapped_no_metadata is not manuscript-safe
230714,264,230714_264,unmapped_no_metadata,None,Unknown,No unit metadata CSV file found,area_resolution_status=unmapped_no_metadata is not manuscript-safe
230714,265,230714_265,unmapped_no_metadata,None,Unknown,No unit metadata CSV file found,area_resolution_status=unmapped_no_metadata is not manuscript-safe
230714,266,230714_266,unmapped_no_metadata,None,Unknown,No unit metadata CSV file found,area_resolution_status=unmapped_no_metadata is not manuscript-safe
230714,267,230714_267,unmapped_no_metadata,None,Unknown,No unit metadata CSV file found,area_resolution_status=unmapped_no_metadata is not manuscript-safe
230714,268,230714_268,unmapped_no_metadata,None,Unknown,No unit metadata CSV file found,area_resolution_status=unmapped_no_metadata is not manuscript-safe
230714,269,230714_269,unmapped_no_metadata,None,Unknown,No unit metadata CSV file found,area_resolution_status=unmapped_no_metadata is not manuscript-safe
230714,270,230714_270,unmapped_no_metadata,None,Unknown,No unit metadata CSV file found,area_resolution_status=unmapped_no_metadata is not manuscript-safe
230714,271,230714_271,unmapped_no_metadata,None,Unknown,No unit metadata CSV file found,area_resolution_status=unmapped_no_metadata is not manuscript-safe
230714,272,230714_272,unmapped_no_metadata,None,Unknown,No unit metadata CSV file found,area_resolution_status=unmapped_no_metadata is not manuscript-safe
230714,273,230714_273,unmapped_no_metadata,None,Unknown,No unit metadata CSV file found,area_resolution_status=unmapped_no_metadata is not manuscript-safe
230714,274,230714_274,unmapped_no_metadata,None,Unknown,No unit metadata CSV file found,area_resolution_status=unmapped_no_metadata is not manuscript-safe
230714,275,230714_275,unmapped_no_metadata,None,Unknown,No unit metadata CSV file found,area_resolution_status=unmapped_no_metadata is not manuscript-safe
230714,276,230714_276,unmapped_no_metadata,None,Unknown,No unit metadata CSV file found,area_resolution_status=unmapped_no_metadata is not manuscript-safe
230714,277,230714_277,unmapped_no_metadata,None,Unknown,No unit metadata CSV file found,area_resolution_status=unmapped_no_metadata is not manuscript-safe
230714,278,230714_278,unmapped_no_metadata,None,Unknown,No unit metadata CSV file found,area_resolution_status=unmapped_no_metadata is not manuscript-safe
230714,279,230714_279,unmapped_no_metadata,None,Unknown,No unit metadata CSV file found,area_resolution_status=unmapped_no_metadata is not manuscript-safe
230714,280,230714_280,unmapped_no_metadata,None,Unknown,No unit metadata CSV file found,area_resolution_status=unmapped_no_metadata is not manuscript-safe
230714,281,230714_281,unmapped_no_metadata,None,Unknown,No unit metadata CSV file found,area_resolution_status=unmapped_no_metadata is not manuscript-safe
230714,282,230714_282,unmapped_no_metadata,None,Unknown,No unit metadata CSV file found,area_resolution_status=unmapped_no_metadata is not manuscript-safe
230714,283,230714_283,unmapped_no_metadata,None,Unknown,No unit metadata CSV file found,area_resolution_status=unmapped_no_metadata is not manuscript-safe
230714,284,230714_284,unmapped_no_metadata,None,Unknown,No unit metadata CSV file found,area_resolution_status=unmapped_no_metadata is not manuscript-safe
230714,285,230714_285,unmapped_no_metadata,None,Unknown,No unit metadata CSV file found,area_resolution_status=unmapped_no_metadata is not manuscript-safe
230714,286,230714_286,unmapped_no_metadata,None,Unknown,No unit metadata CSV file found,area_resolution_status=unmapped_no_metadata is not manuscript-safe
230714,287,230714_287,unmapped_no_metadata,None,Unknown,No unit metadata CSV file found,area_resolution_status=unmapped_no_metadata is not manuscript-safe
230714,288,230714_288,unmapped_no_metadata,None,Unknown,No unit metadata CSV file found,area_resolution_status=unmapped_no_metadata is not manuscript-safe
230714,289,230714_289,unmapped_no_metadata,None,Unknown,No unit metadata CSV file found,area_resolution_status=unmapped_no_metadata is not manuscript-safe
230714,290,230714_290,unmapped_no_metadata,None,Unknown,No unit metadata CSV file found,area_resolution_status=unmapped_no_metadata is not manuscript-safe
230714,291,230714_291,unmapped_no_metadata,None,Unknown,No unit metadata CSV file found,area_resolution_status=unmapped_no_metadata is not manuscript-safe
230714,292,230714_292,unmapped_no_metadata,None,Unknown,No unit metadata CSV file found,area_resolution_status=unmapped_no_metadata is not manuscript-safe
230714,293,230714_293,unmapped_no_metadata,None,Unknown,No unit metadata CSV file found,area_resolution_status=unmapped_no_metadata is not manuscript-safe
230714,294,230714_294,unmapped_no_metadata,None,Unknown,No unit metadata CSV file found,area_resolution_status=unmapped_no_metadata is not manuscript-safe
230714,295,230714_295,unmapped_no_metadata,None,Unknown,No unit metadata CSV file found,area_resolution_status=unmapped_no_metadata is not manuscript-safe
230714,296,230714_296,unmapped_no_metadata,None,Unknown,No unit metadata CSV file found,area_resolution_status=unmapped_no_metadata is not manuscript-safe
230714,297,230714_297,unmapped_no_metadata,None,Unknown,No unit metadata CSV file found,area_resolution_status=unmapped_no_metadata is not manuscript-safe
230714,298,230714_298,unmapped_no_metadata,None,Unknown,No unit metadata CSV file found,area_resolution_status=unmapped_no_metadata is not manuscript-safe
230714,299,230714_299,unmapped_no_metadata,None,Unknown,No unit metadata CSV file found,area_resolution_status=unmapped_no_metadata is not manuscript-safe
230714,300,230714_300,unmapped_no_metadata,None,Unknown,No unit metadata CSV file found,area_resolution_status=unmapped_no_metadata is not manuscript-safe
230714,301,230714_301,unmapped_no_metadata,None,Unknown,No unit metadata CSV file found,area_resolution_status=unmapped_no_metadata is not manuscript-safe
230714,302,230714_302,unmapped_no_metadata,None,Unknown,No unit metadata CSV file found,area_resolution_status=unmapped_no_metadata is not manuscript-safe
230714,303,230714_303,unmapped_no_metadata,None,Unknown,No unit metadata CSV file found,area_resolution_status=unmapped_no_metadata is not manuscript-safe
230714,304,230714_304,unmapped_no_metadata,None,Unknown,No unit metadata CSV file found,area_resolution_status=unmapped_no_metadata is not manuscript-safe
230714,305,230714_305,unmapped_no_metadata,None,Unknown,No unit metadata CSV file found,area_resolution_status=unmapped_no_metadata is not manuscript-safe
230714,306,230714_306,unmapped_no_metadata,None,Unknown,No unit metadata CSV file found,area_resolution_status=unmapped_no_metadata is not manuscript-safe
230714,307,230714_307,unmapped_no_metadata,None,Unknown,No unit metadata CSV file found,area_resolution_status=unmapped_no_metadata is not manuscript-safe
230714,308,230714_308,unmapped_no_metadata,None,Unknown,No unit metadata CSV file found,area_resolution_status=unmapped_no_metadata is not manuscript-safe
230714,309,230714_309,unmapped_no_metadata,None,Unknown,No unit metadata CSV file found,area_resolution_status=unmapped_no_metadata is not manuscript-safe
230714,310,230714_310,unmapped_no_metadata,None,Unknown,No unit metadata CSV file found,area_resolution_status=unmapped_no_metadata is not manuscript-safe
230714,311,230714_311,unmapped_no_metadata,None,Unknown,No unit metadata CSV file found,area_resolution_status=unmapped_no_metadata is not manuscript-safe
230714,312,230714_312,unmapped_no_metadata,None,Unknown,No unit metadata CSV file found,area_resolution_status=unmapped_no_metadata is not manuscript-safe
230714,313,230714_313,unmapped_no_metadata,None,Unknown,No unit metadata CSV file found,area_resolution_status=unmapped_no_metadata is not manuscript-safe
230714,314,230714_314,unmapped_no_metadata,None,Unknown,No unit metadata CSV file found,area_resolution_status=unmapped_no_metadata is not manuscript-safe
230714,315,230714_315,unmapped_no_metadata,None,Unknown,No unit metadata CSV file found,area_resolution_status=unmapped_no_metadata is not manuscript-safe
230714,316,230714_316,unmapped_no_metadata,None,Unknown,No unit metadata CSV file found,area_resolution_status=unmapped_no_metadata is not manuscript-safe
230714,317,230714_317,unmapped_no_metadata,None,Unknown,No unit metadata CSV file found,area_resolution_status=unmapped_no_metadata is not manuscript-safe
230714,318,230714_318,unmapped_no_metadata,None,Unknown,No unit metadata CSV file found,area_resolution_status=unmapped_no_metadata is not manuscript-safe
230714,319,230714_319,unmapped_no_metadata,None,Unknown,No unit metadata CSV file found,area_resolution_status=unmapped_no_metadata is not manuscript-safe
230714,320,230714_320,unmapped_no_metadata,None,Unknown,No unit metadata CSV file found,area_resolution_status=unmapped_no_metadata is not manuscript-safe
230714,321,230714_321,unmapped_no_metadata,None,Unknown,No unit metadata CSV file found,area_resolution_status=unmapped_no_metadata is not manuscript-safe
230714,322,230714_322,unmapped_no_metadata,None,Unknown,No unit metadata CSV file found,area_resolution_status=unmapped_no_metadata is not manuscript-safe
230714,323,230714_323,unmapped_no_metadata,None,Unknown,No unit metadata CSV file found,area_resolution_status=unmapped_no_metadata is not manuscript-safe
230714,324,230714_324,unmapped_no_metadata,None,Unknown,No unit metadata CSV file found,area_resolution_status=unmapped_no_metadata is not manuscript-safe
230714,325,230714_325,unmapped_no_metadata,None,Unknown,No unit metadata CSV file found,area_resolution_status=unmapped_no_metadata is not manuscript-safe
230714,326,230714_326,unmapped_no_metadata,None,Unknown,No unit metadata CSV file found,area_resolution_status=unmapped_no_metadata is not manuscript-safe
230714,327,230714_327,unmapped_no_metadata,None,Unknown,No unit metadata CSV file found,area_resolution_status=unmapped_no_metadata is not manuscript-safe
230714,328,230714_328,unmapped_no_metadata,None,Unknown,No unit metadata CSV file found,area_resolution_status=unmapped_no_metadata is not manuscript-safe
230714,329,230714_329,unmapped_no_metadata,None,Unknown,No unit metadata CSV file found,area_resolution_status=unmapped_no_metadata is not manuscript-safe
230714,330,230714_330,unmapped_no_metadata,None,Unknown,No unit metadata CSV file found,area_resolution_status=unmapped_no_metadata is not manuscript-safe
230714,331,230714_331,unmapped_no_metadata,None,Unknown,No unit metadata CSV file found,area_resolution_status=unmapped_no_metadata is not manuscript-safe
230714,332,230714_332,unmapped_no_metadata,None,Unknown,No unit metadata CSV file found,area_resolution_status=unmapped_no_metadata is not manuscript-safe
230714,333,230714_333,unmapped_no_metadata,None,Unknown,No unit metadata CSV file found,area_resolution_status=unmapped_no_metadata is not manuscript-safe
230714,334,230714_334,unmapped_no_metadata,None,Unknown,No unit metadata CSV file found,area_resolution_status=unmapped_no_metadata is not manuscript-safe
230714,335,230714_335,unmapped_no_metadata,None,Unknown,No unit metadata CSV file found,area_resolution_status=unmapped_no_metadata is not manuscript-safe
230714,336,230714_336,unmapped_no_metadata,None,Unknown,No unit metadata CSV file found,area_resolution_status=unmapped_no_metadata is not manuscript-safe
230714,337,230714_337,unmapped_no_metadata,None,Unknown,No unit metadata CSV file found,area_resolution_status=unmapped_no_metadata is not manuscript-safe
230714,338,230714_338,unmapped_no_metadata,None,Unknown,No unit metadata CSV file found,area_resolution_status=unmapped_no_metadata is not manuscript-safe
230714,339,230714_339,unmapped_no_metadata,None,Unknown,No unit metadata CSV file found,area_resolution_status=unmapped_no_metadata is not manuscript-safe
230714,340,230714_340,unmapped_no_metadata,None,Unknown,No unit metadata CSV file found,area_resolution_status=unmapped_no_metadata is not manuscript-safe
230714,341,230714_341,unmapped_no_metadata,None,Unknown,No unit metadata CSV file found,area_resolution_status=unmapped_no_metadata is not manuscript-safe
230714,342,230714_342,unmapped_no_metadata,None,Unknown,No unit metadata CSV file found,area_resolution_status=unmapped_no_metadata is not manuscript-safe
230714,343,230714_343,unmapped_no_metadata,None,Unknown,No unit metadata CSV file found,area_resolution_status=unmapped_no_metadata is not manuscript-safe
230714,344,230714_344,unmapped_no_metadata,None,Unknown,No unit metadata CSV file found,area_resolution_status=unmapped_no_metadata is not manuscript-safe
230714,345,230714_345,unmapped_no_metadata,None,Unknown,No unit metadata CSV file found,area_resolution_status=unmapped_no_metadata is not manuscript-safe
230714,346,230714_346,unmapped_no_metadata,None,Unknown,No unit metadata CSV file found,area_resolution_status=unmapped_no_metadata is not manuscript-safe
230714,347,230714_347,unmapped_no_metadata,None,Unknown,No unit metadata CSV file found,area_resolution_status=unmapped_no_metadata is not manuscript-safe
230714,348,230714_348,unmapped_no_metadata,None,Unknown,No unit metadata CSV file found,area_resolution_status=unmapped_no_metadata is not manuscript-safe
230714,349,230714_349,unmapped_no_metadata,None,Unknown,No unit metadata CSV file found,area_resolution_status=unmapped_no_metadata is not manuscript-safe
230714,350,230714_350,unmapped_no_metadata,None,Unknown,No unit metadata CSV file found,area_resolution_status=unmapped_no_metadata is not manuscript-safe
230714,351,230714_351,unmapped_no_metadata,None,Unknown,No unit metadata CSV file found,area_resolution_status=unmapped_no_metadata is not manuscript-safe
230714,352,230714_352,unmapped_no_metadata,None,Unknown,No unit metadata CSV file found,area_resolution_status=unmapped_no_metadata is not manuscript-safe
230714,353,230714_353,unmapped_no_metadata,None,Unknown,No unit metadata CSV file found,area_resolution_status=unmapped_no_metadata is not manuscript-safe
230714,354,230714_354,unmapped_no_metadata,None,Unknown,No unit metadata CSV file found,area_resolution_status=unmapped_no_metadata is not manuscript-safe
230714,355,230714_355,unmapped_no_metadata,None,Unknown,No unit metadata CSV file found,area_resolution_status=unmapped_no_metadata is not manuscript-safe
230714,356,230714_356,unmapped_no_metadata,None,Unknown,No unit metadata CSV file found,area_resolution_status=unmapped_no_metadata is not manuscript-safe
230714,357,230714_357,unmapped_no_metadata,None,Unknown,No unit metadata CSV file found,area_resolution_status=unmapped_no_metadata is not manuscript-safe
230714,358,230714_358,unmapped_no_metadata,None,Unknown,No unit metadata CSV file found,area_resolution_status=unmapped_no_metadata is not manuscript-safe
230714,359,230714_359,unmapped_no_metadata,None,Unknown,No unit metadata CSV file found,area_resolution_status=unmapped_no_metadata is not manuscript-safe
230714,360,230714_360,unmapped_no_metadata,None,Unknown,No unit metadata CSV file found,area_resolution_status=unmapped_no_metadata is not manuscript-safe
230714,361,230714_361,unmapped_no_metadata,None,Unknown,No unit metadata CSV file found,area_resolution_status=unmapped_no_metadata is not manuscript-safe
230714,362,230714_362,unmapped_no_metadata,None,Unknown,No unit metadata CSV file found,area_resolution_status=unmapped_no_metadata is not manuscript-safe
230714,363,230714_363,unmapped_no_metadata,None,Unknown,No unit metadata CSV file found,area_resolution_status=unmapped_no_metadata is not manuscript-safe
230714,364,230714_364,unmapped_no_metadata,None,Unknown,No unit metadata CSV file found,area_resolution_status=unmapped_no_metadata is not manuscript-safe
230714,365,230714_365,unmapped_no_metadata,None,Unknown,No unit metadata CSV file found,area_resolution_status=unmapped_no_metadata is not manuscript-safe
230714,366,230714_366,unmapped_no_metadata,None,Unknown,No unit metadata CSV file found,area_resolution_status=unmapped_no_metadata is not manuscript-safe
230714,367,230714_367,unmapped_no_metadata,None,Unknown,No unit metadata CSV file found,area_resolution_status=unmapped_no_metadata is not manuscript-safe
230714,368,230714_368,unmapped_no_metadata,None,Unknown,No unit metadata CSV file found,area_resolution_status=unmapped_no_metadata is not manuscript-safe
230714,369,230714_369,unmapped_no_metadata,None,Unknown,No unit metadata CSV file found,area_resolution_status=unmapped_no_metadata is not manuscript-safe
230714,370,230714_370,unmapped_no_metadata,None,Unknown,No unit metadata CSV file found,area_resolution_status=unmapped_no_metadata is not manuscript-safe
230714,371,230714_371,unmapped_no_metadata,None,Unknown,No unit metadata CSV file found,area_resolution_status=unmapped_no_metadata is not manuscript-safe
230714,372,230714_372,unmapped_no_metadata,None,Unknown,No unit metadata CSV file found,area_resolution_status=unmapped_no_metadata is not manuscript-safe
230714,373,230714_373,unmapped_no_metadata,None,Unknown,No unit metadata CSV file found,area_resolution_status=unmapped_no_metadata is not manuscript-safe
230714,374,230714_374,unmapped_no_metadata,None,Unknown,No unit metadata CSV file found,area_resolution_status=unmapped_no_metadata is not manuscript-safe
230714,375,230714_375,unmapped_no_metadata,None,Unknown,No unit metadata CSV file found,area_resolution_status=unmapped_no_metadata is not manuscript-safe
230714,376,230714_376,unmapped_no_metadata,None,Unknown,No unit metadata CSV file found,area_resolution_status=unmapped_no_metadata is not manuscript-safe
230714,377,230714_377,unmapped_no_metadata,None,Unknown,No unit metadata CSV file found,area_resolution_status=unmapped_no_metadata is not manuscript-safe
230714,378,230714_378,unmapped_no_metadata,None,Unknown,No unit metadata CSV file found,area_resolution_status=unmapped_no_metadata is not manuscript-safe
230714,379,230714_379,unmapped_no_metadata,None,Unknown,No unit metadata CSV file found,area_resolution_status=unmapped_no_metadata is not manuscript-safe
230714,380,230714_380,unmapped_no_metadata,None,Unknown,No unit metadata CSV file found,area_resolution_status=unmapped_no_metadata is not manuscript-safe
230714,381,230714_381,unmapped_no_metadata,None,Unknown,No unit metadata CSV file found,area_resolution_status=unmapped_no_metadata is not manuscript-safe
230714,382,230714_382,unmapped_no_metadata,None,Unknown,No unit metadata CSV file found,area_resolution_status=unmapped_no_metadata is not manuscript-safe
230714,383,230714_383,unmapped_no_metadata,None,Unknown,No unit metadata CSV file found,area_resolution_status=unmapped_no_metadata is not manuscript-safe
230714,384,230714_384,unmapped_no_metadata,None,Unknown,No unit metadata CSV file found,area_resolution_status=unmapped_no_metadata is not manuscript-safe
230714,385,230714_385,unmapped_no_metadata,None,Unknown,No unit metadata CSV file found,area_resolution_status=unmapped_no_metadata is not manuscript-safe
230714,386,230714_386,unmapped_no_metadata,None,Unknown,No unit metadata CSV file found,area_resolution_status=unmapped_no_metadata is not manuscript-safe
230714,387,230714_387,unmapped_no_metadata,None,Unknown,No unit metadata CSV file found,area_resolution_status=unmapped_no_metadata is not manuscript-safe
230714,388,230714_388,unmapped_no_metadata,None,Unknown,No unit metadata CSV file found,area_resolution_status=unmapped_no_metadata is not manuscript-safe
230714,389,230714_389,unmapped_no_metadata,None,Unknown,No unit metadata CSV file found,area_resolution_status=unmapped_no_metadata is not manuscript-safe
230714,390,230714_390,unmapped_no_metadata,None,Unknown,No unit metadata CSV file found,area_resolution_status=unmapped_no_metadata is not manuscript-safe
230714,391,230714_391,unmapped_no_metadata,None,Unknown,No unit metadata CSV file found,area_resolution_status=unmapped_no_metadata is not manuscript-safe
230714,392,230714_392,unmapped_no_metadata,None,Unknown,No unit metadata CSV file found,area_resolution_status=unmapped_no_metadata is not manuscript-safe
230714,393,230714_393,unmapped_no_metadata,None,Unknown,No unit metadata CSV file found,area_resolution_status=unmapped_no_metadata is not manuscript-safe
230714,394,230714_394,unmapped_no_metadata,None,Unknown,No unit metadata CSV file found,area_resolution_status=unmapped_no_metadata is not manuscript-safe
230714,395,230714_395,unmapped_no_metadata,None,Unknown,No unit metadata CSV file found,area_resolution_status=unmapped_no_metadata is not manuscript-safe
230714,396,230714_396,unmapped_no_metadata,None,Unknown,No unit metadata CSV file found,area_resolution_status=unmapped_no_metadata is not manuscript-safe
230714,397,230714_397,unmapped_no_metadata,None,Unknown,No unit metadata CSV file found,area_resolution_status=unmapped_no_metadata is not manuscript-safe
230714,398,230714_398,unmapped_no_metadata,None,Unknown,No unit metadata CSV file found,area_resolution_status=unmapped_no_metadata is not manuscript-safe
230714,399,230714_399,unmapped_no_metadata,None,Unknown,No unit metadata CSV file found,area_resolution_status=unmapped_no_metadata is not manuscript-safe
230714,400,230714_400,unmapped_no_metadata,None,Unknown,No unit metadata CSV file found,area_resolution_status=unmapped_no_metadata is not manuscript-safe
230714,401,230714_401,unmapped_no_metadata,None,Unknown,No unit metadata CSV file found,area_resolution_status=unmapped_no_metadata is not manuscript-safe
230714,402,230714_402,unmapped_no_metadata,None,Unknown,No unit metadata CSV file found,area_resolution_status=unmapped_no_metadata is not manuscript-safe
230714,403,230714_403,unmapped_no_metadata,None,Unknown,No unit metadata CSV file found,area_resolution_status=unmapped_no_metadata is not manuscript-safe
230714,404,230714_404,unmapped_no_metadata,None,Unknown,No unit metadata CSV file found,area_resolution_status=unmapped_no_metadata is not manuscript-safe
230714,405,230714_405,unmapped_no_metadata,None,Unknown,No unit metadata CSV file found,area_resolution_status=unmapped_no_metadata is not manuscript-safe
230714,406,230714_406,unmapped_no_metadata,None,Unknown,No unit metadata CSV file found,area_resolution_status=unmapped_no_metadata is not manuscript-safe
230714,407,230714_407,unmapped_no_metadata,None,Unknown,No unit metadata CSV file found,area_resolution_status=unmapped_no_metadata is not manuscript-safe
230714,408,230714_408,unmapped_no_metadata,None,Unknown,No unit metadata CSV file found,area_resolution_status=unmapped_no_metadata is not manuscript-safe
230714,409,230714_409,unmapped_no_metadata,None,Unknown,No unit metadata CSV file found,area_resolution_status=unmapped_no_metadata is not manuscript-safe
230714,410,230714_410,unmapped_no_metadata,None,Unknown,No unit metadata CSV file found,area_resolution_status=unmapped_no_metadata is not manuscript-safe
230714,411,230714_411,unmapped_no_metadata,None,Unknown,No unit metadata CSV file found,area_resolution_status=unmapped_no_metadata is not manuscript-safe
230714,412,230714_412,unmapped_no_metadata,None,Unknown,No unit metadata CSV file found,area_resolution_status=unmapped_no_metadata is not manuscript-safe
230714,413,230714_413,unmapped_no_metadata,None,Unknown,No unit metadata CSV file found,area_resolution_status=unmapped_no_metadata is not manuscript-safe
230714,414,230714_414,unmapped_no_metadata,None,Unknown,No unit metadata CSV file found,area_resolution_status=unmapped_no_metadata is not manuscript-safe
230714,415,230714_415,unmapped_no_metadata,None,Unknown,No unit metadata CSV file found,area_resolution_status=unmapped_no_metadata is not manuscript-safe
230714,416,230714_416,unmapped_no_metadata,None,Unknown,No unit metadata CSV file found,area_resolution_status=unmapped_no_metadata is not manuscript-safe
230714,417,230714_417,unmapped_no_metadata,None,Unknown,No unit metadata CSV file found,area_resolution_status=unmapped_no_metadata is not manuscript-safe
230714,418,230714_418,unmapped_no_metadata,None,Unknown,No unit metadata CSV file found,area_resolution_status=unmapped_no_metadata is not manuscript-safe
230714,419,230714_419,unmapped_no_metadata,None,Unknown,No unit metadata CSV file found,area_resolution_status=unmapped_no_metadata is not manuscript-safe
230714,420,230714_420,unmapped_no_metadata,None,Unknown,No unit metadata CSV file found,area_resolution_status=unmapped_no_metadata is not manuscript-safe
230714,421,230714_421,unmapped_no_metadata,None,Unknown,No unit metadata CSV file found,area_resolution_status=unmapped_no_metadata is not manuscript-safe
230714,422,230714_422,unmapped_no_metadata,None,Unknown,No unit metadata CSV file found,area_resolution_status=unmapped_no_metadata is not manuscript-safe
230719,0,230719_0,unmapped_no_metadata,None,Unknown,No unit metadata CSV file found,area_resolution_status=unmapped_no_metadata is not manuscript-safe
230719,1,230719_1,unmapped_no_metadata,None,Unknown,No unit metadata CSV file found,area_resolution_status=unmapped_no_metadata is not manuscript-safe
230719,2,230719_2,unmapped_no_metadata,None,Unknown,No unit metadata CSV file found,area_resolution_status=unmapped_no_metadata is not manuscript-safe
230719,3,230719_3,unmapped_no_metadata,None,Unknown,No unit metadata CSV file found,area_resolution_status=unmapped_no_metadata is not manuscript-safe
230719,4,230719_4,unmapped_no_metadata,None,Unknown,No unit metadata CSV file found,area_resolution_status=unmapped_no_metadata is not manuscript-safe
230719,5,230719_5,unmapped_no_metadata,None,Unknown,No unit metadata CSV file found,area_resolution_status=unmapped_no_metadata is not manuscript-safe
230719,6,230719_6,unmapped_no_metadata,None,Unknown,No unit metadata CSV file found,area_resolution_status=unmapped_no_metadata is not manuscript-safe
230719,7,230719_7,unmapped_no_metadata,None,Unknown,No unit metadata CSV file found,area_resolution_status=unmapped_no_metadata is not manuscript-safe
230719,8,230719_8,unmapped_no_metadata,None,Unknown,No unit metadata CSV file found,area_resolution_status=unmapped_no_metadata is not manuscript-safe
230719,9,230719_9,unmapped_no_metadata,None,Unknown,No unit metadata CSV file found,area_resolution_status=unmapped_no_metadata is not manuscript-safe
230719,10,230719_10,unmapped_no_metadata,None,Unknown,No unit metadata CSV file found,area_resolution_status=unmapped_no_metadata is not manuscript-safe
230719,11,230719_11,unmapped_no_metadata,None,Unknown,No unit metadata CSV file found,area_resolution_status=unmapped_no_metadata is not manuscript-safe
230719,12,230719_12,unmapped_no_metadata,None,Unknown,No unit metadata CSV file found,area_resolution_status=unmapped_no_metadata is not manuscript-safe
230719,13,230719_13,unmapped_no_metadata,None,Unknown,No unit metadata CSV file found,area_resolution_status=unmapped_no_metadata is not manuscript-safe
230719,14,230719_14,unmapped_no_metadata,None,Unknown,No unit metadata CSV file found,area_resolution_status=unmapped_no_metadata is not manuscript-safe
230719,15,230719_15,unmapped_no_metadata,None,Unknown,No unit metadata CSV file found,area_resolution_status=unmapped_no_metadata is not manuscript-safe
230719,16,230719_16,unmapped_no_metadata,None,Unknown,No unit metadata CSV file found,area_resolution_status=unmapped_no_metadata is not manuscript-safe
230719,17,230719_17,unmapped_no_metadata,None,Unknown,No unit metadata CSV file found,area_resolution_status=unmapped_no_metadata is not manuscript-safe
230719,18,230719_18,unmapped_no_metadata,None,Unknown,No unit metadata CSV file found,area_resolution_status=unmapped_no_metadata is not manuscript-safe
230719,19,230719_19,unmapped_no_metadata,None,Unknown,No unit metadata CSV file found,area_resolution_status=unmapped_no_metadata is not manuscript-safe
230719,20,230719_20,unmapped_no_metadata,None,Unknown,No unit metadata CSV file found,area_resolution_status=unmapped_no_metadata is not manuscript-safe
230719,21,230719_21,unmapped_no_metadata,None,Unknown,No unit metadata CSV file found,area_resolution_status=unmapped_no_metadata is not manuscript-safe
230719,22,230719_22,unmapped_no_metadata,None,Unknown,No unit metadata CSV file found,area_resolution_status=unmapped_no_metadata is not manuscript-safe
230719,23,230719_23,unmapped_no_metadata,None,Unknown,No unit metadata CSV file found,area_resolution_status=unmapped_no_metadata is not manuscript-safe
230719,24,230719_24,unmapped_no_metadata,None,Unknown,No unit metadata CSV file found,area_resolution_status=unmapped_no_metadata is not manuscript-safe
230719,25,230719_25,unmapped_no_metadata,None,Unknown,No unit metadata CSV file found,area_resolution_status=unmapped_no_metadata is not manuscript-safe
230719,26,230719_26,unmapped_no_metadata,None,Unknown,No unit metadata CSV file found,area_resolution_status=unmapped_no_metadata is not manuscript-safe
230719,27,230719_27,unmapped_no_metadata,None,Unknown,No unit metadata CSV file found,area_resolution_status=unmapped_no_metadata is not manuscript-safe
230719,28,230719_28,unmapped_no_metadata,None,Unknown,No unit metadata CSV file found,area_resolution_status=unmapped_no_metadata is not manuscript-safe
230719,29,230719_29,unmapped_no_metadata,None,Unknown,No unit metadata CSV file found,area_resolution_status=unmapped_no_metadata is not manuscript-safe
230719,30,230719_30,unmapped_no_metadata,None,Unknown,No unit metadata CSV file found,area_resolution_status=unmapped_no_metadata is not manuscript-safe
230719,31,230719_31,unmapped_no_metadata,None,Unknown,No unit metadata CSV file found,area_resolution_status=unmapped_no_metadata is not manuscript-safe
230719,32,230719_32,unmapped_no_metadata,None,Unknown,No unit metadata CSV file found,area_resolution_status=unmapped_no_metadata is not manuscript-safe
230719,33,230719_33,unmapped_no_metadata,None,Unknown,No unit metadata CSV file found,area_resolution_status=unmapped_no_metadata is not manuscript-safe
230719,34,230719_34,unmapped_no_metadata,None,Unknown,No unit metadata CSV file found,area_resolution_status=unmapped_no_metadata is not manuscript-safe
230719,35,230719_35,unmapped_no_metadata,None,Unknown,No unit metadata CSV file found,area_resolution_status=unmapped_no_metadata is not manuscript-safe
230719,36,230719_36,unmapped_no_metadata,None,Unknown,No unit metadata CSV file found,area_resolution_status=unmapped_no_metadata is not manuscript-safe
230719,37,230719_37,unmapped_no_metadata,None,Unknown,No unit metadata CSV file found,area_resolution_status=unmapped_no_metadata is not manuscript-safe
230719,38,230719_38,unmapped_no_metadata,None,Unknown,No unit metadata CSV file found,area_resolution_status=unmapped_no_metadata is not manuscript-safe
230719,39,230719_39,unmapped_no_metadata,None,Unknown,No unit metadata CSV file found,area_resolution_status=unmapped_no_metadata is not manuscript-safe
230719,40,230719_40,unmapped_no_metadata,None,Unknown,No unit metadata CSV file found,area_resolution_status=unmapped_no_metadata is not manuscript-safe
230719,41,230719_41,unmapped_no_metadata,None,Unknown,No unit metadata CSV file found,area_resolution_status=unmapped_no_metadata is not manuscript-safe
230719,42,230719_42,unmapped_no_metadata,None,Unknown,No unit metadata CSV file found,area_resolution_status=unmapped_no_metadata is not manuscript-safe
230719,43,230719_43,unmapped_no_metadata,None,Unknown,No unit metadata CSV file found,area_resolution_status=unmapped_no_metadata is not manuscript-safe
230719,44,230719_44,unmapped_no_metadata,None,Unknown,No unit metadata CSV file found,area_resolution_status=unmapped_no_metadata is not manuscript-safe
230719,45,230719_45,unmapped_no_metadata,None,Unknown,No unit metadata CSV file found,area_resolution_status=unmapped_no_metadata is not manuscript-safe
230719,46,230719_46,unmapped_no_metadata,None,Unknown,No unit metadata CSV file found,area_resolution_status=unmapped_no_metadata is not manuscript-safe
230719,47,230719_47,unmapped_no_metadata,None,Unknown,No unit metadata CSV file found,area_resolution_status=unmapped_no_metadata is not manuscript-safe
230719,48,230719_48,unmapped_no_metadata,None,Unknown,No unit metadata CSV file found,area_resolution_status=unmapped_no_metadata is not manuscript-safe
230719,49,230719_49,unmapped_no_metadata,None,Unknown,No unit metadata CSV file found,area_resolution_status=unmapped_no_metadata is not manuscript-safe
230719,50,230719_50,unmapped_no_metadata,None,Unknown,No unit metadata CSV file found,area_resolution_status=unmapped_no_metadata is not manuscript-safe
230719,51,230719_51,unmapped_no_metadata,None,Unknown,No unit metadata CSV file found,area_resolution_status=unmapped_no_metadata is not manuscript-safe
230719,52,230719_52,unmapped_no_metadata,None,Unknown,No unit metadata CSV file found,area_resolution_status=unmapped_no_metadata is not manuscript-safe
230719,53,230719_53,unmapped_no_metadata,None,Unknown,No unit metadata CSV file found,area_resolution_status=unmapped_no_metadata is not manuscript-safe
230719,54,230719_54,unmapped_no_metadata,None,Unknown,No unit metadata CSV file found,area_resolution_status=unmapped_no_metadata is not manuscript-safe
230719,55,230719_55,unmapped_no_metadata,None,Unknown,No unit metadata CSV file found,area_resolution_status=unmapped_no_metadata is not manuscript-safe
230719,56,230719_56,unmapped_no_metadata,None,Unknown,No unit metadata CSV file found,area_resolution_status=unmapped_no_metadata is not manuscript-safe
230719,57,230719_57,unmapped_no_metadata,None,Unknown,No unit metadata CSV file found,area_resolution_status=unmapped_no_metadata is not manuscript-safe
230719,58,230719_58,unmapped_no_metadata,None,Unknown,No unit metadata CSV file found,area_resolution_status=unmapped_no_metadata is not manuscript-safe
230719,59,230719_59,unmapped_no_metadata,None,Unknown,No unit metadata CSV file found,area_resolution_status=unmapped_no_metadata is not manuscript-safe
230719,60,230719_60,unmapped_no_metadata,None,Unknown,No unit metadata CSV file found,area_resolution_status=unmapped_no_metadata is not manuscript-safe
230719,61,230719_61,unmapped_no_metadata,None,Unknown,No unit metadata CSV file found,area_resolution_status=unmapped_no_metadata is not manuscript-safe
230719,62,230719_62,unmapped_no_metadata,None,Unknown,No unit metadata CSV file found,area_resolution_status=unmapped_no_metadata is not manuscript-safe
230719,63,230719_63,unmapped_no_metadata,None,Unknown,No unit metadata CSV file found,area_resolution_status=unmapped_no_metadata is not manuscript-safe
230719,64,230719_64,unmapped_no_metadata,None,Unknown,No unit metadata CSV file found,area_resolution_status=unmapped_no_metadata is not manuscript-safe
230719,65,230719_65,unmapped_no_metadata,None,Unknown,No unit metadata CSV file found,area_resolution_status=unmapped_no_metadata is not manuscript-safe
230719,66,230719_66,unmapped_no_metadata,None,Unknown,No unit metadata CSV file found,area_resolution_status=unmapped_no_metadata is not manuscript-safe
230719,67,230719_67,unmapped_no_metadata,None,Unknown,No unit metadata CSV file found,area_resolution_status=unmapped_no_metadata is not manuscript-safe
230719,68,230719_68,unmapped_no_metadata,None,Unknown,No unit metadata CSV file found,area_resolution_status=unmapped_no_metadata is not manuscript-safe
230719,69,230719_69,unmapped_no_metadata,None,Unknown,No unit metadata CSV file found,area_resolution_status=unmapped_no_metadata is not manuscript-safe
230719,70,230719_70,unmapped_no_metadata,None,Unknown,No unit metadata CSV file found,area_resolution_status=unmapped_no_metadata is not manuscript-safe
230719,71,230719_71,unmapped_no_metadata,None,Unknown,No unit metadata CSV file found,area_resolution_status=unmapped_no_metadata is not manuscript-safe
230719,72,230719_72,unmapped_no_metadata,None,Unknown,No unit metadata CSV file found,area_resolution_status=unmapped_no_metadata is not manuscript-safe
230719,73,230719_73,unmapped_no_metadata,None,Unknown,No unit metadata CSV file found,area_resolution_status=unmapped_no_metadata is not manuscript-safe
230719,74,230719_74,unmapped_no_metadata,None,Unknown,No unit metadata CSV file found,area_resolution_status=unmapped_no_metadata is not manuscript-safe
230719,75,230719_75,unmapped_no_metadata,None,Unknown,No unit metadata CSV file found,area_resolution_status=unmapped_no_metadata is not manuscript-safe
230719,76,230719_76,unmapped_no_metadata,None,Unknown,No unit metadata CSV file found,area_resolution_status=unmapped_no_metadata is not manuscript-safe
230719,77,230719_77,unmapped_no_metadata,None,Unknown,No unit metadata CSV file found,area_resolution_status=unmapped_no_metadata is not manuscript-safe
230719,78,230719_78,unmapped_no_metadata,None,Unknown,No unit metadata CSV file found,area_resolution_status=unmapped_no_metadata is not manuscript-safe
230719,79,230719_79,unmapped_no_metadata,None,Unknown,No unit metadata CSV file found,area_resolution_status=unmapped_no_metadata is not manuscript-safe
230719,80,230719_80,unmapped_no_metadata,None,Unknown,No unit metadata CSV file found,area_resolution_status=unmapped_no_metadata is not manuscript-safe
230719,81,230719_81,unmapped_no_metadata,None,Unknown,No unit metadata CSV file found,area_resolution_status=unmapped_no_metadata is not manuscript-safe
230719,82,230719_82,unmapped_no_metadata,None,Unknown,No unit metadata CSV file found,area_resolution_status=unmapped_no_metadata is not manuscript-safe
230719,83,230719_83,unmapped_no_metadata,None,Unknown,No unit metadata CSV file found,area_resolution_status=unmapped_no_metadata is not manuscript-safe
230719,84,230719_84,unmapped_no_metadata,None,Unknown,No unit metadata CSV file found,area_resolution_status=unmapped_no_metadata is not manuscript-safe
230719,85,230719_85,unmapped_no_metadata,None,Unknown,No unit metadata CSV file found,area_resolution_status=unmapped_no_metadata is not manuscript-safe
230719,86,230719_86,unmapped_no_metadata,None,Unknown,No unit metadata CSV file found,area_resolution_status=unmapped_no_metadata is not manuscript-safe
230719,87,230719_87,unmapped_no_metadata,None,Unknown,No unit metadata CSV file found,area_resolution_status=unmapped_no_metadata is not manuscript-safe
230719,88,230719_88,unmapped_no_metadata,None,Unknown,No unit metadata CSV file found,area_resolution_status=unmapped_no_metadata is not manuscript-safe
230719,89,230719_89,unmapped_no_metadata,None,Unknown,No unit metadata CSV file found,area_resolution_status=unmapped_no_metadata is not manuscript-safe
230719,90,230719_90,unmapped_no_metadata,None,Unknown,No unit metadata CSV file found,area_resolution_status=unmapped_no_metadata is not manuscript-safe
230719,91,230719_91,unmapped_no_metadata,None,Unknown,No unit metadata CSV file found,area_resolution_status=unmapped_no_metadata is not manuscript-safe
230719,92,230719_92,unmapped_no_metadata,None,Unknown,No unit metadata CSV file found,area_resolution_status=unmapped_no_metadata is not manuscript-safe
230719,93,230719_93,unmapped_no_metadata,None,Unknown,No unit metadata CSV file found,area_resolution_status=unmapped_no_metadata is not manuscript-safe
230719,94,230719_94,unmapped_no_metadata,None,Unknown,No unit metadata CSV file found,area_resolution_status=unmapped_no_metadata is not manuscript-safe
230719,95,230719_95,unmapped_no_metadata,None,Unknown,No unit metadata CSV file found,area_resolution_status=unmapped_no_metadata is not manuscript-safe
230719,96,230719_96,unmapped_no_metadata,None,Unknown,No unit metadata CSV file found,area_resolution_status=unmapped_no_metadata is not manuscript-safe
230719,97,230719_97,unmapped_no_metadata,None,Unknown,No unit metadata CSV file found,area_resolution_status=unmapped_no_metadata is not manuscript-safe
230719,98,230719_98,unmapped_no_metadata,None,Unknown,No unit metadata CSV file found,area_resolution_status=unmapped_no_metadata is not manuscript-safe
230719,99,230719_99,unmapped_no_metadata,None,Unknown,No unit metadata CSV file found,area_resolution_status=unmapped_no_metadata is not manuscript-safe
230719,100,230719_100,unmapped_no_metadata,None,Unknown,No unit metadata CSV file found,area_resolution_status=unmapped_no_metadata is not manuscript-safe
230719,101,230719_101,unmapped_no_metadata,None,Unknown,No unit metadata CSV file found,area_resolution_status=unmapped_no_metadata is not manuscript-safe
230719,102,230719_102,unmapped_no_metadata,None,Unknown,No unit metadata CSV file found,area_resolution_status=unmapped_no_metadata is not manuscript-safe
230719,103,230719_103,unmapped_no_metadata,None,Unknown,No unit metadata CSV file found,area_resolution_status=unmapped_no_metadata is not manuscript-safe
230719,104,230719_104,unmapped_no_metadata,None,Unknown,No unit metadata CSV file found,area_resolution_status=unmapped_no_metadata is not manuscript-safe
230719,105,230719_105,unmapped_no_metadata,None,Unknown,No unit metadata CSV file found,area_resolution_status=unmapped_no_metadata is not manuscript-safe
230719,106,230719_106,unmapped_no_metadata,None,Unknown,No unit metadata CSV file found,area_resolution_status=unmapped_no_metadata is not manuscript-safe
230719,107,230719_107,unmapped_no_metadata,None,Unknown,No unit metadata CSV file found,area_resolution_status=unmapped_no_metadata is not manuscript-safe
230719,108,230719_108,unmapped_no_metadata,None,Unknown,No unit metadata CSV file found,area_resolution_status=unmapped_no_metadata is not manuscript-safe
230719,109,230719_109,unmapped_no_metadata,None,Unknown,No unit metadata CSV file found,area_resolution_status=unmapped_no_metadata is not manuscript-safe
230719,110,230719_110,unmapped_no_metadata,None,Unknown,No unit metadata CSV file found,area_resolution_status=unmapped_no_metadata is not manuscript-safe
230719,111,230719_111,unmapped_no_metadata,None,Unknown,No unit metadata CSV file found,area_resolution_status=unmapped_no_metadata is not manuscript-safe
230719,112,230719_112,unmapped_no_metadata,None,Unknown,No unit metadata CSV file found,area_resolution_status=unmapped_no_metadata is not manuscript-safe
230719,113,230719_113,unmapped_no_metadata,None,Unknown,No unit metadata CSV file found,area_resolution_status=unmapped_no_metadata is not manuscript-safe
230719,114,230719_114,unmapped_no_metadata,None,Unknown,No unit metadata CSV file found,area_resolution_status=unmapped_no_metadata is not manuscript-safe
230719,115,230719_115,unmapped_no_metadata,None,Unknown,No unit metadata CSV file found,area_resolution_status=unmapped_no_metadata is not manuscript-safe
230719,116,230719_116,unmapped_no_metadata,None,Unknown,No unit metadata CSV file found,area_resolution_status=unmapped_no_metadata is not manuscript-safe
230719,117,230719_117,unmapped_no_metadata,None,Unknown,No unit metadata CSV file found,area_resolution_status=unmapped_no_metadata is not manuscript-safe
230719,118,230719_118,unmapped_no_metadata,None,Unknown,No unit metadata CSV file found,area_resolution_status=unmapped_no_metadata is not manuscript-safe
230719,119,230719_119,unmapped_no_metadata,None,Unknown,No unit metadata CSV file found,area_resolution_status=unmapped_no_metadata is not manuscript-safe
230719,120,230719_120,unmapped_no_metadata,None,Unknown,No unit metadata CSV file found,area_resolution_status=unmapped_no_metadata is not manuscript-safe
230719,121,230719_121,unmapped_no_metadata,None,Unknown,No unit metadata CSV file found,area_resolution_status=unmapped_no_metadata is not manuscript-safe
230719,122,230719_122,unmapped_no_metadata,None,Unknown,No unit metadata CSV file found,area_resolution_status=unmapped_no_metadata is not manuscript-safe
230719,123,230719_123,unmapped_no_metadata,None,Unknown,No unit metadata CSV file found,area_resolution_status=unmapped_no_metadata is not manuscript-safe
230719,124,230719_124,unmapped_no_metadata,None,Unknown,No unit metadata CSV file found,area_resolution_status=unmapped_no_metadata is not manuscript-safe
230719,125,230719_125,unmapped_no_metadata,None,Unknown,No unit metadata CSV file found,area_resolution_status=unmapped_no_metadata is not manuscript-safe
230719,126,230719_126,unmapped_no_metadata,None,Unknown,No unit metadata CSV file found,area_resolution_status=unmapped_no_metadata is not manuscript-safe
230719,127,230719_127,unmapped_no_metadata,None,Unknown,No unit metadata CSV file found,area_resolution_status=unmapped_no_metadata is not manuscript-safe
230719,128,230719_128,unmapped_no_metadata,None,Unknown,No unit metadata CSV file found,area_resolution_status=unmapped_no_metadata is not manuscript-safe
230719,129,230719_129,unmapped_no_metadata,None,Unknown,No unit metadata CSV file found,area_resolution_status=unmapped_no_metadata is not manuscript-safe
230719,130,230719_130,unmapped_no_metadata,None,Unknown,No unit metadata CSV file found,area_resolution_status=unmapped_no_metadata is not manuscript-safe
230719,131,230719_131,unmapped_no_metadata,None,Unknown,No unit metadata CSV file found,area_resolution_status=unmapped_no_metadata is not manuscript-safe
230719,132,230719_132,unmapped_no_metadata,None,Unknown,No unit metadata CSV file found,area_resolution_status=unmapped_no_metadata is not manuscript-safe
230719,133,230719_133,unmapped_no_metadata,None,Unknown,No unit metadata CSV file found,area_resolution_status=unmapped_no_metadata is not manuscript-safe
230719,134,230719_134,unmapped_no_metadata,None,Unknown,No unit metadata CSV file found,area_resolution_status=unmapped_no_metadata is not manuscript-safe
230719,135,230719_135,unmapped_no_metadata,None,Unknown,No unit metadata CSV file found,area_resolution_status=unmapped_no_metadata is not manuscript-safe
230719,136,230719_136,unmapped_no_metadata,None,Unknown,No unit metadata CSV file found,area_resolution_status=unmapped_no_metadata is not manuscript-safe
230719,137,230719_137,unmapped_no_metadata,None,Unknown,No unit metadata CSV file found,area_resolution_status=unmapped_no_metadata is not manuscript-safe
230719,138,230719_138,unmapped_no_metadata,None,Unknown,No unit metadata CSV file found,area_resolution_status=unmapped_no_metadata is not manuscript-safe
230719,139,230719_139,unmapped_no_metadata,None,Unknown,No unit metadata CSV file found,area_resolution_status=unmapped_no_metadata is not manuscript-safe
230719,140,230719_140,unmapped_no_metadata,None,Unknown,No unit metadata CSV file found,area_resolution_status=unmapped_no_metadata is not manuscript-safe
230719,141,230719_141,unmapped_no_metadata,None,Unknown,No unit metadata CSV file found,area_resolution_status=unmapped_no_metadata is not manuscript-safe
230719,142,230719_142,unmapped_no_metadata,None,Unknown,No unit metadata CSV file found,area_resolution_status=unmapped_no_metadata is not manuscript-safe
230719,143,230719_143,unmapped_no_metadata,None,Unknown,No unit metadata CSV file found,area_resolution_status=unmapped_no_metadata is not manuscript-safe
230719,144,230719_144,unmapped_no_metadata,None,Unknown,No unit metadata CSV file found,area_resolution_status=unmapped_no_metadata is not manuscript-safe
230719,145,230719_145,unmapped_no_metadata,None,Unknown,No unit metadata CSV file found,area_resolution_status=unmapped_no_metadata is not manuscript-safe
230719,146,230719_146,unmapped_no_metadata,None,Unknown,No unit metadata CSV file found,area_resolution_status=unmapped_no_metadata is not manuscript-safe
230719,147,230719_147,unmapped_no_metadata,None,Unknown,No unit metadata CSV file found,area_resolution_status=unmapped_no_metadata is not manuscript-safe
230719,148,230719_148,unmapped_no_metadata,None,Unknown,No unit metadata CSV file found,area_resolution_status=unmapped_no_metadata is not manuscript-safe
230719,149,230719_149,unmapped_no_metadata,None,Unknown,No unit metadata CSV file found,area_resolution_status=unmapped_no_metadata is not manuscript-safe
230719,150,230719_150,unmapped_no_metadata,None,Unknown,No unit metadata CSV file found,area_resolution_status=unmapped_no_metadata is not manuscript-safe
230719,151,230719_151,unmapped_no_metadata,None,Unknown,No unit metadata CSV file found,area_resolution_status=unmapped_no_metadata is not manuscript-safe
230719,152,230719_152,unmapped_no_metadata,None,Unknown,No unit metadata CSV file found,area_resolution_status=unmapped_no_metadata is not manuscript-safe
230719,153,230719_153,unmapped_no_metadata,None,Unknown,No unit metadata CSV file found,area_resolution_status=unmapped_no_metadata is not manuscript-safe
230719,154,230719_154,unmapped_no_metadata,None,Unknown,No unit metadata CSV file found,area_resolution_status=unmapped_no_metadata is not manuscript-safe
230719,155,230719_155,unmapped_no_metadata,None,Unknown,No unit metadata CSV file found,area_resolution_status=unmapped_no_metadata is not manuscript-safe
230719,156,230719_156,unmapped_no_metadata,None,Unknown,No unit metadata CSV file found,area_resolution_status=unmapped_no_metadata is not manuscript-safe
230719,157,230719_157,unmapped_no_metadata,None,Unknown,No unit metadata CSV file found,area_resolution_status=unmapped_no_metadata is not manuscript-safe
230719,158,230719_158,unmapped_no_metadata,None,Unknown,No unit metadata CSV file found,area_resolution_status=unmapped_no_metadata is not manuscript-safe
230719,159,230719_159,unmapped_no_metadata,None,Unknown,No unit metadata CSV file found,area_resolution_status=unmapped_no_metadata is not manuscript-safe
230719,160,230719_160,unmapped_no_metadata,None,Unknown,No unit metadata CSV file found,area_resolution_status=unmapped_no_metadata is not manuscript-safe
230719,161,230719_161,unmapped_no_metadata,None,Unknown,No unit metadata CSV file found,area_resolution_status=unmapped_no_metadata is not manuscript-safe
230719,162,230719_162,unmapped_no_metadata,None,Unknown,No unit metadata CSV file found,area_resolution_status=unmapped_no_metadata is not manuscript-safe
230719,163,230719_163,unmapped_no_metadata,None,Unknown,No unit metadata CSV file found,area_resolution_status=unmapped_no_metadata is not manuscript-safe
230719,164,230719_164,unmapped_no_metadata,None,Unknown,No unit metadata CSV file found,area_resolution_status=unmapped_no_metadata is not manuscript-safe
230719,165,230719_165,unmapped_no_metadata,None,Unknown,No unit metadata CSV file found,area_resolution_status=unmapped_no_metadata is not manuscript-safe
230719,166,230719_166,unmapped_no_metadata,None,Unknown,No unit metadata CSV file found,area_resolution_status=unmapped_no_metadata is not manuscript-safe
230719,167,230719_167,unmapped_no_metadata,None,Unknown,No unit metadata CSV file found,area_resolution_status=unmapped_no_metadata is not manuscript-safe
230719,168,230719_168,unmapped_no_metadata,None,Unknown,No unit metadata CSV file found,area_resolution_status=unmapped_no_metadata is not manuscript-safe
230719,169,230719_169,unmapped_no_metadata,None,Unknown,No unit metadata CSV file found,area_resolution_status=unmapped_no_metadata is not manuscript-safe
230719,170,230719_170,unmapped_no_metadata,None,Unknown,No unit metadata CSV file found,area_resolution_status=unmapped_no_metadata is not manuscript-safe
230719,171,230719_171,unmapped_no_metadata,None,Unknown,No unit metadata CSV file found,area_resolution_status=unmapped_no_metadata is not manuscript-safe
230719,172,230719_172,unmapped_no_metadata,None,Unknown,No unit metadata CSV file found,area_resolution_status=unmapped_no_metadata is not manuscript-safe
230719,173,230719_173,unmapped_no_metadata,None,Unknown,No unit metadata CSV file found,area_resolution_status=unmapped_no_metadata is not manuscript-safe
230719,174,230719_174,unmapped_no_metadata,None,Unknown,No unit metadata CSV file found,area_resolution_status=unmapped_no_metadata is not manuscript-safe
230719,175,230719_175,unmapped_no_metadata,None,Unknown,No unit metadata CSV file found,area_resolution_status=unmapped_no_metadata is not manuscript-safe
230719,176,230719_176,unmapped_no_metadata,None,Unknown,No unit metadata CSV file found,area_resolution_status=unmapped_no_metadata is not manuscript-safe
230719,177,230719_177,unmapped_no_metadata,None,Unknown,No unit metadata CSV file found,area_resolution_status=unmapped_no_metadata is not manuscript-safe
230719,178,230719_178,unmapped_no_metadata,None,Unknown,No unit metadata CSV file found,area_resolution_status=unmapped_no_metadata is not manuscript-safe
230719,179,230719_179,unmapped_no_metadata,None,Unknown,No unit metadata CSV file found,area_resolution_status=unmapped_no_metadata is not manuscript-safe
230719,180,230719_180,unmapped_no_metadata,None,Unknown,No unit metadata CSV file found,area_resolution_status=unmapped_no_metadata is not manuscript-safe
230719,181,230719_181,unmapped_no_metadata,None,Unknown,No unit metadata CSV file found,area_resolution_status=unmapped_no_metadata is not manuscript-safe
230719,182,230719_182,unmapped_no_metadata,None,Unknown,No unit metadata CSV file found,area_resolution_status=unmapped_no_metadata is not manuscript-safe
230719,183,230719_183,unmapped_no_metadata,None,Unknown,No unit metadata CSV file found,area_resolution_status=unmapped_no_metadata is not manuscript-safe
230719,184,230719_184,unmapped_no_metadata,None,Unknown,No unit metadata CSV file found,area_resolution_status=unmapped_no_metadata is not manuscript-safe
230719,185,230719_185,unmapped_no_metadata,None,Unknown,No unit metadata CSV file found,area_resolution_status=unmapped_no_metadata is not manuscript-safe
230719,186,230719_186,unmapped_no_metadata,None,Unknown,No unit metadata CSV file found,area_resolution_status=unmapped_no_metadata is not manuscript-safe
230719,187,230719_187,unmapped_no_metadata,None,Unknown,No unit metadata CSV file found,area_resolution_status=unmapped_no_metadata is not manuscript-safe
230719,188,230719_188,unmapped_no_metadata,None,Unknown,No unit metadata CSV file found,area_resolution_status=unmapped_no_metadata is not manuscript-safe
230719,189,230719_189,unmapped_no_metadata,None,Unknown,No unit metadata CSV file found,area_resolution_status=unmapped_no_metadata is not manuscript-safe
230719,190,230719_190,unmapped_no_metadata,None,Unknown,No unit metadata CSV file found,area_resolution_status=unmapped_no_metadata is not manuscript-safe
230719,191,230719_191,unmapped_no_metadata,None,Unknown,No unit metadata CSV file found,area_resolution_status=unmapped_no_metadata is not manuscript-safe
230719,192,230719_192,unmapped_no_metadata,None,Unknown,No unit metadata CSV file found,area_resolution_status=unmapped_no_metadata is not manuscript-safe
230719,193,230719_193,unmapped_no_metadata,None,Unknown,No unit metadata CSV file found,area_resolution_status=unmapped_no_metadata is not manuscript-safe
230719,194,230719_194,unmapped_no_metadata,None,Unknown,No unit metadata CSV file found,area_resolution_status=unmapped_no_metadata is not manuscript-safe
230719,195,230719_195,unmapped_no_metadata,None,Unknown,No unit metadata CSV file found,area_resolution_status=unmapped_no_metadata is not manuscript-safe
230719,196,230719_196,unmapped_no_metadata,None,Unknown,No unit metadata CSV file found,area_resolution_status=unmapped_no_metadata is not manuscript-safe
230719,197,230719_197,unmapped_no_metadata,None,Unknown,No unit metadata CSV file found,area_resolution_status=unmapped_no_metadata is not manuscript-safe
230719,198,230719_198,unmapped_no_metadata,None,Unknown,No unit metadata CSV file found,area_resolution_status=unmapped_no_metadata is not manuscript-safe
230719,199,230719_199,unmapped_no_metadata,None,Unknown,No unit metadata CSV file found,area_resolution_status=unmapped_no_metadata is not manuscript-safe
230719,200,230719_200,unmapped_no_metadata,None,Unknown,No unit metadata CSV file found,area_resolution_status=unmapped_no_metadata is not manuscript-safe
230719,201,230719_201,unmapped_no_metadata,None,Unknown,No unit metadata CSV file found,area_resolution_status=unmapped_no_metadata is not manuscript-safe
230719,202,230719_202,unmapped_no_metadata,None,Unknown,No unit metadata CSV file found,area_resolution_status=unmapped_no_metadata is not manuscript-safe
230719,203,230719_203,unmapped_no_metadata,None,Unknown,No unit metadata CSV file found,area_resolution_status=unmapped_no_metadata is not manuscript-safe
230719,204,230719_204,unmapped_no_metadata,None,Unknown,No unit metadata CSV file found,area_resolution_status=unmapped_no_metadata is not manuscript-safe
230719,205,230719_205,unmapped_no_metadata,None,Unknown,No unit metadata CSV file found,area_resolution_status=unmapped_no_metadata is not manuscript-safe
230719,206,230719_206,unmapped_no_metadata,None,Unknown,No unit metadata CSV file found,area_resolution_status=unmapped_no_metadata is not manuscript-safe
230719,207,230719_207,unmapped_no_metadata,None,Unknown,No unit metadata CSV file found,area_resolution_status=unmapped_no_metadata is not manuscript-safe
230719,208,230719_208,unmapped_no_metadata,None,Unknown,No unit metadata CSV file found,area_resolution_status=unmapped_no_metadata is not manuscript-safe
230719,209,230719_209,unmapped_no_metadata,None,Unknown,No unit metadata CSV file found,area_resolution_status=unmapped_no_metadata is not manuscript-safe
230719,210,230719_210,unmapped_no_metadata,None,Unknown,No unit metadata CSV file found,area_resolution_status=unmapped_no_metadata is not manuscript-safe
230719,211,230719_211,unmapped_no_metadata,None,Unknown,No unit metadata CSV file found,area_resolution_status=unmapped_no_metadata is not manuscript-safe
230719,212,230719_212,unmapped_no_metadata,None,Unknown,No unit metadata CSV file found,area_resolution_status=unmapped_no_metadata is not manuscript-safe
230719,213,230719_213,unmapped_no_metadata,None,Unknown,No unit metadata CSV file found,area_resolution_status=unmapped_no_metadata is not manuscript-safe
230719,214,230719_214,unmapped_no_metadata,None,Unknown,No unit metadata CSV file found,area_resolution_status=unmapped_no_metadata is not manuscript-safe
230719,215,230719_215,unmapped_no_metadata,None,Unknown,No unit metadata CSV file found,area_resolution_status=unmapped_no_metadata is not manuscript-safe
230719,216,230719_216,unmapped_no_metadata,None,Unknown,No unit metadata CSV file found,area_resolution_status=unmapped_no_metadata is not manuscript-safe
230719,217,230719_217,unmapped_no_metadata,None,Unknown,No unit metadata CSV file found,area_resolution_status=unmapped_no_metadata is not manuscript-safe
230719,218,230719_218,unmapped_no_metadata,None,Unknown,No unit metadata CSV file found,area_resolution_status=unmapped_no_metadata is not manuscript-safe
230719,219,230719_219,unmapped_no_metadata,None,Unknown,No unit metadata CSV file found,area_resolution_status=unmapped_no_metadata is not manuscript-safe
230719,220,230719_220,unmapped_no_metadata,None,Unknown,No unit metadata CSV file found,area_resolution_status=unmapped_no_metadata is not manuscript-safe
230719,221,230719_221,unmapped_no_metadata,None,Unknown,No unit metadata CSV file found,area_resolution_status=unmapped_no_metadata is not manuscript-safe
230719,222,230719_222,unmapped_no_metadata,None,Unknown,No unit metadata CSV file found,area_resolution_status=unmapped_no_metadata is not manuscript-safe
230719,223,230719_223,unmapped_no_metadata,None,Unknown,No unit metadata CSV file found,area_resolution_status=unmapped_no_metadata is not manuscript-safe
230719,224,230719_224,unmapped_no_metadata,None,Unknown,No unit metadata CSV file found,area_resolution_status=unmapped_no_metadata is not manuscript-safe
230719,225,230719_225,unmapped_no_metadata,None,Unknown,No unit metadata CSV file found,area_resolution_status=unmapped_no_metadata is not manuscript-safe
230719,226,230719_226,unmapped_no_metadata,None,Unknown,No unit metadata CSV file found,area_resolution_status=unmapped_no_metadata is not manuscript-safe
230719,227,230719_227,unmapped_no_metadata,None,Unknown,No unit metadata CSV file found,area_resolution_status=unmapped_no_metadata is not manuscript-safe
230719,228,230719_228,unmapped_no_metadata,None,Unknown,No unit metadata CSV file found,area_resolution_status=unmapped_no_metadata is not manuscript-safe
230719,229,230719_229,unmapped_no_metadata,None,Unknown,No unit metadata CSV file found,area_resolution_status=unmapped_no_metadata is not manuscript-safe
230719,230,230719_230,unmapped_no_metadata,None,Unknown,No unit metadata CSV file found,area_resolution_status=unmapped_no_metadata is not manuscript-safe
230719,231,230719_231,unmapped_no_metadata,None,Unknown,No unit metadata CSV file found,area_resolution_status=unmapped_no_metadata is not manuscript-safe
230719,232,230719_232,unmapped_no_metadata,None,Unknown,No unit metadata CSV file found,area_resolution_status=unmapped_no_metadata is not manuscript-safe
230719,233,230719_233,unmapped_no_metadata,None,Unknown,No unit metadata CSV file found,area_resolution_status=unmapped_no_metadata is not manuscript-safe
230719,234,230719_234,unmapped_no_metadata,None,Unknown,No unit metadata CSV file found,area_resolution_status=unmapped_no_metadata is not manuscript-safe
230719,235,230719_235,unmapped_no_metadata,None,Unknown,No unit metadata CSV file found,area_resolution_status=unmapped_no_metadata is not manuscript-safe
230719,236,230719_236,unmapped_no_metadata,None,Unknown,No unit metadata CSV file found,area_resolution_status=unmapped_no_metadata is not manuscript-safe
230719,237,230719_237,unmapped_no_metadata,None,Unknown,No unit metadata CSV file found,area_resolution_status=unmapped_no_metadata is not manuscript-safe
230719,238,230719_238,unmapped_no_metadata,None,Unknown,No unit metadata CSV file found,area_resolution_status=unmapped_no_metadata is not manuscript-safe
230719,239,230719_239,unmapped_no_metadata,None,Unknown,No unit metadata CSV file found,area_resolution_status=unmapped_no_metadata is not manuscript-safe
230719,240,230719_240,unmapped_no_metadata,None,Unknown,No unit metadata CSV file found,area_resolution_status=unmapped_no_metadata is not manuscript-safe
230719,241,230719_241,unmapped_no_metadata,None,Unknown,No unit metadata CSV file found,area_resolution_status=unmapped_no_metadata is not manuscript-safe
230719,242,230719_242,unmapped_no_metadata,None,Unknown,No unit metadata CSV file found,area_resolution_status=unmapped_no_metadata is not manuscript-safe
230719,243,230719_243,unmapped_no_metadata,None,Unknown,No unit metadata CSV file found,area_resolution_status=unmapped_no_metadata is not manuscript-safe
230719,244,230719_244,unmapped_no_metadata,None,Unknown,No unit metadata CSV file found,area_resolution_status=unmapped_no_metadata is not manuscript-safe
230719,245,230719_245,unmapped_no_metadata,None,Unknown,No unit metadata CSV file found,area_resolution_status=unmapped_no_metadata is not manuscript-safe
230719,246,230719_246,unmapped_no_metadata,None,Unknown,No unit metadata CSV file found,area_resolution_status=unmapped_no_metadata is not manuscript-safe
230719,247,230719_247,unmapped_no_metadata,None,Unknown,No unit metadata CSV file found,area_resolution_status=unmapped_no_metadata is not manuscript-safe
230719,248,230719_248,unmapped_no_metadata,None,Unknown,No unit metadata CSV file found,area_resolution_status=unmapped_no_metadata is not manuscript-safe
230719,249,230719_249,unmapped_no_metadata,None,Unknown,No unit metadata CSV file found,area_resolution_status=unmapped_no_metadata is not manuscript-safe
230719,250,230719_250,unmapped_no_metadata,None,Unknown,No unit metadata CSV file found,area_resolution_status=unmapped_no_metadata is not manuscript-safe
230719,251,230719_251,unmapped_no_metadata,None,Unknown,No unit metadata CSV file found,area_resolution_status=unmapped_no_metadata is not manuscript-safe
230719,252,230719_252,unmapped_no_metadata,None,Unknown,No unit metadata CSV file found,area_resolution_status=unmapped_no_metadata is not manuscript-safe
230719,253,230719_253,unmapped_no_metadata,None,Unknown,No unit metadata CSV file found,area_resolution_status=unmapped_no_metadata is not manuscript-safe
230719,254,230719_254,unmapped_no_metadata,None,Unknown,No unit metadata CSV file found,area_resolution_status=unmapped_no_metadata is not manuscript-safe
230719,255,230719_255,unmapped_no_metadata,None,Unknown,No unit metadata CSV file found,area_resolution_status=unmapped_no_metadata is not manuscript-safe
230719,256,230719_256,unmapped_no_metadata,None,Unknown,No unit metadata CSV file found,area_resolution_status=unmapped_no_metadata is not manuscript-safe
230719,257,230719_257,unmapped_no_metadata,None,Unknown,No unit metadata CSV file found,area_resolution_status=unmapped_no_metadata is not manuscript-safe
230719,258,230719_258,unmapped_no_metadata,None,Unknown,No unit metadata CSV file found,area_resolution_status=unmapped_no_metadata is not manuscript-safe
230719,259,230719_259,unmapped_no_metadata,None,Unknown,No unit metadata CSV file found,area_resolution_status=unmapped_no_metadata is not manuscript-safe
230719,260,230719_260,unmapped_no_metadata,None,Unknown,No unit metadata CSV file found,area_resolution_status=unmapped_no_metadata is not manuscript-safe
230719,261,230719_261,unmapped_no_metadata,None,Unknown,No unit metadata CSV file found,area_resolution_status=unmapped_no_metadata is not manuscript-safe
230719,262,230719_262,unmapped_no_metadata,None,Unknown,No unit metadata CSV file found,area_resolution_status=unmapped_no_metadata is not manuscript-safe
230719,263,230719_263,unmapped_no_metadata,None,Unknown,No unit metadata CSV file found,area_resolution_status=unmapped_no_metadata is not manuscript-safe
230719,264,230719_264,unmapped_no_metadata,None,Unknown,No unit metadata CSV file found,area_resolution_status=unmapped_no_metadata is not manuscript-safe
230719,265,230719_265,unmapped_no_metadata,None,Unknown,No unit metadata CSV file found,area_resolution_status=unmapped_no_metadata is not manuscript-safe
230719,266,230719_266,unmapped_no_metadata,None,Unknown,No unit metadata CSV file found,area_resolution_status=unmapped_no_metadata is not manuscript-safe
230719,267,230719_267,unmapped_no_metadata,None,Unknown,No unit metadata CSV file found,area_resolution_status=unmapped_no_metadata is not manuscript-safe
230719,268,230719_268,unmapped_no_metadata,None,Unknown,No unit metadata CSV file found,area_resolution_status=unmapped_no_metadata is not manuscript-safe
230719,269,230719_269,unmapped_no_metadata,None,Unknown,No unit metadata CSV file found,area_resolution_status=unmapped_no_metadata is not manuscript-safe
230719,270,230719_270,unmapped_no_metadata,None,Unknown,No unit metadata CSV file found,area_resolution_status=unmapped_no_metadata is not manuscript-safe
230719,271,230719_271,unmapped_no_metadata,None,Unknown,No unit metadata CSV file found,area_resolution_status=unmapped_no_metadata is not manuscript-safe
230719,272,230719_272,unmapped_no_metadata,None,Unknown,No unit metadata CSV file found,area_resolution_status=unmapped_no_metadata is not manuscript-safe
230719,273,230719_273,unmapped_no_metadata,None,Unknown,No unit metadata CSV file found,area_resolution_status=unmapped_no_metadata is not manuscript-safe
230719,274,230719_274,unmapped_no_metadata,None,Unknown,No unit metadata CSV file found,area_resolution_status=unmapped_no_metadata is not manuscript-safe
230719,275,230719_275,unmapped_no_metadata,None,Unknown,No unit metadata CSV file found,area_resolution_status=unmapped_no_metadata is not manuscript-safe
230719,276,230719_276,unmapped_no_metadata,None,Unknown,No unit metadata CSV file found,area_resolution_status=unmapped_no_metadata is not manuscript-safe
230719,277,230719_277,unmapped_no_metadata,None,Unknown,No unit metadata CSV file found,area_resolution_status=unmapped_no_metadata is not manuscript-safe
230719,278,230719_278,unmapped_no_metadata,None,Unknown,No unit metadata CSV file found,area_resolution_status=unmapped_no_metadata is not manuscript-safe
230719,279,230719_279,unmapped_no_metadata,None,Unknown,No unit metadata CSV file found,area_resolution_status=unmapped_no_metadata is not manuscript-safe
230719,280,230719_280,unmapped_no_metadata,None,Unknown,No unit metadata CSV file found,area_resolution_status=unmapped_no_metadata is not manuscript-safe
230719,281,230719_281,unmapped_no_metadata,None,Unknown,No unit metadata CSV file found,area_resolution_status=unmapped_no_metadata is not manuscript-safe
230719,282,230719_282,unmapped_no_metadata,None,Unknown,No unit metadata CSV file found,area_resolution_status=unmapped_no_metadata is not manuscript-safe
230719,283,230719_283,unmapped_no_metadata,None,Unknown,No unit metadata CSV file found,area_resolution_status=unmapped_no_metadata is not manuscript-safe
230719,284,230719_284,unmapped_no_metadata,None,Unknown,No unit metadata CSV file found,area_resolution_status=unmapped_no_metadata is not manuscript-safe
230719,285,230719_285,unmapped_no_metadata,None,Unknown,No unit metadata CSV file found,area_resolution_status=unmapped_no_metadata is not manuscript-safe
230719,286,230719_286,unmapped_no_metadata,None,Unknown,No unit metadata CSV file found,area_resolution_status=unmapped_no_metadata is not manuscript-safe
230719,287,230719_287,unmapped_no_metadata,None,Unknown,No unit metadata CSV file found,area_resolution_status=unmapped_no_metadata is not manuscript-safe
230720,0,230720_0,unmapped_no_metadata,None,Unknown,No unit metadata CSV file found,area_resolution_status=unmapped_no_metadata is not manuscript-safe
230720,1,230720_1,unmapped_no_metadata,None,Unknown,No unit metadata CSV file found,area_resolution_status=unmapped_no_metadata is not manuscript-safe
230720,2,230720_2,unmapped_no_metadata,None,Unknown,No unit metadata CSV file found,area_resolution_status=unmapped_no_metadata is not manuscript-safe
230720,3,230720_3,unmapped_no_metadata,None,Unknown,No unit metadata CSV file found,area_resolution_status=unmapped_no_metadata is not manuscript-safe
230720,4,230720_4,unmapped_no_metadata,None,Unknown,No unit metadata CSV file found,area_resolution_status=unmapped_no_metadata is not manuscript-safe
230720,5,230720_5,unmapped_no_metadata,None,Unknown,No unit metadata CSV file found,area_resolution_status=unmapped_no_metadata is not manuscript-safe
230720,6,230720_6,unmapped_no_metadata,None,Unknown,No unit metadata CSV file found,area_resolution_status=unmapped_no_metadata is not manuscript-safe
230720,7,230720_7,unmapped_no_metadata,None,Unknown,No unit metadata CSV file found,area_resolution_status=unmapped_no_metadata is not manuscript-safe
230720,8,230720_8,unmapped_no_metadata,None,Unknown,No unit metadata CSV file found,area_resolution_status=unmapped_no_metadata is not manuscript-safe
230720,9,230720_9,unmapped_no_metadata,None,Unknown,No unit metadata CSV file found,area_resolution_status=unmapped_no_metadata is not manuscript-safe
230720,10,230720_10,unmapped_no_metadata,None,Unknown,No unit metadata CSV file found,area_resolution_status=unmapped_no_metadata is not manuscript-safe
230720,11,230720_11,unmapped_no_metadata,None,Unknown,No unit metadata CSV file found,area_resolution_status=unmapped_no_metadata is not manuscript-safe
230720,12,230720_12,unmapped_no_metadata,None,Unknown,No unit metadata CSV file found,area_resolution_status=unmapped_no_metadata is not manuscript-safe
230720,13,230720_13,unmapped_no_metadata,None,Unknown,No unit metadata CSV file found,area_resolution_status=unmapped_no_metadata is not manuscript-safe
230720,14,230720_14,unmapped_no_metadata,None,Unknown,No unit metadata CSV file found,area_resolution_status=unmapped_no_metadata is not manuscript-safe
230720,15,230720_15,unmapped_no_metadata,None,Unknown,No unit metadata CSV file found,area_resolution_status=unmapped_no_metadata is not manuscript-safe
230720,16,230720_16,unmapped_no_metadata,None,Unknown,No unit metadata CSV file found,area_resolution_status=unmapped_no_metadata is not manuscript-safe
230720,17,230720_17,unmapped_no_metadata,None,Unknown,No unit metadata CSV file found,area_resolution_status=unmapped_no_metadata is not manuscript-safe
230720,18,230720_18,unmapped_no_metadata,None,Unknown,No unit metadata CSV file found,area_resolution_status=unmapped_no_metadata is not manuscript-safe
230720,19,230720_19,unmapped_no_metadata,None,Unknown,No unit metadata CSV file found,area_resolution_status=unmapped_no_metadata is not manuscript-safe
230720,20,230720_20,unmapped_no_metadata,None,Unknown,No unit metadata CSV file found,area_resolution_status=unmapped_no_metadata is not manuscript-safe
230720,21,230720_21,unmapped_no_metadata,None,Unknown,No unit metadata CSV file found,area_resolution_status=unmapped_no_metadata is not manuscript-safe
230720,22,230720_22,unmapped_no_metadata,None,Unknown,No unit metadata CSV file found,area_resolution_status=unmapped_no_metadata is not manuscript-safe
230720,23,230720_23,unmapped_no_metadata,None,Unknown,No unit metadata CSV file found,area_resolution_status=unmapped_no_metadata is not manuscript-safe
230720,24,230720_24,unmapped_no_metadata,None,Unknown,No unit metadata CSV file found,area_resolution_status=unmapped_no_metadata is not manuscript-safe
230720,25,230720_25,unmapped_no_metadata,None,Unknown,No unit metadata CSV file found,area_resolution_status=unmapped_no_metadata is not manuscript-safe
230720,26,230720_26,unmapped_no_metadata,None,Unknown,No unit metadata CSV file found,area_resolution_status=unmapped_no_metadata is not manuscript-safe
230720,27,230720_27,unmapped_no_metadata,None,Unknown,No unit metadata CSV file found,area_resolution_status=unmapped_no_metadata is not manuscript-safe
230720,28,230720_28,unmapped_no_metadata,None,Unknown,No unit metadata CSV file found,area_resolution_status=unmapped_no_metadata is not manuscript-safe
230720,29,230720_29,unmapped_no_metadata,None,Unknown,No unit metadata CSV file found,area_resolution_status=unmapped_no_metadata is not manuscript-safe
230720,30,230720_30,unmapped_no_metadata,None,Unknown,No unit metadata CSV file found,area_resolution_status=unmapped_no_metadata is not manuscript-safe
230720,31,230720_31,unmapped_no_metadata,None,Unknown,No unit metadata CSV file found,area_resolution_status=unmapped_no_metadata is not manuscript-safe
230720,32,230720_32,unmapped_no_metadata,None,Unknown,No unit metadata CSV file found,area_resolution_status=unmapped_no_metadata is not manuscript-safe
230720,33,230720_33,unmapped_no_metadata,None,Unknown,No unit metadata CSV file found,area_resolution_status=unmapped_no_metadata is not manuscript-safe
230720,34,230720_34,unmapped_no_metadata,None,Unknown,No unit metadata CSV file found,area_resolution_status=unmapped_no_metadata is not manuscript-safe
230720,35,230720_35,unmapped_no_metadata,None,Unknown,No unit metadata CSV file found,area_resolution_status=unmapped_no_metadata is not manuscript-safe
230720,36,230720_36,unmapped_no_metadata,None,Unknown,No unit metadata CSV file found,area_resolution_status=unmapped_no_metadata is not manuscript-safe
230720,37,230720_37,unmapped_no_metadata,None,Unknown,No unit metadata CSV file found,area_resolution_status=unmapped_no_metadata is not manuscript-safe
230720,38,230720_38,unmapped_no_metadata,None,Unknown,No unit metadata CSV file found,area_resolution_status=unmapped_no_metadata is not manuscript-safe
230720,39,230720_39,unmapped_no_metadata,None,Unknown,No unit metadata CSV file found,area_resolution_status=unmapped_no_metadata is not manuscript-safe
230720,40,230720_40,unmapped_no_metadata,None,Unknown,No unit metadata CSV file found,area_resolution_status=unmapped_no_metadata is not manuscript-safe
230720,41,230720_41,unmapped_no_metadata,None,Unknown,No unit metadata CSV file found,area_resolution_status=unmapped_no_metadata is not manuscript-safe
230720,42,230720_42,unmapped_no_metadata,None,Unknown,No unit metadata CSV file found,area_resolution_status=unmapped_no_metadata is not manuscript-safe
230720,43,230720_43,unmapped_no_metadata,None,Unknown,No unit metadata CSV file found,area_resolution_status=unmapped_no_metadata is not manuscript-safe
230720,44,230720_44,unmapped_no_metadata,None,Unknown,No unit metadata CSV file found,area_resolution_status=unmapped_no_metadata is not manuscript-safe
230720,45,230720_45,unmapped_no_metadata,None,Unknown,No unit metadata CSV file found,area_resolution_status=unmapped_no_metadata is not manuscript-safe
230720,46,230720_46,unmapped_no_metadata,None,Unknown,No unit metadata CSV file found,area_resolution_status=unmapped_no_metadata is not manuscript-safe
230720,47,230720_47,unmapped_no_metadata,None,Unknown,No unit metadata CSV file found,area_resolution_status=unmapped_no_metadata is not manuscript-safe
230720,48,230720_48,unmapped_no_metadata,None,Unknown,No unit metadata CSV file found,area_resolution_status=unmapped_no_metadata is not manuscript-safe
230720,49,230720_49,unmapped_no_metadata,None,Unknown,No unit metadata CSV file found,area_resolution_status=unmapped_no_metadata is not manuscript-safe
230720,50,230720_50,unmapped_no_metadata,None,Unknown,No unit metadata CSV file found,area_resolution_status=unmapped_no_metadata is not manuscript-safe
230720,51,230720_51,unmapped_no_metadata,None,Unknown,No unit metadata CSV file found,area_resolution_status=unmapped_no_metadata is not manuscript-safe
230720,52,230720_52,unmapped_no_metadata,None,Unknown,No unit metadata CSV file found,area_resolution_status=unmapped_no_metadata is not manuscript-safe
230720,53,230720_53,unmapped_no_metadata,None,Unknown,No unit metadata CSV file found,area_resolution_status=unmapped_no_metadata is not manuscript-safe
230720,54,230720_54,unmapped_no_metadata,None,Unknown,No unit metadata CSV file found,area_resolution_status=unmapped_no_metadata is not manuscript-safe
230720,55,230720_55,unmapped_no_metadata,None,Unknown,No unit metadata CSV file found,area_resolution_status=unmapped_no_metadata is not manuscript-safe
230720,56,230720_56,unmapped_no_metadata,None,Unknown,No unit metadata CSV file found,area_resolution_status=unmapped_no_metadata is not manuscript-safe
230720,57,230720_57,unmapped_no_metadata,None,Unknown,No unit metadata CSV file found,area_resolution_status=unmapped_no_metadata is not manuscript-safe
230720,58,230720_58,unmapped_no_metadata,None,Unknown,No unit metadata CSV file found,area_resolution_status=unmapped_no_metadata is not manuscript-safe
230720,59,230720_59,unmapped_no_metadata,None,Unknown,No unit metadata CSV file found,area_resolution_status=unmapped_no_metadata is not manuscript-safe
230720,60,230720_60,unmapped_no_metadata,None,Unknown,No unit metadata CSV file found,area_resolution_status=unmapped_no_metadata is not manuscript-safe
230720,61,230720_61,unmapped_no_metadata,None,Unknown,No unit metadata CSV file found,area_resolution_status=unmapped_no_metadata is not manuscript-safe
230720,62,230720_62,unmapped_no_metadata,None,Unknown,No unit metadata CSV file found,area_resolution_status=unmapped_no_metadata is not manuscript-safe
230720,63,230720_63,unmapped_no_metadata,None,Unknown,No unit metadata CSV file found,area_resolution_status=unmapped_no_metadata is not manuscript-safe
230720,64,230720_64,unmapped_no_metadata,None,Unknown,No unit metadata CSV file found,area_resolution_status=unmapped_no_metadata is not manuscript-safe
230720,65,230720_65,unmapped_no_metadata,None,Unknown,No unit metadata CSV file found,area_resolution_status=unmapped_no_metadata is not manuscript-safe
230720,66,230720_66,unmapped_no_metadata,None,Unknown,No unit metadata CSV file found,area_resolution_status=unmapped_no_metadata is not manuscript-safe
230720,67,230720_67,unmapped_no_metadata,None,Unknown,No unit metadata CSV file found,area_resolution_status=unmapped_no_metadata is not manuscript-safe
230720,68,230720_68,unmapped_no_metadata,None,Unknown,No unit metadata CSV file found,area_resolution_status=unmapped_no_metadata is not manuscript-safe
230720,69,230720_69,unmapped_no_metadata,None,Unknown,No unit metadata CSV file found,area_resolution_status=unmapped_no_metadata is not manuscript-safe
230720,70,230720_70,unmapped_no_metadata,None,Unknown,No unit metadata CSV file found,area_resolution_status=unmapped_no_metadata is not manuscript-safe
230720,71,230720_71,unmapped_no_metadata,None,Unknown,No unit metadata CSV file found,area_resolution_status=unmapped_no_metadata is not manuscript-safe
230720,72,230720_72,unmapped_no_metadata,None,Unknown,No unit metadata CSV file found,area_resolution_status=unmapped_no_metadata is not manuscript-safe
230720,73,230720_73,unmapped_no_metadata,None,Unknown,No unit metadata CSV file found,area_resolution_status=unmapped_no_metadata is not manuscript-safe
230720,74,230720_74,unmapped_no_metadata,None,Unknown,No unit metadata CSV file found,area_resolution_status=unmapped_no_metadata is not manuscript-safe
230720,75,230720_75,unmapped_no_metadata,None,Unknown,No unit metadata CSV file found,area_resolution_status=unmapped_no_metadata is not manuscript-safe
230720,76,230720_76,unmapped_no_metadata,None,Unknown,No unit metadata CSV file found,area_resolution_status=unmapped_no_metadata is not manuscript-safe
230720,77,230720_77,unmapped_no_metadata,None,Unknown,No unit metadata CSV file found,area_resolution_status=unmapped_no_metadata is not manuscript-safe
230720,78,230720_78,unmapped_no_metadata,None,Unknown,No unit metadata CSV file found,area_resolution_status=unmapped_no_metadata is not manuscript-safe
230720,79,230720_79,unmapped_no_metadata,None,Unknown,No unit metadata CSV file found,area_resolution_status=unmapped_no_metadata is not manuscript-safe
230720,80,230720_80,unmapped_no_metadata,None,Unknown,No unit metadata CSV file found,area_resolution_status=unmapped_no_metadata is not manuscript-safe
230720,81,230720_81,unmapped_no_metadata,None,Unknown,No unit metadata CSV file found,area_resolution_status=unmapped_no_metadata is not manuscript-safe
230720,82,230720_82,unmapped_no_metadata,None,Unknown,No unit metadata CSV file found,area_resolution_status=unmapped_no_metadata is not manuscript-safe
230720,83,230720_83,unmapped_no_metadata,None,Unknown,No unit metadata CSV file found,area_resolution_status=unmapped_no_metadata is not manuscript-safe
230720,84,230720_84,unmapped_no_metadata,None,Unknown,No unit metadata CSV file found,area_resolution_status=unmapped_no_metadata is not manuscript-safe
230720,85,230720_85,unmapped_no_metadata,None,Unknown,No unit metadata CSV file found,area_resolution_status=unmapped_no_metadata is not manuscript-safe
230720,86,230720_86,unmapped_no_metadata,None,Unknown,No unit metadata CSV file found,area_resolution_status=unmapped_no_metadata is not manuscript-safe
230720,87,230720_87,unmapped_no_metadata,None,Unknown,No unit metadata CSV file found,area_resolution_status=unmapped_no_metadata is not manuscript-safe
230720,88,230720_88,unmapped_no_metadata,None,Unknown,No unit metadata CSV file found,area_resolution_status=unmapped_no_metadata is not manuscript-safe
230720,89,230720_89,unmapped_no_metadata,None,Unknown,No unit metadata CSV file found,area_resolution_status=unmapped_no_metadata is not manuscript-safe
230720,90,230720_90,unmapped_no_metadata,None,Unknown,No unit metadata CSV file found,area_resolution_status=unmapped_no_metadata is not manuscript-safe
230720,91,230720_91,unmapped_no_metadata,None,Unknown,No unit metadata CSV file found,area_resolution_status=unmapped_no_metadata is not manuscript-safe
230720,92,230720_92,unmapped_no_metadata,None,Unknown,No unit metadata CSV file found,area_resolution_status=unmapped_no_metadata is not manuscript-safe
230720,93,230720_93,unmapped_no_metadata,None,Unknown,No unit metadata CSV file found,area_resolution_status=unmapped_no_metadata is not manuscript-safe
230720,94,230720_94,unmapped_no_metadata,None,Unknown,No unit metadata CSV file found,area_resolution_status=unmapped_no_metadata is not manuscript-safe
230720,95,230720_95,unmapped_no_metadata,None,Unknown,No unit metadata CSV file found,area_resolution_status=unmapped_no_metadata is not manuscript-safe
230720,96,230720_96,unmapped_no_metadata,None,Unknown,No unit metadata CSV file found,area_resolution_status=unmapped_no_metadata is not manuscript-safe
230720,97,230720_97,unmapped_no_metadata,None,Unknown,No unit metadata CSV file found,area_resolution_status=unmapped_no_metadata is not manuscript-safe
230720,98,230720_98,unmapped_no_metadata,None,Unknown,No unit metadata CSV file found,area_resolution_status=unmapped_no_metadata is not manuscript-safe
230720,99,230720_99,unmapped_no_metadata,None,Unknown,No unit metadata CSV file found,area_resolution_status=unmapped_no_metadata is not manuscript-safe
230720,100,230720_100,unmapped_no_metadata,None,Unknown,No unit metadata CSV file found,area_resolution_status=unmapped_no_metadata is not manuscript-safe
230720,101,230720_101,unmapped_no_metadata,None,Unknown,No unit metadata CSV file found,area_resolution_status=unmapped_no_metadata is not manuscript-safe
230720,102,230720_102,unmapped_no_metadata,None,Unknown,No unit metadata CSV file found,area_resolution_status=unmapped_no_metadata is not manuscript-safe
230720,103,230720_103,unmapped_no_metadata,None,Unknown,No unit metadata CSV file found,area_resolution_status=unmapped_no_metadata is not manuscript-safe
230720,104,230720_104,unmapped_no_metadata,None,Unknown,No unit metadata CSV file found,area_resolution_status=unmapped_no_metadata is not manuscript-safe
230720,105,230720_105,unmapped_no_metadata,None,Unknown,No unit metadata CSV file found,area_resolution_status=unmapped_no_metadata is not manuscript-safe
230720,106,230720_106,unmapped_no_metadata,None,Unknown,No unit metadata CSV file found,area_resolution_status=unmapped_no_metadata is not manuscript-safe
230720,107,230720_107,unmapped_no_metadata,None,Unknown,No unit metadata CSV file found,area_resolution_status=unmapped_no_metadata is not manuscript-safe
230720,108,230720_108,unmapped_no_metadata,None,Unknown,No unit metadata CSV file found,area_resolution_status=unmapped_no_metadata is not manuscript-safe
230720,109,230720_109,unmapped_no_metadata,None,Unknown,No unit metadata CSV file found,area_resolution_status=unmapped_no_metadata is not manuscript-safe
230720,110,230720_110,unmapped_no_metadata,None,Unknown,No unit metadata CSV file found,area_resolution_status=unmapped_no_metadata is not manuscript-safe
230720,111,230720_111,unmapped_no_metadata,None,Unknown,No unit metadata CSV file found,area_resolution_status=unmapped_no_metadata is not manuscript-safe
230720,112,230720_112,unmapped_no_metadata,None,Unknown,No unit metadata CSV file found,area_resolution_status=unmapped_no_metadata is not manuscript-safe
230720,113,230720_113,unmapped_no_metadata,None,Unknown,No unit metadata CSV file found,area_resolution_status=unmapped_no_metadata is not manuscript-safe
230720,114,230720_114,unmapped_no_metadata,None,Unknown,No unit metadata CSV file found,area_resolution_status=unmapped_no_metadata is not manuscript-safe
230720,115,230720_115,unmapped_no_metadata,None,Unknown,No unit metadata CSV file found,area_resolution_status=unmapped_no_metadata is not manuscript-safe
230720,116,230720_116,unmapped_no_metadata,None,Unknown,No unit metadata CSV file found,area_resolution_status=unmapped_no_metadata is not manuscript-safe
230720,117,230720_117,unmapped_no_metadata,None,Unknown,No unit metadata CSV file found,area_resolution_status=unmapped_no_metadata is not manuscript-safe
230720,118,230720_118,unmapped_no_metadata,None,Unknown,No unit metadata CSV file found,area_resolution_status=unmapped_no_metadata is not manuscript-safe
230720,119,230720_119,unmapped_no_metadata,None,Unknown,No unit metadata CSV file found,area_resolution_status=unmapped_no_metadata is not manuscript-safe
230720,120,230720_120,unmapped_no_metadata,None,Unknown,No unit metadata CSV file found,area_resolution_status=unmapped_no_metadata is not manuscript-safe
230720,121,230720_121,unmapped_no_metadata,None,Unknown,No unit metadata CSV file found,area_resolution_status=unmapped_no_metadata is not manuscript-safe
230720,122,230720_122,unmapped_no_metadata,None,Unknown,No unit metadata CSV file found,area_resolution_status=unmapped_no_metadata is not manuscript-safe
230720,123,230720_123,unmapped_no_metadata,None,Unknown,No unit metadata CSV file found,area_resolution_status=unmapped_no_metadata is not manuscript-safe
230720,124,230720_124,unmapped_no_metadata,None,Unknown,No unit metadata CSV file found,area_resolution_status=unmapped_no_metadata is not manuscript-safe
230720,125,230720_125,unmapped_no_metadata,None,Unknown,No unit metadata CSV file found,area_resolution_status=unmapped_no_metadata is not manuscript-safe
230720,126,230720_126,unmapped_no_metadata,None,Unknown,No unit metadata CSV file found,area_resolution_status=unmapped_no_metadata is not manuscript-safe
230720,127,230720_127,unmapped_no_metadata,None,Unknown,No unit metadata CSV file found,area_resolution_status=unmapped_no_metadata is not manuscript-safe
230720,128,230720_128,unmapped_no_metadata,None,Unknown,No unit metadata CSV file found,area_resolution_status=unmapped_no_metadata is not manuscript-safe
230720,129,230720_129,unmapped_no_metadata,None,Unknown,No unit metadata CSV file found,area_resolution_status=unmapped_no_metadata is not manuscript-safe
230720,130,230720_130,unmapped_no_metadata,None,Unknown,No unit metadata CSV file found,area_resolution_status=unmapped_no_metadata is not manuscript-safe
230720,131,230720_131,unmapped_no_metadata,None,Unknown,No unit metadata CSV file found,area_resolution_status=unmapped_no_metadata is not manuscript-safe
230720,132,230720_132,unmapped_no_metadata,None,Unknown,No unit metadata CSV file found,area_resolution_status=unmapped_no_metadata is not manuscript-safe
230720,133,230720_133,unmapped_no_metadata,None,Unknown,No unit metadata CSV file found,area_resolution_status=unmapped_no_metadata is not manuscript-safe
230720,134,230720_134,unmapped_no_metadata,None,Unknown,No unit metadata CSV file found,area_resolution_status=unmapped_no_metadata is not manuscript-safe
230720,135,230720_135,unmapped_no_metadata,None,Unknown,No unit metadata CSV file found,area_resolution_status=unmapped_no_metadata is not manuscript-safe
230720,136,230720_136,unmapped_no_metadata,None,Unknown,No unit metadata CSV file found,area_resolution_status=unmapped_no_metadata is not manuscript-safe
230720,137,230720_137,unmapped_no_metadata,None,Unknown,No unit metadata CSV file found,area_resolution_status=unmapped_no_metadata is not manuscript-safe
230720,138,230720_138,unmapped_no_metadata,None,Unknown,No unit metadata CSV file found,area_resolution_status=unmapped_no_metadata is not manuscript-safe
230720,139,230720_139,unmapped_no_metadata,None,Unknown,No unit metadata CSV file found,area_resolution_status=unmapped_no_metadata is not manuscript-safe
230720,140,230720_140,unmapped_no_metadata,None,Unknown,No unit metadata CSV file found,area_resolution_status=unmapped_no_metadata is not manuscript-safe
230720,141,230720_141,unmapped_no_metadata,None,Unknown,No unit metadata CSV file found,area_resolution_status=unmapped_no_metadata is not manuscript-safe
230720,142,230720_142,unmapped_no_metadata,None,Unknown,No unit metadata CSV file found,area_resolution_status=unmapped_no_metadata is not manuscript-safe
230720,143,230720_143,unmapped_no_metadata,None,Unknown,No unit metadata CSV file found,area_resolution_status=unmapped_no_metadata is not manuscript-safe
230720,144,230720_144,unmapped_no_metadata,None,Unknown,No unit metadata CSV file found,area_resolution_status=unmapped_no_metadata is not manuscript-safe
230720,145,230720_145,unmapped_no_metadata,None,Unknown,No unit metadata CSV file found,area_resolution_status=unmapped_no_metadata is not manuscript-safe
230720,146,230720_146,unmapped_no_metadata,None,Unknown,No unit metadata CSV file found,area_resolution_status=unmapped_no_metadata is not manuscript-safe
230720,147,230720_147,unmapped_no_metadata,None,Unknown,No unit metadata CSV file found,area_resolution_status=unmapped_no_metadata is not manuscript-safe
230720,148,230720_148,unmapped_no_metadata,None,Unknown,No unit metadata CSV file found,area_resolution_status=unmapped_no_metadata is not manuscript-safe
230720,149,230720_149,unmapped_no_metadata,None,Unknown,No unit metadata CSV file found,area_resolution_status=unmapped_no_metadata is not manuscript-safe
230720,150,230720_150,unmapped_no_metadata,None,Unknown,No unit metadata CSV file found,area_resolution_status=unmapped_no_metadata is not manuscript-safe
230720,151,230720_151,unmapped_no_metadata,None,Unknown,No unit metadata CSV file found,area_resolution_status=unmapped_no_metadata is not manuscript-safe
230720,152,230720_152,unmapped_no_metadata,None,Unknown,No unit metadata CSV file found,area_resolution_status=unmapped_no_metadata is not manuscript-safe
230720,153,230720_153,unmapped_no_metadata,None,Unknown,No unit metadata CSV file found,area_resolution_status=unmapped_no_metadata is not manuscript-safe
230720,154,230720_154,unmapped_no_metadata,None,Unknown,No unit metadata CSV file found,area_resolution_status=unmapped_no_metadata is not manuscript-safe
230720,155,230720_155,unmapped_no_metadata,None,Unknown,No unit metadata CSV file found,area_resolution_status=unmapped_no_metadata is not manuscript-safe
230720,156,230720_156,unmapped_no_metadata,None,Unknown,No unit metadata CSV file found,area_resolution_status=unmapped_no_metadata is not manuscript-safe
230720,157,230720_157,unmapped_no_metadata,None,Unknown,No unit metadata CSV file found,area_resolution_status=unmapped_no_metadata is not manuscript-safe
230720,158,230720_158,unmapped_no_metadata,None,Unknown,No unit metadata CSV file found,area_resolution_status=unmapped_no_metadata is not manuscript-safe
230720,159,230720_159,unmapped_no_metadata,None,Unknown,No unit metadata CSV file found,area_resolution_status=unmapped_no_metadata is not manuscript-safe
230720,160,230720_160,unmapped_no_metadata,None,Unknown,No unit metadata CSV file found,area_resolution_status=unmapped_no_metadata is not manuscript-safe
230720,161,230720_161,unmapped_no_metadata,None,Unknown,No unit metadata CSV file found,area_resolution_status=unmapped_no_metadata is not manuscript-safe
230720,162,230720_162,unmapped_no_metadata,None,Unknown,No unit metadata CSV file found,area_resolution_status=unmapped_no_metadata is not manuscript-safe
230720,163,230720_163,unmapped_no_metadata,None,Unknown,No unit metadata CSV file found,area_resolution_status=unmapped_no_metadata is not manuscript-safe
230720,164,230720_164,unmapped_no_metadata,None,Unknown,No unit metadata CSV file found,area_resolution_status=unmapped_no_metadata is not manuscript-safe
230720,165,230720_165,unmapped_no_metadata,None,Unknown,No unit metadata CSV file found,area_resolution_status=unmapped_no_metadata is not manuscript-safe
230720,166,230720_166,unmapped_no_metadata,None,Unknown,No unit metadata CSV file found,area_resolution_status=unmapped_no_metadata is not manuscript-safe
230720,167,230720_167,unmapped_no_metadata,None,Unknown,No unit metadata CSV file found,area_resolution_status=unmapped_no_metadata is not manuscript-safe
230720,168,230720_168,unmapped_no_metadata,None,Unknown,No unit metadata CSV file found,area_resolution_status=unmapped_no_metadata is not manuscript-safe
230720,169,230720_169,unmapped_no_metadata,None,Unknown,No unit metadata CSV file found,area_resolution_status=unmapped_no_metadata is not manuscript-safe
230720,170,230720_170,unmapped_no_metadata,None,Unknown,No unit metadata CSV file found,area_resolution_status=unmapped_no_metadata is not manuscript-safe
230720,171,230720_171,unmapped_no_metadata,None,Unknown,No unit metadata CSV file found,area_resolution_status=unmapped_no_metadata is not manuscript-safe
230720,172,230720_172,unmapped_no_metadata,None,Unknown,No unit metadata CSV file found,area_resolution_status=unmapped_no_metadata is not manuscript-safe
230720,173,230720_173,unmapped_no_metadata,None,Unknown,No unit metadata CSV file found,area_resolution_status=unmapped_no_metadata is not manuscript-safe
230720,174,230720_174,unmapped_no_metadata,None,Unknown,No unit metadata CSV file found,area_resolution_status=unmapped_no_metadata is not manuscript-safe
230720,175,230720_175,unmapped_no_metadata,None,Unknown,No unit metadata CSV file found,area_resolution_status=unmapped_no_metadata is not manuscript-safe
230720,176,230720_176,unmapped_no_metadata,None,Unknown,No unit metadata CSV file found,area_resolution_status=unmapped_no_metadata is not manuscript-safe
230720,177,230720_177,unmapped_no_metadata,None,Unknown,No unit metadata CSV file found,area_resolution_status=unmapped_no_metadata is not manuscript-safe
230720,178,230720_178,unmapped_no_metadata,None,Unknown,No unit metadata CSV file found,area_resolution_status=unmapped_no_metadata is not manuscript-safe
230720,179,230720_179,unmapped_no_metadata,None,Unknown,No unit metadata CSV file found,area_resolution_status=unmapped_no_metadata is not manuscript-safe
230720,180,230720_180,unmapped_no_metadata,None,Unknown,No unit metadata CSV file found,area_resolution_status=unmapped_no_metadata is not manuscript-safe
230721,0,230721_0,unmapped_no_metadata,None,Unknown,No unit metadata CSV file found,area_resolution_status=unmapped_no_metadata is not manuscript-safe
230721,1,230721_1,unmapped_no_metadata,None,Unknown,No unit metadata CSV file found,area_resolution_status=unmapped_no_metadata is not manuscript-safe
230721,2,230721_2,unmapped_no_metadata,None,Unknown,No unit metadata CSV file found,area_resolution_status=unmapped_no_metadata is not manuscript-safe
230721,3,230721_3,unmapped_no_metadata,None,Unknown,No unit metadata CSV file found,area_resolution_status=unmapped_no_metadata is not manuscript-safe
230721,4,230721_4,unmapped_no_metadata,None,Unknown,No unit metadata CSV file found,area_resolution_status=unmapped_no_metadata is not manuscript-safe
230721,5,230721_5,unmapped_no_metadata,None,Unknown,No unit metadata CSV file found,area_resolution_status=unmapped_no_metadata is not manuscript-safe
230721,6,230721_6,unmapped_no_metadata,None,Unknown,No unit metadata CSV file found,area_resolution_status=unmapped_no_metadata is not manuscript-safe
230721,7,230721_7,unmapped_no_metadata,None,Unknown,No unit metadata CSV file found,area_resolution_status=unmapped_no_metadata is not manuscript-safe
230721,8,230721_8,unmapped_no_metadata,None,Unknown,No unit metadata CSV file found,area_resolution_status=unmapped_no_metadata is not manuscript-safe
230721,9,230721_9,unmapped_no_metadata,None,Unknown,No unit metadata CSV file found,area_resolution_status=unmapped_no_metadata is not manuscript-safe
230721,10,230721_10,unmapped_no_metadata,None,Unknown,No unit metadata CSV file found,area_resolution_status=unmapped_no_metadata is not manuscript-safe
230721,11,230721_11,unmapped_no_metadata,None,Unknown,No unit metadata CSV file found,area_resolution_status=unmapped_no_metadata is not manuscript-safe
230721,12,230721_12,unmapped_no_metadata,None,Unknown,No unit metadata CSV file found,area_resolution_status=unmapped_no_metadata is not manuscript-safe
230721,13,230721_13,unmapped_no_metadata,None,Unknown,No unit metadata CSV file found,area_resolution_status=unmapped_no_metadata is not manuscript-safe
230721,14,230721_14,unmapped_no_metadata,None,Unknown,No unit metadata CSV file found,area_resolution_status=unmapped_no_metadata is not manuscript-safe
230721,15,230721_15,unmapped_no_metadata,None,Unknown,No unit metadata CSV file found,area_resolution_status=unmapped_no_metadata is not manuscript-safe
230721,16,230721_16,unmapped_no_metadata,None,Unknown,No unit metadata CSV file found,area_resolution_status=unmapped_no_metadata is not manuscript-safe
230721,17,230721_17,unmapped_no_metadata,None,Unknown,No unit metadata CSV file found,area_resolution_status=unmapped_no_metadata is not manuscript-safe
230721,18,230721_18,unmapped_no_metadata,None,Unknown,No unit metadata CSV file found,area_resolution_status=unmapped_no_metadata is not manuscript-safe
230721,19,230721_19,unmapped_no_metadata,None,Unknown,No unit metadata CSV file found,area_resolution_status=unmapped_no_metadata is not manuscript-safe
230721,20,230721_20,unmapped_no_metadata,None,Unknown,No unit metadata CSV file found,area_resolution_status=unmapped_no_metadata is not manuscript-safe
230721,21,230721_21,unmapped_no_metadata,None,Unknown,No unit metadata CSV file found,area_resolution_status=unmapped_no_metadata is not manuscript-safe
230721,22,230721_22,unmapped_no_metadata,None,Unknown,No unit metadata CSV file found,area_resolution_status=unmapped_no_metadata is not manuscript-safe
230721,23,230721_23,unmapped_no_metadata,None,Unknown,No unit metadata CSV file found,area_resolution_status=unmapped_no_metadata is not manuscript-safe
230721,24,230721_24,unmapped_no_metadata,None,Unknown,No unit metadata CSV file found,area_resolution_status=unmapped_no_metadata is not manuscript-safe
230721,25,230721_25,unmapped_no_metadata,None,Unknown,No unit metadata CSV file found,area_resolution_status=unmapped_no_metadata is not manuscript-safe
230721,26,230721_26,unmapped_no_metadata,None,Unknown,No unit metadata CSV file found,area_resolution_status=unmapped_no_metadata is not manuscript-safe
230721,27,230721_27,unmapped_no_metadata,None,Unknown,No unit metadata CSV file found,area_resolution_status=unmapped_no_metadata is not manuscript-safe
230721,28,230721_28,unmapped_no_metadata,None,Unknown,No unit metadata CSV file found,area_resolution_status=unmapped_no_metadata is not manuscript-safe
230721,29,230721_29,unmapped_no_metadata,None,Unknown,No unit metadata CSV file found,area_resolution_status=unmapped_no_metadata is not manuscript-safe
230721,30,230721_30,unmapped_no_metadata,None,Unknown,No unit metadata CSV file found,area_resolution_status=unmapped_no_metadata is not manuscript-safe
230721,31,230721_31,unmapped_no_metadata,None,Unknown,No unit metadata CSV file found,area_resolution_status=unmapped_no_metadata is not manuscript-safe
230721,32,230721_32,unmapped_no_metadata,None,Unknown,No unit metadata CSV file found,area_resolution_status=unmapped_no_metadata is not manuscript-safe
230721,33,230721_33,unmapped_no_metadata,None,Unknown,No unit metadata CSV file found,area_resolution_status=unmapped_no_metadata is not manuscript-safe
230721,34,230721_34,unmapped_no_metadata,None,Unknown,No unit metadata CSV file found,area_resolution_status=unmapped_no_metadata is not manuscript-safe
230721,35,230721_35,unmapped_no_metadata,None,Unknown,No unit metadata CSV file found,area_resolution_status=unmapped_no_metadata is not manuscript-safe
230721,36,230721_36,unmapped_no_metadata,None,Unknown,No unit metadata CSV file found,area_resolution_status=unmapped_no_metadata is not manuscript-safe
230721,37,230721_37,unmapped_no_metadata,None,Unknown,No unit metadata CSV file found,area_resolution_status=unmapped_no_metadata is not manuscript-safe
230721,38,230721_38,unmapped_no_metadata,None,Unknown,No unit metadata CSV file found,area_resolution_status=unmapped_no_metadata is not manuscript-safe
230721,39,230721_39,unmapped_no_metadata,None,Unknown,No unit metadata CSV file found,area_resolution_status=unmapped_no_metadata is not manuscript-safe
230721,40,230721_40,unmapped_no_metadata,None,Unknown,No unit metadata CSV file found,area_resolution_status=unmapped_no_metadata is not manuscript-safe
230721,41,230721_41,unmapped_no_metadata,None,Unknown,No unit metadata CSV file found,area_resolution_status=unmapped_no_metadata is not manuscript-safe
230721,42,230721_42,unmapped_no_metadata,None,Unknown,No unit metadata CSV file found,area_resolution_status=unmapped_no_metadata is not manuscript-safe
230721,43,230721_43,unmapped_no_metadata,None,Unknown,No unit metadata CSV file found,area_resolution_status=unmapped_no_metadata is not manuscript-safe
230721,44,230721_44,unmapped_no_metadata,None,Unknown,No unit metadata CSV file found,area_resolution_status=unmapped_no_metadata is not manuscript-safe
230721,45,230721_45,unmapped_no_metadata,None,Unknown,No unit metadata CSV file found,area_resolution_status=unmapped_no_metadata is not manuscript-safe
230721,46,230721_46,unmapped_no_metadata,None,Unknown,No unit metadata CSV file found,area_resolution_status=unmapped_no_metadata is not manuscript-safe
230721,47,230721_47,unmapped_no_metadata,None,Unknown,No unit metadata CSV file found,area_resolution_status=unmapped_no_metadata is not manuscript-safe
230721,48,230721_48,unmapped_no_metadata,None,Unknown,No unit metadata CSV file found,area_resolution_status=unmapped_no_metadata is not manuscript-safe
230721,49,230721_49,unmapped_no_metadata,None,Unknown,No unit metadata CSV file found,area_resolution_status=unmapped_no_metadata is not manuscript-safe
230721,50,230721_50,unmapped_no_metadata,None,Unknown,No unit metadata CSV file found,area_resolution_status=unmapped_no_metadata is not manuscript-safe
230721,51,230721_51,unmapped_no_metadata,None,Unknown,No unit metadata CSV file found,area_resolution_status=unmapped_no_metadata is not manuscript-safe
230721,52,230721_52,unmapped_no_metadata,None,Unknown,No unit metadata CSV file found,area_resolution_status=unmapped_no_metadata is not manuscript-safe
230721,53,230721_53,unmapped_no_metadata,None,Unknown,No unit metadata CSV file found,area_resolution_status=unmapped_no_metadata is not manuscript-safe
230721,54,230721_54,unmapped_no_metadata,None,Unknown,No unit metadata CSV file found,area_resolution_status=unmapped_no_metadata is not manuscript-safe
230721,55,230721_55,unmapped_no_metadata,None,Unknown,No unit metadata CSV file found,area_resolution_status=unmapped_no_metadata is not manuscript-safe
230721,56,230721_56,unmapped_no_metadata,None,Unknown,No unit metadata CSV file found,area_resolution_status=unmapped_no_metadata is not manuscript-safe
230721,57,230721_57,unmapped_no_metadata,None,Unknown,No unit metadata CSV file found,area_resolution_status=unmapped_no_metadata is not manuscript-safe
230721,58,230721_58,unmapped_no_metadata,None,Unknown,No unit metadata CSV file found,area_resolution_status=unmapped_no_metadata is not manuscript-safe
230721,59,230721_59,unmapped_no_metadata,None,Unknown,No unit metadata CSV file found,area_resolution_status=unmapped_no_metadata is not manuscript-safe
230721,60,230721_60,unmapped_no_metadata,None,Unknown,No unit metadata CSV file found,area_resolution_status=unmapped_no_metadata is not manuscript-safe
230721,61,230721_61,unmapped_no_metadata,None,Unknown,No unit metadata CSV file found,area_resolution_status=unmapped_no_metadata is not manuscript-safe
230721,62,230721_62,unmapped_no_metadata,None,Unknown,No unit metadata CSV file found,area_resolution_status=unmapped_no_metadata is not manuscript-safe
230721,63,230721_63,unmapped_no_metadata,None,Unknown,No unit metadata CSV file found,area_resolution_status=unmapped_no_metadata is not manuscript-safe
230721,64,230721_64,unmapped_no_metadata,None,Unknown,No unit metadata CSV file found,area_resolution_status=unmapped_no_metadata is not manuscript-safe
230721,65,230721_65,unmapped_no_metadata,None,Unknown,No unit metadata CSV file found,area_resolution_status=unmapped_no_metadata is not manuscript-safe
230721,66,230721_66,unmapped_no_metadata,None,Unknown,No unit metadata CSV file found,area_resolution_status=unmapped_no_metadata is not manuscript-safe
230721,67,230721_67,unmapped_no_metadata,None,Unknown,No unit metadata CSV file found,area_resolution_status=unmapped_no_metadata is not manuscript-safe
230721,68,230721_68,unmapped_no_metadata,None,Unknown,No unit metadata CSV file found,area_resolution_status=unmapped_no_metadata is not manuscript-safe
230721,69,230721_69,unmapped_no_metadata,None,Unknown,No unit metadata CSV file found,area_resolution_status=unmapped_no_metadata is not manuscript-safe
230721,70,230721_70,unmapped_no_metadata,None,Unknown,No unit metadata CSV file found,area_resolution_status=unmapped_no_metadata is not manuscript-safe
230721,71,230721_71,unmapped_no_metadata,None,Unknown,No unit metadata CSV file found,area_resolution_status=unmapped_no_metadata is not manuscript-safe
230721,72,230721_72,unmapped_no_metadata,None,Unknown,No unit metadata CSV file found,area_resolution_status=unmapped_no_metadata is not manuscript-safe
230721,73,230721_73,unmapped_no_metadata,None,Unknown,No unit metadata CSV file found,area_resolution_status=unmapped_no_metadata is not manuscript-safe
230721,74,230721_74,unmapped_no_metadata,None,Unknown,No unit metadata CSV file found,area_resolution_status=unmapped_no_metadata is not manuscript-safe
230721,75,230721_75,unmapped_no_metadata,None,Unknown,No unit metadata CSV file found,area_resolution_status=unmapped_no_metadata is not manuscript-safe
230721,76,230721_76,unmapped_no_metadata,None,Unknown,No unit metadata CSV file found,area_resolution_status=unmapped_no_metadata is not manuscript-safe
230721,77,230721_77,unmapped_no_metadata,None,Unknown,No unit metadata CSV file found,area_resolution_status=unmapped_no_metadata is not manuscript-safe
230721,78,230721_78,unmapped_no_metadata,None,Unknown,No unit metadata CSV file found,area_resolution_status=unmapped_no_metadata is not manuscript-safe
230721,79,230721_79,unmapped_no_metadata,None,Unknown,No unit metadata CSV file found,area_resolution_status=unmapped_no_metadata is not manuscript-safe
230721,80,230721_80,unmapped_no_metadata,None,Unknown,No unit metadata CSV file found,area_resolution_status=unmapped_no_metadata is not manuscript-safe
230721,81,230721_81,unmapped_no_metadata,None,Unknown,No unit metadata CSV file found,area_resolution_status=unmapped_no_metadata is not manuscript-safe
230721,82,230721_82,unmapped_no_metadata,None,Unknown,No unit metadata CSV file found,area_resolution_status=unmapped_no_metadata is not manuscript-safe
230721,83,230721_83,unmapped_no_metadata,None,Unknown,No unit metadata CSV file found,area_resolution_status=unmapped_no_metadata is not manuscript-safe
230721,84,230721_84,unmapped_no_metadata,None,Unknown,No unit metadata CSV file found,area_resolution_status=unmapped_no_metadata is not manuscript-safe
230721,85,230721_85,unmapped_no_metadata,None,Unknown,No unit metadata CSV file found,area_resolution_status=unmapped_no_metadata is not manuscript-safe
230721,86,230721_86,unmapped_no_metadata,None,Unknown,No unit metadata CSV file found,area_resolution_status=unmapped_no_metadata is not manuscript-safe
230721,87,230721_87,unmapped_no_metadata,None,Unknown,No unit metadata CSV file found,area_resolution_status=unmapped_no_metadata is not manuscript-safe
230721,88,230721_88,unmapped_no_metadata,None,Unknown,No unit metadata CSV file found,area_resolution_status=unmapped_no_metadata is not manuscript-safe
230721,89,230721_89,unmapped_no_metadata,None,Unknown,No unit metadata CSV file found,area_resolution_status=unmapped_no_metadata is not manuscript-safe
230721,90,230721_90,unmapped_no_metadata,None,Unknown,No unit metadata CSV file found,area_resolution_status=unmapped_no_metadata is not manuscript-safe
230721,91,230721_91,unmapped_no_metadata,None,Unknown,No unit metadata CSV file found,area_resolution_status=unmapped_no_metadata is not manuscript-safe
230721,92,230721_92,unmapped_no_metadata,None,Unknown,No unit metadata CSV file found,area_resolution_status=unmapped_no_metadata is not manuscript-safe
230721,93,230721_93,unmapped_no_metadata,None,Unknown,No unit metadata CSV file found,area_resolution_status=unmapped_no_metadata is not manuscript-safe
230721,94,230721_94,unmapped_no_metadata,None,Unknown,No unit metadata CSV file found,area_resolution_status=unmapped_no_metadata is not manuscript-safe
230721,95,230721_95,unmapped_no_metadata,None,Unknown,No unit metadata CSV file found,area_resolution_status=unmapped_no_metadata is not manuscript-safe
230721,96,230721_96,unmapped_no_metadata,None,Unknown,No unit metadata CSV file found,area_resolution_status=unmapped_no_metadata is not manuscript-safe
230721,97,230721_97,unmapped_no_metadata,None,Unknown,No unit metadata CSV file found,area_resolution_status=unmapped_no_metadata is not manuscript-safe
230721,98,230721_98,unmapped_no_metadata,None,Unknown,No unit metadata CSV file found,area_resolution_status=unmapped_no_metadata is not manuscript-safe
230721,99,230721_99,unmapped_no_metadata,None,Unknown,No unit metadata CSV file found,area_resolution_status=unmapped_no_metadata is not manuscript-safe
230721,100,230721_100,unmapped_no_metadata,None,Unknown,No unit metadata CSV file found,area_resolution_status=unmapped_no_metadata is not manuscript-safe
230721,101,230721_101,unmapped_no_metadata,None,Unknown,No unit metadata CSV file found,area_resolution_status=unmapped_no_metadata is not manuscript-safe
230721,102,230721_102,unmapped_no_metadata,None,Unknown,No unit metadata CSV file found,area_resolution_status=unmapped_no_metadata is not manuscript-safe
230721,103,230721_103,unmapped_no_metadata,None,Unknown,No unit metadata CSV file found,area_resolution_status=unmapped_no_metadata is not manuscript-safe
230721,104,230721_104,unmapped_no_metadata,None,Unknown,No unit metadata CSV file found,area_resolution_status=unmapped_no_metadata is not manuscript-safe
230721,105,230721_105,unmapped_no_metadata,None,Unknown,No unit metadata CSV file found,area_resolution_status=unmapped_no_metadata is not manuscript-safe
230721,106,230721_106,unmapped_no_metadata,None,Unknown,No unit metadata CSV file found,area_resolution_status=unmapped_no_metadata is not manuscript-safe
230721,107,230721_107,unmapped_no_metadata,None,Unknown,No unit metadata CSV file found,area_resolution_status=unmapped_no_metadata is not manuscript-safe
230721,108,230721_108,unmapped_no_metadata,None,Unknown,No unit metadata CSV file found,area_resolution_status=unmapped_no_metadata is not manuscript-safe
230721,109,230721_109,unmapped_no_metadata,None,Unknown,No unit metadata CSV file found,area_resolution_status=unmapped_no_metadata is not manuscript-safe
230721,110,230721_110,unmapped_no_metadata,None,Unknown,No unit metadata CSV file found,area_resolution_status=unmapped_no_metadata is not manuscript-safe
230721,111,230721_111,unmapped_no_metadata,None,Unknown,No unit metadata CSV file found,area_resolution_status=unmapped_no_metadata is not manuscript-safe
230721,112,230721_112,unmapped_no_metadata,None,Unknown,No unit metadata CSV file found,area_resolution_status=unmapped_no_metadata is not manuscript-safe
230721,113,230721_113,unmapped_no_metadata,None,Unknown,No unit metadata CSV file found,area_resolution_status=unmapped_no_metadata is not manuscript-safe
230721,114,230721_114,unmapped_no_metadata,None,Unknown,No unit metadata CSV file found,area_resolution_status=unmapped_no_metadata is not manuscript-safe
230721,115,230721_115,unmapped_no_metadata,None,Unknown,No unit metadata CSV file found,area_resolution_status=unmapped_no_metadata is not manuscript-safe
230721,116,230721_116,unmapped_no_metadata,None,Unknown,No unit metadata CSV file found,area_resolution_status=unmapped_no_metadata is not manuscript-safe
230721,117,230721_117,unmapped_no_metadata,None,Unknown,No unit metadata CSV file found,area_resolution_status=unmapped_no_metadata is not manuscript-safe
230721,118,230721_118,unmapped_no_metadata,None,Unknown,No unit metadata CSV file found,area_resolution_status=unmapped_no_metadata is not manuscript-safe
230721,119,230721_119,unmapped_no_metadata,None,Unknown,No unit metadata CSV file found,area_resolution_status=unmapped_no_metadata is not manuscript-safe
230721,120,230721_120,unmapped_no_metadata,None,Unknown,No unit metadata CSV file found,area_resolution_status=unmapped_no_metadata is not manuscript-safe
230721,121,230721_121,unmapped_no_metadata,None,Unknown,No unit metadata CSV file found,area_resolution_status=unmapped_no_metadata is not manuscript-safe
230721,122,230721_122,unmapped_no_metadata,None,Unknown,No unit metadata CSV file found,area_resolution_status=unmapped_no_metadata is not manuscript-safe
230721,123,230721_123,unmapped_no_metadata,None,Unknown,No unit metadata CSV file found,area_resolution_status=unmapped_no_metadata is not manuscript-safe
230721,124,230721_124,unmapped_no_metadata,None,Unknown,No unit metadata CSV file found,area_resolution_status=unmapped_no_metadata is not manuscript-safe
230721,125,230721_125,unmapped_no_metadata,None,Unknown,No unit metadata CSV file found,area_resolution_status=unmapped_no_metadata is not manuscript-safe
230721,126,230721_126,unmapped_no_metadata,None,Unknown,No unit metadata CSV file found,area_resolution_status=unmapped_no_metadata is not manuscript-safe
230721,127,230721_127,unmapped_no_metadata,None,Unknown,No unit metadata CSV file found,area_resolution_status=unmapped_no_metadata is not manuscript-safe
230721,128,230721_128,unmapped_no_metadata,None,Unknown,No unit metadata CSV file found,area_resolution_status=unmapped_no_metadata is not manuscript-safe
230721,129,230721_129,unmapped_no_metadata,None,Unknown,No unit metadata CSV file found,area_resolution_status=unmapped_no_metadata is not manuscript-safe
230721,130,230721_130,unmapped_no_metadata,None,Unknown,No unit metadata CSV file found,area_resolution_status=unmapped_no_metadata is not manuscript-safe
230721,131,230721_131,unmapped_no_metadata,None,Unknown,No unit metadata CSV file found,area_resolution_status=unmapped_no_metadata is not manuscript-safe
230721,132,230721_132,unmapped_no_metadata,None,Unknown,No unit metadata CSV file found,area_resolution_status=unmapped_no_metadata is not manuscript-safe
230721,133,230721_133,unmapped_no_metadata,None,Unknown,No unit metadata CSV file found,area_resolution_status=unmapped_no_metadata is not manuscript-safe
230721,134,230721_134,unmapped_no_metadata,None,Unknown,No unit metadata CSV file found,area_resolution_status=unmapped_no_metadata is not manuscript-safe
230721,135,230721_135,unmapped_no_metadata,None,Unknown,No unit metadata CSV file found,area_resolution_status=unmapped_no_metadata is not manuscript-safe
230721,136,230721_136,unmapped_no_metadata,None,Unknown,No unit metadata CSV file found,area_resolution_status=unmapped_no_metadata is not manuscript-safe
230721,137,230721_137,unmapped_no_metadata,None,Unknown,No unit metadata CSV file found,area_resolution_status=unmapped_no_metadata is not manuscript-safe
230721,138,230721_138,unmapped_no_metadata,None,Unknown,No unit metadata CSV file found,area_resolution_status=unmapped_no_metadata is not manuscript-safe
230721,139,230721_139,unmapped_no_metadata,None,Unknown,No unit metadata CSV file found,area_resolution_status=unmapped_no_metadata is not manuscript-safe
230721,140,230721_140,unmapped_no_metadata,None,Unknown,No unit metadata CSV file found,area_resolution_status=unmapped_no_metadata is not manuscript-safe
230721,141,230721_141,unmapped_no_metadata,None,Unknown,No unit metadata CSV file found,area_resolution_status=unmapped_no_metadata is not manuscript-safe
230721,142,230721_142,unmapped_no_metadata,None,Unknown,No unit metadata CSV file found,area_resolution_status=unmapped_no_metadata is not manuscript-safe
230721,143,230721_143,unmapped_no_metadata,None,Unknown,No unit metadata CSV file found,area_resolution_status=unmapped_no_metadata is not manuscript-safe
230721,144,230721_144,unmapped_no_metadata,None,Unknown,No unit metadata CSV file found,area_resolution_status=unmapped_no_metadata is not manuscript-safe
230721,145,230721_145,unmapped_no_metadata,None,Unknown,No unit metadata CSV file found,area_resolution_status=unmapped_no_metadata is not manuscript-safe
230721,146,230721_146,unmapped_no_metadata,None,Unknown,No unit metadata CSV file found,area_resolution_status=unmapped_no_metadata is not manuscript-safe
230721,147,230721_147,unmapped_no_metadata,None,Unknown,No unit metadata CSV file found,area_resolution_status=unmapped_no_metadata is not manuscript-safe
230721,148,230721_148,unmapped_no_metadata,None,Unknown,No unit metadata CSV file found,area_resolution_status=unmapped_no_metadata is not manuscript-safe
230721,149,230721_149,unmapped_no_metadata,None,Unknown,No unit metadata CSV file found,area_resolution_status=unmapped_no_metadata is not manuscript-safe
230721,150,230721_150,unmapped_no_metadata,None,Unknown,No unit metadata CSV file found,area_resolution_status=unmapped_no_metadata is not manuscript-safe
230721,151,230721_151,unmapped_no_metadata,None,Unknown,No unit metadata CSV file found,area_resolution_status=unmapped_no_metadata is not manuscript-safe
230721,152,230721_152,unmapped_no_metadata,None,Unknown,No unit metadata CSV file found,area_resolution_status=unmapped_no_metadata is not manuscript-safe
230721,153,230721_153,unmapped_no_metadata,None,Unknown,No unit metadata CSV file found,area_resolution_status=unmapped_no_metadata is not manuscript-safe
230721,154,230721_154,unmapped_no_metadata,None,Unknown,No unit metadata CSV file found,area_resolution_status=unmapped_no_metadata is not manuscript-safe
230721,155,230721_155,unmapped_no_metadata,None,Unknown,No unit metadata CSV file found,area_resolution_status=unmapped_no_metadata is not manuscript-safe
230721,156,230721_156,unmapped_no_metadata,None,Unknown,No unit metadata CSV file found,area_resolution_status=unmapped_no_metadata is not manuscript-safe
230721,157,230721_157,unmapped_no_metadata,None,Unknown,No unit metadata CSV file found,area_resolution_status=unmapped_no_metadata is not manuscript-safe
230721,158,230721_158,unmapped_no_metadata,None,Unknown,No unit metadata CSV file found,area_resolution_status=unmapped_no_metadata is not manuscript-safe
230721,159,230721_159,unmapped_no_metadata,None,Unknown,No unit metadata CSV file found,area_resolution_status=unmapped_no_metadata is not manuscript-safe
230721,160,230721_160,unmapped_no_metadata,None,Unknown,No unit metadata CSV file found,area_resolution_status=unmapped_no_metadata is not manuscript-safe
230721,161,230721_161,unmapped_no_metadata,None,Unknown,No unit metadata CSV file found,area_resolution_status=unmapped_no_metadata is not manuscript-safe
230721,162,230721_162,unmapped_no_metadata,None,Unknown,No unit metadata CSV file found,area_resolution_status=unmapped_no_metadata is not manuscript-safe
230721,163,230721_163,unmapped_no_metadata,None,Unknown,No unit metadata CSV file found,area_resolution_status=unmapped_no_metadata is not manuscript-safe
230721,164,230721_164,unmapped_no_metadata,None,Unknown,No unit metadata CSV file found,area_resolution_status=unmapped_no_metadata is not manuscript-safe
230721,165,230721_165,unmapped_no_metadata,None,Unknown,No unit metadata CSV file found,area_resolution_status=unmapped_no_metadata is not manuscript-safe
230721,166,230721_166,unmapped_no_metadata,None,Unknown,No unit metadata CSV file found,area_resolution_status=unmapped_no_metadata is not manuscript-safe
230721,167,230721_167,unmapped_no_metadata,None,Unknown,No unit metadata CSV file found,area_resolution_status=unmapped_no_metadata is not manuscript-safe
230721,168,230721_168,unmapped_no_metadata,None,Unknown,No unit metadata CSV file found,area_resolution_status=unmapped_no_metadata is not manuscript-safe
230721,169,230721_169,unmapped_no_metadata,None,Unknown,No unit metadata CSV file found,area_resolution_status=unmapped_no_metadata is not manuscript-safe
230721,170,230721_170,unmapped_no_metadata,None,Unknown,No unit metadata CSV file found,area_resolution_status=unmapped_no_metadata is not manuscript-safe
230721,171,230721_171,unmapped_no_metadata,None,Unknown,No unit metadata CSV file found,area_resolution_status=unmapped_no_metadata is not manuscript-safe
230721,172,230721_172,unmapped_no_metadata,None,Unknown,No unit metadata CSV file found,area_resolution_status=unmapped_no_metadata is not manuscript-safe
230721,173,230721_173,unmapped_no_metadata,None,Unknown,No unit metadata CSV file found,area_resolution_status=unmapped_no_metadata is not manuscript-safe
230721,174,230721_174,unmapped_no_metadata,None,Unknown,No unit metadata CSV file found,area_resolution_status=unmapped_no_metadata is not manuscript-safe
230721,175,230721_175,unmapped_no_metadata,None,Unknown,No unit metadata CSV file found,area_resolution_status=unmapped_no_metadata is not manuscript-safe
230721,176,230721_176,unmapped_no_metadata,None,Unknown,No unit metadata CSV file found,area_resolution_status=unmapped_no_metadata is not manuscript-safe
230721,177,230721_177,unmapped_no_metadata,None,Unknown,No unit metadata CSV file found,area_resolution_status=unmapped_no_metadata is not manuscript-safe
230721,178,230721_178,unmapped_no_metadata,None,Unknown,No unit metadata CSV file found,area_resolution_status=unmapped_no_metadata is not manuscript-safe
230721,179,230721_179,unmapped_no_metadata,None,Unknown,No unit metadata CSV file found,area_resolution_status=unmapped_no_metadata is not manuscript-safe
230721,180,230721_180,unmapped_no_metadata,None,Unknown,No unit metadata CSV file found,area_resolution_status=unmapped_no_metadata is not manuscript-safe
230721,181,230721_181,unmapped_no_metadata,None,Unknown,No unit metadata CSV file found,area_resolution_status=unmapped_no_metadata is not manuscript-safe
230721,182,230721_182,unmapped_no_metadata,None,Unknown,No unit metadata CSV file found,area_resolution_status=unmapped_no_metadata is not manuscript-safe
230721,183,230721_183,unmapped_no_metadata,None,Unknown,No unit metadata CSV file found,area_resolution_status=unmapped_no_metadata is not manuscript-safe
230721,184,230721_184,unmapped_no_metadata,None,Unknown,No unit metadata CSV file found,area_resolution_status=unmapped_no_metadata is not manuscript-safe
230721,185,230721_185,unmapped_no_metadata,None,Unknown,No unit metadata CSV file found,area_resolution_status=unmapped_no_metadata is not manuscript-safe
230721,186,230721_186,unmapped_no_metadata,None,Unknown,No unit metadata CSV file found,area_resolution_status=unmapped_no_metadata is not manuscript-safe
230721,187,230721_187,unmapped_no_metadata,None,Unknown,No unit metadata CSV file found,area_resolution_status=unmapped_no_metadata is not manuscript-safe
230721,188,230721_188,unmapped_no_metadata,None,Unknown,No unit metadata CSV file found,area_resolution_status=unmapped_no_metadata is not manuscript-safe
230721,189,230721_189,unmapped_no_metadata,None,Unknown,No unit metadata CSV file found,area_resolution_status=unmapped_no_metadata is not manuscript-safe
230721,190,230721_190,unmapped_no_metadata,None,Unknown,No unit metadata CSV file found,area_resolution_status=unmapped_no_metadata is not manuscript-safe
230721,191,230721_191,unmapped_no_metadata,None,Unknown,No unit metadata CSV file found,area_resolution_status=unmapped_no_metadata is not manuscript-safe
230721,192,230721_192,unmapped_no_metadata,None,Unknown,No unit metadata CSV file found,area_resolution_status=unmapped_no_metadata is not manuscript-safe
230721,193,230721_193,unmapped_no_metadata,None,Unknown,No unit metadata CSV file found,area_resolution_status=unmapped_no_metadata is not manuscript-safe
230721,194,230721_194,unmapped_no_metadata,None,Unknown,No unit metadata CSV file found,area_resolution_status=unmapped_no_metadata is not manuscript-safe
230721,195,230721_195,unmapped_no_metadata,None,Unknown,No unit metadata CSV file found,area_resolution_status=unmapped_no_metadata is not manuscript-safe
230721,196,230721_196,unmapped_no_metadata,None,Unknown,No unit metadata CSV file found,area_resolution_status=unmapped_no_metadata is not manuscript-safe
230721,197,230721_197,unmapped_no_metadata,None,Unknown,No unit metadata CSV file found,area_resolution_status=unmapped_no_metadata is not manuscript-safe
230721,198,230721_198,unmapped_no_metadata,None,Unknown,No unit metadata CSV file found,area_resolution_status=unmapped_no_metadata is not manuscript-safe
230721,199,230721_199,unmapped_no_metadata,None,Unknown,No unit metadata CSV file found,area_resolution_status=unmapped_no_metadata is not manuscript-safe
230721,200,230721_200,unmapped_no_metadata,None,Unknown,No unit metadata CSV file found,area_resolution_status=unmapped_no_metadata is not manuscript-safe
230721,201,230721_201,unmapped_no_metadata,None,Unknown,No unit metadata CSV file found,area_resolution_status=unmapped_no_metadata is not manuscript-safe
230721,202,230721_202,unmapped_no_metadata,None,Unknown,No unit metadata CSV file found,area_resolution_status=unmapped_no_metadata is not manuscript-safe
230721,203,230721_203,unmapped_no_metadata,None,Unknown,No unit metadata CSV file found,area_resolution_status=unmapped_no_metadata is not manuscript-safe
230721,204,230721_204,unmapped_no_metadata,None,Unknown,No unit metadata CSV file found,area_resolution_status=unmapped_no_metadata is not manuscript-safe
230721,205,230721_205,unmapped_no_metadata,None,Unknown,No unit metadata CSV file found,area_resolution_status=unmapped_no_metadata is not manuscript-safe
230721,206,230721_206,unmapped_no_metadata,None,Unknown,No unit metadata CSV file found,area_resolution_status=unmapped_no_metadata is not manuscript-safe
230721,207,230721_207,unmapped_no_metadata,None,Unknown,No unit metadata CSV file found,area_resolution_status=unmapped_no_metadata is not manuscript-safe
230721,208,230721_208,unmapped_no_metadata,None,Unknown,No unit metadata CSV file found,area_resolution_status=unmapped_no_metadata is not manuscript-safe
230721,209,230721_209,unmapped_no_metadata,None,Unknown,No unit metadata CSV file found,area_resolution_status=unmapped_no_metadata is not manuscript-safe
230721,210,230721_210,unmapped_no_metadata,None,Unknown,No unit metadata CSV file found,area_resolution_status=unmapped_no_metadata is not manuscript-safe
230721,211,230721_211,unmapped_no_metadata,None,Unknown,No unit metadata CSV file found,area_resolution_status=unmapped_no_metadata is not manuscript-safe
230721,212,230721_212,unmapped_no_metadata,None,Unknown,No unit metadata CSV file found,area_resolution_status=unmapped_no_metadata is not manuscript-safe
230721,213,230721_213,unmapped_no_metadata,None,Unknown,No unit metadata CSV file found,area_resolution_status=unmapped_no_metadata is not manuscript-safe
230721,214,230721_214,unmapped_no_metadata,None,Unknown,No unit metadata CSV file found,area_resolution_status=unmapped_no_metadata is not manuscript-safe
230721,215,230721_215,unmapped_no_metadata,None,Unknown,No unit metadata CSV file found,area_resolution_status=unmapped_no_metadata is not manuscript-safe
230721,216,230721_216,unmapped_no_metadata,None,Unknown,No unit metadata CSV file found,area_resolution_status=unmapped_no_metadata is not manuscript-safe
230721,217,230721_217,unmapped_no_metadata,None,Unknown,No unit metadata CSV file found,area_resolution_status=unmapped_no_metadata is not manuscript-safe
230721,218,230721_218,unmapped_no_metadata,None,Unknown,No unit metadata CSV file found,area_resolution_status=unmapped_no_metadata is not manuscript-safe
230721,219,230721_219,unmapped_no_metadata,None,Unknown,No unit metadata CSV file found,area_resolution_status=unmapped_no_metadata is not manuscript-safe
230816,0,230816_0,unmapped_no_metadata,None,Unknown,No unit metadata CSV file found,area_resolution_status=unmapped_no_metadata is not manuscript-safe
230816,1,230816_1,unmapped_no_metadata,None,Unknown,No unit metadata CSV file found,area_resolution_status=unmapped_no_metadata is not manuscript-safe
230816,2,230816_2,unmapped_no_metadata,None,Unknown,No unit metadata CSV file found,area_resolution_status=unmapped_no_metadata is not manuscript-safe
230816,3,230816_3,unmapped_no_metadata,None,Unknown,No unit metadata CSV file found,area_resolution_status=unmapped_no_metadata is not manuscript-safe
230816,4,230816_4,unmapped_no_metadata,None,Unknown,No unit metadata CSV file found,area_resolution_status=unmapped_no_metadata is not manuscript-safe
230816,5,230816_5,unmapped_no_metadata,None,Unknown,No unit metadata CSV file found,area_resolution_status=unmapped_no_metadata is not manuscript-safe
230816,6,230816_6,unmapped_no_metadata,None,Unknown,No unit metadata CSV file found,area_resolution_status=unmapped_no_metadata is not manuscript-safe
230816,7,230816_7,unmapped_no_metadata,None,Unknown,No unit metadata CSV file found,area_resolution_status=unmapped_no_metadata is not manuscript-safe
230816,8,230816_8,unmapped_no_metadata,None,Unknown,No unit metadata CSV file found,area_resolution_status=unmapped_no_metadata is not manuscript-safe
230816,9,230816_9,unmapped_no_metadata,None,Unknown,No unit metadata CSV file found,area_resolution_status=unmapped_no_metadata is not manuscript-safe
230816,10,230816_10,unmapped_no_metadata,None,Unknown,No unit metadata CSV file found,area_resolution_status=unmapped_no_metadata is not manuscript-safe
230816,11,230816_11,unmapped_no_metadata,None,Unknown,No unit metadata CSV file found,area_resolution_status=unmapped_no_metadata is not manuscript-safe
230816,12,230816_12,unmapped_no_metadata,None,Unknown,No unit metadata CSV file found,area_resolution_status=unmapped_no_metadata is not manuscript-safe
230816,13,230816_13,unmapped_no_metadata,None,Unknown,No unit metadata CSV file found,area_resolution_status=unmapped_no_metadata is not manuscript-safe
230816,14,230816_14,unmapped_no_metadata,None,Unknown,No unit metadata CSV file found,area_resolution_status=unmapped_no_metadata is not manuscript-safe
230816,15,230816_15,unmapped_no_metadata,None,Unknown,No unit metadata CSV file found,area_resolution_status=unmapped_no_metadata is not manuscript-safe
230816,16,230816_16,unmapped_no_metadata,None,Unknown,No unit metadata CSV file found,area_resolution_status=unmapped_no_metadata is not manuscript-safe
230816,17,230816_17,unmapped_no_metadata,None,Unknown,No unit metadata CSV file found,area_resolution_status=unmapped_no_metadata is not manuscript-safe
230816,18,230816_18,unmapped_no_metadata,None,Unknown,No unit metadata CSV file found,area_resolution_status=unmapped_no_metadata is not manuscript-safe
230816,19,230816_19,unmapped_no_metadata,None,Unknown,No unit metadata CSV file found,area_resolution_status=unmapped_no_metadata is not manuscript-safe
230816,20,230816_20,unmapped_no_metadata,None,Unknown,No unit metadata CSV file found,area_resolution_status=unmapped_no_metadata is not manuscript-safe
230816,21,230816_21,unmapped_no_metadata,None,Unknown,No unit metadata CSV file found,area_resolution_status=unmapped_no_metadata is not manuscript-safe
230816,22,230816_22,unmapped_no_metadata,None,Unknown,No unit metadata CSV file found,area_resolution_status=unmapped_no_metadata is not manuscript-safe
230816,23,230816_23,unmapped_no_metadata,None,Unknown,No unit metadata CSV file found,area_resolution_status=unmapped_no_metadata is not manuscript-safe
230816,24,230816_24,unmapped_no_metadata,None,Unknown,No unit metadata CSV file found,area_resolution_status=unmapped_no_metadata is not manuscript-safe
230816,25,230816_25,unmapped_no_metadata,None,Unknown,No unit metadata CSV file found,area_resolution_status=unmapped_no_metadata is not manuscript-safe
230816,26,230816_26,unmapped_no_metadata,None,Unknown,No unit metadata CSV file found,area_resolution_status=unmapped_no_metadata is not manuscript-safe
230816,27,230816_27,unmapped_no_metadata,None,Unknown,No unit metadata CSV file found,area_resolution_status=unmapped_no_metadata is not manuscript-safe
230816,28,230816_28,unmapped_no_metadata,None,Unknown,No unit metadata CSV file found,area_resolution_status=unmapped_no_metadata is not manuscript-safe
230816,29,230816_29,unmapped_no_metadata,None,Unknown,No unit metadata CSV file found,area_resolution_status=unmapped_no_metadata is not manuscript-safe
230816,30,230816_30,unmapped_no_metadata,None,Unknown,No unit metadata CSV file found,area_resolution_status=unmapped_no_metadata is not manuscript-safe
230816,31,230816_31,unmapped_no_metadata,None,Unknown,No unit metadata CSV file found,area_resolution_status=unmapped_no_metadata is not manuscript-safe
230816,32,230816_32,unmapped_no_metadata,None,Unknown,No unit metadata CSV file found,area_resolution_status=unmapped_no_metadata is not manuscript-safe
230816,33,230816_33,unmapped_no_metadata,None,Unknown,No unit metadata CSV file found,area_resolution_status=unmapped_no_metadata is not manuscript-safe
230816,34,230816_34,unmapped_no_metadata,None,Unknown,No unit metadata CSV file found,area_resolution_status=unmapped_no_metadata is not manuscript-safe
230816,35,230816_35,unmapped_no_metadata,None,Unknown,No unit metadata CSV file found,area_resolution_status=unmapped_no_metadata is not manuscript-safe
230816,36,230816_36,unmapped_no_metadata,None,Unknown,No unit metadata CSV file found,area_resolution_status=unmapped_no_metadata is not manuscript-safe
230816,37,230816_37,unmapped_no_metadata,None,Unknown,No unit metadata CSV file found,area_resolution_status=unmapped_no_metadata is not manuscript-safe
230816,38,230816_38,unmapped_no_metadata,None,Unknown,No unit metadata CSV file found,area_resolution_status=unmapped_no_metadata is not manuscript-safe
230816,39,230816_39,unmapped_no_metadata,None,Unknown,No unit metadata CSV file found,area_resolution_status=unmapped_no_metadata is not manuscript-safe
230816,40,230816_40,unmapped_no_metadata,None,Unknown,No unit metadata CSV file found,area_resolution_status=unmapped_no_metadata is not manuscript-safe
230816,41,230816_41,unmapped_no_metadata,None,Unknown,No unit metadata CSV file found,area_resolution_status=unmapped_no_metadata is not manuscript-safe
230816,42,230816_42,unmapped_no_metadata,None,Unknown,No unit metadata CSV file found,area_resolution_status=unmapped_no_metadata is not manuscript-safe
230816,43,230816_43,unmapped_no_metadata,None,Unknown,No unit metadata CSV file found,area_resolution_status=unmapped_no_metadata is not manuscript-safe
230816,44,230816_44,unmapped_no_metadata,None,Unknown,No unit metadata CSV file found,area_resolution_status=unmapped_no_metadata is not manuscript-safe
230816,45,230816_45,unmapped_no_metadata,None,Unknown,No unit metadata CSV file found,area_resolution_status=unmapped_no_metadata is not manuscript-safe
230816,46,230816_46,unmapped_no_metadata,None,Unknown,No unit metadata CSV file found,area_resolution_status=unmapped_no_metadata is not manuscript-safe
230816,47,230816_47,unmapped_no_metadata,None,Unknown,No unit metadata CSV file found,area_resolution_status=unmapped_no_metadata is not manuscript-safe
230816,48,230816_48,unmapped_no_metadata,None,Unknown,No unit metadata CSV file found,area_resolution_status=unmapped_no_metadata is not manuscript-safe
230816,49,230816_49,unmapped_no_metadata,None,Unknown,No unit metadata CSV file found,area_resolution_status=unmapped_no_metadata is not manuscript-safe
230816,50,230816_50,unmapped_no_metadata,None,Unknown,No unit metadata CSV file found,area_resolution_status=unmapped_no_metadata is not manuscript-safe
230816,51,230816_51,unmapped_no_metadata,None,Unknown,No unit metadata CSV file found,area_resolution_status=unmapped_no_metadata is not manuscript-safe
230816,52,230816_52,unmapped_no_metadata,None,Unknown,No unit metadata CSV file found,area_resolution_status=unmapped_no_metadata is not manuscript-safe
230816,53,230816_53,unmapped_no_metadata,None,Unknown,No unit metadata CSV file found,area_resolution_status=unmapped_no_metadata is not manuscript-safe
230816,54,230816_54,unmapped_no_metadata,None,Unknown,No unit metadata CSV file found,area_resolution_status=unmapped_no_metadata is not manuscript-safe
230816,55,230816_55,unmapped_no_metadata,None,Unknown,No unit metadata CSV file found,area_resolution_status=unmapped_no_metadata is not manuscript-safe
230816,56,230816_56,unmapped_no_metadata,None,Unknown,No unit metadata CSV file found,area_resolution_status=unmapped_no_metadata is not manuscript-safe
230816,57,230816_57,unmapped_no_metadata,None,Unknown,No unit metadata CSV file found,area_resolution_status=unmapped_no_metadata is not manuscript-safe
230816,58,230816_58,unmapped_no_metadata,None,Unknown,No unit metadata CSV file found,area_resolution_status=unmapped_no_metadata is not manuscript-safe
230816,59,230816_59,unmapped_no_metadata,None,Unknown,No unit metadata CSV file found,area_resolution_status=unmapped_no_metadata is not manuscript-safe
230816,60,230816_60,unmapped_no_metadata,None,Unknown,No unit metadata CSV file found,area_resolution_status=unmapped_no_metadata is not manuscript-safe
230816,61,230816_61,unmapped_no_metadata,None,Unknown,No unit metadata CSV file found,area_resolution_status=unmapped_no_metadata is not manuscript-safe
230816,62,230816_62,unmapped_no_metadata,None,Unknown,No unit metadata CSV file found,area_resolution_status=unmapped_no_metadata is not manuscript-safe
230816,63,230816_63,unmapped_no_metadata,None,Unknown,No unit metadata CSV file found,area_resolution_status=unmapped_no_metadata is not manuscript-safe
230816,64,230816_64,unmapped_no_metadata,None,Unknown,No unit metadata CSV file found,area_resolution_status=unmapped_no_metadata is not manuscript-safe
230816,65,230816_65,unmapped_no_metadata,None,Unknown,No unit metadata CSV file found,area_resolution_status=unmapped_no_metadata is not manuscript-safe
230816,66,230816_66,unmapped_no_metadata,None,Unknown,No unit metadata CSV file found,area_resolution_status=unmapped_no_metadata is not manuscript-safe
230816,67,230816_67,unmapped_no_metadata,None,Unknown,No unit metadata CSV file found,area_resolution_status=unmapped_no_metadata is not manuscript-safe
230816,68,230816_68,unmapped_no_metadata,None,Unknown,No unit metadata CSV file found,area_resolution_status=unmapped_no_metadata is not manuscript-safe
230816,69,230816_69,unmapped_no_metadata,None,Unknown,No unit metadata CSV file found,area_resolution_status=unmapped_no_metadata is not manuscript-safe
230816,70,230816_70,unmapped_no_metadata,None,Unknown,No unit metadata CSV file found,area_resolution_status=unmapped_no_metadata is not manuscript-safe
230816,71,230816_71,unmapped_no_metadata,None,Unknown,No unit metadata CSV file found,area_resolution_status=unmapped_no_metadata is not manuscript-safe
230816,72,230816_72,unmapped_no_metadata,None,Unknown,No unit metadata CSV file found,area_resolution_status=unmapped_no_metadata is not manuscript-safe
230816,73,230816_73,unmapped_no_metadata,None,Unknown,No unit metadata CSV file found,area_resolution_status=unmapped_no_metadata is not manuscript-safe
230816,74,230816_74,unmapped_no_metadata,None,Unknown,No unit metadata CSV file found,area_resolution_status=unmapped_no_metadata is not manuscript-safe
230816,75,230816_75,unmapped_no_metadata,None,Unknown,No unit metadata CSV file found,area_resolution_status=unmapped_no_metadata is not manuscript-safe
230816,76,230816_76,unmapped_no_metadata,None,Unknown,No unit metadata CSV file found,area_resolution_status=unmapped_no_metadata is not manuscript-safe
230816,77,230816_77,unmapped_no_metadata,None,Unknown,No unit metadata CSV file found,area_resolution_status=unmapped_no_metadata is not manuscript-safe
230816,78,230816_78,unmapped_no_metadata,None,Unknown,No unit metadata CSV file found,area_resolution_status=unmapped_no_metadata is not manuscript-safe
230816,79,230816_79,unmapped_no_metadata,None,Unknown,No unit metadata CSV file found,area_resolution_status=unmapped_no_metadata is not manuscript-safe
230816,80,230816_80,unmapped_no_metadata,None,Unknown,No unit metadata CSV file found,area_resolution_status=unmapped_no_metadata is not manuscript-safe
230816,81,230816_81,unmapped_no_metadata,None,Unknown,No unit metadata CSV file found,area_resolution_status=unmapped_no_metadata is not manuscript-safe
230816,82,230816_82,unmapped_no_metadata,None,Unknown,No unit metadata CSV file found,area_resolution_status=unmapped_no_metadata is not manuscript-safe
230816,83,230816_83,unmapped_no_metadata,None,Unknown,No unit metadata CSV file found,area_resolution_status=unmapped_no_metadata is not manuscript-safe
230816,84,230816_84,unmapped_no_metadata,None,Unknown,No unit metadata CSV file found,area_resolution_status=unmapped_no_metadata is not manuscript-safe
230816,85,230816_85,unmapped_no_metadata,None,Unknown,No unit metadata CSV file found,area_resolution_status=unmapped_no_metadata is not manuscript-safe
230816,86,230816_86,unmapped_no_metadata,None,Unknown,No unit metadata CSV file found,area_resolution_status=unmapped_no_metadata is not manuscript-safe
230816,87,230816_87,unmapped_no_metadata,None,Unknown,No unit metadata CSV file found,area_resolution_status=unmapped_no_metadata is not manuscript-safe
230816,88,230816_88,unmapped_no_metadata,None,Unknown,No unit metadata CSV file found,area_resolution_status=unmapped_no_metadata is not manuscript-safe
230816,89,230816_89,unmapped_no_metadata,None,Unknown,No unit metadata CSV file found,area_resolution_status=unmapped_no_metadata is not manuscript-safe
230816,90,230816_90,unmapped_no_metadata,None,Unknown,No unit metadata CSV file found,area_resolution_status=unmapped_no_metadata is not manuscript-safe
230816,91,230816_91,unmapped_no_metadata,None,Unknown,No unit metadata CSV file found,area_resolution_status=unmapped_no_metadata is not manuscript-safe
230816,92,230816_92,unmapped_no_metadata,None,Unknown,No unit metadata CSV file found,area_resolution_status=unmapped_no_metadata is not manuscript-safe
230816,93,230816_93,unmapped_no_metadata,None,Unknown,No unit metadata CSV file found,area_resolution_status=unmapped_no_metadata is not manuscript-safe
230816,94,230816_94,unmapped_no_metadata,None,Unknown,No unit metadata CSV file found,area_resolution_status=unmapped_no_metadata is not manuscript-safe
230816,95,230816_95,unmapped_no_metadata,None,Unknown,No unit metadata CSV file found,area_resolution_status=unmapped_no_metadata is not manuscript-safe
230816,96,230816_96,unmapped_no_metadata,None,Unknown,No unit metadata CSV file found,area_resolution_status=unmapped_no_metadata is not manuscript-safe
230816,97,230816_97,unmapped_no_metadata,None,Unknown,No unit metadata CSV file found,area_resolution_status=unmapped_no_metadata is not manuscript-safe
230816,98,230816_98,unmapped_no_metadata,None,Unknown,No unit metadata CSV file found,area_resolution_status=unmapped_no_metadata is not manuscript-safe
230816,99,230816_99,unmapped_no_metadata,None,Unknown,No unit metadata CSV file found,area_resolution_status=unmapped_no_metadata is not manuscript-safe
230816,100,230816_100,unmapped_no_metadata,None,Unknown,No unit metadata CSV file found,area_resolution_status=unmapped_no_metadata is not manuscript-safe
230816,101,230816_101,unmapped_no_metadata,None,Unknown,No unit metadata CSV file found,area_resolution_status=unmapped_no_metadata is not manuscript-safe
230816,102,230816_102,unmapped_no_metadata,None,Unknown,No unit metadata CSV file found,area_resolution_status=unmapped_no_metadata is not manuscript-safe
230816,103,230816_103,unmapped_no_metadata,None,Unknown,No unit metadata CSV file found,area_resolution_status=unmapped_no_metadata is not manuscript-safe
230816,104,230816_104,unmapped_no_metadata,None,Unknown,No unit metadata CSV file found,area_resolution_status=unmapped_no_metadata is not manuscript-safe
230816,105,230816_105,unmapped_no_metadata,None,Unknown,No unit metadata CSV file found,area_resolution_status=unmapped_no_metadata is not manuscript-safe
230816,106,230816_106,unmapped_no_metadata,None,Unknown,No unit metadata CSV file found,area_resolution_status=unmapped_no_metadata is not manuscript-safe
230816,107,230816_107,unmapped_no_metadata,None,Unknown,No unit metadata CSV file found,area_resolution_status=unmapped_no_metadata is not manuscript-safe
230816,108,230816_108,unmapped_no_metadata,None,Unknown,No unit metadata CSV file found,area_resolution_status=unmapped_no_metadata is not manuscript-safe
230816,109,230816_109,unmapped_no_metadata,None,Unknown,No unit metadata CSV file found,area_resolution_status=unmapped_no_metadata is not manuscript-safe
230816,110,230816_110,unmapped_no_metadata,None,Unknown,No unit metadata CSV file found,area_resolution_status=unmapped_no_metadata is not manuscript-safe
230816,111,230816_111,unmapped_no_metadata,None,Unknown,No unit metadata CSV file found,area_resolution_status=unmapped_no_metadata is not manuscript-safe
230816,112,230816_112,unmapped_no_metadata,None,Unknown,No unit metadata CSV file found,area_resolution_status=unmapped_no_metadata is not manuscript-safe
230816,113,230816_113,unmapped_no_metadata,None,Unknown,No unit metadata CSV file found,area_resolution_status=unmapped_no_metadata is not manuscript-safe
230816,114,230816_114,unmapped_no_metadata,None,Unknown,No unit metadata CSV file found,area_resolution_status=unmapped_no_metadata is not manuscript-safe
230816,115,230816_115,unmapped_no_metadata,None,Unknown,No unit metadata CSV file found,area_resolution_status=unmapped_no_metadata is not manuscript-safe
230816,116,230816_116,unmapped_no_metadata,None,Unknown,No unit metadata CSV file found,area_resolution_status=unmapped_no_metadata is not manuscript-safe
230816,117,230816_117,unmapped_no_metadata,None,Unknown,No unit metadata CSV file found,area_resolution_status=unmapped_no_metadata is not manuscript-safe
230816,118,230816_118,unmapped_no_metadata,None,Unknown,No unit metadata CSV file found,area_resolution_status=unmapped_no_metadata is not manuscript-safe
230816,119,230816_119,unmapped_no_metadata,None,Unknown,No unit metadata CSV file found,area_resolution_status=unmapped_no_metadata is not manuscript-safe
230816,120,230816_120,unmapped_no_metadata,None,Unknown,No unit metadata CSV file found,area_resolution_status=unmapped_no_metadata is not manuscript-safe
230816,121,230816_121,unmapped_no_metadata,None,Unknown,No unit metadata CSV file found,area_resolution_status=unmapped_no_metadata is not manuscript-safe
230816,122,230816_122,unmapped_no_metadata,None,Unknown,No unit metadata CSV file found,area_resolution_status=unmapped_no_metadata is not manuscript-safe
230816,123,230816_123,unmapped_no_metadata,None,Unknown,No unit metadata CSV file found,area_resolution_status=unmapped_no_metadata is not manuscript-safe
230816,124,230816_124,unmapped_no_metadata,None,Unknown,No unit metadata CSV file found,area_resolution_status=unmapped_no_metadata is not manuscript-safe
230816,125,230816_125,unmapped_no_metadata,None,Unknown,No unit metadata CSV file found,area_resolution_status=unmapped_no_metadata is not manuscript-safe
230816,126,230816_126,unmapped_no_metadata,None,Unknown,No unit metadata CSV file found,area_resolution_status=unmapped_no_metadata is not manuscript-safe
230816,127,230816_127,unmapped_no_metadata,None,Unknown,No unit metadata CSV file found,area_resolution_status=unmapped_no_metadata is not manuscript-safe
230816,128,230816_128,unmapped_no_metadata,None,Unknown,No unit metadata CSV file found,area_resolution_status=unmapped_no_metadata is not manuscript-safe
230816,129,230816_129,unmapped_no_metadata,None,Unknown,No unit metadata CSV file found,area_resolution_status=unmapped_no_metadata is not manuscript-safe
230816,130,230816_130,unmapped_no_metadata,None,Unknown,No unit metadata CSV file found,area_resolution_status=unmapped_no_metadata is not manuscript-safe
230816,131,230816_131,unmapped_no_metadata,None,Unknown,No unit metadata CSV file found,area_resolution_status=unmapped_no_metadata is not manuscript-safe
230816,132,230816_132,unmapped_no_metadata,None,Unknown,No unit metadata CSV file found,area_resolution_status=unmapped_no_metadata is not manuscript-safe
230816,133,230816_133,unmapped_no_metadata,None,Unknown,No unit metadata CSV file found,area_resolution_status=unmapped_no_metadata is not manuscript-safe
230816,134,230816_134,unmapped_no_metadata,None,Unknown,No unit metadata CSV file found,area_resolution_status=unmapped_no_metadata is not manuscript-safe
230816,135,230816_135,unmapped_no_metadata,None,Unknown,No unit metadata CSV file found,area_resolution_status=unmapped_no_metadata is not manuscript-safe
230816,136,230816_136,unmapped_no_metadata,None,Unknown,No unit metadata CSV file found,area_resolution_status=unmapped_no_metadata is not manuscript-safe
230816,137,230816_137,unmapped_no_metadata,None,Unknown,No unit metadata CSV file found,area_resolution_status=unmapped_no_metadata is not manuscript-safe
230816,138,230816_138,unmapped_no_metadata,None,Unknown,No unit metadata CSV file found,area_resolution_status=unmapped_no_metadata is not manuscript-safe
230816,139,230816_139,unmapped_no_metadata,None,Unknown,No unit metadata CSV file found,area_resolution_status=unmapped_no_metadata is not manuscript-safe
230816,140,230816_140,unmapped_no_metadata,None,Unknown,No unit metadata CSV file found,area_resolution_status=unmapped_no_metadata is not manuscript-safe
230818,0,230818_0,provisional_unit_area_from_count_matched_row_order,PFC,PFC,None,area_resolution_status=provisional_unit_area_from_count_matched_row_order is not manuscript-safe
230818,1,230818_1,provisional_unit_area_from_count_matched_row_order,PFC,PFC,None,area_resolution_status=provisional_unit_area_from_count_matched_row_order is not manuscript-safe
230818,2,230818_2,provisional_unit_area_from_count_matched_row_order,PFC,PFC,None,area_resolution_status=provisional_unit_area_from_count_matched_row_order is not manuscript-safe
230818,3,230818_3,provisional_unit_area_from_count_matched_row_order,PFC,PFC,None,area_resolution_status=provisional_unit_area_from_count_matched_row_order is not manuscript-safe
230818,4,230818_4,provisional_unit_area_from_count_matched_row_order,PFC,PFC,None,area_resolution_status=provisional_unit_area_from_count_matched_row_order is not manuscript-safe
230818,5,230818_5,provisional_unit_area_from_count_matched_row_order,PFC,PFC,None,area_resolution_status=provisional_unit_area_from_count_matched_row_order is not manuscript-safe
230818,6,230818_6,provisional_unit_area_from_count_matched_row_order,PFC,PFC,None,area_resolution_status=provisional_unit_area_from_count_matched_row_order is not manuscript-safe
230818,7,230818_7,provisional_unit_area_from_count_matched_row_order,PFC,PFC,None,area_resolution_status=provisional_unit_area_from_count_matched_row_order is not manuscript-safe
230818,8,230818_8,provisional_unit_area_from_count_matched_row_order,PFC,PFC,None,area_resolution_status=provisional_unit_area_from_count_matched_row_order is not manuscript-safe
230818,9,230818_9,provisional_unit_area_from_count_matched_row_order,PFC,PFC,None,area_resolution_status=provisional_unit_area_from_count_matched_row_order is not manuscript-safe
230818,10,230818_10,provisional_unit_area_from_count_matched_row_order,PFC,PFC,None,area_resolution_status=provisional_unit_area_from_count_matched_row_order is not manuscript-safe
230818,11,230818_11,provisional_unit_area_from_count_matched_row_order,PFC,PFC,None,area_resolution_status=provisional_unit_area_from_count_matched_row_order is not manuscript-safe
230818,12,230818_12,provisional_unit_area_from_count_matched_row_order,PFC,PFC,None,area_resolution_status=provisional_unit_area_from_count_matched_row_order is not manuscript-safe
230818,13,230818_13,provisional_unit_area_from_count_matched_row_order,PFC,PFC,None,area_resolution_status=provisional_unit_area_from_count_matched_row_order is not manuscript-safe
230818,14,230818_14,provisional_unit_area_from_count_matched_row_order,PFC,PFC,None,area_resolution_status=provisional_unit_area_from_count_matched_row_order is not manuscript-safe
230818,15,230818_15,provisional_unit_area_from_count_matched_row_order,PFC,PFC,None,area_resolution_status=provisional_unit_area_from_count_matched_row_order is not manuscript-safe
230818,16,230818_16,provisional_unit_area_from_count_matched_row_order,PFC,PFC,None,area_resolution_status=provisional_unit_area_from_count_matched_row_order is not manuscript-safe
230818,17,230818_17,provisional_unit_area_from_count_matched_row_order,PFC,PFC,None,area_resolution_status=provisional_unit_area_from_count_matched_row_order is not manuscript-safe
230818,18,230818_18,provisional_unit_area_from_count_matched_row_order,PFC,PFC,None,area_resolution_status=provisional_unit_area_from_count_matched_row_order is not manuscript-safe
230818,19,230818_19,provisional_unit_area_from_count_matched_row_order,PFC,PFC,None,area_resolution_status=provisional_unit_area_from_count_matched_row_order is not manuscript-safe
230818,20,230818_20,provisional_unit_area_from_count_matched_row_order,PFC,PFC,None,area_resolution_status=provisional_unit_area_from_count_matched_row_order is not manuscript-safe
230818,21,230818_21,provisional_unit_area_from_count_matched_row_order,PFC,PFC,None,area_resolution_status=provisional_unit_area_from_count_matched_row_order is not manuscript-safe
230818,22,230818_22,provisional_unit_area_from_count_matched_row_order,PFC,PFC,None,area_resolution_status=provisional_unit_area_from_count_matched_row_order is not manuscript-safe
230818,23,230818_23,provisional_unit_area_from_count_matched_row_order,PFC,PFC,None,area_resolution_status=provisional_unit_area_from_count_matched_row_order is not manuscript-safe
230818,24,230818_24,provisional_unit_area_from_count_matched_row_order,PFC,PFC,None,area_resolution_status=provisional_unit_area_from_count_matched_row_order is not manuscript-safe
230818,25,230818_25,provisional_unit_area_from_count_matched_row_order,PFC,PFC,None,area_resolution_status=provisional_unit_area_from_count_matched_row_order is not manuscript-safe
230818,26,230818_26,provisional_unit_area_from_count_matched_row_order,PFC,PFC,None,area_resolution_status=provisional_unit_area_from_count_matched_row_order is not manuscript-safe
230818,27,230818_27,provisional_unit_area_from_count_matched_row_order,PFC,PFC,None,area_resolution_status=provisional_unit_area_from_count_matched_row_order is not manuscript-safe
230818,28,230818_28,provisional_unit_area_from_count_matched_row_order,PFC,PFC,None,area_resolution_status=provisional_unit_area_from_count_matched_row_order is not manuscript-safe
230818,29,230818_29,provisional_unit_area_from_count_matched_row_order,PFC,PFC,None,area_resolution_status=provisional_unit_area_from_count_matched_row_order is not manuscript-safe
230818,30,230818_30,provisional_unit_area_from_count_matched_row_order,PFC,PFC,None,area_resolution_status=provisional_unit_area_from_count_matched_row_order is not manuscript-safe
230818,31,230818_31,provisional_unit_area_from_count_matched_row_order,PFC,PFC,None,area_resolution_status=provisional_unit_area_from_count_matched_row_order is not manuscript-safe
230818,32,230818_32,provisional_unit_area_from_count_matched_row_order,PFC,PFC,None,area_resolution_status=provisional_unit_area_from_count_matched_row_order is not manuscript-safe
230818,33,230818_33,provisional_unit_area_from_count_matched_row_order,PFC,PFC,None,area_resolution_status=provisional_unit_area_from_count_matched_row_order is not manuscript-safe
230818,34,230818_34,provisional_unit_area_from_count_matched_row_order,PFC,PFC,None,area_resolution_status=provisional_unit_area_from_count_matched_row_order is not manuscript-safe
230818,35,230818_35,provisional_unit_area_from_count_matched_row_order,PFC,PFC,None,area_resolution_status=provisional_unit_area_from_count_matched_row_order is not manuscript-safe
230818,36,230818_36,provisional_unit_area_from_count_matched_row_order,PFC,PFC,None,area_resolution_status=provisional_unit_area_from_count_matched_row_order is not manuscript-safe
230818,37,230818_37,provisional_unit_area_from_count_matched_row_order,PFC,PFC,None,area_resolution_status=provisional_unit_area_from_count_matched_row_order is not manuscript-safe
230818,38,230818_38,provisional_unit_area_from_count_matched_row_order,PFC,PFC,None,area_resolution_status=provisional_unit_area_from_count_matched_row_order is not manuscript-safe
230818,39,230818_39,provisional_unit_area_from_count_matched_row_order,PFC,PFC,None,area_resolution_status=provisional_unit_area_from_count_matched_row_order is not manuscript-safe
230818,40,230818_40,provisional_unit_area_from_count_matched_row_order,PFC,PFC,None,area_resolution_status=provisional_unit_area_from_count_matched_row_order is not manuscript-safe
230818,41,230818_41,provisional_unit_area_from_count_matched_row_order,PFC,PFC,None,area_resolution_status=provisional_unit_area_from_count_matched_row_order is not manuscript-safe
230818,42,230818_42,provisional_unit_area_from_count_matched_row_order,PFC,PFC,None,area_resolution_status=provisional_unit_area_from_count_matched_row_order is not manuscript-safe
230818,43,230818_43,provisional_unit_area_from_count_matched_row_order,PFC,PFC,None,area_resolution_status=provisional_unit_area_from_count_matched_row_order is not manuscript-safe
230818,44,230818_44,provisional_unit_area_from_count_matched_row_order,PFC,PFC,None,area_resolution_status=provisional_unit_area_from_count_matched_row_order is not manuscript-safe
230818,45,230818_45,provisional_unit_area_from_count_matched_row_order,PFC,PFC,None,area_resolution_status=provisional_unit_area_from_count_matched_row_order is not manuscript-safe
230818,46,230818_46,provisional_unit_area_from_count_matched_row_order,PFC,PFC,None,area_resolution_status=provisional_unit_area_from_count_matched_row_order is not manuscript-safe
230818,47,230818_47,provisional_unit_area_from_count_matched_row_order,PFC,PFC,None,area_resolution_status=provisional_unit_area_from_count_matched_row_order is not manuscript-safe
230818,48,230818_48,provisional_unit_area_from_count_matched_row_order,PFC,PFC,None,area_resolution_status=provisional_unit_area_from_count_matched_row_order is not manuscript-safe
230818,49,230818_49,provisional_unit_area_from_count_matched_row_order,PFC,PFC,None,area_resolution_status=provisional_unit_area_from_count_matched_row_order is not manuscript-safe
230818,50,230818_50,provisional_unit_area_from_count_matched_row_order,PFC,PFC,None,area_resolution_status=provisional_unit_area_from_count_matched_row_order is not manuscript-safe
230818,51,230818_51,provisional_unit_area_from_count_matched_row_order,PFC,PFC,None,area_resolution_status=provisional_unit_area_from_count_matched_row_order is not manuscript-safe
230818,52,230818_52,provisional_unit_area_from_count_matched_row_order,PFC,PFC,None,area_resolution_status=provisional_unit_area_from_count_matched_row_order is not manuscript-safe
230818,53,230818_53,provisional_unit_area_from_count_matched_row_order,PFC,PFC,None,area_resolution_status=provisional_unit_area_from_count_matched_row_order is not manuscript-safe
230818,54,230818_54,provisional_unit_area_from_count_matched_row_order,PFC,PFC,None,area_resolution_status=provisional_unit_area_from_count_matched_row_order is not manuscript-safe
230818,55,230818_55,provisional_unit_area_from_count_matched_row_order,PFC,PFC,None,area_resolution_status=provisional_unit_area_from_count_matched_row_order is not manuscript-safe
230818,56,230818_56,provisional_unit_area_from_count_matched_row_order,PFC,PFC,None,area_resolution_status=provisional_unit_area_from_count_matched_row_order is not manuscript-safe
230818,57,230818_57,provisional_unit_area_from_count_matched_row_order,PFC,PFC,None,area_resolution_status=provisional_unit_area_from_count_matched_row_order is not manuscript-safe
230818,58,230818_58,provisional_unit_area_from_count_matched_row_order,PFC,PFC,None,area_resolution_status=provisional_unit_area_from_count_matched_row_order is not manuscript-safe
230818,59,230818_59,provisional_unit_area_from_count_matched_row_order,PFC,PFC,None,area_resolution_status=provisional_unit_area_from_count_matched_row_order is not manuscript-safe
230818,60,230818_60,provisional_unit_area_from_count_matched_row_order,PFC,PFC,None,area_resolution_status=provisional_unit_area_from_count_matched_row_order is not manuscript-safe
230818,61,230818_61,provisional_unit_area_from_count_matched_row_order,PFC,PFC,None,area_resolution_status=provisional_unit_area_from_count_matched_row_order is not manuscript-safe
230818,62,230818_62,provisional_unit_area_from_count_matched_row_order,PFC,PFC,None,area_resolution_status=provisional_unit_area_from_count_matched_row_order is not manuscript-safe
230818,63,230818_63,provisional_unit_area_from_count_matched_row_order,PFC,PFC,None,area_resolution_status=provisional_unit_area_from_count_matched_row_order is not manuscript-safe
230818,64,230818_64,provisional_unit_area_from_count_matched_row_order,PFC,PFC,None,area_resolution_status=provisional_unit_area_from_count_matched_row_order is not manuscript-safe
230818,65,230818_65,provisional_unit_area_from_count_matched_row_order,PFC,PFC,None,area_resolution_status=provisional_unit_area_from_count_matched_row_order is not manuscript-safe
230818,66,230818_66,provisional_unit_area_from_count_matched_row_order,PFC,PFC,None,area_resolution_status=provisional_unit_area_from_count_matched_row_order is not manuscript-safe
230818,67,230818_67,provisional_unit_area_from_count_matched_row_order,PFC,PFC,None,area_resolution_status=provisional_unit_area_from_count_matched_row_order is not manuscript-safe
230818,68,230818_68,provisional_unit_area_from_count_matched_row_order,PFC,PFC,None,area_resolution_status=provisional_unit_area_from_count_matched_row_order is not manuscript-safe
230818,69,230818_69,provisional_unit_area_from_count_matched_row_order,PFC,PFC,None,area_resolution_status=provisional_unit_area_from_count_matched_row_order is not manuscript-safe
230818,70,230818_70,provisional_unit_area_from_count_matched_row_order,PFC,PFC,None,area_resolution_status=provisional_unit_area_from_count_matched_row_order is not manuscript-safe
230818,71,230818_71,provisional_unit_area_from_count_matched_row_order,PFC,PFC,None,area_resolution_status=provisional_unit_area_from_count_matched_row_order is not manuscript-safe
230818,72,230818_72,provisional_unit_area_from_count_matched_row_order,PFC,PFC,None,area_resolution_status=provisional_unit_area_from_count_matched_row_order is not manuscript-safe
230818,73,230818_73,provisional_unit_area_from_count_matched_row_order,PFC,PFC,None,area_resolution_status=provisional_unit_area_from_count_matched_row_order is not manuscript-safe
230818,74,230818_74,provisional_unit_area_from_count_matched_row_order,PFC,PFC,None,area_resolution_status=provisional_unit_area_from_count_matched_row_order is not manuscript-safe
230818,75,230818_75,provisional_unit_area_from_count_matched_row_order,PFC,PFC,None,area_resolution_status=provisional_unit_area_from_count_matched_row_order is not manuscript-safe
230818,76,230818_76,provisional_unit_area_from_count_matched_row_order,PFC,PFC,None,area_resolution_status=provisional_unit_area_from_count_matched_row_order is not manuscript-safe
230818,77,230818_77,provisional_unit_area_from_count_matched_row_order,PFC,PFC,None,area_resolution_status=provisional_unit_area_from_count_matched_row_order is not manuscript-safe
230818,78,230818_78,provisional_unit_area_from_count_matched_row_order,PFC,PFC,None,area_resolution_status=provisional_unit_area_from_count_matched_row_order is not manuscript-safe
230818,79,230818_79,provisional_unit_area_from_count_matched_row_order,PFC,PFC,None,area_resolution_status=provisional_unit_area_from_count_matched_row_order is not manuscript-safe
230818,80,230818_80,provisional_unit_area_from_count_matched_row_order,PFC,PFC,None,area_resolution_status=provisional_unit_area_from_count_matched_row_order is not manuscript-safe
230818,81,230818_81,provisional_unit_area_from_count_matched_row_order,PFC,PFC,None,area_resolution_status=provisional_unit_area_from_count_matched_row_order is not manuscript-safe
230818,82,230818_82,provisional_unit_area_from_count_matched_row_order,PFC,PFC,None,area_resolution_status=provisional_unit_area_from_count_matched_row_order is not manuscript-safe
230818,83,230818_83,provisional_unit_area_from_count_matched_row_order,PFC,PFC,None,area_resolution_status=provisional_unit_area_from_count_matched_row_order is not manuscript-safe
230818,84,230818_84,provisional_unit_area_from_count_matched_row_order,PFC,PFC,None,area_resolution_status=provisional_unit_area_from_count_matched_row_order is not manuscript-safe
230818,85,230818_85,provisional_unit_area_from_count_matched_row_order,PFC,PFC,None,area_resolution_status=provisional_unit_area_from_count_matched_row_order is not manuscript-safe
230818,86,230818_86,provisional_unit_area_from_count_matched_row_order,PFC,PFC,None,area_resolution_status=provisional_unit_area_from_count_matched_row_order is not manuscript-safe
230818,87,230818_87,provisional_unit_area_from_count_matched_row_order,PFC,PFC,None,area_resolution_status=provisional_unit_area_from_count_matched_row_order is not manuscript-safe
230818,88,230818_88,provisional_unit_area_from_count_matched_row_order,PFC,PFC,None,area_resolution_status=provisional_unit_area_from_count_matched_row_order is not manuscript-safe
230818,89,230818_89,provisional_unit_area_from_count_matched_row_order,PFC,PFC,None,area_resolution_status=provisional_unit_area_from_count_matched_row_order is not manuscript-safe
230818,90,230818_90,provisional_unit_area_from_count_matched_row_order,PFC,PFC,None,area_resolution_status=provisional_unit_area_from_count_matched_row_order is not manuscript-safe
230818,91,230818_91,provisional_unit_area_from_count_matched_row_order,PFC,PFC,None,area_resolution_status=provisional_unit_area_from_count_matched_row_order is not manuscript-safe
230818,92,230818_92,provisional_unit_area_from_count_matched_row_order,PFC,PFC,None,area_resolution_status=provisional_unit_area_from_count_matched_row_order is not manuscript-safe
230818,93,230818_93,provisional_unit_area_from_count_matched_row_order,PFC,PFC,None,area_resolution_status=provisional_unit_area_from_count_matched_row_order is not manuscript-safe
230818,94,230818_94,provisional_unit_area_from_count_matched_row_order,PFC,PFC,None,area_resolution_status=provisional_unit_area_from_count_matched_row_order is not manuscript-safe
230818,95,230818_95,provisional_unit_area_from_count_matched_row_order,PFC,PFC,None,area_resolution_status=provisional_unit_area_from_count_matched_row_order is not manuscript-safe
230818,96,230818_96,provisional_unit_area_from_count_matched_row_order,PFC,PFC,None,area_resolution_status=provisional_unit_area_from_count_matched_row_order is not manuscript-safe
230818,97,230818_97,provisional_unit_area_from_count_matched_row_order,PFC,PFC,None,area_resolution_status=provisional_unit_area_from_count_matched_row_order is not manuscript-safe
230818,98,230818_98,provisional_unit_area_from_count_matched_row_order,PFC,PFC,None,area_resolution_status=provisional_unit_area_from_count_matched_row_order is not manuscript-safe
230818,99,230818_99,provisional_unit_area_from_count_matched_row_order,PFC,PFC,None,area_resolution_status=provisional_unit_area_from_count_matched_row_order is not manuscript-safe
230818,100,230818_100,provisional_unit_area_from_count_matched_row_order,PFC,PFC,None,area_resolution_status=provisional_unit_area_from_count_matched_row_order is not manuscript-safe
230818,101,230818_101,provisional_unit_area_from_count_matched_row_order,PFC,PFC,None,area_resolution_status=provisional_unit_area_from_count_matched_row_order is not manuscript-safe
230818,102,230818_102,provisional_unit_area_from_count_matched_row_order,PFC,PFC,None,area_resolution_status=provisional_unit_area_from_count_matched_row_order is not manuscript-safe
230818,103,230818_103,provisional_unit_area_from_count_matched_row_order,PFC,PFC,None,area_resolution_status=provisional_unit_area_from_count_matched_row_order is not manuscript-safe
230818,104,230818_104,provisional_unit_area_from_count_matched_row_order,PFC,PFC,None,area_resolution_status=provisional_unit_area_from_count_matched_row_order is not manuscript-safe
230818,105,230818_105,provisional_unit_area_from_count_matched_row_order,PFC,PFC,None,area_resolution_status=provisional_unit_area_from_count_matched_row_order is not manuscript-safe
230818,106,230818_106,provisional_unit_area_from_count_matched_row_order,PFC,PFC,None,area_resolution_status=provisional_unit_area_from_count_matched_row_order is not manuscript-safe
230818,107,230818_107,provisional_unit_area_from_count_matched_row_order,PFC,PFC,None,area_resolution_status=provisional_unit_area_from_count_matched_row_order is not manuscript-safe
230818,108,230818_108,provisional_unit_area_from_count_matched_row_order,PFC,PFC,None,area_resolution_status=provisional_unit_area_from_count_matched_row_order is not manuscript-safe
230818,109,230818_109,provisional_unit_area_from_count_matched_row_order,PFC,PFC,None,area_resolution_status=provisional_unit_area_from_count_matched_row_order is not manuscript-safe
230818,110,230818_110,provisional_unit_area_from_count_matched_row_order,PFC,PFC,None,area_resolution_status=provisional_unit_area_from_count_matched_row_order is not manuscript-safe
230818,111,230818_111,provisional_unit_area_from_count_matched_row_order,PFC,PFC,None,area_resolution_status=provisional_unit_area_from_count_matched_row_order is not manuscript-safe
230818,112,230818_112,provisional_unit_area_from_count_matched_row_order,PFC,PFC,None,area_resolution_status=provisional_unit_area_from_count_matched_row_order is not manuscript-safe
230818,113,230818_113,provisional_unit_area_from_count_matched_row_order,PFC,PFC,None,area_resolution_status=provisional_unit_area_from_count_matched_row_order is not manuscript-safe
230818,114,230818_114,provisional_unit_area_from_count_matched_row_order,PFC,PFC,None,area_resolution_status=provisional_unit_area_from_count_matched_row_order is not manuscript-safe
230818,115,230818_115,provisional_unit_area_from_count_matched_row_order,PFC,PFC,None,area_resolution_status=provisional_unit_area_from_count_matched_row_order is not manuscript-safe
230818,116,230818_116,provisional_unit_area_from_count_matched_row_order,PFC,PFC,None,area_resolution_status=provisional_unit_area_from_count_matched_row_order is not manuscript-safe
230818,117,230818_117,provisional_unit_area_from_count_matched_row_order,PFC,PFC,None,area_resolution_status=provisional_unit_area_from_count_matched_row_order is not manuscript-safe
230818,118,230818_118,provisional_unit_area_from_count_matched_row_order,PFC,PFC,None,area_resolution_status=provisional_unit_area_from_count_matched_row_order is not manuscript-safe
230818,119,230818_119,provisional_unit_area_from_count_matched_row_order,PFC,PFC,None,area_resolution_status=provisional_unit_area_from_count_matched_row_order is not manuscript-safe
230818,120,230818_120,provisional_unit_area_from_count_matched_row_order,PFC,PFC,None,area_resolution_status=provisional_unit_area_from_count_matched_row_order is not manuscript-safe
230818,121,230818_121,provisional_unit_area_from_count_matched_row_order,PFC,PFC,None,area_resolution_status=provisional_unit_area_from_count_matched_row_order is not manuscript-safe
230818,122,230818_122,provisional_unit_area_from_count_matched_row_order,PFC,PFC,None,area_resolution_status=provisional_unit_area_from_count_matched_row_order is not manuscript-safe
230818,123,230818_123,provisional_unit_area_from_count_matched_row_order,PFC,PFC,None,area_resolution_status=provisional_unit_area_from_count_matched_row_order is not manuscript-safe
230818,124,230818_124,provisional_unit_area_from_count_matched_row_order,PFC,PFC,None,area_resolution_status=provisional_unit_area_from_count_matched_row_order is not manuscript-safe
230818,125,230818_125,provisional_unit_area_from_count_matched_row_order,PFC,PFC,None,area_resolution_status=provisional_unit_area_from_count_matched_row_order is not manuscript-safe
230818,126,230818_126,provisional_unit_area_from_count_matched_row_order,PFC,PFC,None,area_resolution_status=provisional_unit_area_from_count_matched_row_order is not manuscript-safe
230818,127,230818_127,provisional_unit_area_from_count_matched_row_order,PFC,PFC,None,area_resolution_status=provisional_unit_area_from_count_matched_row_order is not manuscript-safe
230818,128,230818_128,provisional_unit_area_from_count_matched_row_order,PFC,PFC,None,area_resolution_status=provisional_unit_area_from_count_matched_row_order is not manuscript-safe
230818,129,230818_129,provisional_unit_area_from_count_matched_row_order,PFC,PFC,None,area_resolution_status=provisional_unit_area_from_count_matched_row_order is not manuscript-safe
230818,130,230818_130,provisional_unit_area_from_count_matched_row_order,PFC,PFC,None,area_resolution_status=provisional_unit_area_from_count_matched_row_order is not manuscript-safe
230818,131,230818_131,provisional_unit_area_from_count_matched_row_order,PFC,PFC,None,area_resolution_status=provisional_unit_area_from_count_matched_row_order is not manuscript-safe
230818,132,230818_132,provisional_unit_area_from_count_matched_row_order,PFC,PFC,None,area_resolution_status=provisional_unit_area_from_count_matched_row_order is not manuscript-safe
230818,133,230818_133,provisional_unit_area_from_count_matched_row_order,PFC,PFC,None,area_resolution_status=provisional_unit_area_from_count_matched_row_order is not manuscript-safe
230818,134,230818_134,provisional_unit_area_from_count_matched_row_order,PFC,PFC,None,area_resolution_status=provisional_unit_area_from_count_matched_row_order is not manuscript-safe
230818,135,230818_135,provisional_unit_area_from_count_matched_row_order,PFC,PFC,None,area_resolution_status=provisional_unit_area_from_count_matched_row_order is not manuscript-safe
230818,136,230818_136,provisional_unit_area_from_count_matched_row_order,PFC,PFC,None,area_resolution_status=provisional_unit_area_from_count_matched_row_order is not manuscript-safe
230818,137,230818_137,provisional_unit_area_from_count_matched_row_order,PFC,PFC,None,area_resolution_status=provisional_unit_area_from_count_matched_row_order is not manuscript-safe
230818,138,230818_138,provisional_unit_area_from_count_matched_row_order,PFC,PFC,None,area_resolution_status=provisional_unit_area_from_count_matched_row_order is not manuscript-safe
230818,139,230818_139,provisional_unit_area_from_count_matched_row_order,PFC,PFC,None,area_resolution_status=provisional_unit_area_from_count_matched_row_order is not manuscript-safe
230818,140,230818_140,provisional_unit_area_from_count_matched_row_order,PFC,PFC,None,area_resolution_status=provisional_unit_area_from_count_matched_row_order is not manuscript-safe
230818,141,230818_141,provisional_unit_area_from_count_matched_row_order,PFC,PFC,None,area_resolution_status=provisional_unit_area_from_count_matched_row_order is not manuscript-safe
230818,142,230818_142,provisional_unit_area_from_count_matched_row_order,PFC,PFC,None,area_resolution_status=provisional_unit_area_from_count_matched_row_order is not manuscript-safe
230818,143,230818_143,provisional_unit_area_from_count_matched_row_order,PFC,PFC,None,area_resolution_status=provisional_unit_area_from_count_matched_row_order is not manuscript-safe
230818,144,230818_144,provisional_unit_area_from_count_matched_row_order,PFC,PFC,None,area_resolution_status=provisional_unit_area_from_count_matched_row_order is not manuscript-safe
230818,145,230818_145,provisional_unit_area_from_count_matched_row_order,PFC,PFC,None,area_resolution_status=provisional_unit_area_from_count_matched_row_order is not manuscript-safe
230818,146,230818_146,provisional_unit_area_from_count_matched_row_order,PFC,PFC,None,area_resolution_status=provisional_unit_area_from_count_matched_row_order is not manuscript-safe
230818,147,230818_147,provisional_unit_area_from_count_matched_row_order,PFC,PFC,None,area_resolution_status=provisional_unit_area_from_count_matched_row_order is not manuscript-safe
230818,148,230818_148,provisional_unit_area_from_count_matched_row_order,PFC,PFC,None,area_resolution_status=provisional_unit_area_from_count_matched_row_order is not manuscript-safe
230818,149,230818_149,provisional_unit_area_from_count_matched_row_order,PFC,PFC,None,area_resolution_status=provisional_unit_area_from_count_matched_row_order is not manuscript-safe
230818,150,230818_150,provisional_unit_area_from_count_matched_row_order,PFC,PFC,None,area_resolution_status=provisional_unit_area_from_count_matched_row_order is not manuscript-safe
230818,151,230818_151,provisional_unit_area_from_count_matched_row_order,PFC,PFC,None,area_resolution_status=provisional_unit_area_from_count_matched_row_order is not manuscript-safe
230818,152,230818_152,provisional_unit_area_from_count_matched_row_order,PFC,PFC,None,area_resolution_status=provisional_unit_area_from_count_matched_row_order is not manuscript-safe
230818,153,230818_153,provisional_unit_area_from_count_matched_row_order,PFC,PFC,None,area_resolution_status=provisional_unit_area_from_count_matched_row_order is not manuscript-safe
230818,154,230818_154,provisional_unit_area_from_count_matched_row_order,PFC,PFC,None,area_resolution_status=provisional_unit_area_from_count_matched_row_order is not manuscript-safe
230818,155,230818_155,provisional_unit_area_from_count_matched_row_order,PFC,PFC,None,area_resolution_status=provisional_unit_area_from_count_matched_row_order is not manuscript-safe
230818,156,230818_156,provisional_unit_area_from_count_matched_row_order,PFC,PFC,None,area_resolution_status=provisional_unit_area_from_count_matched_row_order is not manuscript-safe
230818,157,230818_157,provisional_unit_area_from_count_matched_row_order,PFC,PFC,None,area_resolution_status=provisional_unit_area_from_count_matched_row_order is not manuscript-safe
230818,158,230818_158,provisional_unit_area_from_count_matched_row_order,PFC,PFC,None,area_resolution_status=provisional_unit_area_from_count_matched_row_order is not manuscript-safe
230818,159,230818_159,provisional_unit_area_from_count_matched_row_order,PFC,PFC,None,area_resolution_status=provisional_unit_area_from_count_matched_row_order is not manuscript-safe
230818,160,230818_160,provisional_unit_area_from_count_matched_row_order,PFC,PFC,None,area_resolution_status=provisional_unit_area_from_count_matched_row_order is not manuscript-safe
230818,161,230818_161,provisional_unit_area_from_count_matched_row_order,PFC,PFC,None,area_resolution_status=provisional_unit_area_from_count_matched_row_order is not manuscript-safe
230818,162,230818_162,provisional_unit_area_from_count_matched_row_order,PFC,PFC,None,area_resolution_status=provisional_unit_area_from_count_matched_row_order is not manuscript-safe
230818,163,230818_163,provisional_unit_area_from_count_matched_row_order,PFC,PFC,None,area_resolution_status=provisional_unit_area_from_count_matched_row_order is not manuscript-safe
230818,164,230818_164,provisional_unit_area_from_count_matched_row_order,PFC,PFC,None,area_resolution_status=provisional_unit_area_from_count_matched_row_order is not manuscript-safe
230818,165,230818_165,provisional_unit_area_from_count_matched_row_order,PFC,PFC,None,area_resolution_status=provisional_unit_area_from_count_matched_row_order is not manuscript-safe
230818,166,230818_166,provisional_unit_area_from_count_matched_row_order,PFC,PFC,None,area_resolution_status=provisional_unit_area_from_count_matched_row_order is not manuscript-safe
230818,167,230818_167,provisional_unit_area_from_count_matched_row_order,PFC,PFC,None,area_resolution_status=provisional_unit_area_from_count_matched_row_order is not manuscript-safe
230818,168,230818_168,provisional_unit_area_from_count_matched_row_order,PFC,PFC,None,area_resolution_status=provisional_unit_area_from_count_matched_row_order is not manuscript-safe
230818,169,230818_169,provisional_unit_area_from_count_matched_row_order,PFC,PFC,None,area_resolution_status=provisional_unit_area_from_count_matched_row_order is not manuscript-safe
230818,170,230818_170,provisional_unit_area_from_count_matched_row_order,PFC,PFC,None,area_resolution_status=provisional_unit_area_from_count_matched_row_order is not manuscript-safe
230818,171,230818_171,provisional_unit_area_from_count_matched_row_order,PFC,PFC,None,area_resolution_status=provisional_unit_area_from_count_matched_row_order is not manuscript-safe
230818,172,230818_172,provisional_unit_area_from_count_matched_row_order,PFC,PFC,None,area_resolution_status=provisional_unit_area_from_count_matched_row_order is not manuscript-safe
230818,173,230818_173,provisional_unit_area_from_count_matched_row_order,PFC,PFC,None,area_resolution_status=provisional_unit_area_from_count_matched_row_order is not manuscript-safe
230818,174,230818_174,provisional_unit_area_from_count_matched_row_order,PFC,PFC,None,area_resolution_status=provisional_unit_area_from_count_matched_row_order is not manuscript-safe
230818,175,230818_175,provisional_unit_area_from_count_matched_row_order,PFC,PFC,None,area_resolution_status=provisional_unit_area_from_count_matched_row_order is not manuscript-safe
230818,176,230818_176,provisional_unit_area_from_count_matched_row_order,PFC,PFC,None,area_resolution_status=provisional_unit_area_from_count_matched_row_order is not manuscript-safe
230818,177,230818_177,provisional_unit_area_from_count_matched_row_order,PFC,PFC,None,area_resolution_status=provisional_unit_area_from_count_matched_row_order is not manuscript-safe
230818,178,230818_178,provisional_unit_area_from_count_matched_row_order,PFC,PFC,None,area_resolution_status=provisional_unit_area_from_count_matched_row_order is not manuscript-safe
230818,179,230818_179,provisional_unit_area_from_count_matched_row_order,PFC,PFC,None,area_resolution_status=provisional_unit_area_from_count_matched_row_order is not manuscript-safe
230818,180,230818_180,provisional_unit_area_from_count_matched_row_order,PFC,PFC,None,area_resolution_status=provisional_unit_area_from_count_matched_row_order is not manuscript-safe
230818,181,230818_181,provisional_unit_area_from_count_matched_row_order,PFC,PFC,None,area_resolution_status=provisional_unit_area_from_count_matched_row_order is not manuscript-safe
230818,182,230818_182,provisional_unit_area_from_count_matched_row_order,PFC,PFC,None,area_resolution_status=provisional_unit_area_from_count_matched_row_order is not manuscript-safe
230818,183,230818_183,provisional_unit_area_from_count_matched_row_order,PFC,PFC,None,area_resolution_status=provisional_unit_area_from_count_matched_row_order is not manuscript-safe
230818,184,230818_184,provisional_unit_area_from_count_matched_row_order,PFC,PFC,None,area_resolution_status=provisional_unit_area_from_count_matched_row_order is not manuscript-safe
230818,185,230818_185,provisional_unit_area_from_count_matched_row_order,PFC,PFC,None,area_resolution_status=provisional_unit_area_from_count_matched_row_order is not manuscript-safe
230818,186,230818_186,provisional_unit_area_from_count_matched_row_order,PFC,PFC,None,area_resolution_status=provisional_unit_area_from_count_matched_row_order is not manuscript-safe
230818,187,230818_187,provisional_unit_area_from_count_matched_row_order,PFC,PFC,None,area_resolution_status=provisional_unit_area_from_count_matched_row_order is not manuscript-safe
230818,188,230818_188,provisional_unit_area_from_count_matched_row_order,PFC,PFC,None,area_resolution_status=provisional_unit_area_from_count_matched_row_order is not manuscript-safe
230818,189,230818_189,provisional_unit_area_from_count_matched_row_order,PFC,PFC,None,area_resolution_status=provisional_unit_area_from_count_matched_row_order is not manuscript-safe
230818,190,230818_190,provisional_unit_area_from_count_matched_row_order,PFC,PFC,None,area_resolution_status=provisional_unit_area_from_count_matched_row_order is not manuscript-safe
230818,191,230818_191,provisional_unit_area_from_count_matched_row_order,PFC,PFC,None,area_resolution_status=provisional_unit_area_from_count_matched_row_order is not manuscript-safe
230823,0,230823_0,unmapped_no_metadata,None,Unknown,No unit metadata CSV file found,area_resolution_status=unmapped_no_metadata is not manuscript-safe
230823,1,230823_1,unmapped_no_metadata,None,Unknown,No unit metadata CSV file found,area_resolution_status=unmapped_no_metadata is not manuscript-safe
230823,2,230823_2,unmapped_no_metadata,None,Unknown,No unit metadata CSV file found,area_resolution_status=unmapped_no_metadata is not manuscript-safe
230823,3,230823_3,unmapped_no_metadata,None,Unknown,No unit metadata CSV file found,area_resolution_status=unmapped_no_metadata is not manuscript-safe
230823,4,230823_4,unmapped_no_metadata,None,Unknown,No unit metadata CSV file found,area_resolution_status=unmapped_no_metadata is not manuscript-safe
230823,5,230823_5,unmapped_no_metadata,None,Unknown,No unit metadata CSV file found,area_resolution_status=unmapped_no_metadata is not manuscript-safe
230823,6,230823_6,unmapped_no_metadata,None,Unknown,No unit metadata CSV file found,area_resolution_status=unmapped_no_metadata is not manuscript-safe
230823,7,230823_7,unmapped_no_metadata,None,Unknown,No unit metadata CSV file found,area_resolution_status=unmapped_no_metadata is not manuscript-safe
230823,8,230823_8,unmapped_no_metadata,None,Unknown,No unit metadata CSV file found,area_resolution_status=unmapped_no_metadata is not manuscript-safe
230823,9,230823_9,unmapped_no_metadata,None,Unknown,No unit metadata CSV file found,area_resolution_status=unmapped_no_metadata is not manuscript-safe
230823,10,230823_10,unmapped_no_metadata,None,Unknown,No unit metadata CSV file found,area_resolution_status=unmapped_no_metadata is not manuscript-safe
230823,11,230823_11,unmapped_no_metadata,None,Unknown,No unit metadata CSV file found,area_resolution_status=unmapped_no_metadata is not manuscript-safe
230823,12,230823_12,unmapped_no_metadata,None,Unknown,No unit metadata CSV file found,area_resolution_status=unmapped_no_metadata is not manuscript-safe
230823,13,230823_13,unmapped_no_metadata,None,Unknown,No unit metadata CSV file found,area_resolution_status=unmapped_no_metadata is not manuscript-safe
230823,14,230823_14,unmapped_no_metadata,None,Unknown,No unit metadata CSV file found,area_resolution_status=unmapped_no_metadata is not manuscript-safe
230823,15,230823_15,unmapped_no_metadata,None,Unknown,No unit metadata CSV file found,area_resolution_status=unmapped_no_metadata is not manuscript-safe
230823,16,230823_16,unmapped_no_metadata,None,Unknown,No unit metadata CSV file found,area_resolution_status=unmapped_no_metadata is not manuscript-safe
230823,17,230823_17,unmapped_no_metadata,None,Unknown,No unit metadata CSV file found,area_resolution_status=unmapped_no_metadata is not manuscript-safe
230823,18,230823_18,unmapped_no_metadata,None,Unknown,No unit metadata CSV file found,area_resolution_status=unmapped_no_metadata is not manuscript-safe
230823,19,230823_19,unmapped_no_metadata,None,Unknown,No unit metadata CSV file found,area_resolution_status=unmapped_no_metadata is not manuscript-safe
230823,20,230823_20,unmapped_no_metadata,None,Unknown,No unit metadata CSV file found,area_resolution_status=unmapped_no_metadata is not manuscript-safe
230823,21,230823_21,unmapped_no_metadata,None,Unknown,No unit metadata CSV file found,area_resolution_status=unmapped_no_metadata is not manuscript-safe
230823,22,230823_22,unmapped_no_metadata,None,Unknown,No unit metadata CSV file found,area_resolution_status=unmapped_no_metadata is not manuscript-safe
230823,23,230823_23,unmapped_no_metadata,None,Unknown,No unit metadata CSV file found,area_resolution_status=unmapped_no_metadata is not manuscript-safe
230823,24,230823_24,unmapped_no_metadata,None,Unknown,No unit metadata CSV file found,area_resolution_status=unmapped_no_metadata is not manuscript-safe
230823,25,230823_25,unmapped_no_metadata,None,Unknown,No unit metadata CSV file found,area_resolution_status=unmapped_no_metadata is not manuscript-safe
230823,26,230823_26,unmapped_no_metadata,None,Unknown,No unit metadata CSV file found,area_resolution_status=unmapped_no_metadata is not manuscript-safe
230823,27,230823_27,unmapped_no_metadata,None,Unknown,No unit metadata CSV file found,area_resolution_status=unmapped_no_metadata is not manuscript-safe
230823,28,230823_28,unmapped_no_metadata,None,Unknown,No unit metadata CSV file found,area_resolution_status=unmapped_no_metadata is not manuscript-safe
230823,29,230823_29,unmapped_no_metadata,None,Unknown,No unit metadata CSV file found,area_resolution_status=unmapped_no_metadata is not manuscript-safe
230823,30,230823_30,unmapped_no_metadata,None,Unknown,No unit metadata CSV file found,area_resolution_status=unmapped_no_metadata is not manuscript-safe
230823,31,230823_31,unmapped_no_metadata,None,Unknown,No unit metadata CSV file found,area_resolution_status=unmapped_no_metadata is not manuscript-safe
230823,32,230823_32,unmapped_no_metadata,None,Unknown,No unit metadata CSV file found,area_resolution_status=unmapped_no_metadata is not manuscript-safe
230823,33,230823_33,unmapped_no_metadata,None,Unknown,No unit metadata CSV file found,area_resolution_status=unmapped_no_metadata is not manuscript-safe
230823,34,230823_34,unmapped_no_metadata,None,Unknown,No unit metadata CSV file found,area_resolution_status=unmapped_no_metadata is not manuscript-safe
230823,35,230823_35,unmapped_no_metadata,None,Unknown,No unit metadata CSV file found,area_resolution_status=unmapped_no_metadata is not manuscript-safe
230823,36,230823_36,unmapped_no_metadata,None,Unknown,No unit metadata CSV file found,area_resolution_status=unmapped_no_metadata is not manuscript-safe
230823,37,230823_37,unmapped_no_metadata,None,Unknown,No unit metadata CSV file found,area_resolution_status=unmapped_no_metadata is not manuscript-safe
230823,38,230823_38,unmapped_no_metadata,None,Unknown,No unit metadata CSV file found,area_resolution_status=unmapped_no_metadata is not manuscript-safe
230823,39,230823_39,unmapped_no_metadata,None,Unknown,No unit metadata CSV file found,area_resolution_status=unmapped_no_metadata is not manuscript-safe
230823,40,230823_40,unmapped_no_metadata,None,Unknown,No unit metadata CSV file found,area_resolution_status=unmapped_no_metadata is not manuscript-safe
230823,41,230823_41,unmapped_no_metadata,None,Unknown,No unit metadata CSV file found,area_resolution_status=unmapped_no_metadata is not manuscript-safe
230823,42,230823_42,unmapped_no_metadata,None,Unknown,No unit metadata CSV file found,area_resolution_status=unmapped_no_metadata is not manuscript-safe
230823,43,230823_43,unmapped_no_metadata,None,Unknown,No unit metadata CSV file found,area_resolution_status=unmapped_no_metadata is not manuscript-safe
230823,44,230823_44,unmapped_no_metadata,None,Unknown,No unit metadata CSV file found,area_resolution_status=unmapped_no_metadata is not manuscript-safe
230823,45,230823_45,unmapped_no_metadata,None,Unknown,No unit metadata CSV file found,area_resolution_status=unmapped_no_metadata is not manuscript-safe
230823,46,230823_46,unmapped_no_metadata,None,Unknown,No unit metadata CSV file found,area_resolution_status=unmapped_no_metadata is not manuscript-safe
230823,47,230823_47,unmapped_no_metadata,None,Unknown,No unit metadata CSV file found,area_resolution_status=unmapped_no_metadata is not manuscript-safe
230823,48,230823_48,unmapped_no_metadata,None,Unknown,No unit metadata CSV file found,area_resolution_status=unmapped_no_metadata is not manuscript-safe
230823,49,230823_49,unmapped_no_metadata,None,Unknown,No unit metadata CSV file found,area_resolution_status=unmapped_no_metadata is not manuscript-safe
230823,50,230823_50,unmapped_no_metadata,None,Unknown,No unit metadata CSV file found,area_resolution_status=unmapped_no_metadata is not manuscript-safe
230823,51,230823_51,unmapped_no_metadata,None,Unknown,No unit metadata CSV file found,area_resolution_status=unmapped_no_metadata is not manuscript-safe
230823,52,230823_52,unmapped_no_metadata,None,Unknown,No unit metadata CSV file found,area_resolution_status=unmapped_no_metadata is not manuscript-safe
230823,53,230823_53,unmapped_no_metadata,None,Unknown,No unit metadata CSV file found,area_resolution_status=unmapped_no_metadata is not manuscript-safe
230823,54,230823_54,unmapped_no_metadata,None,Unknown,No unit metadata CSV file found,area_resolution_status=unmapped_no_metadata is not manuscript-safe
230823,55,230823_55,unmapped_no_metadata,None,Unknown,No unit metadata CSV file found,area_resolution_status=unmapped_no_metadata is not manuscript-safe
230823,56,230823_56,unmapped_no_metadata,None,Unknown,No unit metadata CSV file found,area_resolution_status=unmapped_no_metadata is not manuscript-safe
230823,57,230823_57,unmapped_no_metadata,None,Unknown,No unit metadata CSV file found,area_resolution_status=unmapped_no_metadata is not manuscript-safe
230823,58,230823_58,unmapped_no_metadata,None,Unknown,No unit metadata CSV file found,area_resolution_status=unmapped_no_metadata is not manuscript-safe
230823,59,230823_59,unmapped_no_metadata,None,Unknown,No unit metadata CSV file found,area_resolution_status=unmapped_no_metadata is not manuscript-safe
230823,60,230823_60,unmapped_no_metadata,None,Unknown,No unit metadata CSV file found,area_resolution_status=unmapped_no_metadata is not manuscript-safe
230823,61,230823_61,unmapped_no_metadata,None,Unknown,No unit metadata CSV file found,area_resolution_status=unmapped_no_metadata is not manuscript-safe
230823,62,230823_62,unmapped_no_metadata,None,Unknown,No unit metadata CSV file found,area_resolution_status=unmapped_no_metadata is not manuscript-safe
230823,63,230823_63,unmapped_no_metadata,None,Unknown,No unit metadata CSV file found,area_resolution_status=unmapped_no_metadata is not manuscript-safe
230823,64,230823_64,unmapped_no_metadata,None,Unknown,No unit metadata CSV file found,area_resolution_status=unmapped_no_metadata is not manuscript-safe
230823,65,230823_65,unmapped_no_metadata,None,Unknown,No unit metadata CSV file found,area_resolution_status=unmapped_no_metadata is not manuscript-safe
230823,66,230823_66,unmapped_no_metadata,None,Unknown,No unit metadata CSV file found,area_resolution_status=unmapped_no_metadata is not manuscript-safe
230823,67,230823_67,unmapped_no_metadata,None,Unknown,No unit metadata CSV file found,area_resolution_status=unmapped_no_metadata is not manuscript-safe
230823,68,230823_68,unmapped_no_metadata,None,Unknown,No unit metadata CSV file found,area_resolution_status=unmapped_no_metadata is not manuscript-safe
230823,69,230823_69,unmapped_no_metadata,None,Unknown,No unit metadata CSV file found,area_resolution_status=unmapped_no_metadata is not manuscript-safe
230823,70,230823_70,unmapped_no_metadata,None,Unknown,No unit metadata CSV file found,area_resolution_status=unmapped_no_metadata is not manuscript-safe
230823,71,230823_71,unmapped_no_metadata,None,Unknown,No unit metadata CSV file found,area_resolution_status=unmapped_no_metadata is not manuscript-safe
230823,72,230823_72,unmapped_no_metadata,None,Unknown,No unit metadata CSV file found,area_resolution_status=unmapped_no_metadata is not manuscript-safe
230823,73,230823_73,unmapped_no_metadata,None,Unknown,No unit metadata CSV file found,area_resolution_status=unmapped_no_metadata is not manuscript-safe
230823,74,230823_74,unmapped_no_metadata,None,Unknown,No unit metadata CSV file found,area_resolution_status=unmapped_no_metadata is not manuscript-safe
230823,75,230823_75,unmapped_no_metadata,None,Unknown,No unit metadata CSV file found,area_resolution_status=unmapped_no_metadata is not manuscript-safe
230823,76,230823_76,unmapped_no_metadata,None,Unknown,No unit metadata CSV file found,area_resolution_status=unmapped_no_metadata is not manuscript-safe
230823,77,230823_77,unmapped_no_metadata,None,Unknown,No unit metadata CSV file found,area_resolution_status=unmapped_no_metadata is not manuscript-safe
230823,78,230823_78,unmapped_no_metadata,None,Unknown,No unit metadata CSV file found,area_resolution_status=unmapped_no_metadata is not manuscript-safe
230823,79,230823_79,unmapped_no_metadata,None,Unknown,No unit metadata CSV file found,area_resolution_status=unmapped_no_metadata is not manuscript-safe
230823,80,230823_80,unmapped_no_metadata,None,Unknown,No unit metadata CSV file found,area_resolution_status=unmapped_no_metadata is not manuscript-safe
230823,81,230823_81,unmapped_no_metadata,None,Unknown,No unit metadata CSV file found,area_resolution_status=unmapped_no_metadata is not manuscript-safe
230823,82,230823_82,unmapped_no_metadata,None,Unknown,No unit metadata CSV file found,area_resolution_status=unmapped_no_metadata is not manuscript-safe
230823,83,230823_83,unmapped_no_metadata,None,Unknown,No unit metadata CSV file found,area_resolution_status=unmapped_no_metadata is not manuscript-safe
230823,84,230823_84,unmapped_no_metadata,None,Unknown,No unit metadata CSV file found,area_resolution_status=unmapped_no_metadata is not manuscript-safe
230823,85,230823_85,unmapped_no_metadata,None,Unknown,No unit metadata CSV file found,area_resolution_status=unmapped_no_metadata is not manuscript-safe
230823,86,230823_86,unmapped_no_metadata,None,Unknown,No unit metadata CSV file found,area_resolution_status=unmapped_no_metadata is not manuscript-safe
230823,87,230823_87,unmapped_no_metadata,None,Unknown,No unit metadata CSV file found,area_resolution_status=unmapped_no_metadata is not manuscript-safe
230823,88,230823_88,unmapped_no_metadata,None,Unknown,No unit metadata CSV file found,area_resolution_status=unmapped_no_metadata is not manuscript-safe
230823,89,230823_89,unmapped_no_metadata,None,Unknown,No unit metadata CSV file found,area_resolution_status=unmapped_no_metadata is not manuscript-safe
230823,90,230823_90,unmapped_no_metadata,None,Unknown,No unit metadata CSV file found,area_resolution_status=unmapped_no_metadata is not manuscript-safe
230823,91,230823_91,unmapped_no_metadata,None,Unknown,No unit metadata CSV file found,area_resolution_status=unmapped_no_metadata is not manuscript-safe
230823,92,230823_92,unmapped_no_metadata,None,Unknown,No unit metadata CSV file found,area_resolution_status=unmapped_no_metadata is not manuscript-safe
230823,93,230823_93,unmapped_no_metadata,None,Unknown,No unit metadata CSV file found,area_resolution_status=unmapped_no_metadata is not manuscript-safe
230823,94,230823_94,unmapped_no_metadata,None,Unknown,No unit metadata CSV file found,area_resolution_status=unmapped_no_metadata is not manuscript-safe
230823,95,230823_95,unmapped_no_metadata,None,Unknown,No unit metadata CSV file found,area_resolution_status=unmapped_no_metadata is not manuscript-safe
230823,96,230823_96,unmapped_no_metadata,None,Unknown,No unit metadata CSV file found,area_resolution_status=unmapped_no_metadata is not manuscript-safe
230823,97,230823_97,unmapped_no_metadata,None,Unknown,No unit metadata CSV file found,area_resolution_status=unmapped_no_metadata is not manuscript-safe
230823,98,230823_98,unmapped_no_metadata,None,Unknown,No unit metadata CSV file found,area_resolution_status=unmapped_no_metadata is not manuscript-safe
230823,99,230823_99,unmapped_no_metadata,None,Unknown,No unit metadata CSV file found,area_resolution_status=unmapped_no_metadata is not manuscript-safe
230823,100,230823_100,unmapped_no_metadata,None,Unknown,No unit metadata CSV file found,area_resolution_status=unmapped_no_metadata is not manuscript-safe
230823,101,230823_101,unmapped_no_metadata,None,Unknown,No unit metadata CSV file found,area_resolution_status=unmapped_no_metadata is not manuscript-safe
230823,102,230823_102,unmapped_no_metadata,None,Unknown,No unit metadata CSV file found,area_resolution_status=unmapped_no_metadata is not manuscript-safe
230823,103,230823_103,unmapped_no_metadata,None,Unknown,No unit metadata CSV file found,area_resolution_status=unmapped_no_metadata is not manuscript-safe
230823,104,230823_104,unmapped_no_metadata,None,Unknown,No unit metadata CSV file found,area_resolution_status=unmapped_no_metadata is not manuscript-safe
230823,105,230823_105,unmapped_no_metadata,None,Unknown,No unit metadata CSV file found,area_resolution_status=unmapped_no_metadata is not manuscript-safe
230823,106,230823_106,unmapped_no_metadata,None,Unknown,No unit metadata CSV file found,area_resolution_status=unmapped_no_metadata is not manuscript-safe
230823,107,230823_107,unmapped_no_metadata,None,Unknown,No unit metadata CSV file found,area_resolution_status=unmapped_no_metadata is not manuscript-safe
230823,108,230823_108,unmapped_no_metadata,None,Unknown,No unit metadata CSV file found,area_resolution_status=unmapped_no_metadata is not manuscript-safe
230823,109,230823_109,unmapped_no_metadata,None,Unknown,No unit metadata CSV file found,area_resolution_status=unmapped_no_metadata is not manuscript-safe
230823,110,230823_110,unmapped_no_metadata,None,Unknown,No unit metadata CSV file found,area_resolution_status=unmapped_no_metadata is not manuscript-safe
230823,111,230823_111,unmapped_no_metadata,None,Unknown,No unit metadata CSV file found,area_resolution_status=unmapped_no_metadata is not manuscript-safe
230823,112,230823_112,unmapped_no_metadata,None,Unknown,No unit metadata CSV file found,area_resolution_status=unmapped_no_metadata is not manuscript-safe
230823,113,230823_113,unmapped_no_metadata,None,Unknown,No unit metadata CSV file found,area_resolution_status=unmapped_no_metadata is not manuscript-safe
230823,114,230823_114,unmapped_no_metadata,None,Unknown,No unit metadata CSV file found,area_resolution_status=unmapped_no_metadata is not manuscript-safe
230823,115,230823_115,unmapped_no_metadata,None,Unknown,No unit metadata CSV file found,area_resolution_status=unmapped_no_metadata is not manuscript-safe
230823,116,230823_116,unmapped_no_metadata,None,Unknown,No unit metadata CSV file found,area_resolution_status=unmapped_no_metadata is not manuscript-safe
230823,117,230823_117,unmapped_no_metadata,None,Unknown,No unit metadata CSV file found,area_resolution_status=unmapped_no_metadata is not manuscript-safe
230823,118,230823_118,unmapped_no_metadata,None,Unknown,No unit metadata CSV file found,area_resolution_status=unmapped_no_metadata is not manuscript-safe
230823,119,230823_119,unmapped_no_metadata,None,Unknown,No unit metadata CSV file found,area_resolution_status=unmapped_no_metadata is not manuscript-safe
230823,120,230823_120,unmapped_no_metadata,None,Unknown,No unit metadata CSV file found,area_resolution_status=unmapped_no_metadata is not manuscript-safe
230823,121,230823_121,unmapped_no_metadata,None,Unknown,No unit metadata CSV file found,area_resolution_status=unmapped_no_metadata is not manuscript-safe
230823,122,230823_122,unmapped_no_metadata,None,Unknown,No unit metadata CSV file found,area_resolution_status=unmapped_no_metadata is not manuscript-safe
230823,123,230823_123,unmapped_no_metadata,None,Unknown,No unit metadata CSV file found,area_resolution_status=unmapped_no_metadata is not manuscript-safe
230823,124,230823_124,unmapped_no_metadata,None,Unknown,No unit metadata CSV file found,area_resolution_status=unmapped_no_metadata is not manuscript-safe
230823,125,230823_125,unmapped_no_metadata,None,Unknown,No unit metadata CSV file found,area_resolution_status=unmapped_no_metadata is not manuscript-safe
230823,126,230823_126,unmapped_no_metadata,None,Unknown,No unit metadata CSV file found,area_resolution_status=unmapped_no_metadata is not manuscript-safe
230823,127,230823_127,unmapped_no_metadata,None,Unknown,No unit metadata CSV file found,area_resolution_status=unmapped_no_metadata is not manuscript-safe
230823,128,230823_128,unmapped_no_metadata,None,Unknown,No unit metadata CSV file found,area_resolution_status=unmapped_no_metadata is not manuscript-safe
230823,129,230823_129,unmapped_no_metadata,None,Unknown,No unit metadata CSV file found,area_resolution_status=unmapped_no_metadata is not manuscript-safe
230823,130,230823_130,unmapped_no_metadata,None,Unknown,No unit metadata CSV file found,area_resolution_status=unmapped_no_metadata is not manuscript-safe
230823,131,230823_131,unmapped_no_metadata,None,Unknown,No unit metadata CSV file found,area_resolution_status=unmapped_no_metadata is not manuscript-safe
230823,132,230823_132,unmapped_no_metadata,None,Unknown,No unit metadata CSV file found,area_resolution_status=unmapped_no_metadata is not manuscript-safe
230823,133,230823_133,unmapped_no_metadata,None,Unknown,No unit metadata CSV file found,area_resolution_status=unmapped_no_metadata is not manuscript-safe
230823,134,230823_134,unmapped_no_metadata,None,Unknown,No unit metadata CSV file found,area_resolution_status=unmapped_no_metadata is not manuscript-safe
230823,135,230823_135,unmapped_no_metadata,None,Unknown,No unit metadata CSV file found,area_resolution_status=unmapped_no_metadata is not manuscript-safe
230823,136,230823_136,unmapped_no_metadata,None,Unknown,No unit metadata CSV file found,area_resolution_status=unmapped_no_metadata is not manuscript-safe
230823,137,230823_137,unmapped_no_metadata,None,Unknown,No unit metadata CSV file found,area_resolution_status=unmapped_no_metadata is not manuscript-safe
230823,138,230823_138,unmapped_no_metadata,None,Unknown,No unit metadata CSV file found,area_resolution_status=unmapped_no_metadata is not manuscript-safe
230823,139,230823_139,unmapped_no_metadata,None,Unknown,No unit metadata CSV file found,area_resolution_status=unmapped_no_metadata is not manuscript-safe
230823,140,230823_140,unmapped_no_metadata,None,Unknown,No unit metadata CSV file found,area_resolution_status=unmapped_no_metadata is not manuscript-safe
230823,141,230823_141,unmapped_no_metadata,None,Unknown,No unit metadata CSV file found,area_resolution_status=unmapped_no_metadata is not manuscript-safe
230823,142,230823_142,unmapped_no_metadata,None,Unknown,No unit metadata CSV file found,area_resolution_status=unmapped_no_metadata is not manuscript-safe
230823,143,230823_143,unmapped_no_metadata,None,Unknown,No unit metadata CSV file found,area_resolution_status=unmapped_no_metadata is not manuscript-safe
230823,144,230823_144,unmapped_no_metadata,None,Unknown,No unit metadata CSV file found,area_resolution_status=unmapped_no_metadata is not manuscript-safe
230823,145,230823_145,unmapped_no_metadata,None,Unknown,No unit metadata CSV file found,area_resolution_status=unmapped_no_metadata is not manuscript-safe
230823,146,230823_146,unmapped_no_metadata,None,Unknown,No unit metadata CSV file found,area_resolution_status=unmapped_no_metadata is not manuscript-safe
230823,147,230823_147,unmapped_no_metadata,None,Unknown,No unit metadata CSV file found,area_resolution_status=unmapped_no_metadata is not manuscript-safe
230823,148,230823_148,unmapped_no_metadata,None,Unknown,No unit metadata CSV file found,area_resolution_status=unmapped_no_metadata is not manuscript-safe
230823,149,230823_149,unmapped_no_metadata,None,Unknown,No unit metadata CSV file found,area_resolution_status=unmapped_no_metadata is not manuscript-safe
230823,150,230823_150,unmapped_no_metadata,None,Unknown,No unit metadata CSV file found,area_resolution_status=unmapped_no_metadata is not manuscript-safe
230823,151,230823_151,unmapped_no_metadata,None,Unknown,No unit metadata CSV file found,area_resolution_status=unmapped_no_metadata is not manuscript-safe
230823,152,230823_152,unmapped_no_metadata,None,Unknown,No unit metadata CSV file found,area_resolution_status=unmapped_no_metadata is not manuscript-safe
230823,153,230823_153,unmapped_no_metadata,None,Unknown,No unit metadata CSV file found,area_resolution_status=unmapped_no_metadata is not manuscript-safe
230823,154,230823_154,unmapped_no_metadata,None,Unknown,No unit metadata CSV file found,area_resolution_status=unmapped_no_metadata is not manuscript-safe
230823,155,230823_155,unmapped_no_metadata,None,Unknown,No unit metadata CSV file found,area_resolution_status=unmapped_no_metadata is not manuscript-safe
230823,156,230823_156,unmapped_no_metadata,None,Unknown,No unit metadata CSV file found,area_resolution_status=unmapped_no_metadata is not manuscript-safe
230823,157,230823_157,unmapped_no_metadata,None,Unknown,No unit metadata CSV file found,area_resolution_status=unmapped_no_metadata is not manuscript-safe
230823,158,230823_158,unmapped_no_metadata,None,Unknown,No unit metadata CSV file found,area_resolution_status=unmapped_no_metadata is not manuscript-safe
230823,159,230823_159,unmapped_no_metadata,None,Unknown,No unit metadata CSV file found,area_resolution_status=unmapped_no_metadata is not manuscript-safe
230823,160,230823_160,unmapped_no_metadata,None,Unknown,No unit metadata CSV file found,area_resolution_status=unmapped_no_metadata is not manuscript-safe
230823,161,230823_161,unmapped_no_metadata,None,Unknown,No unit metadata CSV file found,area_resolution_status=unmapped_no_metadata is not manuscript-safe
230823,162,230823_162,unmapped_no_metadata,None,Unknown,No unit metadata CSV file found,area_resolution_status=unmapped_no_metadata is not manuscript-safe
230823,163,230823_163,unmapped_no_metadata,None,Unknown,No unit metadata CSV file found,area_resolution_status=unmapped_no_metadata is not manuscript-safe
230823,164,230823_164,unmapped_no_metadata,None,Unknown,No unit metadata CSV file found,area_resolution_status=unmapped_no_metadata is not manuscript-safe
230823,165,230823_165,unmapped_no_metadata,None,Unknown,No unit metadata CSV file found,area_resolution_status=unmapped_no_metadata is not manuscript-safe
230823,166,230823_166,unmapped_no_metadata,None,Unknown,No unit metadata CSV file found,area_resolution_status=unmapped_no_metadata is not manuscript-safe
230823,167,230823_167,unmapped_no_metadata,None,Unknown,No unit metadata CSV file found,area_resolution_status=unmapped_no_metadata is not manuscript-safe
230823,168,230823_168,unmapped_no_metadata,None,Unknown,No unit metadata CSV file found,area_resolution_status=unmapped_no_metadata is not manuscript-safe
230823,169,230823_169,unmapped_no_metadata,None,Unknown,No unit metadata CSV file found,area_resolution_status=unmapped_no_metadata is not manuscript-safe
230823,170,230823_170,unmapped_no_metadata,None,Unknown,No unit metadata CSV file found,area_resolution_status=unmapped_no_metadata is not manuscript-safe
230823,171,230823_171,unmapped_no_metadata,None,Unknown,No unit metadata CSV file found,area_resolution_status=unmapped_no_metadata is not manuscript-safe
230823,172,230823_172,unmapped_no_metadata,None,Unknown,No unit metadata CSV file found,area_resolution_status=unmapped_no_metadata is not manuscript-safe
230823,173,230823_173,unmapped_no_metadata,None,Unknown,No unit metadata CSV file found,area_resolution_status=unmapped_no_metadata is not manuscript-safe
230823,174,230823_174,unmapped_no_metadata,None,Unknown,No unit metadata CSV file found,area_resolution_status=unmapped_no_metadata is not manuscript-safe
230823,175,230823_175,unmapped_no_metadata,None,Unknown,No unit metadata CSV file found,area_resolution_status=unmapped_no_metadata is not manuscript-safe
230823,176,230823_176,unmapped_no_metadata,None,Unknown,No unit metadata CSV file found,area_resolution_status=unmapped_no_metadata is not manuscript-safe
230823,177,230823_177,unmapped_no_metadata,None,Unknown,No unit metadata CSV file found,area_resolution_status=unmapped_no_metadata is not manuscript-safe
230823,178,230823_178,unmapped_no_metadata,None,Unknown,No unit metadata CSV file found,area_resolution_status=unmapped_no_metadata is not manuscript-safe
230823,179,230823_179,unmapped_no_metadata,None,Unknown,No unit metadata CSV file found,area_resolution_status=unmapped_no_metadata is not manuscript-safe
230823,180,230823_180,unmapped_no_metadata,None,Unknown,No unit metadata CSV file found,area_resolution_status=unmapped_no_metadata is not manuscript-safe
230823,181,230823_181,unmapped_no_metadata,None,Unknown,No unit metadata CSV file found,area_resolution_status=unmapped_no_metadata is not manuscript-safe
230823,182,230823_182,unmapped_no_metadata,None,Unknown,No unit metadata CSV file found,area_resolution_status=unmapped_no_metadata is not manuscript-safe
230823,183,230823_183,unmapped_no_metadata,None,Unknown,No unit metadata CSV file found,area_resolution_status=unmapped_no_metadata is not manuscript-safe
230823,184,230823_184,unmapped_no_metadata,None,Unknown,No unit metadata CSV file found,area_resolution_status=unmapped_no_metadata is not manuscript-safe
230823,185,230823_185,unmapped_no_metadata,None,Unknown,No unit metadata CSV file found,area_resolution_status=unmapped_no_metadata is not manuscript-safe
230823,186,230823_186,unmapped_no_metadata,None,Unknown,No unit metadata CSV file found,area_resolution_status=unmapped_no_metadata is not manuscript-safe
230823,187,230823_187,unmapped_no_metadata,None,Unknown,No unit metadata CSV file found,area_resolution_status=unmapped_no_metadata is not manuscript-safe
230823,188,230823_188,unmapped_no_metadata,None,Unknown,No unit metadata CSV file found,area_resolution_status=unmapped_no_metadata is not manuscript-safe
230823,189,230823_189,unmapped_no_metadata,None,Unknown,No unit metadata CSV file found,area_resolution_status=unmapped_no_metadata is not manuscript-safe
230823,190,230823_190,unmapped_no_metadata,None,Unknown,No unit metadata CSV file found,area_resolution_status=unmapped_no_metadata is not manuscript-safe
230823,191,230823_191,unmapped_no_metadata,None,Unknown,No unit metadata CSV file found,area_resolution_status=unmapped_no_metadata is not manuscript-safe
230823,192,230823_192,unmapped_no_metadata,None,Unknown,No unit metadata CSV file found,area_resolution_status=unmapped_no_metadata is not manuscript-safe
230825,0,230825_0,unmapped_no_metadata,None,Unknown,No unit metadata CSV file found,area_resolution_status=unmapped_no_metadata is not manuscript-safe
230825,1,230825_1,unmapped_no_metadata,None,Unknown,No unit metadata CSV file found,area_resolution_status=unmapped_no_metadata is not manuscript-safe
230825,2,230825_2,unmapped_no_metadata,None,Unknown,No unit metadata CSV file found,area_resolution_status=unmapped_no_metadata is not manuscript-safe
230825,3,230825_3,unmapped_no_metadata,None,Unknown,No unit metadata CSV file found,area_resolution_status=unmapped_no_metadata is not manuscript-safe
230825,4,230825_4,unmapped_no_metadata,None,Unknown,No unit metadata CSV file found,area_resolution_status=unmapped_no_metadata is not manuscript-safe
230825,5,230825_5,unmapped_no_metadata,None,Unknown,No unit metadata CSV file found,area_resolution_status=unmapped_no_metadata is not manuscript-safe
230825,6,230825_6,unmapped_no_metadata,None,Unknown,No unit metadata CSV file found,area_resolution_status=unmapped_no_metadata is not manuscript-safe
230825,7,230825_7,unmapped_no_metadata,None,Unknown,No unit metadata CSV file found,area_resolution_status=unmapped_no_metadata is not manuscript-safe
230825,8,230825_8,unmapped_no_metadata,None,Unknown,No unit metadata CSV file found,area_resolution_status=unmapped_no_metadata is not manuscript-safe
230825,9,230825_9,unmapped_no_metadata,None,Unknown,No unit metadata CSV file found,area_resolution_status=unmapped_no_metadata is not manuscript-safe
230825,10,230825_10,unmapped_no_metadata,None,Unknown,No unit metadata CSV file found,area_resolution_status=unmapped_no_metadata is not manuscript-safe
230825,11,230825_11,unmapped_no_metadata,None,Unknown,No unit metadata CSV file found,area_resolution_status=unmapped_no_metadata is not manuscript-safe
230825,12,230825_12,unmapped_no_metadata,None,Unknown,No unit metadata CSV file found,area_resolution_status=unmapped_no_metadata is not manuscript-safe
230825,13,230825_13,unmapped_no_metadata,None,Unknown,No unit metadata CSV file found,area_resolution_status=unmapped_no_metadata is not manuscript-safe
230825,14,230825_14,unmapped_no_metadata,None,Unknown,No unit metadata CSV file found,area_resolution_status=unmapped_no_metadata is not manuscript-safe
230825,15,230825_15,unmapped_no_metadata,None,Unknown,No unit metadata CSV file found,area_resolution_status=unmapped_no_metadata is not manuscript-safe
230825,16,230825_16,unmapped_no_metadata,None,Unknown,No unit metadata CSV file found,area_resolution_status=unmapped_no_metadata is not manuscript-safe
230825,17,230825_17,unmapped_no_metadata,None,Unknown,No unit metadata CSV file found,area_resolution_status=unmapped_no_metadata is not manuscript-safe
230825,18,230825_18,unmapped_no_metadata,None,Unknown,No unit metadata CSV file found,area_resolution_status=unmapped_no_metadata is not manuscript-safe
230825,19,230825_19,unmapped_no_metadata,None,Unknown,No unit metadata CSV file found,area_resolution_status=unmapped_no_metadata is not manuscript-safe
230825,20,230825_20,unmapped_no_metadata,None,Unknown,No unit metadata CSV file found,area_resolution_status=unmapped_no_metadata is not manuscript-safe
230825,21,230825_21,unmapped_no_metadata,None,Unknown,No unit metadata CSV file found,area_resolution_status=unmapped_no_metadata is not manuscript-safe
230825,22,230825_22,unmapped_no_metadata,None,Unknown,No unit metadata CSV file found,area_resolution_status=unmapped_no_metadata is not manuscript-safe
230825,23,230825_23,unmapped_no_metadata,None,Unknown,No unit metadata CSV file found,area_resolution_status=unmapped_no_metadata is not manuscript-safe
230825,24,230825_24,unmapped_no_metadata,None,Unknown,No unit metadata CSV file found,area_resolution_status=unmapped_no_metadata is not manuscript-safe
230825,25,230825_25,unmapped_no_metadata,None,Unknown,No unit metadata CSV file found,area_resolution_status=unmapped_no_metadata is not manuscript-safe
230825,26,230825_26,unmapped_no_metadata,None,Unknown,No unit metadata CSV file found,area_resolution_status=unmapped_no_metadata is not manuscript-safe
230825,27,230825_27,unmapped_no_metadata,None,Unknown,No unit metadata CSV file found,area_resolution_status=unmapped_no_metadata is not manuscript-safe
230825,28,230825_28,unmapped_no_metadata,None,Unknown,No unit metadata CSV file found,area_resolution_status=unmapped_no_metadata is not manuscript-safe
230825,29,230825_29,unmapped_no_metadata,None,Unknown,No unit metadata CSV file found,area_resolution_status=unmapped_no_metadata is not manuscript-safe
230825,30,230825_30,unmapped_no_metadata,None,Unknown,No unit metadata CSV file found,area_resolution_status=unmapped_no_metadata is not manuscript-safe
230825,31,230825_31,unmapped_no_metadata,None,Unknown,No unit metadata CSV file found,area_resolution_status=unmapped_no_metadata is not manuscript-safe
230825,32,230825_32,unmapped_no_metadata,None,Unknown,No unit metadata CSV file found,area_resolution_status=unmapped_no_metadata is not manuscript-safe
230825,33,230825_33,unmapped_no_metadata,None,Unknown,No unit metadata CSV file found,area_resolution_status=unmapped_no_metadata is not manuscript-safe
230825,34,230825_34,unmapped_no_metadata,None,Unknown,No unit metadata CSV file found,area_resolution_status=unmapped_no_metadata is not manuscript-safe
230825,35,230825_35,unmapped_no_metadata,None,Unknown,No unit metadata CSV file found,area_resolution_status=unmapped_no_metadata is not manuscript-safe
230825,36,230825_36,unmapped_no_metadata,None,Unknown,No unit metadata CSV file found,area_resolution_status=unmapped_no_metadata is not manuscript-safe
230825,37,230825_37,unmapped_no_metadata,None,Unknown,No unit metadata CSV file found,area_resolution_status=unmapped_no_metadata is not manuscript-safe
230825,38,230825_38,unmapped_no_metadata,None,Unknown,No unit metadata CSV file found,area_resolution_status=unmapped_no_metadata is not manuscript-safe
230825,39,230825_39,unmapped_no_metadata,None,Unknown,No unit metadata CSV file found,area_resolution_status=unmapped_no_metadata is not manuscript-safe
230825,40,230825_40,unmapped_no_metadata,None,Unknown,No unit metadata CSV file found,area_resolution_status=unmapped_no_metadata is not manuscript-safe
230825,41,230825_41,unmapped_no_metadata,None,Unknown,No unit metadata CSV file found,area_resolution_status=unmapped_no_metadata is not manuscript-safe
230825,42,230825_42,unmapped_no_metadata,None,Unknown,No unit metadata CSV file found,area_resolution_status=unmapped_no_metadata is not manuscript-safe
230825,43,230825_43,unmapped_no_metadata,None,Unknown,No unit metadata CSV file found,area_resolution_status=unmapped_no_metadata is not manuscript-safe
230825,44,230825_44,unmapped_no_metadata,None,Unknown,No unit metadata CSV file found,area_resolution_status=unmapped_no_metadata is not manuscript-safe
230825,45,230825_45,unmapped_no_metadata,None,Unknown,No unit metadata CSV file found,area_resolution_status=unmapped_no_metadata is not manuscript-safe
230825,46,230825_46,unmapped_no_metadata,None,Unknown,No unit metadata CSV file found,area_resolution_status=unmapped_no_metadata is not manuscript-safe
230825,47,230825_47,unmapped_no_metadata,None,Unknown,No unit metadata CSV file found,area_resolution_status=unmapped_no_metadata is not manuscript-safe
230825,48,230825_48,unmapped_no_metadata,None,Unknown,No unit metadata CSV file found,area_resolution_status=unmapped_no_metadata is not manuscript-safe
230825,49,230825_49,unmapped_no_metadata,None,Unknown,No unit metadata CSV file found,area_resolution_status=unmapped_no_metadata is not manuscript-safe
230825,50,230825_50,unmapped_no_metadata,None,Unknown,No unit metadata CSV file found,area_resolution_status=unmapped_no_metadata is not manuscript-safe
230825,51,230825_51,unmapped_no_metadata,None,Unknown,No unit metadata CSV file found,area_resolution_status=unmapped_no_metadata is not manuscript-safe
230825,52,230825_52,unmapped_no_metadata,None,Unknown,No unit metadata CSV file found,area_resolution_status=unmapped_no_metadata is not manuscript-safe
230825,53,230825_53,unmapped_no_metadata,None,Unknown,No unit metadata CSV file found,area_resolution_status=unmapped_no_metadata is not manuscript-safe
230825,54,230825_54,unmapped_no_metadata,None,Unknown,No unit metadata CSV file found,area_resolution_status=unmapped_no_metadata is not manuscript-safe
230825,55,230825_55,unmapped_no_metadata,None,Unknown,No unit metadata CSV file found,area_resolution_status=unmapped_no_metadata is not manuscript-safe
230825,56,230825_56,unmapped_no_metadata,None,Unknown,No unit metadata CSV file found,area_resolution_status=unmapped_no_metadata is not manuscript-safe
230825,57,230825_57,unmapped_no_metadata,None,Unknown,No unit metadata CSV file found,area_resolution_status=unmapped_no_metadata is not manuscript-safe
230825,58,230825_58,unmapped_no_metadata,None,Unknown,No unit metadata CSV file found,area_resolution_status=unmapped_no_metadata is not manuscript-safe
230825,59,230825_59,unmapped_no_metadata,None,Unknown,No unit metadata CSV file found,area_resolution_status=unmapped_no_metadata is not manuscript-safe
230825,60,230825_60,unmapped_no_metadata,None,Unknown,No unit metadata CSV file found,area_resolution_status=unmapped_no_metadata is not manuscript-safe
230825,61,230825_61,unmapped_no_metadata,None,Unknown,No unit metadata CSV file found,area_resolution_status=unmapped_no_metadata is not manuscript-safe
230825,62,230825_62,unmapped_no_metadata,None,Unknown,No unit metadata CSV file found,area_resolution_status=unmapped_no_metadata is not manuscript-safe
230825,63,230825_63,unmapped_no_metadata,None,Unknown,No unit metadata CSV file found,area_resolution_status=unmapped_no_metadata is not manuscript-safe
230825,64,230825_64,unmapped_no_metadata,None,Unknown,No unit metadata CSV file found,area_resolution_status=unmapped_no_metadata is not manuscript-safe
230825,65,230825_65,unmapped_no_metadata,None,Unknown,No unit metadata CSV file found,area_resolution_status=unmapped_no_metadata is not manuscript-safe
230825,66,230825_66,unmapped_no_metadata,None,Unknown,No unit metadata CSV file found,area_resolution_status=unmapped_no_metadata is not manuscript-safe
230825,67,230825_67,unmapped_no_metadata,None,Unknown,No unit metadata CSV file found,area_resolution_status=unmapped_no_metadata is not manuscript-safe
230825,68,230825_68,unmapped_no_metadata,None,Unknown,No unit metadata CSV file found,area_resolution_status=unmapped_no_metadata is not manuscript-safe
230825,69,230825_69,unmapped_no_metadata,None,Unknown,No unit metadata CSV file found,area_resolution_status=unmapped_no_metadata is not manuscript-safe
230825,70,230825_70,unmapped_no_metadata,None,Unknown,No unit metadata CSV file found,area_resolution_status=unmapped_no_metadata is not manuscript-safe
230825,71,230825_71,unmapped_no_metadata,None,Unknown,No unit metadata CSV file found,area_resolution_status=unmapped_no_metadata is not manuscript-safe
230825,72,230825_72,unmapped_no_metadata,None,Unknown,No unit metadata CSV file found,area_resolution_status=unmapped_no_metadata is not manuscript-safe
230825,73,230825_73,unmapped_no_metadata,None,Unknown,No unit metadata CSV file found,area_resolution_status=unmapped_no_metadata is not manuscript-safe
230825,74,230825_74,unmapped_no_metadata,None,Unknown,No unit metadata CSV file found,area_resolution_status=unmapped_no_metadata is not manuscript-safe
230825,75,230825_75,unmapped_no_metadata,None,Unknown,No unit metadata CSV file found,area_resolution_status=unmapped_no_metadata is not manuscript-safe
230825,76,230825_76,unmapped_no_metadata,None,Unknown,No unit metadata CSV file found,area_resolution_status=unmapped_no_metadata is not manuscript-safe
230825,77,230825_77,unmapped_no_metadata,None,Unknown,No unit metadata CSV file found,area_resolution_status=unmapped_no_metadata is not manuscript-safe
230825,78,230825_78,unmapped_no_metadata,None,Unknown,No unit metadata CSV file found,area_resolution_status=unmapped_no_metadata is not manuscript-safe
230825,79,230825_79,unmapped_no_metadata,None,Unknown,No unit metadata CSV file found,area_resolution_status=unmapped_no_metadata is not manuscript-safe
230825,80,230825_80,unmapped_no_metadata,None,Unknown,No unit metadata CSV file found,area_resolution_status=unmapped_no_metadata is not manuscript-safe
230825,81,230825_81,unmapped_no_metadata,None,Unknown,No unit metadata CSV file found,area_resolution_status=unmapped_no_metadata is not manuscript-safe
230825,82,230825_82,unmapped_no_metadata,None,Unknown,No unit metadata CSV file found,area_resolution_status=unmapped_no_metadata is not manuscript-safe
230825,83,230825_83,unmapped_no_metadata,None,Unknown,No unit metadata CSV file found,area_resolution_status=unmapped_no_metadata is not manuscript-safe
230825,84,230825_84,unmapped_no_metadata,None,Unknown,No unit metadata CSV file found,area_resolution_status=unmapped_no_metadata is not manuscript-safe
230825,85,230825_85,unmapped_no_metadata,None,Unknown,No unit metadata CSV file found,area_resolution_status=unmapped_no_metadata is not manuscript-safe
230825,86,230825_86,unmapped_no_metadata,None,Unknown,No unit metadata CSV file found,area_resolution_status=unmapped_no_metadata is not manuscript-safe
230825,87,230825_87,unmapped_no_metadata,None,Unknown,No unit metadata CSV file found,area_resolution_status=unmapped_no_metadata is not manuscript-safe
230825,88,230825_88,unmapped_no_metadata,None,Unknown,No unit metadata CSV file found,area_resolution_status=unmapped_no_metadata is not manuscript-safe
230825,89,230825_89,unmapped_no_metadata,None,Unknown,No unit metadata CSV file found,area_resolution_status=unmapped_no_metadata is not manuscript-safe
230825,90,230825_90,unmapped_no_metadata,None,Unknown,No unit metadata CSV file found,area_resolution_status=unmapped_no_metadata is not manuscript-safe
230825,91,230825_91,unmapped_no_metadata,None,Unknown,No unit metadata CSV file found,area_resolution_status=unmapped_no_metadata is not manuscript-safe
230825,92,230825_92,unmapped_no_metadata,None,Unknown,No unit metadata CSV file found,area_resolution_status=unmapped_no_metadata is not manuscript-safe
230825,93,230825_93,unmapped_no_metadata,None,Unknown,No unit metadata CSV file found,area_resolution_status=unmapped_no_metadata is not manuscript-safe
230825,94,230825_94,unmapped_no_metadata,None,Unknown,No unit metadata CSV file found,area_resolution_status=unmapped_no_metadata is not manuscript-safe
230825,95,230825_95,unmapped_no_metadata,None,Unknown,No unit metadata CSV file found,area_resolution_status=unmapped_no_metadata is not manuscript-safe
230825,96,230825_96,unmapped_no_metadata,None,Unknown,No unit metadata CSV file found,area_resolution_status=unmapped_no_metadata is not manuscript-safe
230825,97,230825_97,unmapped_no_metadata,None,Unknown,No unit metadata CSV file found,area_resolution_status=unmapped_no_metadata is not manuscript-safe
230825,98,230825_98,unmapped_no_metadata,None,Unknown,No unit metadata CSV file found,area_resolution_status=unmapped_no_metadata is not manuscript-safe
230825,99,230825_99,unmapped_no_metadata,None,Unknown,No unit metadata CSV file found,area_resolution_status=unmapped_no_metadata is not manuscript-safe
230825,100,230825_100,unmapped_no_metadata,None,Unknown,No unit metadata CSV file found,area_resolution_status=unmapped_no_metadata is not manuscript-safe
230825,101,230825_101,unmapped_no_metadata,None,Unknown,No unit metadata CSV file found,area_resolution_status=unmapped_no_metadata is not manuscript-safe
230825,102,230825_102,unmapped_no_metadata,None,Unknown,No unit metadata CSV file found,area_resolution_status=unmapped_no_metadata is not manuscript-safe
230825,103,230825_103,unmapped_no_metadata,None,Unknown,No unit metadata CSV file found,area_resolution_status=unmapped_no_metadata is not manuscript-safe
230825,104,230825_104,unmapped_no_metadata,None,Unknown,No unit metadata CSV file found,area_resolution_status=unmapped_no_metadata is not manuscript-safe
230825,105,230825_105,unmapped_no_metadata,None,Unknown,No unit metadata CSV file found,area_resolution_status=unmapped_no_metadata is not manuscript-safe
230825,106,230825_106,unmapped_no_metadata,None,Unknown,No unit metadata CSV file found,area_resolution_status=unmapped_no_metadata is not manuscript-safe
230825,107,230825_107,unmapped_no_metadata,None,Unknown,No unit metadata CSV file found,area_resolution_status=unmapped_no_metadata is not manuscript-safe
230825,108,230825_108,unmapped_no_metadata,None,Unknown,No unit metadata CSV file found,area_resolution_status=unmapped_no_metadata is not manuscript-safe
230825,109,230825_109,unmapped_no_metadata,None,Unknown,No unit metadata CSV file found,area_resolution_status=unmapped_no_metadata is not manuscript-safe
230825,110,230825_110,unmapped_no_metadata,None,Unknown,No unit metadata CSV file found,area_resolution_status=unmapped_no_metadata is not manuscript-safe
230825,111,230825_111,unmapped_no_metadata,None,Unknown,No unit metadata CSV file found,area_resolution_status=unmapped_no_metadata is not manuscript-safe
230825,112,230825_112,unmapped_no_metadata,None,Unknown,No unit metadata CSV file found,area_resolution_status=unmapped_no_metadata is not manuscript-safe
230825,113,230825_113,unmapped_no_metadata,None,Unknown,No unit metadata CSV file found,area_resolution_status=unmapped_no_metadata is not manuscript-safe
230825,114,230825_114,unmapped_no_metadata,None,Unknown,No unit metadata CSV file found,area_resolution_status=unmapped_no_metadata is not manuscript-safe
230825,115,230825_115,unmapped_no_metadata,None,Unknown,No unit metadata CSV file found,area_resolution_status=unmapped_no_metadata is not manuscript-safe
230825,116,230825_116,unmapped_no_metadata,None,Unknown,No unit metadata CSV file found,area_resolution_status=unmapped_no_metadata is not manuscript-safe
230825,117,230825_117,unmapped_no_metadata,None,Unknown,No unit metadata CSV file found,area_resolution_status=unmapped_no_metadata is not manuscript-safe
230825,118,230825_118,unmapped_no_metadata,None,Unknown,No unit metadata CSV file found,area_resolution_status=unmapped_no_metadata is not manuscript-safe
230825,119,230825_119,unmapped_no_metadata,None,Unknown,No unit metadata CSV file found,area_resolution_status=unmapped_no_metadata is not manuscript-safe
230825,120,230825_120,unmapped_no_metadata,None,Unknown,No unit metadata CSV file found,area_resolution_status=unmapped_no_metadata is not manuscript-safe
230825,121,230825_121,unmapped_no_metadata,None,Unknown,No unit metadata CSV file found,area_resolution_status=unmapped_no_metadata is not manuscript-safe
230825,122,230825_122,unmapped_no_metadata,None,Unknown,No unit metadata CSV file found,area_resolution_status=unmapped_no_metadata is not manuscript-safe
230825,123,230825_123,unmapped_no_metadata,None,Unknown,No unit metadata CSV file found,area_resolution_status=unmapped_no_metadata is not manuscript-safe
230825,124,230825_124,unmapped_no_metadata,None,Unknown,No unit metadata CSV file found,area_resolution_status=unmapped_no_metadata is not manuscript-safe
230825,125,230825_125,unmapped_no_metadata,None,Unknown,No unit metadata CSV file found,area_resolution_status=unmapped_no_metadata is not manuscript-safe
230825,126,230825_126,unmapped_no_metadata,None,Unknown,No unit metadata CSV file found,area_resolution_status=unmapped_no_metadata is not manuscript-safe
230825,127,230825_127,unmapped_no_metadata,None,Unknown,No unit metadata CSV file found,area_resolution_status=unmapped_no_metadata is not manuscript-safe
230825,128,230825_128,unmapped_no_metadata,None,Unknown,No unit metadata CSV file found,area_resolution_status=unmapped_no_metadata is not manuscript-safe
230825,129,230825_129,unmapped_no_metadata,None,Unknown,No unit metadata CSV file found,area_resolution_status=unmapped_no_metadata is not manuscript-safe
230825,130,230825_130,unmapped_no_metadata,None,Unknown,No unit metadata CSV file found,area_resolution_status=unmapped_no_metadata is not manuscript-safe
230825,131,230825_131,unmapped_no_metadata,None,Unknown,No unit metadata CSV file found,area_resolution_status=unmapped_no_metadata is not manuscript-safe
230825,132,230825_132,unmapped_no_metadata,None,Unknown,No unit metadata CSV file found,area_resolution_status=unmapped_no_metadata is not manuscript-safe
230825,133,230825_133,unmapped_no_metadata,None,Unknown,No unit metadata CSV file found,area_resolution_status=unmapped_no_metadata is not manuscript-safe
230825,134,230825_134,unmapped_no_metadata,None,Unknown,No unit metadata CSV file found,area_resolution_status=unmapped_no_metadata is not manuscript-safe
230825,135,230825_135,unmapped_no_metadata,None,Unknown,No unit metadata CSV file found,area_resolution_status=unmapped_no_metadata is not manuscript-safe
230825,136,230825_136,unmapped_no_metadata,None,Unknown,No unit metadata CSV file found,area_resolution_status=unmapped_no_metadata is not manuscript-safe
230825,137,230825_137,unmapped_no_metadata,None,Unknown,No unit metadata CSV file found,area_resolution_status=unmapped_no_metadata is not manuscript-safe
230825,138,230825_138,unmapped_no_metadata,None,Unknown,No unit metadata CSV file found,area_resolution_status=unmapped_no_metadata is not manuscript-safe
230825,139,230825_139,unmapped_no_metadata,None,Unknown,No unit metadata CSV file found,area_resolution_status=unmapped_no_metadata is not manuscript-safe
230825,140,230825_140,unmapped_no_metadata,None,Unknown,No unit metadata CSV file found,area_resolution_status=unmapped_no_metadata is not manuscript-safe
230825,141,230825_141,unmapped_no_metadata,None,Unknown,No unit metadata CSV file found,area_resolution_status=unmapped_no_metadata is not manuscript-safe
230825,142,230825_142,unmapped_no_metadata,None,Unknown,No unit metadata CSV file found,area_resolution_status=unmapped_no_metadata is not manuscript-safe
230825,143,230825_143,unmapped_no_metadata,None,Unknown,No unit metadata CSV file found,area_resolution_status=unmapped_no_metadata is not manuscript-safe
230825,144,230825_144,unmapped_no_metadata,None,Unknown,No unit metadata CSV file found,area_resolution_status=unmapped_no_metadata is not manuscript-safe
230825,145,230825_145,unmapped_no_metadata,None,Unknown,No unit metadata CSV file found,area_resolution_status=unmapped_no_metadata is not manuscript-safe
230825,146,230825_146,unmapped_no_metadata,None,Unknown,No unit metadata CSV file found,area_resolution_status=unmapped_no_metadata is not manuscript-safe
230825,147,230825_147,unmapped_no_metadata,None,Unknown,No unit metadata CSV file found,area_resolution_status=unmapped_no_metadata is not manuscript-safe
230825,148,230825_148,unmapped_no_metadata,None,Unknown,No unit metadata CSV file found,area_resolution_status=unmapped_no_metadata is not manuscript-safe
230825,149,230825_149,unmapped_no_metadata,None,Unknown,No unit metadata CSV file found,area_resolution_status=unmapped_no_metadata is not manuscript-safe
230825,150,230825_150,unmapped_no_metadata,None,Unknown,No unit metadata CSV file found,area_resolution_status=unmapped_no_metadata is not manuscript-safe
230825,151,230825_151,unmapped_no_metadata,None,Unknown,No unit metadata CSV file found,area_resolution_status=unmapped_no_metadata is not manuscript-safe
230825,152,230825_152,unmapped_no_metadata,None,Unknown,No unit metadata CSV file found,area_resolution_status=unmapped_no_metadata is not manuscript-safe
230825,153,230825_153,unmapped_no_metadata,None,Unknown,No unit metadata CSV file found,area_resolution_status=unmapped_no_metadata is not manuscript-safe
230825,154,230825_154,unmapped_no_metadata,None,Unknown,No unit metadata CSV file found,area_resolution_status=unmapped_no_metadata is not manuscript-safe
230825,155,230825_155,unmapped_no_metadata,None,Unknown,No unit metadata CSV file found,area_resolution_status=unmapped_no_metadata is not manuscript-safe
230825,156,230825_156,unmapped_no_metadata,None,Unknown,No unit metadata CSV file found,area_resolution_status=unmapped_no_metadata is not manuscript-safe
230825,157,230825_157,unmapped_no_metadata,None,Unknown,No unit metadata CSV file found,area_resolution_status=unmapped_no_metadata is not manuscript-safe
230825,158,230825_158,unmapped_no_metadata,None,Unknown,No unit metadata CSV file found,area_resolution_status=unmapped_no_metadata is not manuscript-safe
230825,159,230825_159,unmapped_no_metadata,None,Unknown,No unit metadata CSV file found,area_resolution_status=unmapped_no_metadata is not manuscript-safe
230825,160,230825_160,unmapped_no_metadata,None,Unknown,No unit metadata CSV file found,area_resolution_status=unmapped_no_metadata is not manuscript-safe
230825,161,230825_161,unmapped_no_metadata,None,Unknown,No unit metadata CSV file found,area_resolution_status=unmapped_no_metadata is not manuscript-safe
230825,162,230825_162,unmapped_no_metadata,None,Unknown,No unit metadata CSV file found,area_resolution_status=unmapped_no_metadata is not manuscript-safe
230825,163,230825_163,unmapped_no_metadata,None,Unknown,No unit metadata CSV file found,area_resolution_status=unmapped_no_metadata is not manuscript-safe
230825,164,230825_164,unmapped_no_metadata,None,Unknown,No unit metadata CSV file found,area_resolution_status=unmapped_no_metadata is not manuscript-safe
230825,165,230825_165,unmapped_no_metadata,None,Unknown,No unit metadata CSV file found,area_resolution_status=unmapped_no_metadata is not manuscript-safe
230825,166,230825_166,unmapped_no_metadata,None,Unknown,No unit metadata CSV file found,area_resolution_status=unmapped_no_metadata is not manuscript-safe
230825,167,230825_167,unmapped_no_metadata,None,Unknown,No unit metadata CSV file found,area_resolution_status=unmapped_no_metadata is not manuscript-safe
230825,168,230825_168,unmapped_no_metadata,None,Unknown,No unit metadata CSV file found,area_resolution_status=unmapped_no_metadata is not manuscript-safe
230825,169,230825_169,unmapped_no_metadata,None,Unknown,No unit metadata CSV file found,area_resolution_status=unmapped_no_metadata is not manuscript-safe
230825,170,230825_170,unmapped_no_metadata,None,Unknown,No unit metadata CSV file found,area_resolution_status=unmapped_no_metadata is not manuscript-safe
230825,171,230825_171,unmapped_no_metadata,None,Unknown,No unit metadata CSV file found,area_resolution_status=unmapped_no_metadata is not manuscript-safe
230825,172,230825_172,unmapped_no_metadata,None,Unknown,No unit metadata CSV file found,area_resolution_status=unmapped_no_metadata is not manuscript-safe
230830,0,230830_0,provisional_unit_area_from_count_matched_row_order,PFC,PFC,None,area_resolution_status=provisional_unit_area_from_count_matched_row_order is not manuscript-safe
230830,1,230830_1,provisional_unit_area_from_count_matched_row_order,PFC,PFC,None,area_resolution_status=provisional_unit_area_from_count_matched_row_order is not manuscript-safe
230830,2,230830_2,provisional_unit_area_from_count_matched_row_order,PFC,PFC,None,area_resolution_status=provisional_unit_area_from_count_matched_row_order is not manuscript-safe
230830,3,230830_3,provisional_unit_area_from_count_matched_row_order,PFC,PFC,None,area_resolution_status=provisional_unit_area_from_count_matched_row_order is not manuscript-safe
230830,4,230830_4,provisional_unit_area_from_count_matched_row_order,PFC,PFC,None,area_resolution_status=provisional_unit_area_from_count_matched_row_order is not manuscript-safe
230830,5,230830_5,provisional_unit_area_from_count_matched_row_order,PFC,PFC,None,area_resolution_status=provisional_unit_area_from_count_matched_row_order is not manuscript-safe
230830,6,230830_6,provisional_unit_area_from_count_matched_row_order,PFC,PFC,None,area_resolution_status=provisional_unit_area_from_count_matched_row_order is not manuscript-safe
230830,7,230830_7,provisional_unit_area_from_count_matched_row_order,PFC,PFC,None,area_resolution_status=provisional_unit_area_from_count_matched_row_order is not manuscript-safe
230830,8,230830_8,provisional_unit_area_from_count_matched_row_order,PFC,PFC,None,area_resolution_status=provisional_unit_area_from_count_matched_row_order is not manuscript-safe
230830,9,230830_9,provisional_unit_area_from_count_matched_row_order,PFC,PFC,None,area_resolution_status=provisional_unit_area_from_count_matched_row_order is not manuscript-safe
230830,10,230830_10,provisional_unit_area_from_count_matched_row_order,PFC,PFC,None,area_resolution_status=provisional_unit_area_from_count_matched_row_order is not manuscript-safe
230830,11,230830_11,provisional_unit_area_from_count_matched_row_order,PFC,PFC,None,area_resolution_status=provisional_unit_area_from_count_matched_row_order is not manuscript-safe
230830,12,230830_12,provisional_unit_area_from_count_matched_row_order,PFC,PFC,None,area_resolution_status=provisional_unit_area_from_count_matched_row_order is not manuscript-safe
230830,13,230830_13,provisional_unit_area_from_count_matched_row_order,PFC,PFC,None,area_resolution_status=provisional_unit_area_from_count_matched_row_order is not manuscript-safe
230830,14,230830_14,provisional_unit_area_from_count_matched_row_order,PFC,PFC,None,area_resolution_status=provisional_unit_area_from_count_matched_row_order is not manuscript-safe
230830,15,230830_15,provisional_unit_area_from_count_matched_row_order,PFC,PFC,None,area_resolution_status=provisional_unit_area_from_count_matched_row_order is not manuscript-safe
230830,16,230830_16,provisional_unit_area_from_count_matched_row_order,PFC,PFC,None,area_resolution_status=provisional_unit_area_from_count_matched_row_order is not manuscript-safe
230830,17,230830_17,provisional_unit_area_from_count_matched_row_order,PFC,PFC,None,area_resolution_status=provisional_unit_area_from_count_matched_row_order is not manuscript-safe
230830,18,230830_18,provisional_unit_area_from_count_matched_row_order,PFC,PFC,None,area_resolution_status=provisional_unit_area_from_count_matched_row_order is not manuscript-safe
230830,19,230830_19,provisional_unit_area_from_count_matched_row_order,PFC,PFC,None,area_resolution_status=provisional_unit_area_from_count_matched_row_order is not manuscript-safe
230830,20,230830_20,provisional_unit_area_from_count_matched_row_order,PFC,PFC,None,area_resolution_status=provisional_unit_area_from_count_matched_row_order is not manuscript-safe
230830,21,230830_21,provisional_unit_area_from_count_matched_row_order,PFC,PFC,None,area_resolution_status=provisional_unit_area_from_count_matched_row_order is not manuscript-safe
230830,22,230830_22,provisional_unit_area_from_count_matched_row_order,PFC,PFC,None,area_resolution_status=provisional_unit_area_from_count_matched_row_order is not manuscript-safe
230830,23,230830_23,provisional_unit_area_from_count_matched_row_order,PFC,PFC,None,area_resolution_status=provisional_unit_area_from_count_matched_row_order is not manuscript-safe
230830,24,230830_24,provisional_unit_area_from_count_matched_row_order,PFC,PFC,None,area_resolution_status=provisional_unit_area_from_count_matched_row_order is not manuscript-safe
230830,25,230830_25,provisional_unit_area_from_count_matched_row_order,PFC,PFC,None,area_resolution_status=provisional_unit_area_from_count_matched_row_order is not manuscript-safe
230830,26,230830_26,provisional_unit_area_from_count_matched_row_order,PFC,PFC,None,area_resolution_status=provisional_unit_area_from_count_matched_row_order is not manuscript-safe
230830,27,230830_27,provisional_unit_area_from_count_matched_row_order,PFC,PFC,None,area_resolution_status=provisional_unit_area_from_count_matched_row_order is not manuscript-safe
230830,28,230830_28,provisional_unit_area_from_count_matched_row_order,PFC,PFC,None,area_resolution_status=provisional_unit_area_from_count_matched_row_order is not manuscript-safe
230830,29,230830_29,provisional_unit_area_from_count_matched_row_order,PFC,PFC,None,area_resolution_status=provisional_unit_area_from_count_matched_row_order is not manuscript-safe
230830,30,230830_30,provisional_unit_area_from_count_matched_row_order,PFC,PFC,None,area_resolution_status=provisional_unit_area_from_count_matched_row_order is not manuscript-safe
230830,31,230830_31,provisional_unit_area_from_count_matched_row_order,PFC,PFC,None,area_resolution_status=provisional_unit_area_from_count_matched_row_order is not manuscript-safe
230830,32,230830_32,provisional_unit_area_from_count_matched_row_order,PFC,PFC,None,area_resolution_status=provisional_unit_area_from_count_matched_row_order is not manuscript-safe
230830,33,230830_33,provisional_unit_area_from_count_matched_row_order,PFC,PFC,None,area_resolution_status=provisional_unit_area_from_count_matched_row_order is not manuscript-safe
230830,34,230830_34,provisional_unit_area_from_count_matched_row_order,PFC,PFC,None,area_resolution_status=provisional_unit_area_from_count_matched_row_order is not manuscript-safe
230830,35,230830_35,provisional_unit_area_from_count_matched_row_order,PFC,PFC,None,area_resolution_status=provisional_unit_area_from_count_matched_row_order is not manuscript-safe
230830,36,230830_36,provisional_unit_area_from_count_matched_row_order,PFC,PFC,None,area_resolution_status=provisional_unit_area_from_count_matched_row_order is not manuscript-safe
230830,37,230830_37,provisional_unit_area_from_count_matched_row_order,PFC,PFC,None,area_resolution_status=provisional_unit_area_from_count_matched_row_order is not manuscript-safe
230830,38,230830_38,provisional_unit_area_from_count_matched_row_order,PFC,PFC,None,area_resolution_status=provisional_unit_area_from_count_matched_row_order is not manuscript-safe
230830,39,230830_39,provisional_unit_area_from_count_matched_row_order,PFC,PFC,None,area_resolution_status=provisional_unit_area_from_count_matched_row_order is not manuscript-safe
230830,40,230830_40,provisional_unit_area_from_count_matched_row_order,PFC,PFC,None,area_resolution_status=provisional_unit_area_from_count_matched_row_order is not manuscript-safe
230830,41,230830_41,provisional_unit_area_from_count_matched_row_order,PFC,PFC,None,area_resolution_status=provisional_unit_area_from_count_matched_row_order is not manuscript-safe
230830,42,230830_42,provisional_unit_area_from_count_matched_row_order,PFC,PFC,None,area_resolution_status=provisional_unit_area_from_count_matched_row_order is not manuscript-safe
230830,43,230830_43,provisional_unit_area_from_count_matched_row_order,PFC,PFC,None,area_resolution_status=provisional_unit_area_from_count_matched_row_order is not manuscript-safe
230830,44,230830_44,provisional_unit_area_from_count_matched_row_order,PFC,PFC,None,area_resolution_status=provisional_unit_area_from_count_matched_row_order is not manuscript-safe
230830,45,230830_45,provisional_unit_area_from_count_matched_row_order,PFC,PFC,None,area_resolution_status=provisional_unit_area_from_count_matched_row_order is not manuscript-safe
230830,46,230830_46,provisional_unit_area_from_count_matched_row_order,PFC,PFC,None,area_resolution_status=provisional_unit_area_from_count_matched_row_order is not manuscript-safe
230830,47,230830_47,provisional_unit_area_from_count_matched_row_order,PFC,PFC,None,area_resolution_status=provisional_unit_area_from_count_matched_row_order is not manuscript-safe
230830,48,230830_48,provisional_unit_area_from_count_matched_row_order,PFC,PFC,None,area_resolution_status=provisional_unit_area_from_count_matched_row_order is not manuscript-safe
230830,49,230830_49,provisional_unit_area_from_count_matched_row_order,PFC,PFC,None,area_resolution_status=provisional_unit_area_from_count_matched_row_order is not manuscript-safe
230830,50,230830_50,provisional_unit_area_from_count_matched_row_order,PFC,PFC,None,area_resolution_status=provisional_unit_area_from_count_matched_row_order is not manuscript-safe
230830,51,230830_51,provisional_unit_area_from_count_matched_row_order,PFC,PFC,None,area_resolution_status=provisional_unit_area_from_count_matched_row_order is not manuscript-safe
230830,52,230830_52,provisional_unit_area_from_count_matched_row_order,PFC,PFC,None,area_resolution_status=provisional_unit_area_from_count_matched_row_order is not manuscript-safe
230830,53,230830_53,provisional_unit_area_from_count_matched_row_order,PFC,PFC,None,area_resolution_status=provisional_unit_area_from_count_matched_row_order is not manuscript-safe
230830,54,230830_54,provisional_unit_area_from_count_matched_row_order,PFC,PFC,None,area_resolution_status=provisional_unit_area_from_count_matched_row_order is not manuscript-safe
230830,55,230830_55,provisional_unit_area_from_count_matched_row_order,PFC,PFC,None,area_resolution_status=provisional_unit_area_from_count_matched_row_order is not manuscript-safe
230830,56,230830_56,provisional_unit_area_from_count_matched_row_order,PFC,PFC,None,area_resolution_status=provisional_unit_area_from_count_matched_row_order is not manuscript-safe
230830,57,230830_57,provisional_unit_area_from_count_matched_row_order,PFC,PFC,None,area_resolution_status=provisional_unit_area_from_count_matched_row_order is not manuscript-safe
230830,58,230830_58,provisional_unit_area_from_count_matched_row_order,PFC,PFC,None,area_resolution_status=provisional_unit_area_from_count_matched_row_order is not manuscript-safe
230830,59,230830_59,provisional_unit_area_from_count_matched_row_order,PFC,PFC,None,area_resolution_status=provisional_unit_area_from_count_matched_row_order is not manuscript-safe
230830,60,230830_60,provisional_unit_area_from_count_matched_row_order,PFC,PFC,None,area_resolution_status=provisional_unit_area_from_count_matched_row_order is not manuscript-safe
230830,61,230830_61,provisional_unit_area_from_count_matched_row_order,PFC,PFC,None,area_resolution_status=provisional_unit_area_from_count_matched_row_order is not manuscript-safe
230830,62,230830_62,provisional_unit_area_from_count_matched_row_order,PFC,PFC,None,area_resolution_status=provisional_unit_area_from_count_matched_row_order is not manuscript-safe
230830,63,230830_63,provisional_unit_area_from_count_matched_row_order,PFC,PFC,None,area_resolution_status=provisional_unit_area_from_count_matched_row_order is not manuscript-safe
230830,64,230830_64,provisional_unit_area_from_count_matched_row_order,PFC,PFC,None,area_resolution_status=provisional_unit_area_from_count_matched_row_order is not manuscript-safe
230830,65,230830_65,provisional_unit_area_from_count_matched_row_order,PFC,PFC,None,area_resolution_status=provisional_unit_area_from_count_matched_row_order is not manuscript-safe
230830,66,230830_66,provisional_unit_area_from_count_matched_row_order,PFC,PFC,None,area_resolution_status=provisional_unit_area_from_count_matched_row_order is not manuscript-safe
230830,67,230830_67,provisional_unit_area_from_count_matched_row_order,PFC,PFC,None,area_resolution_status=provisional_unit_area_from_count_matched_row_order is not manuscript-safe
230830,68,230830_68,provisional_unit_area_from_count_matched_row_order,PFC,PFC,None,area_resolution_status=provisional_unit_area_from_count_matched_row_order is not manuscript-safe
230830,69,230830_69,provisional_unit_area_from_count_matched_row_order,PFC,PFC,None,area_resolution_status=provisional_unit_area_from_count_matched_row_order is not manuscript-safe
230830,70,230830_70,provisional_unit_area_from_count_matched_row_order,PFC,PFC,None,area_resolution_status=provisional_unit_area_from_count_matched_row_order is not manuscript-safe
230830,71,230830_71,provisional_unit_area_from_count_matched_row_order,PFC,PFC,None,area_resolution_status=provisional_unit_area_from_count_matched_row_order is not manuscript-safe
230830,72,230830_72,provisional_unit_area_from_count_matched_row_order,PFC,PFC,None,area_resolution_status=provisional_unit_area_from_count_matched_row_order is not manuscript-safe
230830,73,230830_73,provisional_unit_area_from_count_matched_row_order,PFC,PFC,None,area_resolution_status=provisional_unit_area_from_count_matched_row_order is not manuscript-safe
230830,74,230830_74,provisional_unit_area_from_count_matched_row_order,PFC,PFC,None,area_resolution_status=provisional_unit_area_from_count_matched_row_order is not manuscript-safe
230830,75,230830_75,provisional_unit_area_from_count_matched_row_order,PFC,PFC,None,area_resolution_status=provisional_unit_area_from_count_matched_row_order is not manuscript-safe
230830,76,230830_76,provisional_unit_area_from_count_matched_row_order,PFC,PFC,None,area_resolution_status=provisional_unit_area_from_count_matched_row_order is not manuscript-safe
230830,77,230830_77,provisional_unit_area_from_count_matched_row_order,PFC,PFC,None,area_resolution_status=provisional_unit_area_from_count_matched_row_order is not manuscript-safe
230830,78,230830_78,provisional_unit_area_from_count_matched_row_order,PFC,PFC,None,area_resolution_status=provisional_unit_area_from_count_matched_row_order is not manuscript-safe
230830,79,230830_79,provisional_unit_area_from_count_matched_row_order,PFC,PFC,None,area_resolution_status=provisional_unit_area_from_count_matched_row_order is not manuscript-safe
230830,80,230830_80,provisional_unit_area_from_count_matched_row_order,PFC,PFC,None,area_resolution_status=provisional_unit_area_from_count_matched_row_order is not manuscript-safe
230830,81,230830_81,provisional_unit_area_from_count_matched_row_order,PFC,PFC,None,area_resolution_status=provisional_unit_area_from_count_matched_row_order is not manuscript-safe
230830,82,230830_82,provisional_unit_area_from_count_matched_row_order,PFC,PFC,None,area_resolution_status=provisional_unit_area_from_count_matched_row_order is not manuscript-safe
230830,83,230830_83,provisional_unit_area_from_count_matched_row_order,PFC,PFC,None,area_resolution_status=provisional_unit_area_from_count_matched_row_order is not manuscript-safe
230830,84,230830_84,provisional_unit_area_from_count_matched_row_order,PFC,PFC,None,area_resolution_status=provisional_unit_area_from_count_matched_row_order is not manuscript-safe
230830,85,230830_85,provisional_unit_area_from_count_matched_row_order,PFC,PFC,None,area_resolution_status=provisional_unit_area_from_count_matched_row_order is not manuscript-safe
230830,86,230830_86,provisional_unit_area_from_count_matched_row_order,PFC,PFC,None,area_resolution_status=provisional_unit_area_from_count_matched_row_order is not manuscript-safe
230830,87,230830_87,provisional_unit_area_from_count_matched_row_order,PFC,PFC,None,area_resolution_status=provisional_unit_area_from_count_matched_row_order is not manuscript-safe
230830,88,230830_88,provisional_unit_area_from_count_matched_row_order,PFC,PFC,None,area_resolution_status=provisional_unit_area_from_count_matched_row_order is not manuscript-safe
230830,89,230830_89,provisional_unit_area_from_count_matched_row_order,PFC,PFC,None,area_resolution_status=provisional_unit_area_from_count_matched_row_order is not manuscript-safe
230830,90,230830_90,provisional_unit_area_from_count_matched_row_order,PFC,PFC,None,area_resolution_status=provisional_unit_area_from_count_matched_row_order is not manuscript-safe
230830,91,230830_91,provisional_unit_area_from_count_matched_row_order,PFC,PFC,None,area_resolution_status=provisional_unit_area_from_count_matched_row_order is not manuscript-safe
230830,92,230830_92,provisional_unit_area_from_count_matched_row_order,PFC,PFC,None,area_resolution_status=provisional_unit_area_from_count_matched_row_order is not manuscript-safe
230830,93,230830_93,provisional_unit_area_from_count_matched_row_order,PFC,PFC,None,area_resolution_status=provisional_unit_area_from_count_matched_row_order is not manuscript-safe
230830,94,230830_94,provisional_unit_area_from_count_matched_row_order,PFC,PFC,None,area_resolution_status=provisional_unit_area_from_count_matched_row_order is not manuscript-safe
230830,95,230830_95,provisional_unit_area_from_count_matched_row_order,PFC,PFC,None,area_resolution_status=provisional_unit_area_from_count_matched_row_order is not manuscript-safe
230830,96,230830_96,provisional_unit_area_from_count_matched_row_order,PFC,PFC,None,area_resolution_status=provisional_unit_area_from_count_matched_row_order is not manuscript-safe
230830,97,230830_97,provisional_unit_area_from_count_matched_row_order,PFC,PFC,None,area_resolution_status=provisional_unit_area_from_count_matched_row_order is not manuscript-safe
230830,98,230830_98,provisional_unit_area_from_count_matched_row_order,PFC,PFC,None,area_resolution_status=provisional_unit_area_from_count_matched_row_order is not manuscript-safe
230830,99,230830_99,provisional_unit_area_from_count_matched_row_order,PFC,PFC,None,area_resolution_status=provisional_unit_area_from_count_matched_row_order is not manuscript-safe
230830,100,230830_100,provisional_unit_area_from_count_matched_row_order,PFC,PFC,None,area_resolution_status=provisional_unit_area_from_count_matched_row_order is not manuscript-safe
230830,101,230830_101,provisional_unit_area_from_count_matched_row_order,PFC,PFC,None,area_resolution_status=provisional_unit_area_from_count_matched_row_order is not manuscript-safe
230830,102,230830_102,provisional_unit_area_from_count_matched_row_order,PFC,PFC,None,area_resolution_status=provisional_unit_area_from_count_matched_row_order is not manuscript-safe
230830,103,230830_103,provisional_unit_area_from_count_matched_row_order,PFC,PFC,None,area_resolution_status=provisional_unit_area_from_count_matched_row_order is not manuscript-safe
230830,104,230830_104,provisional_unit_area_from_count_matched_row_order,PFC,PFC,None,area_resolution_status=provisional_unit_area_from_count_matched_row_order is not manuscript-safe
230830,105,230830_105,provisional_unit_area_from_count_matched_row_order,PFC,PFC,None,area_resolution_status=provisional_unit_area_from_count_matched_row_order is not manuscript-safe
230830,106,230830_106,provisional_unit_area_from_count_matched_row_order,PFC,PFC,None,area_resolution_status=provisional_unit_area_from_count_matched_row_order is not manuscript-safe
230830,107,230830_107,provisional_unit_area_from_count_matched_row_order,PFC,PFC,None,area_resolution_status=provisional_unit_area_from_count_matched_row_order is not manuscript-safe
230830,108,230830_108,provisional_unit_area_from_count_matched_row_order,PFC,PFC,None,area_resolution_status=provisional_unit_area_from_count_matched_row_order is not manuscript-safe
230830,109,230830_109,provisional_unit_area_from_count_matched_row_order,PFC,PFC,None,area_resolution_status=provisional_unit_area_from_count_matched_row_order is not manuscript-safe
230830,110,230830_110,provisional_unit_area_from_count_matched_row_order,PFC,PFC,None,area_resolution_status=provisional_unit_area_from_count_matched_row_order is not manuscript-safe
230830,111,230830_111,provisional_unit_area_from_count_matched_row_order,PFC,PFC,None,area_resolution_status=provisional_unit_area_from_count_matched_row_order is not manuscript-safe
230830,112,230830_112,provisional_unit_area_from_count_matched_row_order,PFC,PFC,None,area_resolution_status=provisional_unit_area_from_count_matched_row_order is not manuscript-safe
230830,113,230830_113,provisional_unit_area_from_count_matched_row_order,PFC,PFC,None,area_resolution_status=provisional_unit_area_from_count_matched_row_order is not manuscript-safe
230830,114,230830_114,provisional_unit_area_from_count_matched_row_order,PFC,PFC,None,area_resolution_status=provisional_unit_area_from_count_matched_row_order is not manuscript-safe
230830,115,230830_115,provisional_unit_area_from_count_matched_row_order,PFC,PFC,None,area_resolution_status=provisional_unit_area_from_count_matched_row_order is not manuscript-safe
230830,116,230830_116,provisional_unit_area_from_count_matched_row_order,PFC,PFC,None,area_resolution_status=provisional_unit_area_from_count_matched_row_order is not manuscript-safe
230830,117,230830_117,provisional_unit_area_from_count_matched_row_order,PFC,PFC,None,area_resolution_status=provisional_unit_area_from_count_matched_row_order is not manuscript-safe
230830,118,230830_118,provisional_unit_area_from_count_matched_row_order,PFC,PFC,None,area_resolution_status=provisional_unit_area_from_count_matched_row_order is not manuscript-safe
230830,119,230830_119,provisional_unit_area_from_count_matched_row_order,PFC,PFC,None,area_resolution_status=provisional_unit_area_from_count_matched_row_order is not manuscript-safe
230830,120,230830_120,provisional_unit_area_from_count_matched_row_order,PFC,PFC,None,area_resolution_status=provisional_unit_area_from_count_matched_row_order is not manuscript-safe
230830,121,230830_121,provisional_unit_area_from_count_matched_row_order,PFC,PFC,None,area_resolution_status=provisional_unit_area_from_count_matched_row_order is not manuscript-safe
230830,122,230830_122,provisional_unit_area_from_count_matched_row_order,PFC,PFC,None,area_resolution_status=provisional_unit_area_from_count_matched_row_order is not manuscript-safe
230830,123,230830_123,provisional_unit_area_from_count_matched_row_order,PFC,PFC,None,area_resolution_status=provisional_unit_area_from_count_matched_row_order is not manuscript-safe
230830,124,230830_124,provisional_unit_area_from_count_matched_row_order,PFC,PFC,None,area_resolution_status=provisional_unit_area_from_count_matched_row_order is not manuscript-safe
230830,125,230830_125,provisional_unit_area_from_count_matched_row_order,PFC,PFC,None,area_resolution_status=provisional_unit_area_from_count_matched_row_order is not manuscript-safe
230830,126,230830_126,provisional_unit_area_from_count_matched_row_order,PFC,PFC,None,area_resolution_status=provisional_unit_area_from_count_matched_row_order is not manuscript-safe
230830,127,230830_127,provisional_unit_area_from_count_matched_row_order,PFC,PFC,None,area_resolution_status=provisional_unit_area_from_count_matched_row_order is not manuscript-safe
230830,128,230830_128,provisional_unit_area_from_count_matched_row_order,PFC,PFC,None,area_resolution_status=provisional_unit_area_from_count_matched_row_order is not manuscript-safe
230830,129,230830_129,provisional_unit_area_from_count_matched_row_order,PFC,PFC,None,area_resolution_status=provisional_unit_area_from_count_matched_row_order is not manuscript-safe
230830,130,230830_130,provisional_unit_area_from_count_matched_row_order,PFC,PFC,None,area_resolution_status=provisional_unit_area_from_count_matched_row_order is not manuscript-safe
230830,131,230830_131,provisional_unit_area_from_count_matched_row_order,PFC,PFC,None,area_resolution_status=provisional_unit_area_from_count_matched_row_order is not manuscript-safe
230830,132,230830_132,provisional_unit_area_from_count_matched_row_order,PFC,PFC,None,area_resolution_status=provisional_unit_area_from_count_matched_row_order is not manuscript-safe
230830,133,230830_133,provisional_unit_area_from_count_matched_row_order,PFC,PFC,None,area_resolution_status=provisional_unit_area_from_count_matched_row_order is not manuscript-safe
230830,134,230830_134,provisional_unit_area_from_count_matched_row_order,PFC,PFC,None,area_resolution_status=provisional_unit_area_from_count_matched_row_order is not manuscript-safe
230830,135,230830_135,provisional_unit_area_from_count_matched_row_order,PFC,PFC,None,area_resolution_status=provisional_unit_area_from_count_matched_row_order is not manuscript-safe
230830,136,230830_136,provisional_unit_area_from_count_matched_row_order,MT,MT,None,area_resolution_status=provisional_unit_area_from_count_matched_row_order is not manuscript-safe
230830,137,230830_137,provisional_unit_area_from_count_matched_row_order,V4,V4,None,area_resolution_status=provisional_unit_area_from_count_matched_row_order is not manuscript-safe
230830,138,230830_138,provisional_unit_area_from_count_matched_row_order,V4,V4,None,area_resolution_status=provisional_unit_area_from_count_matched_row_order is not manuscript-safe
230830,139,230830_139,provisional_unit_area_from_count_matched_row_order,MT,MT,None,area_resolution_status=provisional_unit_area_from_count_matched_row_order is not manuscript-safe
230830,140,230830_140,provisional_unit_area_from_count_matched_row_order,MT,MT,None,area_resolution_status=provisional_unit_area_from_count_matched_row_order is not manuscript-safe
230830,141,230830_141,provisional_unit_area_from_count_matched_row_order,MT,MT,None,area_resolution_status=provisional_unit_area_from_count_matched_row_order is not manuscript-safe
230830,142,230830_142,provisional_unit_area_from_count_matched_row_order,MT,MT,None,area_resolution_status=provisional_unit_area_from_count_matched_row_order is not manuscript-safe
230830,143,230830_143,provisional_unit_area_from_count_matched_row_order,MT,MT,None,area_resolution_status=provisional_unit_area_from_count_matched_row_order is not manuscript-safe
230830,144,230830_144,provisional_unit_area_from_count_matched_row_order,V4,V4,None,area_resolution_status=provisional_unit_area_from_count_matched_row_order is not manuscript-safe
230830,145,230830_145,provisional_unit_area_from_count_matched_row_order,MT,MT,None,area_resolution_status=provisional_unit_area_from_count_matched_row_order is not manuscript-safe
230830,146,230830_146,provisional_unit_area_from_count_matched_row_order,MT,MT,None,area_resolution_status=provisional_unit_area_from_count_matched_row_order is not manuscript-safe
230830,147,230830_147,provisional_unit_area_from_count_matched_row_order,V4,V4,None,area_resolution_status=provisional_unit_area_from_count_matched_row_order is not manuscript-safe
230830,148,230830_148,provisional_unit_area_from_count_matched_row_order,V4,V4,None,area_resolution_status=provisional_unit_area_from_count_matched_row_order is not manuscript-safe
230830,149,230830_149,provisional_unit_area_from_count_matched_row_order,V4,V4,None,area_resolution_status=provisional_unit_area_from_count_matched_row_order is not manuscript-safe
230830,150,230830_150,provisional_unit_area_from_count_matched_row_order,V4,V4,None,area_resolution_status=provisional_unit_area_from_count_matched_row_order is not manuscript-safe
230830,151,230830_151,provisional_unit_area_from_count_matched_row_order,V4,V4,None,area_resolution_status=provisional_unit_area_from_count_matched_row_order is not manuscript-safe
230830,152,230830_152,provisional_unit_area_from_count_matched_row_order,V4,V4,None,area_resolution_status=provisional_unit_area_from_count_matched_row_order is not manuscript-safe
230830,153,230830_153,provisional_unit_area_from_count_matched_row_order,V4,V4,None,area_resolution_status=provisional_unit_area_from_count_matched_row_order is not manuscript-safe
230830,154,230830_154,provisional_unit_area_from_count_matched_row_order,V4,V4,None,area_resolution_status=provisional_unit_area_from_count_matched_row_order is not manuscript-safe
230830,155,230830_155,provisional_unit_area_from_count_matched_row_order,V4,V4,None,area_resolution_status=provisional_unit_area_from_count_matched_row_order is not manuscript-safe
230830,156,230830_156,provisional_unit_area_from_count_matched_row_order,V4,V4,None,area_resolution_status=provisional_unit_area_from_count_matched_row_order is not manuscript-safe
230830,157,230830_157,provisional_unit_area_from_count_matched_row_order,V4,V4,None,area_resolution_status=provisional_unit_area_from_count_matched_row_order is not manuscript-safe
230830,158,230830_158,provisional_unit_area_from_count_matched_row_order,V4,V4,None,area_resolution_status=provisional_unit_area_from_count_matched_row_order is not manuscript-safe
230830,159,230830_159,provisional_unit_area_from_count_matched_row_order,V4,V4,None,area_resolution_status=provisional_unit_area_from_count_matched_row_order is not manuscript-safe
230830,160,230830_160,provisional_unit_area_from_count_matched_row_order,MT,MT,None,area_resolution_status=provisional_unit_area_from_count_matched_row_order is not manuscript-safe
230830,161,230830_161,provisional_unit_area_from_count_matched_row_order,V4,V4,None,area_resolution_status=provisional_unit_area_from_count_matched_row_order is not manuscript-safe
230830,162,230830_162,provisional_unit_area_from_count_matched_row_order,V4,V4,None,area_resolution_status=provisional_unit_area_from_count_matched_row_order is not manuscript-safe
230830,163,230830_163,provisional_unit_area_from_count_matched_row_order,V4,V4,None,area_resolution_status=provisional_unit_area_from_count_matched_row_order is not manuscript-safe
230830,164,230830_164,provisional_unit_area_from_count_matched_row_order,V4,V4,None,area_resolution_status=provisional_unit_area_from_count_matched_row_order is not manuscript-safe
230830,165,230830_165,provisional_unit_area_from_count_matched_row_order,V4,V4,None,area_resolution_status=provisional_unit_area_from_count_matched_row_order is not manuscript-safe
230830,166,230830_166,provisional_unit_area_from_count_matched_row_order,MT,MT,None,area_resolution_status=provisional_unit_area_from_count_matched_row_order is not manuscript-safe
230830,167,230830_167,provisional_unit_area_from_count_matched_row_order,V4,V4,None,area_resolution_status=provisional_unit_area_from_count_matched_row_order is not manuscript-safe
230830,168,230830_168,provisional_unit_area_from_count_matched_row_order,V4,V4,None,area_resolution_status=provisional_unit_area_from_count_matched_row_order is not manuscript-safe
230830,169,230830_169,provisional_unit_area_from_count_matched_row_order,V4,V4,None,area_resolution_status=provisional_unit_area_from_count_matched_row_order is not manuscript-safe
230830,170,230830_170,provisional_unit_area_from_count_matched_row_order,V4,V4,None,area_resolution_status=provisional_unit_area_from_count_matched_row_order is not manuscript-safe
230830,171,230830_171,provisional_unit_area_from_count_matched_row_order,V4,V4,None,area_resolution_status=provisional_unit_area_from_count_matched_row_order is not manuscript-safe
230830,172,230830_172,provisional_unit_area_from_count_matched_row_order,V4,V4,None,area_resolution_status=provisional_unit_area_from_count_matched_row_order is not manuscript-safe
230830,173,230830_173,provisional_unit_area_from_count_matched_row_order,V4,V4,None,area_resolution_status=provisional_unit_area_from_count_matched_row_order is not manuscript-safe
230830,174,230830_174,provisional_unit_area_from_count_matched_row_order,V4,V4,None,area_resolution_status=provisional_unit_area_from_count_matched_row_order is not manuscript-safe
230830,175,230830_175,provisional_unit_area_from_count_matched_row_order,V4,V4,None,area_resolution_status=provisional_unit_area_from_count_matched_row_order is not manuscript-safe
230830,176,230830_176,provisional_unit_area_from_count_matched_row_order,V4,V4,None,area_resolution_status=provisional_unit_area_from_count_matched_row_order is not manuscript-safe
230830,177,230830_177,provisional_unit_area_from_count_matched_row_order,V4,V4,None,area_resolution_status=provisional_unit_area_from_count_matched_row_order is not manuscript-safe
230830,178,230830_178,provisional_unit_area_from_count_matched_row_order,MT,MT,None,area_resolution_status=provisional_unit_area_from_count_matched_row_order is not manuscript-safe
230830,179,230830_179,provisional_unit_area_from_count_matched_row_order,MT,MT,None,area_resolution_status=provisional_unit_area_from_count_matched_row_order is not manuscript-safe
230830,180,230830_180,provisional_unit_area_from_count_matched_row_order,MT,MT,None,area_resolution_status=provisional_unit_area_from_count_matched_row_order is not manuscript-safe
230830,181,230830_181,provisional_unit_area_from_count_matched_row_order,V4,V4,None,area_resolution_status=provisional_unit_area_from_count_matched_row_order is not manuscript-safe
230830,182,230830_182,provisional_unit_area_from_count_matched_row_order,MT,MT,None,area_resolution_status=provisional_unit_area_from_count_matched_row_order is not manuscript-safe
230830,183,230830_183,provisional_unit_area_from_count_matched_row_order,V4,V4,None,area_resolution_status=provisional_unit_area_from_count_matched_row_order is not manuscript-safe
230830,184,230830_184,provisional_unit_area_from_count_matched_row_order,V4,V4,None,area_resolution_status=provisional_unit_area_from_count_matched_row_order is not manuscript-safe
230830,185,230830_185,provisional_unit_area_from_count_matched_row_order,V4,V4,None,area_resolution_status=provisional_unit_area_from_count_matched_row_order is not manuscript-safe
230830,186,230830_186,provisional_unit_area_from_count_matched_row_order,V4,V4,None,area_resolution_status=provisional_unit_area_from_count_matched_row_order is not manuscript-safe
230830,187,230830_187,provisional_unit_area_from_count_matched_row_order,V4,V4,None,area_resolution_status=provisional_unit_area_from_count_matched_row_order is not manuscript-safe
230830,188,230830_188,provisional_unit_area_from_count_matched_row_order,V4,V4,None,area_resolution_status=provisional_unit_area_from_count_matched_row_order is not manuscript-safe
230830,189,230830_189,provisional_unit_area_from_count_matched_row_order,V4,V4,None,area_resolution_status=provisional_unit_area_from_count_matched_row_order is not manuscript-safe
230830,190,230830_190,provisional_unit_area_from_count_matched_row_order,V4,V4,None,area_resolution_status=provisional_unit_area_from_count_matched_row_order is not manuscript-safe
230830,191,230830_191,provisional_unit_area_from_count_matched_row_order,V4,V4,None,area_resolution_status=provisional_unit_area_from_count_matched_row_order is not manuscript-safe
230830,192,230830_192,provisional_unit_area_from_count_matched_row_order,V4,V4,None,area_resolution_status=provisional_unit_area_from_count_matched_row_order is not manuscript-safe
230830,193,230830_193,provisional_unit_area_from_count_matched_row_order,V4,V4,None,area_resolution_status=provisional_unit_area_from_count_matched_row_order is not manuscript-safe
230830,194,230830_194,provisional_unit_area_from_count_matched_row_order,V4,V4,None,area_resolution_status=provisional_unit_area_from_count_matched_row_order is not manuscript-safe
230830,195,230830_195,provisional_unit_area_from_count_matched_row_order,MT,MT,None,area_resolution_status=provisional_unit_area_from_count_matched_row_order is not manuscript-safe
230830,196,230830_196,provisional_unit_area_from_count_matched_row_order,V4,V4,None,area_resolution_status=provisional_unit_area_from_count_matched_row_order is not manuscript-safe
230830,197,230830_197,provisional_unit_area_from_count_matched_row_order,MT,MT,None,area_resolution_status=provisional_unit_area_from_count_matched_row_order is not manuscript-safe
230830,198,230830_198,provisional_unit_area_from_count_matched_row_order,V4,V4,None,area_resolution_status=provisional_unit_area_from_count_matched_row_order is not manuscript-safe
230830,199,230830_199,provisional_unit_area_from_count_matched_row_order,MT,MT,None,area_resolution_status=provisional_unit_area_from_count_matched_row_order is not manuscript-safe
230830,200,230830_200,provisional_unit_area_from_count_matched_row_order,V4,V4,None,area_resolution_status=provisional_unit_area_from_count_matched_row_order is not manuscript-safe
230830,201,230830_201,provisional_unit_area_from_count_matched_row_order,V4,V4,None,area_resolution_status=provisional_unit_area_from_count_matched_row_order is not manuscript-safe
230830,202,230830_202,provisional_unit_area_from_count_matched_row_order,V4,V4,None,area_resolution_status=provisional_unit_area_from_count_matched_row_order is not manuscript-safe
230830,203,230830_203,provisional_unit_area_from_count_matched_row_order,MT,MT,None,area_resolution_status=provisional_unit_area_from_count_matched_row_order is not manuscript-safe
230830,204,230830_204,provisional_unit_area_from_count_matched_row_order,V4,V4,None,area_resolution_status=provisional_unit_area_from_count_matched_row_order is not manuscript-safe
230830,205,230830_205,provisional_unit_area_from_count_matched_row_order,V4,V4,None,area_resolution_status=provisional_unit_area_from_count_matched_row_order is not manuscript-safe
230830,206,230830_206,provisional_unit_area_from_count_matched_row_order,V4,V4,None,area_resolution_status=provisional_unit_area_from_count_matched_row_order is not manuscript-safe
230830,207,230830_207,provisional_unit_area_from_count_matched_row_order,V4,V4,None,area_resolution_status=provisional_unit_area_from_count_matched_row_order is not manuscript-safe
230830,208,230830_208,provisional_unit_area_from_count_matched_row_order,V4,V4,None,area_resolution_status=provisional_unit_area_from_count_matched_row_order is not manuscript-safe
230830,209,230830_209,provisional_unit_area_from_count_matched_row_order,V4,V4,None,area_resolution_status=provisional_unit_area_from_count_matched_row_order is not manuscript-safe
230830,210,230830_210,provisional_unit_area_from_count_matched_row_order,V4,V4,None,area_resolution_status=provisional_unit_area_from_count_matched_row_order is not manuscript-safe
230830,211,230830_211,provisional_unit_area_from_count_matched_row_order,V4,V4,None,area_resolution_status=provisional_unit_area_from_count_matched_row_order is not manuscript-safe
230830,212,230830_212,provisional_unit_area_from_count_matched_row_order,MT,MT,None,area_resolution_status=provisional_unit_area_from_count_matched_row_order is not manuscript-safe
230830,213,230830_213,provisional_unit_area_from_count_matched_row_order,MT,MT,None,area_resolution_status=provisional_unit_area_from_count_matched_row_order is not manuscript-safe
230830,214,230830_214,provisional_unit_area_from_count_matched_row_order,MT,MT,None,area_resolution_status=provisional_unit_area_from_count_matched_row_order is not manuscript-safe
230830,215,230830_215,provisional_unit_area_from_count_matched_row_order,V4,V4,None,area_resolution_status=provisional_unit_area_from_count_matched_row_order is not manuscript-safe
230830,216,230830_216,provisional_unit_area_from_count_matched_row_order,V4,V4,None,area_resolution_status=provisional_unit_area_from_count_matched_row_order is not manuscript-safe
230830,217,230830_217,provisional_unit_area_from_count_matched_row_order,V4,V4,None,area_resolution_status=provisional_unit_area_from_count_matched_row_order is not manuscript-safe
230830,218,230830_218,provisional_unit_area_from_count_matched_row_order,V4,V4,None,area_resolution_status=provisional_unit_area_from_count_matched_row_order is not manuscript-safe
230830,219,230830_219,provisional_unit_area_from_count_matched_row_order,V4,V4,None,area_resolution_status=provisional_unit_area_from_count_matched_row_order is not manuscript-safe
230830,220,230830_220,provisional_unit_area_from_count_matched_row_order,V4,V4,None,area_resolution_status=provisional_unit_area_from_count_matched_row_order is not manuscript-safe
230830,221,230830_221,provisional_unit_area_from_count_matched_row_order,MT,MT,None,area_resolution_status=provisional_unit_area_from_count_matched_row_order is not manuscript-safe
230830,222,230830_222,provisional_unit_area_from_count_matched_row_order,MT,MT,None,area_resolution_status=provisional_unit_area_from_count_matched_row_order is not manuscript-safe
230830,223,230830_223,provisional_unit_area_from_count_matched_row_order,V4,V4,None,area_resolution_status=provisional_unit_area_from_count_matched_row_order is not manuscript-safe
230830,224,230830_224,provisional_unit_area_from_count_matched_row_order,MT,MT,None,area_resolution_status=provisional_unit_area_from_count_matched_row_order is not manuscript-safe
230830,225,230830_225,provisional_unit_area_from_count_matched_row_order,MT,MT,None,area_resolution_status=provisional_unit_area_from_count_matched_row_order is not manuscript-safe
230830,226,230830_226,provisional_unit_area_from_count_matched_row_order,MT,MT,None,area_resolution_status=provisional_unit_area_from_count_matched_row_order is not manuscript-safe
230830,227,230830_227,provisional_unit_area_from_count_matched_row_order,MT,MT,None,area_resolution_status=provisional_unit_area_from_count_matched_row_order is not manuscript-safe
230830,228,230830_228,provisional_unit_area_from_count_matched_row_order,MT,MT,None,area_resolution_status=provisional_unit_area_from_count_matched_row_order is not manuscript-safe
230830,229,230830_229,provisional_unit_area_from_count_matched_row_order,V4,V4,None,area_resolution_status=provisional_unit_area_from_count_matched_row_order is not manuscript-safe
230830,230,230830_230,provisional_unit_area_from_count_matched_row_order,V4,V4,None,area_resolution_status=provisional_unit_area_from_count_matched_row_order is not manuscript-safe
230830,231,230830_231,provisional_unit_area_from_count_matched_row_order,V4,V4,None,area_resolution_status=provisional_unit_area_from_count_matched_row_order is not manuscript-safe
230830,232,230830_232,provisional_unit_area_from_count_matched_row_order,V4,V4,None,area_resolution_status=provisional_unit_area_from_count_matched_row_order is not manuscript-safe
230830,233,230830_233,provisional_unit_area_from_count_matched_row_order,V4,V4,None,area_resolution_status=provisional_unit_area_from_count_matched_row_order is not manuscript-safe
230830,234,230830_234,provisional_unit_area_from_count_matched_row_order,V4,V4,None,area_resolution_status=provisional_unit_area_from_count_matched_row_order is not manuscript-safe
230830,235,230830_235,provisional_unit_area_from_count_matched_row_order,V4,V4,None,area_resolution_status=provisional_unit_area_from_count_matched_row_order is not manuscript-safe
230830,236,230830_236,provisional_unit_area_from_count_matched_row_order,V4,V4,None,area_resolution_status=provisional_unit_area_from_count_matched_row_order is not manuscript-safe
230830,237,230830_237,provisional_unit_area_from_count_matched_row_order,V4,V4,None,area_resolution_status=provisional_unit_area_from_count_matched_row_order is not manuscript-safe
230830,238,230830_238,provisional_unit_area_from_count_matched_row_order,V4,V4,None,area_resolution_status=provisional_unit_area_from_count_matched_row_order is not manuscript-safe
230830,239,230830_239,provisional_unit_area_from_count_matched_row_order,V4,V4,None,area_resolution_status=provisional_unit_area_from_count_matched_row_order is not manuscript-safe
230830,240,230830_240,provisional_unit_area_from_count_matched_row_order,V4,V4,None,area_resolution_status=provisional_unit_area_from_count_matched_row_order is not manuscript-safe
230830,241,230830_241,provisional_unit_area_from_count_matched_row_order,MT,MT,None,area_resolution_status=provisional_unit_area_from_count_matched_row_order is not manuscript-safe
230830,242,230830_242,provisional_unit_area_from_count_matched_row_order,V4,V4,None,area_resolution_status=provisional_unit_area_from_count_matched_row_order is not manuscript-safe
230830,243,230830_243,provisional_unit_area_from_count_matched_row_order,MT,MT,None,area_resolution_status=provisional_unit_area_from_count_matched_row_order is not manuscript-safe
230830,244,230830_244,provisional_unit_area_from_count_matched_row_order,MT,MT,None,area_resolution_status=provisional_unit_area_from_count_matched_row_order is not manuscript-safe
230830,245,230830_245,provisional_unit_area_from_count_matched_row_order,MT,MT,None,area_resolution_status=provisional_unit_area_from_count_matched_row_order is not manuscript-safe
230830,246,230830_246,provisional_unit_area_from_count_matched_row_order,MT,MT,None,area_resolution_status=provisional_unit_area_from_count_matched_row_order is not manuscript-safe
230830,247,230830_247,provisional_unit_area_from_count_matched_row_order,V4,V4,None,area_resolution_status=provisional_unit_area_from_count_matched_row_order is not manuscript-safe
230830,248,230830_248,provisional_unit_area_from_count_matched_row_order,V4,V4,None,area_resolution_status=provisional_unit_area_from_count_matched_row_order is not manuscript-safe
230830,249,230830_249,provisional_unit_area_from_count_matched_row_order,V4,V4,None,area_resolution_status=provisional_unit_area_from_count_matched_row_order is not manuscript-safe
230830,250,230830_250,provisional_unit_area_from_count_matched_row_order,V4,V4,None,area_resolution_status=provisional_unit_area_from_count_matched_row_order is not manuscript-safe
230830,251,230830_251,provisional_unit_area_from_count_matched_row_order,MT,MT,None,area_resolution_status=provisional_unit_area_from_count_matched_row_order is not manuscript-safe
230830,252,230830_252,provisional_unit_area_from_count_matched_row_order,V4,V4,None,area_resolution_status=provisional_unit_area_from_count_matched_row_order is not manuscript-safe
230830,253,230830_253,provisional_unit_area_from_count_matched_row_order,V4,V4,None,area_resolution_status=provisional_unit_area_from_count_matched_row_order is not manuscript-safe
230830,254,230830_254,provisional_unit_area_from_count_matched_row_order,V4,V4,None,area_resolution_status=provisional_unit_area_from_count_matched_row_order is not manuscript-safe
230830,255,230830_255,provisional_unit_area_from_count_matched_row_order,MT,MT,None,area_resolution_status=provisional_unit_area_from_count_matched_row_order is not manuscript-safe
230830,256,230830_256,provisional_unit_area_from_count_matched_row_order,V4,V4,None,area_resolution_status=provisional_unit_area_from_count_matched_row_order is not manuscript-safe
230830,257,230830_257,provisional_unit_area_from_count_matched_row_order,MT,MT,None,area_resolution_status=provisional_unit_area_from_count_matched_row_order is not manuscript-safe
230830,258,230830_258,provisional_unit_area_from_count_matched_row_order,MT,MT,None,area_resolution_status=provisional_unit_area_from_count_matched_row_order is not manuscript-safe
230830,259,230830_259,provisional_unit_area_from_count_matched_row_order,V4,V4,None,area_resolution_status=provisional_unit_area_from_count_matched_row_order is not manuscript-safe
230830,260,230830_260,provisional_unit_area_from_count_matched_row_order,V4,V4,None,area_resolution_status=provisional_unit_area_from_count_matched_row_order is not manuscript-safe
230830,261,230830_261,provisional_unit_area_from_count_matched_row_order,V4,V4,None,area_resolution_status=provisional_unit_area_from_count_matched_row_order is not manuscript-safe
230830,262,230830_262,provisional_unit_area_from_count_matched_row_order,V4,V4,None,area_resolution_status=provisional_unit_area_from_count_matched_row_order is not manuscript-safe
230830,263,230830_263,provisional_unit_area_from_count_matched_row_order,MT,MT,None,area_resolution_status=provisional_unit_area_from_count_matched_row_order is not manuscript-safe
230830,264,230830_264,provisional_unit_area_from_count_matched_row_order,V4,V4,None,area_resolution_status=provisional_unit_area_from_count_matched_row_order is not manuscript-safe
230830,265,230830_265,provisional_unit_area_from_count_matched_row_order,MT,MT,None,area_resolution_status=provisional_unit_area_from_count_matched_row_order is not manuscript-safe
230830,266,230830_266,provisional_unit_area_from_count_matched_row_order,MT,MT,None,area_resolution_status=provisional_unit_area_from_count_matched_row_order is not manuscript-safe
230830,267,230830_267,provisional_unit_area_from_count_matched_row_order,V4,V4,None,area_resolution_status=provisional_unit_area_from_count_matched_row_order is not manuscript-safe
230830,268,230830_268,provisional_unit_area_from_count_matched_row_order,V4,V4,None,area_resolution_status=provisional_unit_area_from_count_matched_row_order is not manuscript-safe
230830,269,230830_269,provisional_unit_area_from_count_matched_row_order,V4,V4,None,area_resolution_status=provisional_unit_area_from_count_matched_row_order is not manuscript-safe
230830,270,230830_270,provisional_unit_area_from_count_matched_row_order,V4,V4,None,area_resolution_status=provisional_unit_area_from_count_matched_row_order is not manuscript-safe
230830,271,230830_271,provisional_unit_area_from_count_matched_row_order,V4,V4,None,area_resolution_status=provisional_unit_area_from_count_matched_row_order is not manuscript-safe
230830,272,230830_272,provisional_unit_area_from_count_matched_row_order,V4,V4,None,area_resolution_status=provisional_unit_area_from_count_matched_row_order is not manuscript-safe
230830,273,230830_273,provisional_unit_area_from_count_matched_row_order,V4,V4,None,area_resolution_status=provisional_unit_area_from_count_matched_row_order is not manuscript-safe
230830,274,230830_274,provisional_unit_area_from_count_matched_row_order,V4,V4,None,area_resolution_status=provisional_unit_area_from_count_matched_row_order is not manuscript-safe
230830,275,230830_275,provisional_unit_area_from_count_matched_row_order,MT,MT,None,area_resolution_status=provisional_unit_area_from_count_matched_row_order is not manuscript-safe
230830,276,230830_276,provisional_unit_area_from_count_matched_row_order,V4,V4,None,area_resolution_status=provisional_unit_area_from_count_matched_row_order is not manuscript-safe
230830,277,230830_277,provisional_unit_area_from_count_matched_row_order,MT,MT,None,area_resolution_status=provisional_unit_area_from_count_matched_row_order is not manuscript-safe
230830,278,230830_278,provisional_unit_area_from_count_matched_row_order,V4,V4,None,area_resolution_status=provisional_unit_area_from_count_matched_row_order is not manuscript-safe
230830,279,230830_279,provisional_unit_area_from_count_matched_row_order,V4,V4,None,area_resolution_status=provisional_unit_area_from_count_matched_row_order is not manuscript-safe
230830,280,230830_280,provisional_unit_area_from_count_matched_row_order,V4,V4,None,area_resolution_status=provisional_unit_area_from_count_matched_row_order is not manuscript-safe
230830,281,230830_281,provisional_unit_area_from_count_matched_row_order,MT,MT,None,area_resolution_status=provisional_unit_area_from_count_matched_row_order is not manuscript-safe
230830,282,230830_282,provisional_unit_area_from_count_matched_row_order,V4,V4,None,area_resolution_status=provisional_unit_area_from_count_matched_row_order is not manuscript-safe
230830,283,230830_283,provisional_unit_area_from_count_matched_row_order,V4,V4,None,area_resolution_status=provisional_unit_area_from_count_matched_row_order is not manuscript-safe
230830,284,230830_284,provisional_unit_area_from_count_matched_row_order,V4,V4,None,area_resolution_status=provisional_unit_area_from_count_matched_row_order is not manuscript-safe
230830,285,230830_285,provisional_unit_area_from_count_matched_row_order,V4,V4,None,area_resolution_status=provisional_unit_area_from_count_matched_row_order is not manuscript-safe
230830,286,230830_286,provisional_unit_area_from_count_matched_row_order,MT,MT,None,area_resolution_status=provisional_unit_area_from_count_matched_row_order is not manuscript-safe
230830,287,230830_287,provisional_unit_area_from_count_matched_row_order,MT,MT,None,area_resolution_status=provisional_unit_area_from_count_matched_row_order is not manuscript-safe
230830,288,230830_288,provisional_unit_area_from_count_matched_row_order,V4,V4,None,area_resolution_status=provisional_unit_area_from_count_matched_row_order is not manuscript-safe
230830,289,230830_289,provisional_unit_area_from_count_matched_row_order,MT,MT,None,area_resolution_status=provisional_unit_area_from_count_matched_row_order is not manuscript-safe
230830,290,230830_290,provisional_unit_area_from_count_matched_row_order,V4,V4,None,area_resolution_status=provisional_unit_area_from_count_matched_row_order is not manuscript-safe
230830,291,230830_291,provisional_unit_area_from_count_matched_row_order,V4,V4,None,area_resolution_status=provisional_unit_area_from_count_matched_row_order is not manuscript-safe
230830,292,230830_292,provisional_unit_area_from_count_matched_row_order,V4,V4,None,area_resolution_status=provisional_unit_area_from_count_matched_row_order is not manuscript-safe
230830,293,230830_293,provisional_unit_area_from_count_matched_row_order,V4,V4,None,area_resolution_status=provisional_unit_area_from_count_matched_row_order is not manuscript-safe
230830,294,230830_294,provisional_unit_area_from_count_matched_row_order,V4,V4,None,area_resolution_status=provisional_unit_area_from_count_matched_row_order is not manuscript-safe
230830,295,230830_295,provisional_unit_area_from_count_matched_row_order,V4,V4,None,area_resolution_status=provisional_unit_area_from_count_matched_row_order is not manuscript-safe
230830,296,230830_296,provisional_unit_area_from_count_matched_row_order,V4,V4,None,area_resolution_status=provisional_unit_area_from_count_matched_row_order is not manuscript-safe
230830,297,230830_297,provisional_unit_area_from_count_matched_row_order,V4,V4,None,area_resolution_status=provisional_unit_area_from_count_matched_row_order is not manuscript-safe
230830,298,230830_298,provisional_unit_area_from_count_matched_row_order,V4,V4,None,area_resolution_status=provisional_unit_area_from_count_matched_row_order is not manuscript-safe
230830,299,230830_299,provisional_unit_area_from_count_matched_row_order,V4,V4,None,area_resolution_status=provisional_unit_area_from_count_matched_row_order is not manuscript-safe
230830,300,230830_300,provisional_unit_area_from_count_matched_row_order,V4,V4,None,area_resolution_status=provisional_unit_area_from_count_matched_row_order is not manuscript-safe
230830,301,230830_301,provisional_unit_area_from_count_matched_row_order,V4,V4,None,area_resolution_status=provisional_unit_area_from_count_matched_row_order is not manuscript-safe
230830,302,230830_302,provisional_unit_area_from_count_matched_row_order,V4,V4,None,area_resolution_status=provisional_unit_area_from_count_matched_row_order is not manuscript-safe
230830,303,230830_303,provisional_unit_area_from_count_matched_row_order,V4,V4,None,area_resolution_status=provisional_unit_area_from_count_matched_row_order is not manuscript-safe
230830,304,230830_304,provisional_unit_area_from_count_matched_row_order,V4,V4,None,area_resolution_status=provisional_unit_area_from_count_matched_row_order is not manuscript-safe
230830,305,230830_305,provisional_unit_area_from_count_matched_row_order,V4,V4,None,area_resolution_status=provisional_unit_area_from_count_matched_row_order is not manuscript-safe
230830,306,230830_306,provisional_unit_area_from_count_matched_row_order,V4,V4,None,area_resolution_status=provisional_unit_area_from_count_matched_row_order is not manuscript-safe
230830,307,230830_307,provisional_unit_area_from_count_matched_row_order,V4,V4,None,area_resolution_status=provisional_unit_area_from_count_matched_row_order is not manuscript-safe
230830,308,230830_308,provisional_unit_area_from_count_matched_row_order,V4,V4,None,area_resolution_status=provisional_unit_area_from_count_matched_row_order is not manuscript-safe
230830,309,230830_309,provisional_unit_area_from_count_matched_row_order,V4,V4,None,area_resolution_status=provisional_unit_area_from_count_matched_row_order is not manuscript-safe
230830,310,230830_310,provisional_unit_area_from_count_matched_row_order,V4,V4,None,area_resolution_status=provisional_unit_area_from_count_matched_row_order is not manuscript-safe
230830,311,230830_311,provisional_unit_area_from_count_matched_row_order,V4,V4,None,area_resolution_status=provisional_unit_area_from_count_matched_row_order is not manuscript-safe
230830,312,230830_312,provisional_unit_area_from_count_matched_row_order,V4,V4,None,area_resolution_status=provisional_unit_area_from_count_matched_row_order is not manuscript-safe
230830,313,230830_313,provisional_unit_area_from_count_matched_row_order,V4,V4,None,area_resolution_status=provisional_unit_area_from_count_matched_row_order is not manuscript-safe
230830,314,230830_314,provisional_unit_area_from_count_matched_row_order,V4,V4,None,area_resolution_status=provisional_unit_area_from_count_matched_row_order is not manuscript-safe
230830,315,230830_315,provisional_unit_area_from_count_matched_row_order,V4,V4,None,area_resolution_status=provisional_unit_area_from_count_matched_row_order is not manuscript-safe
230830,316,230830_316,provisional_unit_area_from_count_matched_row_order,V4,V4,None,area_resolution_status=provisional_unit_area_from_count_matched_row_order is not manuscript-safe
230830,317,230830_317,provisional_unit_area_from_count_matched_row_order,V4,V4,None,area_resolution_status=provisional_unit_area_from_count_matched_row_order is not manuscript-safe
230830,318,230830_318,provisional_unit_area_from_count_matched_row_order,V4,V4,None,area_resolution_status=provisional_unit_area_from_count_matched_row_order is not manuscript-safe
230830,319,230830_319,provisional_unit_area_from_count_matched_row_order,V4,V4,None,area_resolution_status=provisional_unit_area_from_count_matched_row_order is not manuscript-safe
230830,320,230830_320,provisional_unit_area_from_count_matched_row_order,V4,V4,None,area_resolution_status=provisional_unit_area_from_count_matched_row_order is not manuscript-safe
230830,321,230830_321,provisional_unit_area_from_count_matched_row_order,V4,V4,None,area_resolution_status=provisional_unit_area_from_count_matched_row_order is not manuscript-safe
230830,322,230830_322,provisional_unit_area_from_count_matched_row_order,V4,V4,None,area_resolution_status=provisional_unit_area_from_count_matched_row_order is not manuscript-safe
230830,323,230830_323,provisional_unit_area_from_count_matched_row_order,V4,V4,None,area_resolution_status=provisional_unit_area_from_count_matched_row_order is not manuscript-safe
230830,324,230830_324,provisional_unit_area_from_count_matched_row_order,V4,V4,None,area_resolution_status=provisional_unit_area_from_count_matched_row_order is not manuscript-safe
230830,325,230830_325,provisional_unit_area_from_count_matched_row_order,V4,V4,None,area_resolution_status=provisional_unit_area_from_count_matched_row_order is not manuscript-safe
230830,326,230830_326,provisional_unit_area_from_count_matched_row_order,MT,MT,None,area_resolution_status=provisional_unit_area_from_count_matched_row_order is not manuscript-safe
230830,327,230830_327,provisional_unit_area_from_count_matched_row_order,V4,V4,None,area_resolution_status=provisional_unit_area_from_count_matched_row_order is not manuscript-safe
230830,328,230830_328,provisional_unit_area_from_count_matched_row_order,V4,V4,None,area_resolution_status=provisional_unit_area_from_count_matched_row_order is not manuscript-safe
230830,329,230830_329,provisional_unit_area_from_count_matched_row_order,V4,V4,None,area_resolution_status=provisional_unit_area_from_count_matched_row_order is not manuscript-safe
230830,330,230830_330,provisional_unit_area_from_count_matched_row_order,V4,V4,None,area_resolution_status=provisional_unit_area_from_count_matched_row_order is not manuscript-safe
230830,331,230830_331,provisional_unit_area_from_count_matched_row_order,V4,V4,None,area_resolution_status=provisional_unit_area_from_count_matched_row_order is not manuscript-safe
230830,332,230830_332,provisional_unit_area_from_count_matched_row_order,V4,V4,None,area_resolution_status=provisional_unit_area_from_count_matched_row_order is not manuscript-safe
230830,333,230830_333,provisional_unit_area_from_count_matched_row_order,V4,V4,None,area_resolution_status=provisional_unit_area_from_count_matched_row_order is not manuscript-safe
230830,334,230830_334,provisional_unit_area_from_count_matched_row_order,V4,V4,None,area_resolution_status=provisional_unit_area_from_count_matched_row_order is not manuscript-safe
230830,335,230830_335,provisional_unit_area_from_count_matched_row_order,MT,MT,None,area_resolution_status=provisional_unit_area_from_count_matched_row_order is not manuscript-safe
230830,336,230830_336,provisional_unit_area_from_count_matched_row_order,V4,V4,None,area_resolution_status=provisional_unit_area_from_count_matched_row_order is not manuscript-safe
230830,337,230830_337,provisional_unit_area_from_count_matched_row_order,V4,V4,None,area_resolution_status=provisional_unit_area_from_count_matched_row_order is not manuscript-safe
230830,338,230830_338,provisional_unit_area_from_count_matched_row_order,V4,V4,None,area_resolution_status=provisional_unit_area_from_count_matched_row_order is not manuscript-safe
230830,339,230830_339,provisional_unit_area_from_count_matched_row_order,V4,V4,None,area_resolution_status=provisional_unit_area_from_count_matched_row_order is not manuscript-safe
230830,340,230830_340,provisional_unit_area_from_count_matched_row_order,V4,V4,None,area_resolution_status=provisional_unit_area_from_count_matched_row_order is not manuscript-safe
230830,341,230830_341,provisional_unit_area_from_count_matched_row_order,V4,V4,None,area_resolution_status=provisional_unit_area_from_count_matched_row_order is not manuscript-safe
230830,342,230830_342,provisional_unit_area_from_count_matched_row_order,V4,V4,None,area_resolution_status=provisional_unit_area_from_count_matched_row_order is not manuscript-safe
230830,343,230830_343,provisional_unit_area_from_count_matched_row_order,V4,V4,None,area_resolution_status=provisional_unit_area_from_count_matched_row_order is not manuscript-safe
230830,344,230830_344,provisional_unit_area_from_count_matched_row_order,V4,V4,None,area_resolution_status=provisional_unit_area_from_count_matched_row_order is not manuscript-safe
230830,345,230830_345,provisional_unit_area_from_count_matched_row_order,V4,V4,None,area_resolution_status=provisional_unit_area_from_count_matched_row_order is not manuscript-safe
230830,346,230830_346,provisional_unit_area_from_count_matched_row_order,MT,MT,None,area_resolution_status=provisional_unit_area_from_count_matched_row_order is not manuscript-safe
230830,347,230830_347,provisional_unit_area_from_count_matched_row_order,V4,V4,None,area_resolution_status=provisional_unit_area_from_count_matched_row_order is not manuscript-safe
230830,348,230830_348,provisional_unit_area_from_count_matched_row_order,MT,MT,None,area_resolution_status=provisional_unit_area_from_count_matched_row_order is not manuscript-safe
230830,349,230830_349,provisional_unit_area_from_count_matched_row_order,V4,V4,None,area_resolution_status=provisional_unit_area_from_count_matched_row_order is not manuscript-safe
230830,350,230830_350,provisional_unit_area_from_count_matched_row_order,V4,V4,None,area_resolution_status=provisional_unit_area_from_count_matched_row_order is not manuscript-safe
230830,351,230830_351,provisional_unit_area_from_count_matched_row_order,MT,MT,None,area_resolution_status=provisional_unit_area_from_count_matched_row_order is not manuscript-safe
230830,352,230830_352,provisional_unit_area_from_count_matched_row_order,V4,V4,None,area_resolution_status=provisional_unit_area_from_count_matched_row_order is not manuscript-safe
230830,353,230830_353,provisional_unit_area_from_count_matched_row_order,MT,MT,None,area_resolution_status=provisional_unit_area_from_count_matched_row_order is not manuscript-safe
230830,354,230830_354,provisional_unit_area_from_count_matched_row_order,V4,V4,None,area_resolution_status=provisional_unit_area_from_count_matched_row_order is not manuscript-safe
230830,355,230830_355,provisional_unit_area_from_count_matched_row_order,V4,V4,None,area_resolution_status=provisional_unit_area_from_count_matched_row_order is not manuscript-safe
230830,356,230830_356,provisional_unit_area_from_count_matched_row_order,MT,MT,None,area_resolution_status=provisional_unit_area_from_count_matched_row_order is not manuscript-safe
230830,357,230830_357,provisional_unit_area_from_count_matched_row_order,MT,MT,None,area_resolution_status=provisional_unit_area_from_count_matched_row_order is not manuscript-safe
230830,358,230830_358,provisional_unit_area_from_count_matched_row_order,V4,V4,None,area_resolution_status=provisional_unit_area_from_count_matched_row_order is not manuscript-safe
230830,359,230830_359,provisional_unit_area_from_count_matched_row_order,V4,V4,None,area_resolution_status=provisional_unit_area_from_count_matched_row_order is not manuscript-safe
230830,360,230830_360,provisional_unit_area_from_count_matched_row_order,MT,MT,None,area_resolution_status=provisional_unit_area_from_count_matched_row_order is not manuscript-safe
230830,361,230830_361,provisional_unit_area_from_count_matched_row_order,MT,MT,None,area_resolution_status=provisional_unit_area_from_count_matched_row_order is not manuscript-safe
230830,362,230830_362,provisional_unit_area_from_count_matched_row_order,V4,V4,None,area_resolution_status=provisional_unit_area_from_count_matched_row_order is not manuscript-safe
230830,363,230830_363,provisional_unit_area_from_count_matched_row_order,V4,V4,None,area_resolution_status=provisional_unit_area_from_count_matched_row_order is not manuscript-safe
230830,364,230830_364,provisional_unit_area_from_count_matched_row_order,MT,MT,None,area_resolution_status=provisional_unit_area_from_count_matched_row_order is not manuscript-safe
230830,365,230830_365,provisional_unit_area_from_count_matched_row_order,V4,V4,None,area_resolution_status=provisional_unit_area_from_count_matched_row_order is not manuscript-safe
230830,366,230830_366,provisional_unit_area_from_count_matched_row_order,V4,V4,None,area_resolution_status=provisional_unit_area_from_count_matched_row_order is not manuscript-safe
230830,367,230830_367,provisional_unit_area_from_count_matched_row_order,V4,V4,None,area_resolution_status=provisional_unit_area_from_count_matched_row_order is not manuscript-safe
230830,368,230830_368,provisional_unit_area_from_count_matched_row_order,V4,V4,None,area_resolution_status=provisional_unit_area_from_count_matched_row_order is not manuscript-safe
230830,369,230830_369,provisional_unit_area_from_count_matched_row_order,MT,MT,None,area_resolution_status=provisional_unit_area_from_count_matched_row_order is not manuscript-safe
230830,370,230830_370,provisional_unit_area_from_count_matched_row_order,MT,MT,None,area_resolution_status=provisional_unit_area_from_count_matched_row_order is not manuscript-safe
230830,371,230830_371,provisional_unit_area_from_count_matched_row_order,MT,MT,None,area_resolution_status=provisional_unit_area_from_count_matched_row_order is not manuscript-safe
230830,372,230830_372,provisional_unit_area_from_count_matched_row_order,V4,V4,None,area_resolution_status=provisional_unit_area_from_count_matched_row_order is not manuscript-safe
230830,373,230830_373,provisional_unit_area_from_count_matched_row_order,MT,MT,None,area_resolution_status=provisional_unit_area_from_count_matched_row_order is not manuscript-safe
230830,374,230830_374,provisional_unit_area_from_count_matched_row_order,V4,V4,None,area_resolution_status=provisional_unit_area_from_count_matched_row_order is not manuscript-safe
230830,375,230830_375,provisional_unit_area_from_count_matched_row_order,MT,MT,None,area_resolution_status=provisional_unit_area_from_count_matched_row_order is not manuscript-safe
230830,376,230830_376,provisional_unit_area_from_count_matched_row_order,V4,V4,None,area_resolution_status=provisional_unit_area_from_count_matched_row_order is not manuscript-safe
230830,377,230830_377,provisional_unit_area_from_count_matched_row_order,V4,V4,None,area_resolution_status=provisional_unit_area_from_count_matched_row_order is not manuscript-safe
230830,378,230830_378,provisional_unit_area_from_count_matched_row_order,V4,V4,None,area_resolution_status=provisional_unit_area_from_count_matched_row_order is not manuscript-safe
230830,379,230830_379,provisional_unit_area_from_count_matched_row_order,MT,MT,None,area_resolution_status=provisional_unit_area_from_count_matched_row_order is not manuscript-safe
230830,380,230830_380,provisional_unit_area_from_count_matched_row_order,MT,MT,None,area_resolution_status=provisional_unit_area_from_count_matched_row_order is not manuscript-safe
230830,381,230830_381,provisional_unit_area_from_count_matched_row_order,V4,V4,None,area_resolution_status=provisional_unit_area_from_count_matched_row_order is not manuscript-safe
230830,382,230830_382,provisional_unit_area_from_count_matched_row_order,V4,V4,None,area_resolution_status=provisional_unit_area_from_count_matched_row_order is not manuscript-safe
230830,383,230830_383,provisional_unit_area_from_count_matched_row_order,V4,V4,None,area_resolution_status=provisional_unit_area_from_count_matched_row_order is not manuscript-safe
230830,384,230830_384,provisional_unit_area_from_count_matched_row_order,V4,V4,None,area_resolution_status=provisional_unit_area_from_count_matched_row_order is not manuscript-safe
230830,385,230830_385,provisional_unit_area_from_count_matched_row_order,V4,V4,None,area_resolution_status=provisional_unit_area_from_count_matched_row_order is not manuscript-safe
230830,386,230830_386,provisional_unit_area_from_count_matched_row_order,V4,V4,None,area_resolution_status=provisional_unit_area_from_count_matched_row_order is not manuscript-safe
230830,387,230830_387,provisional_unit_area_from_count_matched_row_order,V4,V4,None,area_resolution_status=provisional_unit_area_from_count_matched_row_order is not manuscript-safe
230830,388,230830_388,provisional_unit_area_from_count_matched_row_order,V4,V4,None,area_resolution_status=provisional_unit_area_from_count_matched_row_order is not manuscript-safe
230830,389,230830_389,provisional_unit_area_from_count_matched_row_order,V4,V4,None,area_resolution_status=provisional_unit_area_from_count_matched_row_order is not manuscript-safe
230830,390,230830_390,provisional_unit_area_from_count_matched_row_order,V4,V4,None,area_resolution_status=provisional_unit_area_from_count_matched_row_order is not manuscript-safe
230830,391,230830_391,provisional_unit_area_from_count_matched_row_order,V4,V4,None,area_resolution_status=provisional_unit_area_from_count_matched_row_order is not manuscript-safe
230830,392,230830_392,provisional_unit_area_from_count_matched_row_order,MT,MT,None,area_resolution_status=provisional_unit_area_from_count_matched_row_order is not manuscript-safe
230830,393,230830_393,provisional_unit_area_from_count_matched_row_order,MT,MT,None,area_resolution_status=provisional_unit_area_from_count_matched_row_order is not manuscript-safe
230830,394,230830_394,provisional_unit_area_from_count_matched_row_order,MT,MT,None,area_resolution_status=provisional_unit_area_from_count_matched_row_order is not manuscript-safe
230830,395,230830_395,provisional_unit_area_from_count_matched_row_order,MT,MT,None,area_resolution_status=provisional_unit_area_from_count_matched_row_order is not manuscript-safe
230830,396,230830_396,provisional_unit_area_from_count_matched_row_order,MT,MT,None,area_resolution_status=provisional_unit_area_from_count_matched_row_order is not manuscript-safe
230830,397,230830_397,provisional_unit_area_from_count_matched_row_order,MT,MT,None,area_resolution_status=provisional_unit_area_from_count_matched_row_order is not manuscript-safe
230830,398,230830_398,provisional_unit_area_from_count_matched_row_order,MT,MT,None,area_resolution_status=provisional_unit_area_from_count_matched_row_order is not manuscript-safe
230830,399,230830_399,provisional_unit_area_from_count_matched_row_order,V4,V4,None,area_resolution_status=provisional_unit_area_from_count_matched_row_order is not manuscript-safe
230830,400,230830_400,provisional_unit_area_from_count_matched_row_order,V4,V4,None,area_resolution_status=provisional_unit_area_from_count_matched_row_order is not manuscript-safe
230830,401,230830_401,provisional_unit_area_from_count_matched_row_order,MT,MT,None,area_resolution_status=provisional_unit_area_from_count_matched_row_order is not manuscript-safe
230830,402,230830_402,provisional_unit_area_from_count_matched_row_order,MT,MT,None,area_resolution_status=provisional_unit_area_from_count_matched_row_order is not manuscript-safe
230830,403,230830_403,provisional_unit_area_from_count_matched_row_order,MT,MT,None,area_resolution_status=provisional_unit_area_from_count_matched_row_order is not manuscript-safe
230830,404,230830_404,provisional_unit_area_from_count_matched_row_order,V4,V4,None,area_resolution_status=provisional_unit_area_from_count_matched_row_order is not manuscript-safe
230830,405,230830_405,provisional_unit_area_from_count_matched_row_order,V4,V4,None,area_resolution_status=provisional_unit_area_from_count_matched_row_order is not manuscript-safe
230830,406,230830_406,provisional_unit_area_from_count_matched_row_order,V4,V4,None,area_resolution_status=provisional_unit_area_from_count_matched_row_order is not manuscript-safe
230830,407,230830_407,provisional_unit_area_from_count_matched_row_order,MT,MT,None,area_resolution_status=provisional_unit_area_from_count_matched_row_order is not manuscript-safe
230830,408,230830_408,provisional_unit_area_from_count_matched_row_order,MT,MT,None,area_resolution_status=provisional_unit_area_from_count_matched_row_order is not manuscript-safe
230830,409,230830_409,provisional_unit_area_from_count_matched_row_order,V4,V4,None,area_resolution_status=provisional_unit_area_from_count_matched_row_order is not manuscript-safe
230830,410,230830_410,provisional_unit_area_from_count_matched_row_order,V4,V4,None,area_resolution_status=provisional_unit_area_from_count_matched_row_order is not manuscript-safe
230830,411,230830_411,provisional_unit_area_from_count_matched_row_order,MT,MT,None,area_resolution_status=provisional_unit_area_from_count_matched_row_order is not manuscript-safe
230830,412,230830_412,provisional_unit_area_from_count_matched_row_order,MT,MT,None,area_resolution_status=provisional_unit_area_from_count_matched_row_order is not manuscript-safe
230830,413,230830_413,provisional_unit_area_from_count_matched_row_order,V4,V4,None,area_resolution_status=provisional_unit_area_from_count_matched_row_order is not manuscript-safe
230830,414,230830_414,provisional_unit_area_from_count_matched_row_order,MT,MT,None,area_resolution_status=provisional_unit_area_from_count_matched_row_order is not manuscript-safe
230830,415,230830_415,provisional_unit_area_from_count_matched_row_order,MT,MT,None,area_resolution_status=provisional_unit_area_from_count_matched_row_order is not manuscript-safe
230830,416,230830_416,provisional_unit_area_from_count_matched_row_order,MT,MT,None,area_resolution_status=provisional_unit_area_from_count_matched_row_order is not manuscript-safe
230830,417,230830_417,provisional_unit_area_from_count_matched_row_order,MT,MT,None,area_resolution_status=provisional_unit_area_from_count_matched_row_order is not manuscript-safe
230830,418,230830_418,provisional_unit_area_from_count_matched_row_order,MT,MT,None,area_resolution_status=provisional_unit_area_from_count_matched_row_order is not manuscript-safe
230830,419,230830_419,provisional_unit_area_from_count_matched_row_order,MT,MT,None,area_resolution_status=provisional_unit_area_from_count_matched_row_order is not manuscript-safe
230830,420,230830_420,provisional_unit_area_from_count_matched_row_order,MT,MT,None,area_resolution_status=provisional_unit_area_from_count_matched_row_order is not manuscript-safe
230830,421,230830_421,provisional_unit_area_from_count_matched_row_order,MT,MT,None,area_resolution_status=provisional_unit_area_from_count_matched_row_order is not manuscript-safe
230830,422,230830_422,provisional_unit_area_from_count_matched_row_order,V4,V4,None,area_resolution_status=provisional_unit_area_from_count_matched_row_order is not manuscript-safe
230830,423,230830_423,provisional_unit_area_from_count_matched_row_order,MT,MT,None,area_resolution_status=provisional_unit_area_from_count_matched_row_order is not manuscript-safe
230830,424,230830_424,provisional_unit_area_from_count_matched_row_order,MT,MT,None,area_resolution_status=provisional_unit_area_from_count_matched_row_order is not manuscript-safe
230830,425,230830_425,provisional_unit_area_from_count_matched_row_order,MT,MT,None,area_resolution_status=provisional_unit_area_from_count_matched_row_order is not manuscript-safe
230830,426,230830_426,provisional_unit_area_from_count_matched_row_order,MT,MT,None,area_resolution_status=provisional_unit_area_from_count_matched_row_order is not manuscript-safe
230830,427,230830_427,provisional_unit_area_from_count_matched_row_order,MT,MT,None,area_resolution_status=provisional_unit_area_from_count_matched_row_order is not manuscript-safe
230830,428,230830_428,provisional_unit_area_from_count_matched_row_order,MT,MT,None,area_resolution_status=provisional_unit_area_from_count_matched_row_order is not manuscript-safe
230830,429,230830_429,provisional_unit_area_from_count_matched_row_order,MT,MT,None,area_resolution_status=provisional_unit_area_from_count_matched_row_order is not manuscript-safe
230830,430,230830_430,provisional_unit_area_from_count_matched_row_order,MT,MT,None,area_resolution_status=provisional_unit_area_from_count_matched_row_order is not manuscript-safe
230830,431,230830_431,provisional_unit_area_from_count_matched_row_order,MT,MT,None,area_resolution_status=provisional_unit_area_from_count_matched_row_order is not manuscript-safe
230830,432,230830_432,provisional_unit_area_from_count_matched_row_order,MT,MT,None,area_resolution_status=provisional_unit_area_from_count_matched_row_order is not manuscript-safe
230830,433,230830_433,provisional_unit_area_from_count_matched_row_order,MT,MT,None,area_resolution_status=provisional_unit_area_from_count_matched_row_order is not manuscript-safe
230830,434,230830_434,provisional_unit_area_from_count_matched_row_order,MT,MT,None,area_resolution_status=provisional_unit_area_from_count_matched_row_order is not manuscript-safe
230830,435,230830_435,provisional_unit_area_from_count_matched_row_order,MT,MT,None,area_resolution_status=provisional_unit_area_from_count_matched_row_order is not manuscript-safe
230830,436,230830_436,provisional_unit_area_from_count_matched_row_order,MT,MT,None,area_resolution_status=provisional_unit_area_from_count_matched_row_order is not manuscript-safe
230830,437,230830_437,provisional_unit_area_from_count_matched_row_order,MT,MT,None,area_resolution_status=provisional_unit_area_from_count_matched_row_order is not manuscript-safe
230830,438,230830_438,provisional_unit_area_from_count_matched_row_order,MT,MT,None,area_resolution_status=provisional_unit_area_from_count_matched_row_order is not manuscript-safe
230830,439,230830_439,provisional_unit_area_from_count_matched_row_order,MT,MT,None,area_resolution_status=provisional_unit_area_from_count_matched_row_order is not manuscript-safe
230830,440,230830_440,provisional_unit_area_from_count_matched_row_order,MT,MT,None,area_resolution_status=provisional_unit_area_from_count_matched_row_order is not manuscript-safe
230830,441,230830_441,provisional_unit_area_from_count_matched_row_order,MT,MT,None,area_resolution_status=provisional_unit_area_from_count_matched_row_order is not manuscript-safe
230830,442,230830_442,provisional_unit_area_from_count_matched_row_order,MT,MT,None,area_resolution_status=provisional_unit_area_from_count_matched_row_order is not manuscript-safe
230830,443,230830_443,provisional_unit_area_from_count_matched_row_order,MT,MT,None,area_resolution_status=provisional_unit_area_from_count_matched_row_order is not manuscript-safe
230830,444,230830_444,provisional_unit_area_from_count_matched_row_order,MT,MT,None,area_resolution_status=provisional_unit_area_from_count_matched_row_order is not manuscript-safe
230830,445,230830_445,provisional_unit_area_from_count_matched_row_order,MT,MT,None,area_resolution_status=provisional_unit_area_from_count_matched_row_order is not manuscript-safe
230830,446,230830_446,provisional_unit_area_from_count_matched_row_order,MT,MT,None,area_resolution_status=provisional_unit_area_from_count_matched_row_order is not manuscript-safe
230830,447,230830_447,provisional_unit_area_from_count_matched_row_order,MT,MT,None,area_resolution_status=provisional_unit_area_from_count_matched_row_order is not manuscript-safe
230830,448,230830_448,provisional_unit_area_from_count_matched_row_order,MT,MT,None,area_resolution_status=provisional_unit_area_from_count_matched_row_order is not manuscript-safe
230830,449,230830_449,provisional_unit_area_from_count_matched_row_order,MT,MT,None,area_resolution_status=provisional_unit_area_from_count_matched_row_order is not manuscript-safe
230830,450,230830_450,provisional_unit_area_from_count_matched_row_order,MT,MT,None,area_resolution_status=provisional_unit_area_from_count_matched_row_order is not manuscript-safe
230830,451,230830_451,provisional_unit_area_from_count_matched_row_order,MT,MT,None,area_resolution_status=provisional_unit_area_from_count_matched_row_order is not manuscript-safe
230830,452,230830_452,provisional_unit_area_from_count_matched_row_order,MT,MT,None,area_resolution_status=provisional_unit_area_from_count_matched_row_order is not manuscript-safe
230830,453,230830_453,provisional_unit_area_from_count_matched_row_order,MT,MT,None,area_resolution_status=provisional_unit_area_from_count_matched_row_order is not manuscript-safe
230830,454,230830_454,provisional_unit_area_from_count_matched_row_order,MT,MT,None,area_resolution_status=provisional_unit_area_from_count_matched_row_order is not manuscript-safe
230830,455,230830_455,provisional_unit_area_from_count_matched_row_order,MT,MT,None,area_resolution_status=provisional_unit_area_from_count_matched_row_order is not manuscript-safe
230830,456,230830_456,provisional_unit_area_from_count_matched_row_order,MT,MT,None,area_resolution_status=provisional_unit_area_from_count_matched_row_order is not manuscript-safe
230830,457,230830_457,provisional_unit_area_from_count_matched_row_order,MT,MT,None,area_resolution_status=provisional_unit_area_from_count_matched_row_order is not manuscript-safe
230830,458,230830_458,provisional_unit_area_from_count_matched_row_order,MT,MT,None,area_resolution_status=provisional_unit_area_from_count_matched_row_order is not manuscript-safe
230830,459,230830_459,provisional_unit_area_from_count_matched_row_order,MT,MT,None,area_resolution_status=provisional_unit_area_from_count_matched_row_order is not manuscript-safe
230830,460,230830_460,provisional_unit_area_from_count_matched_row_order,MT,MT,None,area_resolution_status=provisional_unit_area_from_count_matched_row_order is not manuscript-safe
230830,461,230830_461,provisional_unit_area_from_count_matched_row_order,MT,MT,None,area_resolution_status=provisional_unit_area_from_count_matched_row_order is not manuscript-safe
230830,462,230830_462,provisional_unit_area_from_count_matched_row_order,MT,MT,None,area_resolution_status=provisional_unit_area_from_count_matched_row_order is not manuscript-safe
230830,463,230830_463,provisional_unit_area_from_count_matched_row_order,V4,V4,None,area_resolution_status=provisional_unit_area_from_count_matched_row_order is not manuscript-safe
230830,464,230830_464,provisional_unit_area_from_count_matched_row_order,MT,MT,None,area_resolution_status=provisional_unit_area_from_count_matched_row_order is not manuscript-safe
230830,465,230830_465,provisional_unit_area_from_count_matched_row_order,MT,MT,None,area_resolution_status=provisional_unit_area_from_count_matched_row_order is not manuscript-safe
230830,466,230830_466,provisional_unit_area_from_count_matched_row_order,MT,MT,None,area_resolution_status=provisional_unit_area_from_count_matched_row_order is not manuscript-safe
230830,467,230830_467,provisional_unit_area_from_count_matched_row_order,MT,MT,None,area_resolution_status=provisional_unit_area_from_count_matched_row_order is not manuscript-safe
230830,468,230830_468,provisional_unit_area_from_count_matched_row_order,MT,MT,None,area_resolution_status=provisional_unit_area_from_count_matched_row_order is not manuscript-safe
230830,469,230830_469,provisional_unit_area_from_count_matched_row_order,MT,MT,None,area_resolution_status=provisional_unit_area_from_count_matched_row_order is not manuscript-safe
230830,470,230830_470,provisional_unit_area_from_count_matched_row_order,MT,MT,None,area_resolution_status=provisional_unit_area_from_count_matched_row_order is not manuscript-safe
230830,471,230830_471,provisional_unit_area_from_count_matched_row_order,MT,MT,None,area_resolution_status=provisional_unit_area_from_count_matched_row_order is not manuscript-safe
230830,472,230830_472,provisional_unit_area_from_count_matched_row_order,MT,MT,None,area_resolution_status=provisional_unit_area_from_count_matched_row_order is not manuscript-safe
230830,473,230830_473,provisional_unit_area_from_count_matched_row_order,MT,MT,None,area_resolution_status=provisional_unit_area_from_count_matched_row_order is not manuscript-safe
230830,474,230830_474,provisional_unit_area_from_count_matched_row_order,MT,MT,None,area_resolution_status=provisional_unit_area_from_count_matched_row_order is not manuscript-safe
230830,475,230830_475,provisional_unit_area_from_count_matched_row_order,MT,MT,None,area_resolution_status=provisional_unit_area_from_count_matched_row_order is not manuscript-safe
230830,476,230830_476,provisional_unit_area_from_count_matched_row_order,MT,MT,None,area_resolution_status=provisional_unit_area_from_count_matched_row_order is not manuscript-safe
230830,477,230830_477,provisional_unit_area_from_count_matched_row_order,MT,MT,None,area_resolution_status=provisional_unit_area_from_count_matched_row_order is not manuscript-safe
230830,478,230830_478,provisional_unit_area_from_count_matched_row_order,MT,MT,None,area_resolution_status=provisional_unit_area_from_count_matched_row_order is not manuscript-safe
230830,479,230830_479,provisional_unit_area_from_count_matched_row_order,MT,MT,None,area_resolution_status=provisional_unit_area_from_count_matched_row_order is not manuscript-safe
230830,480,230830_480,provisional_unit_area_from_count_matched_row_order,MT,MT,None,area_resolution_status=provisional_unit_area_from_count_matched_row_order is not manuscript-safe
230830,481,230830_481,provisional_unit_area_from_count_matched_row_order,MT,MT,None,area_resolution_status=provisional_unit_area_from_count_matched_row_order is not manuscript-safe
230830,482,230830_482,provisional_unit_area_from_count_matched_row_order,MT,MT,None,area_resolution_status=provisional_unit_area_from_count_matched_row_order is not manuscript-safe
230830,483,230830_483,provisional_unit_area_from_count_matched_row_order,MT,MT,None,area_resolution_status=provisional_unit_area_from_count_matched_row_order is not manuscript-safe
230830,484,230830_484,provisional_unit_area_from_count_matched_row_order,MT,MT,None,area_resolution_status=provisional_unit_area_from_count_matched_row_order is not manuscript-safe
230830,485,230830_485,provisional_unit_area_from_count_matched_row_order,MT,MT,None,area_resolution_status=provisional_unit_area_from_count_matched_row_order is not manuscript-safe
230830,486,230830_486,provisional_unit_area_from_count_matched_row_order,MT,MT,None,area_resolution_status=provisional_unit_area_from_count_matched_row_order is not manuscript-safe
230830,487,230830_487,provisional_unit_area_from_count_matched_row_order,MT,MT,None,area_resolution_status=provisional_unit_area_from_count_matched_row_order is not manuscript-safe
230830,488,230830_488,provisional_unit_area_from_count_matched_row_order,MT,MT,None,area_resolution_status=provisional_unit_area_from_count_matched_row_order is not manuscript-safe
230830,489,230830_489,provisional_unit_area_from_count_matched_row_order,MT,MT,None,area_resolution_status=provisional_unit_area_from_count_matched_row_order is not manuscript-safe
230830,490,230830_490,provisional_unit_area_from_count_matched_row_order,MT,MT,None,area_resolution_status=provisional_unit_area_from_count_matched_row_order is not manuscript-safe
230830,491,230830_491,provisional_unit_area_from_count_matched_row_order,MT,MT,None,area_resolution_status=provisional_unit_area_from_count_matched_row_order is not manuscript-safe
230830,492,230830_492,provisional_unit_area_from_count_matched_row_order,MT,MT,None,area_resolution_status=provisional_unit_area_from_count_matched_row_order is not manuscript-safe
230830,493,230830_493,provisional_unit_area_from_count_matched_row_order,MT,MT,None,area_resolution_status=provisional_unit_area_from_count_matched_row_order is not manuscript-safe
230830,494,230830_494,provisional_unit_area_from_count_matched_row_order,MT,MT,None,area_resolution_status=provisional_unit_area_from_count_matched_row_order is not manuscript-safe
230830,495,230830_495,provisional_unit_area_from_count_matched_row_order,MT,MT,None,area_resolution_status=provisional_unit_area_from_count_matched_row_order is not manuscript-safe
230830,496,230830_496,provisional_unit_area_from_count_matched_row_order,MT,MT,None,area_resolution_status=provisional_unit_area_from_count_matched_row_order is not manuscript-safe
230830,497,230830_497,provisional_unit_area_from_count_matched_row_order,MT,MT,None,area_resolution_status=provisional_unit_area_from_count_matched_row_order is not manuscript-safe
230830,498,230830_498,provisional_unit_area_from_count_matched_row_order,MT,MT,None,area_resolution_status=provisional_unit_area_from_count_matched_row_order is not manuscript-safe
230830,499,230830_499,provisional_unit_area_from_count_matched_row_order,MT,MT,None,area_resolution_status=provisional_unit_area_from_count_matched_row_order is not manuscript-safe
230830,500,230830_500,provisional_unit_area_from_count_matched_row_order,MT,MT,None,area_resolution_status=provisional_unit_area_from_count_matched_row_order is not manuscript-safe
230830,501,230830_501,provisional_unit_area_from_count_matched_row_order,MT,MT,None,area_resolution_status=provisional_unit_area_from_count_matched_row_order is not manuscript-safe
230830,502,230830_502,provisional_unit_area_from_count_matched_row_order,MT,MT,None,area_resolution_status=provisional_unit_area_from_count_matched_row_order is not manuscript-safe
230830,503,230830_503,provisional_unit_area_from_count_matched_row_order,MT,MT,None,area_resolution_status=provisional_unit_area_from_count_matched_row_order is not manuscript-safe
230830,504,230830_504,provisional_unit_area_from_count_matched_row_order,MT,MT,None,area_resolution_status=provisional_unit_area_from_count_matched_row_order is not manuscript-safe
230830,505,230830_505,provisional_unit_area_from_count_matched_row_order,MT,MT,None,area_resolution_status=provisional_unit_area_from_count_matched_row_order is not manuscript-safe
230830,506,230830_506,provisional_unit_area_from_count_matched_row_order,MT,MT,None,area_resolution_status=provisional_unit_area_from_count_matched_row_order is not manuscript-safe
230830,507,230830_507,provisional_unit_area_from_count_matched_row_order,MT,MT,None,area_resolution_status=provisional_unit_area_from_count_matched_row_order is not manuscript-safe
230830,508,230830_508,provisional_unit_area_from_count_matched_row_order,MT,MT,None,area_resolution_status=provisional_unit_area_from_count_matched_row_order is not manuscript-safe
230830,509,230830_509,provisional_unit_area_from_count_matched_row_order,MT,MT,None,area_resolution_status=provisional_unit_area_from_count_matched_row_order is not manuscript-safe
230830,510,230830_510,provisional_unit_area_from_count_matched_row_order,MT,MT,None,area_resolution_status=provisional_unit_area_from_count_matched_row_order is not manuscript-safe
230830,511,230830_511,provisional_unit_area_from_count_matched_row_order,V4,V4,None,area_resolution_status=provisional_unit_area_from_count_matched_row_order is not manuscript-safe
230830,512,230830_512,provisional_unit_area_from_count_matched_row_order,V4,V4,None,area_resolution_status=provisional_unit_area_from_count_matched_row_order is not manuscript-safe
230831,0,230831_0,unmapped_no_metadata,None,Unknown,No unit metadata CSV file found,area_resolution_status=unmapped_no_metadata is not manuscript-safe
230831,1,230831_1,unmapped_no_metadata,None,Unknown,No unit metadata CSV file found,area_resolution_status=unmapped_no_metadata is not manuscript-safe
230831,2,230831_2,unmapped_no_metadata,None,Unknown,No unit metadata CSV file found,area_resolution_status=unmapped_no_metadata is not manuscript-safe
230831,3,230831_3,unmapped_no_metadata,None,Unknown,No unit metadata CSV file found,area_resolution_status=unmapped_no_metadata is not manuscript-safe
230831,4,230831_4,unmapped_no_metadata,None,Unknown,No unit metadata CSV file found,area_resolution_status=unmapped_no_metadata is not manuscript-safe
230831,5,230831_5,unmapped_no_metadata,None,Unknown,No unit metadata CSV file found,area_resolution_status=unmapped_no_metadata is not manuscript-safe
230831,6,230831_6,unmapped_no_metadata,None,Unknown,No unit metadata CSV file found,area_resolution_status=unmapped_no_metadata is not manuscript-safe
230831,7,230831_7,unmapped_no_metadata,None,Unknown,No unit metadata CSV file found,area_resolution_status=unmapped_no_metadata is not manuscript-safe
230831,8,230831_8,unmapped_no_metadata,None,Unknown,No unit metadata CSV file found,area_resolution_status=unmapped_no_metadata is not manuscript-safe
230831,9,230831_9,unmapped_no_metadata,None,Unknown,No unit metadata CSV file found,area_resolution_status=unmapped_no_metadata is not manuscript-safe
230831,10,230831_10,unmapped_no_metadata,None,Unknown,No unit metadata CSV file found,area_resolution_status=unmapped_no_metadata is not manuscript-safe
230831,11,230831_11,unmapped_no_metadata,None,Unknown,No unit metadata CSV file found,area_resolution_status=unmapped_no_metadata is not manuscript-safe
230831,12,230831_12,unmapped_no_metadata,None,Unknown,No unit metadata CSV file found,area_resolution_status=unmapped_no_metadata is not manuscript-safe
230831,13,230831_13,unmapped_no_metadata,None,Unknown,No unit metadata CSV file found,area_resolution_status=unmapped_no_metadata is not manuscript-safe
230831,14,230831_14,unmapped_no_metadata,None,Unknown,No unit metadata CSV file found,area_resolution_status=unmapped_no_metadata is not manuscript-safe
230831,15,230831_15,unmapped_no_metadata,None,Unknown,No unit metadata CSV file found,area_resolution_status=unmapped_no_metadata is not manuscript-safe
230831,16,230831_16,unmapped_no_metadata,None,Unknown,No unit metadata CSV file found,area_resolution_status=unmapped_no_metadata is not manuscript-safe
230831,17,230831_17,unmapped_no_metadata,None,Unknown,No unit metadata CSV file found,area_resolution_status=unmapped_no_metadata is not manuscript-safe
230831,18,230831_18,unmapped_no_metadata,None,Unknown,No unit metadata CSV file found,area_resolution_status=unmapped_no_metadata is not manuscript-safe
230831,19,230831_19,unmapped_no_metadata,None,Unknown,No unit metadata CSV file found,area_resolution_status=unmapped_no_metadata is not manuscript-safe
230831,20,230831_20,unmapped_no_metadata,None,Unknown,No unit metadata CSV file found,area_resolution_status=unmapped_no_metadata is not manuscript-safe
230831,21,230831_21,unmapped_no_metadata,None,Unknown,No unit metadata CSV file found,area_resolution_status=unmapped_no_metadata is not manuscript-safe
230831,22,230831_22,unmapped_no_metadata,None,Unknown,No unit metadata CSV file found,area_resolution_status=unmapped_no_metadata is not manuscript-safe
230831,23,230831_23,unmapped_no_metadata,None,Unknown,No unit metadata CSV file found,area_resolution_status=unmapped_no_metadata is not manuscript-safe
230831,24,230831_24,unmapped_no_metadata,None,Unknown,No unit metadata CSV file found,area_resolution_status=unmapped_no_metadata is not manuscript-safe
230831,25,230831_25,unmapped_no_metadata,None,Unknown,No unit metadata CSV file found,area_resolution_status=unmapped_no_metadata is not manuscript-safe
230831,26,230831_26,unmapped_no_metadata,None,Unknown,No unit metadata CSV file found,area_resolution_status=unmapped_no_metadata is not manuscript-safe
230831,27,230831_27,unmapped_no_metadata,None,Unknown,No unit metadata CSV file found,area_resolution_status=unmapped_no_metadata is not manuscript-safe
230831,28,230831_28,unmapped_no_metadata,None,Unknown,No unit metadata CSV file found,area_resolution_status=unmapped_no_metadata is not manuscript-safe
230831,29,230831_29,unmapped_no_metadata,None,Unknown,No unit metadata CSV file found,area_resolution_status=unmapped_no_metadata is not manuscript-safe
230831,30,230831_30,unmapped_no_metadata,None,Unknown,No unit metadata CSV file found,area_resolution_status=unmapped_no_metadata is not manuscript-safe
230831,31,230831_31,unmapped_no_metadata,None,Unknown,No unit metadata CSV file found,area_resolution_status=unmapped_no_metadata is not manuscript-safe
230831,32,230831_32,unmapped_no_metadata,None,Unknown,No unit metadata CSV file found,area_resolution_status=unmapped_no_metadata is not manuscript-safe
230831,33,230831_33,unmapped_no_metadata,None,Unknown,No unit metadata CSV file found,area_resolution_status=unmapped_no_metadata is not manuscript-safe
230831,34,230831_34,unmapped_no_metadata,None,Unknown,No unit metadata CSV file found,area_resolution_status=unmapped_no_metadata is not manuscript-safe
230831,35,230831_35,unmapped_no_metadata,None,Unknown,No unit metadata CSV file found,area_resolution_status=unmapped_no_metadata is not manuscript-safe
230831,36,230831_36,unmapped_no_metadata,None,Unknown,No unit metadata CSV file found,area_resolution_status=unmapped_no_metadata is not manuscript-safe
230831,37,230831_37,unmapped_no_metadata,None,Unknown,No unit metadata CSV file found,area_resolution_status=unmapped_no_metadata is not manuscript-safe
230831,38,230831_38,unmapped_no_metadata,None,Unknown,No unit metadata CSV file found,area_resolution_status=unmapped_no_metadata is not manuscript-safe
230831,39,230831_39,unmapped_no_metadata,None,Unknown,No unit metadata CSV file found,area_resolution_status=unmapped_no_metadata is not manuscript-safe
230831,40,230831_40,unmapped_no_metadata,None,Unknown,No unit metadata CSV file found,area_resolution_status=unmapped_no_metadata is not manuscript-safe
230831,41,230831_41,unmapped_no_metadata,None,Unknown,No unit metadata CSV file found,area_resolution_status=unmapped_no_metadata is not manuscript-safe
230831,42,230831_42,unmapped_no_metadata,None,Unknown,No unit metadata CSV file found,area_resolution_status=unmapped_no_metadata is not manuscript-safe
230831,43,230831_43,unmapped_no_metadata,None,Unknown,No unit metadata CSV file found,area_resolution_status=unmapped_no_metadata is not manuscript-safe
230831,44,230831_44,unmapped_no_metadata,None,Unknown,No unit metadata CSV file found,area_resolution_status=unmapped_no_metadata is not manuscript-safe
230831,45,230831_45,unmapped_no_metadata,None,Unknown,No unit metadata CSV file found,area_resolution_status=unmapped_no_metadata is not manuscript-safe
230831,46,230831_46,unmapped_no_metadata,None,Unknown,No unit metadata CSV file found,area_resolution_status=unmapped_no_metadata is not manuscript-safe
230831,47,230831_47,unmapped_no_metadata,None,Unknown,No unit metadata CSV file found,area_resolution_status=unmapped_no_metadata is not manuscript-safe
230831,48,230831_48,unmapped_no_metadata,None,Unknown,No unit metadata CSV file found,area_resolution_status=unmapped_no_metadata is not manuscript-safe
230831,49,230831_49,unmapped_no_metadata,None,Unknown,No unit metadata CSV file found,area_resolution_status=unmapped_no_metadata is not manuscript-safe
230831,50,230831_50,unmapped_no_metadata,None,Unknown,No unit metadata CSV file found,area_resolution_status=unmapped_no_metadata is not manuscript-safe
230831,51,230831_51,unmapped_no_metadata,None,Unknown,No unit metadata CSV file found,area_resolution_status=unmapped_no_metadata is not manuscript-safe
230831,52,230831_52,unmapped_no_metadata,None,Unknown,No unit metadata CSV file found,area_resolution_status=unmapped_no_metadata is not manuscript-safe
230831,53,230831_53,unmapped_no_metadata,None,Unknown,No unit metadata CSV file found,area_resolution_status=unmapped_no_metadata is not manuscript-safe
230831,54,230831_54,unmapped_no_metadata,None,Unknown,No unit metadata CSV file found,area_resolution_status=unmapped_no_metadata is not manuscript-safe
230831,55,230831_55,unmapped_no_metadata,None,Unknown,No unit metadata CSV file found,area_resolution_status=unmapped_no_metadata is not manuscript-safe
230831,56,230831_56,unmapped_no_metadata,None,Unknown,No unit metadata CSV file found,area_resolution_status=unmapped_no_metadata is not manuscript-safe
230831,57,230831_57,unmapped_no_metadata,None,Unknown,No unit metadata CSV file found,area_resolution_status=unmapped_no_metadata is not manuscript-safe
230831,58,230831_58,unmapped_no_metadata,None,Unknown,No unit metadata CSV file found,area_resolution_status=unmapped_no_metadata is not manuscript-safe
230831,59,230831_59,unmapped_no_metadata,None,Unknown,No unit metadata CSV file found,area_resolution_status=unmapped_no_metadata is not manuscript-safe
230831,60,230831_60,unmapped_no_metadata,None,Unknown,No unit metadata CSV file found,area_resolution_status=unmapped_no_metadata is not manuscript-safe
230831,61,230831_61,unmapped_no_metadata,None,Unknown,No unit metadata CSV file found,area_resolution_status=unmapped_no_metadata is not manuscript-safe
230831,62,230831_62,unmapped_no_metadata,None,Unknown,No unit metadata CSV file found,area_resolution_status=unmapped_no_metadata is not manuscript-safe
230831,63,230831_63,unmapped_no_metadata,None,Unknown,No unit metadata CSV file found,area_resolution_status=unmapped_no_metadata is not manuscript-safe
230831,64,230831_64,unmapped_no_metadata,None,Unknown,No unit metadata CSV file found,area_resolution_status=unmapped_no_metadata is not manuscript-safe
230831,65,230831_65,unmapped_no_metadata,None,Unknown,No unit metadata CSV file found,area_resolution_status=unmapped_no_metadata is not manuscript-safe
230831,66,230831_66,unmapped_no_metadata,None,Unknown,No unit metadata CSV file found,area_resolution_status=unmapped_no_metadata is not manuscript-safe
230831,67,230831_67,unmapped_no_metadata,None,Unknown,No unit metadata CSV file found,area_resolution_status=unmapped_no_metadata is not manuscript-safe
230831,68,230831_68,unmapped_no_metadata,None,Unknown,No unit metadata CSV file found,area_resolution_status=unmapped_no_metadata is not manuscript-safe
230831,69,230831_69,unmapped_no_metadata,None,Unknown,No unit metadata CSV file found,area_resolution_status=unmapped_no_metadata is not manuscript-safe
230831,70,230831_70,unmapped_no_metadata,None,Unknown,No unit metadata CSV file found,area_resolution_status=unmapped_no_metadata is not manuscript-safe
230831,71,230831_71,unmapped_no_metadata,None,Unknown,No unit metadata CSV file found,area_resolution_status=unmapped_no_metadata is not manuscript-safe
230831,72,230831_72,unmapped_no_metadata,None,Unknown,No unit metadata CSV file found,area_resolution_status=unmapped_no_metadata is not manuscript-safe
230831,73,230831_73,unmapped_no_metadata,None,Unknown,No unit metadata CSV file found,area_resolution_status=unmapped_no_metadata is not manuscript-safe
230831,74,230831_74,unmapped_no_metadata,None,Unknown,No unit metadata CSV file found,area_resolution_status=unmapped_no_metadata is not manuscript-safe
230831,75,230831_75,unmapped_no_metadata,None,Unknown,No unit metadata CSV file found,area_resolution_status=unmapped_no_metadata is not manuscript-safe
230831,76,230831_76,unmapped_no_metadata,None,Unknown,No unit metadata CSV file found,area_resolution_status=unmapped_no_metadata is not manuscript-safe
230831,77,230831_77,unmapped_no_metadata,None,Unknown,No unit metadata CSV file found,area_resolution_status=unmapped_no_metadata is not manuscript-safe
230831,78,230831_78,unmapped_no_metadata,None,Unknown,No unit metadata CSV file found,area_resolution_status=unmapped_no_metadata is not manuscript-safe
230831,79,230831_79,unmapped_no_metadata,None,Unknown,No unit metadata CSV file found,area_resolution_status=unmapped_no_metadata is not manuscript-safe
230831,80,230831_80,unmapped_no_metadata,None,Unknown,No unit metadata CSV file found,area_resolution_status=unmapped_no_metadata is not manuscript-safe
230831,81,230831_81,unmapped_no_metadata,None,Unknown,No unit metadata CSV file found,area_resolution_status=unmapped_no_metadata is not manuscript-safe
230831,82,230831_82,unmapped_no_metadata,None,Unknown,No unit metadata CSV file found,area_resolution_status=unmapped_no_metadata is not manuscript-safe
230831,83,230831_83,unmapped_no_metadata,None,Unknown,No unit metadata CSV file found,area_resolution_status=unmapped_no_metadata is not manuscript-safe
230831,84,230831_84,unmapped_no_metadata,None,Unknown,No unit metadata CSV file found,area_resolution_status=unmapped_no_metadata is not manuscript-safe
230831,85,230831_85,unmapped_no_metadata,None,Unknown,No unit metadata CSV file found,area_resolution_status=unmapped_no_metadata is not manuscript-safe
230831,86,230831_86,unmapped_no_metadata,None,Unknown,No unit metadata CSV file found,area_resolution_status=unmapped_no_metadata is not manuscript-safe
230831,87,230831_87,unmapped_no_metadata,None,Unknown,No unit metadata CSV file found,area_resolution_status=unmapped_no_metadata is not manuscript-safe
230831,88,230831_88,unmapped_no_metadata,None,Unknown,No unit metadata CSV file found,area_resolution_status=unmapped_no_metadata is not manuscript-safe
230831,89,230831_89,unmapped_no_metadata,None,Unknown,No unit metadata CSV file found,area_resolution_status=unmapped_no_metadata is not manuscript-safe
230831,90,230831_90,unmapped_no_metadata,None,Unknown,No unit metadata CSV file found,area_resolution_status=unmapped_no_metadata is not manuscript-safe
230831,91,230831_91,unmapped_no_metadata,None,Unknown,No unit metadata CSV file found,area_resolution_status=unmapped_no_metadata is not manuscript-safe
230831,92,230831_92,unmapped_no_metadata,None,Unknown,No unit metadata CSV file found,area_resolution_status=unmapped_no_metadata is not manuscript-safe
230831,93,230831_93,unmapped_no_metadata,None,Unknown,No unit metadata CSV file found,area_resolution_status=unmapped_no_metadata is not manuscript-safe
230831,94,230831_94,unmapped_no_metadata,None,Unknown,No unit metadata CSV file found,area_resolution_status=unmapped_no_metadata is not manuscript-safe
230831,95,230831_95,unmapped_no_metadata,None,Unknown,No unit metadata CSV file found,area_resolution_status=unmapped_no_metadata is not manuscript-safe
230831,96,230831_96,unmapped_no_metadata,None,Unknown,No unit metadata CSV file found,area_resolution_status=unmapped_no_metadata is not manuscript-safe
230831,97,230831_97,unmapped_no_metadata,None,Unknown,No unit metadata CSV file found,area_resolution_status=unmapped_no_metadata is not manuscript-safe
230831,98,230831_98,unmapped_no_metadata,None,Unknown,No unit metadata CSV file found,area_resolution_status=unmapped_no_metadata is not manuscript-safe
230831,99,230831_99,unmapped_no_metadata,None,Unknown,No unit metadata CSV file found,area_resolution_status=unmapped_no_metadata is not manuscript-safe
230831,100,230831_100,unmapped_no_metadata,None,Unknown,No unit metadata CSV file found,area_resolution_status=unmapped_no_metadata is not manuscript-safe
230831,101,230831_101,unmapped_no_metadata,None,Unknown,No unit metadata CSV file found,area_resolution_status=unmapped_no_metadata is not manuscript-safe
230831,102,230831_102,unmapped_no_metadata,None,Unknown,No unit metadata CSV file found,area_resolution_status=unmapped_no_metadata is not manuscript-safe
230831,103,230831_103,unmapped_no_metadata,None,Unknown,No unit metadata CSV file found,area_resolution_status=unmapped_no_metadata is not manuscript-safe
230831,104,230831_104,unmapped_no_metadata,None,Unknown,No unit metadata CSV file found,area_resolution_status=unmapped_no_metadata is not manuscript-safe
230831,105,230831_105,unmapped_no_metadata,None,Unknown,No unit metadata CSV file found,area_resolution_status=unmapped_no_metadata is not manuscript-safe
230831,106,230831_106,unmapped_no_metadata,None,Unknown,No unit metadata CSV file found,area_resolution_status=unmapped_no_metadata is not manuscript-safe
230831,107,230831_107,unmapped_no_metadata,None,Unknown,No unit metadata CSV file found,area_resolution_status=unmapped_no_metadata is not manuscript-safe
230831,108,230831_108,unmapped_no_metadata,None,Unknown,No unit metadata CSV file found,area_resolution_status=unmapped_no_metadata is not manuscript-safe
230831,109,230831_109,unmapped_no_metadata,None,Unknown,No unit metadata CSV file found,area_resolution_status=unmapped_no_metadata is not manuscript-safe
230831,110,230831_110,unmapped_no_metadata,None,Unknown,No unit metadata CSV file found,area_resolution_status=unmapped_no_metadata is not manuscript-safe
230831,111,230831_111,unmapped_no_metadata,None,Unknown,No unit metadata CSV file found,area_resolution_status=unmapped_no_metadata is not manuscript-safe
230831,112,230831_112,unmapped_no_metadata,None,Unknown,No unit metadata CSV file found,area_resolution_status=unmapped_no_metadata is not manuscript-safe
230831,113,230831_113,unmapped_no_metadata,None,Unknown,No unit metadata CSV file found,area_resolution_status=unmapped_no_metadata is not manuscript-safe
230831,114,230831_114,unmapped_no_metadata,None,Unknown,No unit metadata CSV file found,area_resolution_status=unmapped_no_metadata is not manuscript-safe
230831,115,230831_115,unmapped_no_metadata,None,Unknown,No unit metadata CSV file found,area_resolution_status=unmapped_no_metadata is not manuscript-safe
230831,116,230831_116,unmapped_no_metadata,None,Unknown,No unit metadata CSV file found,area_resolution_status=unmapped_no_metadata is not manuscript-safe
230831,117,230831_117,unmapped_no_metadata,None,Unknown,No unit metadata CSV file found,area_resolution_status=unmapped_no_metadata is not manuscript-safe
230831,118,230831_118,unmapped_no_metadata,None,Unknown,No unit metadata CSV file found,area_resolution_status=unmapped_no_metadata is not manuscript-safe
230831,119,230831_119,unmapped_no_metadata,None,Unknown,No unit metadata CSV file found,area_resolution_status=unmapped_no_metadata is not manuscript-safe
230831,120,230831_120,unmapped_no_metadata,None,Unknown,No unit metadata CSV file found,area_resolution_status=unmapped_no_metadata is not manuscript-safe
230831,121,230831_121,unmapped_no_metadata,None,Unknown,No unit metadata CSV file found,area_resolution_status=unmapped_no_metadata is not manuscript-safe
230831,122,230831_122,unmapped_no_metadata,None,Unknown,No unit metadata CSV file found,area_resolution_status=unmapped_no_metadata is not manuscript-safe
230831,123,230831_123,unmapped_no_metadata,None,Unknown,No unit metadata CSV file found,area_resolution_status=unmapped_no_metadata is not manuscript-safe
230831,124,230831_124,unmapped_no_metadata,None,Unknown,No unit metadata CSV file found,area_resolution_status=unmapped_no_metadata is not manuscript-safe
230831,125,230831_125,unmapped_no_metadata,None,Unknown,No unit metadata CSV file found,area_resolution_status=unmapped_no_metadata is not manuscript-safe
230831,126,230831_126,unmapped_no_metadata,None,Unknown,No unit metadata CSV file found,area_resolution_status=unmapped_no_metadata is not manuscript-safe
230831,127,230831_127,unmapped_no_metadata,None,Unknown,No unit metadata CSV file found,area_resolution_status=unmapped_no_metadata is not manuscript-safe
230831,128,230831_128,unmapped_no_metadata,None,Unknown,No unit metadata CSV file found,area_resolution_status=unmapped_no_metadata is not manuscript-safe
230831,129,230831_129,unmapped_no_metadata,None,Unknown,No unit metadata CSV file found,area_resolution_status=unmapped_no_metadata is not manuscript-safe
230831,130,230831_130,unmapped_no_metadata,None,Unknown,No unit metadata CSV file found,area_resolution_status=unmapped_no_metadata is not manuscript-safe
230831,131,230831_131,unmapped_no_metadata,None,Unknown,No unit metadata CSV file found,area_resolution_status=unmapped_no_metadata is not manuscript-safe
230831,132,230831_132,unmapped_no_metadata,None,Unknown,No unit metadata CSV file found,area_resolution_status=unmapped_no_metadata is not manuscript-safe
230831,133,230831_133,unmapped_no_metadata,None,Unknown,No unit metadata CSV file found,area_resolution_status=unmapped_no_metadata is not manuscript-safe
230831,134,230831_134,unmapped_no_metadata,None,Unknown,No unit metadata CSV file found,area_resolution_status=unmapped_no_metadata is not manuscript-safe
230831,135,230831_135,unmapped_no_metadata,None,Unknown,No unit metadata CSV file found,area_resolution_status=unmapped_no_metadata is not manuscript-safe
230831,136,230831_136,unmapped_no_metadata,None,Unknown,No unit metadata CSV file found,area_resolution_status=unmapped_no_metadata is not manuscript-safe
230831,137,230831_137,unmapped_no_metadata,None,Unknown,No unit metadata CSV file found,area_resolution_status=unmapped_no_metadata is not manuscript-safe
230831,138,230831_138,unmapped_no_metadata,None,Unknown,No unit metadata CSV file found,area_resolution_status=unmapped_no_metadata is not manuscript-safe
230831,139,230831_139,unmapped_no_metadata,None,Unknown,No unit metadata CSV file found,area_resolution_status=unmapped_no_metadata is not manuscript-safe
230831,140,230831_140,unmapped_no_metadata,None,Unknown,No unit metadata CSV file found,area_resolution_status=unmapped_no_metadata is not manuscript-safe
230831,141,230831_141,unmapped_no_metadata,None,Unknown,No unit metadata CSV file found,area_resolution_status=unmapped_no_metadata is not manuscript-safe
230831,142,230831_142,unmapped_no_metadata,None,Unknown,No unit metadata CSV file found,area_resolution_status=unmapped_no_metadata is not manuscript-safe
230831,143,230831_143,unmapped_no_metadata,None,Unknown,No unit metadata CSV file found,area_resolution_status=unmapped_no_metadata is not manuscript-safe
230831,144,230831_144,unmapped_no_metadata,None,Unknown,No unit metadata CSV file found,area_resolution_status=unmapped_no_metadata is not manuscript-safe
230831,145,230831_145,unmapped_no_metadata,None,Unknown,No unit metadata CSV file found,area_resolution_status=unmapped_no_metadata is not manuscript-safe
230831,146,230831_146,unmapped_no_metadata,None,Unknown,No unit metadata CSV file found,area_resolution_status=unmapped_no_metadata is not manuscript-safe
230831,147,230831_147,unmapped_no_metadata,None,Unknown,No unit metadata CSV file found,area_resolution_status=unmapped_no_metadata is not manuscript-safe
230831,148,230831_148,unmapped_no_metadata,None,Unknown,No unit metadata CSV file found,area_resolution_status=unmapped_no_metadata is not manuscript-safe
230831,149,230831_149,unmapped_no_metadata,None,Unknown,No unit metadata CSV file found,area_resolution_status=unmapped_no_metadata is not manuscript-safe
230831,150,230831_150,unmapped_no_metadata,None,Unknown,No unit metadata CSV file found,area_resolution_status=unmapped_no_metadata is not manuscript-safe
230831,151,230831_151,unmapped_no_metadata,None,Unknown,No unit metadata CSV file found,area_resolution_status=unmapped_no_metadata is not manuscript-safe
230831,152,230831_152,unmapped_no_metadata,None,Unknown,No unit metadata CSV file found,area_resolution_status=unmapped_no_metadata is not manuscript-safe
230831,153,230831_153,unmapped_no_metadata,None,Unknown,No unit metadata CSV file found,area_resolution_status=unmapped_no_metadata is not manuscript-safe
230831,154,230831_154,unmapped_no_metadata,None,Unknown,No unit metadata CSV file found,area_resolution_status=unmapped_no_metadata is not manuscript-safe
230831,155,230831_155,unmapped_no_metadata,None,Unknown,No unit metadata CSV file found,area_resolution_status=unmapped_no_metadata is not manuscript-safe
230831,156,230831_156,unmapped_no_metadata,None,Unknown,No unit metadata CSV file found,area_resolution_status=unmapped_no_metadata is not manuscript-safe
230831,157,230831_157,unmapped_no_metadata,None,Unknown,No unit metadata CSV file found,area_resolution_status=unmapped_no_metadata is not manuscript-safe
230831,158,230831_158,unmapped_no_metadata,None,Unknown,No unit metadata CSV file found,area_resolution_status=unmapped_no_metadata is not manuscript-safe
230831,159,230831_159,unmapped_no_metadata,None,Unknown,No unit metadata CSV file found,area_resolution_status=unmapped_no_metadata is not manuscript-safe
230831,160,230831_160,unmapped_no_metadata,None,Unknown,No unit metadata CSV file found,area_resolution_status=unmapped_no_metadata is not manuscript-safe
230831,161,230831_161,unmapped_no_metadata,None,Unknown,No unit metadata CSV file found,area_resolution_status=unmapped_no_metadata is not manuscript-safe
230831,162,230831_162,unmapped_no_metadata,None,Unknown,No unit metadata CSV file found,area_resolution_status=unmapped_no_metadata is not manuscript-safe
230831,163,230831_163,unmapped_no_metadata,None,Unknown,No unit metadata CSV file found,area_resolution_status=unmapped_no_metadata is not manuscript-safe
230831,164,230831_164,unmapped_no_metadata,None,Unknown,No unit metadata CSV file found,area_resolution_status=unmapped_no_metadata is not manuscript-safe
230831,165,230831_165,unmapped_no_metadata,None,Unknown,No unit metadata CSV file found,area_resolution_status=unmapped_no_metadata is not manuscript-safe
230831,166,230831_166,unmapped_no_metadata,None,Unknown,No unit metadata CSV file found,area_resolution_status=unmapped_no_metadata is not manuscript-safe
230831,167,230831_167,unmapped_no_metadata,None,Unknown,No unit metadata CSV file found,area_resolution_status=unmapped_no_metadata is not manuscript-safe
230831,168,230831_168,unmapped_no_metadata,None,Unknown,No unit metadata CSV file found,area_resolution_status=unmapped_no_metadata is not manuscript-safe
230831,169,230831_169,unmapped_no_metadata,None,Unknown,No unit metadata CSV file found,area_resolution_status=unmapped_no_metadata is not manuscript-safe
230831,170,230831_170,unmapped_no_metadata,None,Unknown,No unit metadata CSV file found,area_resolution_status=unmapped_no_metadata is not manuscript-safe
230831,171,230831_171,unmapped_no_metadata,None,Unknown,No unit metadata CSV file found,area_resolution_status=unmapped_no_metadata is not manuscript-safe
230831,172,230831_172,unmapped_no_metadata,None,Unknown,No unit metadata CSV file found,area_resolution_status=unmapped_no_metadata is not manuscript-safe
230831,173,230831_173,unmapped_no_metadata,None,Unknown,No unit metadata CSV file found,area_resolution_status=unmapped_no_metadata is not manuscript-safe
230831,174,230831_174,unmapped_no_metadata,None,Unknown,No unit metadata CSV file found,area_resolution_status=unmapped_no_metadata is not manuscript-safe
230831,175,230831_175,unmapped_no_metadata,None,Unknown,No unit metadata CSV file found,area_resolution_status=unmapped_no_metadata is not manuscript-safe
230831,176,230831_176,unmapped_no_metadata,None,Unknown,No unit metadata CSV file found,area_resolution_status=unmapped_no_metadata is not manuscript-safe
230831,177,230831_177,unmapped_no_metadata,None,Unknown,No unit metadata CSV file found,area_resolution_status=unmapped_no_metadata is not manuscript-safe
230831,178,230831_178,unmapped_no_metadata,None,Unknown,No unit metadata CSV file found,area_resolution_status=unmapped_no_metadata is not manuscript-safe
230831,179,230831_179,unmapped_no_metadata,None,Unknown,No unit metadata CSV file found,area_resolution_status=unmapped_no_metadata is not manuscript-safe
230831,180,230831_180,unmapped_no_metadata,None,Unknown,No unit metadata CSV file found,area_resolution_status=unmapped_no_metadata is not manuscript-safe
230831,181,230831_181,unmapped_no_metadata,None,Unknown,No unit metadata CSV file found,area_resolution_status=unmapped_no_metadata is not manuscript-safe
230831,182,230831_182,unmapped_no_metadata,None,Unknown,No unit metadata CSV file found,area_resolution_status=unmapped_no_metadata is not manuscript-safe
230831,183,230831_183,unmapped_no_metadata,None,Unknown,No unit metadata CSV file found,area_resolution_status=unmapped_no_metadata is not manuscript-safe
230831,184,230831_184,unmapped_no_metadata,None,Unknown,No unit metadata CSV file found,area_resolution_status=unmapped_no_metadata is not manuscript-safe
230831,185,230831_185,unmapped_no_metadata,None,Unknown,No unit metadata CSV file found,area_resolution_status=unmapped_no_metadata is not manuscript-safe
230831,186,230831_186,unmapped_no_metadata,None,Unknown,No unit metadata CSV file found,area_resolution_status=unmapped_no_metadata is not manuscript-safe
230831,187,230831_187,unmapped_no_metadata,None,Unknown,No unit metadata CSV file found,area_resolution_status=unmapped_no_metadata is not manuscript-safe
230831,188,230831_188,unmapped_no_metadata,None,Unknown,No unit metadata CSV file found,area_resolution_status=unmapped_no_metadata is not manuscript-safe
230831,189,230831_189,unmapped_no_metadata,None,Unknown,No unit metadata CSV file found,area_resolution_status=unmapped_no_metadata is not manuscript-safe
230831,190,230831_190,unmapped_no_metadata,None,Unknown,No unit metadata CSV file found,area_resolution_status=unmapped_no_metadata is not manuscript-safe
230831,191,230831_191,unmapped_no_metadata,None,Unknown,No unit metadata CSV file found,area_resolution_status=unmapped_no_metadata is not manuscript-safe
230831,192,230831_192,unmapped_no_metadata,None,Unknown,No unit metadata CSV file found,area_resolution_status=unmapped_no_metadata is not manuscript-safe
230831,193,230831_193,unmapped_no_metadata,None,Unknown,No unit metadata CSV file found,area_resolution_status=unmapped_no_metadata is not manuscript-safe
230831,194,230831_194,unmapped_no_metadata,None,Unknown,No unit metadata CSV file found,area_resolution_status=unmapped_no_metadata is not manuscript-safe
230831,195,230831_195,unmapped_no_metadata,None,Unknown,No unit metadata CSV file found,area_resolution_status=unmapped_no_metadata is not manuscript-safe
230831,196,230831_196,unmapped_no_metadata,None,Unknown,No unit metadata CSV file found,area_resolution_status=unmapped_no_metadata is not manuscript-safe
230831,197,230831_197,unmapped_no_metadata,None,Unknown,No unit metadata CSV file found,area_resolution_status=unmapped_no_metadata is not manuscript-safe
230831,198,230831_198,unmapped_no_metadata,None,Unknown,No unit metadata CSV file found,area_resolution_status=unmapped_no_metadata is not manuscript-safe
230831,199,230831_199,unmapped_no_metadata,None,Unknown,No unit metadata CSV file found,area_resolution_status=unmapped_no_metadata is not manuscript-safe
230831,200,230831_200,unmapped_no_metadata,None,Unknown,No unit metadata CSV file found,area_resolution_status=unmapped_no_metadata is not manuscript-safe
230831,201,230831_201,unmapped_no_metadata,None,Unknown,No unit metadata CSV file found,area_resolution_status=unmapped_no_metadata is not manuscript-safe
230831,202,230831_202,unmapped_no_metadata,None,Unknown,No unit metadata CSV file found,area_resolution_status=unmapped_no_metadata is not manuscript-safe
230831,203,230831_203,unmapped_no_metadata,None,Unknown,No unit metadata CSV file found,area_resolution_status=unmapped_no_metadata is not manuscript-safe
230831,204,230831_204,unmapped_no_metadata,None,Unknown,No unit metadata CSV file found,area_resolution_status=unmapped_no_metadata is not manuscript-safe
230831,205,230831_205,unmapped_no_metadata,None,Unknown,No unit metadata CSV file found,area_resolution_status=unmapped_no_metadata is not manuscript-safe
230831,206,230831_206,unmapped_no_metadata,None,Unknown,No unit metadata CSV file found,area_resolution_status=unmapped_no_metadata is not manuscript-safe
230831,207,230831_207,unmapped_no_metadata,None,Unknown,No unit metadata CSV file found,area_resolution_status=unmapped_no_metadata is not manuscript-safe
230831,208,230831_208,unmapped_no_metadata,None,Unknown,No unit metadata CSV file found,area_resolution_status=unmapped_no_metadata is not manuscript-safe
230831,209,230831_209,unmapped_no_metadata,None,Unknown,No unit metadata CSV file found,area_resolution_status=unmapped_no_metadata is not manuscript-safe
230831,210,230831_210,unmapped_no_metadata,None,Unknown,No unit metadata CSV file found,area_resolution_status=unmapped_no_metadata is not manuscript-safe
230831,211,230831_211,unmapped_no_metadata,None,Unknown,No unit metadata CSV file found,area_resolution_status=unmapped_no_metadata is not manuscript-safe
230831,212,230831_212,unmapped_no_metadata,None,Unknown,No unit metadata CSV file found,area_resolution_status=unmapped_no_metadata is not manuscript-safe
230831,213,230831_213,unmapped_no_metadata,None,Unknown,No unit metadata CSV file found,area_resolution_status=unmapped_no_metadata is not manuscript-safe
230831,214,230831_214,unmapped_no_metadata,None,Unknown,No unit metadata CSV file found,area_resolution_status=unmapped_no_metadata is not manuscript-safe
230831,215,230831_215,unmapped_no_metadata,None,Unknown,No unit metadata CSV file found,area_resolution_status=unmapped_no_metadata is not manuscript-safe
230831,216,230831_216,unmapped_no_metadata,None,Unknown,No unit metadata CSV file found,area_resolution_status=unmapped_no_metadata is not manuscript-safe
230831,217,230831_217,unmapped_no_metadata,None,Unknown,No unit metadata CSV file found,area_resolution_status=unmapped_no_metadata is not manuscript-safe
230831,218,230831_218,unmapped_no_metadata,None,Unknown,No unit metadata CSV file found,area_resolution_status=unmapped_no_metadata is not manuscript-safe
230831,219,230831_219,unmapped_no_metadata,None,Unknown,No unit metadata CSV file found,area_resolution_status=unmapped_no_metadata is not manuscript-safe
230831,220,230831_220,unmapped_no_metadata,None,Unknown,No unit metadata CSV file found,area_resolution_status=unmapped_no_metadata is not manuscript-safe
230831,221,230831_221,unmapped_no_metadata,None,Unknown,No unit metadata CSV file found,area_resolution_status=unmapped_no_metadata is not manuscript-safe
230831,222,230831_222,unmapped_no_metadata,None,Unknown,No unit metadata CSV file found,area_resolution_status=unmapped_no_metadata is not manuscript-safe
230831,223,230831_223,unmapped_no_metadata,None,Unknown,No unit metadata CSV file found,area_resolution_status=unmapped_no_metadata is not manuscript-safe
230831,224,230831_224,unmapped_no_metadata,None,Unknown,No unit metadata CSV file found,area_resolution_status=unmapped_no_metadata is not manuscript-safe
230831,225,230831_225,unmapped_no_metadata,None,Unknown,No unit metadata CSV file found,area_resolution_status=unmapped_no_metadata is not manuscript-safe
230831,226,230831_226,unmapped_no_metadata,None,Unknown,No unit metadata CSV file found,area_resolution_status=unmapped_no_metadata is not manuscript-safe
230831,227,230831_227,unmapped_no_metadata,None,Unknown,No unit metadata CSV file found,area_resolution_status=unmapped_no_metadata is not manuscript-safe
230831,228,230831_228,unmapped_no_metadata,None,Unknown,No unit metadata CSV file found,area_resolution_status=unmapped_no_metadata is not manuscript-safe
230831,229,230831_229,unmapped_no_metadata,None,Unknown,No unit metadata CSV file found,area_resolution_status=unmapped_no_metadata is not manuscript-safe
230831,230,230831_230,unmapped_no_metadata,None,Unknown,No unit metadata CSV file found,area_resolution_status=unmapped_no_metadata is not manuscript-safe
230831,231,230831_231,unmapped_no_metadata,None,Unknown,No unit metadata CSV file found,area_resolution_status=unmapped_no_metadata is not manuscript-safe
230831,232,230831_232,unmapped_no_metadata,None,Unknown,No unit metadata CSV file found,area_resolution_status=unmapped_no_metadata is not manuscript-safe
230831,233,230831_233,unmapped_no_metadata,None,Unknown,No unit metadata CSV file found,area_resolution_status=unmapped_no_metadata is not manuscript-safe
230831,234,230831_234,unmapped_no_metadata,None,Unknown,No unit metadata CSV file found,area_resolution_status=unmapped_no_metadata is not manuscript-safe
230831,235,230831_235,unmapped_no_metadata,None,Unknown,No unit metadata CSV file found,area_resolution_status=unmapped_no_metadata is not manuscript-safe
230831,236,230831_236,unmapped_no_metadata,None,Unknown,No unit metadata CSV file found,area_resolution_status=unmapped_no_metadata is not manuscript-safe
230831,237,230831_237,unmapped_no_metadata,None,Unknown,No unit metadata CSV file found,area_resolution_status=unmapped_no_metadata is not manuscript-safe
230831,238,230831_238,unmapped_no_metadata,None,Unknown,No unit metadata CSV file found,area_resolution_status=unmapped_no_metadata is not manuscript-safe
230831,239,230831_239,unmapped_no_metadata,None,Unknown,No unit metadata CSV file found,area_resolution_status=unmapped_no_metadata is not manuscript-safe
230831,240,230831_240,unmapped_no_metadata,None,Unknown,No unit metadata CSV file found,area_resolution_status=unmapped_no_metadata is not manuscript-safe
230831,241,230831_241,unmapped_no_metadata,None,Unknown,No unit metadata CSV file found,area_resolution_status=unmapped_no_metadata is not manuscript-safe
230831,242,230831_242,unmapped_no_metadata,None,Unknown,No unit metadata CSV file found,area_resolution_status=unmapped_no_metadata is not manuscript-safe
230831,243,230831_243,unmapped_no_metadata,None,Unknown,No unit metadata CSV file found,area_resolution_status=unmapped_no_metadata is not manuscript-safe
230831,244,230831_244,unmapped_no_metadata,None,Unknown,No unit metadata CSV file found,area_resolution_status=unmapped_no_metadata is not manuscript-safe
230831,245,230831_245,unmapped_no_metadata,None,Unknown,No unit metadata CSV file found,area_resolution_status=unmapped_no_metadata is not manuscript-safe
230831,246,230831_246,unmapped_no_metadata,None,Unknown,No unit metadata CSV file found,area_resolution_status=unmapped_no_metadata is not manuscript-safe
230901,0,230901_0,unmapped_no_metadata,None,Unknown,No unit metadata CSV file found,area_resolution_status=unmapped_no_metadata is not manuscript-safe
230901,1,230901_1,unmapped_no_metadata,None,Unknown,No unit metadata CSV file found,area_resolution_status=unmapped_no_metadata is not manuscript-safe
230901,2,230901_2,unmapped_no_metadata,None,Unknown,No unit metadata CSV file found,area_resolution_status=unmapped_no_metadata is not manuscript-safe
230901,3,230901_3,unmapped_no_metadata,None,Unknown,No unit metadata CSV file found,area_resolution_status=unmapped_no_metadata is not manuscript-safe
230901,4,230901_4,unmapped_no_metadata,None,Unknown,No unit metadata CSV file found,area_resolution_status=unmapped_no_metadata is not manuscript-safe
230901,5,230901_5,unmapped_no_metadata,None,Unknown,No unit metadata CSV file found,area_resolution_status=unmapped_no_metadata is not manuscript-safe
230901,6,230901_6,unmapped_no_metadata,None,Unknown,No unit metadata CSV file found,area_resolution_status=unmapped_no_metadata is not manuscript-safe
230901,7,230901_7,unmapped_no_metadata,None,Unknown,No unit metadata CSV file found,area_resolution_status=unmapped_no_metadata is not manuscript-safe
230901,8,230901_8,unmapped_no_metadata,None,Unknown,No unit metadata CSV file found,area_resolution_status=unmapped_no_metadata is not manuscript-safe
230901,9,230901_9,unmapped_no_metadata,None,Unknown,No unit metadata CSV file found,area_resolution_status=unmapped_no_metadata is not manuscript-safe
230901,10,230901_10,unmapped_no_metadata,None,Unknown,No unit metadata CSV file found,area_resolution_status=unmapped_no_metadata is not manuscript-safe
230901,11,230901_11,unmapped_no_metadata,None,Unknown,No unit metadata CSV file found,area_resolution_status=unmapped_no_metadata is not manuscript-safe
230901,12,230901_12,unmapped_no_metadata,None,Unknown,No unit metadata CSV file found,area_resolution_status=unmapped_no_metadata is not manuscript-safe
230901,13,230901_13,unmapped_no_metadata,None,Unknown,No unit metadata CSV file found,area_resolution_status=unmapped_no_metadata is not manuscript-safe
230901,14,230901_14,unmapped_no_metadata,None,Unknown,No unit metadata CSV file found,area_resolution_status=unmapped_no_metadata is not manuscript-safe
230901,15,230901_15,unmapped_no_metadata,None,Unknown,No unit metadata CSV file found,area_resolution_status=unmapped_no_metadata is not manuscript-safe
230901,16,230901_16,unmapped_no_metadata,None,Unknown,No unit metadata CSV file found,area_resolution_status=unmapped_no_metadata is not manuscript-safe
230901,17,230901_17,unmapped_no_metadata,None,Unknown,No unit metadata CSV file found,area_resolution_status=unmapped_no_metadata is not manuscript-safe
230901,18,230901_18,unmapped_no_metadata,None,Unknown,No unit metadata CSV file found,area_resolution_status=unmapped_no_metadata is not manuscript-safe
230901,19,230901_19,unmapped_no_metadata,None,Unknown,No unit metadata CSV file found,area_resolution_status=unmapped_no_metadata is not manuscript-safe
230901,20,230901_20,unmapped_no_metadata,None,Unknown,No unit metadata CSV file found,area_resolution_status=unmapped_no_metadata is not manuscript-safe
230901,21,230901_21,unmapped_no_metadata,None,Unknown,No unit metadata CSV file found,area_resolution_status=unmapped_no_metadata is not manuscript-safe
230901,22,230901_22,unmapped_no_metadata,None,Unknown,No unit metadata CSV file found,area_resolution_status=unmapped_no_metadata is not manuscript-safe
230901,23,230901_23,unmapped_no_metadata,None,Unknown,No unit metadata CSV file found,area_resolution_status=unmapped_no_metadata is not manuscript-safe
230901,24,230901_24,unmapped_no_metadata,None,Unknown,No unit metadata CSV file found,area_resolution_status=unmapped_no_metadata is not manuscript-safe
230901,25,230901_25,unmapped_no_metadata,None,Unknown,No unit metadata CSV file found,area_resolution_status=unmapped_no_metadata is not manuscript-safe
230901,26,230901_26,unmapped_no_metadata,None,Unknown,No unit metadata CSV file found,area_resolution_status=unmapped_no_metadata is not manuscript-safe
230901,27,230901_27,unmapped_no_metadata,None,Unknown,No unit metadata CSV file found,area_resolution_status=unmapped_no_metadata is not manuscript-safe
230901,28,230901_28,unmapped_no_metadata,None,Unknown,No unit metadata CSV file found,area_resolution_status=unmapped_no_metadata is not manuscript-safe
230901,29,230901_29,unmapped_no_metadata,None,Unknown,No unit metadata CSV file found,area_resolution_status=unmapped_no_metadata is not manuscript-safe
230901,30,230901_30,unmapped_no_metadata,None,Unknown,No unit metadata CSV file found,area_resolution_status=unmapped_no_metadata is not manuscript-safe
230901,31,230901_31,unmapped_no_metadata,None,Unknown,No unit metadata CSV file found,area_resolution_status=unmapped_no_metadata is not manuscript-safe
230901,32,230901_32,unmapped_no_metadata,None,Unknown,No unit metadata CSV file found,area_resolution_status=unmapped_no_metadata is not manuscript-safe
230901,33,230901_33,unmapped_no_metadata,None,Unknown,No unit metadata CSV file found,area_resolution_status=unmapped_no_metadata is not manuscript-safe
230901,34,230901_34,unmapped_no_metadata,None,Unknown,No unit metadata CSV file found,area_resolution_status=unmapped_no_metadata is not manuscript-safe
230901,35,230901_35,unmapped_no_metadata,None,Unknown,No unit metadata CSV file found,area_resolution_status=unmapped_no_metadata is not manuscript-safe
230901,36,230901_36,unmapped_no_metadata,None,Unknown,No unit metadata CSV file found,area_resolution_status=unmapped_no_metadata is not manuscript-safe
230901,37,230901_37,unmapped_no_metadata,None,Unknown,No unit metadata CSV file found,area_resolution_status=unmapped_no_metadata is not manuscript-safe
230901,38,230901_38,unmapped_no_metadata,None,Unknown,No unit metadata CSV file found,area_resolution_status=unmapped_no_metadata is not manuscript-safe
230901,39,230901_39,unmapped_no_metadata,None,Unknown,No unit metadata CSV file found,area_resolution_status=unmapped_no_metadata is not manuscript-safe
230901,40,230901_40,unmapped_no_metadata,None,Unknown,No unit metadata CSV file found,area_resolution_status=unmapped_no_metadata is not manuscript-safe
230901,41,230901_41,unmapped_no_metadata,None,Unknown,No unit metadata CSV file found,area_resolution_status=unmapped_no_metadata is not manuscript-safe
230901,42,230901_42,unmapped_no_metadata,None,Unknown,No unit metadata CSV file found,area_resolution_status=unmapped_no_metadata is not manuscript-safe
230901,43,230901_43,unmapped_no_metadata,None,Unknown,No unit metadata CSV file found,area_resolution_status=unmapped_no_metadata is not manuscript-safe
230901,44,230901_44,unmapped_no_metadata,None,Unknown,No unit metadata CSV file found,area_resolution_status=unmapped_no_metadata is not manuscript-safe
230901,45,230901_45,unmapped_no_metadata,None,Unknown,No unit metadata CSV file found,area_resolution_status=unmapped_no_metadata is not manuscript-safe
230901,46,230901_46,unmapped_no_metadata,None,Unknown,No unit metadata CSV file found,area_resolution_status=unmapped_no_metadata is not manuscript-safe
230901,47,230901_47,unmapped_no_metadata,None,Unknown,No unit metadata CSV file found,area_resolution_status=unmapped_no_metadata is not manuscript-safe
230901,48,230901_48,unmapped_no_metadata,None,Unknown,No unit metadata CSV file found,area_resolution_status=unmapped_no_metadata is not manuscript-safe
230901,49,230901_49,unmapped_no_metadata,None,Unknown,No unit metadata CSV file found,area_resolution_status=unmapped_no_metadata is not manuscript-safe
230901,50,230901_50,unmapped_no_metadata,None,Unknown,No unit metadata CSV file found,area_resolution_status=unmapped_no_metadata is not manuscript-safe
230901,51,230901_51,unmapped_no_metadata,None,Unknown,No unit metadata CSV file found,area_resolution_status=unmapped_no_metadata is not manuscript-safe
230901,52,230901_52,unmapped_no_metadata,None,Unknown,No unit metadata CSV file found,area_resolution_status=unmapped_no_metadata is not manuscript-safe
230901,53,230901_53,unmapped_no_metadata,None,Unknown,No unit metadata CSV file found,area_resolution_status=unmapped_no_metadata is not manuscript-safe
230901,54,230901_54,unmapped_no_metadata,None,Unknown,No unit metadata CSV file found,area_resolution_status=unmapped_no_metadata is not manuscript-safe
230901,55,230901_55,unmapped_no_metadata,None,Unknown,No unit metadata CSV file found,area_resolution_status=unmapped_no_metadata is not manuscript-safe
230901,56,230901_56,unmapped_no_metadata,None,Unknown,No unit metadata CSV file found,area_resolution_status=unmapped_no_metadata is not manuscript-safe
230901,57,230901_57,unmapped_no_metadata,None,Unknown,No unit metadata CSV file found,area_resolution_status=unmapped_no_metadata is not manuscript-safe
230901,58,230901_58,unmapped_no_metadata,None,Unknown,No unit metadata CSV file found,area_resolution_status=unmapped_no_metadata is not manuscript-safe
230901,59,230901_59,unmapped_no_metadata,None,Unknown,No unit metadata CSV file found,area_resolution_status=unmapped_no_metadata is not manuscript-safe
230901,60,230901_60,unmapped_no_metadata,None,Unknown,No unit metadata CSV file found,area_resolution_status=unmapped_no_metadata is not manuscript-safe
230901,61,230901_61,unmapped_no_metadata,None,Unknown,No unit metadata CSV file found,area_resolution_status=unmapped_no_metadata is not manuscript-safe
230901,62,230901_62,unmapped_no_metadata,None,Unknown,No unit metadata CSV file found,area_resolution_status=unmapped_no_metadata is not manuscript-safe
230901,63,230901_63,unmapped_no_metadata,None,Unknown,No unit metadata CSV file found,area_resolution_status=unmapped_no_metadata is not manuscript-safe
230901,64,230901_64,unmapped_no_metadata,None,Unknown,No unit metadata CSV file found,area_resolution_status=unmapped_no_metadata is not manuscript-safe
230901,65,230901_65,unmapped_no_metadata,None,Unknown,No unit metadata CSV file found,area_resolution_status=unmapped_no_metadata is not manuscript-safe
230901,66,230901_66,unmapped_no_metadata,None,Unknown,No unit metadata CSV file found,area_resolution_status=unmapped_no_metadata is not manuscript-safe
230901,67,230901_67,unmapped_no_metadata,None,Unknown,No unit metadata CSV file found,area_resolution_status=unmapped_no_metadata is not manuscript-safe
230901,68,230901_68,unmapped_no_metadata,None,Unknown,No unit metadata CSV file found,area_resolution_status=unmapped_no_metadata is not manuscript-safe
230901,69,230901_69,unmapped_no_metadata,None,Unknown,No unit metadata CSV file found,area_resolution_status=unmapped_no_metadata is not manuscript-safe
230901,70,230901_70,unmapped_no_metadata,None,Unknown,No unit metadata CSV file found,area_resolution_status=unmapped_no_metadata is not manuscript-safe
230901,71,230901_71,unmapped_no_metadata,None,Unknown,No unit metadata CSV file found,area_resolution_status=unmapped_no_metadata is not manuscript-safe
230901,72,230901_72,unmapped_no_metadata,None,Unknown,No unit metadata CSV file found,area_resolution_status=unmapped_no_metadata is not manuscript-safe
230901,73,230901_73,unmapped_no_metadata,None,Unknown,No unit metadata CSV file found,area_resolution_status=unmapped_no_metadata is not manuscript-safe
230901,74,230901_74,unmapped_no_metadata,None,Unknown,No unit metadata CSV file found,area_resolution_status=unmapped_no_metadata is not manuscript-safe
230901,75,230901_75,unmapped_no_metadata,None,Unknown,No unit metadata CSV file found,area_resolution_status=unmapped_no_metadata is not manuscript-safe
230901,76,230901_76,unmapped_no_metadata,None,Unknown,No unit metadata CSV file found,area_resolution_status=unmapped_no_metadata is not manuscript-safe
230901,77,230901_77,unmapped_no_metadata,None,Unknown,No unit metadata CSV file found,area_resolution_status=unmapped_no_metadata is not manuscript-safe
230901,78,230901_78,unmapped_no_metadata,None,Unknown,No unit metadata CSV file found,area_resolution_status=unmapped_no_metadata is not manuscript-safe
230901,79,230901_79,unmapped_no_metadata,None,Unknown,No unit metadata CSV file found,area_resolution_status=unmapped_no_metadata is not manuscript-safe
230901,80,230901_80,unmapped_no_metadata,None,Unknown,No unit metadata CSV file found,area_resolution_status=unmapped_no_metadata is not manuscript-safe
230901,81,230901_81,unmapped_no_metadata,None,Unknown,No unit metadata CSV file found,area_resolution_status=unmapped_no_metadata is not manuscript-safe
230901,82,230901_82,unmapped_no_metadata,None,Unknown,No unit metadata CSV file found,area_resolution_status=unmapped_no_metadata is not manuscript-safe
230901,83,230901_83,unmapped_no_metadata,None,Unknown,No unit metadata CSV file found,area_resolution_status=unmapped_no_metadata is not manuscript-safe
230901,84,230901_84,unmapped_no_metadata,None,Unknown,No unit metadata CSV file found,area_resolution_status=unmapped_no_metadata is not manuscript-safe
230901,85,230901_85,unmapped_no_metadata,None,Unknown,No unit metadata CSV file found,area_resolution_status=unmapped_no_metadata is not manuscript-safe
230901,86,230901_86,unmapped_no_metadata,None,Unknown,No unit metadata CSV file found,area_resolution_status=unmapped_no_metadata is not manuscript-safe
230901,87,230901_87,unmapped_no_metadata,None,Unknown,No unit metadata CSV file found,area_resolution_status=unmapped_no_metadata is not manuscript-safe
230901,88,230901_88,unmapped_no_metadata,None,Unknown,No unit metadata CSV file found,area_resolution_status=unmapped_no_metadata is not manuscript-safe
230901,89,230901_89,unmapped_no_metadata,None,Unknown,No unit metadata CSV file found,area_resolution_status=unmapped_no_metadata is not manuscript-safe
230901,90,230901_90,unmapped_no_metadata,None,Unknown,No unit metadata CSV file found,area_resolution_status=unmapped_no_metadata is not manuscript-safe
230901,91,230901_91,unmapped_no_metadata,None,Unknown,No unit metadata CSV file found,area_resolution_status=unmapped_no_metadata is not manuscript-safe
230901,92,230901_92,unmapped_no_metadata,None,Unknown,No unit metadata CSV file found,area_resolution_status=unmapped_no_metadata is not manuscript-safe
230901,93,230901_93,unmapped_no_metadata,None,Unknown,No unit metadata CSV file found,area_resolution_status=unmapped_no_metadata is not manuscript-safe
230901,94,230901_94,unmapped_no_metadata,None,Unknown,No unit metadata CSV file found,area_resolution_status=unmapped_no_metadata is not manuscript-safe
230901,95,230901_95,unmapped_no_metadata,None,Unknown,No unit metadata CSV file found,area_resolution_status=unmapped_no_metadata is not manuscript-safe
230901,96,230901_96,unmapped_no_metadata,None,Unknown,No unit metadata CSV file found,area_resolution_status=unmapped_no_metadata is not manuscript-safe
230901,97,230901_97,unmapped_no_metadata,None,Unknown,No unit metadata CSV file found,area_resolution_status=unmapped_no_metadata is not manuscript-safe
230901,98,230901_98,unmapped_no_metadata,None,Unknown,No unit metadata CSV file found,area_resolution_status=unmapped_no_metadata is not manuscript-safe
230901,99,230901_99,unmapped_no_metadata,None,Unknown,No unit metadata CSV file found,area_resolution_status=unmapped_no_metadata is not manuscript-safe
230901,100,230901_100,unmapped_no_metadata,None,Unknown,No unit metadata CSV file found,area_resolution_status=unmapped_no_metadata is not manuscript-safe
230901,101,230901_101,unmapped_no_metadata,None,Unknown,No unit metadata CSV file found,area_resolution_status=unmapped_no_metadata is not manuscript-safe
230901,102,230901_102,unmapped_no_metadata,None,Unknown,No unit metadata CSV file found,area_resolution_status=unmapped_no_metadata is not manuscript-safe
230901,103,230901_103,unmapped_no_metadata,None,Unknown,No unit metadata CSV file found,area_resolution_status=unmapped_no_metadata is not manuscript-safe
230901,104,230901_104,unmapped_no_metadata,None,Unknown,No unit metadata CSV file found,area_resolution_status=unmapped_no_metadata is not manuscript-safe
230901,105,230901_105,unmapped_no_metadata,None,Unknown,No unit metadata CSV file found,area_resolution_status=unmapped_no_metadata is not manuscript-safe
230901,106,230901_106,unmapped_no_metadata,None,Unknown,No unit metadata CSV file found,area_resolution_status=unmapped_no_metadata is not manuscript-safe
230901,107,230901_107,unmapped_no_metadata,None,Unknown,No unit metadata CSV file found,area_resolution_status=unmapped_no_metadata is not manuscript-safe
230901,108,230901_108,unmapped_no_metadata,None,Unknown,No unit metadata CSV file found,area_resolution_status=unmapped_no_metadata is not manuscript-safe
230901,109,230901_109,unmapped_no_metadata,None,Unknown,No unit metadata CSV file found,area_resolution_status=unmapped_no_metadata is not manuscript-safe
230901,110,230901_110,unmapped_no_metadata,None,Unknown,No unit metadata CSV file found,area_resolution_status=unmapped_no_metadata is not manuscript-safe
230901,111,230901_111,unmapped_no_metadata,None,Unknown,No unit metadata CSV file found,area_resolution_status=unmapped_no_metadata is not manuscript-safe
230901,112,230901_112,unmapped_no_metadata,None,Unknown,No unit metadata CSV file found,area_resolution_status=unmapped_no_metadata is not manuscript-safe
230901,113,230901_113,unmapped_no_metadata,None,Unknown,No unit metadata CSV file found,area_resolution_status=unmapped_no_metadata is not manuscript-safe
230901,114,230901_114,unmapped_no_metadata,None,Unknown,No unit metadata CSV file found,area_resolution_status=unmapped_no_metadata is not manuscript-safe
230901,115,230901_115,unmapped_no_metadata,None,Unknown,No unit metadata CSV file found,area_resolution_status=unmapped_no_metadata is not manuscript-safe
230901,116,230901_116,unmapped_no_metadata,None,Unknown,No unit metadata CSV file found,area_resolution_status=unmapped_no_metadata is not manuscript-safe
230901,117,230901_117,unmapped_no_metadata,None,Unknown,No unit metadata CSV file found,area_resolution_status=unmapped_no_metadata is not manuscript-safe
230901,118,230901_118,unmapped_no_metadata,None,Unknown,No unit metadata CSV file found,area_resolution_status=unmapped_no_metadata is not manuscript-safe
230901,119,230901_119,unmapped_no_metadata,None,Unknown,No unit metadata CSV file found,area_resolution_status=unmapped_no_metadata is not manuscript-safe
230901,120,230901_120,unmapped_no_metadata,None,Unknown,No unit metadata CSV file found,area_resolution_status=unmapped_no_metadata is not manuscript-safe
230901,121,230901_121,unmapped_no_metadata,None,Unknown,No unit metadata CSV file found,area_resolution_status=unmapped_no_metadata is not manuscript-safe
230901,122,230901_122,unmapped_no_metadata,None,Unknown,No unit metadata CSV file found,area_resolution_status=unmapped_no_metadata is not manuscript-safe
230901,123,230901_123,unmapped_no_metadata,None,Unknown,No unit metadata CSV file found,area_resolution_status=unmapped_no_metadata is not manuscript-safe
230901,124,230901_124,unmapped_no_metadata,None,Unknown,No unit metadata CSV file found,area_resolution_status=unmapped_no_metadata is not manuscript-safe
230901,125,230901_125,unmapped_no_metadata,None,Unknown,No unit metadata CSV file found,area_resolution_status=unmapped_no_metadata is not manuscript-safe
230901,126,230901_126,unmapped_no_metadata,None,Unknown,No unit metadata CSV file found,area_resolution_status=unmapped_no_metadata is not manuscript-safe
230901,127,230901_127,unmapped_no_metadata,None,Unknown,No unit metadata CSV file found,area_resolution_status=unmapped_no_metadata is not manuscript-safe
230901,128,230901_128,unmapped_no_metadata,None,Unknown,No unit metadata CSV file found,area_resolution_status=unmapped_no_metadata is not manuscript-safe
230901,129,230901_129,unmapped_no_metadata,None,Unknown,No unit metadata CSV file found,area_resolution_status=unmapped_no_metadata is not manuscript-safe
230901,130,230901_130,unmapped_no_metadata,None,Unknown,No unit metadata CSV file found,area_resolution_status=unmapped_no_metadata is not manuscript-safe
230901,131,230901_131,unmapped_no_metadata,None,Unknown,No unit metadata CSV file found,area_resolution_status=unmapped_no_metadata is not manuscript-safe
230901,132,230901_132,unmapped_no_metadata,None,Unknown,No unit metadata CSV file found,area_resolution_status=unmapped_no_metadata is not manuscript-safe
230901,133,230901_133,unmapped_no_metadata,None,Unknown,No unit metadata CSV file found,area_resolution_status=unmapped_no_metadata is not manuscript-safe
230901,134,230901_134,unmapped_no_metadata,None,Unknown,No unit metadata CSV file found,area_resolution_status=unmapped_no_metadata is not manuscript-safe
230901,135,230901_135,unmapped_no_metadata,None,Unknown,No unit metadata CSV file found,area_resolution_status=unmapped_no_metadata is not manuscript-safe
230901,136,230901_136,unmapped_no_metadata,None,Unknown,No unit metadata CSV file found,area_resolution_status=unmapped_no_metadata is not manuscript-safe
230901,137,230901_137,unmapped_no_metadata,None,Unknown,No unit metadata CSV file found,area_resolution_status=unmapped_no_metadata is not manuscript-safe
230901,138,230901_138,unmapped_no_metadata,None,Unknown,No unit metadata CSV file found,area_resolution_status=unmapped_no_metadata is not manuscript-safe
230901,139,230901_139,unmapped_no_metadata,None,Unknown,No unit metadata CSV file found,area_resolution_status=unmapped_no_metadata is not manuscript-safe
230901,140,230901_140,unmapped_no_metadata,None,Unknown,No unit metadata CSV file found,area_resolution_status=unmapped_no_metadata is not manuscript-safe
230901,141,230901_141,unmapped_no_metadata,None,Unknown,No unit metadata CSV file found,area_resolution_status=unmapped_no_metadata is not manuscript-safe
230901,142,230901_142,unmapped_no_metadata,None,Unknown,No unit metadata CSV file found,area_resolution_status=unmapped_no_metadata is not manuscript-safe
230901,143,230901_143,unmapped_no_metadata,None,Unknown,No unit metadata CSV file found,area_resolution_status=unmapped_no_metadata is not manuscript-safe
230901,144,230901_144,unmapped_no_metadata,None,Unknown,No unit metadata CSV file found,area_resolution_status=unmapped_no_metadata is not manuscript-safe
230901,145,230901_145,unmapped_no_metadata,None,Unknown,No unit metadata CSV file found,area_resolution_status=unmapped_no_metadata is not manuscript-safe
230901,146,230901_146,unmapped_no_metadata,None,Unknown,No unit metadata CSV file found,area_resolution_status=unmapped_no_metadata is not manuscript-safe
230901,147,230901_147,unmapped_no_metadata,None,Unknown,No unit metadata CSV file found,area_resolution_status=unmapped_no_metadata is not manuscript-safe
230901,148,230901_148,unmapped_no_metadata,None,Unknown,No unit metadata CSV file found,area_resolution_status=unmapped_no_metadata is not manuscript-safe
230901,149,230901_149,unmapped_no_metadata,None,Unknown,No unit metadata CSV file found,area_resolution_status=unmapped_no_metadata is not manuscript-safe
230901,150,230901_150,unmapped_no_metadata,None,Unknown,No unit metadata CSV file found,area_resolution_status=unmapped_no_metadata is not manuscript-safe
230901,151,230901_151,unmapped_no_metadata,None,Unknown,No unit metadata CSV file found,area_resolution_status=unmapped_no_metadata is not manuscript-safe
230901,152,230901_152,unmapped_no_metadata,None,Unknown,No unit metadata CSV file found,area_resolution_status=unmapped_no_metadata is not manuscript-safe
230901,153,230901_153,unmapped_no_metadata,None,Unknown,No unit metadata CSV file found,area_resolution_status=unmapped_no_metadata is not manuscript-safe
230901,154,230901_154,unmapped_no_metadata,None,Unknown,No unit metadata CSV file found,area_resolution_status=unmapped_no_metadata is not manuscript-safe
230901,155,230901_155,unmapped_no_metadata,None,Unknown,No unit metadata CSV file found,area_resolution_status=unmapped_no_metadata is not manuscript-safe
230901,156,230901_156,unmapped_no_metadata,None,Unknown,No unit metadata CSV file found,area_resolution_status=unmapped_no_metadata is not manuscript-safe
230901,157,230901_157,unmapped_no_metadata,None,Unknown,No unit metadata CSV file found,area_resolution_status=unmapped_no_metadata is not manuscript-safe
230901,158,230901_158,unmapped_no_metadata,None,Unknown,No unit metadata CSV file found,area_resolution_status=unmapped_no_metadata is not manuscript-safe
230901,159,230901_159,unmapped_no_metadata,None,Unknown,No unit metadata CSV file found,area_resolution_status=unmapped_no_metadata is not manuscript-safe
230901,160,230901_160,unmapped_no_metadata,None,Unknown,No unit metadata CSV file found,area_resolution_status=unmapped_no_metadata is not manuscript-safe
230901,161,230901_161,unmapped_no_metadata,None,Unknown,No unit metadata CSV file found,area_resolution_status=unmapped_no_metadata is not manuscript-safe
230901,162,230901_162,unmapped_no_metadata,None,Unknown,No unit metadata CSV file found,area_resolution_status=unmapped_no_metadata is not manuscript-safe
230901,163,230901_163,unmapped_no_metadata,None,Unknown,No unit metadata CSV file found,area_resolution_status=unmapped_no_metadata is not manuscript-safe
230901,164,230901_164,unmapped_no_metadata,None,Unknown,No unit metadata CSV file found,area_resolution_status=unmapped_no_metadata is not manuscript-safe
230901,165,230901_165,unmapped_no_metadata,None,Unknown,No unit metadata CSV file found,area_resolution_status=unmapped_no_metadata is not manuscript-safe
230901,166,230901_166,unmapped_no_metadata,None,Unknown,No unit metadata CSV file found,area_resolution_status=unmapped_no_metadata is not manuscript-safe
230901,167,230901_167,unmapped_no_metadata,None,Unknown,No unit metadata CSV file found,area_resolution_status=unmapped_no_metadata is not manuscript-safe
230901,168,230901_168,unmapped_no_metadata,None,Unknown,No unit metadata CSV file found,area_resolution_status=unmapped_no_metadata is not manuscript-safe
230901,169,230901_169,unmapped_no_metadata,None,Unknown,No unit metadata CSV file found,area_resolution_status=unmapped_no_metadata is not manuscript-safe
230901,170,230901_170,unmapped_no_metadata,None,Unknown,No unit metadata CSV file found,area_resolution_status=unmapped_no_metadata is not manuscript-safe
230901,171,230901_171,unmapped_no_metadata,None,Unknown,No unit metadata CSV file found,area_resolution_status=unmapped_no_metadata is not manuscript-safe
230901,172,230901_172,unmapped_no_metadata,None,Unknown,No unit metadata CSV file found,area_resolution_status=unmapped_no_metadata is not manuscript-safe
230901,173,230901_173,unmapped_no_metadata,None,Unknown,No unit metadata CSV file found,area_resolution_status=unmapped_no_metadata is not manuscript-safe
230901,174,230901_174,unmapped_no_metadata,None,Unknown,No unit metadata CSV file found,area_resolution_status=unmapped_no_metadata is not manuscript-safe
230901,175,230901_175,unmapped_no_metadata,None,Unknown,No unit metadata CSV file found,area_resolution_status=unmapped_no_metadata is not manuscript-safe
230901,176,230901_176,unmapped_no_metadata,None,Unknown,No unit metadata CSV file found,area_resolution_status=unmapped_no_metadata is not manuscript-safe
230901,177,230901_177,unmapped_no_metadata,None,Unknown,No unit metadata CSV file found,area_resolution_status=unmapped_no_metadata is not manuscript-safe
230901,178,230901_178,unmapped_no_metadata,None,Unknown,No unit metadata CSV file found,area_resolution_status=unmapped_no_metadata is not manuscript-safe
230901,179,230901_179,unmapped_no_metadata,None,Unknown,No unit metadata CSV file found,area_resolution_status=unmapped_no_metadata is not manuscript-safe
230901,180,230901_180,unmapped_no_metadata,None,Unknown,No unit metadata CSV file found,area_resolution_status=unmapped_no_metadata is not manuscript-safe
230901,181,230901_181,unmapped_no_metadata,None,Unknown,No unit metadata CSV file found,area_resolution_status=unmapped_no_metadata is not manuscript-safe
230901,182,230901_182,unmapped_no_metadata,None,Unknown,No unit metadata CSV file found,area_resolution_status=unmapped_no_metadata is not manuscript-safe
230901,183,230901_183,unmapped_no_metadata,None,Unknown,No unit metadata CSV file found,area_resolution_status=unmapped_no_metadata is not manuscript-safe
230901,184,230901_184,unmapped_no_metadata,None,Unknown,No unit metadata CSV file found,area_resolution_status=unmapped_no_metadata is not manuscript-safe
230901,185,230901_185,unmapped_no_metadata,None,Unknown,No unit metadata CSV file found,area_resolution_status=unmapped_no_metadata is not manuscript-safe
230901,186,230901_186,unmapped_no_metadata,None,Unknown,No unit metadata CSV file found,area_resolution_status=unmapped_no_metadata is not manuscript-safe
230901,187,230901_187,unmapped_no_metadata,None,Unknown,No unit metadata CSV file found,area_resolution_status=unmapped_no_metadata is not manuscript-safe
230901,188,230901_188,unmapped_no_metadata,None,Unknown,No unit metadata CSV file found,area_resolution_status=unmapped_no_metadata is not manuscript-safe
230901,189,230901_189,unmapped_no_metadata,None,Unknown,No unit metadata CSV file found,area_resolution_status=unmapped_no_metadata is not manuscript-safe
230901,190,230901_190,unmapped_no_metadata,None,Unknown,No unit metadata CSV file found,area_resolution_status=unmapped_no_metadata is not manuscript-safe
230901,191,230901_191,unmapped_no_metadata,None,Unknown,No unit metadata CSV file found,area_resolution_status=unmapped_no_metadata is not manuscript-safe
230901,192,230901_192,unmapped_no_metadata,None,Unknown,No unit metadata CSV file found,area_resolution_status=unmapped_no_metadata is not manuscript-safe
230901,193,230901_193,unmapped_no_metadata,None,Unknown,No unit metadata CSV file found,area_resolution_status=unmapped_no_metadata is not manuscript-safe
230901,194,230901_194,unmapped_no_metadata,None,Unknown,No unit metadata CSV file found,area_resolution_status=unmapped_no_metadata is not manuscript-safe
230901,195,230901_195,unmapped_no_metadata,None,Unknown,No unit metadata CSV file found,area_resolution_status=unmapped_no_metadata is not manuscript-safe
230901,196,230901_196,unmapped_no_metadata,None,Unknown,No unit metadata CSV file found,area_resolution_status=unmapped_no_metadata is not manuscript-safe
230901,197,230901_197,unmapped_no_metadata,None,Unknown,No unit metadata CSV file found,area_resolution_status=unmapped_no_metadata is not manuscript-safe
230901,198,230901_198,unmapped_no_metadata,None,Unknown,No unit metadata CSV file found,area_resolution_status=unmapped_no_metadata is not manuscript-safe
230901,199,230901_199,unmapped_no_metadata,None,Unknown,No unit metadata CSV file found,area_resolution_status=unmapped_no_metadata is not manuscript-safe
230901,200,230901_200,unmapped_no_metadata,None,Unknown,No unit metadata CSV file found,area_resolution_status=unmapped_no_metadata is not manuscript-safe
230901,201,230901_201,unmapped_no_metadata,None,Unknown,No unit metadata CSV file found,area_resolution_status=unmapped_no_metadata is not manuscript-safe
230901,202,230901_202,unmapped_no_metadata,None,Unknown,No unit metadata CSV file found,area_resolution_status=unmapped_no_metadata is not manuscript-safe
230901,203,230901_203,unmapped_no_metadata,None,Unknown,No unit metadata CSV file found,area_resolution_status=unmapped_no_metadata is not manuscript-safe
230901,204,230901_204,unmapped_no_metadata,None,Unknown,No unit metadata CSV file found,area_resolution_status=unmapped_no_metadata is not manuscript-safe
230901,205,230901_205,unmapped_no_metadata,None,Unknown,No unit metadata CSV file found,area_resolution_status=unmapped_no_metadata is not manuscript-safe
230901,206,230901_206,unmapped_no_metadata,None,Unknown,No unit metadata CSV file found,area_resolution_status=unmapped_no_metadata is not manuscript-safe
230901,207,230901_207,unmapped_no_metadata,None,Unknown,No unit metadata CSV file found,area_resolution_status=unmapped_no_metadata is not manuscript-safe
230901,208,230901_208,unmapped_no_metadata,None,Unknown,No unit metadata CSV file found,area_resolution_status=unmapped_no_metadata is not manuscript-safe
230901,209,230901_209,unmapped_no_metadata,None,Unknown,No unit metadata CSV file found,area_resolution_status=unmapped_no_metadata is not manuscript-safe
230901,210,230901_210,unmapped_no_metadata,None,Unknown,No unit metadata CSV file found,area_resolution_status=unmapped_no_metadata is not manuscript-safe
230901,211,230901_211,unmapped_no_metadata,None,Unknown,No unit metadata CSV file found,area_resolution_status=unmapped_no_metadata is not manuscript-safe
230901,212,230901_212,unmapped_no_metadata,None,Unknown,No unit metadata CSV file found,area_resolution_status=unmapped_no_metadata is not manuscript-safe
230901,213,230901_213,unmapped_no_metadata,None,Unknown,No unit metadata CSV file found,area_resolution_status=unmapped_no_metadata is not manuscript-safe
230901,214,230901_214,unmapped_no_metadata,None,Unknown,No unit metadata CSV file found,area_resolution_status=unmapped_no_metadata is not manuscript-safe
230901,215,230901_215,unmapped_no_metadata,None,Unknown,No unit metadata CSV file found,area_resolution_status=unmapped_no_metadata is not manuscript-safe
230901,216,230901_216,unmapped_no_metadata,None,Unknown,No unit metadata CSV file found,area_resolution_status=unmapped_no_metadata is not manuscript-safe
230901,217,230901_217,unmapped_no_metadata,None,Unknown,No unit metadata CSV file found,area_resolution_status=unmapped_no_metadata is not manuscript-safe
230901,218,230901_218,unmapped_no_metadata,None,Unknown,No unit metadata CSV file found,area_resolution_status=unmapped_no_metadata is not manuscript-safe
230901,219,230901_219,unmapped_no_metadata,None,Unknown,No unit metadata CSV file found,area_resolution_status=unmapped_no_metadata is not manuscript-safe
230901,220,230901_220,unmapped_no_metadata,None,Unknown,No unit metadata CSV file found,area_resolution_status=unmapped_no_metadata is not manuscript-safe
230901,221,230901_221,unmapped_no_metadata,None,Unknown,No unit metadata CSV file found,area_resolution_status=unmapped_no_metadata is not manuscript-safe
230901,222,230901_222,unmapped_no_metadata,None,Unknown,No unit metadata CSV file found,area_resolution_status=unmapped_no_metadata is not manuscript-safe
230901,223,230901_223,unmapped_no_metadata,None,Unknown,No unit metadata CSV file found,area_resolution_status=unmapped_no_metadata is not manuscript-safe
230901,224,230901_224,unmapped_no_metadata,None,Unknown,No unit metadata CSV file found,area_resolution_status=unmapped_no_metadata is not manuscript-safe
230901,225,230901_225,unmapped_no_metadata,None,Unknown,No unit metadata CSV file found,area_resolution_status=unmapped_no_metadata is not manuscript-safe
230901,226,230901_226,unmapped_no_metadata,None,Unknown,No unit metadata CSV file found,area_resolution_status=unmapped_no_metadata is not manuscript-safe
230901,227,230901_227,unmapped_no_metadata,None,Unknown,No unit metadata CSV file found,area_resolution_status=unmapped_no_metadata is not manuscript-safe
230901,228,230901_228,unmapped_no_metadata,None,Unknown,No unit metadata CSV file found,area_resolution_status=unmapped_no_metadata is not manuscript-safe
230901,229,230901_229,unmapped_no_metadata,None,Unknown,No unit metadata CSV file found,area_resolution_status=unmapped_no_metadata is not manuscript-safe
230901,230,230901_230,unmapped_no_metadata,None,Unknown,No unit metadata CSV file found,area_resolution_status=unmapped_no_metadata is not manuscript-safe
230901,231,230901_231,unmapped_no_metadata,None,Unknown,No unit metadata CSV file found,area_resolution_status=unmapped_no_metadata is not manuscript-safe
230901,232,230901_232,unmapped_no_metadata,None,Unknown,No unit metadata CSV file found,area_resolution_status=unmapped_no_metadata is not manuscript-safe
230901,233,230901_233,unmapped_no_metadata,None,Unknown,No unit metadata CSV file found,area_resolution_status=unmapped_no_metadata is not manuscript-safe
230901,234,230901_234,unmapped_no_metadata,None,Unknown,No unit metadata CSV file found,area_resolution_status=unmapped_no_metadata is not manuscript-safe
230901,235,230901_235,unmapped_no_metadata,None,Unknown,No unit metadata CSV file found,area_resolution_status=unmapped_no_metadata is not manuscript-safe
230901,236,230901_236,unmapped_no_metadata,None,Unknown,No unit metadata CSV file found,area_resolution_status=unmapped_no_metadata is not manuscript-safe
230901,237,230901_237,unmapped_no_metadata,None,Unknown,No unit metadata CSV file found,area_resolution_status=unmapped_no_metadata is not manuscript-safe
230901,238,230901_238,unmapped_no_metadata,None,Unknown,No unit metadata CSV file found,area_resolution_status=unmapped_no_metadata is not manuscript-safe
230901,239,230901_239,unmapped_no_metadata,None,Unknown,No unit metadata CSV file found,area_resolution_status=unmapped_no_metadata is not manuscript-safe
230901,240,230901_240,unmapped_no_metadata,None,Unknown,No unit metadata CSV file found,area_resolution_status=unmapped_no_metadata is not manuscript-safe
230901,241,230901_241,unmapped_no_metadata,None,Unknown,No unit metadata CSV file found,area_resolution_status=unmapped_no_metadata is not manuscript-safe
230901,242,230901_242,unmapped_no_metadata,None,Unknown,No unit metadata CSV file found,area_resolution_status=unmapped_no_metadata is not manuscript-safe
230901,243,230901_243,unmapped_no_metadata,None,Unknown,No unit metadata CSV file found,area_resolution_status=unmapped_no_metadata is not manuscript-safe
230901,244,230901_244,unmapped_no_metadata,None,Unknown,No unit metadata CSV file found,area_resolution_status=unmapped_no_metadata is not manuscript-safe
230901,245,230901_245,unmapped_no_metadata,None,Unknown,No unit metadata CSV file found,area_resolution_status=unmapped_no_metadata is not manuscript-safe
230901,246,230901_246,unmapped_no_metadata,None,Unknown,No unit metadata CSV file found,area_resolution_status=unmapped_no_metadata is not manuscript-safe
230901,247,230901_247,unmapped_no_metadata,None,Unknown,No unit metadata CSV file found,area_resolution_status=unmapped_no_metadata is not manuscript-safe
230901,248,230901_248,unmapped_no_metadata,None,Unknown,No unit metadata CSV file found,area_resolution_status=unmapped_no_metadata is not manuscript-safe
230901,249,230901_249,unmapped_no_metadata,None,Unknown,No unit metadata CSV file found,area_resolution_status=unmapped_no_metadata is not manuscript-safe
230901,250,230901_250,unmapped_no_metadata,None,Unknown,No unit metadata CSV file found,area_resolution_status=unmapped_no_metadata is not manuscript-safe
230901,251,230901_251,unmapped_no_metadata,None,Unknown,No unit metadata CSV file found,area_resolution_status=unmapped_no_metadata is not manuscript-safe
230901,252,230901_252,unmapped_no_metadata,None,Unknown,No unit metadata CSV file found,area_resolution_status=unmapped_no_metadata is not manuscript-safe
230901,253,230901_253,unmapped_no_metadata,None,Unknown,No unit metadata CSV file found,area_resolution_status=unmapped_no_metadata is not manuscript-safe
230901,254,230901_254,unmapped_no_metadata,None,Unknown,No unit metadata CSV file found,area_resolution_status=unmapped_no_metadata is not manuscript-safe
230901,255,230901_255,unmapped_no_metadata,None,Unknown,No unit metadata CSV file found,area_resolution_status=unmapped_no_metadata is not manuscript-safe
230901,256,230901_256,unmapped_no_metadata,None,Unknown,No unit metadata CSV file found,area_resolution_status=unmapped_no_metadata is not manuscript-safe
230901,257,230901_257,unmapped_no_metadata,None,Unknown,No unit metadata CSV file found,area_resolution_status=unmapped_no_metadata is not manuscript-safe
230901,258,230901_258,unmapped_no_metadata,None,Unknown,No unit metadata CSV file found,area_resolution_status=unmapped_no_metadata is not manuscript-safe
230901,259,230901_259,unmapped_no_metadata,None,Unknown,No unit metadata CSV file found,area_resolution_status=unmapped_no_metadata is not manuscript-safe
230901,260,230901_260,unmapped_no_metadata,None,Unknown,No unit metadata CSV file found,area_resolution_status=unmapped_no_metadata is not manuscript-safe
230901,261,230901_261,unmapped_no_metadata,None,Unknown,No unit metadata CSV file found,area_resolution_status=unmapped_no_metadata is not manuscript-safe
230901,262,230901_262,unmapped_no_metadata,None,Unknown,No unit metadata CSV file found,area_resolution_status=unmapped_no_metadata is not manuscript-safe
230901,263,230901_263,unmapped_no_metadata,None,Unknown,No unit metadata CSV file found,area_resolution_status=unmapped_no_metadata is not manuscript-safe
230901,264,230901_264,unmapped_no_metadata,None,Unknown,No unit metadata CSV file found,area_resolution_status=unmapped_no_metadata is not manuscript-safe
230901,265,230901_265,unmapped_no_metadata,None,Unknown,No unit metadata CSV file found,area_resolution_status=unmapped_no_metadata is not manuscript-safe
230901,266,230901_266,unmapped_no_metadata,None,Unknown,No unit metadata CSV file found,area_resolution_status=unmapped_no_metadata is not manuscript-safe
230901,267,230901_267,unmapped_no_metadata,None,Unknown,No unit metadata CSV file found,area_resolution_status=unmapped_no_metadata is not manuscript-safe
230901,268,230901_268,unmapped_no_metadata,None,Unknown,No unit metadata CSV file found,area_resolution_status=unmapped_no_metadata is not manuscript-safe
230901,269,230901_269,unmapped_no_metadata,None,Unknown,No unit metadata CSV file found,area_resolution_status=unmapped_no_metadata is not manuscript-safe
230901,270,230901_270,unmapped_no_metadata,None,Unknown,No unit metadata CSV file found,area_resolution_status=unmapped_no_metadata is not manuscript-safe
230901,271,230901_271,unmapped_no_metadata,None,Unknown,No unit metadata CSV file found,area_resolution_status=unmapped_no_metadata is not manuscript-safe
230901,272,230901_272,unmapped_no_metadata,None,Unknown,No unit metadata CSV file found,area_resolution_status=unmapped_no_metadata is not manuscript-safe
230901,273,230901_273,unmapped_no_metadata,None,Unknown,No unit metadata CSV file found,area_resolution_status=unmapped_no_metadata is not manuscript-safe
230901,274,230901_274,unmapped_no_metadata,None,Unknown,No unit metadata CSV file found,area_resolution_status=unmapped_no_metadata is not manuscript-safe
230901,275,230901_275,unmapped_no_metadata,None,Unknown,No unit metadata CSV file found,area_resolution_status=unmapped_no_metadata is not manuscript-safe
230901,276,230901_276,unmapped_no_metadata,None,Unknown,No unit metadata CSV file found,area_resolution_status=unmapped_no_metadata is not manuscript-safe
230901,277,230901_277,unmapped_no_metadata,None,Unknown,No unit metadata CSV file found,area_resolution_status=unmapped_no_metadata is not manuscript-safe
230901,278,230901_278,unmapped_no_metadata,None,Unknown,No unit metadata CSV file found,area_resolution_status=unmapped_no_metadata is not manuscript-safe
230901,279,230901_279,unmapped_no_metadata,None,Unknown,No unit metadata CSV file found,area_resolution_status=unmapped_no_metadata is not manuscript-safe
230901,280,230901_280,unmapped_no_metadata,None,Unknown,No unit metadata CSV file found,area_resolution_status=unmapped_no_metadata is not manuscript-safe
230901,281,230901_281,unmapped_no_metadata,None,Unknown,No unit metadata CSV file found,area_resolution_status=unmapped_no_metadata is not manuscript-safe
230901,282,230901_282,unmapped_no_metadata,None,Unknown,No unit metadata CSV file found,area_resolution_status=unmapped_no_metadata is not manuscript-safe
230901,283,230901_283,unmapped_no_metadata,None,Unknown,No unit metadata CSV file found,area_resolution_status=unmapped_no_metadata is not manuscript-safe
230901,284,230901_284,unmapped_no_metadata,None,Unknown,No unit metadata CSV file found,area_resolution_status=unmapped_no_metadata is not manuscript-safe
230901,285,230901_285,unmapped_no_metadata,None,Unknown,No unit metadata CSV file found,area_resolution_status=unmapped_no_metadata is not manuscript-safe
230901,286,230901_286,unmapped_no_metadata,None,Unknown,No unit metadata CSV file found,area_resolution_status=unmapped_no_metadata is not manuscript-safe
230901,287,230901_287,unmapped_no_metadata,None,Unknown,No unit metadata CSV file found,area_resolution_status=unmapped_no_metadata is not manuscript-safe
230901,288,230901_288,unmapped_no_metadata,None,Unknown,No unit metadata CSV file found,area_resolution_status=unmapped_no_metadata is not manuscript-safe
230901,289,230901_289,unmapped_no_metadata,None,Unknown,No unit metadata CSV file found,area_resolution_status=unmapped_no_metadata is not manuscript-safe
230901,290,230901_290,unmapped_no_metadata,None,Unknown,No unit metadata CSV file found,area_resolution_status=unmapped_no_metadata is not manuscript-safe
230901,291,230901_291,unmapped_no_metadata,None,Unknown,No unit metadata CSV file found,area_resolution_status=unmapped_no_metadata is not manuscript-safe
230901,292,230901_292,unmapped_no_metadata,None,Unknown,No unit metadata CSV file found,area_resolution_status=unmapped_no_metadata is not manuscript-safe
230901,293,230901_293,unmapped_no_metadata,None,Unknown,No unit metadata CSV file found,area_resolution_status=unmapped_no_metadata is not manuscript-safe
230901,294,230901_294,unmapped_no_metadata,None,Unknown,No unit metadata CSV file found,area_resolution_status=unmapped_no_metadata is not manuscript-safe
230901,295,230901_295,unmapped_no_metadata,None,Unknown,No unit metadata CSV file found,area_resolution_status=unmapped_no_metadata is not manuscript-safe
230901,296,230901_296,unmapped_no_metadata,None,Unknown,No unit metadata CSV file found,area_resolution_status=unmapped_no_metadata is not manuscript-safe
230901,297,230901_297,unmapped_no_metadata,None,Unknown,No unit metadata CSV file found,area_resolution_status=unmapped_no_metadata is not manuscript-safe
230901,298,230901_298,unmapped_no_metadata,None,Unknown,No unit metadata CSV file found,area_resolution_status=unmapped_no_metadata is not manuscript-safe
230901,299,230901_299,unmapped_no_metadata,None,Unknown,No unit metadata CSV file found,area_resolution_status=unmapped_no_metadata is not manuscript-safe
230901,300,230901_300,unmapped_no_metadata,None,Unknown,No unit metadata CSV file found,area_resolution_status=unmapped_no_metadata is not manuscript-safe
230901,301,230901_301,unmapped_no_metadata,None,Unknown,No unit metadata CSV file found,area_resolution_status=unmapped_no_metadata is not manuscript-safe
230901,302,230901_302,unmapped_no_metadata,None,Unknown,No unit metadata CSV file found,area_resolution_status=unmapped_no_metadata is not manuscript-safe
230901,303,230901_303,unmapped_no_metadata,None,Unknown,No unit metadata CSV file found,area_resolution_status=unmapped_no_metadata is not manuscript-safe
230901,304,230901_304,unmapped_no_metadata,None,Unknown,No unit metadata CSV file found,area_resolution_status=unmapped_no_metadata is not manuscript-safe
230901,305,230901_305,unmapped_no_metadata,None,Unknown,No unit metadata CSV file found,area_resolution_status=unmapped_no_metadata is not manuscript-safe
230901,306,230901_306,unmapped_no_metadata,None,Unknown,No unit metadata CSV file found,area_resolution_status=unmapped_no_metadata is not manuscript-safe
230901,307,230901_307,unmapped_no_metadata,None,Unknown,No unit metadata CSV file found,area_resolution_status=unmapped_no_metadata is not manuscript-safe
230901,308,230901_308,unmapped_no_metadata,None,Unknown,No unit metadata CSV file found,area_resolution_status=unmapped_no_metadata is not manuscript-safe
230901,309,230901_309,unmapped_no_metadata,None,Unknown,No unit metadata CSV file found,area_resolution_status=unmapped_no_metadata is not manuscript-safe
230901,310,230901_310,unmapped_no_metadata,None,Unknown,No unit metadata CSV file found,area_resolution_status=unmapped_no_metadata is not manuscript-safe
230901,311,230901_311,unmapped_no_metadata,None,Unknown,No unit metadata CSV file found,area_resolution_status=unmapped_no_metadata is not manuscript-safe
230901,312,230901_312,unmapped_no_metadata,None,Unknown,No unit metadata CSV file found,area_resolution_status=unmapped_no_metadata is not manuscript-safe
230901,313,230901_313,unmapped_no_metadata,None,Unknown,No unit metadata CSV file found,area_resolution_status=unmapped_no_metadata is not manuscript-safe
230901,314,230901_314,unmapped_no_metadata,None,Unknown,No unit metadata CSV file found,area_resolution_status=unmapped_no_metadata is not manuscript-safe
230901,315,230901_315,unmapped_no_metadata,None,Unknown,No unit metadata CSV file found,area_resolution_status=unmapped_no_metadata is not manuscript-safe
230901,316,230901_316,unmapped_no_metadata,None,Unknown,No unit metadata CSV file found,area_resolution_status=unmapped_no_metadata is not manuscript-safe
230901,317,230901_317,unmapped_no_metadata,None,Unknown,No unit metadata CSV file found,area_resolution_status=unmapped_no_metadata is not manuscript-safe
230901,318,230901_318,unmapped_no_metadata,None,Unknown,No unit metadata CSV file found,area_resolution_status=unmapped_no_metadata is not manuscript-safe
230901,319,230901_319,unmapped_no_metadata,None,Unknown,No unit metadata CSV file found,area_resolution_status=unmapped_no_metadata is not manuscript-safe
230901,320,230901_320,unmapped_no_metadata,None,Unknown,No unit metadata CSV file found,area_resolution_status=unmapped_no_metadata is not manuscript-safe
230901,321,230901_321,unmapped_no_metadata,None,Unknown,No unit metadata CSV file found,area_resolution_status=unmapped_no_metadata is not manuscript-safe
230901,322,230901_322,unmapped_no_metadata,None,Unknown,No unit metadata CSV file found,area_resolution_status=unmapped_no_metadata is not manuscript-safe
230901,323,230901_323,unmapped_no_metadata,None,Unknown,No unit metadata CSV file found,area_resolution_status=unmapped_no_metadata is not manuscript-safe
230901,324,230901_324,unmapped_no_metadata,None,Unknown,No unit metadata CSV file found,area_resolution_status=unmapped_no_metadata is not manuscript-safe
230901,325,230901_325,unmapped_no_metadata,None,Unknown,No unit metadata CSV file found,area_resolution_status=unmapped_no_metadata is not manuscript-safe
230901,326,230901_326,unmapped_no_metadata,None,Unknown,No unit metadata CSV file found,area_resolution_status=unmapped_no_metadata is not manuscript-safe
230901,327,230901_327,unmapped_no_metadata,None,Unknown,No unit metadata CSV file found,area_resolution_status=unmapped_no_metadata is not manuscript-safe
230901,328,230901_328,unmapped_no_metadata,None,Unknown,No unit metadata CSV file found,area_resolution_status=unmapped_no_metadata is not manuscript-safe
230901,329,230901_329,unmapped_no_metadata,None,Unknown,No unit metadata CSV file found,area_resolution_status=unmapped_no_metadata is not manuscript-safe
230901,330,230901_330,unmapped_no_metadata,None,Unknown,No unit metadata CSV file found,area_resolution_status=unmapped_no_metadata is not manuscript-safe
230901,331,230901_331,unmapped_no_metadata,None,Unknown,No unit metadata CSV file found,area_resolution_status=unmapped_no_metadata is not manuscript-safe
230901,332,230901_332,unmapped_no_metadata,None,Unknown,No unit metadata CSV file found,area_resolution_status=unmapped_no_metadata is not manuscript-safe
230901,333,230901_333,unmapped_no_metadata,None,Unknown,No unit metadata CSV file found,area_resolution_status=unmapped_no_metadata is not manuscript-safe
230901,334,230901_334,unmapped_no_metadata,None,Unknown,No unit metadata CSV file found,area_resolution_status=unmapped_no_metadata is not manuscript-safe
230901,335,230901_335,unmapped_no_metadata,None,Unknown,No unit metadata CSV file found,area_resolution_status=unmapped_no_metadata is not manuscript-safe
230901,336,230901_336,unmapped_no_metadata,None,Unknown,No unit metadata CSV file found,area_resolution_status=unmapped_no_metadata is not manuscript-safe
230901,337,230901_337,unmapped_no_metadata,None,Unknown,No unit metadata CSV file found,area_resolution_status=unmapped_no_metadata is not manuscript-safe
230901,338,230901_338,unmapped_no_metadata,None,Unknown,No unit metadata CSV file found,area_resolution_status=unmapped_no_metadata is not manuscript-safe
230901,339,230901_339,unmapped_no_metadata,None,Unknown,No unit metadata CSV file found,area_resolution_status=unmapped_no_metadata is not manuscript-safe
230901,340,230901_340,unmapped_no_metadata,None,Unknown,No unit metadata CSV file found,area_resolution_status=unmapped_no_metadata is not manuscript-safe
230901,341,230901_341,unmapped_no_metadata,None,Unknown,No unit metadata CSV file found,area_resolution_status=unmapped_no_metadata is not manuscript-safe
230901,342,230901_342,unmapped_no_metadata,None,Unknown,No unit metadata CSV file found,area_resolution_status=unmapped_no_metadata is not manuscript-safe
230901,343,230901_343,unmapped_no_metadata,None,Unknown,No unit metadata CSV file found,area_resolution_status=unmapped_no_metadata is not manuscript-safe
230901,344,230901_344,unmapped_no_metadata,None,Unknown,No unit metadata CSV file found,area_resolution_status=unmapped_no_metadata is not manuscript-safe
230901,345,230901_345,unmapped_no_metadata,None,Unknown,No unit metadata CSV file found,area_resolution_status=unmapped_no_metadata is not manuscript-safe
230901,346,230901_346,unmapped_no_metadata,None,Unknown,No unit metadata CSV file found,area_resolution_status=unmapped_no_metadata is not manuscript-safe
230901,347,230901_347,unmapped_no_metadata,None,Unknown,No unit metadata CSV file found,area_resolution_status=unmapped_no_metadata is not manuscript-safe
230901,348,230901_348,unmapped_no_metadata,None,Unknown,No unit metadata CSV file found,area_resolution_status=unmapped_no_metadata is not manuscript-safe
230901,349,230901_349,unmapped_no_metadata,None,Unknown,No unit metadata CSV file found,area_resolution_status=unmapped_no_metadata is not manuscript-safe
230901,350,230901_350,unmapped_no_metadata,None,Unknown,No unit metadata CSV file found,area_resolution_status=unmapped_no_metadata is not manuscript-safe
230901,351,230901_351,unmapped_no_metadata,None,Unknown,No unit metadata CSV file found,area_resolution_status=unmapped_no_metadata is not manuscript-safe
230901,352,230901_352,unmapped_no_metadata,None,Unknown,No unit metadata CSV file found,area_resolution_status=unmapped_no_metadata is not manuscript-safe
230901,353,230901_353,unmapped_no_metadata,None,Unknown,No unit metadata CSV file found,area_resolution_status=unmapped_no_metadata is not manuscript-safe
230901,354,230901_354,unmapped_no_metadata,None,Unknown,No unit metadata CSV file found,area_resolution_status=unmapped_no_metadata is not manuscript-safe
230901,355,230901_355,unmapped_no_metadata,None,Unknown,No unit metadata CSV file found,area_resolution_status=unmapped_no_metadata is not manuscript-safe
230901,356,230901_356,unmapped_no_metadata,None,Unknown,No unit metadata CSV file found,area_resolution_status=unmapped_no_metadata is not manuscript-safe
230901,357,230901_357,unmapped_no_metadata,None,Unknown,No unit metadata CSV file found,area_resolution_status=unmapped_no_metadata is not manuscript-safe
230901,358,230901_358,unmapped_no_metadata,None,Unknown,No unit metadata CSV file found,area_resolution_status=unmapped_no_metadata is not manuscript-safe
230901,359,230901_359,unmapped_no_metadata,None,Unknown,No unit metadata CSV file found,area_resolution_status=unmapped_no_metadata is not manuscript-safe
230901,360,230901_360,unmapped_no_metadata,None,Unknown,No unit metadata CSV file found,area_resolution_status=unmapped_no_metadata is not manuscript-safe
230901,361,230901_361,unmapped_no_metadata,None,Unknown,No unit metadata CSV file found,area_resolution_status=unmapped_no_metadata is not manuscript-safe
230901,362,230901_362,unmapped_no_metadata,None,Unknown,No unit metadata CSV file found,area_resolution_status=unmapped_no_metadata is not manuscript-safe
230901,363,230901_363,unmapped_no_metadata,None,Unknown,No unit metadata CSV file found,area_resolution_status=unmapped_no_metadata is not manuscript-safe
230901,364,230901_364,unmapped_no_metadata,None,Unknown,No unit metadata CSV file found,area_resolution_status=unmapped_no_metadata is not manuscript-safe
230901,365,230901_365,unmapped_no_metadata,None,Unknown,No unit metadata CSV file found,area_resolution_status=unmapped_no_metadata is not manuscript-safe
230901,366,230901_366,unmapped_no_metadata,None,Unknown,No unit metadata CSV file found,area_resolution_status=unmapped_no_metadata is not manuscript-safe
230901,367,230901_367,unmapped_no_metadata,None,Unknown,No unit metadata CSV file found,area_resolution_status=unmapped_no_metadata is not manuscript-safe
230901,368,230901_368,unmapped_no_metadata,None,Unknown,No unit metadata CSV file found,area_resolution_status=unmapped_no_metadata is not manuscript-safe
230901,369,230901_369,unmapped_no_metadata,None,Unknown,No unit metadata CSV file found,area_resolution_status=unmapped_no_metadata is not manuscript-safe
230901,370,230901_370,unmapped_no_metadata,None,Unknown,No unit metadata CSV file found,area_resolution_status=unmapped_no_metadata is not manuscript-safe
230901,371,230901_371,unmapped_no_metadata,None,Unknown,No unit metadata CSV file found,area_resolution_status=unmapped_no_metadata is not manuscript-safe
230901,372,230901_372,unmapped_no_metadata,None,Unknown,No unit metadata CSV file found,area_resolution_status=unmapped_no_metadata is not manuscript-safe
230901,373,230901_373,unmapped_no_metadata,None,Unknown,No unit metadata CSV file found,area_resolution_status=unmapped_no_metadata is not manuscript-safe
230901,374,230901_374,unmapped_no_metadata,None,Unknown,No unit metadata CSV file found,area_resolution_status=unmapped_no_metadata is not manuscript-safe
230901,375,230901_375,unmapped_no_metadata,None,Unknown,No unit metadata CSV file found,area_resolution_status=unmapped_no_metadata is not manuscript-safe
230901,376,230901_376,unmapped_no_metadata,None,Unknown,No unit metadata CSV file found,area_resolution_status=unmapped_no_metadata is not manuscript-safe
230901,377,230901_377,unmapped_no_metadata,None,Unknown,No unit metadata CSV file found,area_resolution_status=unmapped_no_metadata is not manuscript-safe
230901,378,230901_378,unmapped_no_metadata,None,Unknown,No unit metadata CSV file found,area_resolution_status=unmapped_no_metadata is not manuscript-safe
230901,379,230901_379,unmapped_no_metadata,None,Unknown,No unit metadata CSV file found,area_resolution_status=unmapped_no_metadata is not manuscript-safe
230901,380,230901_380,unmapped_no_metadata,None,Unknown,No unit metadata CSV file found,area_resolution_status=unmapped_no_metadata is not manuscript-safe
230901,381,230901_381,unmapped_no_metadata,None,Unknown,No unit metadata CSV file found,area_resolution_status=unmapped_no_metadata is not manuscript-safe
230901,382,230901_382,unmapped_no_metadata,None,Unknown,No unit metadata CSV file found,area_resolution_status=unmapped_no_metadata is not manuscript-safe
230901,383,230901_383,unmapped_no_metadata,None,Unknown,No unit metadata CSV file found,area_resolution_status=unmapped_no_metadata is not manuscript-safe
230901,384,230901_384,unmapped_no_metadata,None,Unknown,No unit metadata CSV file found,area_resolution_status=unmapped_no_metadata is not manuscript-safe
230901,385,230901_385,unmapped_no_metadata,None,Unknown,No unit metadata CSV file found,area_resolution_status=unmapped_no_metadata is not manuscript-safe
230901,386,230901_386,unmapped_no_metadata,None,Unknown,No unit metadata CSV file found,area_resolution_status=unmapped_no_metadata is not manuscript-safe
230901,387,230901_387,unmapped_no_metadata,None,Unknown,No unit metadata CSV file found,area_resolution_status=unmapped_no_metadata is not manuscript-safe
230901,388,230901_388,unmapped_no_metadata,None,Unknown,No unit metadata CSV file found,area_resolution_status=unmapped_no_metadata is not manuscript-safe
230901,389,230901_389,unmapped_no_metadata,None,Unknown,No unit metadata CSV file found,area_resolution_status=unmapped_no_metadata is not manuscript-safe
230901,390,230901_390,unmapped_no_metadata,None,Unknown,No unit metadata CSV file found,area_resolution_status=unmapped_no_metadata is not manuscript-safe
230901,391,230901_391,unmapped_no_metadata,None,Unknown,No unit metadata CSV file found,area_resolution_status=unmapped_no_metadata is not manuscript-safe
230901,392,230901_392,unmapped_no_metadata,None,Unknown,No unit metadata CSV file found,area_resolution_status=unmapped_no_metadata is not manuscript-safe
230901,393,230901_393,unmapped_no_metadata,None,Unknown,No unit metadata CSV file found,area_resolution_status=unmapped_no_metadata is not manuscript-safe
230901,394,230901_394,unmapped_no_metadata,None,Unknown,No unit metadata CSV file found,area_resolution_status=unmapped_no_metadata is not manuscript-safe
230901,395,230901_395,unmapped_no_metadata,None,Unknown,No unit metadata CSV file found,area_resolution_status=unmapped_no_metadata is not manuscript-safe
230901,396,230901_396,unmapped_no_metadata,None,Unknown,No unit metadata CSV file found,area_resolution_status=unmapped_no_metadata is not manuscript-safe
230901,397,230901_397,unmapped_no_metadata,None,Unknown,No unit metadata CSV file found,area_resolution_status=unmapped_no_metadata is not manuscript-safe
230901,398,230901_398,unmapped_no_metadata,None,Unknown,No unit metadata CSV file found,area_resolution_status=unmapped_no_metadata is not manuscript-safe
230901,399,230901_399,unmapped_no_metadata,None,Unknown,No unit metadata CSV file found,area_resolution_status=unmapped_no_metadata is not manuscript-safe
230901,400,230901_400,unmapped_no_metadata,None,Unknown,No unit metadata CSV file found,area_resolution_status=unmapped_no_metadata is not manuscript-safe
230901,401,230901_401,unmapped_no_metadata,None,Unknown,No unit metadata CSV file found,area_resolution_status=unmapped_no_metadata is not manuscript-safe
230901,402,230901_402,unmapped_no_metadata,None,Unknown,No unit metadata CSV file found,area_resolution_status=unmapped_no_metadata is not manuscript-safe
230901,403,230901_403,unmapped_no_metadata,None,Unknown,No unit metadata CSV file found,area_resolution_status=unmapped_no_metadata is not manuscript-safe
230901,404,230901_404,unmapped_no_metadata,None,Unknown,No unit metadata CSV file found,area_resolution_status=unmapped_no_metadata is not manuscript-safe
230901,405,230901_405,unmapped_no_metadata,None,Unknown,No unit metadata CSV file found,area_resolution_status=unmapped_no_metadata is not manuscript-safe
230901,406,230901_406,unmapped_no_metadata,None,Unknown,No unit metadata CSV file found,area_resolution_status=unmapped_no_metadata is not manuscript-safe
230901,407,230901_407,unmapped_no_metadata,None,Unknown,No unit metadata CSV file found,area_resolution_status=unmapped_no_metadata is not manuscript-safe
230901,408,230901_408,unmapped_no_metadata,None,Unknown,No unit metadata CSV file found,area_resolution_status=unmapped_no_metadata is not manuscript-safe
230901,409,230901_409,unmapped_no_metadata,None,Unknown,No unit metadata CSV file found,area_resolution_status=unmapped_no_metadata is not manuscript-safe
230901,410,230901_410,unmapped_no_metadata,None,Unknown,No unit metadata CSV file found,area_resolution_status=unmapped_no_metadata is not manuscript-safe
230901,411,230901_411,unmapped_no_metadata,None,Unknown,No unit metadata CSV file found,area_resolution_status=unmapped_no_metadata is not manuscript-safe
230901,412,230901_412,unmapped_no_metadata,None,Unknown,No unit metadata CSV file found,area_resolution_status=unmapped_no_metadata is not manuscript-safe
230901,413,230901_413,unmapped_no_metadata,None,Unknown,No unit metadata CSV file found,area_resolution_status=unmapped_no_metadata is not manuscript-safe
230901,414,230901_414,unmapped_no_metadata,None,Unknown,No unit metadata CSV file found,area_resolution_status=unmapped_no_metadata is not manuscript-safe
230901,415,230901_415,unmapped_no_metadata,None,Unknown,No unit metadata CSV file found,area_resolution_status=unmapped_no_metadata is not manuscript-safe
230901,416,230901_416,unmapped_no_metadata,None,Unknown,No unit metadata CSV file found,area_resolution_status=unmapped_no_metadata is not manuscript-safe
230901,417,230901_417,unmapped_no_metadata,None,Unknown,No unit metadata CSV file found,area_resolution_status=unmapped_no_metadata is not manuscript-safe
230901,418,230901_418,unmapped_no_metadata,None,Unknown,No unit metadata CSV file found,area_resolution_status=unmapped_no_metadata is not manuscript-safe
230901,419,230901_419,unmapped_no_metadata,None,Unknown,No unit metadata CSV file found,area_resolution_status=unmapped_no_metadata is not manuscript-safe
230901,420,230901_420,unmapped_no_metadata,None,Unknown,No unit metadata CSV file found,area_resolution_status=unmapped_no_metadata is not manuscript-safe
230901,421,230901_421,unmapped_no_metadata,None,Unknown,No unit metadata CSV file found,area_resolution_status=unmapped_no_metadata is not manuscript-safe
230901,422,230901_422,unmapped_no_metadata,None,Unknown,No unit metadata CSV file found,area_resolution_status=unmapped_no_metadata is not manuscript-safe
230901,423,230901_423,unmapped_no_metadata,None,Unknown,No unit metadata CSV file found,area_resolution_status=unmapped_no_metadata is not manuscript-safe
230901,424,230901_424,unmapped_no_metadata,None,Unknown,No unit metadata CSV file found,area_resolution_status=unmapped_no_metadata is not manuscript-safe
230901,425,230901_425,unmapped_no_metadata,None,Unknown,No unit metadata CSV file found,area_resolution_status=unmapped_no_metadata is not manuscript-safe
230901,426,230901_426,unmapped_no_metadata,None,Unknown,No unit metadata CSV file found,area_resolution_status=unmapped_no_metadata is not manuscript-safe
230901,427,230901_427,unmapped_no_metadata,None,Unknown,No unit metadata CSV file found,area_resolution_status=unmapped_no_metadata is not manuscript-safe
230901,428,230901_428,unmapped_no_metadata,None,Unknown,No unit metadata CSV file found,area_resolution_status=unmapped_no_metadata is not manuscript-safe
230901,429,230901_429,unmapped_no_metadata,None,Unknown,No unit metadata CSV file found,area_resolution_status=unmapped_no_metadata is not manuscript-safe
230901,430,230901_430,unmapped_no_metadata,None,Unknown,No unit metadata CSV file found,area_resolution_status=unmapped_no_metadata is not manuscript-safe
230901,431,230901_431,unmapped_no_metadata,None,Unknown,No unit metadata CSV file found,area_resolution_status=unmapped_no_metadata is not manuscript-safe
230901,432,230901_432,unmapped_no_metadata,None,Unknown,No unit metadata CSV file found,area_resolution_status=unmapped_no_metadata is not manuscript-safe
230901,433,230901_433,unmapped_no_metadata,None,Unknown,No unit metadata CSV file found,area_resolution_status=unmapped_no_metadata is not manuscript-safe
230901,434,230901_434,unmapped_no_metadata,None,Unknown,No unit metadata CSV file found,area_resolution_status=unmapped_no_metadata is not manuscript-safe
230901,435,230901_435,unmapped_no_metadata,None,Unknown,No unit metadata CSV file found,area_resolution_status=unmapped_no_metadata is not manuscript-safe
230901,436,230901_436,unmapped_no_metadata,None,Unknown,No unit metadata CSV file found,area_resolution_status=unmapped_no_metadata is not manuscript-safe
230901,437,230901_437,unmapped_no_metadata,None,Unknown,No unit metadata CSV file found,area_resolution_status=unmapped_no_metadata is not manuscript-safe
230901,438,230901_438,unmapped_no_metadata,None,Unknown,No unit metadata CSV file found,area_resolution_status=unmapped_no_metadata is not manuscript-safe
230901,439,230901_439,unmapped_no_metadata,None,Unknown,No unit metadata CSV file found,area_resolution_status=unmapped_no_metadata is not manuscript-safe
230901,440,230901_440,unmapped_no_metadata,None,Unknown,No unit metadata CSV file found,area_resolution_status=unmapped_no_metadata is not manuscript-safe
230901,441,230901_441,unmapped_no_metadata,None,Unknown,No unit metadata CSV file found,area_resolution_status=unmapped_no_metadata is not manuscript-safe
230901,442,230901_442,unmapped_no_metadata,None,Unknown,No unit metadata CSV file found,area_resolution_status=unmapped_no_metadata is not manuscript-safe
230901,443,230901_443,unmapped_no_metadata,None,Unknown,No unit metadata CSV file found,area_resolution_status=unmapped_no_metadata is not manuscript-safe
230901,444,230901_444,unmapped_no_metadata,None,Unknown,No unit metadata CSV file found,area_resolution_status=unmapped_no_metadata is not manuscript-safe
230901,445,230901_445,unmapped_no_metadata,None,Unknown,No unit metadata CSV file found,area_resolution_status=unmapped_no_metadata is not manuscript-safe
230901,446,230901_446,unmapped_no_metadata,None,Unknown,No unit metadata CSV file found,area_resolution_status=unmapped_no_metadata is not manuscript-safe
230901,447,230901_447,unmapped_no_metadata,None,Unknown,No unit metadata CSV file found,area_resolution_status=unmapped_no_metadata is not manuscript-safe
230901,448,230901_448,unmapped_no_metadata,None,Unknown,No unit metadata CSV file found,area_resolution_status=unmapped_no_metadata is not manuscript-safe
230901,449,230901_449,unmapped_no_metadata,None,Unknown,No unit metadata CSV file found,area_resolution_status=unmapped_no_metadata is not manuscript-safe
230901,450,230901_450,unmapped_no_metadata,None,Unknown,No unit metadata CSV file found,area_resolution_status=unmapped_no_metadata is not manuscript-safe
230901,451,230901_451,unmapped_no_metadata,None,Unknown,No unit metadata CSV file found,area_resolution_status=unmapped_no_metadata is not manuscript-safe
230901,452,230901_452,unmapped_no_metadata,None,Unknown,No unit metadata CSV file found,area_resolution_status=unmapped_no_metadata is not manuscript-safe
230901,453,230901_453,unmapped_no_metadata,None,Unknown,No unit metadata CSV file found,area_resolution_status=unmapped_no_metadata is not manuscript-safe
230901,454,230901_454,unmapped_no_metadata,None,Unknown,No unit metadata CSV file found,area_resolution_status=unmapped_no_metadata is not manuscript-safe
230901,455,230901_455,unmapped_no_metadata,None,Unknown,No unit metadata CSV file found,area_resolution_status=unmapped_no_metadata is not manuscript-safe
230901,456,230901_456,unmapped_no_metadata,None,Unknown,No unit metadata CSV file found,area_resolution_status=unmapped_no_metadata is not manuscript-safe
230901,457,230901_457,unmapped_no_metadata,None,Unknown,No unit metadata CSV file found,area_resolution_status=unmapped_no_metadata is not manuscript-safe
230901,458,230901_458,unmapped_no_metadata,None,Unknown,No unit metadata CSV file found,area_resolution_status=unmapped_no_metadata is not manuscript-safe
230901,459,230901_459,unmapped_no_metadata,None,Unknown,No unit metadata CSV file found,area_resolution_status=unmapped_no_metadata is not manuscript-safe
230901,460,230901_460,unmapped_no_metadata,None,Unknown,No unit metadata CSV file found,area_resolution_status=unmapped_no_metadata is not manuscript-safe
230901,461,230901_461,unmapped_no_metadata,None,Unknown,No unit metadata CSV file found,area_resolution_status=unmapped_no_metadata is not manuscript-safe
230901,462,230901_462,unmapped_no_metadata,None,Unknown,No unit metadata CSV file found,area_resolution_status=unmapped_no_metadata is not manuscript-safe
230901,463,230901_463,unmapped_no_metadata,None,Unknown,No unit metadata CSV file found,area_resolution_status=unmapped_no_metadata is not manuscript-safe
230901,464,230901_464,unmapped_no_metadata,None,Unknown,No unit metadata CSV file found,area_resolution_status=unmapped_no_metadata is not manuscript-safe
230901,465,230901_465,unmapped_no_metadata,None,Unknown,No unit metadata CSV file found,area_resolution_status=unmapped_no_metadata is not manuscript-safe
230901,466,230901_466,unmapped_no_metadata,None,Unknown,No unit metadata CSV file found,area_resolution_status=unmapped_no_metadata is not manuscript-safe
230901,467,230901_467,unmapped_no_metadata,None,Unknown,No unit metadata CSV file found,area_resolution_status=unmapped_no_metadata is not manuscript-safe
230901,468,230901_468,unmapped_no_metadata,None,Unknown,No unit metadata CSV file found,area_resolution_status=unmapped_no_metadata is not manuscript-safe
230901,469,230901_469,unmapped_no_metadata,None,Unknown,No unit metadata CSV file found,area_resolution_status=unmapped_no_metadata is not manuscript-safe
230901,470,230901_470,unmapped_no_metadata,None,Unknown,No unit metadata CSV file found,area_resolution_status=unmapped_no_metadata is not manuscript-safe
230901,471,230901_471,unmapped_no_metadata,None,Unknown,No unit metadata CSV file found,area_resolution_status=unmapped_no_metadata is not manuscript-safe
230901,472,230901_472,unmapped_no_metadata,None,Unknown,No unit metadata CSV file found,area_resolution_status=unmapped_no_metadata is not manuscript-safe
230901,473,230901_473,unmapped_no_metadata,None,Unknown,No unit metadata CSV file found,area_resolution_status=unmapped_no_metadata is not manuscript-safe
230901,474,230901_474,unmapped_no_metadata,None,Unknown,No unit metadata CSV file found,area_resolution_status=unmapped_no_metadata is not manuscript-safe
230901,475,230901_475,unmapped_no_metadata,None,Unknown,No unit metadata CSV file found,area_resolution_status=unmapped_no_metadata is not manuscript-safe
230901,476,230901_476,unmapped_no_metadata,None,Unknown,No unit metadata CSV file found,area_resolution_status=unmapped_no_metadata is not manuscript-safe
230901,477,230901_477,unmapped_no_metadata,None,Unknown,No unit metadata CSV file found,area_resolution_status=unmapped_no_metadata is not manuscript-safe
230901,478,230901_478,unmapped_no_metadata,None,Unknown,No unit metadata CSV file found,area_resolution_status=unmapped_no_metadata is not manuscript-safe
230901,479,230901_479,unmapped_no_metadata,None,Unknown,No unit metadata CSV file found,area_resolution_status=unmapped_no_metadata is not manuscript-safe
230901,480,230901_480,unmapped_no_metadata,None,Unknown,No unit metadata CSV file found,area_resolution_status=unmapped_no_metadata is not manuscript-safe
230901,481,230901_481,unmapped_no_metadata,None,Unknown,No unit metadata CSV file found,area_resolution_status=unmapped_no_metadata is not manuscript-safe
230901,482,230901_482,unmapped_no_metadata,None,Unknown,No unit metadata CSV file found,area_resolution_status=unmapped_no_metadata is not manuscript-safe
230901,483,230901_483,unmapped_no_metadata,None,Unknown,No unit metadata CSV file found,area_resolution_status=unmapped_no_metadata is not manuscript-safe
230901,484,230901_484,unmapped_no_metadata,None,Unknown,No unit metadata CSV file found,area_resolution_status=unmapped_no_metadata is not manuscript-safe
230901,485,230901_485,unmapped_no_metadata,None,Unknown,No unit metadata CSV file found,area_resolution_status=unmapped_no_metadata is not manuscript-safe
230901,486,230901_486,unmapped_no_metadata,None,Unknown,No unit metadata CSV file found,area_resolution_status=unmapped_no_metadata is not manuscript-safe
230901,487,230901_487,unmapped_no_metadata,None,Unknown,No unit metadata CSV file found,area_resolution_status=unmapped_no_metadata is not manuscript-safe
230901,488,230901_488,unmapped_no_metadata,None,Unknown,No unit metadata CSV file found,area_resolution_status=unmapped_no_metadata is not manuscript-safe
230901,489,230901_489,unmapped_no_metadata,None,Unknown,No unit metadata CSV file found,area_resolution_status=unmapped_no_metadata is not manuscript-safe
230901,490,230901_490,unmapped_no_metadata,None,Unknown,No unit metadata CSV file found,area_resolution_status=unmapped_no_metadata is not manuscript-safe
230901,491,230901_491,unmapped_no_metadata,None,Unknown,No unit metadata CSV file found,area_resolution_status=unmapped_no_metadata is not manuscript-safe
230901,492,230901_492,unmapped_no_metadata,None,Unknown,No unit metadata CSV file found,area_resolution_status=unmapped_no_metadata is not manuscript-safe
230901,493,230901_493,unmapped_no_metadata,None,Unknown,No unit metadata CSV file found,area_resolution_status=unmapped_no_metadata is not manuscript-safe
230901,494,230901_494,unmapped_no_metadata,None,Unknown,No unit metadata CSV file found,area_resolution_status=unmapped_no_metadata is not manuscript-safe
230901,495,230901_495,unmapped_no_metadata,None,Unknown,No unit metadata CSV file found,area_resolution_status=unmapped_no_metadata is not manuscript-safe
230901,496,230901_496,unmapped_no_metadata,None,Unknown,No unit metadata CSV file found,area_resolution_status=unmapped_no_metadata is not manuscript-safe
230901,497,230901_497,unmapped_no_metadata,None,Unknown,No unit metadata CSV file found,area_resolution_status=unmapped_no_metadata is not manuscript-safe
230901,498,230901_498,unmapped_no_metadata,None,Unknown,No unit metadata CSV file found,area_resolution_status=unmapped_no_metadata is not manuscript-safe
230901,499,230901_499,unmapped_no_metadata,None,Unknown,No unit metadata CSV file found,area_resolution_status=unmapped_no_metadata is not manuscript-safe
230901,500,230901_500,unmapped_no_metadata,None,Unknown,No unit metadata CSV file found,area_resolution_status=unmapped_no_metadata is not manuscript-safe
230901,501,230901_501,unmapped_no_metadata,None,Unknown,No unit metadata CSV file found,area_resolution_status=unmapped_no_metadata is not manuscript-safe
230901,502,230901_502,unmapped_no_metadata,None,Unknown,No unit metadata CSV file found,area_resolution_status=unmapped_no_metadata is not manuscript-safe
230901,503,230901_503,unmapped_no_metadata,None,Unknown,No unit metadata CSV file found,area_resolution_status=unmapped_no_metadata is not manuscript-safe
230901,504,230901_504,unmapped_no_metadata,None,Unknown,No unit metadata CSV file found,area_resolution_status=unmapped_no_metadata is not manuscript-safe
230901,505,230901_505,unmapped_no_metadata,None,Unknown,No unit metadata CSV file found,area_resolution_status=unmapped_no_metadata is not manuscript-safe
230901,506,230901_506,unmapped_no_metadata,None,Unknown,No unit metadata CSV file found,area_resolution_status=unmapped_no_metadata is not manuscript-safe
230901,507,230901_507,unmapped_no_metadata,None,Unknown,No unit metadata CSV file found,area_resolution_status=unmapped_no_metadata is not manuscript-safe
