session_id,condition,window_name,alignment_event,time_base,window_ms,expected_start_ms,expected_end_ms,index_start,index_end,n_timepoints_window,window_within_bounds,warnings
230629,AAAB,full_sequence,p1,p1_relative,"[-1000, 4124]",-1000,4124,0,5124,5124,true,None
230629,AAAB,omission_local_p2,omission_p2,omission_relative,"[-1000, 1000]",31,2031,1031,3031,2000,true,None
230629,AAAB,omission_local_p3,omission_p3,omission_relative,"[-1000, 1000]",1062,3062,2062,4062,2000,true,None
230629,AAAB,omission_local_p4,omission_p4,omission_relative,"[-1000, 1000]",2093,4093,3093,5093,2000,true,None
230629,AAAX,full_sequence,p1,p1_relative,"[-1000, 4124]",-1000,4124,0,5124,5124,true,None
230629,AAAX,omission_local,omission,omission_relative,"[-1000, 1000]",2093,4093,3093,5093,2000,true,None
230629,AAXB,full_sequence,p1,p1_relative,"[-1000, 4124]",-1000,4124,0,5124,5124,true,None
230629,AAXB,omission_local,omission,omission_relative,"[-1000, 1000]",1062,3062,2062,4062,2000,true,None
230629,AXAB,full_sequence,p1,p1_relative,"[-1000, 4124]",-1000,4124,0,5124,5124,true,None
230629,AXAB,omission_local,omission,omission_relative,"[-1000, 1000]",31,2031,1031,3031,2000,true,None
230629,BBBA,full_sequence,p1,p1_relative,"[-1000, 4124]",-1000,4124,0,5124,5124,true,None
230629,BBBA,omission_local_p2,omission_p2,omission_relative,"[-1000, 1000]",31,2031,1031,3031,2000,true,None
230629,BBBA,omission_local_p3,omission_p3,omission_relative,"[-1000, 1000]",1062,3062,2062,4062,2000,true,None
230629,BBBA,omission_local_p4,omission_p4,omission_relative,"[-1000, 1000]",2093,4093,3093,5093,2000,true,None
230629,BBBX,full_sequence,p1,p1_relative,"[-1000, 4124]",-1000,4124,0,5124,5124,true,None
230629,BBBX,omission_local,omission,omission_relative,"[-1000, 1000]",2093,4093,3093,5093,2000,true,None
230629,BBXA,full_sequence,p1,p1_relative,"[-1000, 4124]",-1000,4124,0,5124,5124,true,None
230629,BBXA,omission_local,omission,omission_relative,"[-1000, 1000]",1062,3062,2062,4062,2000,true,None
230629,BXBA,full_sequence,p1,p1_relative,"[-1000, 4124]",-1000,4124,0,5124,5124,true,None
230629,BXBA,omission_local,omission,omission_relative,"[-1000, 1000]",31,2031,1031,3031,2000,true,None
230629,RRRR,full_sequence,p1,p1_relative,"[-1000, 4124]",-1000,4124,0,5124,5124,true,None
230629,RRRR,omission_local_p2,omission_p2,omission_relative,"[-1000, 1000]",31,2031,1031,3031,2000,true,None
230629,RRRR,omission_local_p3,omission_p3,omission_relative,"[-1000, 1000]",1062,3062,2062,4062,2000,true,None
230629,RRRR,omission_local_p4,omission_p4,omission_relative,"[-1000, 1000]",2093,4093,3093,5093,2000,true,None
230629,RRRX,full_sequence,p1,p1_relative,"[-1000, 4124]",-1000,4124,0,5124,5124,true,None
230629,RRRX,omission_local,omission,omission_relative,"[-1000, 1000]",2093,4093,3093,5093,2000,true,None
230629,RRXR,full_sequence,p1,p1_relative,"[-1000, 4124]",-1000,4124,0,5124,5124,true,None
230629,RRXR,omission_local,omission,omission_relative,"[-1000, 1000]",1062,3062,2062,4062,2000,true,None
230629,RXRR,full_sequence,p1,p1_relative,"[-1000, 4124]",-1000,4124,0,5124,5124,true,None
230629,RXRR,omission_local,omission,omission_relative,"[-1000, 1000]",31,2031,1031,3031,2000,true,None
230629,AAAB,full_sequence,p1,p1_relative,"[-1000, 4124]",-1000,4124,0,5124,5124,true,None
230629,AAAB,omission_local_p2,omission_p2,omission_relative,"[-1000, 1000]",31,2031,1031,3031,2000,true,None
230629,AAAB,omission_local_p3,omission_p3,omission_relative,"[-1000, 1000]",1062,3062,2062,4062,2000,true,None
230629,AAAB,omission_local_p4,omission_p4,omission_relative,"[-1000, 1000]",2093,4093,3093,5093,2000,true,None
230629,AAAX,full_sequence,p1,p1_relative,"[-1000, 4124]",-1000,4124,0,5124,5124,true,None
230629,AAAX,omission_local,omission,omission_relative,"[-1000, 1000]",2093,4093,3093,5093,2000,true,None
230629,AAXB,full_sequence,p1,p1_relative,"[-1000, 4124]",-1000,4124,0,5124,5124,true,None
230629,AAXB,omission_local,omission,omission_relative,"[-1000, 1000]",1062,3062,2062,4062,2000,true,None
230629,AXAB,full_sequence,p1,p1_relative,"[-1000, 4124]",-1000,4124,0,5124,5124,true,None
230629,AXAB,omission_local,omission,omission_relative,"[-1000, 1000]",31,2031,1031,3031,2000,true,None
230629,BBBA,full_sequence,p1,p1_relative,"[-1000, 4124]",-1000,4124,0,5124,5124,true,None
230629,BBBA,omission_local_p2,omission_p2,omission_relative,"[-1000, 1000]",31,2031,1031,3031,2000,true,None
230629,BBBA,omission_local_p3,omission_p3,omission_relative,"[-1000, 1000]",1062,3062,2062,4062,2000,true,None
230629,BBBA,omission_local_p4,omission_p4,omission_relative,"[-1000, 1000]",2093,4093,3093,5093,2000,true,None
230629,BBBX,full_sequence,p1,p1_relative,"[-1000, 4124]",-1000,4124,0,5124,5124,true,None
230629,BBBX,omission_local,omission,omission_relative,"[-1000, 1000]",2093,4093,3093,5093,2000,true,None
230629,BBXA,full_sequence,p1,p1_relative,"[-1000, 4124]",-1000,4124,0,5124,5124,true,None
230629,BBXA,omission_local,omission,omission_relative,"[-1000, 1000]",1062,3062,2062,4062,2000,true,None
230629,BXBA,full_sequence,p1,p1_relative,"[-1000, 4124]",-1000,4124,0,5124,5124,true,None
230629,BXBA,omission_local,omission,omission_relative,"[-1000, 1000]",31,2031,1031,3031,2000,true,None
230629,RRRR,full_sequence,p1,p1_relative,"[-1000, 4124]",-1000,4124,0,5124,5124,true,None
230629,RRRR,omission_local_p2,omission_p2,omission_relative,"[-1000, 1000]",31,2031,1031,3031,2000,true,None
230629,RRRR,omission_local_p3,omission_p3,omission_relative,"[-1000, 1000]",1062,3062,2062,4062,2000,true,None
230629,RRRR,omission_local_p4,omission_p4,omission_relative,"[-1000, 1000]",2093,4093,3093,5093,2000,true,None
230629,RRRX,full_sequence,p1,p1_relative,"[-1000, 4124]",-1000,4124,0,5124,5124,true,None
230629,RRRX,omission_local,omission,omission_relative,"[-1000, 1000]",2093,4093,3093,5093,2000,true,None
230629,RRXR,full_sequence,p1,p1_relative,"[-1000, 4124]",-1000,4124,0,5124,5124,true,None
230629,RRXR,omission_local,omission,omission_relative,"[-1000, 1000]",1062,3062,2062,4062,2000,true,None
230629,RXRR,full_sequence,p1,p1_relative,"[-1000, 4124]",-1000,4124,0,5124,5124,true,None
230629,RXRR,omission_local,omission,omission_relative,"[-1000, 1000]",31,2031,1031,3031,2000,true,None
230630,AAAB,full_sequence,p1,p1_relative,"[-1000, 4124]",-1000,4124,0,5124,5124,true,None
230630,AAAB,omission_local_p2,omission_p2,omission_relative,"[-1000, 1000]",31,2031,1031,3031,2000,true,None
230630,AAAB,omission_local_p3,omission_p3,omission_relative,"[-1000, 1000]",1062,3062,2062,4062,2000,true,None
230630,AAAB,omission_local_p4,omission_p4,omission_relative,"[-1000, 1000]",2093,4093,3093,5093,2000,true,None
230630,AAAX,full_sequence,p1,p1_relative,"[-1000, 4124]",-1000,4124,0,5124,5124,true,None
230630,AAAX,omission_local,omission,omission_relative,"[-1000, 1000]",2093,4093,3093,5093,2000,true,None
230630,AAXB,full_sequence,p1,p1_relative,"[-1000, 4124]",-1000,4124,0,5124,5124,true,None
230630,AAXB,omission_local,omission,omission_relative,"[-1000, 1000]",1062,3062,2062,4062,2000,true,None
230630,AXAB,full_sequence,p1,p1_relative,"[-1000, 4124]",-1000,4124,0,5124,5124,true,None
230630,AXAB,omission_local,omission,omission_relative,"[-1000, 1000]",31,2031,1031,3031,2000,true,None
230630,BBBA,full_sequence,p1,p1_relative,"[-1000, 4124]",-1000,4124,0,5124,5124,true,None
230630,BBBA,omission_local_p2,omission_p2,omission_relative,"[-1000, 1000]",31,2031,1031,3031,2000,true,None
230630,BBBA,omission_local_p3,omission_p3,omission_relative,"[-1000, 1000]",1062,3062,2062,4062,2000,true,None
230630,BBBA,omission_local_p4,omission_p4,omission_relative,"[-1000, 1000]",2093,4093,3093,5093,2000,true,None
230630,BBBX,full_sequence,p1,p1_relative,"[-1000, 4124]",-1000,4124,0,5124,5124,true,None
230630,BBBX,omission_local,omission,omission_relative,"[-1000, 1000]",2093,4093,3093,5093,2000,true,None
230630,BBXA,full_sequence,p1,p1_relative,"[-1000, 4124]",-1000,4124,0,5124,5124,true,None
230630,BBXA,omission_local,omission,omission_relative,"[-1000, 1000]",1062,3062,2062,4062,2000,true,None
230630,BXBA,full_sequence,p1,p1_relative,"[-1000, 4124]",-1000,4124,0,5124,5124,true,None
230630,BXBA,omission_local,omission,omission_relative,"[-1000, 1000]",31,2031,1031,3031,2000,true,None
230630,RRRR,full_sequence,p1,p1_relative,"[-1000, 4124]",-1000,4124,0,5124,5124,true,None
230630,RRRR,omission_local_p2,omission_p2,omission_relative,"[-1000, 1000]",31,2031,1031,3031,2000,true,None
230630,RRRR,omission_local_p3,omission_p3,omission_relative,"[-1000, 1000]",1062,3062,2062,4062,2000,true,None
230630,RRRR,omission_local_p4,omission_p4,omission_relative,"[-1000, 1000]",2093,4093,3093,5093,2000,true,None
230630,RRRX,full_sequence,p1,p1_relative,"[-1000, 4124]",-1000,4124,0,5124,5124,true,None
230630,RRRX,omission_local,omission,omission_relative,"[-1000, 1000]",2093,4093,3093,5093,2000,true,None
230630,RRXR,full_sequence,p1,p1_relative,"[-1000, 4124]",-1000,4124,0,5124,5124,true,None
230630,RRXR,omission_local,omission,omission_relative,"[-1000, 1000]",1062,3062,2062,4062,2000,true,None
230630,RXRR,full_sequence,p1,p1_relative,"[-1000, 4124]",-1000,4124,0,5124,5124,true,None
230630,RXRR,omission_local,omission,omission_relative,"[-1000, 1000]",31,2031,1031,3031,2000,true,None
230630,AAAB,full_sequence,p1,p1_relative,"[-1000, 4124]",-1000,4124,0,5124,5124,true,None
230630,AAAB,omission_local_p2,omission_p2,omission_relative,"[-1000, 1000]",31,2031,1031,3031,2000,true,None
230630,AAAB,omission_local_p3,omission_p3,omission_relative,"[-1000, 1000]",1062,3062,2062,4062,2000,true,None
230630,AAAB,omission_local_p4,omission_p4,omission_relative,"[-1000, 1000]",2093,4093,3093,5093,2000,true,None
230630,AAAX,full_sequence,p1,p1_relative,"[-1000, 4124]",-1000,4124,0,5124,5124,true,None
230630,AAAX,omission_local,omission,omission_relative,"[-1000, 1000]",2093,4093,3093,5093,2000,true,None
230630,AAXB,full_sequence,p1,p1_relative,"[-1000, 4124]",-1000,4124,0,5124,5124,true,None
230630,AAXB,omission_local,omission,omission_relative,"[-1000, 1000]",1062,3062,2062,4062,2000,true,None
230630,AXAB,full_sequence,p1,p1_relative,"[-1000, 4124]",-1000,4124,0,5124,5124,true,None
230630,AXAB,omission_local,omission,omission_relative,"[-1000, 1000]",31,2031,1031,3031,2000,true,None
230630,BBBA,full_sequence,p1,p1_relative,"[-1000, 4124]",-1000,4124,0,5124,5124,true,None
230630,BBBA,omission_local_p2,omission_p2,omission_relative,"[-1000, 1000]",31,2031,1031,3031,2000,true,None
230630,BBBA,omission_local_p3,omission_p3,omission_relative,"[-1000, 1000]",1062,3062,2062,4062,2000,true,None
230630,BBBA,omission_local_p4,omission_p4,omission_relative,"[-1000, 1000]",2093,4093,3093,5093,2000,true,None
230630,BBBX,full_sequence,p1,p1_relative,"[-1000, 4124]",-1000,4124,0,5124,5124,true,None
230630,BBBX,omission_local,omission,omission_relative,"[-1000, 1000]",2093,4093,3093,5093,2000,true,None
230630,BBXA,full_sequence,p1,p1_relative,"[-1000, 4124]",-1000,4124,0,5124,5124,true,None
230630,BBXA,omission_local,omission,omission_relative,"[-1000, 1000]",1062,3062,2062,4062,2000,true,None
230630,BXBA,full_sequence,p1,p1_relative,"[-1000, 4124]",-1000,4124,0,5124,5124,true,None
230630,BXBA,omission_local,omission,omission_relative,"[-1000, 1000]",31,2031,1031,3031,2000,true,None
230630,RRRR,full_sequence,p1,p1_relative,"[-1000, 4124]",-1000,4124,0,5124,5124,true,None
230630,RRRR,omission_local_p2,omission_p2,omission_relative,"[-1000, 1000]",31,2031,1031,3031,2000,true,None
230630,RRRR,omission_local_p3,omission_p3,omission_relative,"[-1000, 1000]",1062,3062,2062,4062,2000,true,None
230630,RRRR,omission_local_p4,omission_p4,omission_relative,"[-1000, 1000]",2093,4093,3093,5093,2000,true,None
230630,RRRX,full_sequence,p1,p1_relative,"[-1000, 4124]",-1000,4124,0,5124,5124,true,None
230630,RRRX,omission_local,omission,omission_relative,"[-1000, 1000]",2093,4093,3093,5093,2000,true,None
230630,RRXR,full_sequence,p1,p1_relative,"[-1000, 4124]",-1000,4124,0,5124,5124,true,None
230630,RRXR,omission_local,omission,omission_relative,"[-1000, 1000]",1062,3062,2062,4062,2000,true,None
230630,RXRR,full_sequence,p1,p1_relative,"[-1000, 4124]",-1000,4124,0,5124,5124,true,None
230630,RXRR,omission_local,omission,omission_relative,"[-1000, 1000]",31,2031,1031,3031,2000,true,None
230630,AAAB,full_sequence,p1,p1_relative,"[-1000, 4124]",-1000,4124,0,5124,5124,true,None
230630,AAAB,omission_local_p2,omission_p2,omission_relative,"[-1000, 1000]",31,2031,1031,3031,2000,true,None
230630,AAAB,omission_local_p3,omission_p3,omission_relative,"[-1000, 1000]",1062,3062,2062,4062,2000,true,None
230630,AAAB,omission_local_p4,omission_p4,omission_relative,"[-1000, 1000]",2093,4093,3093,5093,2000,true,None
230630,AAAX,full_sequence,p1,p1_relative,"[-1000, 4124]",-1000,4124,0,5124,5124,true,None
230630,AAAX,omission_local,omission,omission_relative,"[-1000, 1000]",2093,4093,3093,5093,2000,true,None
230630,AAXB,full_sequence,p1,p1_relative,"[-1000, 4124]",-1000,4124,0,5124,5124,true,None
230630,AAXB,omission_local,omission,omission_relative,"[-1000, 1000]",1062,3062,2062,4062,2000,true,None
230630,AXAB,full_sequence,p1,p1_relative,"[-1000, 4124]",-1000,4124,0,5124,5124,true,None
230630,AXAB,omission_local,omission,omission_relative,"[-1000, 1000]",31,2031,1031,3031,2000,true,None
230630,BBBA,full_sequence,p1,p1_relative,"[-1000, 4124]",-1000,4124,0,5124,5124,true,None
230630,BBBA,omission_local_p2,omission_p2,omission_relative,"[-1000, 1000]",31,2031,1031,3031,2000,true,None
230630,BBBA,omission_local_p3,omission_p3,omission_relative,"[-1000, 1000]",1062,3062,2062,4062,2000,true,None
230630,BBBA,omission_local_p4,omission_p4,omission_relative,"[-1000, 1000]",2093,4093,3093,5093,2000,true,None
230630,BBBX,full_sequence,p1,p1_relative,"[-1000, 4124]",-1000,4124,0,5124,5124,true,None
230630,BBBX,omission_local,omission,omission_relative,"[-1000, 1000]",2093,4093,3093,5093,2000,true,None
230630,BBXA,full_sequence,p1,p1_relative,"[-1000, 4124]",-1000,4124,0,5124,5124,true,None
230630,BBXA,omission_local,omission,omission_relative,"[-1000, 1000]",1062,3062,2062,4062,2000,true,None
230630,BXBA,full_sequence,p1,p1_relative,"[-1000, 4124]",-1000,4124,0,5124,5124,true,None
230630,BXBA,omission_local,omission,omission_relative,"[-1000, 1000]",31,2031,1031,3031,2000,true,None
230630,RRRR,full_sequence,p1,p1_relative,"[-1000, 4124]",-1000,4124,0,5124,5124,true,None
230630,RRRR,omission_local_p2,omission_p2,omission_relative,"[-1000, 1000]",31,2031,1031,3031,2000,true,None
230630,RRRR,omission_local_p3,omission_p3,omission_relative,"[-1000, 1000]",1062,3062,2062,4062,2000,true,None
230630,RRRR,omission_local_p4,omission_p4,omission_relative,"[-1000, 1000]",2093,4093,3093,5093,2000,true,None
230630,RRRX,full_sequence,p1,p1_relative,"[-1000, 4124]",-1000,4124,0,5124,5124,true,None
230630,RRRX,omission_local,omission,omission_relative,"[-1000, 1000]",2093,4093,3093,5093,2000,true,None
230630,RRXR,full_sequence,p1,p1_relative,"[-1000, 4124]",-1000,4124,0,5124,5124,true,None
230630,RRXR,omission_local,omission,omission_relative,"[-1000, 1000]",1062,3062,2062,4062,2000,true,None
230630,RXRR,full_sequence,p1,p1_relative,"[-1000, 4124]",-1000,4124,0,5124,5124,true,None
230630,RXRR,omission_local,omission,omission_relative,"[-1000, 1000]",31,2031,1031,3031,2000,true,None
230714,AAAB,full_sequence,p1,p1_relative,"[-1000, 4124]",-1000,4124,0,5124,5124,true,None
230714,AAAB,omission_local_p2,omission_p2,omission_relative,"[-1000, 1000]",31,2031,1031,3031,2000,true,None
230714,AAAB,omission_local_p3,omission_p3,omission_relative,"[-1000, 1000]",1062,3062,2062,4062,2000,true,None
230714,AAAB,omission_local_p4,omission_p4,omission_relative,"[-1000, 1000]",2093,4093,3093,5093,2000,true,None
230714,AAAX,full_sequence,p1,p1_relative,"[-1000, 4124]",-1000,4124,0,5124,5124,true,None
230714,AAAX,omission_local,omission,omission_relative,"[-1000, 1000]",2093,4093,3093,5093,2000,true,None
230714,AAXB,full_sequence,p1,p1_relative,"[-1000, 4124]",-1000,4124,0,5124,5124,true,None
230714,AAXB,omission_local,omission,omission_relative,"[-1000, 1000]",1062,3062,2062,4062,2000,true,None
230714,AXAB,full_sequence,p1,p1_relative,"[-1000, 4124]",-1000,4124,0,5124,5124,true,None
230714,AXAB,omission_local,omission,omission_relative,"[-1000, 1000]",31,2031,1031,3031,2000,true,None
230714,BBBA,full_sequence,p1,p1_relative,"[-1000, 4124]",-1000,4124,0,5124,5124,true,None
230714,BBBA,omission_local_p2,omission_p2,omission_relative,"[-1000, 1000]",31,2031,1031,3031,2000,true,None
230714,BBBA,omission_local_p3,omission_p3,omission_relative,"[-1000, 1000]",1062,3062,2062,4062,2000,true,None
230714,BBBA,omission_local_p4,omission_p4,omission_relative,"[-1000, 1000]",2093,4093,3093,5093,2000,true,None
230714,BBBX,full_sequence,p1,p1_relative,"[-1000, 4124]",-1000,4124,0,5124,5124,true,None
230714,BBBX,omission_local,omission,omission_relative,"[-1000, 1000]",2093,4093,3093,5093,2000,true,None
230714,BBXA,full_sequence,p1,p1_relative,"[-1000, 4124]",-1000,4124,0,5124,5124,true,None
230714,BBXA,omission_local,omission,omission_relative,"[-1000, 1000]",1062,3062,2062,4062,2000,true,None
230714,BXBA,full_sequence,p1,p1_relative,"[-1000, 4124]",-1000,4124,0,5124,5124,true,None
230714,BXBA,omission_local,omission,omission_relative,"[-1000, 1000]",31,2031,1031,3031,2000,true,None
230714,RRRR,full_sequence,p1,p1_relative,"[-1000, 4124]",-1000,4124,0,5124,5124,true,None
230714,RRRR,omission_local_p2,omission_p2,omission_relative,"[-1000, 1000]",31,2031,1031,3031,2000,true,None
230714,RRRR,omission_local_p3,omission_p3,omission_relative,"[-1000, 1000]",1062,3062,2062,4062,2000,true,None
230714,RRRR,omission_local_p4,omission_p4,omission_relative,"[-1000, 1000]",2093,4093,3093,5093,2000,true,None
230714,RRRX,full_sequence,p1,p1_relative,"[-1000, 4124]",-1000,4124,0,5124,5124,true,None
230714,RRRX,omission_local,omission,omission_relative,"[-1000, 1000]",2093,4093,3093,5093,2000,true,None
230714,RRXR,full_sequence,p1,p1_relative,"[-1000, 4124]",-1000,4124,0,5124,5124,true,None
230714,RRXR,omission_local,omission,omission_relative,"[-1000, 1000]",1062,3062,2062,4062,2000,true,None
230714,RXRR,full_sequence,p1,p1_relative,"[-1000, 4124]",-1000,4124,0,5124,5124,true,None
230714,RXRR,omission_local,omission,omission_relative,"[-1000, 1000]",31,2031,1031,3031,2000,true,None
230714,AAAB,full_sequence,p1,p1_relative,"[-1000, 4124]",-1000,4124,0,5124,5124,true,None
230714,AAAB,omission_local_p2,omission_p2,omission_relative,"[-1000, 1000]",31,2031,1031,3031,2000,true,None
230714,AAAB,omission_local_p3,omission_p3,omission_relative,"[-1000, 1000]",1062,3062,2062,4062,2000,true,None
230714,AAAB,omission_local_p4,omission_p4,omission_relative,"[-1000, 1000]",2093,4093,3093,5093,2000,true,None
230714,AAAX,full_sequence,p1,p1_relative,"[-1000, 4124]",-1000,4124,0,5124,5124,true,None
230714,AAAX,omission_local,omission,omission_relative,"[-1000, 1000]",2093,4093,3093,5093,2000,true,None
230714,AAXB,full_sequence,p1,p1_relative,"[-1000, 4124]",-1000,4124,0,5124,5124,true,None
230714,AAXB,omission_local,omission,omission_relative,"[-1000, 1000]",1062,3062,2062,4062,2000,true,None
230714,AXAB,full_sequence,p1,p1_relative,"[-1000, 4124]",-1000,4124,0,5124,5124,true,None
230714,AXAB,omission_local,omission,omission_relative,"[-1000, 1000]",31,2031,1031,3031,2000,true,None
230714,BBBA,full_sequence,p1,p1_relative,"[-1000, 4124]",-1000,4124,0,5124,5124,true,None
230714,BBBA,omission_local_p2,omission_p2,omission_relative,"[-1000, 1000]",31,2031,1031,3031,2000,true,None
230714,BBBA,omission_local_p3,omission_p3,omission_relative,"[-1000, 1000]",1062,3062,2062,4062,2000,true,None
230714,BBBA,omission_local_p4,omission_p4,omission_relative,"[-1000, 1000]",2093,4093,3093,5093,2000,true,None
230714,BBBX,full_sequence,p1,p1_relative,"[-1000, 4124]",-1000,4124,0,5124,5124,true,None
230714,BBBX,omission_local,omission,omission_relative,"[-1000, 1000]",2093,4093,3093,5093,2000,true,None
230714,BBXA,full_sequence,p1,p1_relative,"[-1000, 4124]",-1000,4124,0,5124,5124,true,None
230714,BBXA,omission_local,omission,omission_relative,"[-1000, 1000]",1062,3062,2062,4062,2000,true,None
230714,BXBA,full_sequence,p1,p1_relative,"[-1000, 4124]",-1000,4124,0,5124,5124,true,None
230714,BXBA,omission_local,omission,omission_relative,"[-1000, 1000]",31,2031,1031,3031,2000,true,None
230714,RRRR,full_sequence,p1,p1_relative,"[-1000, 4124]",-1000,4124,0,5124,5124,true,None
230714,RRRR,omission_local_p2,omission_p2,omission_relative,"[-1000, 1000]",31,2031,1031,3031,2000,true,None
230714,RRRR,omission_local_p3,omission_p3,omission_relative,"[-1000, 1000]",1062,3062,2062,4062,2000,true,None
230714,RRRR,omission_local_p4,omission_p4,omission_relative,"[-1000, 1000]",2093,4093,3093,5093,2000,true,None
230714,RRRX,full_sequence,p1,p1_relative,"[-1000, 4124]",-1000,4124,0,5124,5124,true,None
230714,RRRX,omission_local,omission,omission_relative,"[-1000, 1000]",2093,4093,3093,5093,2000,true,None
230714,RRXR,full_sequence,p1,p1_relative,"[-1000, 4124]",-1000,4124,0,5124,5124,true,None
230714,RRXR,omission_local,omission,omission_relative,"[-1000, 1000]",1062,3062,2062,4062,2000,true,None
230714,RXRR,full_sequence,p1,p1_relative,"[-1000, 4124]",-1000,4124,0,5124,5124,true,None
230714,RXRR,omission_local,omission,omission_relative,"[-1000, 1000]",31,2031,1031,3031,2000,true,None
230719,AAAB,full_sequence,p1,p1_relative,"[-1000, 4124]",-1000,4124,0,5124,5124,true,None
230719,AAAB,omission_local_p2,omission_p2,omission_relative,"[-1000, 1000]",31,2031,1031,3031,2000,true,None
230719,AAAB,omission_local_p3,omission_p3,omission_relative,"[-1000, 1000]",1062,3062,2062,4062,2000,true,None
230719,AAAB,omission_local_p4,omission_p4,omission_relative,"[-1000, 1000]",2093,4093,3093,5093,2000,true,None
230719,AAAX,full_sequence,p1,p1_relative,"[-1000, 4124]",-1000,4124,0,5124,5124,true,None
230719,AAAX,omission_local,omission,omission_relative,"[-1000, 1000]",2093,4093,3093,5093,2000,true,None
230719,AAXB,full_sequence,p1,p1_relative,"[-1000, 4124]",-1000,4124,0,5124,5124,true,None
230719,AAXB,omission_local,omission,omission_relative,"[-1000, 1000]",1062,3062,2062,4062,2000,true,None
230719,AXAB,full_sequence,p1,p1_relative,"[-1000, 4124]",-1000,4124,0,5124,5124,true,None
230719,AXAB,omission_local,omission,omission_relative,"[-1000, 1000]",31,2031,1031,3031,2000,true,None
230719,BBBA,full_sequence,p1,p1_relative,"[-1000, 4124]",-1000,4124,0,5124,5124,true,None
230719,BBBA,omission_local_p2,omission_p2,omission_relative,"[-1000, 1000]",31,2031,1031,3031,2000,true,None
230719,BBBA,omission_local_p3,omission_p3,omission_relative,"[-1000, 1000]",1062,3062,2062,4062,2000,true,None
230719,BBBA,omission_local_p4,omission_p4,omission_relative,"[-1000, 1000]",2093,4093,3093,5093,2000,true,None
230719,BBBX,full_sequence,p1,p1_relative,"[-1000, 4124]",-1000,4124,0,5124,5124,true,None
230719,BBBX,omission_local,omission,omission_relative,"[-1000, 1000]",2093,4093,3093,5093,2000,true,None
230719,BBXA,full_sequence,p1,p1_relative,"[-1000, 4124]",-1000,4124,0,5124,5124,true,None
230719,BBXA,omission_local,omission,omission_relative,"[-1000, 1000]",1062,3062,2062,4062,2000,true,None
230719,BXBA,full_sequence,p1,p1_relative,"[-1000, 4124]",-1000,4124,0,5124,5124,true,None
230719,BXBA,omission_local,omission,omission_relative,"[-1000, 1000]",31,2031,1031,3031,2000,true,None
230719,RRRR,full_sequence,p1,p1_relative,"[-1000, 4124]",-1000,4124,0,5124,5124,true,None
230719,RRRR,omission_local_p2,omission_p2,omission_relative,"[-1000, 1000]",31,2031,1031,3031,2000,true,None
230719,RRRR,omission_local_p3,omission_p3,omission_relative,"[-1000, 1000]",1062,3062,2062,4062,2000,true,None
230719,RRRR,omission_local_p4,omission_p4,omission_relative,"[-1000, 1000]",2093,4093,3093,5093,2000,true,None
230719,RRRX,full_sequence,p1,p1_relative,"[-1000, 4124]",-1000,4124,0,5124,5124,true,None
230719,RRRX,omission_local,omission,omission_relative,"[-1000, 1000]",2093,4093,3093,5093,2000,true,None
230719,RRXR,full_sequence,p1,p1_relative,"[-1000, 4124]",-1000,4124,0,5124,5124,true,None
230719,RRXR,omission_local,omission,omission_relative,"[-1000, 1000]",1062,3062,2062,4062,2000,true,None
230719,RXRR,full_sequence,p1,p1_relative,"[-1000, 4124]",-1000,4124,0,5124,5124,true,None
230719,RXRR,omission_local,omission,omission_relative,"[-1000, 1000]",31,2031,1031,3031,2000,true,None
230719,AAAB,full_sequence,p1,p1_relative,"[-1000, 4124]",-1000,4124,0,5124,5124,true,None
230719,AAAB,omission_local_p2,omission_p2,omission_relative,"[-1000, 1000]",31,2031,1031,3031,2000,true,None
230719,AAAB,omission_local_p3,omission_p3,omission_relative,"[-1000, 1000]",1062,3062,2062,4062,2000,true,None
230719,AAAB,omission_local_p4,omission_p4,omission_relative,"[-1000, 1000]",2093,4093,3093,5093,2000,true,None
230719,AAAX,full_sequence,p1,p1_relative,"[-1000, 4124]",-1000,4124,0,5124,5124,true,None
230719,AAAX,omission_local,omission,omission_relative,"[-1000, 1000]",2093,4093,3093,5093,2000,true,None
230719,AAXB,full_sequence,p1,p1_relative,"[-1000, 4124]",-1000,4124,0,5124,5124,true,None
230719,AAXB,omission_local,omission,omission_relative,"[-1000, 1000]",1062,3062,2062,4062,2000,true,None
230719,AXAB,full_sequence,p1,p1_relative,"[-1000, 4124]",-1000,4124,0,5124,5124,true,None
230719,AXAB,omission_local,omission,omission_relative,"[-1000, 1000]",31,2031,1031,3031,2000,true,None
230719,BBBA,full_sequence,p1,p1_relative,"[-1000, 4124]",-1000,4124,0,5124,5124,true,None
230719,BBBA,omission_local_p2,omission_p2,omission_relative,"[-1000, 1000]",31,2031,1031,3031,2000,true,None
230719,BBBA,omission_local_p3,omission_p3,omission_relative,"[-1000, 1000]",1062,3062,2062,4062,2000,true,None
230719,BBBA,omission_local_p4,omission_p4,omission_relative,"[-1000, 1000]",2093,4093,3093,5093,2000,true,None
230719,BBBX,full_sequence,p1,p1_relative,"[-1000, 4124]",-1000,4124,0,5124,5124,true,None
230719,BBBX,omission_local,omission,omission_relative,"[-1000, 1000]",2093,4093,3093,5093,2000,true,None
230719,BBXA,full_sequence,p1,p1_relative,"[-1000, 4124]",-1000,4124,0,5124,5124,true,None
230719,BBXA,omission_local,omission,omission_relative,"[-1000, 1000]",1062,3062,2062,4062,2000,true,None
230719,BXBA,full_sequence,p1,p1_relative,"[-1000, 4124]",-1000,4124,0,5124,5124,true,None
230719,BXBA,omission_local,omission,omission_relative,"[-1000, 1000]",31,2031,1031,3031,2000,true,None
230719,RRRR,full_sequence,p1,p1_relative,"[-1000, 4124]",-1000,4124,0,5124,5124,true,None
230719,RRRR,omission_local_p2,omission_p2,omission_relative,"[-1000, 1000]",31,2031,1031,3031,2000,true,None
230719,RRRR,omission_local_p3,omission_p3,omission_relative,"[-1000, 1000]",1062,3062,2062,4062,2000,true,None
230719,RRRR,omission_local_p4,omission_p4,omission_relative,"[-1000, 1000]",2093,4093,3093,5093,2000,true,None
230719,RRRX,full_sequence,p1,p1_relative,"[-1000, 4124]",-1000,4124,0,5124,5124,true,None
230719,RRRX,omission_local,omission,omission_relative,"[-1000, 1000]",2093,4093,3093,5093,2000,true,None
230719,RRXR,full_sequence,p1,p1_relative,"[-1000, 4124]",-1000,4124,0,5124,5124,true,None
230719,RRXR,omission_local,omission,omission_relative,"[-1000, 1000]",1062,3062,2062,4062,2000,true,None
230719,RXRR,full_sequence,p1,p1_relative,"[-1000, 4124]",-1000,4124,0,5124,5124,true,None
230719,RXRR,omission_local,omission,omission_relative,"[-1000, 1000]",31,2031,1031,3031,2000,true,None
230720,AAAB,full_sequence,p1,p1_relative,"[-1000, 4124]",-1000,4124,0,5124,5124,true,None
230720,AAAB,omission_local_p2,omission_p2,omission_relative,"[-1000, 1000]",31,2031,1031,3031,2000,true,None
230720,AAAB,omission_local_p3,omission_p3,omission_relative,"[-1000, 1000]",1062,3062,2062,4062,2000,true,None
230720,AAAB,omission_local_p4,omission_p4,omission_relative,"[-1000, 1000]",2093,4093,3093,5093,2000,true,None
230720,AAAX,full_sequence,p1,p1_relative,"[-1000, 4124]",-1000,4124,0,5124,5124,true,None
230720,AAAX,omission_local,omission,omission_relative,"[-1000, 1000]",2093,4093,3093,5093,2000,true,None
230720,AAXB,full_sequence,p1,p1_relative,"[-1000, 4124]",-1000,4124,0,5124,5124,true,None
230720,AAXB,omission_local,omission,omission_relative,"[-1000, 1000]",1062,3062,2062,4062,2000,true,None
230720,AXAB,full_sequence,p1,p1_relative,"[-1000, 4124]",-1000,4124,0,5124,5124,true,None
230720,AXAB,omission_local,omission,omission_relative,"[-1000, 1000]",31,2031,1031,3031,2000,true,None
230720,BBBA,full_sequence,p1,p1_relative,"[-1000, 4124]",-1000,4124,0,5124,5124,true,None
230720,BBBA,omission_local_p2,omission_p2,omission_relative,"[-1000, 1000]",31,2031,1031,3031,2000,true,None
230720,BBBA,omission_local_p3,omission_p3,omission_relative,"[-1000, 1000]",1062,3062,2062,4062,2000,true,None
230720,BBBA,omission_local_p4,omission_p4,omission_relative,"[-1000, 1000]",2093,4093,3093,5093,2000,true,None
230720,BBBX,full_sequence,p1,p1_relative,"[-1000, 4124]",-1000,4124,0,5124,5124,true,None
230720,BBBX,omission_local,omission,omission_relative,"[-1000, 1000]",2093,4093,3093,5093,2000,true,None
230720,BBXA,full_sequence,p1,p1_relative,"[-1000, 4124]",-1000,4124,0,5124,5124,true,None
230720,BBXA,omission_local,omission,omission_relative,"[-1000, 1000]",1062,3062,2062,4062,2000,true,None
230720,BXBA,full_sequence,p1,p1_relative,"[-1000, 4124]",-1000,4124,0,5124,5124,true,None
230720,BXBA,omission_local,omission,omission_relative,"[-1000, 1000]",31,2031,1031,3031,2000,true,None
230720,RRRR,full_sequence,p1,p1_relative,"[-1000, 4124]",-1000,4124,0,5124,5124,true,None
230720,RRRR,omission_local_p2,omission_p2,omission_relative,"[-1000, 1000]",31,2031,1031,3031,2000,true,None
230720,RRRR,omission_local_p3,omission_p3,omission_relative,"[-1000, 1000]",1062,3062,2062,4062,2000,true,None
230720,RRRR,omission_local_p4,omission_p4,omission_relative,"[-1000, 1000]",2093,4093,3093,5093,2000,true,None
230720,RRRX,full_sequence,p1,p1_relative,"[-1000, 4124]",-1000,4124,0,5124,5124,true,None
230720,RRRX,omission_local,omission,omission_relative,"[-1000, 1000]",2093,4093,3093,5093,2000,true,None
230720,RRXR,full_sequence,p1,p1_relative,"[-1000, 4124]",-1000,4124,0,5124,5124,true,None
230720,RRXR,omission_local,omission,omission_relative,"[-1000, 1000]",1062,3062,2062,4062,2000,true,None
230720,RXRR,full_sequence,p1,p1_relative,"[-1000, 4124]",-1000,4124,0,5124,5124,true,None
230720,RXRR,omission_local,omission,omission_relative,"[-1000, 1000]",31,2031,1031,3031,2000,true,None
230720,AAAB,full_sequence,p1,p1_relative,"[-1000, 4124]",-1000,4124,0,5124,5124,true,None
230720,AAAB,omission_local_p2,omission_p2,omission_relative,"[-1000, 1000]",31,2031,1031,3031,2000,true,None
230720,AAAB,omission_local_p3,omission_p3,omission_relative,"[-1000, 1000]",1062,3062,2062,4062,2000,true,None
230720,AAAB,omission_local_p4,omission_p4,omission_relative,"[-1000, 1000]",2093,4093,3093,5093,2000,true,None
230720,AAAX,full_sequence,p1,p1_relative,"[-1000, 4124]",-1000,4124,0,5124,5124,true,None
230720,AAAX,omission_local,omission,omission_relative,"[-1000, 1000]",2093,4093,3093,5093,2000,true,None
230720,AAXB,full_sequence,p1,p1_relative,"[-1000, 4124]",-1000,4124,0,5124,5124,true,None
230720,AAXB,omission_local,omission,omission_relative,"[-1000, 1000]",1062,3062,2062,4062,2000,true,None
230720,AXAB,full_sequence,p1,p1_relative,"[-1000, 4124]",-1000,4124,0,5124,5124,true,None
230720,AXAB,omission_local,omission,omission_relative,"[-1000, 1000]",31,2031,1031,3031,2000,true,None
230720,BBBA,full_sequence,p1,p1_relative,"[-1000, 4124]",-1000,4124,0,5124,5124,true,None
230720,BBBA,omission_local_p2,omission_p2,omission_relative,"[-1000, 1000]",31,2031,1031,3031,2000,true,None
230720,BBBA,omission_local_p3,omission_p3,omission_relative,"[-1000, 1000]",1062,3062,2062,4062,2000,true,None
230720,BBBA,omission_local_p4,omission_p4,omission_relative,"[-1000, 1000]",2093,4093,3093,5093,2000,true,None
230720,BBBX,full_sequence,p1,p1_relative,"[-1000, 4124]",-1000,4124,0,5124,5124,true,None
230720,BBBX,omission_local,omission,omission_relative,"[-1000, 1000]",2093,4093,3093,5093,2000,true,None
230720,BBXA,full_sequence,p1,p1_relative,"[-1000, 4124]",-1000,4124,0,5124,5124,true,None
230720,BBXA,omission_local,omission,omission_relative,"[-1000, 1000]",1062,3062,2062,4062,2000,true,None
230720,BXBA,full_sequence,p1,p1_relative,"[-1000, 4124]",-1000,4124,0,5124,5124,true,None
230720,BXBA,omission_local,omission,omission_relative,"[-1000, 1000]",31,2031,1031,3031,2000,true,None
230720,RRRR,full_sequence,p1,p1_relative,"[-1000, 4124]",-1000,4124,0,5124,5124,true,None
230720,RRRR,omission_local_p2,omission_p2,omission_relative,"[-1000, 1000]",31,2031,1031,3031,2000,true,None
230720,RRRR,omission_local_p3,omission_p3,omission_relative,"[-1000, 1000]",1062,3062,2062,4062,2000,true,None
230720,RRRR,omission_local_p4,omission_p4,omission_relative,"[-1000, 1000]",2093,4093,3093,5093,2000,true,None
230720,RRRX,full_sequence,p1,p1_relative,"[-1000, 4124]",-1000,4124,0,5124,5124,true,None
230720,RRRX,omission_local,omission,omission_relative,"[-1000, 1000]",2093,4093,3093,5093,2000,true,None
230720,RRXR,full_sequence,p1,p1_relative,"[-1000, 4124]",-1000,4124,0,5124,5124,true,None
230720,RRXR,omission_local,omission,omission_relative,"[-1000, 1000]",1062,3062,2062,4062,2000,true,None
230720,RXRR,full_sequence,p1,p1_relative,"[-1000, 4124]",-1000,4124,0,5124,5124,true,None
230720,RXRR,omission_local,omission,omission_relative,"[-1000, 1000]",31,2031,1031,3031,2000,true,None
230721,AAAB,full_sequence,p1,p1_relative,"[-1000, 4124]",-1000,4124,0,5124,5124,true,None
230721,AAAB,omission_local_p2,omission_p2,omission_relative,"[-1000, 1000]",31,2031,1031,3031,2000,true,None
230721,AAAB,omission_local_p3,omission_p3,omission_relative,"[-1000, 1000]",1062,3062,2062,4062,2000,true,None
230721,AAAB,omission_local_p4,omission_p4,omission_relative,"[-1000, 1000]",2093,4093,3093,5093,2000,true,None
230721,AAAX,full_sequence,p1,p1_relative,"[-1000, 4124]",-1000,4124,0,5124,5124,true,None
230721,AAAX,omission_local,omission,omission_relative,"[-1000, 1000]",2093,4093,3093,5093,2000,true,None
230721,AAXB,full_sequence,p1,p1_relative,"[-1000, 4124]",-1000,4124,0,5124,5124,true,None
230721,AAXB,omission_local,omission,omission_relative,"[-1000, 1000]",1062,3062,2062,4062,2000,true,None
230721,AXAB,full_sequence,p1,p1_relative,"[-1000, 4124]",-1000,4124,0,5124,5124,true,None
230721,AXAB,omission_local,omission,omission_relative,"[-1000, 1000]",31,2031,1031,3031,2000,true,None
230721,BBBA,full_sequence,p1,p1_relative,"[-1000, 4124]",-1000,4124,0,5124,5124,true,None
230721,BBBA,omission_local_p2,omission_p2,omission_relative,"[-1000, 1000]",31,2031,1031,3031,2000,true,None
230721,BBBA,omission_local_p3,omission_p3,omission_relative,"[-1000, 1000]",1062,3062,2062,4062,2000,true,None
230721,BBBA,omission_local_p4,omission_p4,omission_relative,"[-1000, 1000]",2093,4093,3093,5093,2000,true,None
230721,BBBX,full_sequence,p1,p1_relative,"[-1000, 4124]",-1000,4124,0,5124,5124,true,None
230721,BBBX,omission_local,omission,omission_relative,"[-1000, 1000]",2093,4093,3093,5093,2000,true,None
230721,BBXA,full_sequence,p1,p1_relative,"[-1000, 4124]",-1000,4124,0,5124,5124,true,None
230721,BBXA,omission_local,omission,omission_relative,"[-1000, 1000]",1062,3062,2062,4062,2000,true,None
230721,BXBA,full_sequence,p1,p1_relative,"[-1000, 4124]",-1000,4124,0,5124,5124,true,None
230721,BXBA,omission_local,omission,omission_relative,"[-1000, 1000]",31,2031,1031,3031,2000,true,None
230721,RRRR,full_sequence,p1,p1_relative,"[-1000, 4124]",-1000,4124,0,5124,5124,true,None
230721,RRRR,omission_local_p2,omission_p2,omission_relative,"[-1000, 1000]",31,2031,1031,3031,2000,true,None
230721,RRRR,omission_local_p3,omission_p3,omission_relative,"[-1000, 1000]",1062,3062,2062,4062,2000,true,None
230721,RRRR,omission_local_p4,omission_p4,omission_relative,"[-1000, 1000]",2093,4093,3093,5093,2000,true,None
230721,RRRX,full_sequence,p1,p1_relative,"[-1000, 4124]",-1000,4124,0,5124,5124,true,None
230721,RRRX,omission_local,omission,omission_relative,"[-1000, 1000]",2093,4093,3093,5093,2000,true,None
230721,RRXR,full_sequence,p1,p1_relative,"[-1000, 4124]",-1000,4124,0,5124,5124,true,None
230721,RRXR,omission_local,omission,omission_relative,"[-1000, 1000]",1062,3062,2062,4062,2000,true,None
230721,RXRR,full_sequence,p1,p1_relative,"[-1000, 4124]",-1000,4124,0,5124,5124,true,None
230721,RXRR,omission_local,omission,omission_relative,"[-1000, 1000]",31,2031,1031,3031,2000,true,None
230721,AAAB,full_sequence,p1,p1_relative,"[-1000, 4124]",-1000,4124,0,5124,5124,true,None
230721,AAAB,omission_local_p2,omission_p2,omission_relative,"[-1000, 1000]",31,2031,1031,3031,2000,true,None
230721,AAAB,omission_local_p3,omission_p3,omission_relative,"[-1000, 1000]",1062,3062,2062,4062,2000,true,None
230721,AAAB,omission_local_p4,omission_p4,omission_relative,"[-1000, 1000]",2093,4093,3093,5093,2000,true,None
230721,AAAX,full_sequence,p1,p1_relative,"[-1000, 4124]",-1000,4124,0,5124,5124,true,None
230721,AAAX,omission_local,omission,omission_relative,"[-1000, 1000]",2093,4093,3093,5093,2000,true,None
230721,AAXB,full_sequence,p1,p1_relative,"[-1000, 4124]",-1000,4124,0,5124,5124,true,None
230721,AAXB,omission_local,omission,omission_relative,"[-1000, 1000]",1062,3062,2062,4062,2000,true,None
230721,AXAB,full_sequence,p1,p1_relative,"[-1000, 4124]",-1000,4124,0,5124,5124,true,None
230721,AXAB,omission_local,omission,omission_relative,"[-1000, 1000]",31,2031,1031,3031,2000,true,None
230721,BBBA,full_sequence,p1,p1_relative,"[-1000, 4124]",-1000,4124,0,5124,5124,true,None
230721,BBBA,omission_local_p2,omission_p2,omission_relative,"[-1000, 1000]",31,2031,1031,3031,2000,true,None
230721,BBBA,omission_local_p3,omission_p3,omission_relative,"[-1000, 1000]",1062,3062,2062,4062,2000,true,None
230721,BBBA,omission_local_p4,omission_p4,omission_relative,"[-1000, 1000]",2093,4093,3093,5093,2000,true,None
230721,BBBX,full_sequence,p1,p1_relative,"[-1000, 4124]",-1000,4124,0,5124,5124,true,None
230721,BBBX,omission_local,omission,omission_relative,"[-1000, 1000]",2093,4093,3093,5093,2000,true,None
230721,BBXA,full_sequence,p1,p1_relative,"[-1000, 4124]",-1000,4124,0,5124,5124,true,None
230721,BBXA,omission_local,omission,omission_relative,"[-1000, 1000]",1062,3062,2062,4062,2000,true,None
230721,BXBA,full_sequence,p1,p1_relative,"[-1000, 4124]",-1000,4124,0,5124,5124,true,None
230721,BXBA,omission_local,omission,omission_relative,"[-1000, 1000]",31,2031,1031,3031,2000,true,None
230721,RRRR,full_sequence,p1,p1_relative,"[-1000, 4124]",-1000,4124,0,5124,5124,true,None
230721,RRRR,omission_local_p2,omission_p2,omission_relative,"[-1000, 1000]",31,2031,1031,3031,2000,true,None
230721,RRRR,omission_local_p3,omission_p3,omission_relative,"[-1000, 1000]",1062,3062,2062,4062,2000,true,None
230721,RRRR,omission_local_p4,omission_p4,omission_relative,"[-1000, 1000]",2093,4093,3093,5093,2000,true,None
230721,RRRX,full_sequence,p1,p1_relative,"[-1000, 4124]",-1000,4124,0,5124,5124,true,None
230721,RRRX,omission_local,omission,omission_relative,"[-1000, 1000]",2093,4093,3093,5093,2000,true,None
230721,RRXR,full_sequence,p1,p1_relative,"[-1000, 4124]",-1000,4124,0,5124,5124,true,None
230721,RRXR,omission_local,omission,omission_relative,"[-1000, 1000]",1062,3062,2062,4062,2000,true,None
230721,RXRR,full_sequence,p1,p1_relative,"[-1000, 4124]",-1000,4124,0,5124,5124,true,None
230721,RXRR,omission_local,omission,omission_relative,"[-1000, 1000]",31,2031,1031,3031,2000,true,None
230816,AAAB,full_sequence,p1,p1_relative,"[-1000, 4124]",-1000,4124,0,5124,5124,true,None
230816,AAAB,omission_local_p2,omission_p2,omission_relative,"[-1000, 1000]",31,2031,1031,3031,2000,true,None
230816,AAAB,omission_local_p3,omission_p3,omission_relative,"[-1000, 1000]",1062,3062,2062,4062,2000,true,None
230816,AAAB,omission_local_p4,omission_p4,omission_relative,"[-1000, 1000]",2093,4093,3093,5093,2000,true,None
230816,AAAX,full_sequence,p1,p1_relative,"[-1000, 4124]",-1000,4124,0,5124,5124,true,None
230816,AAAX,omission_local,omission,omission_relative,"[-1000, 1000]",2093,4093,3093,5093,2000,true,None
230816,AAXB,full_sequence,p1,p1_relative,"[-1000, 4124]",-1000,4124,0,5124,5124,true,None
230816,AAXB,omission_local,omission,omission_relative,"[-1000, 1000]",1062,3062,2062,4062,2000,true,None
230816,AXAB,full_sequence,p1,p1_relative,"[-1000, 4124]",-1000,4124,0,5124,5124,true,None
230816,AXAB,omission_local,omission,omission_relative,"[-1000, 1000]",31,2031,1031,3031,2000,true,None
230816,BBBA,full_sequence,p1,p1_relative,"[-1000, 4124]",-1000,4124,0,5124,5124,true,None
230816,BBBA,omission_local_p2,omission_p2,omission_relative,"[-1000, 1000]",31,2031,1031,3031,2000,true,None
230816,BBBA,omission_local_p3,omission_p3,omission_relative,"[-1000, 1000]",1062,3062,2062,4062,2000,true,None
230816,BBBA,omission_local_p4,omission_p4,omission_relative,"[-1000, 1000]",2093,4093,3093,5093,2000,true,None
230816,BBBX,full_sequence,p1,p1_relative,"[-1000, 4124]",-1000,4124,0,5124,5124,true,None
230816,BBBX,omission_local,omission,omission_relative,"[-1000, 1000]",2093,4093,3093,5093,2000,true,None
230816,BBXA,full_sequence,p1,p1_relative,"[-1000, 4124]",-1000,4124,0,5124,5124,true,None
230816,BBXA,omission_local,omission,omission_relative,"[-1000, 1000]",1062,3062,2062,4062,2000,true,None
230816,BXBA,full_sequence,p1,p1_relative,"[-1000, 4124]",-1000,4124,0,5124,5124,true,None
230816,BXBA,omission_local,omission,omission_relative,"[-1000, 1000]",31,2031,1031,3031,2000,true,None
230816,RRRR,full_sequence,p1,p1_relative,"[-1000, 4124]",-1000,4124,0,5124,5124,true,None
230816,RRRR,omission_local_p2,omission_p2,omission_relative,"[-1000, 1000]",31,2031,1031,3031,2000,true,None
230816,RRRR,omission_local_p3,omission_p3,omission_relative,"[-1000, 1000]",1062,3062,2062,4062,2000,true,None
230816,RRRR,omission_local_p4,omission_p4,omission_relative,"[-1000, 1000]",2093,4093,3093,5093,2000,true,None
230816,RRRX,full_sequence,p1,p1_relative,"[-1000, 4124]",-1000,4124,0,5124,5124,true,None
230816,RRRX,omission_local,omission,omission_relative,"[-1000, 1000]",2093,4093,3093,5093,2000,true,None
230816,RRXR,full_sequence,p1,p1_relative,"[-1000, 4124]",-1000,4124,0,5124,5124,true,None
230816,RRXR,omission_local,omission,omission_relative,"[-1000, 1000]",1062,3062,2062,4062,2000,true,None
230816,RXRR,full_sequence,p1,p1_relative,"[-1000, 4124]",-1000,4124,0,5124,5124,true,None
230816,RXRR,omission_local,omission,omission_relative,"[-1000, 1000]",31,2031,1031,3031,2000,true,None
230816,AAAB,full_sequence,p1,p1_relative,"[-1000, 4124]",-1000,4124,0,5124,5124,true,None
230816,AAAB,omission_local_p2,omission_p2,omission_relative,"[-1000, 1000]",31,2031,1031,3031,2000,true,None
230816,AAAB,omission_local_p3,omission_p3,omission_relative,"[-1000, 1000]",1062,3062,2062,4062,2000,true,None
230816,AAAB,omission_local_p4,omission_p4,omission_relative,"[-1000, 1000]",2093,4093,3093,5093,2000,true,None
230816,AAAX,full_sequence,p1,p1_relative,"[-1000, 4124]",-1000,4124,0,5124,5124,true,None
230816,AAAX,omission_local,omission,omission_relative,"[-1000, 1000]",2093,4093,3093,5093,2000,true,None
230816,AAXB,full_sequence,p1,p1_relative,"[-1000, 4124]",-1000,4124,0,5124,5124,true,None
230816,AAXB,omission_local,omission,omission_relative,"[-1000, 1000]",1062,3062,2062,4062,2000,true,None
230816,AXAB,full_sequence,p1,p1_relative,"[-1000, 4124]",-1000,4124,0,5124,5124,true,None
230816,AXAB,omission_local,omission,omission_relative,"[-1000, 1000]",31,2031,1031,3031,2000,true,None
230816,BBBA,full_sequence,p1,p1_relative,"[-1000, 4124]",-1000,4124,0,5124,5124,true,None
230816,BBBA,omission_local_p2,omission_p2,omission_relative,"[-1000, 1000]",31,2031,1031,3031,2000,true,None
230816,BBBA,omission_local_p3,omission_p3,omission_relative,"[-1000, 1000]",1062,3062,2062,4062,2000,true,None
230816,BBBA,omission_local_p4,omission_p4,omission_relative,"[-1000, 1000]",2093,4093,3093,5093,2000,true,None
230816,BBBX,full_sequence,p1,p1_relative,"[-1000, 4124]",-1000,4124,0,5124,5124,true,None
230816,BBBX,omission_local,omission,omission_relative,"[-1000, 1000]",2093,4093,3093,5093,2000,true,None
230816,BBXA,full_sequence,p1,p1_relative,"[-1000, 4124]",-1000,4124,0,5124,5124,true,None
230816,BBXA,omission_local,omission,omission_relative,"[-1000, 1000]",1062,3062,2062,4062,2000,true,None
230816,BXBA,full_sequence,p1,p1_relative,"[-1000, 4124]",-1000,4124,0,5124,5124,true,None
230816,BXBA,omission_local,omission,omission_relative,"[-1000, 1000]",31,2031,1031,3031,2000,true,None
230816,RRRR,full_sequence,p1,p1_relative,"[-1000, 4124]",-1000,4124,0,5124,5124,true,None
230816,RRRR,omission_local_p2,omission_p2,omission_relative,"[-1000, 1000]",31,2031,1031,3031,2000,true,None
230816,RRRR,omission_local_p3,omission_p3,omission_relative,"[-1000, 1000]",1062,3062,2062,4062,2000,true,None
230816,RRRR,omission_local_p4,omission_p4,omission_relative,"[-1000, 1000]",2093,4093,3093,5093,2000,true,None
230816,RRRX,full_sequence,p1,p1_relative,"[-1000, 4124]",-1000,4124,0,5124,5124,true,None
230816,RRRX,omission_local,omission,omission_relative,"[-1000, 1000]",2093,4093,3093,5093,2000,true,None
230816,RRXR,full_sequence,p1,p1_relative,"[-1000, 4124]",-1000,4124,0,5124,5124,true,None
230816,RRXR,omission_local,omission,omission_relative,"[-1000, 1000]",1062,3062,2062,4062,2000,true,None
230816,RXRR,full_sequence,p1,p1_relative,"[-1000, 4124]",-1000,4124,0,5124,5124,true,None
230816,RXRR,omission_local,omission,omission_relative,"[-1000, 1000]",31,2031,1031,3031,2000,true,None
230816,AAAB,full_sequence,p1,p1_relative,"[-1000, 4124]",-1000,4124,0,5124,5124,true,None
230816,AAAB,omission_local_p2,omission_p2,omission_relative,"[-1000, 1000]",31,2031,1031,3031,2000,true,None
230816,AAAB,omission_local_p3,omission_p3,omission_relative,"[-1000, 1000]",1062,3062,2062,4062,2000,true,None
230816,AAAB,omission_local_p4,omission_p4,omission_relative,"[-1000, 1000]",2093,4093,3093,5093,2000,true,None
230816,AAAX,full_sequence,p1,p1_relative,"[-1000, 4124]",-1000,4124,0,5124,5124,true,None
230816,AAAX,omission_local,omission,omission_relative,"[-1000, 1000]",2093,4093,3093,5093,2000,true,None
230816,AAXB,full_sequence,p1,p1_relative,"[-1000, 4124]",-1000,4124,0,5124,5124,true,None
230816,AAXB,omission_local,omission,omission_relative,"[-1000, 1000]",1062,3062,2062,4062,2000,true,None
230816,AXAB,full_sequence,p1,p1_relative,"[-1000, 4124]",-1000,4124,0,5124,5124,true,None
230816,AXAB,omission_local,omission,omission_relative,"[-1000, 1000]",31,2031,1031,3031,2000,true,None
230816,BBBA,full_sequence,p1,p1_relative,"[-1000, 4124]",-1000,4124,0,5124,5124,true,None
230816,BBBA,omission_local_p2,omission_p2,omission_relative,"[-1000, 1000]",31,2031,1031,3031,2000,true,None
230816,BBBA,omission_local_p3,omission_p3,omission_relative,"[-1000, 1000]",1062,3062,2062,4062,2000,true,None
230816,BBBA,omission_local_p4,omission_p4,omission_relative,"[-1000, 1000]",2093,4093,3093,5093,2000,true,None
230816,BBBX,full_sequence,p1,p1_relative,"[-1000, 4124]",-1000,4124,0,5124,5124,true,None
230816,BBBX,omission_local,omission,omission_relative,"[-1000, 1000]",2093,4093,3093,5093,2000,true,None
230816,BBXA,full_sequence,p1,p1_relative,"[-1000, 4124]",-1000,4124,0,5124,5124,true,None
230816,BBXA,omission_local,omission,omission_relative,"[-1000, 1000]",1062,3062,2062,4062,2000,true,None
230816,BXBA,full_sequence,p1,p1_relative,"[-1000, 4124]",-1000,4124,0,5124,5124,true,None
230816,BXBA,omission_local,omission,omission_relative,"[-1000, 1000]",31,2031,1031,3031,2000,true,None
230816,RRRR,full_sequence,p1,p1_relative,"[-1000, 4124]",-1000,4124,0,5124,5124,true,None
230816,RRRR,omission_local_p2,omission_p2,omission_relative,"[-1000, 1000]",31,2031,1031,3031,2000,true,None
230816,RRRR,omission_local_p3,omission_p3,omission_relative,"[-1000, 1000]",1062,3062,2062,4062,2000,true,None
230816,RRRR,omission_local_p4,omission_p4,omission_relative,"[-1000, 1000]",2093,4093,3093,5093,2000,true,None
230816,RRRX,full_sequence,p1,p1_relative,"[-1000, 4124]",-1000,4124,0,5124,5124,true,None
230816,RRRX,omission_local,omission,omission_relative,"[-1000, 1000]",2093,4093,3093,5093,2000,true,None
230816,RRXR,full_sequence,p1,p1_relative,"[-1000, 4124]",-1000,4124,0,5124,5124,true,None
230816,RRXR,omission_local,omission,omission_relative,"[-1000, 1000]",1062,3062,2062,4062,2000,true,None
230816,RXRR,full_sequence,p1,p1_relative,"[-1000, 4124]",-1000,4124,0,5124,5124,true,None
230816,RXRR,omission_local,omission,omission_relative,"[-1000, 1000]",31,2031,1031,3031,2000,true,None
230818,AAAB,full_sequence,p1,p1_relative,"[-1000, 4124]",-1000,4124,0,5124,5124,true,None
230818,AAAB,omission_local_p2,omission_p2,omission_relative,"[-1000, 1000]",31,2031,1031,3031,2000,true,None
230818,AAAB,omission_local_p3,omission_p3,omission_relative,"[-1000, 1000]",1062,3062,2062,4062,2000,true,None
230818,AAAB,omission_local_p4,omission_p4,omission_relative,"[-1000, 1000]",2093,4093,3093,5093,2000,true,None
230818,AAAX,full_sequence,p1,p1_relative,"[-1000, 4124]",-1000,4124,0,5124,5124,true,None
230818,AAAX,omission_local,omission,omission_relative,"[-1000, 1000]",2093,4093,3093,5093,2000,true,None
230818,AAXB,full_sequence,p1,p1_relative,"[-1000, 4124]",-1000,4124,0,5124,5124,true,None
230818,AAXB,omission_local,omission,omission_relative,"[-1000, 1000]",1062,3062,2062,4062,2000,true,None
230818,AXAB,full_sequence,p1,p1_relative,"[-1000, 4124]",-1000,4124,0,5124,5124,true,None
230818,AXAB,omission_local,omission,omission_relative,"[-1000, 1000]",31,2031,1031,3031,2000,true,None
230818,BBBA,full_sequence,p1,p1_relative,"[-1000, 4124]",-1000,4124,0,5124,5124,true,None
230818,BBBA,omission_local_p2,omission_p2,omission_relative,"[-1000, 1000]",31,2031,1031,3031,2000,true,None
230818,BBBA,omission_local_p3,omission_p3,omission_relative,"[-1000, 1000]",1062,3062,2062,4062,2000,true,None
230818,BBBA,omission_local_p4,omission_p4,omission_relative,"[-1000, 1000]",2093,4093,3093,5093,2000,true,None
230818,BBBX,full_sequence,p1,p1_relative,"[-1000, 4124]",-1000,4124,0,5124,5124,true,None
230818,BBBX,omission_local,omission,omission_relative,"[-1000, 1000]",2093,4093,3093,5093,2000,true,None
230818,BBXA,full_sequence,p1,p1_relative,"[-1000, 4124]",-1000,4124,0,5124,5124,true,None
230818,BBXA,omission_local,omission,omission_relative,"[-1000, 1000]",1062,3062,2062,4062,2000,true,None
230818,BXBA,full_sequence,p1,p1_relative,"[-1000, 4124]",-1000,4124,0,5124,5124,true,None
230818,BXBA,omission_local,omission,omission_relative,"[-1000, 1000]",31,2031,1031,3031,2000,true,None
230818,RRRR,full_sequence,p1,p1_relative,"[-1000, 4124]",-1000,4124,0,5124,5124,true,None
230818,RRRR,omission_local_p2,omission_p2,omission_relative,"[-1000, 1000]",31,2031,1031,3031,2000,true,None
230818,RRRR,omission_local_p3,omission_p3,omission_relative,"[-1000, 1000]",1062,3062,2062,4062,2000,true,None
230818,RRRR,omission_local_p4,omission_p4,omission_relative,"[-1000, 1000]",2093,4093,3093,5093,2000,true,None
230818,RRRX,full_sequence,p1,p1_relative,"[-1000, 4124]",-1000,4124,0,5124,5124,true,None
230818,RRRX,omission_local,omission,omission_relative,"[-1000, 1000]",2093,4093,3093,5093,2000,true,None
230818,RRXR,full_sequence,p1,p1_relative,"[-1000, 4124]",-1000,4124,0,5124,5124,true,None
230818,RRXR,omission_local,omission,omission_relative,"[-1000, 1000]",1062,3062,2062,4062,2000,true,None
230818,RXRR,full_sequence,p1,p1_relative,"[-1000, 4124]",-1000,4124,0,5124,5124,true,None
230818,RXRR,omission_local,omission,omission_relative,"[-1000, 1000]",31,2031,1031,3031,2000,true,None
230818,AAAB,full_sequence,p1,p1_relative,"[-1000, 4124]",-1000,4124,0,5124,5124,true,None
230818,AAAB,omission_local_p2,omission_p2,omission_relative,"[-1000, 1000]",31,2031,1031,3031,2000,true,None
230818,AAAB,omission_local_p3,omission_p3,omission_relative,"[-1000, 1000]",1062,3062,2062,4062,2000,true,None
230818,AAAB,omission_local_p4,omission_p4,omission_relative,"[-1000, 1000]",2093,4093,3093,5093,2000,true,None
230818,AAAX,full_sequence,p1,p1_relative,"[-1000, 4124]",-1000,4124,0,5124,5124,true,None
230818,AAAX,omission_local,omission,omission_relative,"[-1000, 1000]",2093,4093,3093,5093,2000,true,None
230818,AAXB,full_sequence,p1,p1_relative,"[-1000, 4124]",-1000,4124,0,5124,5124,true,None
230818,AAXB,omission_local,omission,omission_relative,"[-1000, 1000]",1062,3062,2062,4062,2000,true,None
230818,AXAB,full_sequence,p1,p1_relative,"[-1000, 4124]",-1000,4124,0,5124,5124,true,None
230818,AXAB,omission_local,omission,omission_relative,"[-1000, 1000]",31,2031,1031,3031,2000,true,None
230818,BBBA,full_sequence,p1,p1_relative,"[-1000, 4124]",-1000,4124,0,5124,5124,true,None
230818,BBBA,omission_local_p2,omission_p2,omission_relative,"[-1000, 1000]",31,2031,1031,3031,2000,true,None
230818,BBBA,omission_local_p3,omission_p3,omission_relative,"[-1000, 1000]",1062,3062,2062,4062,2000,true,None
230818,BBBA,omission_local_p4,omission_p4,omission_relative,"[-1000, 1000]",2093,4093,3093,5093,2000,true,None
230818,BBBX,full_sequence,p1,p1_relative,"[-1000, 4124]",-1000,4124,0,5124,5124,true,None
230818,BBBX,omission_local,omission,omission_relative,"[-1000, 1000]",2093,4093,3093,5093,2000,true,None
230818,BBXA,full_sequence,p1,p1_relative,"[-1000, 4124]",-1000,4124,0,5124,5124,true,None
230818,BBXA,omission_local,omission,omission_relative,"[-1000, 1000]",1062,3062,2062,4062,2000,true,None
230818,BXBA,full_sequence,p1,p1_relative,"[-1000, 4124]",-1000,4124,0,5124,5124,true,None
230818,BXBA,omission_local,omission,omission_relative,"[-1000, 1000]",31,2031,1031,3031,2000,true,None
230818,RRRR,full_sequence,p1,p1_relative,"[-1000, 4124]",-1000,4124,0,5124,5124,true,None
230818,RRRR,omission_local_p2,omission_p2,omission_relative,"[-1000, 1000]",31,2031,1031,3031,2000,true,None
230818,RRRR,omission_local_p3,omission_p3,omission_relative,"[-1000, 1000]",1062,3062,2062,4062,2000,true,None
230818,RRRR,omission_local_p4,omission_p4,omission_relative,"[-1000, 1000]",2093,4093,3093,5093,2000,true,None
230818,RRRX,full_sequence,p1,p1_relative,"[-1000, 4124]",-1000,4124,0,5124,5124,true,None
230818,RRRX,omission_local,omission,omission_relative,"[-1000, 1000]",2093,4093,3093,5093,2000,true,None
230818,RRXR,full_sequence,p1,p1_relative,"[-1000, 4124]",-1000,4124,0,5124,5124,true,None
230818,RRXR,omission_local,omission,omission_relative,"[-1000, 1000]",1062,3062,2062,4062,2000,true,None
230818,RXRR,full_sequence,p1,p1_relative,"[-1000, 4124]",-1000,4124,0,5124,5124,true,None
230818,RXRR,omission_local,omission,omission_relative,"[-1000, 1000]",31,2031,1031,3031,2000,true,None
230818,AAAB,full_sequence,p1,p1_relative,"[-1000, 4124]",-1000,4124,0,5124,5124,true,None
230818,AAAB,omission_local_p2,omission_p2,omission_relative,"[-1000, 1000]",31,2031,1031,3031,2000,true,None
230818,AAAB,omission_local_p3,omission_p3,omission_relative,"[-1000, 1000]",1062,3062,2062,4062,2000,true,None
230818,AAAB,omission_local_p4,omission_p4,omission_relative,"[-1000, 1000]",2093,4093,3093,5093,2000,true,None
230818,AAAX,full_sequence,p1,p1_relative,"[-1000, 4124]",-1000,4124,0,5124,5124,true,None
230818,AAAX,omission_local,omission,omission_relative,"[-1000, 1000]",2093,4093,3093,5093,2000,true,None
230818,AAXB,full_sequence,p1,p1_relative,"[-1000, 4124]",-1000,4124,0,5124,5124,true,None
230818,AAXB,omission_local,omission,omission_relative,"[-1000, 1000]",1062,3062,2062,4062,2000,true,None
230818,AXAB,full_sequence,p1,p1_relative,"[-1000, 4124]",-1000,4124,0,5124,5124,true,None
230818,AXAB,omission_local,omission,omission_relative,"[-1000, 1000]",31,2031,1031,3031,2000,true,None
230818,BBBA,full_sequence,p1,p1_relative,"[-1000, 4124]",-1000,4124,0,5124,5124,true,None
230818,BBBA,omission_local_p2,omission_p2,omission_relative,"[-1000, 1000]",31,2031,1031,3031,2000,true,None
230818,BBBA,omission_local_p3,omission_p3,omission_relative,"[-1000, 1000]",1062,3062,2062,4062,2000,true,None
230818,BBBA,omission_local_p4,omission_p4,omission_relative,"[-1000, 1000]",2093,4093,3093,5093,2000,true,None
230818,BBBX,full_sequence,p1,p1_relative,"[-1000, 4124]",-1000,4124,0,5124,5124,true,None
230818,BBBX,omission_local,omission,omission_relative,"[-1000, 1000]",2093,4093,3093,5093,2000,true,None
230818,BBXA,full_sequence,p1,p1_relative,"[-1000, 4124]",-1000,4124,0,5124,5124,true,None
230818,BBXA,omission_local,omission,omission_relative,"[-1000, 1000]",1062,3062,2062,4062,2000,true,None
230818,BXBA,full_sequence,p1,p1_relative,"[-1000, 4124]",-1000,4124,0,5124,5124,true,None
230818,BXBA,omission_local,omission,omission_relative,"[-1000, 1000]",31,2031,1031,3031,2000,true,None
230818,RRRR,full_sequence,p1,p1_relative,"[-1000, 4124]",-1000,4124,0,5124,5124,true,None
230818,RRRR,omission_local_p2,omission_p2,omission_relative,"[-1000, 1000]",31,2031,1031,3031,2000,true,None
230818,RRRR,omission_local_p3,omission_p3,omission_relative,"[-1000, 1000]",1062,3062,2062,4062,2000,true,None
230818,RRRR,omission_local_p4,omission_p4,omission_relative,"[-1000, 1000]",2093,4093,3093,5093,2000,true,None
230818,RRRX,full_sequence,p1,p1_relative,"[-1000, 4124]",-1000,4124,0,5124,5124,true,None
230818,RRRX,omission_local,omission,omission_relative,"[-1000, 1000]",2093,4093,3093,5093,2000,true,None
230818,RRXR,full_sequence,p1,p1_relative,"[-1000, 4124]",-1000,4124,0,5124,5124,true,None
230818,RRXR,omission_local,omission,omission_relative,"[-1000, 1000]",1062,3062,2062,4062,2000,true,None
230818,RXRR,full_sequence,p1,p1_relative,"[-1000, 4124]",-1000,4124,0,5124,5124,true,None
230818,RXRR,omission_local,omission,omission_relative,"[-1000, 1000]",31,2031,1031,3031,2000,true,None
230823,AAAB,full_sequence,p1,p1_relative,"[-1000, 4124]",-1000,4124,0,5124,5124,true,None
230823,AAAB,omission_local_p2,omission_p2,omission_relative,"[-1000, 1000]",31,2031,1031,3031,2000,true,None
230823,AAAB,omission_local_p3,omission_p3,omission_relative,"[-1000, 1000]",1062,3062,2062,4062,2000,true,None
230823,AAAB,omission_local_p4,omission_p4,omission_relative,"[-1000, 1000]",2093,4093,3093,5093,2000,true,None
230823,AAAX,full_sequence,p1,p1_relative,"[-1000, 4124]",-1000,4124,0,5124,5124,true,None
230823,AAAX,omission_local,omission,omission_relative,"[-1000, 1000]",2093,4093,3093,5093,2000,true,None
230823,AAXB,full_sequence,p1,p1_relative,"[-1000, 4124]",-1000,4124,0,5124,5124,true,None
230823,AAXB,omission_local,omission,omission_relative,"[-1000, 1000]",1062,3062,2062,4062,2000,true,None
230823,AXAB,full_sequence,p1,p1_relative,"[-1000, 4124]",-1000,4124,0,5124,5124,true,None
230823,AXAB,omission_local,omission,omission_relative,"[-1000, 1000]",31,2031,1031,3031,2000,true,None
230823,BBBA,full_sequence,p1,p1_relative,"[-1000, 4124]",-1000,4124,0,5124,5124,true,None
230823,BBBA,omission_local_p2,omission_p2,omission_relative,"[-1000, 1000]",31,2031,1031,3031,2000,true,None
230823,BBBA,omission_local_p3,omission_p3,omission_relative,"[-1000, 1000]",1062,3062,2062,4062,2000,true,None
230823,BBBA,omission_local_p4,omission_p4,omission_relative,"[-1000, 1000]",2093,4093,3093,5093,2000,true,None
230823,BBBX,full_sequence,p1,p1_relative,"[-1000, 4124]",-1000,4124,0,5124,5124,true,None
230823,BBBX,omission_local,omission,omission_relative,"[-1000, 1000]",2093,4093,3093,5093,2000,true,None
230823,BBXA,full_sequence,p1,p1_relative,"[-1000, 4124]",-1000,4124,0,5124,5124,true,None
230823,BBXA,omission_local,omission,omission_relative,"[-1000, 1000]",1062,3062,2062,4062,2000,true,None
230823,BXBA,full_sequence,p1,p1_relative,"[-1000, 4124]",-1000,4124,0,5124,5124,true,None
230823,BXBA,omission_local,omission,omission_relative,"[-1000, 1000]",31,2031,1031,3031,2000,true,None
230823,RRRR,full_sequence,p1,p1_relative,"[-1000, 4124]",-1000,4124,0,5124,5124,true,None
230823,RRRR,omission_local_p2,omission_p2,omission_relative,"[-1000, 1000]",31,2031,1031,3031,2000,true,None
230823,RRRR,omission_local_p3,omission_p3,omission_relative,"[-1000, 1000]",1062,3062,2062,4062,2000,true,None
230823,RRRR,omission_local_p4,omission_p4,omission_relative,"[-1000, 1000]",2093,4093,3093,5093,2000,true,None
230823,RRRX,full_sequence,p1,p1_relative,"[-1000, 4124]",-1000,4124,0,5124,5124,true,None
230823,RRRX,omission_local,omission,omission_relative,"[-1000, 1000]",2093,4093,3093,5093,2000,true,None
230823,RRXR,full_sequence,p1,p1_relative,"[-1000, 4124]",-1000,4124,0,5124,5124,true,None
230823,RRXR,omission_local,omission,omission_relative,"[-1000, 1000]",1062,3062,2062,4062,2000,true,None
230823,RXRR,full_sequence,p1,p1_relative,"[-1000, 4124]",-1000,4124,0,5124,5124,true,None
230823,RXRR,omission_local,omission,omission_relative,"[-1000, 1000]",31,2031,1031,3031,2000,true,None
230823,AAAB,full_sequence,p1,p1_relative,"[-1000, 4124]",-1000,4124,0,5124,5124,true,None
230823,AAAB,omission_local_p2,omission_p2,omission_relative,"[-1000, 1000]",31,2031,1031,3031,2000,true,None
230823,AAAB,omission_local_p3,omission_p3,omission_relative,"[-1000, 1000]",1062,3062,2062,4062,2000,true,None
230823,AAAB,omission_local_p4,omission_p4,omission_relative,"[-1000, 1000]",2093,4093,3093,5093,2000,true,None
230823,AAAX,full_sequence,p1,p1_relative,"[-1000, 4124]",-1000,4124,0,5124,5124,true,None
230823,AAAX,omission_local,omission,omission_relative,"[-1000, 1000]",2093,4093,3093,5093,2000,true,None
230823,AAXB,full_sequence,p1,p1_relative,"[-1000, 4124]",-1000,4124,0,5124,5124,true,None
230823,AAXB,omission_local,omission,omission_relative,"[-1000, 1000]",1062,3062,2062,4062,2000,true,None
230823,AXAB,full_sequence,p1,p1_relative,"[-1000, 4124]",-1000,4124,0,5124,5124,true,None
230823,AXAB,omission_local,omission,omission_relative,"[-1000, 1000]",31,2031,1031,3031,2000,true,None
230823,BBBA,full_sequence,p1,p1_relative,"[-1000, 4124]",-1000,4124,0,5124,5124,true,None
230823,BBBA,omission_local_p2,omission_p2,omission_relative,"[-1000, 1000]",31,2031,1031,3031,2000,true,None
230823,BBBA,omission_local_p3,omission_p3,omission_relative,"[-1000, 1000]",1062,3062,2062,4062,2000,true,None
230823,BBBA,omission_local_p4,omission_p4,omission_relative,"[-1000, 1000]",2093,4093,3093,5093,2000,true,None
230823,BBBX,full_sequence,p1,p1_relative,"[-1000, 4124]",-1000,4124,0,5124,5124,true,None
230823,BBBX,omission_local,omission,omission_relative,"[-1000, 1000]",2093,4093,3093,5093,2000,true,None
230823,BBXA,full_sequence,p1,p1_relative,"[-1000, 4124]",-1000,4124,0,5124,5124,true,None
230823,BBXA,omission_local,omission,omission_relative,"[-1000, 1000]",1062,3062,2062,4062,2000,true,None
230823,BXBA,full_sequence,p1,p1_relative,"[-1000, 4124]",-1000,4124,0,5124,5124,true,None
230823,BXBA,omission_local,omission,omission_relative,"[-1000, 1000]",31,2031,1031,3031,2000,true,None
230823,RRRR,full_sequence,p1,p1_relative,"[-1000, 4124]",-1000,4124,0,5124,5124,true,None
230823,RRRR,omission_local_p2,omission_p2,omission_relative,"[-1000, 1000]",31,2031,1031,3031,2000,true,None
230823,RRRR,omission_local_p3,omission_p3,omission_relative,"[-1000, 1000]",1062,3062,2062,4062,2000,true,None
230823,RRRR,omission_local_p4,omission_p4,omission_relative,"[-1000, 1000]",2093,4093,3093,5093,2000,true,None
230823,RRRX,full_sequence,p1,p1_relative,"[-1000, 4124]",-1000,4124,0,5124,5124,true,None
230823,RRRX,omission_local,omission,omission_relative,"[-1000, 1000]",2093,4093,3093,5093,2000,true,None
230823,RRXR,full_sequence,p1,p1_relative,"[-1000, 4124]",-1000,4124,0,5124,5124,true,None
230823,RRXR,omission_local,omission,omission_relative,"[-1000, 1000]",1062,3062,2062,4062,2000,true,None
230823,RXRR,full_sequence,p1,p1_relative,"[-1000, 4124]",-1000,4124,0,5124,5124,true,None
230823,RXRR,omission_local,omission,omission_relative,"[-1000, 1000]",31,2031,1031,3031,2000,true,None
230823,AAAB,full_sequence,p1,p1_relative,"[-1000, 4124]",-1000,4124,0,5124,5124,true,None
230823,AAAB,omission_local_p2,omission_p2,omission_relative,"[-1000, 1000]",31,2031,1031,3031,2000,true,None
230823,AAAB,omission_local_p3,omission_p3,omission_relative,"[-1000, 1000]",1062,3062,2062,4062,2000,true,None
230823,AAAB,omission_local_p4,omission_p4,omission_relative,"[-1000, 1000]",2093,4093,3093,5093,2000,true,None
230823,AAAX,full_sequence,p1,p1_relative,"[-1000, 4124]",-1000,4124,0,5124,5124,true,None
230823,AAAX,omission_local,omission,omission_relative,"[-1000, 1000]",2093,4093,3093,5093,2000,true,None
230823,AAXB,full_sequence,p1,p1_relative,"[-1000, 4124]",-1000,4124,0,5124,5124,true,None
230823,AAXB,omission_local,omission,omission_relative,"[-1000, 1000]",1062,3062,2062,4062,2000,true,None
230823,AXAB,full_sequence,p1,p1_relative,"[-1000, 4124]",-1000,4124,0,5124,5124,true,None
230823,AXAB,omission_local,omission,omission_relative,"[-1000, 1000]",31,2031,1031,3031,2000,true,None
230823,BBBA,full_sequence,p1,p1_relative,"[-1000, 4124]",-1000,4124,0,5124,5124,true,None
230823,BBBA,omission_local_p2,omission_p2,omission_relative,"[-1000, 1000]",31,2031,1031,3031,2000,true,None
230823,BBBA,omission_local_p3,omission_p3,omission_relative,"[-1000, 1000]",1062,3062,2062,4062,2000,true,None
230823,BBBA,omission_local_p4,omission_p4,omission_relative,"[-1000, 1000]",2093,4093,3093,5093,2000,true,None
230823,BBBX,full_sequence,p1,p1_relative,"[-1000, 4124]",-1000,4124,0,5124,5124,true,None
230823,BBBX,omission_local,omission,omission_relative,"[-1000, 1000]",2093,4093,3093,5093,2000,true,None
230823,BBXA,full_sequence,p1,p1_relative,"[-1000, 4124]",-1000,4124,0,5124,5124,true,None
230823,BBXA,omission_local,omission,omission_relative,"[-1000, 1000]",1062,3062,2062,4062,2000,true,None
230823,BXBA,full_sequence,p1,p1_relative,"[-1000, 4124]",-1000,4124,0,5124,5124,true,None
230823,BXBA,omission_local,omission,omission_relative,"[-1000, 1000]",31,2031,1031,3031,2000,true,None
230823,RRRR,full_sequence,p1,p1_relative,"[-1000, 4124]",-1000,4124,0,5124,5124,true,None
230823,RRRR,omission_local_p2,omission_p2,omission_relative,"[-1000, 1000]",31,2031,1031,3031,2000,true,None
230823,RRRR,omission_local_p3,omission_p3,omission_relative,"[-1000, 1000]",1062,3062,2062,4062,2000,true,None
230823,RRRR,omission_local_p4,omission_p4,omission_relative,"[-1000, 1000]",2093,4093,3093,5093,2000,true,None
230823,RRRX,full_sequence,p1,p1_relative,"[-1000, 4124]",-1000,4124,0,5124,5124,true,None
230823,RRRX,omission_local,omission,omission_relative,"[-1000, 1000]",2093,4093,3093,5093,2000,true,None
230823,RRXR,full_sequence,p1,p1_relative,"[-1000, 4124]",-1000,4124,0,5124,5124,true,None
230823,RRXR,omission_local,omission,omission_relative,"[-1000, 1000]",1062,3062,2062,4062,2000,true,None
230823,RXRR,full_sequence,p1,p1_relative,"[-1000, 4124]",-1000,4124,0,5124,5124,true,None
230823,RXRR,omission_local,omission,omission_relative,"[-1000, 1000]",31,2031,1031,3031,2000,true,None
230825,AAAB,full_sequence,p1,p1_relative,"[-1000, 4124]",-1000,4124,0,5124,5124,true,None
230825,AAAB,omission_local_p2,omission_p2,omission_relative,"[-1000, 1000]",31,2031,1031,3031,2000,true,None
230825,AAAB,omission_local_p3,omission_p3,omission_relative,"[-1000, 1000]",1062,3062,2062,4062,2000,true,None
230825,AAAB,omission_local_p4,omission_p4,omission_relative,"[-1000, 1000]",2093,4093,3093,5093,2000,true,None
230825,AAAX,full_sequence,p1,p1_relative,"[-1000, 4124]",-1000,4124,0,5124,5124,true,None
230825,AAAX,omission_local,omission,omission_relative,"[-1000, 1000]",2093,4093,3093,5093,2000,true,None
230825,AAXB,full_sequence,p1,p1_relative,"[-1000, 4124]",-1000,4124,0,5124,5124,true,None
230825,AAXB,omission_local,omission,omission_relative,"[-1000, 1000]",1062,3062,2062,4062,2000,true,None
230825,AXAB,full_sequence,p1,p1_relative,"[-1000, 4124]",-1000,4124,0,5124,5124,true,None
230825,AXAB,omission_local,omission,omission_relative,"[-1000, 1000]",31,2031,1031,3031,2000,true,None
230825,BBBA,full_sequence,p1,p1_relative,"[-1000, 4124]",-1000,4124,0,5124,5124,true,None
230825,BBBA,omission_local_p2,omission_p2,omission_relative,"[-1000, 1000]",31,2031,1031,3031,2000,true,None
230825,BBBA,omission_local_p3,omission_p3,omission_relative,"[-1000, 1000]",1062,3062,2062,4062,2000,true,None
230825,BBBA,omission_local_p4,omission_p4,omission_relative,"[-1000, 1000]",2093,4093,3093,5093,2000,true,None
230825,BBBX,full_sequence,p1,p1_relative,"[-1000, 4124]",-1000,4124,0,5124,5124,true,None
230825,BBBX,omission_local,omission,omission_relative,"[-1000, 1000]",2093,4093,3093,5093,2000,true,None
230825,BBXA,full_sequence,p1,p1_relative,"[-1000, 4124]",-1000,4124,0,5124,5124,true,None
230825,BBXA,omission_local,omission,omission_relative,"[-1000, 1000]",1062,3062,2062,4062,2000,true,None
230825,BXBA,full_sequence,p1,p1_relative,"[-1000, 4124]",-1000,4124,0,5124,5124,true,None
230825,BXBA,omission_local,omission,omission_relative,"[-1000, 1000]",31,2031,1031,3031,2000,true,None
230825,RRRR,full_sequence,p1,p1_relative,"[-1000, 4124]",-1000,4124,0,5124,5124,true,None
230825,RRRR,omission_local_p2,omission_p2,omission_relative,"[-1000, 1000]",31,2031,1031,3031,2000,true,None
230825,RRRR,omission_local_p3,omission_p3,omission_relative,"[-1000, 1000]",1062,3062,2062,4062,2000,true,None
230825,RRRR,omission_local_p4,omission_p4,omission_relative,"[-1000, 1000]",2093,4093,3093,5093,2000,true,None
230825,RRRX,full_sequence,p1,p1_relative,"[-1000, 4124]",-1000,4124,0,5124,5124,true,None
230825,RRRX,omission_local,omission,omission_relative,"[-1000, 1000]",2093,4093,3093,5093,2000,true,None
230825,RRXR,full_sequence,p1,p1_relative,"[-1000, 4124]",-1000,4124,0,5124,5124,true,None
230825,RRXR,omission_local,omission,omission_relative,"[-1000, 1000]",1062,3062,2062,4062,2000,true,None
230825,RXRR,full_sequence,p1,p1_relative,"[-1000, 4124]",-1000,4124,0,5124,5124,true,None
230825,RXRR,omission_local,omission,omission_relative,"[-1000, 1000]",31,2031,1031,3031,2000,true,None
230825,AAAB,full_sequence,p1,p1_relative,"[-1000, 4124]",-1000,4124,0,5124,5124,true,None
230825,AAAB,omission_local_p2,omission_p2,omission_relative,"[-1000, 1000]",31,2031,1031,3031,2000,true,None
230825,AAAB,omission_local_p3,omission_p3,omission_relative,"[-1000, 1000]",1062,3062,2062,4062,2000,true,None
230825,AAAB,omission_local_p4,omission_p4,omission_relative,"[-1000, 1000]",2093,4093,3093,5093,2000,true,None
230825,AAAX,full_sequence,p1,p1_relative,"[-1000, 4124]",-1000,4124,0,5124,5124,true,None
230825,AAAX,omission_local,omission,omission_relative,"[-1000, 1000]",2093,4093,3093,5093,2000,true,None
230825,AAXB,full_sequence,p1,p1_relative,"[-1000, 4124]",-1000,4124,0,5124,5124,true,None
230825,AAXB,omission_local,omission,omission_relative,"[-1000, 1000]",1062,3062,2062,4062,2000,true,None
230825,AXAB,full_sequence,p1,p1_relative,"[-1000, 4124]",-1000,4124,0,5124,5124,true,None
230825,AXAB,omission_local,omission,omission_relative,"[-1000, 1000]",31,2031,1031,3031,2000,true,None
230825,BBBA,full_sequence,p1,p1_relative,"[-1000, 4124]",-1000,4124,0,5124,5124,true,None
230825,BBBA,omission_local_p2,omission_p2,omission_relative,"[-1000, 1000]",31,2031,1031,3031,2000,true,None
230825,BBBA,omission_local_p3,omission_p3,omission_relative,"[-1000, 1000]",1062,3062,2062,4062,2000,true,None
230825,BBBA,omission_local_p4,omission_p4,omission_relative,"[-1000, 1000]",2093,4093,3093,5093,2000,true,None
230825,BBBX,full_sequence,p1,p1_relative,"[-1000, 4124]",-1000,4124,0,5124,5124,true,None
230825,BBBX,omission_local,omission,omission_relative,"[-1000, 1000]",2093,4093,3093,5093,2000,true,None
230825,BBXA,full_sequence,p1,p1_relative,"[-1000, 4124]",-1000,4124,0,5124,5124,true,None
230825,BBXA,omission_local,omission,omission_relative,"[-1000, 1000]",1062,3062,2062,4062,2000,true,None
230825,BXBA,full_sequence,p1,p1_relative,"[-1000, 4124]",-1000,4124,0,5124,5124,true,None
230825,BXBA,omission_local,omission,omission_relative,"[-1000, 1000]",31,2031,1031,3031,2000,true,None
230825,RRRR,full_sequence,p1,p1_relative,"[-1000, 4124]",-1000,4124,0,5124,5124,true,None
230825,RRRR,omission_local_p2,omission_p2,omission_relative,"[-1000, 1000]",31,2031,1031,3031,2000,true,None
230825,RRRR,omission_local_p3,omission_p3,omission_relative,"[-1000, 1000]",1062,3062,2062,4062,2000,true,None
230825,RRRR,omission_local_p4,omission_p4,omission_relative,"[-1000, 1000]",2093,4093,3093,5093,2000,true,None
230825,RRRX,full_sequence,p1,p1_relative,"[-1000, 4124]",-1000,4124,0,5124,5124,true,None
230825,RRRX,omission_local,omission,omission_relative,"[-1000, 1000]",2093,4093,3093,5093,2000,true,None
230825,RRXR,full_sequence,p1,p1_relative,"[-1000, 4124]",-1000,4124,0,5124,5124,true,None
230825,RRXR,omission_local,omission,omission_relative,"[-1000, 1000]",1062,3062,2062,4062,2000,true,None
230825,RXRR,full_sequence,p1,p1_relative,"[-1000, 4124]",-1000,4124,0,5124,5124,true,None
230825,RXRR,omission_local,omission,omission_relative,"[-1000, 1000]",31,2031,1031,3031,2000,true,None
230825,AAAB,full_sequence,p1,p1_relative,"[-1000, 4124]",-1000,4124,0,5124,5124,true,None
230825,AAAB,omission_local_p2,omission_p2,omission_relative,"[-1000, 1000]",31,2031,1031,3031,2000,true,None
230825,AAAB,omission_local_p3,omission_p3,omission_relative,"[-1000, 1000]",1062,3062,2062,4062,2000,true,None
230825,AAAB,omission_local_p4,omission_p4,omission_relative,"[-1000, 1000]",2093,4093,3093,5093,2000,true,None
230825,AAAX,full_sequence,p1,p1_relative,"[-1000, 4124]",-1000,4124,0,5124,5124,true,None
230825,AAAX,omission_local,omission,omission_relative,"[-1000, 1000]",2093,4093,3093,5093,2000,true,None
230825,AAXB,full_sequence,p1,p1_relative,"[-1000, 4124]",-1000,4124,0,5124,5124,true,None
230825,AAXB,omission_local,omission,omission_relative,"[-1000, 1000]",1062,3062,2062,4062,2000,true,None
230825,AXAB,full_sequence,p1,p1_relative,"[-1000, 4124]",-1000,4124,0,5124,5124,true,None
230825,AXAB,omission_local,omission,omission_relative,"[-1000, 1000]",31,2031,1031,3031,2000,true,None
230825,BBBA,full_sequence,p1,p1_relative,"[-1000, 4124]",-1000,4124,0,5124,5124,true,None
230825,BBBA,omission_local_p2,omission_p2,omission_relative,"[-1000, 1000]",31,2031,1031,3031,2000,true,None
230825,BBBA,omission_local_p3,omission_p3,omission_relative,"[-1000, 1000]",1062,3062,2062,4062,2000,true,None
230825,BBBA,omission_local_p4,omission_p4,omission_relative,"[-1000, 1000]",2093,4093,3093,5093,2000,true,None
230825,BBBX,full_sequence,p1,p1_relative,"[-1000, 4124]",-1000,4124,0,5124,5124,true,None
230825,BBBX,omission_local,omission,omission_relative,"[-1000, 1000]",2093,4093,3093,5093,2000,true,None
230825,BBXA,full_sequence,p1,p1_relative,"[-1000, 4124]",-1000,4124,0,5124,5124,true,None
230825,BBXA,omission_local,omission,omission_relative,"[-1000, 1000]",1062,3062,2062,4062,2000,true,None
230825,BXBA,full_sequence,p1,p1_relative,"[-1000, 4124]",-1000,4124,0,5124,5124,true,None
230825,BXBA,omission_local,omission,omission_relative,"[-1000, 1000]",31,2031,1031,3031,2000,true,None
230825,RRRR,full_sequence,p1,p1_relative,"[-1000, 4124]",-1000,4124,0,5124,5124,true,None
230825,RRRR,omission_local_p2,omission_p2,omission_relative,"[-1000, 1000]",31,2031,1031,3031,2000,true,None
230825,RRRR,omission_local_p3,omission_p3,omission_relative,"[-1000, 1000]",1062,3062,2062,4062,2000,true,None
230825,RRRR,omission_local_p4,omission_p4,omission_relative,"[-1000, 1000]",2093,4093,3093,5093,2000,true,None
230825,RRRX,full_sequence,p1,p1_relative,"[-1000, 4124]",-1000,4124,0,5124,5124,true,None
230825,RRRX,omission_local,omission,omission_relative,"[-1000, 1000]",2093,4093,3093,5093,2000,true,None
230825,RRXR,full_sequence,p1,p1_relative,"[-1000, 4124]",-1000,4124,0,5124,5124,true,None
230825,RRXR,omission_local,omission,omission_relative,"[-1000, 1000]",1062,3062,2062,4062,2000,true,None
230825,RXRR,full_sequence,p1,p1_relative,"[-1000, 4124]",-1000,4124,0,5124,5124,true,None
230825,RXRR,omission_local,omission,omission_relative,"[-1000, 1000]",31,2031,1031,3031,2000,true,None
230830,AAAB,full_sequence,p1,p1_relative,"[-1000, 4124]",-1000,4124,0,5124,5124,true,None
230830,AAAB,omission_local_p2,omission_p2,omission_relative,"[-1000, 1000]",31,2031,1031,3031,2000,true,None
230830,AAAB,omission_local_p3,omission_p3,omission_relative,"[-1000, 1000]",1062,3062,2062,4062,2000,true,None
230830,AAAB,omission_local_p4,omission_p4,omission_relative,"[-1000, 1000]",2093,4093,3093,5093,2000,true,None
230830,AAAX,full_sequence,p1,p1_relative,"[-1000, 4124]",-1000,4124,0,5124,5124,true,None
230830,AAAX,omission_local,omission,omission_relative,"[-1000, 1000]",2093,4093,3093,5093,2000,true,None
230830,AAXB,full_sequence,p1,p1_relative,"[-1000, 4124]",-1000,4124,0,5124,5124,true,None
230830,AAXB,omission_local,omission,omission_relative,"[-1000, 1000]",1062,3062,2062,4062,2000,true,None
230830,AXAB,full_sequence,p1,p1_relative,"[-1000, 4124]",-1000,4124,0,5124,5124,true,None
230830,AXAB,omission_local,omission,omission_relative,"[-1000, 1000]",31,2031,1031,3031,2000,true,None
230830,BBBA,full_sequence,p1,p1_relative,"[-1000, 4124]",-1000,4124,0,5124,5124,true,None
230830,BBBA,omission_local_p2,omission_p2,omission_relative,"[-1000, 1000]",31,2031,1031,3031,2000,true,None
230830,BBBA,omission_local_p3,omission_p3,omission_relative,"[-1000, 1000]",1062,3062,2062,4062,2000,true,None
230830,BBBA,omission_local_p4,omission_p4,omission_relative,"[-1000, 1000]",2093,4093,3093,5093,2000,true,None
230830,BBBX,full_sequence,p1,p1_relative,"[-1000, 4124]",-1000,4124,0,5124,5124,true,None
230830,BBBX,omission_local,omission,omission_relative,"[-1000, 1000]",2093,4093,3093,5093,2000,true,None
230830,BBXA,full_sequence,p1,p1_relative,"[-1000, 4124]",-1000,4124,0,5124,5124,true,None
230830,BBXA,omission_local,omission,omission_relative,"[-1000, 1000]",1062,3062,2062,4062,2000,true,None
230830,BXBA,full_sequence,p1,p1_relative,"[-1000, 4124]",-1000,4124,0,5124,5124,true,None
230830,BXBA,omission_local,omission,omission_relative,"[-1000, 1000]",31,2031,1031,3031,2000,true,None
230830,RRRR,full_sequence,p1,p1_relative,"[-1000, 4124]",-1000,4124,0,5124,5124,true,None
230830,RRRR,omission_local_p2,omission_p2,omission_relative,"[-1000, 1000]",31,2031,1031,3031,2000,true,None
230830,RRRR,omission_local_p3,omission_p3,omission_relative,"[-1000, 1000]",1062,3062,2062,4062,2000,true,None
230830,RRRR,omission_local_p4,omission_p4,omission_relative,"[-1000, 1000]",2093,4093,3093,5093,2000,true,None
230830,RRRX,full_sequence,p1,p1_relative,"[-1000, 4124]",-1000,4124,0,5124,5124,true,None
230830,RRRX,omission_local,omission,omission_relative,"[-1000, 1000]",2093,4093,3093,5093,2000,true,None
230830,RRXR,full_sequence,p1,p1_relative,"[-1000, 4124]",-1000,4124,0,5124,5124,true,None
230830,RRXR,omission_local,omission,omission_relative,"[-1000, 1000]",1062,3062,2062,4062,2000,true,None
230830,RXRR,full_sequence,p1,p1_relative,"[-1000, 4124]",-1000,4124,0,5124,5124,true,None
230830,RXRR,omission_local,omission,omission_relative,"[-1000, 1000]",31,2031,1031,3031,2000,true,None
230830,AAAB,full_sequence,p1,p1_relative,"[-1000, 4124]",-1000,4124,0,5124,5124,true,None
230830,AAAB,omission_local_p2,omission_p2,omission_relative,"[-1000, 1000]",31,2031,1031,3031,2000,true,None
230830,AAAB,omission_local_p3,omission_p3,omission_relative,"[-1000, 1000]",1062,3062,2062,4062,2000,true,None
230830,AAAB,omission_local_p4,omission_p4,omission_relative,"[-1000, 1000]",2093,4093,3093,5093,2000,true,None
230830,AAAX,full_sequence,p1,p1_relative,"[-1000, 4124]",-1000,4124,0,5124,5124,true,None
230830,AAAX,omission_local,omission,omission_relative,"[-1000, 1000]",2093,4093,3093,5093,2000,true,None
230830,AAXB,full_sequence,p1,p1_relative,"[-1000, 4124]",-1000,4124,0,5124,5124,true,None
230830,AAXB,omission_local,omission,omission_relative,"[-1000, 1000]",1062,3062,2062,4062,2000,true,None
230830,AXAB,full_sequence,p1,p1_relative,"[-1000, 4124]",-1000,4124,0,5124,5124,true,None
230830,AXAB,omission_local,omission,omission_relative,"[-1000, 1000]",31,2031,1031,3031,2000,true,None
230830,BBBA,full_sequence,p1,p1_relative,"[-1000, 4124]",-1000,4124,0,5124,5124,true,None
230830,BBBA,omission_local_p2,omission_p2,omission_relative,"[-1000, 1000]",31,2031,1031,3031,2000,true,None
230830,BBBA,omission_local_p3,omission_p3,omission_relative,"[-1000, 1000]",1062,3062,2062,4062,2000,true,None
230830,BBBA,omission_local_p4,omission_p4,omission_relative,"[-1000, 1000]",2093,4093,3093,5093,2000,true,None
230830,BBBX,full_sequence,p1,p1_relative,"[-1000, 4124]",-1000,4124,0,5124,5124,true,None
230830,BBBX,omission_local,omission,omission_relative,"[-1000, 1000]",2093,4093,3093,5093,2000,true,None
230830,BBXA,full_sequence,p1,p1_relative,"[-1000, 4124]",-1000,4124,0,5124,5124,true,None
230830,BBXA,omission_local,omission,omission_relative,"[-1000, 1000]",1062,3062,2062,4062,2000,true,None
230830,BXBA,full_sequence,p1,p1_relative,"[-1000, 4124]",-1000,4124,0,5124,5124,true,None
230830,BXBA,omission_local,omission,omission_relative,"[-1000, 1000]",31,2031,1031,3031,2000,true,None
230830,RRRR,full_sequence,p1,p1_relative,"[-1000, 4124]",-1000,4124,0,5124,5124,true,None
230830,RRRR,omission_local_p2,omission_p2,omission_relative,"[-1000, 1000]",31,2031,1031,3031,2000,true,None
230830,RRRR,omission_local_p3,omission_p3,omission_relative,"[-1000, 1000]",1062,3062,2062,4062,2000,true,None
230830,RRRR,omission_local_p4,omission_p4,omission_relative,"[-1000, 1000]",2093,4093,3093,5093,2000,true,None
230830,RRRX,full_sequence,p1,p1_relative,"[-1000, 4124]",-1000,4124,0,5124,5124,true,None
230830,RRRX,omission_local,omission,omission_relative,"[-1000, 1000]",2093,4093,3093,5093,2000,true,None
230830,RRXR,full_sequence,p1,p1_relative,"[-1000, 4124]",-1000,4124,0,5124,5124,true,None
230830,RRXR,omission_local,omission,omission_relative,"[-1000, 1000]",1062,3062,2062,4062,2000,true,None
230830,RXRR,full_sequence,p1,p1_relative,"[-1000, 4124]",-1000,4124,0,5124,5124,true,None
230830,RXRR,omission_local,omission,omission_relative,"[-1000, 1000]",31,2031,1031,3031,2000,true,None
230830,AAAB,full_sequence,p1,p1_relative,"[-1000, 4124]",-1000,4124,0,5124,5124,true,None
230830,AAAB,omission_local_p2,omission_p2,omission_relative,"[-1000, 1000]",31,2031,1031,3031,2000,true,None
230830,AAAB,omission_local_p3,omission_p3,omission_relative,"[-1000, 1000]",1062,3062,2062,4062,2000,true,None
230830,AAAB,omission_local_p4,omission_p4,omission_relative,"[-1000, 1000]",2093,4093,3093,5093,2000,true,None
230830,AAAX,full_sequence,p1,p1_relative,"[-1000, 4124]",-1000,4124,0,5124,5124,true,None
230830,AAAX,omission_local,omission,omission_relative,"[-1000, 1000]",2093,4093,3093,5093,2000,true,None
230830,AAXB,full_sequence,p1,p1_relative,"[-1000, 4124]",-1000,4124,0,5124,5124,true,None
230830,AAXB,omission_local,omission,omission_relative,"[-1000, 1000]",1062,3062,2062,4062,2000,true,None
230830,AXAB,full_sequence,p1,p1_relative,"[-1000, 4124]",-1000,4124,0,5124,5124,true,None
230830,AXAB,omission_local,omission,omission_relative,"[-1000, 1000]",31,2031,1031,3031,2000,true,None
230830,BBBA,full_sequence,p1,p1_relative,"[-1000, 4124]",-1000,4124,0,5124,5124,true,None
230830,BBBA,omission_local_p2,omission_p2,omission_relative,"[-1000, 1000]",31,2031,1031,3031,2000,true,None
230830,BBBA,omission_local_p3,omission_p3,omission_relative,"[-1000, 1000]",1062,3062,2062,4062,2000,true,None
230830,BBBA,omission_local_p4,omission_p4,omission_relative,"[-1000, 1000]",2093,4093,3093,5093,2000,true,None
230830,BBBX,full_sequence,p1,p1_relative,"[-1000, 4124]",-1000,4124,0,5124,5124,true,None
230830,BBBX,omission_local,omission,omission_relative,"[-1000, 1000]",2093,4093,3093,5093,2000,true,None
230830,BBXA,full_sequence,p1,p1_relative,"[-1000, 4124]",-1000,4124,0,5124,5124,true,None
230830,BBXA,omission_local,omission,omission_relative,"[-1000, 1000]",1062,3062,2062,4062,2000,true,None
230830,BXBA,full_sequence,p1,p1_relative,"[-1000, 4124]",-1000,4124,0,5124,5124,true,None
230830,BXBA,omission_local,omission,omission_relative,"[-1000, 1000]",31,2031,1031,3031,2000,true,None
230830,RRRR,full_sequence,p1,p1_relative,"[-1000, 4124]",-1000,4124,0,5124,5124,true,None
230830,RRRR,omission_local_p2,omission_p2,omission_relative,"[-1000, 1000]",31,2031,1031,3031,2000,true,None
230830,RRRR,omission_local_p3,omission_p3,omission_relative,"[-1000, 1000]",1062,3062,2062,4062,2000,true,None
230830,RRRR,omission_local_p4,omission_p4,omission_relative,"[-1000, 1000]",2093,4093,3093,5093,2000,true,None
230830,RRRX,full_sequence,p1,p1_relative,"[-1000, 4124]",-1000,4124,0,5124,5124,true,None
230830,RRRX,omission_local,omission,omission_relative,"[-1000, 1000]",2093,4093,3093,5093,2000,true,None
230830,RRXR,full_sequence,p1,p1_relative,"[-1000, 4124]",-1000,4124,0,5124,5124,true,None
230830,RRXR,omission_local,omission,omission_relative,"[-1000, 1000]",1062,3062,2062,4062,2000,true,None
230830,RXRR,full_sequence,p1,p1_relative,"[-1000, 4124]",-1000,4124,0,5124,5124,true,None
230830,RXRR,omission_local,omission,omission_relative,"[-1000, 1000]",31,2031,1031,3031,2000,true,None
230831,AAAB,full_sequence,p1,p1_relative,"[-1000, 4124]",-1000,4124,0,5124,5124,true,None
230831,AAAB,omission_local_p2,omission_p2,omission_relative,"[-1000, 1000]",31,2031,1031,3031,2000,true,None
230831,AAAB,omission_local_p3,omission_p3,omission_relative,"[-1000, 1000]",1062,3062,2062,4062,2000,true,None
230831,AAAB,omission_local_p4,omission_p4,omission_relative,"[-1000, 1000]",2093,4093,3093,5093,2000,true,None
230831,AAAX,full_sequence,p1,p1_relative,"[-1000, 4124]",-1000,4124,0,5124,5124,true,None
230831,AAAX,omission_local,omission,omission_relative,"[-1000, 1000]",2093,4093,3093,5093,2000,true,None
230831,AAXB,full_sequence,p1,p1_relative,"[-1000, 4124]",-1000,4124,0,5124,5124,true,None
230831,AAXB,omission_local,omission,omission_relative,"[-1000, 1000]",1062,3062,2062,4062,2000,true,None
230831,AXAB,full_sequence,p1,p1_relative,"[-1000, 4124]",-1000,4124,0,5124,5124,true,None
230831,AXAB,omission_local,omission,omission_relative,"[-1000, 1000]",31,2031,1031,3031,2000,true,None
230831,BBBA,full_sequence,p1,p1_relative,"[-1000, 4124]",-1000,4124,0,5124,5124,true,None
230831,BBBA,omission_local_p2,omission_p2,omission_relative,"[-1000, 1000]",31,2031,1031,3031,2000,true,None
230831,BBBA,omission_local_p3,omission_p3,omission_relative,"[-1000, 1000]",1062,3062,2062,4062,2000,true,None
230831,BBBA,omission_local_p4,omission_p4,omission_relative,"[-1000, 1000]",2093,4093,3093,5093,2000,true,None
230831,BBBX,full_sequence,p1,p1_relative,"[-1000, 4124]",-1000,4124,0,5124,5124,true,None
230831,BBBX,omission_local,omission,omission_relative,"[-1000, 1000]",2093,4093,3093,5093,2000,true,None
230831,BBXA,full_sequence,p1,p1_relative,"[-1000, 4124]",-1000,4124,0,5124,5124,true,None
230831,BBXA,omission_local,omission,omission_relative,"[-1000, 1000]",1062,3062,2062,4062,2000,true,None
230831,BXBA,full_sequence,p1,p1_relative,"[-1000, 4124]",-1000,4124,0,5124,5124,true,None
230831,BXBA,omission_local,omission,omission_relative,"[-1000, 1000]",31,2031,1031,3031,2000,true,None
230831,RRRR,full_sequence,p1,p1_relative,"[-1000, 4124]",-1000,4124,0,5124,5124,true,None
230831,RRRR,omission_local_p2,omission_p2,omission_relative,"[-1000, 1000]",31,2031,1031,3031,2000,true,None
230831,RRRR,omission_local_p3,omission_p3,omission_relative,"[-1000, 1000]",1062,3062,2062,4062,2000,true,None
230831,RRRR,omission_local_p4,omission_p4,omission_relative,"[-1000, 1000]",2093,4093,3093,5093,2000,true,None
230831,RRRX,full_sequence,p1,p1_relative,"[-1000, 4124]",-1000,4124,0,5124,5124,true,None
230831,RRRX,omission_local,omission,omission_relative,"[-1000, 1000]",2093,4093,3093,5093,2000,true,None
230831,RRXR,full_sequence,p1,p1_relative,"[-1000, 4124]",-1000,4124,0,5124,5124,true,None
230831,RRXR,omission_local,omission,omission_relative,"[-1000, 1000]",1062,3062,2062,4062,2000,true,None
230831,RXRR,full_sequence,p1,p1_relative,"[-1000, 4124]",-1000,4124,0,5124,5124,true,None
230831,RXRR,omission_local,omission,omission_relative,"[-1000, 1000]",31,2031,1031,3031,2000,true,None
230831,AAAB,full_sequence,p1,p1_relative,"[-1000, 4124]",-1000,4124,0,5124,5124,true,None
230831,AAAB,omission_local_p2,omission_p2,omission_relative,"[-1000, 1000]",31,2031,1031,3031,2000,true,None
230831,AAAB,omission_local_p3,omission_p3,omission_relative,"[-1000, 1000]",1062,3062,2062,4062,2000,true,None
230831,AAAB,omission_local_p4,omission_p4,omission_relative,"[-1000, 1000]",2093,4093,3093,5093,2000,true,None
230831,AAAX,full_sequence,p1,p1_relative,"[-1000, 4124]",-1000,4124,0,5124,5124,true,None
230831,AAAX,omission_local,omission,omission_relative,"[-1000, 1000]",2093,4093,3093,5093,2000,true,None
230831,AAXB,full_sequence,p1,p1_relative,"[-1000, 4124]",-1000,4124,0,5124,5124,true,None
230831,AAXB,omission_local,omission,omission_relative,"[-1000, 1000]",1062,3062,2062,4062,2000,true,None
230831,AXAB,full_sequence,p1,p1_relative,"[-1000, 4124]",-1000,4124,0,5124,5124,true,None
230831,AXAB,omission_local,omission,omission_relative,"[-1000, 1000]",31,2031,1031,3031,2000,true,None
230831,BBBA,full_sequence,p1,p1_relative,"[-1000, 4124]",-1000,4124,0,5124,5124,true,None
230831,BBBA,omission_local_p2,omission_p2,omission_relative,"[-1000, 1000]",31,2031,1031,3031,2000,true,None
230831,BBBA,omission_local_p3,omission_p3,omission_relative,"[-1000, 1000]",1062,3062,2062,4062,2000,true,None
230831,BBBA,omission_local_p4,omission_p4,omission_relative,"[-1000, 1000]",2093,4093,3093,5093,2000,true,None
230831,BBBX,full_sequence,p1,p1_relative,"[-1000, 4124]",-1000,4124,0,5124,5124,true,None
230831,BBBX,omission_local,omission,omission_relative,"[-1000, 1000]",2093,4093,3093,5093,2000,true,None
230831,BBXA,full_sequence,p1,p1_relative,"[-1000, 4124]",-1000,4124,0,5124,5124,true,None
230831,BBXA,omission_local,omission,omission_relative,"[-1000, 1000]",1062,3062,2062,4062,2000,true,None
230831,BXBA,full_sequence,p1,p1_relative,"[-1000, 4124]",-1000,4124,0,5124,5124,true,None
230831,BXBA,omission_local,omission,omission_relative,"[-1000, 1000]",31,2031,1031,3031,2000,true,None
230831,RRRR,full_sequence,p1,p1_relative,"[-1000, 4124]",-1000,4124,0,5124,5124,true,None
230831,RRRR,omission_local_p2,omission_p2,omission_relative,"[-1000, 1000]",31,2031,1031,3031,2000,true,None
230831,RRRR,omission_local_p3,omission_p3,omission_relative,"[-1000, 1000]",1062,3062,2062,4062,2000,true,None
230831,RRRR,omission_local_p4,omission_p4,omission_relative,"[-1000, 1000]",2093,4093,3093,5093,2000,true,None
230831,RRRX,full_sequence,p1,p1_relative,"[-1000, 4124]",-1000,4124,0,5124,5124,true,None
230831,RRRX,omission_local,omission,omission_relative,"[-1000, 1000]",2093,4093,3093,5093,2000,true,None
230831,RRXR,full_sequence,p1,p1_relative,"[-1000, 4124]",-1000,4124,0,5124,5124,true,None
230831,RRXR,omission_local,omission,omission_relative,"[-1000, 1000]",1062,3062,2062,4062,2000,true,None
230831,RXRR,full_sequence,p1,p1_relative,"[-1000, 4124]",-1000,4124,0,5124,5124,true,None
230831,RXRR,omission_local,omission,omission_relative,"[-1000, 1000]",31,2031,1031,3031,2000,true,None
230831,AAAB,full_sequence,p1,p1_relative,"[-1000, 4124]",-1000,4124,0,5124,5124,true,None
230831,AAAB,omission_local_p2,omission_p2,omission_relative,"[-1000, 1000]",31,2031,1031,3031,2000,true,None
230831,AAAB,omission_local_p3,omission_p3,omission_relative,"[-1000, 1000]",1062,3062,2062,4062,2000,true,None
230831,AAAB,omission_local_p4,omission_p4,omission_relative,"[-1000, 1000]",2093,4093,3093,5093,2000,true,None
230831,AAAX,full_sequence,p1,p1_relative,"[-1000, 4124]",-1000,4124,0,5124,5124,true,None
230831,AAAX,omission_local,omission,omission_relative,"[-1000, 1000]",2093,4093,3093,5093,2000,true,None
230831,AAXB,full_sequence,p1,p1_relative,"[-1000, 4124]",-1000,4124,0,5124,5124,true,None
230831,AAXB,omission_local,omission,omission_relative,"[-1000, 1000]",1062,3062,2062,4062,2000,true,None
230831,AXAB,full_sequence,p1,p1_relative,"[-1000, 4124]",-1000,4124,0,5124,5124,true,None
230831,AXAB,omission_local,omission,omission_relative,"[-1000, 1000]",31,2031,1031,3031,2000,true,None
230831,BBBA,full_sequence,p1,p1_relative,"[-1000, 4124]",-1000,4124,0,5124,5124,true,None
230831,BBBA,omission_local_p2,omission_p2,omission_relative,"[-1000, 1000]",31,2031,1031,3031,2000,true,None
230831,BBBA,omission_local_p3,omission_p3,omission_relative,"[-1000, 1000]",1062,3062,2062,4062,2000,true,None
230831,BBBA,omission_local_p4,omission_p4,omission_relative,"[-1000, 1000]",2093,4093,3093,5093,2000,true,None
230831,BBBX,full_sequence,p1,p1_relative,"[-1000, 4124]",-1000,4124,0,5124,5124,true,None
230831,BBBX,omission_local,omission,omission_relative,"[-1000, 1000]",2093,4093,3093,5093,2000,true,None
230831,BBXA,full_sequence,p1,p1_relative,"[-1000, 4124]",-1000,4124,0,5124,5124,true,None
230831,BBXA,omission_local,omission,omission_relative,"[-1000, 1000]",1062,3062,2062,4062,2000,true,None
230831,BXBA,full_sequence,p1,p1_relative,"[-1000, 4124]",-1000,4124,0,5124,5124,true,None
230831,BXBA,omission_local,omission,omission_relative,"[-1000, 1000]",31,2031,1031,3031,2000,true,None
230831,RRRR,full_sequence,p1,p1_relative,"[-1000, 4124]",-1000,4124,0,5124,5124,true,None
230831,RRRR,omission_local_p2,omission_p2,omission_relative,"[-1000, 1000]",31,2031,1031,3031,2000,true,None
230831,RRRR,omission_local_p3,omission_p3,omission_relative,"[-1000, 1000]",1062,3062,2062,4062,2000,true,None
230831,RRRR,omission_local_p4,omission_p4,omission_relative,"[-1000, 1000]",2093,4093,3093,5093,2000,true,None
230831,RRRX,full_sequence,p1,p1_relative,"[-1000, 4124]",-1000,4124,0,5124,5124,true,None
230831,RRRX,omission_local,omission,omission_relative,"[-1000, 1000]",2093,4093,3093,5093,2000,true,None
230831,RRXR,full_sequence,p1,p1_relative,"[-1000, 4124]",-1000,4124,0,5124,5124,true,None
230831,RRXR,omission_local,omission,omission_relative,"[-1000, 1000]",1062,3062,2062,4062,2000,true,None
230831,RXRR,full_sequence,p1,p1_relative,"[-1000, 4124]",-1000,4124,0,5124,5124,true,None
230831,RXRR,omission_local,omission,omission_relative,"[-1000, 1000]",31,2031,1031,3031,2000,true,None
230901,AAAB,full_sequence,p1,p1_relative,"[-1000, 4124]",-1000,4124,0,5124,5124,true,None
230901,AAAB,omission_local_p2,omission_p2,omission_relative,"[-1000, 1000]",31,2031,1031,3031,2000,true,None
230901,AAAB,omission_local_p3,omission_p3,omission_relative,"[-1000, 1000]",1062,3062,2062,4062,2000,true,None
230901,AAAB,omission_local_p4,omission_p4,omission_relative,"[-1000, 1000]",2093,4093,3093,5093,2000,true,None
230901,AAAX,full_sequence,p1,p1_relative,"[-1000, 4124]",-1000,4124,0,5124,5124,true,None
230901,AAAX,omission_local,omission,omission_relative,"[-1000, 1000]",2093,4093,3093,5093,2000,true,None
230901,AAXB,full_sequence,p1,p1_relative,"[-1000, 4124]",-1000,4124,0,5124,5124,true,None
230901,AAXB,omission_local,omission,omission_relative,"[-1000, 1000]",1062,3062,2062,4062,2000,true,None
230901,AXAB,full_sequence,p1,p1_relative,"[-1000, 4124]",-1000,4124,0,5124,5124,true,None
230901,AXAB,omission_local,omission,omission_relative,"[-1000, 1000]",31,2031,1031,3031,2000,true,None
230901,BBBA,full_sequence,p1,p1_relative,"[-1000, 4124]",-1000,4124,0,5124,5124,true,None
230901,BBBA,omission_local_p2,omission_p2,omission_relative,"[-1000, 1000]",31,2031,1031,3031,2000,true,None
230901,BBBA,omission_local_p3,omission_p3,omission_relative,"[-1000, 1000]",1062,3062,2062,4062,2000,true,None
230901,BBBA,omission_local_p4,omission_p4,omission_relative,"[-1000, 1000]",2093,4093,3093,5093,2000,true,None
230901,BBBX,full_sequence,p1,p1_relative,"[-1000, 4124]",-1000,4124,0,5124,5124,true,None
230901,BBBX,omission_local,omission,omission_relative,"[-1000, 1000]",2093,4093,3093,5093,2000,true,None
230901,BBXA,full_sequence,p1,p1_relative,"[-1000, 4124]",-1000,4124,0,5124,5124,true,None
230901,BBXA,omission_local,omission,omission_relative,"[-1000, 1000]",1062,3062,2062,4062,2000,true,None
230901,BXBA,full_sequence,p1,p1_relative,"[-1000, 4124]",-1000,4124,0,5124,5124,true,None
230901,BXBA,omission_local,omission,omission_relative,"[-1000, 1000]",31,2031,1031,3031,2000,true,None
230901,RRRR,full_sequence,p1,p1_relative,"[-1000, 4124]",-1000,4124,0,5124,5124,true,None
230901,RRRR,omission_local_p2,omission_p2,omission_relative,"[-1000, 1000]",31,2031,1031,3031,2000,true,None
230901,RRRR,omission_local_p3,omission_p3,omission_relative,"[-1000, 1000]",1062,3062,2062,4062,2000,true,None
230901,RRRR,omission_local_p4,omission_p4,omission_relative,"[-1000, 1000]",2093,4093,3093,5093,2000,true,None
230901,RRRX,full_sequence,p1,p1_relative,"[-1000, 4124]",-1000,4124,0,5124,5124,true,None
230901,RRRX,omission_local,omission,omission_relative,"[-1000, 1000]",2093,4093,3093,5093,2000,true,None
230901,RRXR,full_sequence,p1,p1_relative,"[-1000, 4124]",-1000,4124,0,5124,5124,true,None
230901,RRXR,omission_local,omission,omission_relative,"[-1000, 1000]",1062,3062,2062,4062,2000,true,None
230901,RXRR,full_sequence,p1,p1_relative,"[-1000, 4124]",-1000,4124,0,5124,5124,true,None
230901,RXRR,omission_local,omission,omission_relative,"[-1000, 1000]",31,2031,1031,3031,2000,true,None
230901,AAAB,full_sequence,p1,p1_relative,"[-1000, 4124]",-1000,4124,0,5124,5124,true,None
230901,AAAB,omission_local_p2,omission_p2,omission_relative,"[-1000, 1000]",31,2031,1031,3031,2000,true,None
230901,AAAB,omission_local_p3,omission_p3,omission_relative,"[-1000, 1000]",1062,3062,2062,4062,2000,true,None
230901,AAAB,omission_local_p4,omission_p4,omission_relative,"[-1000, 1000]",2093,4093,3093,5093,2000,true,None
230901,AAAX,full_sequence,p1,p1_relative,"[-1000, 4124]",-1000,4124,0,5124,5124,true,None
230901,AAAX,omission_local,omission,omission_relative,"[-1000, 1000]",2093,4093,3093,5093,2000,true,None
230901,AAXB,full_sequence,p1,p1_relative,"[-1000, 4124]",-1000,4124,0,5124,5124,true,None
230901,AAXB,omission_local,omission,omission_relative,"[-1000, 1000]",1062,3062,2062,4062,2000,true,None
230901,AXAB,full_sequence,p1,p1_relative,"[-1000, 4124]",-1000,4124,0,5124,5124,true,None
230901,AXAB,omission_local,omission,omission_relative,"[-1000, 1000]",31,2031,1031,3031,2000,true,None
230901,BBBA,full_sequence,p1,p1_relative,"[-1000, 4124]",-1000,4124,0,5124,5124,true,None
230901,BBBA,omission_local_p2,omission_p2,omission_relative,"[-1000, 1000]",31,2031,1031,3031,2000,true,None
230901,BBBA,omission_local_p3,omission_p3,omission_relative,"[-1000, 1000]",1062,3062,2062,4062,2000,true,None
230901,BBBA,omission_local_p4,omission_p4,omission_relative,"[-1000, 1000]",2093,4093,3093,5093,2000,true,None
230901,BBBX,full_sequence,p1,p1_relative,"[-1000, 4124]",-1000,4124,0,5124,5124,true,None
230901,BBBX,omission_local,omission,omission_relative,"[-1000, 1000]",2093,4093,3093,5093,2000,true,None
230901,BBXA,full_sequence,p1,p1_relative,"[-1000, 4124]",-1000,4124,0,5124,5124,true,None
230901,BBXA,omission_local,omission,omission_relative,"[-1000, 1000]",1062,3062,2062,4062,2000,true,None
230901,BXBA,full_sequence,p1,p1_relative,"[-1000, 4124]",-1000,4124,0,5124,5124,true,None
230901,BXBA,omission_local,omission,omission_relative,"[-1000, 1000]",31,2031,1031,3031,2000,true,None
230901,RRRR,full_sequence,p1,p1_relative,"[-1000, 4124]",-1000,4124,0,5124,5124,true,None
230901,RRRR,omission_local_p2,omission_p2,omission_relative,"[-1000, 1000]",31,2031,1031,3031,2000,true,None
230901,RRRR,omission_local_p3,omission_p3,omission_relative,"[-1000, 1000]",1062,3062,2062,4062,2000,true,None
230901,RRRR,omission_local_p4,omission_p4,omission_relative,"[-1000, 1000]",2093,4093,3093,5093,2000,true,None
230901,RRRX,full_sequence,p1,p1_relative,"[-1000, 4124]",-1000,4124,0,5124,5124,true,None
230901,RRRX,omission_local,omission,omission_relative,"[-1000, 1000]",2093,4093,3093,5093,2000,true,None
230901,RRXR,full_sequence,p1,p1_relative,"[-1000, 4124]",-1000,4124,0,5124,5124,true,None
230901,RRXR,omission_local,omission,omission_relative,"[-1000, 1000]",1062,3062,2062,4062,2000,true,None
230901,RXRR,full_sequence,p1,p1_relative,"[-1000, 4124]",-1000,4124,0,5124,5124,true,None
230901,RXRR,omission_local,omission,omission_relative,"[-1000, 1000]",31,2031,1031,3031,2000,true,None
