session_id,condition,smoke_metric,value,units,n_trials,n_units,n_timepoints,computed_from_slice,interpretation_allowed
230629,AAAB,finite_fraction,1.000000,ratio,48,354,6000,true,false
230629,AAAB,nonnegative_fraction,1.000000,ratio,48,354,6000,true,false
230629,AAAB,total_nonzero_bins_preview,856,bins,48,354,6000,true,false
230629,AAAB,mean_rate_preview_if_units_known,1.426667,Hz,48,354,6000,true,false
230629,AAAB,trial_count,48,trials,48,354,6000,false,false
230629,AAAB,unit_count,354,units,48,354,6000,false,false
230629,AAAB,timepoint_count,6000,timepoints,48,354,6000,false,false
230629,AAAX,finite_fraction,1.000000,ratio,1,354,6000,true,false
230629,AAAX,nonnegative_fraction,1.000000,ratio,1,354,6000,true,false
230629,AAAX,total_nonzero_bins_preview,35,bins,1,354,6000,true,false
230629,AAAX,mean_rate_preview_if_units_known,1.166667,Hz,1,354,6000,true,false
230629,AAAX,trial_count,1,trials,1,354,6000,false,false
230629,AAAX,unit_count,354,units,1,354,6000,false,false
230629,AAAX,timepoint_count,6000,timepoints,1,354,6000,false,false
230629,AAXB,finite_fraction,1.000000,ratio,5,354,6000,true,false
230629,AAXB,nonnegative_fraction,1.000000,ratio,5,354,6000,true,false
230629,AAXB,total_nonzero_bins_preview,275,bins,5,354,6000,true,false
230629,AAXB,mean_rate_preview_if_units_known,1.833333,Hz,5,354,6000,true,false
230629,AAXB,trial_count,5,trials,5,354,6000,false,false
230629,AAXB,unit_count,354,units,5,354,6000,false,false
230629,AAXB,timepoint_count,6000,timepoints,5,354,6000,false,false
230629,AXAB,finite_fraction,1.000000,ratio,6,354,6000,true,false
230629,AXAB,nonnegative_fraction,1.000000,ratio,6,354,6000,true,false
230629,AXAB,total_nonzero_bins_preview,300,bins,6,354,6000,true,false
230629,AXAB,mean_rate_preview_if_units_known,1.666667,Hz,6,354,6000,true,false
230629,AXAB,trial_count,6,trials,6,354,6000,false,false
230629,AXAB,unit_count,354,units,6,354,6000,false,false
230629,AXAB,timepoint_count,6000,timepoints,6,354,6000,false,false
230629,BBBA,finite_fraction,1.000000,ratio,50,354,6000,true,false
230629,BBBA,nonnegative_fraction,1.000000,ratio,50,354,6000,true,false
230629,BBBA,total_nonzero_bins_preview,1081,bins,50,354,6000,true,false
230629,BBBA,mean_rate_preview_if_units_known,1.801667,Hz,50,354,6000,true,false
230629,BBBA,trial_count,50,trials,50,354,6000,false,false
230629,BBBA,unit_count,354,units,50,354,6000,false,false
230629,BBBA,timepoint_count,6000,timepoints,50,354,6000,false,false
230629,BBBX,finite_fraction,1.000000,ratio,2,354,6000,true,false
230629,BBBX,nonnegative_fraction,1.000000,ratio,2,354,6000,true,false
230629,BBBX,total_nonzero_bins_preview,94,bins,2,354,6000,true,false
230629,BBBX,mean_rate_preview_if_units_known,1.566667,Hz,2,354,6000,true,false
230629,BBBX,trial_count,2,trials,2,354,6000,false,false
230629,BBBX,unit_count,354,units,2,354,6000,false,false
230629,BBBX,timepoint_count,6000,timepoints,2,354,6000,false,false
230629,BBXA,finite_fraction,1.000000,ratio,3,354,6000,true,false
230629,BBXA,nonnegative_fraction,1.000000,ratio,3,354,6000,true,false
230629,BBXA,total_nonzero_bins_preview,132,bins,3,354,6000,true,false
230629,BBXA,mean_rate_preview_if_units_known,1.466667,Hz,3,354,6000,true,false
230629,BBXA,trial_count,3,trials,3,354,6000,false,false
230629,BBXA,unit_count,354,units,3,354,6000,false,false
230629,BBXA,timepoint_count,6000,timepoints,3,354,6000,false,false
230629,BXBA,finite_fraction,1.000000,ratio,5,354,6000,true,false
230629,BXBA,nonnegative_fraction,1.000000,ratio,5,354,6000,true,false
230629,BXBA,total_nonzero_bins_preview,284,bins,5,354,6000,true,false
230629,BXBA,mean_rate_preview_if_units_known,1.893333,Hz,5,354,6000,true,false
230629,BXBA,trial_count,5,trials,5,354,6000,false,false
230629,BXBA,unit_count,354,units,5,354,6000,false,false
230629,BXBA,timepoint_count,6000,timepoints,5,354,6000,false,false
230629,RRRR,finite_fraction,1.000000,ratio,84,354,6000,true,false
230629,RRRR,nonnegative_fraction,1.000000,ratio,84,354,6000,true,false
230629,RRRR,total_nonzero_bins_preview,1186,bins,84,354,6000,true,false
230629,RRRR,mean_rate_preview_if_units_known,1.976667,Hz,84,354,6000,true,false
230629,RRRR,trial_count,84,trials,84,354,6000,false,false
230629,RRRR,unit_count,354,units,84,354,6000,false,false
230629,RRRR,timepoint_count,6000,timepoints,84,354,6000,false,false
230629,RRRX,finite_fraction,1.000000,ratio,6,354,6000,true,false
230629,RRRX,nonnegative_fraction,1.000000,ratio,6,354,6000,true,false
230629,RRRX,total_nonzero_bins_preview,350,bins,6,354,6000,true,false
230629,RRRX,mean_rate_preview_if_units_known,1.944444,Hz,6,354,6000,true,false
230629,RRRX,trial_count,6,trials,6,354,6000,false,false
230629,RRRX,unit_count,354,units,6,354,6000,false,false
230629,RRRX,timepoint_count,6000,timepoints,6,354,6000,false,false
230629,RRXR,finite_fraction,1.000000,ratio,2,354,6000,true,false
230629,RRXR,nonnegative_fraction,1.000000,ratio,2,354,6000,true,false
230629,RRXR,total_nonzero_bins_preview,134,bins,2,354,6000,true,false
230629,RRXR,mean_rate_preview_if_units_known,2.233333,Hz,2,354,6000,true,false
230629,RRXR,trial_count,2,trials,2,354,6000,false,false
230629,RRXR,unit_count,354,units,2,354,6000,false,false
230629,RRXR,timepoint_count,6000,timepoints,2,354,6000,false,false
230629,RXRR,finite_fraction,1.000000,ratio,8,354,6000,true,false
230629,RXRR,nonnegative_fraction,1.000000,ratio,8,354,6000,true,false
230629,RXRR,total_nonzero_bins_preview,465,bins,8,354,6000,true,false
230629,RXRR,mean_rate_preview_if_units_known,1.937500,Hz,8,354,6000,true,false
230629,RXRR,trial_count,8,trials,8,354,6000,false,false
230629,RXRR,unit_count,354,units,8,354,6000,false,false
230629,RXRR,timepoint_count,6000,timepoints,8,354,6000,false,false
230629,AAAB,finite_fraction,1.000000,ratio,48,110,6000,true,false
230629,AAAB,nonnegative_fraction,1.000000,ratio,48,110,6000,true,false
230629,AAAB,total_nonzero_bins_preview,2669,bins,48,110,6000,true,false
230629,AAAB,mean_rate_preview_if_units_known,4.448333,Hz,48,110,6000,true,false
230629,AAAB,trial_count,48,trials,48,110,6000,false,false
230629,AAAB,unit_count,110,units,48,110,6000,false,false
230629,AAAB,timepoint_count,6000,timepoints,48,110,6000,false,false
230629,AAAX,finite_fraction,1.000000,ratio,1,110,6000,true,false
230629,AAAX,nonnegative_fraction,1.000000,ratio,1,110,6000,true,false
230629,AAAX,total_nonzero_bins_preview,105,bins,1,110,6000,true,false
230629,AAAX,mean_rate_preview_if_units_known,3.500000,Hz,1,110,6000,true,false
230629,AAAX,trial_count,1,trials,1,110,6000,false,false
230629,AAAX,unit_count,110,units,1,110,6000,false,false
230629,AAAX,timepoint_count,6000,timepoints,1,110,6000,false,false
230629,AAXB,finite_fraction,1.000000,ratio,5,110,6000,true,false
230629,AAXB,nonnegative_fraction,1.000000,ratio,5,110,6000,true,false
230629,AAXB,total_nonzero_bins_preview,623,bins,5,110,6000,true,false
230629,AAXB,mean_rate_preview_if_units_known,4.153333,Hz,5,110,6000,true,false
230629,AAXB,trial_count,5,trials,5,110,6000,false,false
230629,AAXB,unit_count,110,units,5,110,6000,false,false
230629,AAXB,timepoint_count,6000,timepoints,5,110,6000,false,false
230629,AXAB,finite_fraction,1.000000,ratio,6,110,6000,true,false
230629,AXAB,nonnegative_fraction,1.000000,ratio,6,110,6000,true,false
230629,AXAB,total_nonzero_bins_preview,740,bins,6,110,6000,true,false
230629,AXAB,mean_rate_preview_if_units_known,4.111111,Hz,6,110,6000,true,false
230629,AXAB,trial_count,6,trials,6,110,6000,false,false
230629,AXAB,unit_count,110,units,6,110,6000,false,false
230629,AXAB,timepoint_count,6000,timepoints,6,110,6000,false,false
230629,BBBA,finite_fraction,1.000000,ratio,50,110,6000,true,false
230629,BBBA,nonnegative_fraction,1.000000,ratio,50,110,6000,true,false
230629,BBBA,total_nonzero_bins_preview,2529,bins,50,110,6000,true,false
230629,BBBA,mean_rate_preview_if_units_known,4.215000,Hz,50,110,6000,true,false
230629,BBBA,trial_count,50,trials,50,110,6000,false,false
230629,BBBA,unit_count,110,units,50,110,6000,false,false
230629,BBBA,timepoint_count,6000,timepoints,50,110,6000,false,false
230629,BBBX,finite_fraction,1.000000,ratio,2,110,6000,true,false
230629,BBBX,nonnegative_fraction,1.000000,ratio,2,110,6000,true,false
230629,BBBX,total_nonzero_bins_preview,359,bins,2,110,6000,true,false
230629,BBBX,mean_rate_preview_if_units_known,5.983333,Hz,2,110,6000,true,false
230629,BBBX,trial_count,2,trials,2,110,6000,false,false
230629,BBBX,unit_count,110,units,2,110,6000,false,false
230629,BBBX,timepoint_count,6000,timepoints,2,110,6000,false,false
230629,BBXA,finite_fraction,1.000000,ratio,3,110,6000,true,false
230629,BBXA,nonnegative_fraction,1.000000,ratio,3,110,6000,true,false
230629,BBXA,total_nonzero_bins_preview,377,bins,3,110,6000,true,false
230629,BBXA,mean_rate_preview_if_units_known,4.188889,Hz,3,110,6000,true,false
230629,BBXA,trial_count,3,trials,3,110,6000,false,false
230629,BBXA,unit_count,110,units,3,110,6000,false,false
230629,BBXA,timepoint_count,6000,timepoints,3,110,6000,false,false
230629,BXBA,finite_fraction,1.000000,ratio,5,110,6000,true,false
230629,BXBA,nonnegative_fraction,1.000000,ratio,5,110,6000,true,false
230629,BXBA,total_nonzero_bins_preview,641,bins,5,110,6000,true,false
230629,BXBA,mean_rate_preview_if_units_known,4.273333,Hz,5,110,6000,true,false
230629,BXBA,trial_count,5,trials,5,110,6000,false,false
230629,BXBA,unit_count,110,units,5,110,6000,false,false
230629,BXBA,timepoint_count,6000,timepoints,5,110,6000,false,false
230629,RRRR,finite_fraction,1.000000,ratio,84,110,6000,true,false
230629,RRRR,nonnegative_fraction,1.000000,ratio,84,110,6000,true,false
230629,RRRR,total_nonzero_bins_preview,2360,bins,84,110,6000,true,false
230629,RRRR,mean_rate_preview_if_units_known,3.933333,Hz,84,110,6000,true,false
230629,RRRR,trial_count,84,trials,84,110,6000,false,false
230629,RRRR,unit_count,110,units,84,110,6000,false,false
230629,RRRR,timepoint_count,6000,timepoints,84,110,6000,false,false
230629,RRRX,finite_fraction,1.000000,ratio,6,110,6000,true,false
230629,RRRX,nonnegative_fraction,1.000000,ratio,6,110,6000,true,false
230629,RRRX,total_nonzero_bins_preview,866,bins,6,110,6000,true,false
230629,RRRX,mean_rate_preview_if_units_known,4.811111,Hz,6,110,6000,true,false
230629,RRRX,trial_count,6,trials,6,110,6000,false,false
230629,RRRX,unit_count,110,units,6,110,6000,false,false
230629,RRRX,timepoint_count,6000,timepoints,6,110,6000,false,false
230629,RRXR,finite_fraction,1.000000,ratio,2,110,6000,true,false
230629,RRXR,nonnegative_fraction,1.000000,ratio,2,110,6000,true,false
230629,RRXR,total_nonzero_bins_preview,299,bins,2,110,6000,true,false
230629,RRXR,mean_rate_preview_if_units_known,4.983333,Hz,2,110,6000,true,false
230629,RRXR,trial_count,2,trials,2,110,6000,false,false
230629,RRXR,unit_count,110,units,2,110,6000,false,false
230629,RRXR,timepoint_count,6000,timepoints,2,110,6000,false,false
230629,RXRR,finite_fraction,1.000000,ratio,8,110,6000,true,false
230629,RXRR,nonnegative_fraction,1.000000,ratio,8,110,6000,true,false
230629,RXRR,total_nonzero_bins_preview,1204,bins,8,110,6000,true,false
230629,RXRR,mean_rate_preview_if_units_known,5.016667,Hz,8,110,6000,true,false
230629,RXRR,trial_count,8,trials,8,110,6000,false,false
230629,RXRR,unit_count,110,units,8,110,6000,false,false
230629,RXRR,timepoint_count,6000,timepoints,8,110,6000,false,false
230630,AAAB,finite_fraction,1.000000,ratio,44,29,6000,true,false
230630,AAAB,nonnegative_fraction,1.000000,ratio,44,29,6000,true,false
230630,AAAB,total_nonzero_bins_preview,8233,bins,44,29,6000,true,false
230630,AAAB,mean_rate_preview_if_units_known,13.721667,Hz,44,29,6000,true,false
230630,AAAB,trial_count,44,trials,44,29,6000,false,false
230630,AAAB,unit_count,29,units,44,29,6000,false,false
230630,AAAB,timepoint_count,6000,timepoints,44,29,6000,false,false
230630,AAAX,finite_fraction,1.000000,ratio,3,29,6000,true,false
230630,AAAX,nonnegative_fraction,1.000000,ratio,3,29,6000,true,false
230630,AAAX,total_nonzero_bins_preview,1436,bins,3,29,6000,true,false
230630,AAAX,mean_rate_preview_if_units_known,15.955556,Hz,3,29,6000,true,false
230630,AAAX,trial_count,3,trials,3,29,6000,false,false
230630,AAAX,unit_count,29,units,3,29,6000,false,false
230630,AAAX,timepoint_count,6000,timepoints,3,29,6000,false,false
230630,AAXB,finite_fraction,1.000000,ratio,6,29,6000,true,false
230630,AAXB,nonnegative_fraction,1.000000,ratio,6,29,6000,true,false
230630,AAXB,total_nonzero_bins_preview,2554,bins,6,29,6000,true,false
230630,AAXB,mean_rate_preview_if_units_known,14.188889,Hz,6,29,6000,true,false
230630,AAXB,trial_count,6,trials,6,29,6000,false,false
230630,AAXB,unit_count,29,units,6,29,6000,false,false
230630,AAXB,timepoint_count,6000,timepoints,6,29,6000,false,false
230630,AXAB,finite_fraction,1.000000,ratio,7,29,6000,true,false
230630,AXAB,nonnegative_fraction,1.000000,ratio,7,29,6000,true,false
230630,AXAB,total_nonzero_bins_preview,2981,bins,7,29,6000,true,false
230630,AXAB,mean_rate_preview_if_units_known,14.195238,Hz,7,29,6000,true,false
230630,AXAB,trial_count,7,trials,7,29,6000,false,false
230630,AXAB,unit_count,29,units,7,29,6000,false,false
230630,AXAB,timepoint_count,6000,timepoints,7,29,6000,false,false
230630,BBBA,finite_fraction,1.000000,ratio,39,29,6000,true,false
230630,BBBA,nonnegative_fraction,1.000000,ratio,39,29,6000,true,false
230630,BBBA,total_nonzero_bins_preview,8538,bins,39,29,6000,true,false
230630,BBBA,mean_rate_preview_if_units_known,14.230000,Hz,39,29,6000,true,false
230630,BBBA,trial_count,39,trials,39,29,6000,false,false
230630,BBBA,unit_count,29,units,39,29,6000,false,false
230630,BBBA,timepoint_count,6000,timepoints,39,29,6000,false,false
230630,BBBX,finite_fraction,1.000000,ratio,8,29,6000,true,false
230630,BBBX,nonnegative_fraction,1.000000,ratio,8,29,6000,true,false
230630,BBBX,total_nonzero_bins_preview,3495,bins,8,29,6000,true,false
230630,BBBX,mean_rate_preview_if_units_known,14.562500,Hz,8,29,6000,true,false
230630,BBBX,trial_count,8,trials,8,29,6000,false,false
230630,BBBX,unit_count,29,units,8,29,6000,false,false
230630,BBBX,timepoint_count,6000,timepoints,8,29,6000,false,false
230630,BBXA,finite_fraction,1.000000,ratio,7,29,6000,true,false
230630,BBXA,nonnegative_fraction,1.000000,ratio,7,29,6000,true,false
230630,BBXA,total_nonzero_bins_preview,3130,bins,7,29,6000,true,false
230630,BBXA,mean_rate_preview_if_units_known,14.904762,Hz,7,29,6000,true,false
230630,BBXA,trial_count,7,trials,7,29,6000,false,false
230630,BBXA,unit_count,29,units,7,29,6000,false,false
230630,BBXA,timepoint_count,6000,timepoints,7,29,6000,false,false
230630,BXBA,finite_fraction,1.000000,ratio,6,29,6000,true,false
230630,BXBA,nonnegative_fraction,1.000000,ratio,6,29,6000,true,false
230630,BXBA,total_nonzero_bins_preview,2572,bins,6,29,6000,true,false
230630,BXBA,mean_rate_preview_if_units_known,14.288889,Hz,6,29,6000,true,false
230630,BXBA,trial_count,6,trials,6,29,6000,false,false
230630,BXBA,unit_count,29,units,6,29,6000,false,false
230630,BXBA,timepoint_count,6000,timepoints,6,29,6000,false,false
230630,RRRR,finite_fraction,1.000000,ratio,82,29,6000,true,false
230630,RRRR,nonnegative_fraction,1.000000,ratio,82,29,6000,true,false
230630,RRRR,total_nonzero_bins_preview,8366,bins,82,29,6000,true,false
230630,RRRR,mean_rate_preview_if_units_known,13.943333,Hz,82,29,6000,true,false
230630,RRRR,trial_count,82,trials,82,29,6000,false,false
230630,RRRR,unit_count,29,units,82,29,6000,false,false
230630,RRRR,timepoint_count,6000,timepoints,82,29,6000,false,false
230630,RRRX,finite_fraction,1.000000,ratio,9,29,6000,true,false
230630,RRRX,nonnegative_fraction,1.000000,ratio,9,29,6000,true,false
230630,RRRX,total_nonzero_bins_preview,4073,bins,9,29,6000,true,false
230630,RRRX,mean_rate_preview_if_units_known,15.085185,Hz,9,29,6000,true,false
230630,RRRX,trial_count,9,trials,9,29,6000,false,false
230630,RRRX,unit_count,29,units,9,29,6000,false,false
230630,RRRX,timepoint_count,6000,timepoints,9,29,6000,false,false
230630,RRXR,finite_fraction,1.000000,ratio,2,29,6000,true,false
230630,RRXR,nonnegative_fraction,1.000000,ratio,2,29,6000,true,false
230630,RRXR,total_nonzero_bins_preview,897,bins,2,29,6000,true,false
230630,RRXR,mean_rate_preview_if_units_known,14.950000,Hz,2,29,6000,true,false
230630,RRXR,trial_count,2,trials,2,29,6000,false,false
230630,RRXR,unit_count,29,units,2,29,6000,false,false
230630,RRXR,timepoint_count,6000,timepoints,2,29,6000,false,false
230630,RXRR,finite_fraction,1.000000,ratio,7,29,6000,true,false
230630,RXRR,nonnegative_fraction,1.000000,ratio,7,29,6000,true,false
230630,RXRR,total_nonzero_bins_preview,2855,bins,7,29,6000,true,false
230630,RXRR,mean_rate_preview_if_units_known,13.595238,Hz,7,29,6000,true,false
230630,RXRR,trial_count,7,trials,7,29,6000,false,false
230630,RXRR,unit_count,29,units,7,29,6000,false,false
230630,RXRR,timepoint_count,6000,timepoints,7,29,6000,false,false
230630,AAAB,finite_fraction,1.000000,ratio,44,88,6000,true,false
230630,AAAB,nonnegative_fraction,1.000000,ratio,44,88,6000,true,false
230630,AAAB,total_nonzero_bins_preview,145,bins,44,88,6000,true,false
230630,AAAB,mean_rate_preview_if_units_known,0.241667,Hz,44,88,6000,true,false
230630,AAAB,trial_count,44,trials,44,88,6000,false,false
230630,AAAB,unit_count,88,units,44,88,6000,false,false
230630,AAAB,timepoint_count,6000,timepoints,44,88,6000,false,false
230630,AAAX,finite_fraction,1.000000,ratio,3,88,6000,true,false
230630,AAAX,nonnegative_fraction,1.000000,ratio,3,88,6000,true,false
230630,AAAX,total_nonzero_bins_preview,19,bins,3,88,6000,true,false
230630,AAAX,mean_rate_preview_if_units_known,0.211111,Hz,3,88,6000,true,false
230630,AAAX,trial_count,3,trials,3,88,6000,false,false
230630,AAAX,unit_count,88,units,3,88,6000,false,false
230630,AAAX,timepoint_count,6000,timepoints,3,88,6000,false,false
230630,AAXB,finite_fraction,1.000000,ratio,6,88,6000,true,false
230630,AAXB,nonnegative_fraction,1.000000,ratio,6,88,6000,true,false
230630,AAXB,total_nonzero_bins_preview,54,bins,6,88,6000,true,false
230630,AAXB,mean_rate_preview_if_units_known,0.300000,Hz,6,88,6000,true,false
230630,AAXB,trial_count,6,trials,6,88,6000,false,false
230630,AAXB,unit_count,88,units,6,88,6000,false,false
230630,AAXB,timepoint_count,6000,timepoints,6,88,6000,false,false
230630,AXAB,finite_fraction,1.000000,ratio,7,88,6000,true,false
230630,AXAB,nonnegative_fraction,1.000000,ratio,7,88,6000,true,false
230630,AXAB,total_nonzero_bins_preview,52,bins,7,88,6000,true,false
230630,AXAB,mean_rate_preview_if_units_known,0.247619,Hz,7,88,6000,true,false
230630,AXAB,trial_count,7,trials,7,88,6000,false,false
230630,AXAB,unit_count,88,units,7,88,6000,false,false
230630,AXAB,timepoint_count,6000,timepoints,7,88,6000,false,false
230630,BBBA,finite_fraction,1.000000,ratio,39,88,6000,true,false
230630,BBBA,nonnegative_fraction,1.000000,ratio,39,88,6000,true,false
230630,BBBA,total_nonzero_bins_preview,198,bins,39,88,6000,true,false
230630,BBBA,mean_rate_preview_if_units_known,0.330000,Hz,39,88,6000,true,false
230630,BBBA,trial_count,39,trials,39,88,6000,false,false
230630,BBBA,unit_count,88,units,39,88,6000,false,false
230630,BBBA,timepoint_count,6000,timepoints,39,88,6000,false,false
230630,BBBX,finite_fraction,1.000000,ratio,8,88,6000,true,false
230630,BBBX,nonnegative_fraction,1.000000,ratio,8,88,6000,true,false
230630,BBBX,total_nonzero_bins_preview,90,bins,8,88,6000,true,false
230630,BBBX,mean_rate_preview_if_units_known,0.375000,Hz,8,88,6000,true,false
230630,BBBX,trial_count,8,trials,8,88,6000,false,false
230630,BBBX,unit_count,88,units,8,88,6000,false,false
230630,BBBX,timepoint_count,6000,timepoints,8,88,6000,false,false
230630,BBXA,finite_fraction,1.000000,ratio,7,88,6000,true,false
230630,BBXA,nonnegative_fraction,1.000000,ratio,7,88,6000,true,false
230630,BBXA,total_nonzero_bins_preview,97,bins,7,88,6000,true,false
230630,BBXA,mean_rate_preview_if_units_known,0.461905,Hz,7,88,6000,true,false
230630,BBXA,trial_count,7,trials,7,88,6000,false,false
230630,BBXA,unit_count,88,units,7,88,6000,false,false
230630,BBXA,timepoint_count,6000,timepoints,7,88,6000,false,false
230630,BXBA,finite_fraction,1.000000,ratio,6,88,6000,true,false
230630,BXBA,nonnegative_fraction,1.000000,ratio,6,88,6000,true,false
230630,BXBA,total_nonzero_bins_preview,67,bins,6,88,6000,true,false
230630,BXBA,mean_rate_preview_if_units_known,0.372222,Hz,6,88,6000,true,false
230630,BXBA,trial_count,6,trials,6,88,6000,false,false
230630,BXBA,unit_count,88,units,6,88,6000,false,false
230630,BXBA,timepoint_count,6000,timepoints,6,88,6000,false,false
230630,RRRR,finite_fraction,1.000000,ratio,82,88,6000,true,false
230630,RRRR,nonnegative_fraction,1.000000,ratio,82,88,6000,true,false
230630,RRRR,total_nonzero_bins_preview,269,bins,82,88,6000,true,false
230630,RRRR,mean_rate_preview_if_units_known,0.448333,Hz,82,88,6000,true,false
230630,RRRR,trial_count,82,trials,82,88,6000,false,false
230630,RRRR,unit_count,88,units,82,88,6000,false,false
230630,RRRR,timepoint_count,6000,timepoints,82,88,6000,false,false
230630,RRRX,finite_fraction,1.000000,ratio,9,88,6000,true,false
230630,RRRX,nonnegative_fraction,1.000000,ratio,9,88,6000,true,false
230630,RRRX,total_nonzero_bins_preview,113,bins,9,88,6000,true,false
230630,RRRX,mean_rate_preview_if_units_known,0.418519,Hz,9,88,6000,true,false
230630,RRRX,trial_count,9,trials,9,88,6000,false,false
230630,RRRX,unit_count,88,units,9,88,6000,false,false
230630,RRRX,timepoint_count,6000,timepoints,9,88,6000,false,false
230630,RRXR,finite_fraction,1.000000,ratio,2,88,6000,true,false
230630,RRXR,nonnegative_fraction,1.000000,ratio,2,88,6000,true,false
230630,RRXR,total_nonzero_bins_preview,42,bins,2,88,6000,true,false
230630,RRXR,mean_rate_preview_if_units_known,0.700000,Hz,2,88,6000,true,false
230630,RRXR,trial_count,2,trials,2,88,6000,false,false
230630,RRXR,unit_count,88,units,2,88,6000,false,false
230630,RRXR,timepoint_count,6000,timepoints,2,88,6000,false,false
230630,RXRR,finite_fraction,1.000000,ratio,7,88,6000,true,false
230630,RXRR,nonnegative_fraction,1.000000,ratio,7,88,6000,true,false
230630,RXRR,total_nonzero_bins_preview,108,bins,7,88,6000,true,false
230630,RXRR,mean_rate_preview_if_units_known,0.514286,Hz,7,88,6000,true,false
230630,RXRR,trial_count,7,trials,7,88,6000,false,false
230630,RXRR,unit_count,88,units,7,88,6000,false,false
230630,RXRR,timepoint_count,6000,timepoints,7,88,6000,false,false
230630,AAAB,finite_fraction,1.000000,ratio,44,50,6000,true,false
230630,AAAB,nonnegative_fraction,1.000000,ratio,44,50,6000,true,false
230630,AAAB,total_nonzero_bins_preview,7271,bins,44,50,6000,true,false
230630,AAAB,mean_rate_preview_if_units_known,12.118333,Hz,44,50,6000,true,false
230630,AAAB,trial_count,44,trials,44,50,6000,false,false
230630,AAAB,unit_count,50,units,44,50,6000,false,false
230630,AAAB,timepoint_count,6000,timepoints,44,50,6000,false,false
230630,AAAX,finite_fraction,1.000000,ratio,3,50,6000,true,false
230630,AAAX,nonnegative_fraction,1.000000,ratio,3,50,6000,true,false
230630,AAAX,total_nonzero_bins_preview,1253,bins,3,50,6000,true,false
230630,AAAX,mean_rate_preview_if_units_known,13.922222,Hz,3,50,6000,true,false
230630,AAAX,trial_count,3,trials,3,50,6000,false,false
230630,AAAX,unit_count,50,units,3,50,6000,false,false
230630,AAAX,timepoint_count,6000,timepoints,3,50,6000,false,false
230630,AAXB,finite_fraction,1.000000,ratio,6,50,6000,true,false
230630,AAXB,nonnegative_fraction,1.000000,ratio,6,50,6000,true,false
230630,AAXB,total_nonzero_bins_preview,2494,bins,6,50,6000,true,false
230630,AAXB,mean_rate_preview_if_units_known,13.855556,Hz,6,50,6000,true,false
230630,AAXB,trial_count,6,trials,6,50,6000,false,false
230630,AAXB,unit_count,50,units,6,50,6000,false,false
230630,AAXB,timepoint_count,6000,timepoints,6,50,6000,false,false
230630,AXAB,finite_fraction,1.000000,ratio,7,50,6000,true,false
230630,AXAB,nonnegative_fraction,1.000000,ratio,7,50,6000,true,false
230630,AXAB,total_nonzero_bins_preview,2779,bins,7,50,6000,true,false
230630,AXAB,mean_rate_preview_if_units_known,13.233333,Hz,7,50,6000,true,false
230630,AXAB,trial_count,7,trials,7,50,6000,false,false
230630,AXAB,unit_count,50,units,7,50,6000,false,false
230630,AXAB,timepoint_count,6000,timepoints,7,50,6000,false,false
230630,BBBA,finite_fraction,1.000000,ratio,39,50,6000,true,false
230630,BBBA,nonnegative_fraction,1.000000,ratio,39,50,6000,true,false
230630,BBBA,total_nonzero_bins_preview,10328,bins,39,50,6000,true,false
230630,BBBA,mean_rate_preview_if_units_known,17.213333,Hz,39,50,6000,true,false
230630,BBBA,trial_count,39,trials,39,50,6000,false,false
230630,BBBA,unit_count,50,units,39,50,6000,false,false
230630,BBBA,timepoint_count,6000,timepoints,39,50,6000,false,false
230630,BBBX,finite_fraction,1.000000,ratio,8,50,6000,true,false
230630,BBBX,nonnegative_fraction,1.000000,ratio,8,50,6000,true,false
230630,BBBX,total_nonzero_bins_preview,4139,bins,8,50,6000,true,false
230630,BBBX,mean_rate_preview_if_units_known,17.245833,Hz,8,50,6000,true,false
230630,BBBX,trial_count,8,trials,8,50,6000,false,false
230630,BBBX,unit_count,50,units,8,50,6000,false,false
230630,BBBX,timepoint_count,6000,timepoints,8,50,6000,false,false
230630,BBXA,finite_fraction,1.000000,ratio,7,50,6000,true,false
230630,BBXA,nonnegative_fraction,1.000000,ratio,7,50,6000,true,false
230630,BBXA,total_nonzero_bins_preview,3676,bins,7,50,6000,true,false
230630,BBXA,mean_rate_preview_if_units_known,17.504762,Hz,7,50,6000,true,false
230630,BBXA,trial_count,7,trials,7,50,6000,false,false
230630,BBXA,unit_count,50,units,7,50,6000,false,false
230630,BBXA,timepoint_count,6000,timepoints,7,50,6000,false,false
230630,BXBA,finite_fraction,1.000000,ratio,6,50,6000,true,false
230630,BXBA,nonnegative_fraction,1.000000,ratio,6,50,6000,true,false
230630,BXBA,total_nonzero_bins_preview,3231,bins,6,50,6000,true,false
230630,BXBA,mean_rate_preview_if_units_known,17.950000,Hz,6,50,6000,true,false
230630,BXBA,trial_count,6,trials,6,50,6000,false,false
230630,BXBA,unit_count,50,units,6,50,6000,false,false
230630,BXBA,timepoint_count,6000,timepoints,6,50,6000,false,false
230630,RRRR,finite_fraction,1.000000,ratio,82,50,6000,true,false
230630,RRRR,nonnegative_fraction,1.000000,ratio,82,50,6000,true,false
230630,RRRR,total_nonzero_bins_preview,10415,bins,82,50,6000,true,false
230630,RRRR,mean_rate_preview_if_units_known,17.358333,Hz,82,50,6000,true,false
230630,RRRR,trial_count,82,trials,82,50,6000,false,false
230630,RRRR,unit_count,50,units,82,50,6000,false,false
230630,RRRR,timepoint_count,6000,timepoints,82,50,6000,false,false
230630,RRRX,finite_fraction,1.000000,ratio,9,50,6000,true,false
230630,RRRX,nonnegative_fraction,1.000000,ratio,9,50,6000,true,false
230630,RRRX,total_nonzero_bins_preview,5761,bins,9,50,6000,true,false
230630,RRRX,mean_rate_preview_if_units_known,21.337037,Hz,9,50,6000,true,false
230630,RRRX,trial_count,9,trials,9,50,6000,false,false
230630,RRRX,unit_count,50,units,9,50,6000,false,false
230630,RRRX,timepoint_count,6000,timepoints,9,50,6000,false,false
230630,RRXR,finite_fraction,1.000000,ratio,2,50,6000,true,false
230630,RRXR,nonnegative_fraction,1.000000,ratio,2,50,6000,true,false
230630,RRXR,total_nonzero_bins_preview,1201,bins,2,50,6000,true,false
230630,RRXR,mean_rate_preview_if_units_known,20.016667,Hz,2,50,6000,true,false
230630,RRXR,trial_count,2,trials,2,50,6000,false,false
230630,RRXR,unit_count,50,units,2,50,6000,false,false
230630,RRXR,timepoint_count,6000,timepoints,2,50,6000,false,false
230630,RXRR,finite_fraction,1.000000,ratio,7,50,6000,true,false
230630,RXRR,nonnegative_fraction,1.000000,ratio,7,50,6000,true,false
230630,RXRR,total_nonzero_bins_preview,4472,bins,7,50,6000,true,false
230630,RXRR,mean_rate_preview_if_units_known,21.295238,Hz,7,50,6000,true,false
230630,RXRR,trial_count,7,trials,7,50,6000,false,false
230630,RXRR,unit_count,50,units,7,50,6000,false,false
230630,RXRR,timepoint_count,6000,timepoints,7,50,6000,false,false
230714,AAAB,finite_fraction,1.000000,ratio,221,423,6000,true,false
230714,AAAB,nonnegative_fraction,1.000000,ratio,221,423,6000,true,false
230714,AAAB,total_nonzero_bins_preview,1532,bins,221,423,6000,true,false
230714,AAAB,mean_rate_preview_if_units_known,2.553333,Hz,221,423,6000,true,false
230714,AAAB,trial_count,221,trials,221,423,6000,false,false
230714,AAAB,unit_count,423,units,221,423,6000,false,false
230714,AAAB,timepoint_count,6000,timepoints,221,423,6000,false,false
230714,AAAX,finite_fraction,1.000000,ratio,38,423,6000,true,false
230714,AAAX,nonnegative_fraction,1.000000,ratio,38,423,6000,true,false
230714,AAAX,total_nonzero_bins_preview,1038,bins,38,423,6000,true,false
230714,AAAX,mean_rate_preview_if_units_known,1.730000,Hz,38,423,6000,true,false
230714,AAAX,trial_count,38,trials,38,423,6000,false,false
230714,AAAX,unit_count,423,units,38,423,6000,false,false
230714,AAAX,timepoint_count,6000,timepoints,38,423,6000,false,false
230714,AAXB,finite_fraction,1.000000,ratio,33,423,6000,true,false
230714,AAXB,nonnegative_fraction,1.000000,ratio,33,423,6000,true,false
230714,AAXB,total_nonzero_bins_preview,1604,bins,33,423,6000,true,false
230714,AAXB,mean_rate_preview_if_units_known,2.673333,Hz,33,423,6000,true,false
230714,AAXB,trial_count,33,trials,33,423,6000,false,false
230714,AAXB,unit_count,423,units,33,423,6000,false,false
230714,AAXB,timepoint_count,6000,timepoints,33,423,6000,false,false
230714,AXAB,finite_fraction,1.000000,ratio,38,423,6000,true,false
230714,AXAB,nonnegative_fraction,1.000000,ratio,38,423,6000,true,false
230714,AXAB,total_nonzero_bins_preview,1576,bins,38,423,6000,true,false
230714,AXAB,mean_rate_preview_if_units_known,2.626667,Hz,38,423,6000,true,false
230714,AXAB,trial_count,38,trials,38,423,6000,false,false
230714,AXAB,unit_count,423,units,38,423,6000,false,false
230714,AXAB,timepoint_count,6000,timepoints,38,423,6000,false,false
230714,BBBA,finite_fraction,1.000000,ratio,239,423,6000,true,false
230714,BBBA,nonnegative_fraction,1.000000,ratio,239,423,6000,true,false
230714,BBBA,total_nonzero_bins_preview,2339,bins,239,423,6000,true,false
230714,BBBA,mean_rate_preview_if_units_known,3.898333,Hz,239,423,6000,true,false
230714,BBBA,trial_count,239,trials,239,423,6000,false,false
230714,BBBA,unit_count,423,units,239,423,6000,false,false
230714,BBBA,timepoint_count,6000,timepoints,239,423,6000,false,false
230714,BBBX,finite_fraction,1.000000,ratio,33,423,6000,true,false
230714,BBBX,nonnegative_fraction,1.000000,ratio,33,423,6000,true,false
230714,BBBX,total_nonzero_bins_preview,2767,bins,33,423,6000,true,false
230714,BBBX,mean_rate_preview_if_units_known,4.611667,Hz,33,423,6000,true,false
230714,BBBX,trial_count,33,trials,33,423,6000,false,false
230714,BBBX,unit_count,423,units,33,423,6000,false,false
230714,BBBX,timepoint_count,6000,timepoints,33,423,6000,false,false
230714,BBXA,finite_fraction,1.000000,ratio,35,423,6000,true,false
230714,BBXA,nonnegative_fraction,1.000000,ratio,35,423,6000,true,false
230714,BBXA,total_nonzero_bins_preview,2263,bins,35,423,6000,true,false
230714,BBXA,mean_rate_preview_if_units_known,3.771667,Hz,35,423,6000,true,false
230714,BBXA,trial_count,35,trials,35,423,6000,false,false
230714,BBXA,unit_count,423,units,35,423,6000,false,false
230714,BBXA,timepoint_count,6000,timepoints,35,423,6000,false,false
230714,BXBA,finite_fraction,1.000000,ratio,23,423,6000,true,false
230714,BXBA,nonnegative_fraction,1.000000,ratio,23,423,6000,true,false
230714,BXBA,total_nonzero_bins_preview,2229,bins,23,423,6000,true,false
230714,BXBA,mean_rate_preview_if_units_known,3.715000,Hz,23,423,6000,true,false
230714,BXBA,trial_count,23,trials,23,423,6000,false,false
230714,BXBA,unit_count,423,units,23,423,6000,false,false
230714,BXBA,timepoint_count,6000,timepoints,23,423,6000,false,false
230714,RRRR,finite_fraction,1.000000,ratio,155,423,6000,true,false
230714,RRRR,nonnegative_fraction,1.000000,ratio,155,423,6000,true,false
230714,RRRR,total_nonzero_bins_preview,2057,bins,155,423,6000,true,false
230714,RRRR,mean_rate_preview_if_units_known,3.428333,Hz,155,423,6000,true,false
230714,RRRR,trial_count,155,trials,155,423,6000,false,false
230714,RRRR,unit_count,423,units,155,423,6000,false,false
230714,RRRR,timepoint_count,6000,timepoints,155,423,6000,false,false
230714,RRRX,finite_fraction,1.000000,ratio,73,423,6000,true,false
230714,RRRX,nonnegative_fraction,1.000000,ratio,73,423,6000,true,false
230714,RRRX,total_nonzero_bins_preview,1890,bins,73,423,6000,true,false
230714,RRRX,mean_rate_preview_if_units_known,3.150000,Hz,73,423,6000,true,false
230714,RRRX,trial_count,73,trials,73,423,6000,false,false
230714,RRRX,unit_count,423,units,73,423,6000,false,false
230714,RRRX,timepoint_count,6000,timepoints,73,423,6000,false,false
230714,RRXR,finite_fraction,1.000000,ratio,28,423,6000,true,false
230714,RRXR,nonnegative_fraction,1.000000,ratio,28,423,6000,true,false
230714,RRXR,total_nonzero_bins_preview,1698,bins,28,423,6000,true,false
230714,RRXR,mean_rate_preview_if_units_known,2.830000,Hz,28,423,6000,true,false
230714,RRXR,trial_count,28,trials,28,423,6000,false,false
230714,RRXR,unit_count,423,units,28,423,6000,false,false
230714,RRXR,timepoint_count,6000,timepoints,28,423,6000,false,false
230714,RXRR,finite_fraction,1.000000,ratio,44,423,6000,true,false
230714,RXRR,nonnegative_fraction,1.000000,ratio,44,423,6000,true,false
230714,RXRR,total_nonzero_bins_preview,1973,bins,44,423,6000,true,false
230714,RXRR,mean_rate_preview_if_units_known,3.288333,Hz,44,423,6000,true,false
230714,RXRR,trial_count,44,trials,44,423,6000,false,false
230714,RXRR,unit_count,423,units,44,423,6000,false,false
230714,RXRR,timepoint_count,6000,timepoints,44,423,6000,false,false
230714,AAAB,finite_fraction,1.000000,ratio,221,166,6000,true,false
230714,AAAB,nonnegative_fraction,1.000000,ratio,221,166,6000,true,false
230714,AAAB,total_nonzero_bins_preview,1253,bins,221,166,6000,true,false
230714,AAAB,mean_rate_preview_if_units_known,2.088333,Hz,221,166,6000,true,false
230714,AAAB,trial_count,221,trials,221,166,6000,false,false
230714,AAAB,unit_count,166,units,221,166,6000,false,false
230714,AAAB,timepoint_count,6000,timepoints,221,166,6000,false,false
230714,AAAX,finite_fraction,1.000000,ratio,38,166,6000,true,false
230714,AAAX,nonnegative_fraction,1.000000,ratio,38,166,6000,true,false
230714,AAAX,total_nonzero_bins_preview,1196,bins,38,166,6000,true,false
230714,AAAX,mean_rate_preview_if_units_known,1.993333,Hz,38,166,6000,true,false
230714,AAAX,trial_count,38,trials,38,166,6000,false,false
230714,AAAX,unit_count,166,units,38,166,6000,false,false
230714,AAAX,timepoint_count,6000,timepoints,38,166,6000,false,false
230714,AAXB,finite_fraction,1.000000,ratio,33,166,6000,true,false
230714,AAXB,nonnegative_fraction,1.000000,ratio,33,166,6000,true,false
230714,AAXB,total_nonzero_bins_preview,1498,bins,33,166,6000,true,false
230714,AAXB,mean_rate_preview_if_units_known,2.496667,Hz,33,166,6000,true,false
230714,AAXB,trial_count,33,trials,33,166,6000,false,false
230714,AAXB,unit_count,166,units,33,166,6000,false,false
230714,AAXB,timepoint_count,6000,timepoints,33,166,6000,false,false
230714,AXAB,finite_fraction,1.000000,ratio,38,166,6000,true,false
230714,AXAB,nonnegative_fraction,1.000000,ratio,38,166,6000,true,false
230714,AXAB,total_nonzero_bins_preview,1383,bins,38,166,6000,true,false
230714,AXAB,mean_rate_preview_if_units_known,2.305000,Hz,38,166,6000,true,false
230714,AXAB,trial_count,38,trials,38,166,6000,false,false
230714,AXAB,unit_count,166,units,38,166,6000,false,false
230714,AXAB,timepoint_count,6000,timepoints,38,166,6000,false,false
230714,BBBA,finite_fraction,1.000000,ratio,239,166,6000,true,false
230714,BBBA,nonnegative_fraction,1.000000,ratio,239,166,6000,true,false
230714,BBBA,total_nonzero_bins_preview,1613,bins,239,166,6000,true,false
230714,BBBA,mean_rate_preview_if_units_known,2.688333,Hz,239,166,6000,true,false
230714,BBBA,trial_count,239,trials,239,166,6000,false,false
230714,BBBA,unit_count,166,units,239,166,6000,false,false
230714,BBBA,timepoint_count,6000,timepoints,239,166,6000,false,false
230714,BBBX,finite_fraction,1.000000,ratio,33,166,6000,true,false
230714,BBBX,nonnegative_fraction,1.000000,ratio,33,166,6000,true,false
230714,BBBX,total_nonzero_bins_preview,1330,bins,33,166,6000,true,false
230714,BBBX,mean_rate_preview_if_units_known,2.216667,Hz,33,166,6000,true,false
230714,BBBX,trial_count,33,trials,33,166,6000,false,false
230714,BBBX,unit_count,166,units,33,166,6000,false,false
230714,BBBX,timepoint_count,6000,timepoints,33,166,6000,false,false
230714,BBXA,finite_fraction,1.000000,ratio,35,166,6000,true,false
230714,BBXA,nonnegative_fraction,1.000000,ratio,35,166,6000,true,false
230714,BBXA,total_nonzero_bins_preview,1480,bins,35,166,6000,true,false
230714,BBXA,mean_rate_preview_if_units_known,2.466667,Hz,35,166,6000,true,false
230714,BBXA,trial_count,35,trials,35,166,6000,false,false
230714,BBXA,unit_count,166,units,35,166,6000,false,false
230714,BBXA,timepoint_count,6000,timepoints,35,166,6000,false,false
230714,BXBA,finite_fraction,1.000000,ratio,23,166,6000,true,false
230714,BXBA,nonnegative_fraction,1.000000,ratio,23,166,6000,true,false
230714,BXBA,total_nonzero_bins_preview,1446,bins,23,166,6000,true,false
230714,BXBA,mean_rate_preview_if_units_known,2.410000,Hz,23,166,6000,true,false
230714,BXBA,trial_count,23,trials,23,166,6000,false,false
230714,BXBA,unit_count,166,units,23,166,6000,false,false
230714,BXBA,timepoint_count,6000,timepoints,23,166,6000,false,false
230714,RRRR,finite_fraction,1.000000,ratio,155,166,6000,true,false
230714,RRRR,nonnegative_fraction,1.000000,ratio,155,166,6000,true,false
230714,RRRR,total_nonzero_bins_preview,1796,bins,155,166,6000,true,false
230714,RRRR,mean_rate_preview_if_units_known,2.993333,Hz,155,166,6000,true,false
230714,RRRR,trial_count,155,trials,155,166,6000,false,false
230714,RRRR,unit_count,166,units,155,166,6000,false,false
230714,RRRR,timepoint_count,6000,timepoints,155,166,6000,false,false
230714,RRRX,finite_fraction,1.000000,ratio,73,166,6000,true,false
230714,RRRX,nonnegative_fraction,1.000000,ratio,73,166,6000,true,false
230714,RRRX,total_nonzero_bins_preview,1964,bins,73,166,6000,true,false
230714,RRRX,mean_rate_preview_if_units_known,3.273333,Hz,73,166,6000,true,false
230714,RRRX,trial_count,73,trials,73,166,6000,false,false
230714,RRRX,unit_count,166,units,73,166,6000,false,false
230714,RRRX,timepoint_count,6000,timepoints,73,166,6000,false,false
230714,RRXR,finite_fraction,1.000000,ratio,28,166,6000,true,false
230714,RRXR,nonnegative_fraction,1.000000,ratio,28,166,6000,true,false
230714,RRXR,total_nonzero_bins_preview,1420,bins,28,166,6000,true,false
230714,RRXR,mean_rate_preview_if_units_known,2.366667,Hz,28,166,6000,true,false
230714,RRXR,trial_count,28,trials,28,166,6000,false,false
230714,RRXR,unit_count,166,units,28,166,6000,false,false
230714,RRXR,timepoint_count,6000,timepoints,28,166,6000,false,false
230714,RXRR,finite_fraction,1.000000,ratio,44,166,6000,true,false
230714,RXRR,nonnegative_fraction,1.000000,ratio,44,166,6000,true,false
230714,RXRR,total_nonzero_bins_preview,1221,bins,44,166,6000,true,false
230714,RXRR,mean_rate_preview_if_units_known,2.035000,Hz,44,166,6000,true,false
230714,RXRR,trial_count,44,trials,44,166,6000,false,false
230714,RXRR,unit_count,166,units,44,166,6000,false,false
230714,RXRR,timepoint_count,6000,timepoints,44,166,6000,false,false
230719,AAAB,finite_fraction,1.000000,ratio,238,288,6000,true,false
230719,AAAB,nonnegative_fraction,1.000000,ratio,238,288,6000,true,false
230719,AAAB,total_nonzero_bins_preview,661,bins,238,288,6000,true,false
230719,AAAB,mean_rate_preview_if_units_known,1.101667,Hz,238,288,6000,true,false
230719,AAAB,trial_count,238,trials,238,288,6000,false,false
230719,AAAB,unit_count,288,units,238,288,6000,false,false
230719,AAAB,timepoint_count,6000,timepoints,238,288,6000,false,false
230719,AAAX,finite_fraction,1.000000,ratio,31,288,6000,true,false
230719,AAAX,nonnegative_fraction,1.000000,ratio,31,288,6000,true,false
230719,AAAX,total_nonzero_bins_preview,748,bins,31,288,6000,true,false
230719,AAAX,mean_rate_preview_if_units_known,1.246667,Hz,31,288,6000,true,false
230719,AAAX,trial_count,31,trials,31,288,6000,false,false
230719,AAAX,unit_count,288,units,31,288,6000,false,false
230719,AAAX,timepoint_count,6000,timepoints,31,288,6000,false,false
230719,AAXB,finite_fraction,1.000000,ratio,35,288,6000,true,false
230719,AAXB,nonnegative_fraction,1.000000,ratio,35,288,6000,true,false
230719,AAXB,total_nonzero_bins_preview,721,bins,35,288,6000,true,false
230719,AAXB,mean_rate_preview_if_units_known,1.201667,Hz,35,288,6000,true,false
230719,AAXB,trial_count,35,trials,35,288,6000,false,false
230719,AAXB,unit_count,288,units,35,288,6000,false,false
230719,AAXB,timepoint_count,6000,timepoints,35,288,6000,false,false
230719,AXAB,finite_fraction,1.000000,ratio,26,288,6000,true,false
230719,AXAB,nonnegative_fraction,1.000000,ratio,26,288,6000,true,false
230719,AXAB,total_nonzero_bins_preview,658,bins,26,288,6000,true,false
230719,AXAB,mean_rate_preview_if_units_known,1.096667,Hz,26,288,6000,true,false
230719,AXAB,trial_count,26,trials,26,288,6000,false,false
230719,AXAB,unit_count,288,units,26,288,6000,false,false
230719,AXAB,timepoint_count,6000,timepoints,26,288,6000,false,false
230719,BBBA,finite_fraction,1.000000,ratio,232,288,6000,true,false
230719,BBBA,nonnegative_fraction,1.000000,ratio,232,288,6000,true,false
230719,BBBA,total_nonzero_bins_preview,627,bins,232,288,6000,true,false
230719,BBBA,mean_rate_preview_if_units_known,1.045000,Hz,232,288,6000,true,false
230719,BBBA,trial_count,232,trials,232,288,6000,false,false
230719,BBBA,unit_count,288,units,232,288,6000,false,false
230719,BBBA,timepoint_count,6000,timepoints,232,288,6000,false,false
230719,BBBX,finite_fraction,1.000000,ratio,35,288,6000,true,false
230719,BBBX,nonnegative_fraction,1.000000,ratio,35,288,6000,true,false
230719,BBBX,total_nonzero_bins_preview,611,bins,35,288,6000,true,false
230719,BBBX,mean_rate_preview_if_units_known,1.018333,Hz,35,288,6000,true,false
230719,BBBX,trial_count,35,trials,35,288,6000,false,false
230719,BBBX,unit_count,288,units,35,288,6000,false,false
230719,BBBX,timepoint_count,6000,timepoints,35,288,6000,false,false
230719,BBXA,finite_fraction,1.000000,ratio,30,288,6000,true,false
230719,BBXA,nonnegative_fraction,1.000000,ratio,30,288,6000,true,false
230719,BBXA,total_nonzero_bins_preview,701,bins,30,288,6000,true,false
230719,BBXA,mean_rate_preview_if_units_known,1.168333,Hz,30,288,6000,true,false
230719,BBXA,trial_count,30,trials,30,288,6000,false,false
230719,BBXA,unit_count,288,units,30,288,6000,false,false
230719,BBXA,timepoint_count,6000,timepoints,30,288,6000,false,false
230719,BXBA,finite_fraction,1.000000,ratio,33,288,6000,true,false
230719,BXBA,nonnegative_fraction,1.000000,ratio,33,288,6000,true,false
230719,BXBA,total_nonzero_bins_preview,689,bins,33,288,6000,true,false
230719,BXBA,mean_rate_preview_if_units_known,1.148333,Hz,33,288,6000,true,false
230719,BXBA,trial_count,33,trials,33,288,6000,false,false
230719,BXBA,unit_count,288,units,33,288,6000,false,false
230719,BXBA,timepoint_count,6000,timepoints,33,288,6000,false,false
230719,RRRR,finite_fraction,1.000000,ratio,136,288,6000,true,false
230719,RRRR,nonnegative_fraction,1.000000,ratio,136,288,6000,true,false
230719,RRRR,total_nonzero_bins_preview,721,bins,136,288,6000,true,false
230719,RRRR,mean_rate_preview_if_units_known,1.201667,Hz,136,288,6000,true,false
230719,RRRR,trial_count,136,trials,136,288,6000,false,false
230719,RRRR,unit_count,288,units,136,288,6000,false,false
230719,RRRR,timepoint_count,6000,timepoints,136,288,6000,false,false
230719,RRRX,finite_fraction,1.000000,ratio,90,288,6000,true,false
230719,RRRX,nonnegative_fraction,1.000000,ratio,90,288,6000,true,false
230719,RRRX,total_nonzero_bins_preview,648,bins,90,288,6000,true,false
230719,RRRX,mean_rate_preview_if_units_known,1.080000,Hz,90,288,6000,true,false
230719,RRRX,trial_count,90,trials,90,288,6000,false,false
230719,RRRX,unit_count,288,units,90,288,6000,false,false
230719,RRRX,timepoint_count,6000,timepoints,90,288,6000,false,false
230719,RRXR,finite_fraction,1.000000,ratio,17,288,6000,true,false
230719,RRXR,nonnegative_fraction,1.000000,ratio,17,288,6000,true,false
230719,RRXR,total_nonzero_bins_preview,585,bins,17,288,6000,true,false
230719,RRXR,mean_rate_preview_if_units_known,1.147059,Hz,17,288,6000,true,false
230719,RRXR,trial_count,17,trials,17,288,6000,false,false
230719,RRXR,unit_count,288,units,17,288,6000,false,false
230719,RRXR,timepoint_count,6000,timepoints,17,288,6000,false,false
230719,RXRR,finite_fraction,1.000000,ratio,57,288,6000,true,false
230719,RXRR,nonnegative_fraction,1.000000,ratio,57,288,6000,true,false
230719,RXRR,total_nonzero_bins_preview,651,bins,57,288,6000,true,false
230719,RXRR,mean_rate_preview_if_units_known,1.085000,Hz,57,288,6000,true,false
230719,RXRR,trial_count,57,trials,57,288,6000,false,false
230719,RXRR,unit_count,288,units,57,288,6000,false,false
230719,RXRR,timepoint_count,6000,timepoints,57,288,6000,false,false
230719,AAAB,finite_fraction,1.000000,ratio,238,127,6000,true,false
230719,AAAB,nonnegative_fraction,1.000000,ratio,238,127,6000,true,false
230719,AAAB,total_nonzero_bins_preview,5486,bins,238,127,6000,true,false
230719,AAAB,mean_rate_preview_if_units_known,9.143333,Hz,238,127,6000,true,false
230719,AAAB,trial_count,238,trials,238,127,6000,false,false
230719,AAAB,unit_count,127,units,238,127,6000,false,false
230719,AAAB,timepoint_count,6000,timepoints,238,127,6000,false,false
230719,AAAX,finite_fraction,1.000000,ratio,31,127,6000,true,false
230719,AAAX,nonnegative_fraction,1.000000,ratio,31,127,6000,true,false
230719,AAAX,total_nonzero_bins_preview,3614,bins,31,127,6000,true,false
230719,AAAX,mean_rate_preview_if_units_known,6.023333,Hz,31,127,6000,true,false
230719,AAAX,trial_count,31,trials,31,127,6000,false,false
230719,AAAX,unit_count,127,units,31,127,6000,false,false
230719,AAAX,timepoint_count,6000,timepoints,31,127,6000,false,false
230719,AAXB,finite_fraction,1.000000,ratio,35,127,6000,true,false
230719,AAXB,nonnegative_fraction,1.000000,ratio,35,127,6000,true,false
230719,AAXB,total_nonzero_bins_preview,2799,bins,35,127,6000,true,false
230719,AAXB,mean_rate_preview_if_units_known,4.665000,Hz,35,127,6000,true,false
230719,AAXB,trial_count,35,trials,35,127,6000,false,false
230719,AAXB,unit_count,127,units,35,127,6000,false,false
230719,AAXB,timepoint_count,6000,timepoints,35,127,6000,false,false
230719,AXAB,finite_fraction,1.000000,ratio,26,127,6000,true,false
230719,AXAB,nonnegative_fraction,1.000000,ratio,26,127,6000,true,false
230719,AXAB,total_nonzero_bins_preview,2923,bins,26,127,6000,true,false
230719,AXAB,mean_rate_preview_if_units_known,4.871667,Hz,26,127,6000,true,false
230719,AXAB,trial_count,26,trials,26,127,6000,false,false
230719,AXAB,unit_count,127,units,26,127,6000,false,false
230719,AXAB,timepoint_count,6000,timepoints,26,127,6000,false,false
230719,BBBA,finite_fraction,1.000000,ratio,232,127,6000,true,false
230719,BBBA,nonnegative_fraction,1.000000,ratio,232,127,6000,true,false
230719,BBBA,total_nonzero_bins_preview,3524,bins,232,127,6000,true,false
230719,BBBA,mean_rate_preview_if_units_known,5.873333,Hz,232,127,6000,true,false
230719,BBBA,trial_count,232,trials,232,127,6000,false,false
230719,BBBA,unit_count,127,units,232,127,6000,false,false
230719,BBBA,timepoint_count,6000,timepoints,232,127,6000,false,false
230719,BBBX,finite_fraction,1.000000,ratio,35,127,6000,true,false
230719,BBBX,nonnegative_fraction,1.000000,ratio,35,127,6000,true,false
230719,BBBX,total_nonzero_bins_preview,2992,bins,35,127,6000,true,false
230719,BBBX,mean_rate_preview_if_units_known,4.986667,Hz,35,127,6000,true,false
230719,BBBX,trial_count,35,trials,35,127,6000,false,false
230719,BBBX,unit_count,127,units,35,127,6000,false,false
230719,BBBX,timepoint_count,6000,timepoints,35,127,6000,false,false
230719,BBXA,finite_fraction,1.000000,ratio,30,127,6000,true,false
230719,BBXA,nonnegative_fraction,1.000000,ratio,30,127,6000,true,false
230719,BBXA,total_nonzero_bins_preview,4316,bins,30,127,6000,true,false
230719,BBXA,mean_rate_preview_if_units_known,7.193333,Hz,30,127,6000,true,false
230719,BBXA,trial_count,30,trials,30,127,6000,false,false
230719,BBXA,unit_count,127,units,30,127,6000,false,false
230719,BBXA,timepoint_count,6000,timepoints,30,127,6000,false,false
230719,BXBA,finite_fraction,1.000000,ratio,33,127,6000,true,false
230719,BXBA,nonnegative_fraction,1.000000,ratio,33,127,6000,true,false
230719,BXBA,total_nonzero_bins_preview,5046,bins,33,127,6000,true,false
230719,BXBA,mean_rate_preview_if_units_known,8.410000,Hz,33,127,6000,true,false
230719,BXBA,trial_count,33,trials,33,127,6000,false,false
230719,BXBA,unit_count,127,units,33,127,6000,false,false
230719,BXBA,timepoint_count,6000,timepoints,33,127,6000,false,false
230719,RRRR,finite_fraction,1.000000,ratio,136,127,6000,true,false
230719,RRRR,nonnegative_fraction,1.000000,ratio,136,127,6000,true,false
230719,RRRR,total_nonzero_bins_preview,4177,bins,136,127,6000,true,false
230719,RRRR,mean_rate_preview_if_units_known,6.961667,Hz,136,127,6000,true,false
230719,RRRR,trial_count,136,trials,136,127,6000,false,false
230719,RRRR,unit_count,127,units,136,127,6000,false,false
230719,RRRR,timepoint_count,6000,timepoints,136,127,6000,false,false
230719,RRRX,finite_fraction,1.000000,ratio,90,127,6000,true,false
230719,RRRX,nonnegative_fraction,1.000000,ratio,90,127,6000,true,false
230719,RRRX,total_nonzero_bins_preview,4911,bins,90,127,6000,true,false
230719,RRRX,mean_rate_preview_if_units_known,8.185000,Hz,90,127,6000,true,false
230719,RRRX,trial_count,90,trials,90,127,6000,false,false
230719,RRRX,unit_count,127,units,90,127,6000,false,false
230719,RRRX,timepoint_count,6000,timepoints,90,127,6000,false,false
230719,RRXR,finite_fraction,1.000000,ratio,17,127,6000,true,false
230719,RRXR,nonnegative_fraction,1.000000,ratio,17,127,6000,true,false
230719,RRXR,total_nonzero_bins_preview,2662,bins,17,127,6000,true,false
230719,RRXR,mean_rate_preview_if_units_known,5.219608,Hz,17,127,6000,true,false
230719,RRXR,trial_count,17,trials,17,127,6000,false,false
230719,RRXR,unit_count,127,units,17,127,6000,false,false
230719,RRXR,timepoint_count,6000,timepoints,17,127,6000,false,false
230719,RXRR,finite_fraction,1.000000,ratio,57,127,6000,true,false
230719,RXRR,nonnegative_fraction,1.000000,ratio,57,127,6000,true,false
230719,RXRR,total_nonzero_bins_preview,5205,bins,57,127,6000,true,false
230719,RXRR,mean_rate_preview_if_units_known,8.675000,Hz,57,127,6000,true,false
230719,RXRR,trial_count,57,trials,57,127,6000,false,false
230719,RXRR,unit_count,127,units,57,127,6000,false,false
230719,RXRR,timepoint_count,6000,timepoints,57,127,6000,false,false
230720,AAAB,finite_fraction,1.000000,ratio,240,181,6000,true,false
230720,AAAB,nonnegative_fraction,1.000000,ratio,240,181,6000,true,false
230720,AAAB,total_nonzero_bins_preview,6076,bins,240,181,6000,true,false
230720,AAAB,mean_rate_preview_if_units_known,10.126667,Hz,240,181,6000,true,false
230720,AAAB,trial_count,240,trials,240,181,6000,false,false
230720,AAAB,unit_count,181,units,240,181,6000,false,false
230720,AAAB,timepoint_count,6000,timepoints,240,181,6000,false,false
230720,AAAX,finite_fraction,1.000000,ratio,30,181,6000,true,false
230720,AAAX,nonnegative_fraction,1.000000,ratio,30,181,6000,true,false
230720,AAAX,total_nonzero_bins_preview,5245,bins,30,181,6000,true,false
230720,AAAX,mean_rate_preview_if_units_known,8.741667,Hz,30,181,6000,true,false
230720,AAAX,trial_count,30,trials,30,181,6000,false,false
230720,AAAX,unit_count,181,units,30,181,6000,false,false
230720,AAAX,timepoint_count,6000,timepoints,30,181,6000,false,false
230720,AAXB,finite_fraction,1.000000,ratio,30,181,6000,true,false
230720,AAXB,nonnegative_fraction,1.000000,ratio,30,181,6000,true,false
230720,AAXB,total_nonzero_bins_preview,5873,bins,30,181,6000,true,false
230720,AAXB,mean_rate_preview_if_units_known,9.788333,Hz,30,181,6000,true,false
230720,AAXB,trial_count,30,trials,30,181,6000,false,false
230720,AAXB,unit_count,181,units,30,181,6000,false,false
230720,AAXB,timepoint_count,6000,timepoints,30,181,6000,false,false
230720,AXAB,finite_fraction,1.000000,ratio,30,181,6000,true,false
230720,AXAB,nonnegative_fraction,1.000000,ratio,30,181,6000,true,false
230720,AXAB,total_nonzero_bins_preview,5656,bins,30,181,6000,true,false
230720,AXAB,mean_rate_preview_if_units_known,9.426667,Hz,30,181,6000,true,false
230720,AXAB,trial_count,30,trials,30,181,6000,false,false
230720,AXAB,unit_count,181,units,30,181,6000,false,false
230720,AXAB,timepoint_count,6000,timepoints,30,181,6000,false,false
230720,BBBA,finite_fraction,1.000000,ratio,225,181,6000,true,false
230720,BBBA,nonnegative_fraction,1.000000,ratio,225,181,6000,true,false
230720,BBBA,total_nonzero_bins_preview,6077,bins,225,181,6000,true,false
230720,BBBA,mean_rate_preview_if_units_known,10.128333,Hz,225,181,6000,true,false
230720,BBBA,trial_count,225,trials,225,181,6000,false,false
230720,BBBA,unit_count,181,units,225,181,6000,false,false
230720,BBBA,timepoint_count,6000,timepoints,225,181,6000,false,false
230720,BBBX,finite_fraction,1.000000,ratio,32,181,6000,true,false
230720,BBBX,nonnegative_fraction,1.000000,ratio,32,181,6000,true,false
230720,BBBX,total_nonzero_bins_preview,5790,bins,32,181,6000,true,false
230720,BBBX,mean_rate_preview_if_units_known,9.650000,Hz,32,181,6000,true,false
230720,BBBX,trial_count,32,trials,32,181,6000,false,false
230720,BBBX,unit_count,181,units,32,181,6000,false,false
230720,BBBX,timepoint_count,6000,timepoints,32,181,6000,false,false
230720,BBXA,finite_fraction,1.000000,ratio,39,181,6000,true,false
230720,BBXA,nonnegative_fraction,1.000000,ratio,39,181,6000,true,false
230720,BBXA,total_nonzero_bins_preview,5539,bins,39,181,6000,true,false
230720,BBXA,mean_rate_preview_if_units_known,9.231667,Hz,39,181,6000,true,false
230720,BBXA,trial_count,39,trials,39,181,6000,false,false
230720,BBXA,unit_count,181,units,39,181,6000,false,false
230720,BBXA,timepoint_count,6000,timepoints,39,181,6000,false,false
230720,BXBA,finite_fraction,1.000000,ratio,34,181,6000,true,false
230720,BXBA,nonnegative_fraction,1.000000,ratio,34,181,6000,true,false
230720,BXBA,total_nonzero_bins_preview,6320,bins,34,181,6000,true,false
230720,BXBA,mean_rate_preview_if_units_known,10.533333,Hz,34,181,6000,true,false
230720,BXBA,trial_count,34,trials,34,181,6000,false,false
230720,BXBA,unit_count,181,units,34,181,6000,false,false
230720,BXBA,timepoint_count,6000,timepoints,34,181,6000,false,false
230720,RRRR,finite_fraction,1.000000,ratio,139,181,6000,true,false
230720,RRRR,nonnegative_fraction,1.000000,ratio,139,181,6000,true,false
230720,RRRR,total_nonzero_bins_preview,6646,bins,139,181,6000,true,false
230720,RRRR,mean_rate_preview_if_units_known,11.076667,Hz,139,181,6000,true,false
230720,RRRR,trial_count,139,trials,139,181,6000,false,false
230720,RRRR,unit_count,181,units,139,181,6000,false,false
230720,RRRR,timepoint_count,6000,timepoints,139,181,6000,false,false
230720,RRRX,finite_fraction,1.000000,ratio,87,181,6000,true,false
230720,RRRX,nonnegative_fraction,1.000000,ratio,87,181,6000,true,false
230720,RRRX,total_nonzero_bins_preview,6566,bins,87,181,6000,true,false
230720,RRRX,mean_rate_preview_if_units_known,10.943333,Hz,87,181,6000,true,false
230720,RRRX,trial_count,87,trials,87,181,6000,false,false
230720,RRRX,unit_count,181,units,87,181,6000,false,false
230720,RRRX,timepoint_count,6000,timepoints,87,181,6000,false,false
230720,RRXR,finite_fraction,1.000000,ratio,38,181,6000,true,false
230720,RRXR,nonnegative_fraction,1.000000,ratio,38,181,6000,true,false
230720,RRXR,total_nonzero_bins_preview,5928,bins,38,181,6000,true,false
230720,RRXR,mean_rate_preview_if_units_known,9.880000,Hz,38,181,6000,true,false
230720,RRXR,trial_count,38,trials,38,181,6000,false,false
230720,RRXR,unit_count,181,units,38,181,6000,false,false
230720,RRXR,timepoint_count,6000,timepoints,38,181,6000,false,false
230720,RXRR,finite_fraction,1.000000,ratio,36,181,6000,true,false
230720,RXRR,nonnegative_fraction,1.000000,ratio,36,181,6000,true,false
230720,RXRR,total_nonzero_bins_preview,5358,bins,36,181,6000,true,false
230720,RXRR,mean_rate_preview_if_units_known,8.930000,Hz,36,181,6000,true,false
230720,RXRR,trial_count,36,trials,36,181,6000,false,false
230720,RXRR,unit_count,181,units,36,181,6000,false,false
230720,RXRR,timepoint_count,6000,timepoints,36,181,6000,false,false
230720,AAAB,finite_fraction,1.000000,ratio,240,136,6000,true,false
230720,AAAB,nonnegative_fraction,1.000000,ratio,240,136,6000,true,false
230720,AAAB,total_nonzero_bins_preview,1565,bins,240,136,6000,true,false
230720,AAAB,mean_rate_preview_if_units_known,2.608333,Hz,240,136,6000,true,false
230720,AAAB,trial_count,240,trials,240,136,6000,false,false
230720,AAAB,unit_count,136,units,240,136,6000,false,false
230720,AAAB,timepoint_count,6000,timepoints,240,136,6000,false,false
230720,AAAX,finite_fraction,1.000000,ratio,30,136,6000,true,false
230720,AAAX,nonnegative_fraction,1.000000,ratio,30,136,6000,true,false
230720,AAAX,total_nonzero_bins_preview,2784,bins,30,136,6000,true,false
230720,AAAX,mean_rate_preview_if_units_known,4.640000,Hz,30,136,6000,true,false
230720,AAAX,trial_count,30,trials,30,136,6000,false,false
230720,AAAX,unit_count,136,units,30,136,6000,false,false
230720,AAAX,timepoint_count,6000,timepoints,30,136,6000,false,false
230720,AAXB,finite_fraction,1.000000,ratio,30,136,6000,true,false
230720,AAXB,nonnegative_fraction,1.000000,ratio,30,136,6000,true,false
230720,AAXB,total_nonzero_bins_preview,2704,bins,30,136,6000,true,false
230720,AAXB,mean_rate_preview_if_units_known,4.506667,Hz,30,136,6000,true,false
230720,AAXB,trial_count,30,trials,30,136,6000,false,false
230720,AAXB,unit_count,136,units,30,136,6000,false,false
230720,AAXB,timepoint_count,6000,timepoints,30,136,6000,false,false
230720,AXAB,finite_fraction,1.000000,ratio,30,136,6000,true,false
230720,AXAB,nonnegative_fraction,1.000000,ratio,30,136,6000,true,false
230720,AXAB,total_nonzero_bins_preview,2519,bins,30,136,6000,true,false
230720,AXAB,mean_rate_preview_if_units_known,4.198333,Hz,30,136,6000,true,false
230720,AXAB,trial_count,30,trials,30,136,6000,false,false
230720,AXAB,unit_count,136,units,30,136,6000,false,false
230720,AXAB,timepoint_count,6000,timepoints,30,136,6000,false,false
230720,BBBA,finite_fraction,1.000000,ratio,225,136,6000,true,false
230720,BBBA,nonnegative_fraction,1.000000,ratio,225,136,6000,true,false
230720,BBBA,total_nonzero_bins_preview,2913,bins,225,136,6000,true,false
230720,BBBA,mean_rate_preview_if_units_known,4.855000,Hz,225,136,6000,true,false
230720,BBBA,trial_count,225,trials,225,136,6000,false,false
230720,BBBA,unit_count,136,units,225,136,6000,false,false
230720,BBBA,timepoint_count,6000,timepoints,225,136,6000,false,false
230720,BBBX,finite_fraction,1.000000,ratio,32,136,6000,true,false
230720,BBBX,nonnegative_fraction,1.000000,ratio,32,136,6000,true,false
230720,BBBX,total_nonzero_bins_preview,3219,bins,32,136,6000,true,false
230720,BBBX,mean_rate_preview_if_units_known,5.365000,Hz,32,136,6000,true,false
230720,BBBX,trial_count,32,trials,32,136,6000,false,false
230720,BBBX,unit_count,136,units,32,136,6000,false,false
230720,BBBX,timepoint_count,6000,timepoints,32,136,6000,false,false
230720,BBXA,finite_fraction,1.000000,ratio,39,136,6000,true,false
230720,BBXA,nonnegative_fraction,1.000000,ratio,39,136,6000,true,false
230720,BBXA,total_nonzero_bins_preview,2918,bins,39,136,6000,true,false
230720,BBXA,mean_rate_preview_if_units_known,4.863333,Hz,39,136,6000,true,false
230720,BBXA,trial_count,39,trials,39,136,6000,false,false
230720,BBXA,unit_count,136,units,39,136,6000,false,false
230720,BBXA,timepoint_count,6000,timepoints,39,136,6000,false,false
230720,BXBA,finite_fraction,1.000000,ratio,34,136,6000,true,false
230720,BXBA,nonnegative_fraction,1.000000,ratio,34,136,6000,true,false
230720,BXBA,total_nonzero_bins_preview,2915,bins,34,136,6000,true,false
230720,BXBA,mean_rate_preview_if_units_known,4.858333,Hz,34,136,6000,true,false
230720,BXBA,trial_count,34,trials,34,136,6000,false,false
230720,BXBA,unit_count,136,units,34,136,6000,false,false
230720,BXBA,timepoint_count,6000,timepoints,34,136,6000,false,false
230720,RRRR,finite_fraction,1.000000,ratio,139,136,6000,true,false
230720,RRRR,nonnegative_fraction,1.000000,ratio,139,136,6000,true,false
230720,RRRR,total_nonzero_bins_preview,3176,bins,139,136,6000,true,false
230720,RRRR,mean_rate_preview_if_units_known,5.293333,Hz,139,136,6000,true,false
230720,RRRR,trial_count,139,trials,139,136,6000,false,false
230720,RRRR,unit_count,136,units,139,136,6000,false,false
230720,RRRR,timepoint_count,6000,timepoints,139,136,6000,false,false
230720,RRRX,finite_fraction,1.000000,ratio,87,136,6000,true,false
230720,RRRX,nonnegative_fraction,1.000000,ratio,87,136,6000,true,false
230720,RRRX,total_nonzero_bins_preview,3043,bins,87,136,6000,true,false
230720,RRRX,mean_rate_preview_if_units_known,5.071667,Hz,87,136,6000,true,false
230720,RRRX,trial_count,87,trials,87,136,6000,false,false
230720,RRRX,unit_count,136,units,87,136,6000,false,false
230720,RRRX,timepoint_count,6000,timepoints,87,136,6000,false,false
230720,RRXR,finite_fraction,1.000000,ratio,38,136,6000,true,false
230720,RRXR,nonnegative_fraction,1.000000,ratio,38,136,6000,true,false
230720,RRXR,total_nonzero_bins_preview,3029,bins,38,136,6000,true,false
230720,RRXR,mean_rate_preview_if_units_known,5.048333,Hz,38,136,6000,true,false
230720,RRXR,trial_count,38,trials,38,136,6000,false,false
230720,RRXR,unit_count,136,units,38,136,6000,false,false
230720,RRXR,timepoint_count,6000,timepoints,38,136,6000,false,false
230720,RXRR,finite_fraction,1.000000,ratio,36,136,6000,true,false
230720,RXRR,nonnegative_fraction,1.000000,ratio,36,136,6000,true,false
230720,RXRR,total_nonzero_bins_preview,3010,bins,36,136,6000,true,false
230720,RXRR,mean_rate_preview_if_units_known,5.016667,Hz,36,136,6000,true,false
230720,RXRR,trial_count,36,trials,36,136,6000,false,false
230720,RXRR,unit_count,136,units,36,136,6000,false,false
230720,RXRR,timepoint_count,6000,timepoints,36,136,6000,false,false
230721,AAAB,finite_fraction,1.000000,ratio,238,57,6000,true,false
230721,AAAB,nonnegative_fraction,1.000000,ratio,238,57,6000,true,false
230721,AAAB,total_nonzero_bins_preview,583,bins,238,57,6000,true,false
230721,AAAB,mean_rate_preview_if_units_known,0.971667,Hz,238,57,6000,true,false
230721,AAAB,trial_count,238,trials,238,57,6000,false,false
230721,AAAB,unit_count,57,units,238,57,6000,false,false
230721,AAAB,timepoint_count,6000,timepoints,238,57,6000,false,false
230721,AAAX,finite_fraction,1.000000,ratio,33,57,6000,true,false
230721,AAAX,nonnegative_fraction,1.000000,ratio,33,57,6000,true,false
230721,AAAX,total_nonzero_bins_preview,645,bins,33,57,6000,true,false
230721,AAAX,mean_rate_preview_if_units_known,1.075000,Hz,33,57,6000,true,false
230721,AAAX,trial_count,33,trials,33,57,6000,false,false
230721,AAAX,unit_count,57,units,33,57,6000,false,false
230721,AAAX,timepoint_count,6000,timepoints,33,57,6000,false,false
230721,AAXB,finite_fraction,1.000000,ratio,32,57,6000,true,false
230721,AAXB,nonnegative_fraction,1.000000,ratio,32,57,6000,true,false
230721,AAXB,total_nonzero_bins_preview,638,bins,32,57,6000,true,false
230721,AAXB,mean_rate_preview_if_units_known,1.063333,Hz,32,57,6000,true,false
230721,AAXB,trial_count,32,trials,32,57,6000,false,false
230721,AAXB,unit_count,57,units,32,57,6000,false,false
230721,AAXB,timepoint_count,6000,timepoints,32,57,6000,false,false
230721,AXAB,finite_fraction,1.000000,ratio,27,57,6000,true,false
230721,AXAB,nonnegative_fraction,1.000000,ratio,27,57,6000,true,false
230721,AXAB,total_nonzero_bins_preview,669,bins,27,57,6000,true,false
230721,AXAB,mean_rate_preview_if_units_known,1.115000,Hz,27,57,6000,true,false
230721,AXAB,trial_count,27,trials,27,57,6000,false,false
230721,AXAB,unit_count,57,units,27,57,6000,false,false
230721,AXAB,timepoint_count,6000,timepoints,27,57,6000,false,false
230721,BBBA,finite_fraction,1.000000,ratio,231,57,6000,true,false
230721,BBBA,nonnegative_fraction,1.000000,ratio,231,57,6000,true,false
230721,BBBA,total_nonzero_bins_preview,637,bins,231,57,6000,true,false
230721,BBBA,mean_rate_preview_if_units_known,1.061667,Hz,231,57,6000,true,false
230721,BBBA,trial_count,231,trials,231,57,6000,false,false
230721,BBBA,unit_count,57,units,231,57,6000,false,false
230721,BBBA,timepoint_count,6000,timepoints,231,57,6000,false,false
230721,BBBX,finite_fraction,1.000000,ratio,33,57,6000,true,false
230721,BBBX,nonnegative_fraction,1.000000,ratio,33,57,6000,true,false
230721,BBBX,total_nonzero_bins_preview,643,bins,33,57,6000,true,false
230721,BBBX,mean_rate_preview_if_units_known,1.071667,Hz,33,57,6000,true,false
230721,BBBX,trial_count,33,trials,33,57,6000,false,false
230721,BBBX,unit_count,57,units,33,57,6000,false,false
230721,BBBX,timepoint_count,6000,timepoints,33,57,6000,false,false
230721,BBXA,finite_fraction,1.000000,ratio,34,57,6000,true,false
230721,BBXA,nonnegative_fraction,1.000000,ratio,34,57,6000,true,false
230721,BBXA,total_nonzero_bins_preview,675,bins,34,57,6000,true,false
230721,BBXA,mean_rate_preview_if_units_known,1.125000,Hz,34,57,6000,true,false
230721,BBXA,trial_count,34,trials,34,57,6000,false,false
230721,BBXA,unit_count,57,units,34,57,6000,false,false
230721,BBXA,timepoint_count,6000,timepoints,34,57,6000,false,false
230721,BXBA,finite_fraction,1.000000,ratio,32,57,6000,true,false
230721,BXBA,nonnegative_fraction,1.000000,ratio,32,57,6000,true,false
230721,BXBA,total_nonzero_bins_preview,675,bins,32,57,6000,true,false
230721,BXBA,mean_rate_preview_if_units_known,1.125000,Hz,32,57,6000,true,false
230721,BXBA,trial_count,32,trials,32,57,6000,false,false
230721,BXBA,unit_count,57,units,32,57,6000,false,false
230721,BXBA,timepoint_count,6000,timepoints,32,57,6000,false,false
230721,RRRR,finite_fraction,1.000000,ratio,140,57,6000,true,false
230721,RRRR,nonnegative_fraction,1.000000,ratio,140,57,6000,true,false
230721,RRRR,total_nonzero_bins_preview,651,bins,140,57,6000,true,false
230721,RRRR,mean_rate_preview_if_units_known,1.085000,Hz,140,57,6000,true,false
230721,RRRR,trial_count,140,trials,140,57,6000,false,false
230721,RRRR,unit_count,57,units,140,57,6000,false,false
230721,RRRR,timepoint_count,6000,timepoints,140,57,6000,false,false
230721,RRRX,finite_fraction,1.000000,ratio,74,57,6000,true,false
230721,RRRX,nonnegative_fraction,1.000000,ratio,74,57,6000,true,false
230721,RRRX,total_nonzero_bins_preview,666,bins,74,57,6000,true,false
230721,RRRX,mean_rate_preview_if_units_known,1.110000,Hz,74,57,6000,true,false
230721,RRRX,trial_count,74,trials,74,57,6000,false,false
230721,RRRX,unit_count,57,units,74,57,6000,false,false
230721,RRRX,timepoint_count,6000,timepoints,74,57,6000,false,false
230721,RRXR,finite_fraction,1.000000,ratio,24,57,6000,true,false
230721,RRXR,nonnegative_fraction,1.000000,ratio,24,57,6000,true,false
230721,RRXR,total_nonzero_bins_preview,638,bins,24,57,6000,true,false
230721,RRXR,mean_rate_preview_if_units_known,1.063333,Hz,24,57,6000,true,false
230721,RRXR,trial_count,24,trials,24,57,6000,false,false
230721,RRXR,unit_count,57,units,24,57,6000,false,false
230721,RRXR,timepoint_count,6000,timepoints,24,57,6000,false,false
230721,RXRR,finite_fraction,1.000000,ratio,62,57,6000,true,false
230721,RXRR,nonnegative_fraction,1.000000,ratio,62,57,6000,true,false
230721,RXRR,total_nonzero_bins_preview,664,bins,62,57,6000,true,false
230721,RXRR,mean_rate_preview_if_units_known,1.106667,Hz,62,57,6000,true,false
230721,RXRR,trial_count,62,trials,62,57,6000,false,false
230721,RXRR,unit_count,57,units,62,57,6000,false,false
230721,RXRR,timepoint_count,6000,timepoints,62,57,6000,false,false
230721,AAAB,finite_fraction,1.000000,ratio,238,220,6000,true,false
230721,AAAB,nonnegative_fraction,1.000000,ratio,238,220,6000,true,false
230721,AAAB,total_nonzero_bins_preview,210,bins,238,220,6000,true,false
230721,AAAB,mean_rate_preview_if_units_known,0.350000,Hz,238,220,6000,true,false
230721,AAAB,trial_count,238,trials,238,220,6000,false,false
230721,AAAB,unit_count,220,units,238,220,6000,false,false
230721,AAAB,timepoint_count,6000,timepoints,238,220,6000,false,false
230721,AAAX,finite_fraction,1.000000,ratio,33,220,6000,true,false
230721,AAAX,nonnegative_fraction,1.000000,ratio,33,220,6000,true,false
230721,AAAX,total_nonzero_bins_preview,1730,bins,33,220,6000,true,false
230721,AAAX,mean_rate_preview_if_units_known,2.883333,Hz,33,220,6000,true,false
230721,AAAX,trial_count,33,trials,33,220,6000,false,false
230721,AAAX,unit_count,220,units,33,220,6000,false,false
230721,AAAX,timepoint_count,6000,timepoints,33,220,6000,false,false
230721,AAXB,finite_fraction,1.000000,ratio,32,220,6000,true,false
230721,AAXB,nonnegative_fraction,1.000000,ratio,32,220,6000,true,false
230721,AAXB,total_nonzero_bins_preview,1413,bins,32,220,6000,true,false
230721,AAXB,mean_rate_preview_if_units_known,2.355000,Hz,32,220,6000,true,false
230721,AAXB,trial_count,32,trials,32,220,6000,false,false
230721,AAXB,unit_count,220,units,32,220,6000,false,false
230721,AAXB,timepoint_count,6000,timepoints,32,220,6000,false,false
230721,AXAB,finite_fraction,1.000000,ratio,27,220,6000,true,false
230721,AXAB,nonnegative_fraction,1.000000,ratio,27,220,6000,true,false
230721,AXAB,total_nonzero_bins_preview,1234,bins,27,220,6000,true,false
230721,AXAB,mean_rate_preview_if_units_known,2.056667,Hz,27,220,6000,true,false
230721,AXAB,trial_count,27,trials,27,220,6000,false,false
230721,AXAB,unit_count,220,units,27,220,6000,false,false
230721,AXAB,timepoint_count,6000,timepoints,27,220,6000,false,false
230721,BBBA,finite_fraction,1.000000,ratio,231,220,6000,true,false
230721,BBBA,nonnegative_fraction,1.000000,ratio,231,220,6000,true,false
230721,BBBA,total_nonzero_bins_preview,1740,bins,231,220,6000,true,false
230721,BBBA,mean_rate_preview_if_units_known,2.900000,Hz,231,220,6000,true,false
230721,BBBA,trial_count,231,trials,231,220,6000,false,false
230721,BBBA,unit_count,220,units,231,220,6000,false,false
230721,BBBA,timepoint_count,6000,timepoints,231,220,6000,false,false
230721,BBBX,finite_fraction,1.000000,ratio,33,220,6000,true,false
230721,BBBX,nonnegative_fraction,1.000000,ratio,33,220,6000,true,false
230721,BBBX,total_nonzero_bins_preview,1989,bins,33,220,6000,true,false
230721,BBBX,mean_rate_preview_if_units_known,3.315000,Hz,33,220,6000,true,false
230721,BBBX,trial_count,33,trials,33,220,6000,false,false
230721,BBBX,unit_count,220,units,33,220,6000,false,false
230721,BBBX,timepoint_count,6000,timepoints,33,220,6000,false,false
230721,BBXA,finite_fraction,1.000000,ratio,34,220,6000,true,false
230721,BBXA,nonnegative_fraction,1.000000,ratio,34,220,6000,true,false
230721,BBXA,total_nonzero_bins_preview,874,bins,34,220,6000,true,false
230721,BBXA,mean_rate_preview_if_units_known,1.456667,Hz,34,220,6000,true,false
230721,BBXA,trial_count,34,trials,34,220,6000,false,false
230721,BBXA,unit_count,220,units,34,220,6000,false,false
230721,BBXA,timepoint_count,6000,timepoints,34,220,6000,false,false
230721,BXBA,finite_fraction,1.000000,ratio,32,220,6000,true,false
230721,BXBA,nonnegative_fraction,1.000000,ratio,32,220,6000,true,false
230721,BXBA,total_nonzero_bins_preview,1583,bins,32,220,6000,true,false
230721,BXBA,mean_rate_preview_if_units_known,2.638333,Hz,32,220,6000,true,false
230721,BXBA,trial_count,32,trials,32,220,6000,false,false
230721,BXBA,unit_count,220,units,32,220,6000,false,false
230721,BXBA,timepoint_count,6000,timepoints,32,220,6000,false,false
230721,RRRR,finite_fraction,1.000000,ratio,140,220,6000,true,false
230721,RRRR,nonnegative_fraction,1.000000,ratio,140,220,6000,true,false
230721,RRRR,total_nonzero_bins_preview,3382,bins,140,220,6000,true,false
230721,RRRR,mean_rate_preview_if_units_known,5.636667,Hz,140,220,6000,true,false
230721,RRRR,trial_count,140,trials,140,220,6000,false,false
230721,RRRR,unit_count,220,units,140,220,6000,false,false
230721,RRRR,timepoint_count,6000,timepoints,140,220,6000,false,false
230721,RRRX,finite_fraction,1.000000,ratio,74,220,6000,true,false
230721,RRRX,nonnegative_fraction,1.000000,ratio,74,220,6000,true,false
230721,RRRX,total_nonzero_bins_preview,3739,bins,74,220,6000,true,false
230721,RRRX,mean_rate_preview_if_units_known,6.231667,Hz,74,220,6000,true,false
230721,RRRX,trial_count,74,trials,74,220,6000,false,false
230721,RRRX,unit_count,220,units,74,220,6000,false,false
230721,RRRX,timepoint_count,6000,timepoints,74,220,6000,false,false
230721,RRXR,finite_fraction,1.000000,ratio,24,220,6000,true,false
230721,RRXR,nonnegative_fraction,1.000000,ratio,24,220,6000,true,false
230721,RRXR,total_nonzero_bins_preview,1900,bins,24,220,6000,true,false
230721,RRXR,mean_rate_preview_if_units_known,3.166667,Hz,24,220,6000,true,false
230721,RRXR,trial_count,24,trials,24,220,6000,false,false
230721,RRXR,unit_count,220,units,24,220,6000,false,false
230721,RRXR,timepoint_count,6000,timepoints,24,220,6000,false,false
230721,RXRR,finite_fraction,1.000000,ratio,62,220,6000,true,false
230721,RXRR,nonnegative_fraction,1.000000,ratio,62,220,6000,true,false
230721,RXRR,total_nonzero_bins_preview,3072,bins,62,220,6000,true,false
230721,RXRR,mean_rate_preview_if_units_known,5.120000,Hz,62,220,6000,true,false
230721,RXRR,trial_count,62,trials,62,220,6000,false,false
230721,RXRR,unit_count,220,units,62,220,6000,false,false
230721,RXRR,timepoint_count,6000,timepoints,62,220,6000,false,false
230816,AAAB,finite_fraction,1.000000,ratio,370,102,6000,true,false
230816,AAAB,nonnegative_fraction,1.000000,ratio,370,102,6000,true,false
230816,AAAB,total_nonzero_bins_preview,1840,bins,370,102,6000,true,false
230816,AAAB,mean_rate_preview_if_units_known,3.066667,Hz,370,102,6000,true,false
230816,AAAB,trial_count,370,trials,370,102,6000,false,false
230816,AAAB,unit_count,102,units,370,102,6000,false,false
230816,AAAB,timepoint_count,6000,timepoints,370,102,6000,false,false
230816,AAAX,finite_fraction,1.000000,ratio,36,102,6000,true,false
230816,AAAX,nonnegative_fraction,1.000000,ratio,36,102,6000,true,false
230816,AAAX,total_nonzero_bins_preview,1463,bins,36,102,6000,true,false
230816,AAAX,mean_rate_preview_if_units_known,2.438333,Hz,36,102,6000,true,false
230816,AAAX,trial_count,36,trials,36,102,6000,false,false
230816,AAAX,unit_count,102,units,36,102,6000,false,false
230816,AAAX,timepoint_count,6000,timepoints,36,102,6000,false,false
230816,AAXB,finite_fraction,1.000000,ratio,44,102,6000,true,false
230816,AAXB,nonnegative_fraction,1.000000,ratio,44,102,6000,true,false
230816,AAXB,total_nonzero_bins_preview,1462,bins,44,102,6000,true,false
230816,AAXB,mean_rate_preview_if_units_known,2.436667,Hz,44,102,6000,true,false
230816,AAXB,trial_count,44,trials,44,102,6000,false,false
230816,AAXB,unit_count,102,units,44,102,6000,false,false
230816,AAXB,timepoint_count,6000,timepoints,44,102,6000,false,false
230816,AXAB,finite_fraction,1.000000,ratio,59,102,6000,true,false
230816,AXAB,nonnegative_fraction,1.000000,ratio,59,102,6000,true,false
230816,AXAB,total_nonzero_bins_preview,1503,bins,59,102,6000,true,false
230816,AXAB,mean_rate_preview_if_units_known,2.505000,Hz,59,102,6000,true,false
230816,AXAB,trial_count,59,trials,59,102,6000,false,false
230816,AXAB,unit_count,102,units,59,102,6000,false,false
230816,AXAB,timepoint_count,6000,timepoints,59,102,6000,false,false
230816,BBBA,finite_fraction,1.000000,ratio,348,102,6000,true,false
230816,BBBA,nonnegative_fraction,1.000000,ratio,348,102,6000,true,false
230816,BBBA,total_nonzero_bins_preview,1404,bins,348,102,6000,true,false
230816,BBBA,mean_rate_preview_if_units_known,2.340000,Hz,348,102,6000,true,false
230816,BBBA,trial_count,348,trials,348,102,6000,false,false
230816,BBBA,unit_count,102,units,348,102,6000,false,false
230816,BBBA,timepoint_count,6000,timepoints,348,102,6000,false,false
230816,BBBX,finite_fraction,1.000000,ratio,44,102,6000,true,false
230816,BBBX,nonnegative_fraction,1.000000,ratio,44,102,6000,true,false
230816,BBBX,total_nonzero_bins_preview,1515,bins,44,102,6000,true,false
230816,BBBX,mean_rate_preview_if_units_known,2.525000,Hz,44,102,6000,true,false
230816,BBBX,trial_count,44,trials,44,102,6000,false,false
230816,BBBX,unit_count,102,units,44,102,6000,false,false
230816,BBBX,timepoint_count,6000,timepoints,44,102,6000,false,false
230816,BBXA,finite_fraction,1.000000,ratio,51,102,6000,true,false
230816,BBXA,nonnegative_fraction,1.000000,ratio,51,102,6000,true,false
230816,BBXA,total_nonzero_bins_preview,1379,bins,51,102,6000,true,false
230816,BBXA,mean_rate_preview_if_units_known,2.298333,Hz,51,102,6000,true,false
230816,BBXA,trial_count,51,trials,51,102,6000,false,false
230816,BBXA,unit_count,102,units,51,102,6000,false,false
230816,BBXA,timepoint_count,6000,timepoints,51,102,6000,false,false
230816,BXBA,finite_fraction,1.000000,ratio,62,102,6000,true,false
230816,BXBA,nonnegative_fraction,1.000000,ratio,62,102,6000,true,false
230816,BXBA,total_nonzero_bins_preview,1490,bins,62,102,6000,true,false
230816,BXBA,mean_rate_preview_if_units_known,2.483333,Hz,62,102,6000,true,false
230816,BXBA,trial_count,62,trials,62,102,6000,false,false
230816,BXBA,unit_count,102,units,62,102,6000,false,false
230816,BXBA,timepoint_count,6000,timepoints,62,102,6000,false,false
230816,RRRR,finite_fraction,1.000000,ratio,157,102,6000,true,false
230816,RRRR,nonnegative_fraction,1.000000,ratio,157,102,6000,true,false
230816,RRRR,total_nonzero_bins_preview,1395,bins,157,102,6000,true,false
230816,RRRR,mean_rate_preview_if_units_known,2.325000,Hz,157,102,6000,true,false
230816,RRRR,trial_count,157,trials,157,102,6000,false,false
230816,RRRR,unit_count,102,units,157,102,6000,false,false
230816,RRRR,timepoint_count,6000,timepoints,157,102,6000,false,false
230816,RRRX,finite_fraction,1.000000,ratio,131,102,6000,true,false
230816,RRRX,nonnegative_fraction,1.000000,ratio,131,102,6000,true,false
230816,RRRX,total_nonzero_bins_preview,1246,bins,131,102,6000,true,false
230816,RRRX,mean_rate_preview_if_units_known,2.076667,Hz,131,102,6000,true,false
230816,RRRX,trial_count,131,trials,131,102,6000,false,false
230816,RRRX,unit_count,102,units,131,102,6000,false,false
230816,RRRX,timepoint_count,6000,timepoints,131,102,6000,false,false
230816,RRXR,finite_fraction,1.000000,ratio,43,102,6000,true,false
230816,RRXR,nonnegative_fraction,1.000000,ratio,43,102,6000,true,false
230816,RRXR,total_nonzero_bins_preview,1290,bins,43,102,6000,true,false
230816,RRXR,mean_rate_preview_if_units_known,2.150000,Hz,43,102,6000,true,false
230816,RRXR,trial_count,43,trials,43,102,6000,false,false
230816,RRXR,unit_count,102,units,43,102,6000,false,false
230816,RRXR,timepoint_count,6000,timepoints,43,102,6000,false,false
230816,RXRR,finite_fraction,1.000000,ratio,87,102,6000,true,false
230816,RXRR,nonnegative_fraction,1.000000,ratio,87,102,6000,true,false
230816,RXRR,total_nonzero_bins_preview,1275,bins,87,102,6000,true,false
230816,RXRR,mean_rate_preview_if_units_known,2.125000,Hz,87,102,6000,true,false
230816,RXRR,trial_count,87,trials,87,102,6000,false,false
230816,RXRR,unit_count,102,units,87,102,6000,false,false
230816,RXRR,timepoint_count,6000,timepoints,87,102,6000,false,false
230816,AAAB,finite_fraction,1.000000,ratio,370,114,6000,true,false
230816,AAAB,nonnegative_fraction,1.000000,ratio,370,114,6000,true,false
230816,AAAB,total_nonzero_bins_preview,1470,bins,370,114,6000,true,false
230816,AAAB,mean_rate_preview_if_units_known,2.450000,Hz,370,114,6000,true,false
230816,AAAB,trial_count,370,trials,370,114,6000,false,false
230816,AAAB,unit_count,114,units,370,114,6000,false,false
230816,AAAB,timepoint_count,6000,timepoints,370,114,6000,false,false
230816,AAAX,finite_fraction,1.000000,ratio,36,114,6000,true,false
230816,AAAX,nonnegative_fraction,1.000000,ratio,36,114,6000,true,false
230816,AAAX,total_nonzero_bins_preview,1569,bins,36,114,6000,true,false
230816,AAAX,mean_rate_preview_if_units_known,2.615000,Hz,36,114,6000,true,false
230816,AAAX,trial_count,36,trials,36,114,6000,false,false
230816,AAAX,unit_count,114,units,36,114,6000,false,false
230816,AAAX,timepoint_count,6000,timepoints,36,114,6000,false,false
230816,AAXB,finite_fraction,1.000000,ratio,44,114,6000,true,false
230816,AAXB,nonnegative_fraction,1.000000,ratio,44,114,6000,true,false
230816,AAXB,total_nonzero_bins_preview,1617,bins,44,114,6000,true,false
230816,AAXB,mean_rate_preview_if_units_known,2.695000,Hz,44,114,6000,true,false
230816,AAXB,trial_count,44,trials,44,114,6000,false,false
230816,AAXB,unit_count,114,units,44,114,6000,false,false
230816,AAXB,timepoint_count,6000,timepoints,44,114,6000,false,false
230816,AXAB,finite_fraction,1.000000,ratio,59,114,6000,true,false
230816,AXAB,nonnegative_fraction,1.000000,ratio,59,114,6000,true,false
230816,AXAB,total_nonzero_bins_preview,1521,bins,59,114,6000,true,false
230816,AXAB,mean_rate_preview_if_units_known,2.535000,Hz,59,114,6000,true,false
230816,AXAB,trial_count,59,trials,59,114,6000,false,false
230816,AXAB,unit_count,114,units,59,114,6000,false,false
230816,AXAB,timepoint_count,6000,timepoints,59,114,6000,false,false
230816,BBBA,finite_fraction,1.000000,ratio,348,114,6000,true,false
230816,BBBA,nonnegative_fraction,1.000000,ratio,348,114,6000,true,false
230816,BBBA,total_nonzero_bins_preview,1724,bins,348,114,6000,true,false
230816,BBBA,mean_rate_preview_if_units_known,2.873333,Hz,348,114,6000,true,false
230816,BBBA,trial_count,348,trials,348,114,6000,false,false
230816,BBBA,unit_count,114,units,348,114,6000,false,false
230816,BBBA,timepoint_count,6000,timepoints,348,114,6000,false,false
230816,BBBX,finite_fraction,1.000000,ratio,44,114,6000,true,false
230816,BBBX,nonnegative_fraction,1.000000,ratio,44,114,6000,true,false
230816,BBBX,total_nonzero_bins_preview,1998,bins,44,114,6000,true,false
230816,BBBX,mean_rate_preview_if_units_known,3.330000,Hz,44,114,6000,true,false
230816,BBBX,trial_count,44,trials,44,114,6000,false,false
230816,BBBX,unit_count,114,units,44,114,6000,false,false
230816,BBBX,timepoint_count,6000,timepoints,44,114,6000,false,false
230816,BBXA,finite_fraction,1.000000,ratio,51,114,6000,true,false
230816,BBXA,nonnegative_fraction,1.000000,ratio,51,114,6000,true,false
230816,BBXA,total_nonzero_bins_preview,2075,bins,51,114,6000,true,false
230816,BBXA,mean_rate_preview_if_units_known,3.458333,Hz,51,114,6000,true,false
230816,BBXA,trial_count,51,trials,51,114,6000,false,false
230816,BBXA,unit_count,114,units,51,114,6000,false,false
230816,BBXA,timepoint_count,6000,timepoints,51,114,6000,false,false
230816,BXBA,finite_fraction,1.000000,ratio,62,114,6000,true,false
230816,BXBA,nonnegative_fraction,1.000000,ratio,62,114,6000,true,false
230816,BXBA,total_nonzero_bins_preview,2089,bins,62,114,6000,true,false
230816,BXBA,mean_rate_preview_if_units_known,3.481667,Hz,62,114,6000,true,false
230816,BXBA,trial_count,62,trials,62,114,6000,false,false
230816,BXBA,unit_count,114,units,62,114,6000,false,false
230816,BXBA,timepoint_count,6000,timepoints,62,114,6000,false,false
230816,RRRR,finite_fraction,1.000000,ratio,157,114,6000,true,false
230816,RRRR,nonnegative_fraction,1.000000,ratio,157,114,6000,true,false
230816,RRRR,total_nonzero_bins_preview,2169,bins,157,114,6000,true,false
230816,RRRR,mean_rate_preview_if_units_known,3.615000,Hz,157,114,6000,true,false
230816,RRRR,trial_count,157,trials,157,114,6000,false,false
230816,RRRR,unit_count,114,units,157,114,6000,false,false
230816,RRRR,timepoint_count,6000,timepoints,157,114,6000,false,false
230816,RRRX,finite_fraction,1.000000,ratio,131,114,6000,true,false
230816,RRRX,nonnegative_fraction,1.000000,ratio,131,114,6000,true,false
230816,RRRX,total_nonzero_bins_preview,2192,bins,131,114,6000,true,false
230816,RRRX,mean_rate_preview_if_units_known,3.653333,Hz,131,114,6000,true,false
230816,RRRX,trial_count,131,trials,131,114,6000,false,false
230816,RRRX,unit_count,114,units,131,114,6000,false,false
230816,RRRX,timepoint_count,6000,timepoints,131,114,6000,false,false
230816,RRXR,finite_fraction,1.000000,ratio,43,114,6000,true,false
230816,RRXR,nonnegative_fraction,1.000000,ratio,43,114,6000,true,false
230816,RRXR,total_nonzero_bins_preview,2267,bins,43,114,6000,true,false
230816,RRXR,mean_rate_preview_if_units_known,3.778333,Hz,43,114,6000,true,false
230816,RRXR,trial_count,43,trials,43,114,6000,false,false
230816,RRXR,unit_count,114,units,43,114,6000,false,false
230816,RRXR,timepoint_count,6000,timepoints,43,114,6000,false,false
230816,RXRR,finite_fraction,1.000000,ratio,87,114,6000,true,false
230816,RXRR,nonnegative_fraction,1.000000,ratio,87,114,6000,true,false
230816,RXRR,total_nonzero_bins_preview,2182,bins,87,114,6000,true,false
230816,RXRR,mean_rate_preview_if_units_known,3.636667,Hz,87,114,6000,true,false
230816,RXRR,trial_count,87,trials,87,114,6000,false,false
230816,RXRR,unit_count,114,units,87,114,6000,false,false
230816,RXRR,timepoint_count,6000,timepoints,87,114,6000,false,false
230816,AAAB,finite_fraction,1.000000,ratio,370,141,6000,true,false
230816,AAAB,nonnegative_fraction,1.000000,ratio,370,141,6000,true,false
230816,AAAB,total_nonzero_bins_preview,3569,bins,370,141,6000,true,false
230816,AAAB,mean_rate_preview_if_units_known,5.948333,Hz,370,141,6000,true,false
230816,AAAB,trial_count,370,trials,370,141,6000,false,false
230816,AAAB,unit_count,141,units,370,141,6000,false,false
230816,AAAB,timepoint_count,6000,timepoints,370,141,6000,false,false
230816,AAAX,finite_fraction,1.000000,ratio,36,141,6000,true,false
230816,AAAX,nonnegative_fraction,1.000000,ratio,36,141,6000,true,false
230816,AAAX,total_nonzero_bins_preview,4538,bins,36,141,6000,true,false
230816,AAAX,mean_rate_preview_if_units_known,7.563333,Hz,36,141,6000,true,false
230816,AAAX,trial_count,36,trials,36,141,6000,false,false
230816,AAAX,unit_count,141,units,36,141,6000,false,false
230816,AAAX,timepoint_count,6000,timepoints,36,141,6000,false,false
230816,AAXB,finite_fraction,1.000000,ratio,44,141,6000,true,false
230816,AAXB,nonnegative_fraction,1.000000,ratio,44,141,6000,true,false
230816,AAXB,total_nonzero_bins_preview,3808,bins,44,141,6000,true,false
230816,AAXB,mean_rate_preview_if_units_known,6.346667,Hz,44,141,6000,true,false
230816,AAXB,trial_count,44,trials,44,141,6000,false,false
230816,AAXB,unit_count,141,units,44,141,6000,false,false
230816,AAXB,timepoint_count,6000,timepoints,44,141,6000,false,false
230816,AXAB,finite_fraction,1.000000,ratio,59,141,6000,true,false
230816,AXAB,nonnegative_fraction,1.000000,ratio,59,141,6000,true,false
230816,AXAB,total_nonzero_bins_preview,3420,bins,59,141,6000,true,false
230816,AXAB,mean_rate_preview_if_units_known,5.700000,Hz,59,141,6000,true,false
230816,AXAB,trial_count,59,trials,59,141,6000,false,false
230816,AXAB,unit_count,141,units,59,141,6000,false,false
230816,AXAB,timepoint_count,6000,timepoints,59,141,6000,false,false
230816,BBBA,finite_fraction,1.000000,ratio,348,141,6000,true,false
230816,BBBA,nonnegative_fraction,1.000000,ratio,348,141,6000,true,false
230816,BBBA,total_nonzero_bins_preview,4473,bins,348,141,6000,true,false
230816,BBBA,mean_rate_preview_if_units_known,7.455000,Hz,348,141,6000,true,false
230816,BBBA,trial_count,348,trials,348,141,6000,false,false
230816,BBBA,unit_count,141,units,348,141,6000,false,false
230816,BBBA,timepoint_count,6000,timepoints,348,141,6000,false,false
230816,BBBX,finite_fraction,1.000000,ratio,44,141,6000,true,false
230816,BBBX,nonnegative_fraction,1.000000,ratio,44,141,6000,true,false
230816,BBBX,total_nonzero_bins_preview,4506,bins,44,141,6000,true,false
230816,BBBX,mean_rate_preview_if_units_known,7.510000,Hz,44,141,6000,true,false
230816,BBBX,trial_count,44,trials,44,141,6000,false,false
230816,BBBX,unit_count,141,units,44,141,6000,false,false
230816,BBBX,timepoint_count,6000,timepoints,44,141,6000,false,false
230816,BBXA,finite_fraction,1.000000,ratio,51,141,6000,true,false
230816,BBXA,nonnegative_fraction,1.000000,ratio,51,141,6000,true,false
230816,BBXA,total_nonzero_bins_preview,4654,bins,51,141,6000,true,false
230816,BBXA,mean_rate_preview_if_units_known,7.756667,Hz,51,141,6000,true,false
230816,BBXA,trial_count,51,trials,51,141,6000,false,false
230816,BBXA,unit_count,141,units,51,141,6000,false,false
230816,BBXA,timepoint_count,6000,timepoints,51,141,6000,false,false
230816,BXBA,finite_fraction,1.000000,ratio,62,141,6000,true,false
230816,BXBA,nonnegative_fraction,1.000000,ratio,62,141,6000,true,false
230816,BXBA,total_nonzero_bins_preview,4409,bins,62,141,6000,true,false
230816,BXBA,mean_rate_preview_if_units_known,7.348333,Hz,62,141,6000,true,false
230816,BXBA,trial_count,62,trials,62,141,6000,false,false
230816,BXBA,unit_count,141,units,62,141,6000,false,false
230816,BXBA,timepoint_count,6000,timepoints,62,141,6000,false,false
230816,RRRR,finite_fraction,1.000000,ratio,157,141,6000,true,false
230816,RRRR,nonnegative_fraction,1.000000,ratio,157,141,6000,true,false
230816,RRRR,total_nonzero_bins_preview,5380,bins,157,141,6000,true,false
230816,RRRR,mean_rate_preview_if_units_known,8.966667,Hz,157,141,6000,true,false
230816,RRRR,trial_count,157,trials,157,141,6000,false,false
230816,RRRR,unit_count,141,units,157,141,6000,false,false
230816,RRRR,timepoint_count,6000,timepoints,157,141,6000,false,false
230816,RRRX,finite_fraction,1.000000,ratio,131,141,6000,true,false
230816,RRRX,nonnegative_fraction,1.000000,ratio,131,141,6000,true,false
230816,RRRX,total_nonzero_bins_preview,5293,bins,131,141,6000,true,false
230816,RRRX,mean_rate_preview_if_units_known,8.821667,Hz,131,141,6000,true,false
230816,RRRX,trial_count,131,trials,131,141,6000,false,false
230816,RRRX,unit_count,141,units,131,141,6000,false,false
230816,RRRX,timepoint_count,6000,timepoints,131,141,6000,false,false
230816,RRXR,finite_fraction,1.000000,ratio,43,141,6000,true,false
230816,RRXR,nonnegative_fraction,1.000000,ratio,43,141,6000,true,false
230816,RRXR,total_nonzero_bins_preview,4479,bins,43,141,6000,true,false
230816,RRXR,mean_rate_preview_if_units_known,7.465000,Hz,43,141,6000,true,false
230816,RRXR,trial_count,43,trials,43,141,6000,false,false
230816,RRXR,unit_count,141,units,43,141,6000,false,false
230816,RRXR,timepoint_count,6000,timepoints,43,141,6000,false,false
230816,RXRR,finite_fraction,1.000000,ratio,87,141,6000,true,false
230816,RXRR,nonnegative_fraction,1.000000,ratio,87,141,6000,true,false
230816,RXRR,total_nonzero_bins_preview,5047,bins,87,141,6000,true,false
230816,RXRR,mean_rate_preview_if_units_known,8.411667,Hz,87,141,6000,true,false
230816,RXRR,trial_count,87,trials,87,141,6000,false,false
230816,RXRR,unit_count,141,units,87,141,6000,false,false
230816,RXRR,timepoint_count,6000,timepoints,87,141,6000,false,false
230818,AAAB,finite_fraction,1.000000,ratio,220,192,6000,true,false
230818,AAAB,nonnegative_fraction,1.000000,ratio,220,192,6000,true,false
230818,AAAB,total_nonzero_bins_preview,5301,bins,220,192,6000,true,false
230818,AAAB,mean_rate_preview_if_units_known,8.835000,Hz,220,192,6000,true,false
230818,AAAB,trial_count,220,trials,220,192,6000,false,false
230818,AAAB,unit_count,192,units,220,192,6000,false,false
230818,AAAB,timepoint_count,6000,timepoints,220,192,6000,false,false
230818,AAAX,finite_fraction,1.000000,ratio,45,192,6000,true,false
230818,AAAX,nonnegative_fraction,1.000000,ratio,45,192,6000,true,false
230818,AAAX,total_nonzero_bins_preview,5313,bins,45,192,6000,true,false
230818,AAAX,mean_rate_preview_if_units_known,8.855000,Hz,45,192,6000,true,false
230818,AAAX,trial_count,45,trials,45,192,6000,false,false
230818,AAAX,unit_count,192,units,45,192,6000,false,false
230818,AAAX,timepoint_count,6000,timepoints,45,192,6000,false,false
230818,AAXB,finite_fraction,1.000000,ratio,25,192,6000,true,false
230818,AAXB,nonnegative_fraction,1.000000,ratio,25,192,6000,true,false
230818,AAXB,total_nonzero_bins_preview,5408,bins,25,192,6000,true,false
230818,AAXB,mean_rate_preview_if_units_known,9.013333,Hz,25,192,6000,true,false
230818,AAXB,trial_count,25,trials,25,192,6000,false,false
230818,AAXB,unit_count,192,units,25,192,6000,false,false
230818,AAXB,timepoint_count,6000,timepoints,25,192,6000,false,false
230818,AXAB,finite_fraction,1.000000,ratio,40,192,6000,true,false
230818,AXAB,nonnegative_fraction,1.000000,ratio,40,192,6000,true,false
230818,AXAB,total_nonzero_bins_preview,5542,bins,40,192,6000,true,false
230818,AXAB,mean_rate_preview_if_units_known,9.236667,Hz,40,192,6000,true,false
230818,AXAB,trial_count,40,trials,40,192,6000,false,false
230818,AXAB,unit_count,192,units,40,192,6000,false,false
230818,AXAB,timepoint_count,6000,timepoints,40,192,6000,false,false
230818,BBBA,finite_fraction,1.000000,ratio,235,192,6000,true,false
230818,BBBA,nonnegative_fraction,1.000000,ratio,235,192,6000,true,false
230818,BBBA,total_nonzero_bins_preview,5713,bins,235,192,6000,true,false
230818,BBBA,mean_rate_preview_if_units_known,9.521667,Hz,235,192,6000,true,false
230818,BBBA,trial_count,235,trials,235,192,6000,false,false
230818,BBBA,unit_count,192,units,235,192,6000,false,false
230818,BBBA,timepoint_count,6000,timepoints,235,192,6000,false,false
230818,BBBX,finite_fraction,1.000000,ratio,30,192,6000,true,false
230818,BBBX,nonnegative_fraction,1.000000,ratio,30,192,6000,true,false
230818,BBBX,total_nonzero_bins_preview,5728,bins,30,192,6000,true,false
230818,BBBX,mean_rate_preview_if_units_known,9.546667,Hz,30,192,6000,true,false
230818,BBBX,trial_count,30,trials,30,192,6000,false,false
230818,BBBX,unit_count,192,units,30,192,6000,false,false
230818,BBBX,timepoint_count,6000,timepoints,30,192,6000,false,false
230818,BBXA,finite_fraction,1.000000,ratio,29,192,6000,true,false
230818,BBXA,nonnegative_fraction,1.000000,ratio,29,192,6000,true,false
230818,BBXA,total_nonzero_bins_preview,5810,bins,29,192,6000,true,false
230818,BBXA,mean_rate_preview_if_units_known,9.683333,Hz,29,192,6000,true,false
230818,BBXA,trial_count,29,trials,29,192,6000,false,false
230818,BBXA,unit_count,192,units,29,192,6000,false,false
230818,BBXA,timepoint_count,6000,timepoints,29,192,6000,false,false
230818,BXBA,finite_fraction,1.000000,ratio,36,192,6000,true,false
230818,BXBA,nonnegative_fraction,1.000000,ratio,36,192,6000,true,false
230818,BXBA,total_nonzero_bins_preview,5746,bins,36,192,6000,true,false
230818,BXBA,mean_rate_preview_if_units_known,9.576667,Hz,36,192,6000,true,false
230818,BXBA,trial_count,36,trials,36,192,6000,false,false
230818,BXBA,unit_count,192,units,36,192,6000,false,false
230818,BXBA,timepoint_count,6000,timepoints,36,192,6000,false,false
230818,RRRR,finite_fraction,1.000000,ratio,104,192,6000,true,false
230818,RRRR,nonnegative_fraction,1.000000,ratio,104,192,6000,true,false
230818,RRRR,total_nonzero_bins_preview,5640,bins,104,192,6000,true,false
230818,RRRR,mean_rate_preview_if_units_known,9.400000,Hz,104,192,6000,true,false
230818,RRRR,trial_count,104,trials,104,192,6000,false,false
230818,RRRR,unit_count,192,units,104,192,6000,false,false
230818,RRRR,timepoint_count,6000,timepoints,104,192,6000,false,false
230818,RRRX,finite_fraction,1.000000,ratio,104,192,6000,true,false
230818,RRRX,nonnegative_fraction,1.000000,ratio,104,192,6000,true,false
230818,RRRX,total_nonzero_bins_preview,5479,bins,104,192,6000,true,false
230818,RRRX,mean_rate_preview_if_units_known,9.131667,Hz,104,192,6000,true,false
230818,RRRX,trial_count,104,trials,104,192,6000,false,false
230818,RRRX,unit_count,192,units,104,192,6000,false,false
230818,RRRX,timepoint_count,6000,timepoints,104,192,6000,false,false
230818,RRXR,finite_fraction,1.000000,ratio,28,192,6000,true,false
230818,RRXR,nonnegative_fraction,1.000000,ratio,28,192,6000,true,false
230818,RRXR,total_nonzero_bins_preview,5501,bins,28,192,6000,true,false
230818,RRXR,mean_rate_preview_if_units_known,9.168333,Hz,28,192,6000,true,false
230818,RRXR,trial_count,28,trials,28,192,6000,false,false
230818,RRXR,unit_count,192,units,28,192,6000,false,false
230818,RRXR,timepoint_count,6000,timepoints,28,192,6000,false,false
230818,RXRR,finite_fraction,1.000000,ratio,64,192,6000,true,false
230818,RXRR,nonnegative_fraction,1.000000,ratio,64,192,6000,true,false
230818,RXRR,total_nonzero_bins_preview,5507,bins,64,192,6000,true,false
230818,RXRR,mean_rate_preview_if_units_known,9.178333,Hz,64,192,6000,true,false
230818,RXRR,trial_count,64,trials,64,192,6000,false,false
230818,RXRR,unit_count,192,units,64,192,6000,false,false
230818,RXRR,timepoint_count,6000,timepoints,64,192,6000,false,false
230818,AAAB,finite_fraction,1.000000,ratio,220,170,6000,true,false
230818,AAAB,nonnegative_fraction,1.000000,ratio,220,170,6000,true,false
230818,AAAB,total_nonzero_bins_preview,6189,bins,220,170,6000,true,false
230818,AAAB,mean_rate_preview_if_units_known,10.315000,Hz,220,170,6000,true,false
230818,AAAB,trial_count,220,trials,220,170,6000,false,false
230818,AAAB,unit_count,170,units,220,170,6000,false,false
230818,AAAB,timepoint_count,6000,timepoints,220,170,6000,false,false
230818,AAAX,finite_fraction,1.000000,ratio,45,170,6000,true,false
230818,AAAX,nonnegative_fraction,1.000000,ratio,45,170,6000,true,false
230818,AAAX,total_nonzero_bins_preview,5151,bins,45,170,6000,true,false
230818,AAAX,mean_rate_preview_if_units_known,8.585000,Hz,45,170,6000,true,false
230818,AAAX,trial_count,45,trials,45,170,6000,false,false
230818,AAAX,unit_count,170,units,45,170,6000,false,false
230818,AAAX,timepoint_count,6000,timepoints,45,170,6000,false,false
230818,AAXB,finite_fraction,1.000000,ratio,25,170,6000,true,false
230818,AAXB,nonnegative_fraction,1.000000,ratio,25,170,6000,true,false
230818,AAXB,total_nonzero_bins_preview,5245,bins,25,170,6000,true,false
230818,AAXB,mean_rate_preview_if_units_known,8.741667,Hz,25,170,6000,true,false
230818,AAXB,trial_count,25,trials,25,170,6000,false,false
230818,AAXB,unit_count,170,units,25,170,6000,false,false
230818,AAXB,timepoint_count,6000,timepoints,25,170,6000,false,false
230818,AXAB,finite_fraction,1.000000,ratio,40,170,6000,true,false
230818,AXAB,nonnegative_fraction,1.000000,ratio,40,170,6000,true,false
230818,AXAB,total_nonzero_bins_preview,5204,bins,40,170,6000,true,false
230818,AXAB,mean_rate_preview_if_units_known,8.673333,Hz,40,170,6000,true,false
230818,AXAB,trial_count,40,trials,40,170,6000,false,false
230818,AXAB,unit_count,170,units,40,170,6000,false,false
230818,AXAB,timepoint_count,6000,timepoints,40,170,6000,false,false
230818,BBBA,finite_fraction,1.000000,ratio,235,170,6000,true,false
230818,BBBA,nonnegative_fraction,1.000000,ratio,235,170,6000,true,false
230818,BBBA,total_nonzero_bins_preview,5156,bins,235,170,6000,true,false
230818,BBBA,mean_rate_preview_if_units_known,8.593333,Hz,235,170,6000,true,false
230818,BBBA,trial_count,235,trials,235,170,6000,false,false
230818,BBBA,unit_count,170,units,235,170,6000,false,false
230818,BBBA,timepoint_count,6000,timepoints,235,170,6000,false,false
230818,BBBX,finite_fraction,1.000000,ratio,30,170,6000,true,false
230818,BBBX,nonnegative_fraction,1.000000,ratio,30,170,6000,true,false
230818,BBBX,total_nonzero_bins_preview,5606,bins,30,170,6000,true,false
230818,BBBX,mean_rate_preview_if_units_known,9.343333,Hz,30,170,6000,true,false
230818,BBBX,trial_count,30,trials,30,170,6000,false,false
230818,BBBX,unit_count,170,units,30,170,6000,false,false
230818,BBBX,timepoint_count,6000,timepoints,30,170,6000,false,false
230818,BBXA,finite_fraction,1.000000,ratio,29,170,6000,true,false
230818,BBXA,nonnegative_fraction,1.000000,ratio,29,170,6000,true,false
230818,BBXA,total_nonzero_bins_preview,5539,bins,29,170,6000,true,false
230818,BBXA,mean_rate_preview_if_units_known,9.231667,Hz,29,170,6000,true,false
230818,BBXA,trial_count,29,trials,29,170,6000,false,false
230818,BBXA,unit_count,170,units,29,170,6000,false,false
230818,BBXA,timepoint_count,6000,timepoints,29,170,6000,false,false
230818,BXBA,finite_fraction,1.000000,ratio,36,170,6000,true,false
230818,BXBA,nonnegative_fraction,1.000000,ratio,36,170,6000,true,false
230818,BXBA,total_nonzero_bins_preview,5407,bins,36,170,6000,true,false
230818,BXBA,mean_rate_preview_if_units_known,9.011667,Hz,36,170,6000,true,false
230818,BXBA,trial_count,36,trials,36,170,6000,false,false
230818,BXBA,unit_count,170,units,36,170,6000,false,false
230818,BXBA,timepoint_count,6000,timepoints,36,170,6000,false,false
230818,RRRR,finite_fraction,1.000000,ratio,104,170,6000,true,false
230818,RRRR,nonnegative_fraction,1.000000,ratio,104,170,6000,true,false
230818,RRRR,total_nonzero_bins_preview,3584,bins,104,170,6000,true,false
230818,RRRR,mean_rate_preview_if_units_known,5.973333,Hz,104,170,6000,true,false
230818,RRRR,trial_count,104,trials,104,170,6000,false,false
230818,RRRR,unit_count,170,units,104,170,6000,false,false
230818,RRRR,timepoint_count,6000,timepoints,104,170,6000,false,false
230818,RRRX,finite_fraction,1.000000,ratio,104,170,6000,true,false
230818,RRRX,nonnegative_fraction,1.000000,ratio,104,170,6000,true,false
230818,RRRX,total_nonzero_bins_preview,3412,bins,104,170,6000,true,false
230818,RRRX,mean_rate_preview_if_units_known,5.686667,Hz,104,170,6000,true,false
230818,RRRX,trial_count,104,trials,104,170,6000,false,false
230818,RRRX,unit_count,170,units,104,170,6000,false,false
230818,RRRX,timepoint_count,6000,timepoints,104,170,6000,false,false
230818,RRXR,finite_fraction,1.000000,ratio,28,170,6000,true,false
230818,RRXR,nonnegative_fraction,1.000000,ratio,28,170,6000,true,false
230818,RRXR,total_nonzero_bins_preview,4481,bins,28,170,6000,true,false
230818,RRXR,mean_rate_preview_if_units_known,7.468333,Hz,28,170,6000,true,false
230818,RRXR,trial_count,28,trials,28,170,6000,false,false
230818,RRXR,unit_count,170,units,28,170,6000,false,false
230818,RRXR,timepoint_count,6000,timepoints,28,170,6000,false,false
230818,RXRR,finite_fraction,1.000000,ratio,64,170,6000,true,false
230818,RXRR,nonnegative_fraction,1.000000,ratio,64,170,6000,true,false
230818,RXRR,total_nonzero_bins_preview,3436,bins,64,170,6000,true,false
230818,RXRR,mean_rate_preview_if_units_known,5.726667,Hz,64,170,6000,true,false
230818,RXRR,trial_count,64,trials,64,170,6000,false,false
230818,RXRR,unit_count,170,units,64,170,6000,false,false
230818,RXRR,timepoint_count,6000,timepoints,64,170,6000,false,false
230818,AAAB,finite_fraction,1.000000,ratio,220,179,6000,true,false
230818,AAAB,nonnegative_fraction,1.000000,ratio,220,179,6000,true,false
230818,AAAB,total_nonzero_bins_preview,899,bins,220,179,6000,true,false
230818,AAAB,mean_rate_preview_if_units_known,1.498333,Hz,220,179,6000,true,false
230818,AAAB,trial_count,220,trials,220,179,6000,false,false
230818,AAAB,unit_count,179,units,220,179,6000,false,false
230818,AAAB,timepoint_count,6000,timepoints,220,179,6000,false,false
230818,AAAX,finite_fraction,1.000000,ratio,45,179,6000,true,false
230818,AAAX,nonnegative_fraction,1.000000,ratio,45,179,6000,true,false
230818,AAAX,total_nonzero_bins_preview,874,bins,45,179,6000,true,false
230818,AAAX,mean_rate_preview_if_units_known,1.456667,Hz,45,179,6000,true,false
230818,AAAX,trial_count,45,trials,45,179,6000,false,false
230818,AAAX,unit_count,179,units,45,179,6000,false,false
230818,AAAX,timepoint_count,6000,timepoints,45,179,6000,false,false
230818,AAXB,finite_fraction,1.000000,ratio,25,179,6000,true,false
230818,AAXB,nonnegative_fraction,1.000000,ratio,25,179,6000,true,false
230818,AAXB,total_nonzero_bins_preview,971,bins,25,179,6000,true,false
230818,AAXB,mean_rate_preview_if_units_known,1.618333,Hz,25,179,6000,true,false
230818,AAXB,trial_count,25,trials,25,179,6000,false,false
230818,AAXB,unit_count,179,units,25,179,6000,false,false
230818,AAXB,timepoint_count,6000,timepoints,25,179,6000,false,false
230818,AXAB,finite_fraction,1.000000,ratio,40,179,6000,true,false
230818,AXAB,nonnegative_fraction,1.000000,ratio,40,179,6000,true,false
230818,AXAB,total_nonzero_bins_preview,1002,bins,40,179,6000,true,false
230818,AXAB,mean_rate_preview_if_units_known,1.670000,Hz,40,179,6000,true,false
230818,AXAB,trial_count,40,trials,40,179,6000,false,false
230818,AXAB,unit_count,179,units,40,179,6000,false,false
230818,AXAB,timepoint_count,6000,timepoints,40,179,6000,false,false
230818,BBBA,finite_fraction,1.000000,ratio,235,179,6000,true,false
230818,BBBA,nonnegative_fraction,1.000000,ratio,235,179,6000,true,false
230818,BBBA,total_nonzero_bins_preview,1021,bins,235,179,6000,true,false
230818,BBBA,mean_rate_preview_if_units_known,1.701667,Hz,235,179,6000,true,false
230818,BBBA,trial_count,235,trials,235,179,6000,false,false
230818,BBBA,unit_count,179,units,235,179,6000,false,false
230818,BBBA,timepoint_count,6000,timepoints,235,179,6000,false,false
230818,BBBX,finite_fraction,1.000000,ratio,30,179,6000,true,false
230818,BBBX,nonnegative_fraction,1.000000,ratio,30,179,6000,true,false
230818,BBBX,total_nonzero_bins_preview,983,bins,30,179,6000,true,false
230818,BBBX,mean_rate_preview_if_units_known,1.638333,Hz,30,179,6000,true,false
230818,BBBX,trial_count,30,trials,30,179,6000,false,false
230818,BBBX,unit_count,179,units,30,179,6000,false,false
230818,BBBX,timepoint_count,6000,timepoints,30,179,6000,false,false
230818,BBXA,finite_fraction,1.000000,ratio,29,179,6000,true,false
230818,BBXA,nonnegative_fraction,1.000000,ratio,29,179,6000,true,false
230818,BBXA,total_nonzero_bins_preview,1137,bins,29,179,6000,true,false
230818,BBXA,mean_rate_preview_if_units_known,1.895000,Hz,29,179,6000,true,false
230818,BBXA,trial_count,29,trials,29,179,6000,false,false
230818,BBXA,unit_count,179,units,29,179,6000,false,false
230818,BBXA,timepoint_count,6000,timepoints,29,179,6000,false,false
230818,BXBA,finite_fraction,1.000000,ratio,36,179,6000,true,false
230818,BXBA,nonnegative_fraction,1.000000,ratio,36,179,6000,true,false
230818,BXBA,total_nonzero_bins_preview,1119,bins,36,179,6000,true,false
230818,BXBA,mean_rate_preview_if_units_known,1.865000,Hz,36,179,6000,true,false
230818,BXBA,trial_count,36,trials,36,179,6000,false,false
230818,BXBA,unit_count,179,units,36,179,6000,false,false
230818,BXBA,timepoint_count,6000,timepoints,36,179,6000,false,false
230818,RRRR,finite_fraction,1.000000,ratio,104,179,6000,true,false
230818,RRRR,nonnegative_fraction,1.000000,ratio,104,179,6000,true,false
230818,RRRR,total_nonzero_bins_preview,1317,bins,104,179,6000,true,false
230818,RRRR,mean_rate_preview_if_units_known,2.195000,Hz,104,179,6000,true,false
230818,RRRR,trial_count,104,trials,104,179,6000,false,false
230818,RRRR,unit_count,179,units,104,179,6000,false,false
230818,RRRR,timepoint_count,6000,timepoints,104,179,6000,false,false
230818,RRRX,finite_fraction,1.000000,ratio,104,179,6000,true,false
230818,RRRX,nonnegative_fraction,1.000000,ratio,104,179,6000,true,false
230818,RRRX,total_nonzero_bins_preview,1068,bins,104,179,6000,true,false
230818,RRRX,mean_rate_preview_if_units_known,1.780000,Hz,104,179,6000,true,false
230818,RRRX,trial_count,104,trials,104,179,6000,false,false
230818,RRRX,unit_count,179,units,104,179,6000,false,false
230818,RRRX,timepoint_count,6000,timepoints,104,179,6000,false,false
230818,RRXR,finite_fraction,1.000000,ratio,28,179,6000,true,false
230818,RRXR,nonnegative_fraction,1.000000,ratio,28,179,6000,true,false
230818,RRXR,total_nonzero_bins_preview,1008,bins,28,179,6000,true,false
230818,RRXR,mean_rate_preview_if_units_known,1.680000,Hz,28,179,6000,true,false
230818,RRXR,trial_count,28,trials,28,179,6000,false,false
230818,RRXR,unit_count,179,units,28,179,6000,false,false
230818,RRXR,timepoint_count,6000,timepoints,28,179,6000,false,false
230818,RXRR,finite_fraction,1.000000,ratio,64,179,6000,true,false
230818,RXRR,nonnegative_fraction,1.000000,ratio,64,179,6000,true,false
230818,RXRR,total_nonzero_bins_preview,1062,bins,64,179,6000,true,false
230818,RXRR,mean_rate_preview_if_units_known,1.770000,Hz,64,179,6000,true,false
230818,RXRR,trial_count,64,trials,64,179,6000,false,false
230818,RXRR,unit_count,179,units,64,179,6000,false,false
230818,RXRR,timepoint_count,6000,timepoints,64,179,6000,false,false
230823,AAAB,finite_fraction,1.000000,ratio,219,156,6000,true,false
230823,AAAB,nonnegative_fraction,1.000000,ratio,219,156,6000,true,false
230823,AAAB,total_nonzero_bins_preview,3067,bins,219,156,6000,true,false
230823,AAAB,mean_rate_preview_if_units_known,5.111667,Hz,219,156,6000,true,false
230823,AAAB,trial_count,219,trials,219,156,6000,false,false
230823,AAAB,unit_count,156,units,219,156,6000,false,false
230823,AAAB,timepoint_count,6000,timepoints,219,156,6000,false,false
230823,AAAX,finite_fraction,1.000000,ratio,28,156,6000,true,false
230823,AAAX,nonnegative_fraction,1.000000,ratio,28,156,6000,true,false
230823,AAAX,total_nonzero_bins_preview,3941,bins,28,156,6000,true,false
230823,AAAX,mean_rate_preview_if_units_known,6.568333,Hz,28,156,6000,true,false
230823,AAAX,trial_count,28,trials,28,156,6000,false,false
230823,AAAX,unit_count,156,units,28,156,6000,false,false
230823,AAAX,timepoint_count,6000,timepoints,28,156,6000,false,false
230823,AAXB,finite_fraction,1.000000,ratio,42,156,6000,true,false
230823,AAXB,nonnegative_fraction,1.000000,ratio,42,156,6000,true,false
230823,AAXB,total_nonzero_bins_preview,3801,bins,42,156,6000,true,false
230823,AAXB,mean_rate_preview_if_units_known,6.335000,Hz,42,156,6000,true,false
230823,AAXB,trial_count,42,trials,42,156,6000,false,false
230823,AAXB,unit_count,156,units,42,156,6000,false,false
230823,AAXB,timepoint_count,6000,timepoints,42,156,6000,false,false
230823,AXAB,finite_fraction,1.000000,ratio,41,156,6000,true,false
230823,AXAB,nonnegative_fraction,1.000000,ratio,41,156,6000,true,false
230823,AXAB,total_nonzero_bins_preview,3440,bins,41,156,6000,true,false
230823,AXAB,mean_rate_preview_if_units_known,5.733333,Hz,41,156,6000,true,false
230823,AXAB,trial_count,41,trials,41,156,6000,false,false
230823,AXAB,unit_count,156,units,41,156,6000,false,false
230823,AXAB,timepoint_count,6000,timepoints,41,156,6000,false,false
230823,BBBA,finite_fraction,1.000000,ratio,227,156,6000,true,false
230823,BBBA,nonnegative_fraction,1.000000,ratio,227,156,6000,true,false
230823,BBBA,total_nonzero_bins_preview,3627,bins,227,156,6000,true,false
230823,BBBA,mean_rate_preview_if_units_known,6.045000,Hz,227,156,6000,true,false
230823,BBBA,trial_count,227,trials,227,156,6000,false,false
230823,BBBA,unit_count,156,units,227,156,6000,false,false
230823,BBBA,timepoint_count,6000,timepoints,227,156,6000,false,false
230823,BBBX,finite_fraction,1.000000,ratio,30,156,6000,true,false
230823,BBBX,nonnegative_fraction,1.000000,ratio,30,156,6000,true,false
230823,BBBX,total_nonzero_bins_preview,4167,bins,30,156,6000,true,false
230823,BBBX,mean_rate_preview_if_units_known,6.945000,Hz,30,156,6000,true,false
230823,BBBX,trial_count,30,trials,30,156,6000,false,false
230823,BBBX,unit_count,156,units,30,156,6000,false,false
230823,BBBX,timepoint_count,6000,timepoints,30,156,6000,false,false
230823,BBXA,finite_fraction,1.000000,ratio,42,156,6000,true,false
230823,BBXA,nonnegative_fraction,1.000000,ratio,42,156,6000,true,false
230823,BBXA,total_nonzero_bins_preview,4181,bins,42,156,6000,true,false
230823,BBXA,mean_rate_preview_if_units_known,6.968333,Hz,42,156,6000,true,false
230823,BBXA,trial_count,42,trials,42,156,6000,false,false
230823,BBXA,unit_count,156,units,42,156,6000,false,false
230823,BBXA,timepoint_count,6000,timepoints,42,156,6000,false,false
230823,BXBA,finite_fraction,1.000000,ratio,31,156,6000,true,false
230823,BXBA,nonnegative_fraction,1.000000,ratio,31,156,6000,true,false
230823,BXBA,total_nonzero_bins_preview,3770,bins,31,156,6000,true,false
230823,BXBA,mean_rate_preview_if_units_known,6.283333,Hz,31,156,6000,true,false
230823,BXBA,trial_count,31,trials,31,156,6000,false,false
230823,BXBA,unit_count,156,units,31,156,6000,false,false
230823,BXBA,timepoint_count,6000,timepoints,31,156,6000,false,false
230823,RRRR,finite_fraction,1.000000,ratio,111,156,6000,true,false
230823,RRRR,nonnegative_fraction,1.000000,ratio,111,156,6000,true,false
230823,RRRR,total_nonzero_bins_preview,3843,bins,111,156,6000,true,false
230823,RRRR,mean_rate_preview_if_units_known,6.405000,Hz,111,156,6000,true,false
230823,RRRR,trial_count,111,trials,111,156,6000,false,false
230823,RRRR,unit_count,156,units,111,156,6000,false,false
230823,RRRR,timepoint_count,6000,timepoints,111,156,6000,false,false
230823,RRRX,finite_fraction,1.000000,ratio,91,156,6000,true,false
230823,RRRX,nonnegative_fraction,1.000000,ratio,91,156,6000,true,false
230823,RRRX,total_nonzero_bins_preview,3935,bins,91,156,6000,true,false
230823,RRRX,mean_rate_preview_if_units_known,6.558333,Hz,91,156,6000,true,false
230823,RRRX,trial_count,91,trials,91,156,6000,false,false
230823,RRRX,unit_count,156,units,91,156,6000,false,false
230823,RRRX,timepoint_count,6000,timepoints,91,156,6000,false,false
230823,RRXR,finite_fraction,1.000000,ratio,43,156,6000,true,false
230823,RRXR,nonnegative_fraction,1.000000,ratio,43,156,6000,true,false
230823,RRXR,total_nonzero_bins_preview,4357,bins,43,156,6000,true,false
230823,RRXR,mean_rate_preview_if_units_known,7.261667,Hz,43,156,6000,true,false
230823,RRXR,trial_count,43,trials,43,156,6000,false,false
230823,RRXR,unit_count,156,units,43,156,6000,false,false
230823,RRXR,timepoint_count,6000,timepoints,43,156,6000,false,false
230823,RXRR,finite_fraction,1.000000,ratio,55,156,6000,true,false
230823,RXRR,nonnegative_fraction,1.000000,ratio,55,156,6000,true,false
230823,RXRR,total_nonzero_bins_preview,3989,bins,55,156,6000,true,false
230823,RXRR,mean_rate_preview_if_units_known,6.648333,Hz,55,156,6000,true,false
230823,RXRR,trial_count,55,trials,55,156,6000,false,false
230823,RXRR,unit_count,156,units,55,156,6000,false,false
230823,RXRR,timepoint_count,6000,timepoints,55,156,6000,false,false
230823,AAAB,finite_fraction,1.000000,ratio,219,19,6000,true,false
230823,AAAB,nonnegative_fraction,1.000000,ratio,219,19,6000,true,false
230823,AAAB,total_nonzero_bins_preview,1231,bins,219,19,6000,true,false
230823,AAAB,mean_rate_preview_if_units_known,2.051667,Hz,219,19,6000,true,false
230823,AAAB,trial_count,219,trials,219,19,6000,false,false
230823,AAAB,unit_count,19,units,219,19,6000,false,false
230823,AAAB,timepoint_count,6000,timepoints,219,19,6000,false,false
230823,AAAX,finite_fraction,1.000000,ratio,28,19,6000,true,false
230823,AAAX,nonnegative_fraction,1.000000,ratio,28,19,6000,true,false
230823,AAAX,total_nonzero_bins_preview,3286,bins,28,19,6000,true,false
230823,AAAX,mean_rate_preview_if_units_known,5.476667,Hz,28,19,6000,true,false
230823,AAAX,trial_count,28,trials,28,19,6000,false,false
230823,AAAX,unit_count,19,units,28,19,6000,false,false
230823,AAAX,timepoint_count,6000,timepoints,28,19,6000,false,false
230823,AAXB,finite_fraction,1.000000,ratio,42,19,6000,true,false
230823,AAXB,nonnegative_fraction,1.000000,ratio,42,19,6000,true,false
230823,AAXB,total_nonzero_bins_preview,2598,bins,42,19,6000,true,false
230823,AAXB,mean_rate_preview_if_units_known,4.330000,Hz,42,19,6000,true,false
230823,AAXB,trial_count,42,trials,42,19,6000,false,false
230823,AAXB,unit_count,19,units,42,19,6000,false,false
230823,AAXB,timepoint_count,6000,timepoints,42,19,6000,false,false
230823,AXAB,finite_fraction,1.000000,ratio,41,19,6000,true,false
230823,AXAB,nonnegative_fraction,1.000000,ratio,41,19,6000,true,false
230823,AXAB,total_nonzero_bins_preview,2253,bins,41,19,6000,true,false
230823,AXAB,mean_rate_preview_if_units_known,3.755000,Hz,41,19,6000,true,false
230823,AXAB,trial_count,41,trials,41,19,6000,false,false
230823,AXAB,unit_count,19,units,41,19,6000,false,false
230823,AXAB,timepoint_count,6000,timepoints,41,19,6000,false,false
230823,BBBA,finite_fraction,1.000000,ratio,227,19,6000,true,false
230823,BBBA,nonnegative_fraction,1.000000,ratio,227,19,6000,true,false
230823,BBBA,total_nonzero_bins_preview,2175,bins,227,19,6000,true,false
230823,BBBA,mean_rate_preview_if_units_known,3.625000,Hz,227,19,6000,true,false
230823,BBBA,trial_count,227,trials,227,19,6000,false,false
230823,BBBA,unit_count,19,units,227,19,6000,false,false
230823,BBBA,timepoint_count,6000,timepoints,227,19,6000,false,false
230823,BBBX,finite_fraction,1.000000,ratio,30,19,6000,true,false
230823,BBBX,nonnegative_fraction,1.000000,ratio,30,19,6000,true,false
230823,BBBX,total_nonzero_bins_preview,3708,bins,30,19,6000,true,false
230823,BBBX,mean_rate_preview_if_units_known,6.180000,Hz,30,19,6000,true,false
230823,BBBX,trial_count,30,trials,30,19,6000,false,false
230823,BBBX,unit_count,19,units,30,19,6000,false,false
230823,BBBX,timepoint_count,6000,timepoints,30,19,6000,false,false
230823,BBXA,finite_fraction,1.000000,ratio,42,19,6000,true,false
230823,BBXA,nonnegative_fraction,1.000000,ratio,42,19,6000,true,false
230823,BBXA,total_nonzero_bins_preview,3617,bins,42,19,6000,true,false
230823,BBXA,mean_rate_preview_if_units_known,6.028333,Hz,42,19,6000,true,false
230823,BBXA,trial_count,42,trials,42,19,6000,false,false
230823,BBXA,unit_count,19,units,42,19,6000,false,false
230823,BBXA,timepoint_count,6000,timepoints,42,19,6000,false,false
230823,BXBA,finite_fraction,1.000000,ratio,31,19,6000,true,false
230823,BXBA,nonnegative_fraction,1.000000,ratio,31,19,6000,true,false
230823,BXBA,total_nonzero_bins_preview,3127,bins,31,19,6000,true,false
230823,BXBA,mean_rate_preview_if_units_known,5.211667,Hz,31,19,6000,true,false
230823,BXBA,trial_count,31,trials,31,19,6000,false,false
230823,BXBA,unit_count,19,units,31,19,6000,false,false
230823,BXBA,timepoint_count,6000,timepoints,31,19,6000,false,false
230823,RRRR,finite_fraction,1.000000,ratio,111,19,6000,true,false
230823,RRRR,nonnegative_fraction,1.000000,ratio,111,19,6000,true,false
230823,RRRR,total_nonzero_bins_preview,3116,bins,111,19,6000,true,false
230823,RRRR,mean_rate_preview_if_units_known,5.193333,Hz,111,19,6000,true,false
230823,RRRR,trial_count,111,trials,111,19,6000,false,false
230823,RRRR,unit_count,19,units,111,19,6000,false,false
230823,RRRR,timepoint_count,6000,timepoints,111,19,6000,false,false
230823,RRRX,finite_fraction,1.000000,ratio,91,19,6000,true,false
230823,RRRX,nonnegative_fraction,1.000000,ratio,91,19,6000,true,false
230823,RRRX,total_nonzero_bins_preview,3230,bins,91,19,6000,true,false
230823,RRRX,mean_rate_preview_if_units_known,5.383333,Hz,91,19,6000,true,false
230823,RRRX,trial_count,91,trials,91,19,6000,false,false
230823,RRRX,unit_count,19,units,91,19,6000,false,false
230823,RRRX,timepoint_count,6000,timepoints,91,19,6000,false,false
230823,RRXR,finite_fraction,1.000000,ratio,43,19,6000,true,false
230823,RRXR,nonnegative_fraction,1.000000,ratio,43,19,6000,true,false
230823,RRXR,total_nonzero_bins_preview,3860,bins,43,19,6000,true,false
230823,RRXR,mean_rate_preview_if_units_known,6.433333,Hz,43,19,6000,true,false
230823,RRXR,trial_count,43,trials,43,19,6000,false,false
230823,RRXR,unit_count,19,units,43,19,6000,false,false
230823,RRXR,timepoint_count,6000,timepoints,43,19,6000,false,false
230823,RXRR,finite_fraction,1.000000,ratio,55,19,6000,true,false
230823,RXRR,nonnegative_fraction,1.000000,ratio,55,19,6000,true,false
230823,RXRR,total_nonzero_bins_preview,3272,bins,55,19,6000,true,false
230823,RXRR,mean_rate_preview_if_units_known,5.453333,Hz,55,19,6000,true,false
230823,RXRR,trial_count,55,trials,55,19,6000,false,false
230823,RXRR,unit_count,19,units,55,19,6000,false,false
230823,RXRR,timepoint_count,6000,timepoints,55,19,6000,false,false
230823,AAAB,finite_fraction,1.000000,ratio,219,193,6000,true,false
230823,AAAB,nonnegative_fraction,1.000000,ratio,219,193,6000,true,false
230823,AAAB,total_nonzero_bins_preview,810,bins,219,193,6000,true,false
230823,AAAB,mean_rate_preview_if_units_known,1.350000,Hz,219,193,6000,true,false
230823,AAAB,trial_count,219,trials,219,193,6000,false,false
230823,AAAB,unit_count,193,units,219,193,6000,false,false
230823,AAAB,timepoint_count,6000,timepoints,219,193,6000,false,false
230823,AAAX,finite_fraction,1.000000,ratio,28,193,6000,true,false
230823,AAAX,nonnegative_fraction,1.000000,ratio,28,193,6000,true,false
230823,AAAX,total_nonzero_bins_preview,1125,bins,28,193,6000,true,false
230823,AAAX,mean_rate_preview_if_units_known,1.875000,Hz,28,193,6000,true,false
230823,AAAX,trial_count,28,trials,28,193,6000,false,false
230823,AAAX,unit_count,193,units,28,193,6000,false,false
230823,AAAX,timepoint_count,6000,timepoints,28,193,6000,false,false
230823,AAXB,finite_fraction,1.000000,ratio,42,193,6000,true,false
230823,AAXB,nonnegative_fraction,1.000000,ratio,42,193,6000,true,false
230823,AAXB,total_nonzero_bins_preview,1098,bins,42,193,6000,true,false
230823,AAXB,mean_rate_preview_if_units_known,1.830000,Hz,42,193,6000,true,false
230823,AAXB,trial_count,42,trials,42,193,6000,false,false
230823,AAXB,unit_count,193,units,42,193,6000,false,false
230823,AAXB,timepoint_count,6000,timepoints,42,193,6000,false,false
230823,AXAB,finite_fraction,1.000000,ratio,41,193,6000,true,false
230823,AXAB,nonnegative_fraction,1.000000,ratio,41,193,6000,true,false
230823,AXAB,total_nonzero_bins_preview,1175,bins,41,193,6000,true,false
230823,AXAB,mean_rate_preview_if_units_known,1.958333,Hz,41,193,6000,true,false
230823,AXAB,trial_count,41,trials,41,193,6000,false,false
230823,AXAB,unit_count,193,units,41,193,6000,false,false
230823,AXAB,timepoint_count,6000,timepoints,41,193,6000,false,false
230823,BBBA,finite_fraction,1.000000,ratio,227,193,6000,true,false
230823,BBBA,nonnegative_fraction,1.000000,ratio,227,193,6000,true,false
230823,BBBA,total_nonzero_bins_preview,999,bins,227,193,6000,true,false
230823,BBBA,mean_rate_preview_if_units_known,1.665000,Hz,227,193,6000,true,false
230823,BBBA,trial_count,227,trials,227,193,6000,false,false
230823,BBBA,unit_count,193,units,227,193,6000,false,false
230823,BBBA,timepoint_count,6000,timepoints,227,193,6000,false,false
230823,BBBX,finite_fraction,1.000000,ratio,30,193,6000,true,false
230823,BBBX,nonnegative_fraction,1.000000,ratio,30,193,6000,true,false
230823,BBBX,total_nonzero_bins_preview,1216,bins,30,193,6000,true,false
230823,BBBX,mean_rate_preview_if_units_known,2.026667,Hz,30,193,6000,true,false
230823,BBBX,trial_count,30,trials,30,193,6000,false,false
230823,BBBX,unit_count,193,units,30,193,6000,false,false
230823,BBBX,timepoint_count,6000,timepoints,30,193,6000,false,false
230823,BBXA,finite_fraction,1.000000,ratio,42,193,6000,true,false
230823,BBXA,nonnegative_fraction,1.000000,ratio,42,193,6000,true,false
230823,BBXA,total_nonzero_bins_preview,1211,bins,42,193,6000,true,false
230823,BBXA,mean_rate_preview_if_units_known,2.018333,Hz,42,193,6000,true,false
230823,BBXA,trial_count,42,trials,42,193,6000,false,false
230823,BBXA,unit_count,193,units,42,193,6000,false,false
230823,BBXA,timepoint_count,6000,timepoints,42,193,6000,false,false
230823,BXBA,finite_fraction,1.000000,ratio,31,193,6000,true,false
230823,BXBA,nonnegative_fraction,1.000000,ratio,31,193,6000,true,false
230823,BXBA,total_nonzero_bins_preview,1212,bins,31,193,6000,true,false
230823,BXBA,mean_rate_preview_if_units_known,2.020000,Hz,31,193,6000,true,false
230823,BXBA,trial_count,31,trials,31,193,6000,false,false
230823,BXBA,unit_count,193,units,31,193,6000,false,false
230823,BXBA,timepoint_count,6000,timepoints,31,193,6000,false,false
230823,RRRR,finite_fraction,1.000000,ratio,111,193,6000,true,false
230823,RRRR,nonnegative_fraction,1.000000,ratio,111,193,6000,true,false
230823,RRRR,total_nonzero_bins_preview,993,bins,111,193,6000,true,false
230823,RRRR,mean_rate_preview_if_units_known,1.655000,Hz,111,193,6000,true,false
230823,RRRR,trial_count,111,trials,111,193,6000,false,false
230823,RRRR,unit_count,193,units,111,193,6000,false,false
230823,RRRR,timepoint_count,6000,timepoints,111,193,6000,false,false
230823,RRRX,finite_fraction,1.000000,ratio,91,193,6000,true,false
230823,RRRX,nonnegative_fraction,1.000000,ratio,91,193,6000,true,false
230823,RRRX,total_nonzero_bins_preview,1085,bins,91,193,6000,true,false
230823,RRRX,mean_rate_preview_if_units_known,1.808333,Hz,91,193,6000,true,false
230823,RRRX,trial_count,91,trials,91,193,6000,false,false
230823,RRRX,unit_count,193,units,91,193,6000,false,false
230823,RRRX,timepoint_count,6000,timepoints,91,193,6000,false,false
230823,RRXR,finite_fraction,1.000000,ratio,43,193,6000,true,false
230823,RRXR,nonnegative_fraction,1.000000,ratio,43,193,6000,true,false
230823,RRXR,total_nonzero_bins_preview,1456,bins,43,193,6000,true,false
230823,RRXR,mean_rate_preview_if_units_known,2.426667,Hz,43,193,6000,true,false
230823,RRXR,trial_count,43,trials,43,193,6000,false,false
230823,RRXR,unit_count,193,units,43,193,6000,false,false
230823,RRXR,timepoint_count,6000,timepoints,43,193,6000,false,false
230823,RXRR,finite_fraction,1.000000,ratio,55,193,6000,true,false
230823,RXRR,nonnegative_fraction,1.000000,ratio,55,193,6000,true,false
230823,RXRR,total_nonzero_bins_preview,998,bins,55,193,6000,true,false
230823,RXRR,mean_rate_preview_if_units_known,1.663333,Hz,55,193,6000,true,false
230823,RXRR,trial_count,55,trials,55,193,6000,false,false
230823,RXRR,unit_count,193,units,55,193,6000,false,false
230823,RXRR,timepoint_count,6000,timepoints,55,193,6000,false,false
230825,AAAB,finite_fraction,1.000000,ratio,238,173,6000,true,false
230825,AAAB,nonnegative_fraction,1.000000,ratio,238,173,6000,true,false
230825,AAAB,total_nonzero_bins_preview,805,bins,238,173,6000,true,false
230825,AAAB,mean_rate_preview_if_units_known,1.341667,Hz,238,173,6000,true,false
230825,AAAB,trial_count,238,trials,238,173,6000,false,false
230825,AAAB,unit_count,173,units,238,173,6000,false,false
230825,AAAB,timepoint_count,6000,timepoints,238,173,6000,false,false
230825,AAAX,finite_fraction,1.000000,ratio,23,173,6000,true,false
230825,AAAX,nonnegative_fraction,1.000000,ratio,23,173,6000,true,false
230825,AAAX,total_nonzero_bins_preview,2544,bins,23,173,6000,true,false
230825,AAAX,mean_rate_preview_if_units_known,4.240000,Hz,23,173,6000,true,false
230825,AAAX,trial_count,23,trials,23,173,6000,false,false
230825,AAAX,unit_count,173,units,23,173,6000,false,false
230825,AAAX,timepoint_count,6000,timepoints,23,173,6000,false,false
230825,AAXB,finite_fraction,1.000000,ratio,35,173,6000,true,false
230825,AAXB,nonnegative_fraction,1.000000,ratio,35,173,6000,true,false
230825,AAXB,total_nonzero_bins_preview,2213,bins,35,173,6000,true,false
230825,AAXB,mean_rate_preview_if_units_known,3.688333,Hz,35,173,6000,true,false
230825,AAXB,trial_count,35,trials,35,173,6000,false,false
230825,AAXB,unit_count,173,units,35,173,6000,false,false
230825,AAXB,timepoint_count,6000,timepoints,35,173,6000,false,false
230825,AXAB,finite_fraction,1.000000,ratio,34,173,6000,true,false
230825,AXAB,nonnegative_fraction,1.000000,ratio,34,173,6000,true,false
230825,AXAB,total_nonzero_bins_preview,2672,bins,34,173,6000,true,false
230825,AXAB,mean_rate_preview_if_units_known,4.453333,Hz,34,173,6000,true,false
230825,AXAB,trial_count,34,trials,34,173,6000,false,false
230825,AXAB,unit_count,173,units,34,173,6000,false,false
230825,AXAB,timepoint_count,6000,timepoints,34,173,6000,false,false
230825,BBBA,finite_fraction,1.000000,ratio,218,173,6000,true,false
230825,BBBA,nonnegative_fraction,1.000000,ratio,218,173,6000,true,false
230825,BBBA,total_nonzero_bins_preview,1667,bins,218,173,6000,true,false
230825,BBBA,mean_rate_preview_if_units_known,2.778333,Hz,218,173,6000,true,false
230825,BBBA,trial_count,218,trials,218,173,6000,false,false
230825,BBBA,unit_count,173,units,218,173,6000,false,false
230825,BBBA,timepoint_count,6000,timepoints,218,173,6000,false,false
230825,BBBX,finite_fraction,1.000000,ratio,34,173,6000,true,false
230825,BBBX,nonnegative_fraction,1.000000,ratio,34,173,6000,true,false
230825,BBBX,total_nonzero_bins_preview,3529,bins,34,173,6000,true,false
230825,BBBX,mean_rate_preview_if_units_known,5.881667,Hz,34,173,6000,true,false
230825,BBBX,trial_count,34,trials,34,173,6000,false,false
230825,BBBX,unit_count,173,units,34,173,6000,false,false
230825,BBBX,timepoint_count,6000,timepoints,34,173,6000,false,false
230825,BBXA,finite_fraction,1.000000,ratio,34,173,6000,true,false
230825,BBXA,nonnegative_fraction,1.000000,ratio,34,173,6000,true,false
230825,BBXA,total_nonzero_bins_preview,3815,bins,34,173,6000,true,false
230825,BBXA,mean_rate_preview_if_units_known,6.358333,Hz,34,173,6000,true,false
230825,BBXA,trial_count,34,trials,34,173,6000,false,false
230825,BBXA,unit_count,173,units,34,173,6000,false,false
230825,BBXA,timepoint_count,6000,timepoints,34,173,6000,false,false
230825,BXBA,finite_fraction,1.000000,ratio,44,173,6000,true,false
230825,BXBA,nonnegative_fraction,1.000000,ratio,44,173,6000,true,false
230825,BXBA,total_nonzero_bins_preview,3111,bins,44,173,6000,true,false
230825,BXBA,mean_rate_preview_if_units_known,5.185000,Hz,44,173,6000,true,false
230825,BXBA,trial_count,44,trials,44,173,6000,false,false
230825,BXBA,unit_count,173,units,44,173,6000,false,false
230825,BXBA,timepoint_count,6000,timepoints,44,173,6000,false,false
230825,RRRR,finite_fraction,1.000000,ratio,109,173,6000,true,false
230825,RRRR,nonnegative_fraction,1.000000,ratio,109,173,6000,true,false
230825,RRRR,total_nonzero_bins_preview,2649,bins,109,173,6000,true,false
230825,RRRR,mean_rate_preview_if_units_known,4.415000,Hz,109,173,6000,true,false
230825,RRRR,trial_count,109,trials,109,173,6000,false,false
230825,RRRR,unit_count,173,units,109,173,6000,false,false
230825,RRRR,timepoint_count,6000,timepoints,109,173,6000,false,false
230825,RRRX,finite_fraction,1.000000,ratio,92,173,6000,true,false
230825,RRRX,nonnegative_fraction,1.000000,ratio,92,173,6000,true,false
230825,RRRX,total_nonzero_bins_preview,2615,bins,92,173,6000,true,false
230825,RRRX,mean_rate_preview_if_units_known,4.358333,Hz,92,173,6000,true,false
230825,RRRX,trial_count,92,trials,92,173,6000,false,false
230825,RRRX,unit_count,173,units,92,173,6000,false,false
230825,RRRX,timepoint_count,6000,timepoints,92,173,6000,false,false
230825,RRXR,finite_fraction,1.000000,ratio,27,173,6000,true,false
230825,RRXR,nonnegative_fraction,1.000000,ratio,27,173,6000,true,false
230825,RRXR,total_nonzero_bins_preview,4057,bins,27,173,6000,true,false
230825,RRXR,mean_rate_preview_if_units_known,6.761667,Hz,27,173,6000,true,false
230825,RRXR,trial_count,27,trials,27,173,6000,false,false
230825,RRXR,unit_count,173,units,27,173,6000,false,false
230825,RRXR,timepoint_count,6000,timepoints,27,173,6000,false,false
230825,RXRR,finite_fraction,1.000000,ratio,72,173,6000,true,false
230825,RXRR,nonnegative_fraction,1.000000,ratio,72,173,6000,true,false
230825,RXRR,total_nonzero_bins_preview,2751,bins,72,173,6000,true,false
230825,RXRR,mean_rate_preview_if_units_known,4.585000,Hz,72,173,6000,true,false
230825,RXRR,trial_count,72,trials,72,173,6000,false,false
230825,RXRR,unit_count,173,units,72,173,6000,false,false
230825,RXRR,timepoint_count,6000,timepoints,72,173,6000,false,false
230825,AAAB,finite_fraction,1.000000,ratio,238,162,6000,true,false
230825,AAAB,nonnegative_fraction,1.000000,ratio,238,162,6000,true,false
230825,AAAB,total_nonzero_bins_preview,2757,bins,238,162,6000,true,false
230825,AAAB,mean_rate_preview_if_units_known,4.595000,Hz,238,162,6000,true,false
230825,AAAB,trial_count,238,trials,238,162,6000,false,false
230825,AAAB,unit_count,162,units,238,162,6000,false,false
230825,AAAB,timepoint_count,6000,timepoints,238,162,6000,false,false
230825,AAAX,finite_fraction,1.000000,ratio,23,162,6000,true,false
230825,AAAX,nonnegative_fraction,1.000000,ratio,23,162,6000,true,false
230825,AAAX,total_nonzero_bins_preview,5040,bins,23,162,6000,true,false
230825,AAAX,mean_rate_preview_if_units_known,8.400000,Hz,23,162,6000,true,false
230825,AAAX,trial_count,23,trials,23,162,6000,false,false
230825,AAAX,unit_count,162,units,23,162,6000,false,false
230825,AAAX,timepoint_count,6000,timepoints,23,162,6000,false,false
230825,AAXB,finite_fraction,1.000000,ratio,35,162,6000,true,false
230825,AAXB,nonnegative_fraction,1.000000,ratio,35,162,6000,true,false
230825,AAXB,total_nonzero_bins_preview,3811,bins,35,162,6000,true,false
230825,AAXB,mean_rate_preview_if_units_known,6.351667,Hz,35,162,6000,true,false
230825,AAXB,trial_count,35,trials,35,162,6000,false,false
230825,AAXB,unit_count,162,units,35,162,6000,false,false
230825,AAXB,timepoint_count,6000,timepoints,35,162,6000,false,false
230825,AXAB,finite_fraction,1.000000,ratio,34,162,6000,true,false
230825,AXAB,nonnegative_fraction,1.000000,ratio,34,162,6000,true,false
230825,AXAB,total_nonzero_bins_preview,5115,bins,34,162,6000,true,false
230825,AXAB,mean_rate_preview_if_units_known,8.525000,Hz,34,162,6000,true,false
230825,AXAB,trial_count,34,trials,34,162,6000,false,false
230825,AXAB,unit_count,162,units,34,162,6000,false,false
230825,AXAB,timepoint_count,6000,timepoints,34,162,6000,false,false
230825,BBBA,finite_fraction,1.000000,ratio,218,162,6000,true,false
230825,BBBA,nonnegative_fraction,1.000000,ratio,218,162,6000,true,false
230825,BBBA,total_nonzero_bins_preview,3347,bins,218,162,6000,true,false
230825,BBBA,mean_rate_preview_if_units_known,5.578333,Hz,218,162,6000,true,false
230825,BBBA,trial_count,218,trials,218,162,6000,false,false
230825,BBBA,unit_count,162,units,218,162,6000,false,false
230825,BBBA,timepoint_count,6000,timepoints,218,162,6000,false,false
230825,BBBX,finite_fraction,1.000000,ratio,34,162,6000,true,false
230825,BBBX,nonnegative_fraction,1.000000,ratio,34,162,6000,true,false
230825,BBBX,total_nonzero_bins_preview,6237,bins,34,162,6000,true,false
230825,BBBX,mean_rate_preview_if_units_known,10.395000,Hz,34,162,6000,true,false
230825,BBBX,trial_count,34,trials,34,162,6000,false,false
230825,BBBX,unit_count,162,units,34,162,6000,false,false
230825,BBBX,timepoint_count,6000,timepoints,34,162,6000,false,false
230825,BBXA,finite_fraction,1.000000,ratio,34,162,6000,true,false
230825,BBXA,nonnegative_fraction,1.000000,ratio,34,162,6000,true,false
230825,BBXA,total_nonzero_bins_preview,6799,bins,34,162,6000,true,false
230825,BBXA,mean_rate_preview_if_units_known,11.331667,Hz,34,162,6000,true,false
230825,BBXA,trial_count,34,trials,34,162,6000,false,false
230825,BBXA,unit_count,162,units,34,162,6000,false,false
230825,BBXA,timepoint_count,6000,timepoints,34,162,6000,false,false
230825,BXBA,finite_fraction,1.000000,ratio,44,162,6000,true,false
230825,BXBA,nonnegative_fraction,1.000000,ratio,44,162,6000,true,false
230825,BXBA,total_nonzero_bins_preview,5121,bins,44,162,6000,true,false
230825,BXBA,mean_rate_preview_if_units_known,8.535000,Hz,44,162,6000,true,false
230825,BXBA,trial_count,44,trials,44,162,6000,false,false
230825,BXBA,unit_count,162,units,44,162,6000,false,false
230825,BXBA,timepoint_count,6000,timepoints,44,162,6000,false,false
230825,RRRR,finite_fraction,1.000000,ratio,109,162,6000,true,false
230825,RRRR,nonnegative_fraction,1.000000,ratio,109,162,6000,true,false
230825,RRRR,total_nonzero_bins_preview,4712,bins,109,162,6000,true,false
230825,RRRR,mean_rate_preview_if_units_known,7.853333,Hz,109,162,6000,true,false
230825,RRRR,trial_count,109,trials,109,162,6000,false,false
230825,RRRR,unit_count,162,units,109,162,6000,false,false
230825,RRRR,timepoint_count,6000,timepoints,109,162,6000,false,false
230825,RRRX,finite_fraction,1.000000,ratio,92,162,6000,true,false
230825,RRRX,nonnegative_fraction,1.000000,ratio,92,162,6000,true,false
230825,RRRX,total_nonzero_bins_preview,4613,bins,92,162,6000,true,false
230825,RRRX,mean_rate_preview_if_units_known,7.688333,Hz,92,162,6000,true,false
230825,RRRX,trial_count,92,trials,92,162,6000,false,false
230825,RRRX,unit_count,162,units,92,162,6000,false,false
230825,RRRX,timepoint_count,6000,timepoints,92,162,6000,false,false
230825,RRXR,finite_fraction,1.000000,ratio,27,162,6000,true,false
230825,RRXR,nonnegative_fraction,1.000000,ratio,27,162,6000,true,false
230825,RRXR,total_nonzero_bins_preview,8822,bins,27,162,6000,true,false
230825,RRXR,mean_rate_preview_if_units_known,14.703333,Hz,27,162,6000,true,false
230825,RRXR,trial_count,27,trials,27,162,6000,false,false
230825,RRXR,unit_count,162,units,27,162,6000,false,false
230825,RRXR,timepoint_count,6000,timepoints,27,162,6000,false,false
230825,RXRR,finite_fraction,1.000000,ratio,72,162,6000,true,false
230825,RXRR,nonnegative_fraction,1.000000,ratio,72,162,6000,true,false
230825,RXRR,total_nonzero_bins_preview,4762,bins,72,162,6000,true,false
230825,RXRR,mean_rate_preview_if_units_known,7.936667,Hz,72,162,6000,true,false
230825,RXRR,trial_count,72,trials,72,162,6000,false,false
230825,RXRR,unit_count,162,units,72,162,6000,false,false
230825,RXRR,timepoint_count,6000,timepoints,72,162,6000,false,false
230825,AAAB,finite_fraction,1.000000,ratio,238,156,6000,true,false
230825,AAAB,nonnegative_fraction,1.000000,ratio,238,156,6000,true,false
230825,AAAB,total_nonzero_bins_preview,3637,bins,238,156,6000,true,false
230825,AAAB,mean_rate_preview_if_units_known,6.061667,Hz,238,156,6000,true,false
230825,AAAB,trial_count,238,trials,238,156,6000,false,false
230825,AAAB,unit_count,156,units,238,156,6000,false,false
230825,AAAB,timepoint_count,6000,timepoints,238,156,6000,false,false
230825,AAAX,finite_fraction,1.000000,ratio,23,156,6000,true,false
230825,AAAX,nonnegative_fraction,1.000000,ratio,23,156,6000,true,false
230825,AAAX,total_nonzero_bins_preview,4054,bins,23,156,6000,true,false
230825,AAAX,mean_rate_preview_if_units_known,6.756667,Hz,23,156,6000,true,false
230825,AAAX,trial_count,23,trials,23,156,6000,false,false
230825,AAAX,unit_count,156,units,23,156,6000,false,false
230825,AAAX,timepoint_count,6000,timepoints,23,156,6000,false,false
230825,AAXB,finite_fraction,1.000000,ratio,35,156,6000,true,false
230825,AAXB,nonnegative_fraction,1.000000,ratio,35,156,6000,true,false
230825,AAXB,total_nonzero_bins_preview,4109,bins,35,156,6000,true,false
230825,AAXB,mean_rate_preview_if_units_known,6.848333,Hz,35,156,6000,true,false
230825,AAXB,trial_count,35,trials,35,156,6000,false,false
230825,AAXB,unit_count,156,units,35,156,6000,false,false
230825,AAXB,timepoint_count,6000,timepoints,35,156,6000,false,false
230825,AXAB,finite_fraction,1.000000,ratio,34,156,6000,true,false
230825,AXAB,nonnegative_fraction,1.000000,ratio,34,156,6000,true,false
230825,AXAB,total_nonzero_bins_preview,4181,bins,34,156,6000,true,false
230825,AXAB,mean_rate_preview_if_units_known,6.968333,Hz,34,156,6000,true,false
230825,AXAB,trial_count,34,trials,34,156,6000,false,false
230825,AXAB,unit_count,156,units,34,156,6000,false,false
230825,AXAB,timepoint_count,6000,timepoints,34,156,6000,false,false
230825,BBBA,finite_fraction,1.000000,ratio,218,156,6000,true,false
230825,BBBA,nonnegative_fraction,1.000000,ratio,218,156,6000,true,false
230825,BBBA,total_nonzero_bins_preview,3995,bins,218,156,6000,true,false
230825,BBBA,mean_rate_preview_if_units_known,6.658333,Hz,218,156,6000,true,false
230825,BBBA,trial_count,218,trials,218,156,6000,false,false
230825,BBBA,unit_count,156,units,218,156,6000,false,false
230825,BBBA,timepoint_count,6000,timepoints,218,156,6000,false,false
230825,BBBX,finite_fraction,1.000000,ratio,34,156,6000,true,false
230825,BBBX,nonnegative_fraction,1.000000,ratio,34,156,6000,true,false
230825,BBBX,total_nonzero_bins_preview,4125,bins,34,156,6000,true,false
230825,BBBX,mean_rate_preview_if_units_known,6.875000,Hz,34,156,6000,true,false
230825,BBBX,trial_count,34,trials,34,156,6000,false,false
230825,BBBX,unit_count,156,units,34,156,6000,false,false
230825,BBBX,timepoint_count,6000,timepoints,34,156,6000,false,false
230825,BBXA,finite_fraction,1.000000,ratio,34,156,6000,true,false
230825,BBXA,nonnegative_fraction,1.000000,ratio,34,156,6000,true,false
230825,BBXA,total_nonzero_bins_preview,4301,bins,34,156,6000,true,false
230825,BBXA,mean_rate_preview_if_units_known,7.168333,Hz,34,156,6000,true,false
230825,BBXA,trial_count,34,trials,34,156,6000,false,false
230825,BBXA,unit_count,156,units,34,156,6000,false,false
230825,BBXA,timepoint_count,6000,timepoints,34,156,6000,false,false
230825,BXBA,finite_fraction,1.000000,ratio,44,156,6000,true,false
230825,BXBA,nonnegative_fraction,1.000000,ratio,44,156,6000,true,false
230825,BXBA,total_nonzero_bins_preview,4568,bins,44,156,6000,true,false
230825,BXBA,mean_rate_preview_if_units_known,7.613333,Hz,44,156,6000,true,false
230825,BXBA,trial_count,44,trials,44,156,6000,false,false
230825,BXBA,unit_count,156,units,44,156,6000,false,false
230825,BXBA,timepoint_count,6000,timepoints,44,156,6000,false,false
230825,RRRR,finite_fraction,1.000000,ratio,109,156,6000,true,false
230825,RRRR,nonnegative_fraction,1.000000,ratio,109,156,6000,true,false
230825,RRRR,total_nonzero_bins_preview,4456,bins,109,156,6000,true,false
230825,RRRR,mean_rate_preview_if_units_known,7.426667,Hz,109,156,6000,true,false
230825,RRRR,trial_count,109,trials,109,156,6000,false,false
230825,RRRR,unit_count,156,units,109,156,6000,false,false
230825,RRRR,timepoint_count,6000,timepoints,109,156,6000,false,false
230825,RRRX,finite_fraction,1.000000,ratio,92,156,6000,true,false
230825,RRRX,nonnegative_fraction,1.000000,ratio,92,156,6000,true,false
230825,RRRX,total_nonzero_bins_preview,4529,bins,92,156,6000,true,false
230825,RRRX,mean_rate_preview_if_units_known,7.548333,Hz,92,156,6000,true,false
230825,RRRX,trial_count,92,trials,92,156,6000,false,false
230825,RRRX,unit_count,156,units,92,156,6000,false,false
230825,RRRX,timepoint_count,6000,timepoints,92,156,6000,false,false
230825,RRXR,finite_fraction,1.000000,ratio,27,156,6000,true,false
230825,RRXR,nonnegative_fraction,1.000000,ratio,27,156,6000,true,false
230825,RRXR,total_nonzero_bins_preview,4331,bins,27,156,6000,true,false
230825,RRXR,mean_rate_preview_if_units_known,7.218333,Hz,27,156,6000,true,false
230825,RRXR,trial_count,27,trials,27,156,6000,false,false
230825,RRXR,unit_count,156,units,27,156,6000,false,false
230825,RRXR,timepoint_count,6000,timepoints,27,156,6000,false,false
230825,RXRR,finite_fraction,1.000000,ratio,72,156,6000,true,false
230825,RXRR,nonnegative_fraction,1.000000,ratio,72,156,6000,true,false
230825,RXRR,total_nonzero_bins_preview,4516,bins,72,156,6000,true,false
230825,RXRR,mean_rate_preview_if_units_known,7.526667,Hz,72,156,6000,true,false
230825,RXRR,trial_count,72,trials,72,156,6000,false,false
230825,RXRR,unit_count,156,units,72,156,6000,false,false
230825,RXRR,timepoint_count,6000,timepoints,72,156,6000,false,false
230830,AAAB,finite_fraction,1.000000,ratio,224,136,6000,true,false
230830,AAAB,nonnegative_fraction,1.000000,ratio,224,136,6000,true,false
230830,AAAB,total_nonzero_bins_preview,3419,bins,224,136,6000,true,false
230830,AAAB,mean_rate_preview_if_units_known,5.698333,Hz,224,136,6000,true,false
230830,AAAB,trial_count,224,trials,224,136,6000,false,false
230830,AAAB,unit_count,136,units,224,136,6000,false,false
230830,AAAB,timepoint_count,6000,timepoints,224,136,6000,false,false
230830,AAAX,finite_fraction,1.000000,ratio,31,136,6000,true,false
230830,AAAX,nonnegative_fraction,1.000000,ratio,31,136,6000,true,false
230830,AAAX,total_nonzero_bins_preview,4406,bins,31,136,6000,true,false
230830,AAAX,mean_rate_preview_if_units_known,7.343333,Hz,31,136,6000,true,false
230830,AAAX,trial_count,31,trials,31,136,6000,false,false
230830,AAAX,unit_count,136,units,31,136,6000,false,false
230830,AAAX,timepoint_count,6000,timepoints,31,136,6000,false,false
230830,AAXB,finite_fraction,1.000000,ratio,40,136,6000,true,false
230830,AAXB,nonnegative_fraction,1.000000,ratio,40,136,6000,true,false
230830,AAXB,total_nonzero_bins_preview,4230,bins,40,136,6000,true,false
230830,AAXB,mean_rate_preview_if_units_known,7.050000,Hz,40,136,6000,true,false
230830,AAXB,trial_count,40,trials,40,136,6000,false,false
230830,AAXB,unit_count,136,units,40,136,6000,false,false
230830,AAXB,timepoint_count,6000,timepoints,40,136,6000,false,false
230830,AXAB,finite_fraction,1.000000,ratio,35,136,6000,true,false
230830,AXAB,nonnegative_fraction,1.000000,ratio,35,136,6000,true,false
230830,AXAB,total_nonzero_bins_preview,4310,bins,35,136,6000,true,false
230830,AXAB,mean_rate_preview_if_units_known,7.183333,Hz,35,136,6000,true,false
230830,AXAB,trial_count,35,trials,35,136,6000,false,false
230830,AXAB,unit_count,136,units,35,136,6000,false,false
230830,AXAB,timepoint_count,6000,timepoints,35,136,6000,false,false
230830,BBBA,finite_fraction,1.000000,ratio,218,136,6000,true,false
230830,BBBA,nonnegative_fraction,1.000000,ratio,218,136,6000,true,false
230830,BBBA,total_nonzero_bins_preview,4783,bins,218,136,6000,true,false
230830,BBBA,mean_rate_preview_if_units_known,7.971667,Hz,218,136,6000,true,false
230830,BBBA,trial_count,218,trials,218,136,6000,false,false
230830,BBBA,unit_count,136,units,218,136,6000,false,false
230830,BBBA,timepoint_count,6000,timepoints,218,136,6000,false,false
230830,BBBX,finite_fraction,1.000000,ratio,32,136,6000,true,false
230830,BBBX,nonnegative_fraction,1.000000,ratio,32,136,6000,true,false
230830,BBBX,total_nonzero_bins_preview,4965,bins,32,136,6000,true,false
230830,BBBX,mean_rate_preview_if_units_known,8.275000,Hz,32,136,6000,true,false
230830,BBBX,trial_count,32,trials,32,136,6000,false,false
230830,BBBX,unit_count,136,units,32,136,6000,false,false
230830,BBBX,timepoint_count,6000,timepoints,32,136,6000,false,false
230830,BBXA,finite_fraction,1.000000,ratio,39,136,6000,true,false
230830,BBXA,nonnegative_fraction,1.000000,ratio,39,136,6000,true,false
230830,BBXA,total_nonzero_bins_preview,4533,bins,39,136,6000,true,false
230830,BBXA,mean_rate_preview_if_units_known,7.555000,Hz,39,136,6000,true,false
230830,BBXA,trial_count,39,trials,39,136,6000,false,false
230830,BBXA,unit_count,136,units,39,136,6000,false,false
230830,BBXA,timepoint_count,6000,timepoints,39,136,6000,false,false
230830,BXBA,finite_fraction,1.000000,ratio,41,136,6000,true,false
230830,BXBA,nonnegative_fraction,1.000000,ratio,41,136,6000,true,false
230830,BXBA,total_nonzero_bins_preview,4798,bins,41,136,6000,true,false
230830,BXBA,mean_rate_preview_if_units_known,7.996667,Hz,41,136,6000,true,false
230830,BXBA,trial_count,41,trials,41,136,6000,false,false
230830,BXBA,unit_count,136,units,41,136,6000,false,false
230830,BXBA,timepoint_count,6000,timepoints,41,136,6000,false,false
230830,RRRR,finite_fraction,1.000000,ratio,111,136,6000,true,false
230830,RRRR,nonnegative_fraction,1.000000,ratio,111,136,6000,true,false
230830,RRRR,total_nonzero_bins_preview,4835,bins,111,136,6000,true,false
230830,RRRR,mean_rate_preview_if_units_known,8.058333,Hz,111,136,6000,true,false
230830,RRRR,trial_count,111,trials,111,136,6000,false,false
230830,RRRR,unit_count,136,units,111,136,6000,false,false
230830,RRRR,timepoint_count,6000,timepoints,111,136,6000,false,false
230830,RRRX,finite_fraction,1.000000,ratio,85,136,6000,true,false
230830,RRRX,nonnegative_fraction,1.000000,ratio,85,136,6000,true,false
230830,RRRX,total_nonzero_bins_preview,5397,bins,85,136,6000,true,false
230830,RRRX,mean_rate_preview_if_units_known,8.995000,Hz,85,136,6000,true,false
230830,RRRX,trial_count,85,trials,85,136,6000,false,false
230830,RRRX,unit_count,136,units,85,136,6000,false,false
230830,RRRX,timepoint_count,6000,timepoints,85,136,6000,false,false
230830,RRXR,finite_fraction,1.000000,ratio,39,136,6000,true,false
230830,RRXR,nonnegative_fraction,1.000000,ratio,39,136,6000,true,false
230830,RRXR,total_nonzero_bins_preview,4905,bins,39,136,6000,true,false
230830,RRXR,mean_rate_preview_if_units_known,8.175000,Hz,39,136,6000,true,false
230830,RRXR,trial_count,39,trials,39,136,6000,false,false
230830,RRXR,unit_count,136,units,39,136,6000,false,false
230830,RRXR,timepoint_count,6000,timepoints,39,136,6000,false,false
230830,RXRR,finite_fraction,1.000000,ratio,65,136,6000,true,false
230830,RXRR,nonnegative_fraction,1.000000,ratio,65,136,6000,true,false
230830,RXRR,total_nonzero_bins_preview,4974,bins,65,136,6000,true,false
230830,RXRR,mean_rate_preview_if_units_known,8.290000,Hz,65,136,6000,true,false
230830,RXRR,trial_count,65,trials,65,136,6000,false,false
230830,RXRR,unit_count,136,units,65,136,6000,false,false
230830,RXRR,timepoint_count,6000,timepoints,65,136,6000,false,false
230830,AAAB,finite_fraction,1.000000,ratio,224,513,6000,true,false
230830,AAAB,nonnegative_fraction,1.000000,ratio,224,513,6000,true,false
230830,AAAB,total_nonzero_bins_preview,2330,bins,224,513,6000,true,false
230830,AAAB,mean_rate_preview_if_units_known,3.883333,Hz,224,513,6000,true,false
230830,AAAB,trial_count,224,trials,224,513,6000,false,false
230830,AAAB,unit_count,513,units,224,513,6000,false,false
230830,AAAB,timepoint_count,6000,timepoints,224,513,6000,false,false
230830,AAAX,finite_fraction,1.000000,ratio,31,513,6000,true,false
230830,AAAX,nonnegative_fraction,1.000000,ratio,31,513,6000,true,false
230830,AAAX,total_nonzero_bins_preview,2269,bins,31,513,6000,true,false
230830,AAAX,mean_rate_preview_if_units_known,3.781667,Hz,31,513,6000,true,false
230830,AAAX,trial_count,31,trials,31,513,6000,false,false
230830,AAAX,unit_count,513,units,31,513,6000,false,false
230830,AAAX,timepoint_count,6000,timepoints,31,513,6000,false,false
230830,AAXB,finite_fraction,1.000000,ratio,40,513,6000,true,false
230830,AAXB,nonnegative_fraction,1.000000,ratio,40,513,6000,true,false
230830,AAXB,total_nonzero_bins_preview,2195,bins,40,513,6000,true,false
230830,AAXB,mean_rate_preview_if_units_known,3.658333,Hz,40,513,6000,true,false
230830,AAXB,trial_count,40,trials,40,513,6000,false,false
230830,AAXB,unit_count,513,units,40,513,6000,false,false
230830,AAXB,timepoint_count,6000,timepoints,40,513,6000,false,false
230830,AXAB,finite_fraction,1.000000,ratio,35,513,6000,true,false
230830,AXAB,nonnegative_fraction,1.000000,ratio,35,513,6000,true,false
230830,AXAB,total_nonzero_bins_preview,2351,bins,35,513,6000,true,false
230830,AXAB,mean_rate_preview_if_units_known,3.918333,Hz,35,513,6000,true,false
230830,AXAB,trial_count,35,trials,35,513,6000,false,false
230830,AXAB,unit_count,513,units,35,513,6000,false,false
230830,AXAB,timepoint_count,6000,timepoints,35,513,6000,false,false
230830,BBBA,finite_fraction,1.000000,ratio,218,513,6000,true,false
230830,BBBA,nonnegative_fraction,1.000000,ratio,218,513,6000,true,false
230830,BBBA,total_nonzero_bins_preview,2071,bins,218,513,6000,true,false
230830,BBBA,mean_rate_preview_if_units_known,3.451667,Hz,218,513,6000,true,false
230830,BBBA,trial_count,218,trials,218,513,6000,false,false
230830,BBBA,unit_count,513,units,218,513,6000,false,false
230830,BBBA,timepoint_count,6000,timepoints,218,513,6000,false,false
230830,BBBX,finite_fraction,1.000000,ratio,32,513,6000,true,false
230830,BBBX,nonnegative_fraction,1.000000,ratio,32,513,6000,true,false
230830,BBBX,total_nonzero_bins_preview,2350,bins,32,513,6000,true,false
230830,BBBX,mean_rate_preview_if_units_known,3.916667,Hz,32,513,6000,true,false
230830,BBBX,trial_count,32,trials,32,513,6000,false,false
230830,BBBX,unit_count,513,units,32,513,6000,false,false
230830,BBBX,timepoint_count,6000,timepoints,32,513,6000,false,false
230830,BBXA,finite_fraction,1.000000,ratio,39,513,6000,true,false
230830,BBXA,nonnegative_fraction,1.000000,ratio,39,513,6000,true,false
230830,BBXA,total_nonzero_bins_preview,2284,bins,39,513,6000,true,false
230830,BBXA,mean_rate_preview_if_units_known,3.806667,Hz,39,513,6000,true,false
230830,BBXA,trial_count,39,trials,39,513,6000,false,false
230830,BBXA,unit_count,513,units,39,513,6000,false,false
230830,BBXA,timepoint_count,6000,timepoints,39,513,6000,false,false
230830,BXBA,finite_fraction,1.000000,ratio,41,513,6000,true,false
230830,BXBA,nonnegative_fraction,1.000000,ratio,41,513,6000,true,false
230830,BXBA,total_nonzero_bins_preview,2401,bins,41,513,6000,true,false
230830,BXBA,mean_rate_preview_if_units_known,4.001667,Hz,41,513,6000,true,false
230830,BXBA,trial_count,41,trials,41,513,6000,false,false
230830,BXBA,unit_count,513,units,41,513,6000,false,false
230830,BXBA,timepoint_count,6000,timepoints,41,513,6000,false,false
230830,RRRR,finite_fraction,1.000000,ratio,111,513,6000,true,false
230830,RRRR,nonnegative_fraction,1.000000,ratio,111,513,6000,true,false
230830,RRRR,total_nonzero_bins_preview,2180,bins,111,513,6000,true,false
230830,RRRR,mean_rate_preview_if_units_known,3.633333,Hz,111,513,6000,true,false
230830,RRRR,trial_count,111,trials,111,513,6000,false,false
230830,RRRR,unit_count,513,units,111,513,6000,false,false
230830,RRRR,timepoint_count,6000,timepoints,111,513,6000,false,false
230830,RRRX,finite_fraction,1.000000,ratio,85,513,6000,true,false
230830,RRRX,nonnegative_fraction,1.000000,ratio,85,513,6000,true,false
230830,RRRX,total_nonzero_bins_preview,2299,bins,85,513,6000,true,false
230830,RRRX,mean_rate_preview_if_units_known,3.831667,Hz,85,513,6000,true,false
230830,RRRX,trial_count,85,trials,85,513,6000,false,false
230830,RRRX,unit_count,513,units,85,513,6000,false,false
230830,RRRX,timepoint_count,6000,timepoints,85,513,6000,false,false
230830,RRXR,finite_fraction,1.000000,ratio,39,513,6000,true,false
230830,RRXR,nonnegative_fraction,1.000000,ratio,39,513,6000,true,false
230830,RRXR,total_nonzero_bins_preview,2552,bins,39,513,6000,true,false
230830,RRXR,mean_rate_preview_if_units_known,4.253333,Hz,39,513,6000,true,false
230830,RRXR,trial_count,39,trials,39,513,6000,false,false
230830,RRXR,unit_count,513,units,39,513,6000,false,false
230830,RRXR,timepoint_count,6000,timepoints,39,513,6000,false,false
230830,RXRR,finite_fraction,1.000000,ratio,65,513,6000,true,false
230830,RXRR,nonnegative_fraction,1.000000,ratio,65,513,6000,true,false
230830,RXRR,total_nonzero_bins_preview,2269,bins,65,513,6000,true,false
230830,RXRR,mean_rate_preview_if_units_known,3.781667,Hz,65,513,6000,true,false
230830,RXRR,trial_count,65,trials,65,513,6000,false,false
230830,RXRR,unit_count,513,units,65,513,6000,false,false
230830,RXRR,timepoint_count,6000,timepoints,65,513,6000,false,false
230830,AAAB,finite_fraction,1.000000,ratio,224,125,6000,true,false
230830,AAAB,nonnegative_fraction,1.000000,ratio,224,125,6000,true,false
230830,AAAB,total_nonzero_bins_preview,4821,bins,224,125,6000,true,false
230830,AAAB,mean_rate_preview_if_units_known,8.035000,Hz,224,125,6000,true,false
230830,AAAB,trial_count,224,trials,224,125,6000,false,false
230830,AAAB,unit_count,125,units,224,125,6000,false,false
230830,AAAB,timepoint_count,6000,timepoints,224,125,6000,false,false
230830,AAAX,finite_fraction,1.000000,ratio,31,125,6000,true,false
230830,AAAX,nonnegative_fraction,1.000000,ratio,31,125,6000,true,false
230830,AAAX,total_nonzero_bins_preview,4657,bins,31,125,6000,true,false
230830,AAAX,mean_rate_preview_if_units_known,7.761667,Hz,31,125,6000,true,false
230830,AAAX,trial_count,31,trials,31,125,6000,false,false
230830,AAAX,unit_count,125,units,31,125,6000,false,false
230830,AAAX,timepoint_count,6000,timepoints,31,125,6000,false,false
230830,AAXB,finite_fraction,1.000000,ratio,40,125,6000,true,false
230830,AAXB,nonnegative_fraction,1.000000,ratio,40,125,6000,true,false
230830,AAXB,total_nonzero_bins_preview,4934,bins,40,125,6000,true,false
230830,AAXB,mean_rate_preview_if_units_known,8.223333,Hz,40,125,6000,true,false
230830,AAXB,trial_count,40,trials,40,125,6000,false,false
230830,AAXB,unit_count,125,units,40,125,6000,false,false
230830,AAXB,timepoint_count,6000,timepoints,40,125,6000,false,false
230830,AXAB,finite_fraction,1.000000,ratio,35,125,6000,true,false
230830,AXAB,nonnegative_fraction,1.000000,ratio,35,125,6000,true,false
230830,AXAB,total_nonzero_bins_preview,4816,bins,35,125,6000,true,false
230830,AXAB,mean_rate_preview_if_units_known,8.026667,Hz,35,125,6000,true,false
230830,AXAB,trial_count,35,trials,35,125,6000,false,false
230830,AXAB,unit_count,125,units,35,125,6000,false,false
230830,AXAB,timepoint_count,6000,timepoints,35,125,6000,false,false
230830,BBBA,finite_fraction,1.000000,ratio,218,125,6000,true,false
230830,BBBA,nonnegative_fraction,1.000000,ratio,218,125,6000,true,false
230830,BBBA,total_nonzero_bins_preview,3131,bins,218,125,6000,true,false
230830,BBBA,mean_rate_preview_if_units_known,5.218333,Hz,218,125,6000,true,false
230830,BBBA,trial_count,218,trials,218,125,6000,false,false
230830,BBBA,unit_count,125,units,218,125,6000,false,false
230830,BBBA,timepoint_count,6000,timepoints,218,125,6000,false,false
230830,BBBX,finite_fraction,1.000000,ratio,32,125,6000,true,false
230830,BBBX,nonnegative_fraction,1.000000,ratio,32,125,6000,true,false
230830,BBBX,total_nonzero_bins_preview,4272,bins,32,125,6000,true,false
230830,BBBX,mean_rate_preview_if_units_known,7.120000,Hz,32,125,6000,true,false
230830,BBBX,trial_count,32,trials,32,125,6000,false,false
230830,BBBX,unit_count,125,units,32,125,6000,false,false
230830,BBBX,timepoint_count,6000,timepoints,32,125,6000,false,false
230830,BBXA,finite_fraction,1.000000,ratio,39,125,6000,true,false
230830,BBXA,nonnegative_fraction,1.000000,ratio,39,125,6000,true,false
230830,BBXA,total_nonzero_bins_preview,4468,bins,39,125,6000,true,false
230830,BBXA,mean_rate_preview_if_units_known,7.446667,Hz,39,125,6000,true,false
230830,BBXA,trial_count,39,trials,39,125,6000,false,false
230830,BBXA,unit_count,125,units,39,125,6000,false,false
230830,BBXA,timepoint_count,6000,timepoints,39,125,6000,false,false
230830,BXBA,finite_fraction,1.000000,ratio,41,125,6000,true,false
230830,BXBA,nonnegative_fraction,1.000000,ratio,41,125,6000,true,false
230830,BXBA,total_nonzero_bins_preview,4708,bins,41,125,6000,true,false
230830,BXBA,mean_rate_preview_if_units_known,7.846667,Hz,41,125,6000,true,false
230830,BXBA,trial_count,41,trials,41,125,6000,false,false
230830,BXBA,unit_count,125,units,41,125,6000,false,false
230830,BXBA,timepoint_count,6000,timepoints,41,125,6000,false,false
230830,RRRR,finite_fraction,1.000000,ratio,111,125,6000,true,false
230830,RRRR,nonnegative_fraction,1.000000,ratio,111,125,6000,true,false
230830,RRRR,total_nonzero_bins_preview,5510,bins,111,125,6000,true,false
230830,RRRR,mean_rate_preview_if_units_known,9.183333,Hz,111,125,6000,true,false
230830,RRRR,trial_count,111,trials,111,125,6000,false,false
230830,RRRR,unit_count,125,units,111,125,6000,false,false
230830,RRRR,timepoint_count,6000,timepoints,111,125,6000,false,false
230830,RRRX,finite_fraction,1.000000,ratio,85,125,6000,true,false
230830,RRRX,nonnegative_fraction,1.000000,ratio,85,125,6000,true,false
230830,RRRX,total_nonzero_bins_preview,5461,bins,85,125,6000,true,false
230830,RRRX,mean_rate_preview_if_units_known,9.101667,Hz,85,125,6000,true,false
230830,RRRX,trial_count,85,trials,85,125,6000,false,false
230830,RRRX,unit_count,125,units,85,125,6000,false,false
230830,RRRX,timepoint_count,6000,timepoints,85,125,6000,false,false
230830,RRXR,finite_fraction,1.000000,ratio,39,125,6000,true,false
230830,RRXR,nonnegative_fraction,1.000000,ratio,39,125,6000,true,false
230830,RRXR,total_nonzero_bins_preview,4925,bins,39,125,6000,true,false
230830,RRXR,mean_rate_preview_if_units_known,8.208333,Hz,39,125,6000,true,false
230830,RRXR,trial_count,39,trials,39,125,6000,false,false
230830,RRXR,unit_count,125,units,39,125,6000,false,false
230830,RRXR,timepoint_count,6000,timepoints,39,125,6000,false,false
230830,RXRR,finite_fraction,1.000000,ratio,65,125,6000,true,false
230830,RXRR,nonnegative_fraction,1.000000,ratio,65,125,6000,true,false
230830,RXRR,total_nonzero_bins_preview,5477,bins,65,125,6000,true,false
230830,RXRR,mean_rate_preview_if_units_known,9.128333,Hz,65,125,6000,true,false
230830,RXRR,trial_count,65,trials,65,125,6000,false,false
230830,RXRR,unit_count,125,units,65,125,6000,false,false
230830,RXRR,timepoint_count,6000,timepoints,65,125,6000,false,false
230831,AAAB,finite_fraction,1.000000,ratio,220,137,6000,true,false
230831,AAAB,nonnegative_fraction,1.000000,ratio,220,137,6000,true,false
230831,AAAB,total_nonzero_bins_preview,6542,bins,220,137,6000,true,false
230831,AAAB,mean_rate_preview_if_units_known,10.903333,Hz,220,137,6000,true,false
230831,AAAB,trial_count,220,trials,220,137,6000,false,false
230831,AAAB,unit_count,137,units,220,137,6000,false,false
230831,AAAB,timepoint_count,6000,timepoints,220,137,6000,false,false
230831,AAAX,finite_fraction,1.000000,ratio,40,137,6000,true,false
230831,AAAX,nonnegative_fraction,1.000000,ratio,40,137,6000,true,false
230831,AAAX,total_nonzero_bins_preview,7481,bins,40,137,6000,true,false
230831,AAAX,mean_rate_preview_if_units_known,12.468333,Hz,40,137,6000,true,false
230831,AAAX,trial_count,40,trials,40,137,6000,false,false
230831,AAAX,unit_count,137,units,40,137,6000,false,false
230831,AAAX,timepoint_count,6000,timepoints,40,137,6000,false,false
230831,AAXB,finite_fraction,1.000000,ratio,32,137,6000,true,false
230831,AAXB,nonnegative_fraction,1.000000,ratio,32,137,6000,true,false
230831,AAXB,total_nonzero_bins_preview,8109,bins,32,137,6000,true,false
230831,AAXB,mean_rate_preview_if_units_known,13.515000,Hz,32,137,6000,true,false
230831,AAXB,trial_count,32,trials,32,137,6000,false,false
230831,AAXB,unit_count,137,units,32,137,6000,false,false
230831,AAXB,timepoint_count,6000,timepoints,32,137,6000,false,false
230831,AXAB,finite_fraction,1.000000,ratio,38,137,6000,true,false
230831,AXAB,nonnegative_fraction,1.000000,ratio,38,137,6000,true,false
230831,AXAB,total_nonzero_bins_preview,7969,bins,38,137,6000,true,false
230831,AXAB,mean_rate_preview_if_units_known,13.281667,Hz,38,137,6000,true,false
230831,AXAB,trial_count,38,trials,38,137,6000,false,false
230831,AXAB,unit_count,137,units,38,137,6000,false,false
230831,AXAB,timepoint_count,6000,timepoints,38,137,6000,false,false
230831,BBBA,finite_fraction,1.000000,ratio,229,137,6000,true,false
230831,BBBA,nonnegative_fraction,1.000000,ratio,229,137,6000,true,false
230831,BBBA,total_nonzero_bins_preview,7782,bins,229,137,6000,true,false
230831,BBBA,mean_rate_preview_if_units_known,12.970000,Hz,229,137,6000,true,false
230831,BBBA,trial_count,229,trials,229,137,6000,false,false
230831,BBBA,unit_count,137,units,229,137,6000,false,false
230831,BBBA,timepoint_count,6000,timepoints,229,137,6000,false,false
230831,BBBX,finite_fraction,1.000000,ratio,26,137,6000,true,false
230831,BBBX,nonnegative_fraction,1.000000,ratio,26,137,6000,true,false
230831,BBBX,total_nonzero_bins_preview,9274,bins,26,137,6000,true,false
230831,BBBX,mean_rate_preview_if_units_known,15.456667,Hz,26,137,6000,true,false
230831,BBBX,trial_count,26,trials,26,137,6000,false,false
230831,BBBX,unit_count,137,units,26,137,6000,false,false
230831,BBBX,timepoint_count,6000,timepoints,26,137,6000,false,false
230831,BBXA,finite_fraction,1.000000,ratio,27,137,6000,true,false
230831,BBXA,nonnegative_fraction,1.000000,ratio,27,137,6000,true,false
230831,BBXA,total_nonzero_bins_preview,8817,bins,27,137,6000,true,false
230831,BBXA,mean_rate_preview_if_units_known,14.695000,Hz,27,137,6000,true,false
230831,BBXA,trial_count,27,trials,27,137,6000,false,false
230831,BBXA,unit_count,137,units,27,137,6000,false,false
230831,BBXA,timepoint_count,6000,timepoints,27,137,6000,false,false
230831,BXBA,finite_fraction,1.000000,ratio,48,137,6000,true,false
230831,BXBA,nonnegative_fraction,1.000000,ratio,48,137,6000,true,false
230831,BXBA,total_nonzero_bins_preview,7984,bins,48,137,6000,true,false
230831,BXBA,mean_rate_preview_if_units_known,13.306667,Hz,48,137,6000,true,false
230831,BXBA,trial_count,48,trials,48,137,6000,false,false
230831,BXBA,unit_count,137,units,48,137,6000,false,false
230831,BXBA,timepoint_count,6000,timepoints,48,137,6000,false,false
230831,RRRR,finite_fraction,1.000000,ratio,111,137,6000,true,false
230831,RRRR,nonnegative_fraction,1.000000,ratio,111,137,6000,true,false
230831,RRRR,total_nonzero_bins_preview,8583,bins,111,137,6000,true,false
230831,RRRR,mean_rate_preview_if_units_known,14.305000,Hz,111,137,6000,true,false
230831,RRRR,trial_count,111,trials,111,137,6000,false,false
230831,RRRR,unit_count,137,units,111,137,6000,false,false
230831,RRRR,timepoint_count,6000,timepoints,111,137,6000,false,false
230831,RRRX,finite_fraction,1.000000,ratio,86,137,6000,true,false
230831,RRRX,nonnegative_fraction,1.000000,ratio,86,137,6000,true,false
230831,RRRX,total_nonzero_bins_preview,7883,bins,86,137,6000,true,false
230831,RRRX,mean_rate_preview_if_units_known,13.138333,Hz,86,137,6000,true,false
230831,RRRX,trial_count,86,trials,86,137,6000,false,false
230831,RRRX,unit_count,137,units,86,137,6000,false,false
230831,RRRX,timepoint_count,6000,timepoints,86,137,6000,false,false
230831,RRXR,finite_fraction,1.000000,ratio,29,137,6000,true,false
230831,RRXR,nonnegative_fraction,1.000000,ratio,29,137,6000,true,false
230831,RRXR,total_nonzero_bins_preview,8720,bins,29,137,6000,true,false
230831,RRXR,mean_rate_preview_if_units_known,14.533333,Hz,29,137,6000,true,false
230831,RRXR,trial_count,29,trials,29,137,6000,false,false
230831,RRXR,unit_count,137,units,29,137,6000,false,false
230831,RRXR,timepoint_count,6000,timepoints,29,137,6000,false,false
230831,RXRR,finite_fraction,1.000000,ratio,74,137,6000,true,false
230831,RXRR,nonnegative_fraction,1.000000,ratio,74,137,6000,true,false
230831,RXRR,total_nonzero_bins_preview,8083,bins,74,137,6000,true,false
230831,RXRR,mean_rate_preview_if_units_known,13.471667,Hz,74,137,6000,true,false
230831,RXRR,trial_count,74,trials,74,137,6000,false,false
230831,RXRR,unit_count,137,units,74,137,6000,false,false
230831,RXRR,timepoint_count,6000,timepoints,74,137,6000,false,false
230831,AAAB,finite_fraction,1.000000,ratio,220,247,6000,true,false
230831,AAAB,nonnegative_fraction,1.000000,ratio,220,247,6000,true,false
230831,AAAB,total_nonzero_bins_preview,276,bins,220,247,6000,true,false
230831,AAAB,mean_rate_preview_if_units_known,0.460000,Hz,220,247,6000,true,false
230831,AAAB,trial_count,220,trials,220,247,6000,false,false
230831,AAAB,unit_count,247,units,220,247,6000,false,false
230831,AAAB,timepoint_count,6000,timepoints,220,247,6000,false,false
230831,AAAX,finite_fraction,1.000000,ratio,40,247,6000,true,false
230831,AAAX,nonnegative_fraction,1.000000,ratio,40,247,6000,true,false
230831,AAAX,total_nonzero_bins_preview,1747,bins,40,247,6000,true,false
230831,AAAX,mean_rate_preview_if_units_known,2.911667,Hz,40,247,6000,true,false
230831,AAAX,trial_count,40,trials,40,247,6000,false,false
230831,AAAX,unit_count,247,units,40,247,6000,false,false
230831,AAAX,timepoint_count,6000,timepoints,40,247,6000,false,false
230831,AAXB,finite_fraction,1.000000,ratio,32,247,6000,true,false
230831,AAXB,nonnegative_fraction,1.000000,ratio,32,247,6000,true,false
230831,AAXB,total_nonzero_bins_preview,3720,bins,32,247,6000,true,false
230831,AAXB,mean_rate_preview_if_units_known,6.200000,Hz,32,247,6000,true,false
230831,AAXB,trial_count,32,trials,32,247,6000,false,false
230831,AAXB,unit_count,247,units,32,247,6000,false,false
230831,AAXB,timepoint_count,6000,timepoints,32,247,6000,false,false
230831,AXAB,finite_fraction,1.000000,ratio,38,247,6000,true,false
230831,AXAB,nonnegative_fraction,1.000000,ratio,38,247,6000,true,false
230831,AXAB,total_nonzero_bins_preview,3048,bins,38,247,6000,true,false
230831,AXAB,mean_rate_preview_if_units_known,5.080000,Hz,38,247,6000,true,false
230831,AXAB,trial_count,38,trials,38,247,6000,false,false
230831,AXAB,unit_count,247,units,38,247,6000,false,false
230831,AXAB,timepoint_count,6000,timepoints,38,247,6000,false,false
230831,BBBA,finite_fraction,1.000000,ratio,229,247,6000,true,false
230831,BBBA,nonnegative_fraction,1.000000,ratio,229,247,6000,true,false
230831,BBBA,total_nonzero_bins_preview,1348,bins,229,247,6000,true,false
230831,BBBA,mean_rate_preview_if_units_known,2.246667,Hz,229,247,6000,true,false
230831,BBBA,trial_count,229,trials,229,247,6000,false,false
230831,BBBA,unit_count,247,units,229,247,6000,false,false
230831,BBBA,timepoint_count,6000,timepoints,229,247,6000,false,false
230831,BBBX,finite_fraction,1.000000,ratio,26,247,6000,true,false
230831,BBBX,nonnegative_fraction,1.000000,ratio,26,247,6000,true,false
230831,BBBX,total_nonzero_bins_preview,6846,bins,26,247,6000,true,false
230831,BBBX,mean_rate_preview_if_units_known,11.410000,Hz,26,247,6000,true,false
230831,BBBX,trial_count,26,trials,26,247,6000,false,false
230831,BBBX,unit_count,247,units,26,247,6000,false,false
230831,BBBX,timepoint_count,6000,timepoints,26,247,6000,false,false
230831,BBXA,finite_fraction,1.000000,ratio,27,247,6000,true,false
230831,BBXA,nonnegative_fraction,1.000000,ratio,27,247,6000,true,false
230831,BBXA,total_nonzero_bins_preview,5260,bins,27,247,6000,true,false
230831,BBXA,mean_rate_preview_if_units_known,8.766667,Hz,27,247,6000,true,false
230831,BBXA,trial_count,27,trials,27,247,6000,false,false
230831,BBXA,unit_count,247,units,27,247,6000,false,false
230831,BBXA,timepoint_count,6000,timepoints,27,247,6000,false,false
230831,BXBA,finite_fraction,1.000000,ratio,48,247,6000,true,false
230831,BXBA,nonnegative_fraction,1.000000,ratio,48,247,6000,true,false
230831,BXBA,total_nonzero_bins_preview,2410,bins,48,247,6000,true,false
230831,BXBA,mean_rate_preview_if_units_known,4.016667,Hz,48,247,6000,true,false
230831,BXBA,trial_count,48,trials,48,247,6000,false,false
230831,BXBA,unit_count,247,units,48,247,6000,false,false
230831,BXBA,timepoint_count,6000,timepoints,48,247,6000,false,false
230831,RRRR,finite_fraction,1.000000,ratio,111,247,6000,true,false
230831,RRRR,nonnegative_fraction,1.000000,ratio,111,247,6000,true,false
230831,RRRR,total_nonzero_bins_preview,3941,bins,111,247,6000,true,false
230831,RRRR,mean_rate_preview_if_units_known,6.568333,Hz,111,247,6000,true,false
230831,RRRR,trial_count,111,trials,111,247,6000,false,false
230831,RRRR,unit_count,247,units,111,247,6000,false,false
230831,RRRR,timepoint_count,6000,timepoints,111,247,6000,false,false
230831,RRRX,finite_fraction,1.000000,ratio,86,247,6000,true,false
230831,RRRX,nonnegative_fraction,1.000000,ratio,86,247,6000,true,false
230831,RRRX,total_nonzero_bins_preview,4172,bins,86,247,6000,true,false
230831,RRRX,mean_rate_preview_if_units_known,6.953333,Hz,86,247,6000,true,false
230831,RRRX,trial_count,86,trials,86,247,6000,false,false
230831,RRRX,unit_count,247,units,86,247,6000,false,false
230831,RRRX,timepoint_count,6000,timepoints,86,247,6000,false,false
230831,RRXR,finite_fraction,1.000000,ratio,29,247,6000,true,false
230831,RRXR,nonnegative_fraction,1.000000,ratio,29,247,6000,true,false
230831,RRXR,total_nonzero_bins_preview,6574,bins,29,247,6000,true,false
230831,RRXR,mean_rate_preview_if_units_known,10.956667,Hz,29,247,6000,true,false
230831,RRXR,trial_count,29,trials,29,247,6000,false,false
230831,RRXR,unit_count,247,units,29,247,6000,false,false
230831,RRXR,timepoint_count,6000,timepoints,29,247,6000,false,false
230831,RXRR,finite_fraction,1.000000,ratio,74,247,6000,true,false
230831,RXRR,nonnegative_fraction,1.000000,ratio,74,247,6000,true,false
230831,RXRR,total_nonzero_bins_preview,4064,bins,74,247,6000,true,false
230831,RXRR,mean_rate_preview_if_units_known,6.773333,Hz,74,247,6000,true,false
230831,RXRR,trial_count,74,trials,74,247,6000,false,false
230831,RXRR,unit_count,247,units,74,247,6000,false,false
230831,RXRR,timepoint_count,6000,timepoints,74,247,6000,false,false
230831,AAAB,finite_fraction,1.000000,ratio,220,200,6000,true,false
230831,AAAB,nonnegative_fraction,1.000000,ratio,220,200,6000,true,false
230831,AAAB,total_nonzero_bins_preview,4615,bins,220,200,6000,true,false
230831,AAAB,mean_rate_preview_if_units_known,7.691667,Hz,220,200,6000,true,false
230831,AAAB,trial_count,220,trials,220,200,6000,false,false
230831,AAAB,unit_count,200,units,220,200,6000,false,false
230831,AAAB,timepoint_count,6000,timepoints,220,200,6000,false,false
230831,AAAX,finite_fraction,1.000000,ratio,40,200,6000,true,false
230831,AAAX,nonnegative_fraction,1.000000,ratio,40,200,6000,true,false
230831,AAAX,total_nonzero_bins_preview,5044,bins,40,200,6000,true,false
230831,AAAX,mean_rate_preview_if_units_known,8.406667,Hz,40,200,6000,true,false
230831,AAAX,trial_count,40,trials,40,200,6000,false,false
230831,AAAX,unit_count,200,units,40,200,6000,false,false
230831,AAAX,timepoint_count,6000,timepoints,40,200,6000,false,false
230831,AAXB,finite_fraction,1.000000,ratio,32,200,6000,true,false
230831,AAXB,nonnegative_fraction,1.000000,ratio,32,200,6000,true,false
230831,AAXB,total_nonzero_bins_preview,5169,bins,32,200,6000,true,false
230831,AAXB,mean_rate_preview_if_units_known,8.615000,Hz,32,200,6000,true,false
230831,AAXB,trial_count,32,trials,32,200,6000,false,false
230831,AAXB,unit_count,200,units,32,200,6000,false,false
230831,AAXB,timepoint_count,6000,timepoints,32,200,6000,false,false
230831,AXAB,finite_fraction,1.000000,ratio,38,200,6000,true,false
230831,AXAB,nonnegative_fraction,1.000000,ratio,38,200,6000,true,false
230831,AXAB,total_nonzero_bins_preview,5242,bins,38,200,6000,true,false
230831,AXAB,mean_rate_preview_if_units_known,8.736667,Hz,38,200,6000,true,false
230831,AXAB,trial_count,38,trials,38,200,6000,false,false
230831,AXAB,unit_count,200,units,38,200,6000,false,false
230831,AXAB,timepoint_count,6000,timepoints,38,200,6000,false,false
230831,BBBA,finite_fraction,1.000000,ratio,229,200,6000,true,false
230831,BBBA,nonnegative_fraction,1.000000,ratio,229,200,6000,true,false
230831,BBBA,total_nonzero_bins_preview,5337,bins,229,200,6000,true,false
230831,BBBA,mean_rate_preview_if_units_known,8.895000,Hz,229,200,6000,true,false
230831,BBBA,trial_count,229,trials,229,200,6000,false,false
230831,BBBA,unit_count,200,units,229,200,6000,false,false
230831,BBBA,timepoint_count,6000,timepoints,229,200,6000,false,false
230831,BBBX,finite_fraction,1.000000,ratio,26,200,6000,true,false
230831,BBBX,nonnegative_fraction,1.000000,ratio,26,200,6000,true,false
230831,BBBX,total_nonzero_bins_preview,5840,bins,26,200,6000,true,false
230831,BBBX,mean_rate_preview_if_units_known,9.733333,Hz,26,200,6000,true,false
230831,BBBX,trial_count,26,trials,26,200,6000,false,false
230831,BBBX,unit_count,200,units,26,200,6000,false,false
230831,BBBX,timepoint_count,6000,timepoints,26,200,6000,false,false
230831,BBXA,finite_fraction,1.000000,ratio,27,200,6000,true,false
230831,BBXA,nonnegative_fraction,1.000000,ratio,27,200,6000,true,false
230831,BBXA,total_nonzero_bins_preview,5634,bins,27,200,6000,true,false
230831,BBXA,mean_rate_preview_if_units_known,9.390000,Hz,27,200,6000,true,false
230831,BBXA,trial_count,27,trials,27,200,6000,false,false
230831,BBXA,unit_count,200,units,27,200,6000,false,false
230831,BBXA,timepoint_count,6000,timepoints,27,200,6000,false,false
230831,BXBA,finite_fraction,1.000000,ratio,48,200,6000,true,false
230831,BXBA,nonnegative_fraction,1.000000,ratio,48,200,6000,true,false
230831,BXBA,total_nonzero_bins_preview,5642,bins,48,200,6000,true,false
230831,BXBA,mean_rate_preview_if_units_known,9.403333,Hz,48,200,6000,true,false
230831,BXBA,trial_count,48,trials,48,200,6000,false,false
230831,BXBA,unit_count,200,units,48,200,6000,false,false
230831,BXBA,timepoint_count,6000,timepoints,48,200,6000,false,false
230831,RRRR,finite_fraction,1.000000,ratio,111,200,6000,true,false
230831,RRRR,nonnegative_fraction,1.000000,ratio,111,200,6000,true,false
230831,RRRR,total_nonzero_bins_preview,4949,bins,111,200,6000,true,false
230831,RRRR,mean_rate_preview_if_units_known,8.248333,Hz,111,200,6000,true,false
230831,RRRR,trial_count,111,trials,111,200,6000,false,false
230831,RRRR,unit_count,200,units,111,200,6000,false,false
230831,RRRR,timepoint_count,6000,timepoints,111,200,6000,false,false
230831,RRRX,finite_fraction,1.000000,ratio,86,200,6000,true,false
230831,RRRX,nonnegative_fraction,1.000000,ratio,86,200,6000,true,false
230831,RRRX,total_nonzero_bins_preview,5067,bins,86,200,6000,true,false
230831,RRRX,mean_rate_preview_if_units_known,8.445000,Hz,86,200,6000,true,false
230831,RRRX,trial_count,86,trials,86,200,6000,false,false
230831,RRRX,unit_count,200,units,86,200,6000,false,false
230831,RRRX,timepoint_count,6000,timepoints,86,200,6000,false,false
230831,RRXR,finite_fraction,1.000000,ratio,29,200,6000,true,false
230831,RRXR,nonnegative_fraction,1.000000,ratio,29,200,6000,true,false
230831,RRXR,total_nonzero_bins_preview,5049,bins,29,200,6000,true,false
230831,RRXR,mean_rate_preview_if_units_known,8.415000,Hz,29,200,6000,true,false
230831,RRXR,trial_count,29,trials,29,200,6000,false,false
230831,RRXR,unit_count,200,units,29,200,6000,false,false
230831,RRXR,timepoint_count,6000,timepoints,29,200,6000,false,false
230831,RXRR,finite_fraction,1.000000,ratio,74,200,6000,true,false
230831,RXRR,nonnegative_fraction,1.000000,ratio,74,200,6000,true,false
230831,RXRR,total_nonzero_bins_preview,4687,bins,74,200,6000,true,false
230831,RXRR,mean_rate_preview_if_units_known,7.811667,Hz,74,200,6000,true,false
230831,RXRR,trial_count,74,trials,74,200,6000,false,false
230831,RXRR,unit_count,200,units,74,200,6000,false,false
230831,RXRR,timepoint_count,6000,timepoints,74,200,6000,false,false
230901,AAAB,finite_fraction,1.000000,ratio,247,508,6000,true,false
230901,AAAB,nonnegative_fraction,1.000000,ratio,247,508,6000,true,false
230901,AAAB,total_nonzero_bins_preview,2761,bins,247,508,6000,true,false
230901,AAAB,mean_rate_preview_if_units_known,4.601667,Hz,247,508,6000,true,false
230901,AAAB,trial_count,247,trials,247,508,6000,false,false
230901,AAAB,unit_count,508,units,247,508,6000,false,false
230901,AAAB,timepoint_count,6000,timepoints,247,508,6000,false,false
230901,AAAX,finite_fraction,1.000000,ratio,30,508,6000,true,false
230901,AAAX,nonnegative_fraction,1.000000,ratio,30,508,6000,true,false
230901,AAAX,total_nonzero_bins_preview,1550,bins,30,508,6000,true,false
230901,AAAX,mean_rate_preview_if_units_known,2.583333,Hz,30,508,6000,true,false
230901,AAAX,trial_count,30,trials,30,508,6000,false,false
230901,AAAX,unit_count,508,units,30,508,6000,false,false
230901,AAAX,timepoint_count,6000,timepoints,30,508,6000,false,false
230901,AAXB,finite_fraction,1.000000,ratio,40,508,6000,true,false
230901,AAXB,nonnegative_fraction,1.000000,ratio,40,508,6000,true,false
230901,AAXB,total_nonzero_bins_preview,1722,bins,40,508,6000,true,false
230901,AAXB,mean_rate_preview_if_units_known,2.870000,Hz,40,508,6000,true,false
230901,AAXB,trial_count,40,trials,40,508,6000,false,false
230901,AAXB,unit_count,508,units,40,508,6000,false,false
230901,AAXB,timepoint_count,6000,timepoints,40,508,6000,false,false
230901,AXAB,finite_fraction,1.000000,ratio,30,508,6000,true,false
230901,AXAB,nonnegative_fraction,1.000000,ratio,30,508,6000,true,false
230901,AXAB,total_nonzero_bins_preview,1595,bins,30,508,6000,true,false
230901,AXAB,mean_rate_preview_if_units_known,2.658333,Hz,30,508,6000,true,false
230901,AXAB,trial_count,30,trials,30,508,6000,false,false
230901,AXAB,unit_count,508,units,30,508,6000,false,false
230901,AXAB,timepoint_count,6000,timepoints,30,508,6000,false,false
230901,BBBA,finite_fraction,1.000000,ratio,216,508,6000,true,false
230901,BBBA,nonnegative_fraction,1.000000,ratio,216,508,6000,true,false
230901,BBBA,total_nonzero_bins_preview,1756,bins,216,508,6000,true,false
230901,BBBA,mean_rate_preview_if_units_known,2.926667,Hz,216,508,6000,true,false
230901,BBBA,trial_count,216,trials,216,508,6000,false,false
230901,BBBA,unit_count,508,units,216,508,6000,false,false
230901,BBBA,timepoint_count,6000,timepoints,216,508,6000,false,false
230901,BBBX,finite_fraction,1.000000,ratio,30,508,6000,true,false
230901,BBBX,nonnegative_fraction,1.000000,ratio,30,508,6000,true,false
230901,BBBX,total_nonzero_bins_preview,1976,bins,30,508,6000,true,false
230901,BBBX,mean_rate_preview_if_units_known,3.293333,Hz,30,508,6000,true,false
230901,BBBX,trial_count,30,trials,30,508,6000,false,false
230901,BBBX,unit_count,508,units,30,508,6000,false,false
230901,BBBX,timepoint_count,6000,timepoints,30,508,6000,false,false
230901,BBXA,finite_fraction,1.000000,ratio,42,508,6000,true,false
230901,BBXA,nonnegative_fraction,1.000000,ratio,42,508,6000,true,false
230901,BBXA,total_nonzero_bins_preview,1696,bins,42,508,6000,true,false
230901,BBXA,mean_rate_preview_if_units_known,2.826667,Hz,42,508,6000,true,false
230901,BBXA,trial_count,42,trials,42,508,6000,false,false
230901,BBXA,unit_count,508,units,42,508,6000,false,false
230901,BBXA,timepoint_count,6000,timepoints,42,508,6000,false,false
230901,BXBA,finite_fraction,1.000000,ratio,42,508,6000,true,false
230901,BXBA,nonnegative_fraction,1.000000,ratio,42,508,6000,true,false
230901,BXBA,total_nonzero_bins_preview,1889,bins,42,508,6000,true,false
230901,BXBA,mean_rate_preview_if_units_known,3.148333,Hz,42,508,6000,true,false
230901,BXBA,trial_count,42,trials,42,508,6000,false,false
230901,BXBA,unit_count,508,units,42,508,6000,false,false
230901,BXBA,timepoint_count,6000,timepoints,42,508,6000,false,false
230901,RRRR,finite_fraction,1.000000,ratio,106,508,6000,true,false
230901,RRRR,nonnegative_fraction,1.000000,ratio,106,508,6000,true,false
230901,RRRR,total_nonzero_bins_preview,1389,bins,106,508,6000,true,false
230901,RRRR,mean_rate_preview_if_units_known,2.315000,Hz,106,508,6000,true,false
230901,RRRR,trial_count,106,trials,106,508,6000,false,false
230901,RRRR,unit_count,508,units,106,508,6000,false,false
230901,RRRR,timepoint_count,6000,timepoints,106,508,6000,false,false
230901,RRRX,finite_fraction,1.000000,ratio,104,508,6000,true,false
230901,RRRX,nonnegative_fraction,1.000000,ratio,104,508,6000,true,false
230901,RRRX,total_nonzero_bins_preview,1394,bins,104,508,6000,true,false
230901,RRRX,mean_rate_preview_if_units_known,2.323333,Hz,104,508,6000,true,false
230901,RRRX,trial_count,104,trials,104,508,6000,false,false
230901,RRRX,unit_count,508,units,104,508,6000,false,false
230901,RRRX,timepoint_count,6000,timepoints,104,508,6000,false,false
230901,RRXR,finite_fraction,1.000000,ratio,40,508,6000,true,false
230901,RRXR,nonnegative_fraction,1.000000,ratio,40,508,6000,true,false
230901,RRXR,total_nonzero_bins_preview,1658,bins,40,508,6000,true,false
230901,RRXR,mean_rate_preview_if_units_known,2.763333,Hz,40,508,6000,true,false
230901,RRXR,trial_count,40,trials,40,508,6000,false,false
230901,RRXR,unit_count,508,units,40,508,6000,false,false
230901,RRXR,timepoint_count,6000,timepoints,40,508,6000,false,false
230901,RXRR,finite_fraction,1.000000,ratio,50,508,6000,true,false
230901,RXRR,nonnegative_fraction,1.000000,ratio,50,508,6000,true,false
230901,RXRR,total_nonzero_bins_preview,1465,bins,50,508,6000,true,false
230901,RXRR,mean_rate_preview_if_units_known,2.441667,Hz,50,508,6000,true,false
230901,RXRR,trial_count,50,trials,50,508,6000,false,false
230901,RXRR,unit_count,508,units,50,508,6000,false,false
230901,RXRR,timepoint_count,6000,timepoints,50,508,6000,false,false
230901,AAAB,finite_fraction,1.000000,ratio,247,188,6000,true,false
230901,AAAB,nonnegative_fraction,1.000000,ratio,247,188,6000,true,false
230901,AAAB,total_nonzero_bins_preview,2556,bins,247,188,6000,true,false
230901,AAAB,mean_rate_preview_if_units_known,4.260000,Hz,247,188,6000,true,false
230901,AAAB,trial_count,247,trials,247,188,6000,false,false
230901,AAAB,unit_count,188,units,247,188,6000,false,false
230901,AAAB,timepoint_count,6000,timepoints,247,188,6000,false,false
230901,AAAX,finite_fraction,1.000000,ratio,30,188,6000,true,false
230901,AAAX,nonnegative_fraction,1.000000,ratio,30,188,6000,true,false
230901,AAAX,total_nonzero_bins_preview,3057,bins,30,188,6000,true,false
230901,AAAX,mean_rate_preview_if_units_known,5.095000,Hz,30,188,6000,true,false
230901,AAAX,trial_count,30,trials,30,188,6000,false,false
230901,AAAX,unit_count,188,units,30,188,6000,false,false
230901,AAAX,timepoint_count,6000,timepoints,30,188,6000,false,false
230901,AAXB,finite_fraction,1.000000,ratio,40,188,6000,true,false
230901,AAXB,nonnegative_fraction,1.000000,ratio,40,188,6000,true,false
230901,AAXB,total_nonzero_bins_preview,3310,bins,40,188,6000,true,false
230901,AAXB,mean_rate_preview_if_units_known,5.516667,Hz,40,188,6000,true,false
230901,AAXB,trial_count,40,trials,40,188,6000,false,false
230901,AAXB,unit_count,188,units,40,188,6000,false,false
230901,AAXB,timepoint_count,6000,timepoints,40,188,6000,false,false
230901,AXAB,finite_fraction,1.000000,ratio,30,188,6000,true,false
230901,AXAB,nonnegative_fraction,1.000000,ratio,30,188,6000,true,false
230901,AXAB,total_nonzero_bins_preview,3025,bins,30,188,6000,true,false
230901,AXAB,mean_rate_preview_if_units_known,5.041667,Hz,30,188,6000,true,false
230901,AXAB,trial_count,30,trials,30,188,6000,false,false
230901,AXAB,unit_count,188,units,30,188,6000,false,false
230901,AXAB,timepoint_count,6000,timepoints,30,188,6000,false,false
230901,BBBA,finite_fraction,1.000000,ratio,216,188,6000,true,false
230901,BBBA,nonnegative_fraction,1.000000,ratio,216,188,6000,true,false
230901,BBBA,total_nonzero_bins_preview,2715,bins,216,188,6000,true,false
230901,BBBA,mean_rate_preview_if_units_known,4.525000,Hz,216,188,6000,true,false
230901,BBBA,trial_count,216,trials,216,188,6000,false,false
230901,BBBA,unit_count,188,units,216,188,6000,false,false
230901,BBBA,timepoint_count,6000,timepoints,216,188,6000,false,false
230901,BBBX,finite_fraction,1.000000,ratio,30,188,6000,true,false
230901,BBBX,nonnegative_fraction,1.000000,ratio,30,188,6000,true,false
230901,BBBX,total_nonzero_bins_preview,2517,bins,30,188,6000,true,false
230901,BBBX,mean_rate_preview_if_units_known,4.195000,Hz,30,188,6000,true,false
230901,BBBX,trial_count,30,trials,30,188,6000,false,false
230901,BBBX,unit_count,188,units,30,188,6000,false,false
230901,BBBX,timepoint_count,6000,timepoints,30,188,6000,false,false
230901,BBXA,finite_fraction,1.000000,ratio,42,188,6000,true,false
230901,BBXA,nonnegative_fraction,1.000000,ratio,42,188,6000,true,false
230901,BBXA,total_nonzero_bins_preview,2917,bins,42,188,6000,true,false
230901,BBXA,mean_rate_preview_if_units_known,4.861667,Hz,42,188,6000,true,false
230901,BBXA,trial_count,42,trials,42,188,6000,false,false
230901,BBXA,unit_count,188,units,42,188,6000,false,false
230901,BBXA,timepoint_count,6000,timepoints,42,188,6000,false,false
230901,BXBA,finite_fraction,1.000000,ratio,42,188,6000,true,false
230901,BXBA,nonnegative_fraction,1.000000,ratio,42,188,6000,true,false
230901,BXBA,total_nonzero_bins_preview,2973,bins,42,188,6000,true,false
230901,BXBA,mean_rate_preview_if_units_known,4.955000,Hz,42,188,6000,true,false
230901,BXBA,trial_count,42,trials,42,188,6000,false,false
230901,BXBA,unit_count,188,units,42,188,6000,false,false
230901,BXBA,timepoint_count,6000,timepoints,42,188,6000,false,false
230901,RRRR,finite_fraction,1.000000,ratio,106,188,6000,true,false
230901,RRRR,nonnegative_fraction,1.000000,ratio,106,188,6000,true,false
230901,RRRR,total_nonzero_bins_preview,3052,bins,106,188,6000,true,false
230901,RRRR,mean_rate_preview_if_units_known,5.086667,Hz,106,188,6000,true,false
230901,RRRR,trial_count,106,trials,106,188,6000,false,false
230901,RRRR,unit_count,188,units,106,188,6000,false,false
230901,RRRR,timepoint_count,6000,timepoints,106,188,6000,false,false
230901,RRRX,finite_fraction,1.000000,ratio,104,188,6000,true,false
230901,RRRX,nonnegative_fraction,1.000000,ratio,104,188,6000,true,false
230901,RRRX,total_nonzero_bins_preview,3143,bins,104,188,6000,true,false
230901,RRRX,mean_rate_preview_if_units_known,5.238333,Hz,104,188,6000,true,false
230901,RRRX,trial_count,104,trials,104,188,6000,false,false
230901,RRRX,unit_count,188,units,104,188,6000,false,false
230901,RRRX,timepoint_count,6000,timepoints,104,188,6000,false,false
230901,RRXR,finite_fraction,1.000000,ratio,40,188,6000,true,false
230901,RRXR,nonnegative_fraction,1.000000,ratio,40,188,6000,true,false
230901,RRXR,total_nonzero_bins_preview,2542,bins,40,188,6000,true,false
230901,RRXR,mean_rate_preview_if_units_known,4.236667,Hz,40,188,6000,true,false
230901,RRXR,trial_count,40,trials,40,188,6000,false,false
230901,RRXR,unit_count,188,units,40,188,6000,false,false
230901,RRXR,timepoint_count,6000,timepoints,40,188,6000,false,false
230901,RXRR,finite_fraction,1.000000,ratio,50,188,6000,true,false
230901,RXRR,nonnegative_fraction,1.000000,ratio,50,188,6000,true,false
230901,RXRR,total_nonzero_bins_preview,2853,bins,50,188,6000,true,false
230901,RXRR,mean_rate_preview_if_units_known,4.755000,Hz,50,188,6000,true,false
230901,RXRR,trial_count,50,trials,50,188,6000,false,false
230901,RXRR,unit_count,188,units,50,188,6000,false,false
230901,RXRR,timepoint_count,6000,timepoints,50,188,6000,false,false
