session_id,signal_class,probe_id,channel_id,channel_index,raw_area_label,canonical_area_label,area_group,area_resolution_status,layer_or_depth_label,source_file,warnings
230629,LFP,0,0,0,V1,V1,Visual,metadata_resolved_equal_segment,estimated_from_channel,session-area-mapping.md,None
230629,LFP,0,1,1,V1,V1,Visual,metadata_resolved_equal_segment,estimated_from_channel,session-area-mapping.md,None
230629,LFP,0,2,2,V1,V1,Visual,metadata_resolved_equal_segment,estimated_from_channel,session-area-mapping.md,None
230629,LFP,0,3,3,V1,V1,Visual,metadata_resolved_equal_segment,estimated_from_channel,session-area-mapping.md,None
230629,LFP,0,4,4,V1,V1,Visual,metadata_resolved_equal_segment,estimated_from_channel,session-area-mapping.md,None
230629,LFP,0,5,5,V1,V1,Visual,metadata_resolved_equal_segment,estimated_from_channel,session-area-mapping.md,None
230629,LFP,0,6,6,V1,V1,Visual,metadata_resolved_equal_segment,estimated_from_channel,session-area-mapping.md,None
230629,LFP,0,7,7,V1,V1,Visual,metadata_resolved_equal_segment,estimated_from_channel,session-area-mapping.md,None
230629,LFP,0,8,8,V1,V1,Visual,metadata_resolved_equal_segment,estimated_from_channel,session-area-mapping.md,None
230629,LFP,0,9,9,V1,V1,Visual,metadata_resolved_equal_segment,estimated_from_channel,session-area-mapping.md,None
230629,LFP,0,10,10,V1,V1,Visual,metadata_resolved_equal_segment,estimated_from_channel,session-area-mapping.md,None
230629,LFP,0,11,11,V1,V1,Visual,metadata_resolved_equal_segment,estimated_from_channel,session-area-mapping.md,None
230629,LFP,0,12,12,V1,V1,Visual,metadata_resolved_equal_segment,estimated_from_channel,session-area-mapping.md,None
230629,LFP,0,13,13,V1,V1,Visual,metadata_resolved_equal_segment,estimated_from_channel,session-area-mapping.md,None
230629,LFP,0,14,14,V1,V1,Visual,metadata_resolved_equal_segment,estimated_from_channel,session-area-mapping.md,None
230629,LFP,0,15,15,V1,V1,Visual,metadata_resolved_equal_segment,estimated_from_channel,session-area-mapping.md,None
230629,LFP,0,16,16,V1,V1,Visual,metadata_resolved_equal_segment,estimated_from_channel,session-area-mapping.md,None
230629,LFP,0,17,17,V1,V1,Visual,metadata_resolved_equal_segment,estimated_from_channel,session-area-mapping.md,None
230629,LFP,0,18,18,V1,V1,Visual,metadata_resolved_equal_segment,estimated_from_channel,session-area-mapping.md,None
230629,LFP,0,19,19,V1,V1,Visual,metadata_resolved_equal_segment,estimated_from_channel,session-area-mapping.md,None
230629,LFP,0,20,20,V1,V1,Visual,metadata_resolved_equal_segment,estimated_from_channel,session-area-mapping.md,None
230629,LFP,0,21,21,V1,V1,Visual,metadata_resolved_equal_segment,estimated_from_channel,session-area-mapping.md,None
230629,LFP,0,22,22,V1,V1,Visual,metadata_resolved_equal_segment,estimated_from_channel,session-area-mapping.md,None
230629,LFP,0,23,23,V1,V1,Visual,metadata_resolved_equal_segment,estimated_from_channel,session-area-mapping.md,None
230629,LFP,0,24,24,V1,V1,Visual,metadata_resolved_equal_segment,estimated_from_channel,session-area-mapping.md,None
230629,LFP,0,25,25,V1,V1,Visual,metadata_resolved_equal_segment,estimated_from_channel,session-area-mapping.md,None
230629,LFP,0,26,26,V1,V1,Visual,metadata_resolved_equal_segment,estimated_from_channel,session-area-mapping.md,None
230629,LFP,0,27,27,V1,V1,Visual,metadata_resolved_equal_segment,estimated_from_channel,session-area-mapping.md,None
230629,LFP,0,28,28,V1,V1,Visual,metadata_resolved_equal_segment,estimated_from_channel,session-area-mapping.md,None
230629,LFP,0,29,29,V1,V1,Visual,metadata_resolved_equal_segment,estimated_from_channel,session-area-mapping.md,None
230629,LFP,0,30,30,V1,V1,Visual,metadata_resolved_equal_segment,estimated_from_channel,session-area-mapping.md,None
230629,LFP,0,31,31,V1,V1,Visual,metadata_resolved_equal_segment,estimated_from_channel,session-area-mapping.md,None
230629,LFP,0,32,32,V1,V1,Visual,metadata_resolved_equal_segment,estimated_from_channel,session-area-mapping.md,None
230629,LFP,0,33,33,V1,V1,Visual,metadata_resolved_equal_segment,estimated_from_channel,session-area-mapping.md,None
230629,LFP,0,34,34,V1,V1,Visual,metadata_resolved_equal_segment,estimated_from_channel,session-area-mapping.md,None
230629,LFP,0,35,35,V1,V1,Visual,metadata_resolved_equal_segment,estimated_from_channel,session-area-mapping.md,None
230629,LFP,0,36,36,V1,V1,Visual,metadata_resolved_equal_segment,estimated_from_channel,session-area-mapping.md,None
230629,LFP,0,37,37,V1,V1,Visual,metadata_resolved_equal_segment,estimated_from_channel,session-area-mapping.md,None
230629,LFP,0,38,38,V1,V1,Visual,metadata_resolved_equal_segment,estimated_from_channel,session-area-mapping.md,None
230629,LFP,0,39,39,V1,V1,Visual,metadata_resolved_equal_segment,estimated_from_channel,session-area-mapping.md,None
230629,LFP,0,40,40,V1,V1,Visual,metadata_resolved_equal_segment,estimated_from_channel,session-area-mapping.md,None
230629,LFP,0,41,41,V1,V1,Visual,metadata_resolved_equal_segment,estimated_from_channel,session-area-mapping.md,None
230629,LFP,0,42,42,V1,V1,Visual,metadata_resolved_equal_segment,estimated_from_channel,session-area-mapping.md,None
230629,LFP,0,43,43,V1,V1,Visual,metadata_resolved_equal_segment,estimated_from_channel,session-area-mapping.md,None
230629,LFP,0,44,44,V1,V1,Visual,metadata_resolved_equal_segment,estimated_from_channel,session-area-mapping.md,None
230629,LFP,0,45,45,V1,V1,Visual,metadata_resolved_equal_segment,estimated_from_channel,session-area-mapping.md,None
230629,LFP,0,46,46,V1,V1,Visual,metadata_resolved_equal_segment,estimated_from_channel,session-area-mapping.md,None
230629,LFP,0,47,47,V1,V1,Visual,metadata_resolved_equal_segment,estimated_from_channel,session-area-mapping.md,None
230629,LFP,0,48,48,V1,V1,Visual,metadata_resolved_equal_segment,estimated_from_channel,session-area-mapping.md,None
230629,LFP,0,49,49,V1,V1,Visual,metadata_resolved_equal_segment,estimated_from_channel,session-area-mapping.md,None
230629,LFP,0,50,50,V1,V1,Visual,metadata_resolved_equal_segment,estimated_from_channel,session-area-mapping.md,None
230629,LFP,0,51,51,V1,V1,Visual,metadata_resolved_equal_segment,estimated_from_channel,session-area-mapping.md,None
230629,LFP,0,52,52,V1,V1,Visual,metadata_resolved_equal_segment,estimated_from_channel,session-area-mapping.md,None
230629,LFP,0,53,53,V1,V1,Visual,metadata_resolved_equal_segment,estimated_from_channel,session-area-mapping.md,None
230629,LFP,0,54,54,V1,V1,Visual,metadata_resolved_equal_segment,estimated_from_channel,session-area-mapping.md,None
230629,LFP,0,55,55,V1,V1,Visual,metadata_resolved_equal_segment,estimated_from_channel,session-area-mapping.md,None
230629,LFP,0,56,56,V1,V1,Visual,metadata_resolved_equal_segment,estimated_from_channel,session-area-mapping.md,None
230629,LFP,0,57,57,V1,V1,Visual,metadata_resolved_equal_segment,estimated_from_channel,session-area-mapping.md,None
230629,LFP,0,58,58,V1,V1,Visual,metadata_resolved_equal_segment,estimated_from_channel,session-area-mapping.md,None
230629,LFP,0,59,59,V1,V1,Visual,metadata_resolved_equal_segment,estimated_from_channel,session-area-mapping.md,None
230629,LFP,0,60,60,V1,V1,Visual,metadata_resolved_equal_segment,estimated_from_channel,session-area-mapping.md,None
230629,LFP,0,61,61,V1,V1,Visual,metadata_resolved_equal_segment,estimated_from_channel,session-area-mapping.md,None
230629,LFP,0,62,62,V1,V1,Visual,metadata_resolved_equal_segment,estimated_from_channel,session-area-mapping.md,None
230629,LFP,0,63,63,V1,V1,Visual,metadata_resolved_equal_segment,estimated_from_channel,session-area-mapping.md,None
230629,LFP,0,64,64,V2,V2,Visual,metadata_resolved_equal_segment,estimated_from_channel,session-area-mapping.md,None
230629,LFP,0,65,65,V2,V2,Visual,metadata_resolved_equal_segment,estimated_from_channel,session-area-mapping.md,None
230629,LFP,0,66,66,V2,V2,Visual,metadata_resolved_equal_segment,estimated_from_channel,session-area-mapping.md,None
230629,LFP,0,67,67,V2,V2,Visual,metadata_resolved_equal_segment,estimated_from_channel,session-area-mapping.md,None
230629,LFP,0,68,68,V2,V2,Visual,metadata_resolved_equal_segment,estimated_from_channel,session-area-mapping.md,None
230629,LFP,0,69,69,V2,V2,Visual,metadata_resolved_equal_segment,estimated_from_channel,session-area-mapping.md,None
230629,LFP,0,70,70,V2,V2,Visual,metadata_resolved_equal_segment,estimated_from_channel,session-area-mapping.md,None
230629,LFP,0,71,71,V2,V2,Visual,metadata_resolved_equal_segment,estimated_from_channel,session-area-mapping.md,None
230629,LFP,0,72,72,V2,V2,Visual,metadata_resolved_equal_segment,estimated_from_channel,session-area-mapping.md,None
230629,LFP,0,73,73,V2,V2,Visual,metadata_resolved_equal_segment,estimated_from_channel,session-area-mapping.md,None
230629,LFP,0,74,74,V2,V2,Visual,metadata_resolved_equal_segment,estimated_from_channel,session-area-mapping.md,None
230629,LFP,0,75,75,V2,V2,Visual,metadata_resolved_equal_segment,estimated_from_channel,session-area-mapping.md,None
230629,LFP,0,76,76,V2,V2,Visual,metadata_resolved_equal_segment,estimated_from_channel,session-area-mapping.md,None
230629,LFP,0,77,77,V2,V2,Visual,metadata_resolved_equal_segment,estimated_from_channel,session-area-mapping.md,None
230629,LFP,0,78,78,V2,V2,Visual,metadata_resolved_equal_segment,estimated_from_channel,session-area-mapping.md,None
230629,LFP,0,79,79,V2,V2,Visual,metadata_resolved_equal_segment,estimated_from_channel,session-area-mapping.md,None
230629,LFP,0,80,80,V2,V2,Visual,metadata_resolved_equal_segment,estimated_from_channel,session-area-mapping.md,None
230629,LFP,0,81,81,V2,V2,Visual,metadata_resolved_equal_segment,estimated_from_channel,session-area-mapping.md,None
230629,LFP,0,82,82,V2,V2,Visual,metadata_resolved_equal_segment,estimated_from_channel,session-area-mapping.md,None
230629,LFP,0,83,83,V2,V2,Visual,metadata_resolved_equal_segment,estimated_from_channel,session-area-mapping.md,None
230629,LFP,0,84,84,V2,V2,Visual,metadata_resolved_equal_segment,estimated_from_channel,session-area-mapping.md,None
230629,LFP,0,85,85,V2,V2,Visual,metadata_resolved_equal_segment,estimated_from_channel,session-area-mapping.md,None
230629,LFP,0,86,86,V2,V2,Visual,metadata_resolved_equal_segment,estimated_from_channel,session-area-mapping.md,None
230629,LFP,0,87,87,V2,V2,Visual,metadata_resolved_equal_segment,estimated_from_channel,session-area-mapping.md,None
230629,LFP,0,88,88,V2,V2,Visual,metadata_resolved_equal_segment,estimated_from_channel,session-area-mapping.md,None
230629,LFP,0,89,89,V2,V2,Visual,metadata_resolved_equal_segment,estimated_from_channel,session-area-mapping.md,None
230629,LFP,0,90,90,V2,V2,Visual,metadata_resolved_equal_segment,estimated_from_channel,session-area-mapping.md,None
230629,LFP,0,91,91,V2,V2,Visual,metadata_resolved_equal_segment,estimated_from_channel,session-area-mapping.md,None
230629,LFP,0,92,92,V2,V2,Visual,metadata_resolved_equal_segment,estimated_from_channel,session-area-mapping.md,None
230629,LFP,0,93,93,V2,V2,Visual,metadata_resolved_equal_segment,estimated_from_channel,session-area-mapping.md,None
230629,LFP,0,94,94,V2,V2,Visual,metadata_resolved_equal_segment,estimated_from_channel,session-area-mapping.md,None
230629,LFP,0,95,95,V2,V2,Visual,metadata_resolved_equal_segment,estimated_from_channel,session-area-mapping.md,None
230629,LFP,0,96,96,V2,V2,Visual,metadata_resolved_equal_segment,estimated_from_channel,session-area-mapping.md,None
230629,LFP,0,97,97,V2,V2,Visual,metadata_resolved_equal_segment,estimated_from_channel,session-area-mapping.md,None
230629,LFP,0,98,98,V2,V2,Visual,metadata_resolved_equal_segment,estimated_from_channel,session-area-mapping.md,None
230629,LFP,0,99,99,V2,V2,Visual,metadata_resolved_equal_segment,estimated_from_channel,session-area-mapping.md,None
230629,LFP,0,100,100,V2,V2,Visual,metadata_resolved_equal_segment,estimated_from_channel,session-area-mapping.md,None
230629,LFP,0,101,101,V2,V2,Visual,metadata_resolved_equal_segment,estimated_from_channel,session-area-mapping.md,None
230629,LFP,0,102,102,V2,V2,Visual,metadata_resolved_equal_segment,estimated_from_channel,session-area-mapping.md,None
230629,LFP,0,103,103,V2,V2,Visual,metadata_resolved_equal_segment,estimated_from_channel,session-area-mapping.md,None
230629,LFP,0,104,104,V2,V2,Visual,metadata_resolved_equal_segment,estimated_from_channel,session-area-mapping.md,None
230629,LFP,0,105,105,V2,V2,Visual,metadata_resolved_equal_segment,estimated_from_channel,session-area-mapping.md,None
230629,LFP,0,106,106,V2,V2,Visual,metadata_resolved_equal_segment,estimated_from_channel,session-area-mapping.md,None
230629,LFP,0,107,107,V2,V2,Visual,metadata_resolved_equal_segment,estimated_from_channel,session-area-mapping.md,None
230629,LFP,0,108,108,V2,V2,Visual,metadata_resolved_equal_segment,estimated_from_channel,session-area-mapping.md,None
230629,LFP,0,109,109,V2,V2,Visual,metadata_resolved_equal_segment,estimated_from_channel,session-area-mapping.md,None
230629,LFP,0,110,110,V2,V2,Visual,metadata_resolved_equal_segment,estimated_from_channel,session-area-mapping.md,None
230629,LFP,0,111,111,V2,V2,Visual,metadata_resolved_equal_segment,estimated_from_channel,session-area-mapping.md,None
230629,LFP,0,112,112,V2,V2,Visual,metadata_resolved_equal_segment,estimated_from_channel,session-area-mapping.md,None
230629,LFP,0,113,113,V2,V2,Visual,metadata_resolved_equal_segment,estimated_from_channel,session-area-mapping.md,None
230629,LFP,0,114,114,V2,V2,Visual,metadata_resolved_equal_segment,estimated_from_channel,session-area-mapping.md,None
230629,LFP,0,115,115,V2,V2,Visual,metadata_resolved_equal_segment,estimated_from_channel,session-area-mapping.md,None
230629,LFP,0,116,116,V2,V2,Visual,metadata_resolved_equal_segment,estimated_from_channel,session-area-mapping.md,None
230629,LFP,0,117,117,V2,V2,Visual,metadata_resolved_equal_segment,estimated_from_channel,session-area-mapping.md,None
230629,LFP,0,118,118,V2,V2,Visual,metadata_resolved_equal_segment,estimated_from_channel,session-area-mapping.md,None
230629,LFP,0,119,119,V2,V2,Visual,metadata_resolved_equal_segment,estimated_from_channel,session-area-mapping.md,None
230629,LFP,0,120,120,V2,V2,Visual,metadata_resolved_equal_segment,estimated_from_channel,session-area-mapping.md,None
230629,LFP,0,121,121,V2,V2,Visual,metadata_resolved_equal_segment,estimated_from_channel,session-area-mapping.md,None
230629,LFP,0,122,122,V2,V2,Visual,metadata_resolved_equal_segment,estimated_from_channel,session-area-mapping.md,None
230629,LFP,0,123,123,V2,V2,Visual,metadata_resolved_equal_segment,estimated_from_channel,session-area-mapping.md,None
230629,LFP,0,124,124,V2,V2,Visual,metadata_resolved_equal_segment,estimated_from_channel,session-area-mapping.md,None
230629,LFP,0,125,125,V2,V2,Visual,metadata_resolved_equal_segment,estimated_from_channel,session-area-mapping.md,None
230629,LFP,0,126,126,V2,V2,Visual,metadata_resolved_equal_segment,estimated_from_channel,session-area-mapping.md,None
230629,LFP,0,127,127,V2,V2,Visual,metadata_resolved_equal_segment,estimated_from_channel,session-area-mapping.md,None
230629,LFP,1,128,0,V3d,V3d,Visual,metadata_resolved_equal_segment,estimated_from_channel,session-area-mapping.md,None
230629,LFP,1,129,1,V3d,V3d,Visual,metadata_resolved_equal_segment,estimated_from_channel,session-area-mapping.md,None
230629,LFP,1,130,2,V3d,V3d,Visual,metadata_resolved_equal_segment,estimated_from_channel,session-area-mapping.md,None
230629,LFP,1,131,3,V3d,V3d,Visual,metadata_resolved_equal_segment,estimated_from_channel,session-area-mapping.md,None
230629,LFP,1,132,4,V3d,V3d,Visual,metadata_resolved_equal_segment,estimated_from_channel,session-area-mapping.md,None
230629,LFP,1,133,5,V3d,V3d,Visual,metadata_resolved_equal_segment,estimated_from_channel,session-area-mapping.md,None
230629,LFP,1,134,6,V3d,V3d,Visual,metadata_resolved_equal_segment,estimated_from_channel,session-area-mapping.md,None
230629,LFP,1,135,7,V3d,V3d,Visual,metadata_resolved_equal_segment,estimated_from_channel,session-area-mapping.md,None
230629,LFP,1,136,8,V3d,V3d,Visual,metadata_resolved_equal_segment,estimated_from_channel,session-area-mapping.md,None
230629,LFP,1,137,9,V3d,V3d,Visual,metadata_resolved_equal_segment,estimated_from_channel,session-area-mapping.md,None
230629,LFP,1,138,10,V3d,V3d,Visual,metadata_resolved_equal_segment,estimated_from_channel,session-area-mapping.md,None
230629,LFP,1,139,11,V3d,V3d,Visual,metadata_resolved_equal_segment,estimated_from_channel,session-area-mapping.md,None
230629,LFP,1,140,12,V3d,V3d,Visual,metadata_resolved_equal_segment,estimated_from_channel,session-area-mapping.md,None
230629,LFP,1,141,13,V3d,V3d,Visual,metadata_resolved_equal_segment,estimated_from_channel,session-area-mapping.md,None
230629,LFP,1,142,14,V3d,V3d,Visual,metadata_resolved_equal_segment,estimated_from_channel,session-area-mapping.md,None
230629,LFP,1,143,15,V3d,V3d,Visual,metadata_resolved_equal_segment,estimated_from_channel,session-area-mapping.md,None
230629,LFP,1,144,16,V3d,V3d,Visual,metadata_resolved_equal_segment,estimated_from_channel,session-area-mapping.md,None
230629,LFP,1,145,17,V3d,V3d,Visual,metadata_resolved_equal_segment,estimated_from_channel,session-area-mapping.md,None
230629,LFP,1,146,18,V3d,V3d,Visual,metadata_resolved_equal_segment,estimated_from_channel,session-area-mapping.md,None
230629,LFP,1,147,19,V3d,V3d,Visual,metadata_resolved_equal_segment,estimated_from_channel,session-area-mapping.md,None
230629,LFP,1,148,20,V3d,V3d,Visual,metadata_resolved_equal_segment,estimated_from_channel,session-area-mapping.md,None
230629,LFP,1,149,21,V3d,V3d,Visual,metadata_resolved_equal_segment,estimated_from_channel,session-area-mapping.md,None
230629,LFP,1,150,22,V3d,V3d,Visual,metadata_resolved_equal_segment,estimated_from_channel,session-area-mapping.md,None
230629,LFP,1,151,23,V3d,V3d,Visual,metadata_resolved_equal_segment,estimated_from_channel,session-area-mapping.md,None
230629,LFP,1,152,24,V3d,V3d,Visual,metadata_resolved_equal_segment,estimated_from_channel,session-area-mapping.md,None
230629,LFP,1,153,25,V3d,V3d,Visual,metadata_resolved_equal_segment,estimated_from_channel,session-area-mapping.md,None
230629,LFP,1,154,26,V3d,V3d,Visual,metadata_resolved_equal_segment,estimated_from_channel,session-area-mapping.md,None
230629,LFP,1,155,27,V3d,V3d,Visual,metadata_resolved_equal_segment,estimated_from_channel,session-area-mapping.md,None
230629,LFP,1,156,28,V3d,V3d,Visual,metadata_resolved_equal_segment,estimated_from_channel,session-area-mapping.md,None
230629,LFP,1,157,29,V3d,V3d,Visual,metadata_resolved_equal_segment,estimated_from_channel,session-area-mapping.md,None
230629,LFP,1,158,30,V3d,V3d,Visual,metadata_resolved_equal_segment,estimated_from_channel,session-area-mapping.md,None
230629,LFP,1,159,31,V3d,V3d,Visual,metadata_resolved_equal_segment,estimated_from_channel,session-area-mapping.md,None
230629,LFP,1,160,32,V3d,V3d,Visual,metadata_resolved_equal_segment,estimated_from_channel,session-area-mapping.md,None
230629,LFP,1,161,33,V3d,V3d,Visual,metadata_resolved_equal_segment,estimated_from_channel,session-area-mapping.md,None
230629,LFP,1,162,34,V3d,V3d,Visual,metadata_resolved_equal_segment,estimated_from_channel,session-area-mapping.md,None
230629,LFP,1,163,35,V3d,V3d,Visual,metadata_resolved_equal_segment,estimated_from_channel,session-area-mapping.md,None
230629,LFP,1,164,36,V3d,V3d,Visual,metadata_resolved_equal_segment,estimated_from_channel,session-area-mapping.md,None
230629,LFP,1,165,37,V3d,V3d,Visual,metadata_resolved_equal_segment,estimated_from_channel,session-area-mapping.md,None
230629,LFP,1,166,38,V3d,V3d,Visual,metadata_resolved_equal_segment,estimated_from_channel,session-area-mapping.md,None
230629,LFP,1,167,39,V3d,V3d,Visual,metadata_resolved_equal_segment,estimated_from_channel,session-area-mapping.md,None
230629,LFP,1,168,40,V3d,V3d,Visual,metadata_resolved_equal_segment,estimated_from_channel,session-area-mapping.md,None
230629,LFP,1,169,41,V3d,V3d,Visual,metadata_resolved_equal_segment,estimated_from_channel,session-area-mapping.md,None
230629,LFP,1,170,42,V3d,V3d,Visual,metadata_resolved_equal_segment,estimated_from_channel,session-area-mapping.md,None
230629,LFP,1,171,43,V3d,V3d,Visual,metadata_resolved_equal_segment,estimated_from_channel,session-area-mapping.md,None
230629,LFP,1,172,44,V3d,V3d,Visual,metadata_resolved_equal_segment,estimated_from_channel,session-area-mapping.md,None
230629,LFP,1,173,45,V3d,V3d,Visual,metadata_resolved_equal_segment,estimated_from_channel,session-area-mapping.md,None
230629,LFP,1,174,46,V3d,V3d,Visual,metadata_resolved_equal_segment,estimated_from_channel,session-area-mapping.md,None
230629,LFP,1,175,47,V3d,V3d,Visual,metadata_resolved_equal_segment,estimated_from_channel,session-area-mapping.md,None
230629,LFP,1,176,48,V3d,V3d,Visual,metadata_resolved_equal_segment,estimated_from_channel,session-area-mapping.md,None
230629,LFP,1,177,49,V3d,V3d,Visual,metadata_resolved_equal_segment,estimated_from_channel,session-area-mapping.md,None
230629,LFP,1,178,50,V3d,V3d,Visual,metadata_resolved_equal_segment,estimated_from_channel,session-area-mapping.md,None
230629,LFP,1,179,51,V3d,V3d,Visual,metadata_resolved_equal_segment,estimated_from_channel,session-area-mapping.md,None
230629,LFP,1,180,52,V3d,V3d,Visual,metadata_resolved_equal_segment,estimated_from_channel,session-area-mapping.md,None
230629,LFP,1,181,53,V3d,V3d,Visual,metadata_resolved_equal_segment,estimated_from_channel,session-area-mapping.md,None
230629,LFP,1,182,54,V3d,V3d,Visual,metadata_resolved_equal_segment,estimated_from_channel,session-area-mapping.md,None
230629,LFP,1,183,55,V3d,V3d,Visual,metadata_resolved_equal_segment,estimated_from_channel,session-area-mapping.md,None
230629,LFP,1,184,56,V3d,V3d,Visual,metadata_resolved_equal_segment,estimated_from_channel,session-area-mapping.md,None
230629,LFP,1,185,57,V3d,V3d,Visual,metadata_resolved_equal_segment,estimated_from_channel,session-area-mapping.md,None
230629,LFP,1,186,58,V3d,V3d,Visual,metadata_resolved_equal_segment,estimated_from_channel,session-area-mapping.md,None
230629,LFP,1,187,59,V3d,V3d,Visual,metadata_resolved_equal_segment,estimated_from_channel,session-area-mapping.md,None
230629,LFP,1,188,60,V3d,V3d,Visual,metadata_resolved_equal_segment,estimated_from_channel,session-area-mapping.md,None
230629,LFP,1,189,61,V3d,V3d,Visual,metadata_resolved_equal_segment,estimated_from_channel,session-area-mapping.md,None
230629,LFP,1,190,62,V3d,V3d,Visual,metadata_resolved_equal_segment,estimated_from_channel,session-area-mapping.md,None
230629,LFP,1,191,63,V3d,V3d,Visual,metadata_resolved_equal_segment,estimated_from_channel,session-area-mapping.md,None
230629,LFP,1,192,64,V3a,V3a,Visual,metadata_resolved_equal_segment,estimated_from_channel,session-area-mapping.md,None
230629,LFP,1,193,65,V3a,V3a,Visual,metadata_resolved_equal_segment,estimated_from_channel,session-area-mapping.md,None
230629,LFP,1,194,66,V3a,V3a,Visual,metadata_resolved_equal_segment,estimated_from_channel,session-area-mapping.md,None
230629,LFP,1,195,67,V3a,V3a,Visual,metadata_resolved_equal_segment,estimated_from_channel,session-area-mapping.md,None
230629,LFP,1,196,68,V3a,V3a,Visual,metadata_resolved_equal_segment,estimated_from_channel,session-area-mapping.md,None
230629,LFP,1,197,69,V3a,V3a,Visual,metadata_resolved_equal_segment,estimated_from_channel,session-area-mapping.md,None
230629,LFP,1,198,70,V3a,V3a,Visual,metadata_resolved_equal_segment,estimated_from_channel,session-area-mapping.md,None
230629,LFP,1,199,71,V3a,V3a,Visual,metadata_resolved_equal_segment,estimated_from_channel,session-area-mapping.md,None
230629,LFP,1,200,72,V3a,V3a,Visual,metadata_resolved_equal_segment,estimated_from_channel,session-area-mapping.md,None
230629,LFP,1,201,73,V3a,V3a,Visual,metadata_resolved_equal_segment,estimated_from_channel,session-area-mapping.md,None
230629,LFP,1,202,74,V3a,V3a,Visual,metadata_resolved_equal_segment,estimated_from_channel,session-area-mapping.md,None
230629,LFP,1,203,75,V3a,V3a,Visual,metadata_resolved_equal_segment,estimated_from_channel,session-area-mapping.md,None
230629,LFP,1,204,76,V3a,V3a,Visual,metadata_resolved_equal_segment,estimated_from_channel,session-area-mapping.md,None
230629,LFP,1,205,77,V3a,V3a,Visual,metadata_resolved_equal_segment,estimated_from_channel,session-area-mapping.md,None
230629,LFP,1,206,78,V3a,V3a,Visual,metadata_resolved_equal_segment,estimated_from_channel,session-area-mapping.md,None
230629,LFP,1,207,79,V3a,V3a,Visual,metadata_resolved_equal_segment,estimated_from_channel,session-area-mapping.md,None
230629,LFP,1,208,80,V3a,V3a,Visual,metadata_resolved_equal_segment,estimated_from_channel,session-area-mapping.md,None
230629,LFP,1,209,81,V3a,V3a,Visual,metadata_resolved_equal_segment,estimated_from_channel,session-area-mapping.md,None
230629,LFP,1,210,82,V3a,V3a,Visual,metadata_resolved_equal_segment,estimated_from_channel,session-area-mapping.md,None
230629,LFP,1,211,83,V3a,V3a,Visual,metadata_resolved_equal_segment,estimated_from_channel,session-area-mapping.md,None
230629,LFP,1,212,84,V3a,V3a,Visual,metadata_resolved_equal_segment,estimated_from_channel,session-area-mapping.md,None
230629,LFP,1,213,85,V3a,V3a,Visual,metadata_resolved_equal_segment,estimated_from_channel,session-area-mapping.md,None
230629,LFP,1,214,86,V3a,V3a,Visual,metadata_resolved_equal_segment,estimated_from_channel,session-area-mapping.md,None
230629,LFP,1,215,87,V3a,V3a,Visual,metadata_resolved_equal_segment,estimated_from_channel,session-area-mapping.md,None
230629,LFP,1,216,88,V3a,V3a,Visual,metadata_resolved_equal_segment,estimated_from_channel,session-area-mapping.md,None
230629,LFP,1,217,89,V3a,V3a,Visual,metadata_resolved_equal_segment,estimated_from_channel,session-area-mapping.md,None
230629,LFP,1,218,90,V3a,V3a,Visual,metadata_resolved_equal_segment,estimated_from_channel,session-area-mapping.md,None
230629,LFP,1,219,91,V3a,V3a,Visual,metadata_resolved_equal_segment,estimated_from_channel,session-area-mapping.md,None
230629,LFP,1,220,92,V3a,V3a,Visual,metadata_resolved_equal_segment,estimated_from_channel,session-area-mapping.md,None
230629,LFP,1,221,93,V3a,V3a,Visual,metadata_resolved_equal_segment,estimated_from_channel,session-area-mapping.md,None
230629,LFP,1,222,94,V3a,V3a,Visual,metadata_resolved_equal_segment,estimated_from_channel,session-area-mapping.md,None
230629,LFP,1,223,95,V3a,V3a,Visual,metadata_resolved_equal_segment,estimated_from_channel,session-area-mapping.md,None
230629,LFP,1,224,96,V3a,V3a,Visual,metadata_resolved_equal_segment,estimated_from_channel,session-area-mapping.md,None
230629,LFP,1,225,97,V3a,V3a,Visual,metadata_resolved_equal_segment,estimated_from_channel,session-area-mapping.md,None
230629,LFP,1,226,98,V3a,V3a,Visual,metadata_resolved_equal_segment,estimated_from_channel,session-area-mapping.md,None
230629,LFP,1,227,99,V3a,V3a,Visual,metadata_resolved_equal_segment,estimated_from_channel,session-area-mapping.md,None
230629,LFP,1,228,100,V3a,V3a,Visual,metadata_resolved_equal_segment,estimated_from_channel,session-area-mapping.md,None
230629,LFP,1,229,101,V3a,V3a,Visual,metadata_resolved_equal_segment,estimated_from_channel,session-area-mapping.md,None
230629,LFP,1,230,102,V3a,V3a,Visual,metadata_resolved_equal_segment,estimated_from_channel,session-area-mapping.md,None
230629,LFP,1,231,103,V3a,V3a,Visual,metadata_resolved_equal_segment,estimated_from_channel,session-area-mapping.md,None
230629,LFP,1,232,104,V3a,V3a,Visual,metadata_resolved_equal_segment,estimated_from_channel,session-area-mapping.md,None
230629,LFP,1,233,105,V3a,V3a,Visual,metadata_resolved_equal_segment,estimated_from_channel,session-area-mapping.md,None
230629,LFP,1,234,106,V3a,V3a,Visual,metadata_resolved_equal_segment,estimated_from_channel,session-area-mapping.md,None
230629,LFP,1,235,107,V3a,V3a,Visual,metadata_resolved_equal_segment,estimated_from_channel,session-area-mapping.md,None
230629,LFP,1,236,108,V3a,V3a,Visual,metadata_resolved_equal_segment,estimated_from_channel,session-area-mapping.md,None
230629,LFP,1,237,109,V3a,V3a,Visual,metadata_resolved_equal_segment,estimated_from_channel,session-area-mapping.md,None
230629,LFP,1,238,110,V3a,V3a,Visual,metadata_resolved_equal_segment,estimated_from_channel,session-area-mapping.md,None
230629,LFP,1,239,111,V3a,V3a,Visual,metadata_resolved_equal_segment,estimated_from_channel,session-area-mapping.md,None
230629,LFP,1,240,112,V3a,V3a,Visual,metadata_resolved_equal_segment,estimated_from_channel,session-area-mapping.md,None
230629,LFP,1,241,113,V3a,V3a,Visual,metadata_resolved_equal_segment,estimated_from_channel,session-area-mapping.md,None
230629,LFP,1,242,114,V3a,V3a,Visual,metadata_resolved_equal_segment,estimated_from_channel,session-area-mapping.md,None
230629,LFP,1,243,115,V3a,V3a,Visual,metadata_resolved_equal_segment,estimated_from_channel,session-area-mapping.md,None
230629,LFP,1,244,116,V3a,V3a,Visual,metadata_resolved_equal_segment,estimated_from_channel,session-area-mapping.md,None
230629,LFP,1,245,117,V3a,V3a,Visual,metadata_resolved_equal_segment,estimated_from_channel,session-area-mapping.md,None
230629,LFP,1,246,118,V3a,V3a,Visual,metadata_resolved_equal_segment,estimated_from_channel,session-area-mapping.md,None
230629,LFP,1,247,119,V3a,V3a,Visual,metadata_resolved_equal_segment,estimated_from_channel,session-area-mapping.md,None
230629,LFP,1,248,120,V3a,V3a,Visual,metadata_resolved_equal_segment,estimated_from_channel,session-area-mapping.md,None
230629,LFP,1,249,121,V3a,V3a,Visual,metadata_resolved_equal_segment,estimated_from_channel,session-area-mapping.md,None
230629,LFP,1,250,122,V3a,V3a,Visual,metadata_resolved_equal_segment,estimated_from_channel,session-area-mapping.md,None
230629,LFP,1,251,123,V3a,V3a,Visual,metadata_resolved_equal_segment,estimated_from_channel,session-area-mapping.md,None
230629,LFP,1,252,124,V3a,V3a,Visual,metadata_resolved_equal_segment,estimated_from_channel,session-area-mapping.md,None
230629,LFP,1,253,125,V3a,V3a,Visual,metadata_resolved_equal_segment,estimated_from_channel,session-area-mapping.md,None
230629,LFP,1,254,126,V3a,V3a,Visual,metadata_resolved_equal_segment,estimated_from_channel,session-area-mapping.md,None
230629,LFP,1,255,127,V3a,V3a,Visual,metadata_resolved_equal_segment,estimated_from_channel,session-area-mapping.md,None
230630,LFP,0,0,0,PFC,PFC,Frontal,metadata_resolved_equal_segment,estimated_from_channel,session-area-mapping.md,None
230630,LFP,0,1,1,PFC,PFC,Frontal,metadata_resolved_equal_segment,estimated_from_channel,session-area-mapping.md,None
230630,LFP,0,2,2,PFC,PFC,Frontal,metadata_resolved_equal_segment,estimated_from_channel,session-area-mapping.md,None
230630,LFP,0,3,3,PFC,PFC,Frontal,metadata_resolved_equal_segment,estimated_from_channel,session-area-mapping.md,None
230630,LFP,0,4,4,PFC,PFC,Frontal,metadata_resolved_equal_segment,estimated_from_channel,session-area-mapping.md,None
230630,LFP,0,5,5,PFC,PFC,Frontal,metadata_resolved_equal_segment,estimated_from_channel,session-area-mapping.md,None
230630,LFP,0,6,6,PFC,PFC,Frontal,metadata_resolved_equal_segment,estimated_from_channel,session-area-mapping.md,None
230630,LFP,0,7,7,PFC,PFC,Frontal,metadata_resolved_equal_segment,estimated_from_channel,session-area-mapping.md,None
230630,LFP,0,8,8,PFC,PFC,Frontal,metadata_resolved_equal_segment,estimated_from_channel,session-area-mapping.md,None
230630,LFP,0,9,9,PFC,PFC,Frontal,metadata_resolved_equal_segment,estimated_from_channel,session-area-mapping.md,None
230630,LFP,0,10,10,PFC,PFC,Frontal,metadata_resolved_equal_segment,estimated_from_channel,session-area-mapping.md,None
230630,LFP,0,11,11,PFC,PFC,Frontal,metadata_resolved_equal_segment,estimated_from_channel,session-area-mapping.md,None
230630,LFP,0,12,12,PFC,PFC,Frontal,metadata_resolved_equal_segment,estimated_from_channel,session-area-mapping.md,None
230630,LFP,0,13,13,PFC,PFC,Frontal,metadata_resolved_equal_segment,estimated_from_channel,session-area-mapping.md,None
230630,LFP,0,14,14,PFC,PFC,Frontal,metadata_resolved_equal_segment,estimated_from_channel,session-area-mapping.md,None
230630,LFP,0,15,15,PFC,PFC,Frontal,metadata_resolved_equal_segment,estimated_from_channel,session-area-mapping.md,None
230630,LFP,0,16,16,PFC,PFC,Frontal,metadata_resolved_equal_segment,estimated_from_channel,session-area-mapping.md,None
230630,LFP,0,17,17,PFC,PFC,Frontal,metadata_resolved_equal_segment,estimated_from_channel,session-area-mapping.md,None
230630,LFP,0,18,18,PFC,PFC,Frontal,metadata_resolved_equal_segment,estimated_from_channel,session-area-mapping.md,None
230630,LFP,0,19,19,PFC,PFC,Frontal,metadata_resolved_equal_segment,estimated_from_channel,session-area-mapping.md,None
230630,LFP,0,20,20,PFC,PFC,Frontal,metadata_resolved_equal_segment,estimated_from_channel,session-area-mapping.md,None
230630,LFP,0,21,21,PFC,PFC,Frontal,metadata_resolved_equal_segment,estimated_from_channel,session-area-mapping.md,None
230630,LFP,0,22,22,PFC,PFC,Frontal,metadata_resolved_equal_segment,estimated_from_channel,session-area-mapping.md,None
230630,LFP,0,23,23,PFC,PFC,Frontal,metadata_resolved_equal_segment,estimated_from_channel,session-area-mapping.md,None
230630,LFP,0,24,24,PFC,PFC,Frontal,metadata_resolved_equal_segment,estimated_from_channel,session-area-mapping.md,None
230630,LFP,0,25,25,PFC,PFC,Frontal,metadata_resolved_equal_segment,estimated_from_channel,session-area-mapping.md,None
230630,LFP,0,26,26,PFC,PFC,Frontal,metadata_resolved_equal_segment,estimated_from_channel,session-area-mapping.md,None
230630,LFP,0,27,27,PFC,PFC,Frontal,metadata_resolved_equal_segment,estimated_from_channel,session-area-mapping.md,None
230630,LFP,0,28,28,PFC,PFC,Frontal,metadata_resolved_equal_segment,estimated_from_channel,session-area-mapping.md,None
230630,LFP,0,29,29,PFC,PFC,Frontal,metadata_resolved_equal_segment,estimated_from_channel,session-area-mapping.md,None
230630,LFP,0,30,30,PFC,PFC,Frontal,metadata_resolved_equal_segment,estimated_from_channel,session-area-mapping.md,None
230630,LFP,0,31,31,PFC,PFC,Frontal,metadata_resolved_equal_segment,estimated_from_channel,session-area-mapping.md,None
230630,LFP,0,32,32,PFC,PFC,Frontal,metadata_resolved_equal_segment,estimated_from_channel,session-area-mapping.md,None
230630,LFP,0,33,33,PFC,PFC,Frontal,metadata_resolved_equal_segment,estimated_from_channel,session-area-mapping.md,None
230630,LFP,0,34,34,PFC,PFC,Frontal,metadata_resolved_equal_segment,estimated_from_channel,session-area-mapping.md,None
230630,LFP,0,35,35,PFC,PFC,Frontal,metadata_resolved_equal_segment,estimated_from_channel,session-area-mapping.md,None
230630,LFP,0,36,36,PFC,PFC,Frontal,metadata_resolved_equal_segment,estimated_from_channel,session-area-mapping.md,None
230630,LFP,0,37,37,PFC,PFC,Frontal,metadata_resolved_equal_segment,estimated_from_channel,session-area-mapping.md,None
230630,LFP,0,38,38,PFC,PFC,Frontal,metadata_resolved_equal_segment,estimated_from_channel,session-area-mapping.md,None
230630,LFP,0,39,39,PFC,PFC,Frontal,metadata_resolved_equal_segment,estimated_from_channel,session-area-mapping.md,None
230630,LFP,0,40,40,PFC,PFC,Frontal,metadata_resolved_equal_segment,estimated_from_channel,session-area-mapping.md,None
230630,LFP,0,41,41,PFC,PFC,Frontal,metadata_resolved_equal_segment,estimated_from_channel,session-area-mapping.md,None
230630,LFP,0,42,42,PFC,PFC,Frontal,metadata_resolved_equal_segment,estimated_from_channel,session-area-mapping.md,None
230630,LFP,0,43,43,PFC,PFC,Frontal,metadata_resolved_equal_segment,estimated_from_channel,session-area-mapping.md,None
230630,LFP,0,44,44,PFC,PFC,Frontal,metadata_resolved_equal_segment,estimated_from_channel,session-area-mapping.md,None
230630,LFP,0,45,45,PFC,PFC,Frontal,metadata_resolved_equal_segment,estimated_from_channel,session-area-mapping.md,None
230630,LFP,0,46,46,PFC,PFC,Frontal,metadata_resolved_equal_segment,estimated_from_channel,session-area-mapping.md,None
230630,LFP,0,47,47,PFC,PFC,Frontal,metadata_resolved_equal_segment,estimated_from_channel,session-area-mapping.md,None
230630,LFP,0,48,48,PFC,PFC,Frontal,metadata_resolved_equal_segment,estimated_from_channel,session-area-mapping.md,None
230630,LFP,0,49,49,PFC,PFC,Frontal,metadata_resolved_equal_segment,estimated_from_channel,session-area-mapping.md,None
230630,LFP,0,50,50,PFC,PFC,Frontal,metadata_resolved_equal_segment,estimated_from_channel,session-area-mapping.md,None
230630,LFP,0,51,51,PFC,PFC,Frontal,metadata_resolved_equal_segment,estimated_from_channel,session-area-mapping.md,None
230630,LFP,0,52,52,PFC,PFC,Frontal,metadata_resolved_equal_segment,estimated_from_channel,session-area-mapping.md,None
230630,LFP,0,53,53,PFC,PFC,Frontal,metadata_resolved_equal_segment,estimated_from_channel,session-area-mapping.md,None
230630,LFP,0,54,54,PFC,PFC,Frontal,metadata_resolved_equal_segment,estimated_from_channel,session-area-mapping.md,None
230630,LFP,0,55,55,PFC,PFC,Frontal,metadata_resolved_equal_segment,estimated_from_channel,session-area-mapping.md,None
230630,LFP,0,56,56,PFC,PFC,Frontal,metadata_resolved_equal_segment,estimated_from_channel,session-area-mapping.md,None
230630,LFP,0,57,57,PFC,PFC,Frontal,metadata_resolved_equal_segment,estimated_from_channel,session-area-mapping.md,None
230630,LFP,0,58,58,PFC,PFC,Frontal,metadata_resolved_equal_segment,estimated_from_channel,session-area-mapping.md,None
230630,LFP,0,59,59,PFC,PFC,Frontal,metadata_resolved_equal_segment,estimated_from_channel,session-area-mapping.md,None
230630,LFP,0,60,60,PFC,PFC,Frontal,metadata_resolved_equal_segment,estimated_from_channel,session-area-mapping.md,None
230630,LFP,0,61,61,PFC,PFC,Frontal,metadata_resolved_equal_segment,estimated_from_channel,session-area-mapping.md,None
230630,LFP,0,62,62,PFC,PFC,Frontal,metadata_resolved_equal_segment,estimated_from_channel,session-area-mapping.md,None
230630,LFP,0,63,63,PFC,PFC,Frontal,metadata_resolved_equal_segment,estimated_from_channel,session-area-mapping.md,None
230630,LFP,0,64,64,PFC,PFC,Frontal,metadata_resolved_equal_segment,estimated_from_channel,session-area-mapping.md,None
230630,LFP,0,65,65,PFC,PFC,Frontal,metadata_resolved_equal_segment,estimated_from_channel,session-area-mapping.md,None
230630,LFP,0,66,66,PFC,PFC,Frontal,metadata_resolved_equal_segment,estimated_from_channel,session-area-mapping.md,None
230630,LFP,0,67,67,PFC,PFC,Frontal,metadata_resolved_equal_segment,estimated_from_channel,session-area-mapping.md,None
230630,LFP,0,68,68,PFC,PFC,Frontal,metadata_resolved_equal_segment,estimated_from_channel,session-area-mapping.md,None
230630,LFP,0,69,69,PFC,PFC,Frontal,metadata_resolved_equal_segment,estimated_from_channel,session-area-mapping.md,None
230630,LFP,0,70,70,PFC,PFC,Frontal,metadata_resolved_equal_segment,estimated_from_channel,session-area-mapping.md,None
230630,LFP,0,71,71,PFC,PFC,Frontal,metadata_resolved_equal_segment,estimated_from_channel,session-area-mapping.md,None
230630,LFP,0,72,72,PFC,PFC,Frontal,metadata_resolved_equal_segment,estimated_from_channel,session-area-mapping.md,None
230630,LFP,0,73,73,PFC,PFC,Frontal,metadata_resolved_equal_segment,estimated_from_channel,session-area-mapping.md,None
230630,LFP,0,74,74,PFC,PFC,Frontal,metadata_resolved_equal_segment,estimated_from_channel,session-area-mapping.md,None
230630,LFP,0,75,75,PFC,PFC,Frontal,metadata_resolved_equal_segment,estimated_from_channel,session-area-mapping.md,None
230630,LFP,0,76,76,PFC,PFC,Frontal,metadata_resolved_equal_segment,estimated_from_channel,session-area-mapping.md,None
230630,LFP,0,77,77,PFC,PFC,Frontal,metadata_resolved_equal_segment,estimated_from_channel,session-area-mapping.md,None
230630,LFP,0,78,78,PFC,PFC,Frontal,metadata_resolved_equal_segment,estimated_from_channel,session-area-mapping.md,None
230630,LFP,0,79,79,PFC,PFC,Frontal,metadata_resolved_equal_segment,estimated_from_channel,session-area-mapping.md,None
230630,LFP,0,80,80,PFC,PFC,Frontal,metadata_resolved_equal_segment,estimated_from_channel,session-area-mapping.md,None
230630,LFP,0,81,81,PFC,PFC,Frontal,metadata_resolved_equal_segment,estimated_from_channel,session-area-mapping.md,None
230630,LFP,0,82,82,PFC,PFC,Frontal,metadata_resolved_equal_segment,estimated_from_channel,session-area-mapping.md,None
230630,LFP,0,83,83,PFC,PFC,Frontal,metadata_resolved_equal_segment,estimated_from_channel,session-area-mapping.md,None
230630,LFP,0,84,84,PFC,PFC,Frontal,metadata_resolved_equal_segment,estimated_from_channel,session-area-mapping.md,None
230630,LFP,0,85,85,PFC,PFC,Frontal,metadata_resolved_equal_segment,estimated_from_channel,session-area-mapping.md,None
230630,LFP,0,86,86,PFC,PFC,Frontal,metadata_resolved_equal_segment,estimated_from_channel,session-area-mapping.md,None
230630,LFP,0,87,87,PFC,PFC,Frontal,metadata_resolved_equal_segment,estimated_from_channel,session-area-mapping.md,None
230630,LFP,0,88,88,PFC,PFC,Frontal,metadata_resolved_equal_segment,estimated_from_channel,session-area-mapping.md,None
230630,LFP,0,89,89,PFC,PFC,Frontal,metadata_resolved_equal_segment,estimated_from_channel,session-area-mapping.md,None
230630,LFP,0,90,90,PFC,PFC,Frontal,metadata_resolved_equal_segment,estimated_from_channel,session-area-mapping.md,None
230630,LFP,0,91,91,PFC,PFC,Frontal,metadata_resolved_equal_segment,estimated_from_channel,session-area-mapping.md,None
230630,LFP,0,92,92,PFC,PFC,Frontal,metadata_resolved_equal_segment,estimated_from_channel,session-area-mapping.md,None
230630,LFP,0,93,93,PFC,PFC,Frontal,metadata_resolved_equal_segment,estimated_from_channel,session-area-mapping.md,None
230630,LFP,0,94,94,PFC,PFC,Frontal,metadata_resolved_equal_segment,estimated_from_channel,session-area-mapping.md,None
230630,LFP,0,95,95,PFC,PFC,Frontal,metadata_resolved_equal_segment,estimated_from_channel,session-area-mapping.md,None
230630,LFP,0,96,96,PFC,PFC,Frontal,metadata_resolved_equal_segment,estimated_from_channel,session-area-mapping.md,None
230630,LFP,0,97,97,PFC,PFC,Frontal,metadata_resolved_equal_segment,estimated_from_channel,session-area-mapping.md,None
230630,LFP,0,98,98,PFC,PFC,Frontal,metadata_resolved_equal_segment,estimated_from_channel,session-area-mapping.md,None
230630,LFP,0,99,99,PFC,PFC,Frontal,metadata_resolved_equal_segment,estimated_from_channel,session-area-mapping.md,None
230630,LFP,0,100,100,PFC,PFC,Frontal,metadata_resolved_equal_segment,estimated_from_channel,session-area-mapping.md,None
230630,LFP,0,101,101,PFC,PFC,Frontal,metadata_resolved_equal_segment,estimated_from_channel,session-area-mapping.md,None
230630,LFP,0,102,102,PFC,PFC,Frontal,metadata_resolved_equal_segment,estimated_from_channel,session-area-mapping.md,None
230630,LFP,0,103,103,PFC,PFC,Frontal,metadata_resolved_equal_segment,estimated_from_channel,session-area-mapping.md,None
230630,LFP,0,104,104,PFC,PFC,Frontal,metadata_resolved_equal_segment,estimated_from_channel,session-area-mapping.md,None
230630,LFP,0,105,105,PFC,PFC,Frontal,metadata_resolved_equal_segment,estimated_from_channel,session-area-mapping.md,None
230630,LFP,0,106,106,PFC,PFC,Frontal,metadata_resolved_equal_segment,estimated_from_channel,session-area-mapping.md,None
230630,LFP,0,107,107,PFC,PFC,Frontal,metadata_resolved_equal_segment,estimated_from_channel,session-area-mapping.md,None
230630,LFP,0,108,108,PFC,PFC,Frontal,metadata_resolved_equal_segment,estimated_from_channel,session-area-mapping.md,None
230630,LFP,0,109,109,PFC,PFC,Frontal,metadata_resolved_equal_segment,estimated_from_channel,session-area-mapping.md,None
230630,LFP,0,110,110,PFC,PFC,Frontal,metadata_resolved_equal_segment,estimated_from_channel,session-area-mapping.md,None
230630,LFP,0,111,111,PFC,PFC,Frontal,metadata_resolved_equal_segment,estimated_from_channel,session-area-mapping.md,None
230630,LFP,0,112,112,PFC,PFC,Frontal,metadata_resolved_equal_segment,estimated_from_channel,session-area-mapping.md,None
230630,LFP,0,113,113,PFC,PFC,Frontal,metadata_resolved_equal_segment,estimated_from_channel,session-area-mapping.md,None
230630,LFP,0,114,114,PFC,PFC,Frontal,metadata_resolved_equal_segment,estimated_from_channel,session-area-mapping.md,None
230630,LFP,0,115,115,PFC,PFC,Frontal,metadata_resolved_equal_segment,estimated_from_channel,session-area-mapping.md,None
230630,LFP,0,116,116,PFC,PFC,Frontal,metadata_resolved_equal_segment,estimated_from_channel,session-area-mapping.md,None
230630,LFP,0,117,117,PFC,PFC,Frontal,metadata_resolved_equal_segment,estimated_from_channel,session-area-mapping.md,None
230630,LFP,0,118,118,PFC,PFC,Frontal,metadata_resolved_equal_segment,estimated_from_channel,session-area-mapping.md,None
230630,LFP,0,119,119,PFC,PFC,Frontal,metadata_resolved_equal_segment,estimated_from_channel,session-area-mapping.md,None
230630,LFP,0,120,120,PFC,PFC,Frontal,metadata_resolved_equal_segment,estimated_from_channel,session-area-mapping.md,None
230630,LFP,0,121,121,PFC,PFC,Frontal,metadata_resolved_equal_segment,estimated_from_channel,session-area-mapping.md,None
230630,LFP,0,122,122,PFC,PFC,Frontal,metadata_resolved_equal_segment,estimated_from_channel,session-area-mapping.md,None
230630,LFP,0,123,123,PFC,PFC,Frontal,metadata_resolved_equal_segment,estimated_from_channel,session-area-mapping.md,None
230630,LFP,0,124,124,PFC,PFC,Frontal,metadata_resolved_equal_segment,estimated_from_channel,session-area-mapping.md,None
230630,LFP,0,125,125,PFC,PFC,Frontal,metadata_resolved_equal_segment,estimated_from_channel,session-area-mapping.md,None
230630,LFP,0,126,126,PFC,PFC,Frontal,metadata_resolved_equal_segment,estimated_from_channel,session-area-mapping.md,None
230630,LFP,0,127,127,PFC,PFC,Frontal,metadata_resolved_equal_segment,estimated_from_channel,session-area-mapping.md,None
230630,LFP,1,128,0,V4,V4,Visual,metadata_resolved_equal_segment,estimated_from_channel,session-area-mapping.md,None
230630,LFP,1,129,1,V4,V4,Visual,metadata_resolved_equal_segment,estimated_from_channel,session-area-mapping.md,None
230630,LFP,1,130,2,V4,V4,Visual,metadata_resolved_equal_segment,estimated_from_channel,session-area-mapping.md,None
230630,LFP,1,131,3,V4,V4,Visual,metadata_resolved_equal_segment,estimated_from_channel,session-area-mapping.md,None
230630,LFP,1,132,4,V4,V4,Visual,metadata_resolved_equal_segment,estimated_from_channel,session-area-mapping.md,None
230630,LFP,1,133,5,V4,V4,Visual,metadata_resolved_equal_segment,estimated_from_channel,session-area-mapping.md,None
230630,LFP,1,134,6,V4,V4,Visual,metadata_resolved_equal_segment,estimated_from_channel,session-area-mapping.md,None
230630,LFP,1,135,7,V4,V4,Visual,metadata_resolved_equal_segment,estimated_from_channel,session-area-mapping.md,None
230630,LFP,1,136,8,V4,V4,Visual,metadata_resolved_equal_segment,estimated_from_channel,session-area-mapping.md,None
230630,LFP,1,137,9,V4,V4,Visual,metadata_resolved_equal_segment,estimated_from_channel,session-area-mapping.md,None
230630,LFP,1,138,10,V4,V4,Visual,metadata_resolved_equal_segment,estimated_from_channel,session-area-mapping.md,None
230630,LFP,1,139,11,V4,V4,Visual,metadata_resolved_equal_segment,estimated_from_channel,session-area-mapping.md,None
230630,LFP,1,140,12,V4,V4,Visual,metadata_resolved_equal_segment,estimated_from_channel,session-area-mapping.md,None
230630,LFP,1,141,13,V4,V4,Visual,metadata_resolved_equal_segment,estimated_from_channel,session-area-mapping.md,None
230630,LFP,1,142,14,V4,V4,Visual,metadata_resolved_equal_segment,estimated_from_channel,session-area-mapping.md,None
230630,LFP,1,143,15,V4,V4,Visual,metadata_resolved_equal_segment,estimated_from_channel,session-area-mapping.md,None
230630,LFP,1,144,16,V4,V4,Visual,metadata_resolved_equal_segment,estimated_from_channel,session-area-mapping.md,None
230630,LFP,1,145,17,V4,V4,Visual,metadata_resolved_equal_segment,estimated_from_channel,session-area-mapping.md,None
230630,LFP,1,146,18,V4,V4,Visual,metadata_resolved_equal_segment,estimated_from_channel,session-area-mapping.md,None
230630,LFP,1,147,19,V4,V4,Visual,metadata_resolved_equal_segment,estimated_from_channel,session-area-mapping.md,None
230630,LFP,1,148,20,V4,V4,Visual,metadata_resolved_equal_segment,estimated_from_channel,session-area-mapping.md,None
230630,LFP,1,149,21,V4,V4,Visual,metadata_resolved_equal_segment,estimated_from_channel,session-area-mapping.md,None
230630,LFP,1,150,22,V4,V4,Visual,metadata_resolved_equal_segment,estimated_from_channel,session-area-mapping.md,None
230630,LFP,1,151,23,V4,V4,Visual,metadata_resolved_equal_segment,estimated_from_channel,session-area-mapping.md,None
230630,LFP,1,152,24,V4,V4,Visual,metadata_resolved_equal_segment,estimated_from_channel,session-area-mapping.md,None
230630,LFP,1,153,25,V4,V4,Visual,metadata_resolved_equal_segment,estimated_from_channel,session-area-mapping.md,None
230630,LFP,1,154,26,V4,V4,Visual,metadata_resolved_equal_segment,estimated_from_channel,session-area-mapping.md,None
230630,LFP,1,155,27,V4,V4,Visual,metadata_resolved_equal_segment,estimated_from_channel,session-area-mapping.md,None
230630,LFP,1,156,28,V4,V4,Visual,metadata_resolved_equal_segment,estimated_from_channel,session-area-mapping.md,None
230630,LFP,1,157,29,V4,V4,Visual,metadata_resolved_equal_segment,estimated_from_channel,session-area-mapping.md,None
230630,LFP,1,158,30,V4,V4,Visual,metadata_resolved_equal_segment,estimated_from_channel,session-area-mapping.md,None
230630,LFP,1,159,31,V4,V4,Visual,metadata_resolved_equal_segment,estimated_from_channel,session-area-mapping.md,None
230630,LFP,1,160,32,V4,V4,Visual,metadata_resolved_equal_segment,estimated_from_channel,session-area-mapping.md,None
230630,LFP,1,161,33,V4,V4,Visual,metadata_resolved_equal_segment,estimated_from_channel,session-area-mapping.md,None
230630,LFP,1,162,34,V4,V4,Visual,metadata_resolved_equal_segment,estimated_from_channel,session-area-mapping.md,None
230630,LFP,1,163,35,V4,V4,Visual,metadata_resolved_equal_segment,estimated_from_channel,session-area-mapping.md,None
230630,LFP,1,164,36,V4,V4,Visual,metadata_resolved_equal_segment,estimated_from_channel,session-area-mapping.md,None
230630,LFP,1,165,37,V4,V4,Visual,metadata_resolved_equal_segment,estimated_from_channel,session-area-mapping.md,None
230630,LFP,1,166,38,V4,V4,Visual,metadata_resolved_equal_segment,estimated_from_channel,session-area-mapping.md,None
230630,LFP,1,167,39,V4,V4,Visual,metadata_resolved_equal_segment,estimated_from_channel,session-area-mapping.md,None
230630,LFP,1,168,40,V4,V4,Visual,metadata_resolved_equal_segment,estimated_from_channel,session-area-mapping.md,None
230630,LFP,1,169,41,V4,V4,Visual,metadata_resolved_equal_segment,estimated_from_channel,session-area-mapping.md,None
230630,LFP,1,170,42,V4,V4,Visual,metadata_resolved_equal_segment,estimated_from_channel,session-area-mapping.md,None
230630,LFP,1,171,43,V4,V4,Visual,metadata_resolved_equal_segment,estimated_from_channel,session-area-mapping.md,None
230630,LFP,1,172,44,V4,V4,Visual,metadata_resolved_equal_segment,estimated_from_channel,session-area-mapping.md,None
230630,LFP,1,173,45,V4,V4,Visual,metadata_resolved_equal_segment,estimated_from_channel,session-area-mapping.md,None
230630,LFP,1,174,46,V4,V4,Visual,metadata_resolved_equal_segment,estimated_from_channel,session-area-mapping.md,None
230630,LFP,1,175,47,V4,V4,Visual,metadata_resolved_equal_segment,estimated_from_channel,session-area-mapping.md,None
230630,LFP,1,176,48,V4,V4,Visual,metadata_resolved_equal_segment,estimated_from_channel,session-area-mapping.md,None
230630,LFP,1,177,49,V4,V4,Visual,metadata_resolved_equal_segment,estimated_from_channel,session-area-mapping.md,None
230630,LFP,1,178,50,V4,V4,Visual,metadata_resolved_equal_segment,estimated_from_channel,session-area-mapping.md,None
230630,LFP,1,179,51,V4,V4,Visual,metadata_resolved_equal_segment,estimated_from_channel,session-area-mapping.md,None
230630,LFP,1,180,52,V4,V4,Visual,metadata_resolved_equal_segment,estimated_from_channel,session-area-mapping.md,None
230630,LFP,1,181,53,V4,V4,Visual,metadata_resolved_equal_segment,estimated_from_channel,session-area-mapping.md,None
230630,LFP,1,182,54,V4,V4,Visual,metadata_resolved_equal_segment,estimated_from_channel,session-area-mapping.md,None
230630,LFP,1,183,55,V4,V4,Visual,metadata_resolved_equal_segment,estimated_from_channel,session-area-mapping.md,None
230630,LFP,1,184,56,V4,V4,Visual,metadata_resolved_equal_segment,estimated_from_channel,session-area-mapping.md,None
230630,LFP,1,185,57,V4,V4,Visual,metadata_resolved_equal_segment,estimated_from_channel,session-area-mapping.md,None
230630,LFP,1,186,58,V4,V4,Visual,metadata_resolved_equal_segment,estimated_from_channel,session-area-mapping.md,None
230630,LFP,1,187,59,V4,V4,Visual,metadata_resolved_equal_segment,estimated_from_channel,session-area-mapping.md,None
230630,LFP,1,188,60,V4,V4,Visual,metadata_resolved_equal_segment,estimated_from_channel,session-area-mapping.md,None
230630,LFP,1,189,61,V4,V4,Visual,metadata_resolved_equal_segment,estimated_from_channel,session-area-mapping.md,None
230630,LFP,1,190,62,V4,V4,Visual,metadata_resolved_equal_segment,estimated_from_channel,session-area-mapping.md,None
230630,LFP,1,191,63,V4,V4,Visual,metadata_resolved_equal_segment,estimated_from_channel,session-area-mapping.md,None
230630,LFP,1,192,64,MT,MT,Visual,metadata_resolved_equal_segment,estimated_from_channel,session-area-mapping.md,None
230630,LFP,1,193,65,MT,MT,Visual,metadata_resolved_equal_segment,estimated_from_channel,session-area-mapping.md,None
230630,LFP,1,194,66,MT,MT,Visual,metadata_resolved_equal_segment,estimated_from_channel,session-area-mapping.md,None
230630,LFP,1,195,67,MT,MT,Visual,metadata_resolved_equal_segment,estimated_from_channel,session-area-mapping.md,None
230630,LFP,1,196,68,MT,MT,Visual,metadata_resolved_equal_segment,estimated_from_channel,session-area-mapping.md,None
230630,LFP,1,197,69,MT,MT,Visual,metadata_resolved_equal_segment,estimated_from_channel,session-area-mapping.md,None
230630,LFP,1,198,70,MT,MT,Visual,metadata_resolved_equal_segment,estimated_from_channel,session-area-mapping.md,None
230630,LFP,1,199,71,MT,MT,Visual,metadata_resolved_equal_segment,estimated_from_channel,session-area-mapping.md,None
230630,LFP,1,200,72,MT,MT,Visual,metadata_resolved_equal_segment,estimated_from_channel,session-area-mapping.md,None
230630,LFP,1,201,73,MT,MT,Visual,metadata_resolved_equal_segment,estimated_from_channel,session-area-mapping.md,None
230630,LFP,1,202,74,MT,MT,Visual,metadata_resolved_equal_segment,estimated_from_channel,session-area-mapping.md,None
230630,LFP,1,203,75,MT,MT,Visual,metadata_resolved_equal_segment,estimated_from_channel,session-area-mapping.md,None
230630,LFP,1,204,76,MT,MT,Visual,metadata_resolved_equal_segment,estimated_from_channel,session-area-mapping.md,None
230630,LFP,1,205,77,MT,MT,Visual,metadata_resolved_equal_segment,estimated_from_channel,session-area-mapping.md,None
230630,LFP,1,206,78,MT,MT,Visual,metadata_resolved_equal_segment,estimated_from_channel,session-area-mapping.md,None
230630,LFP,1,207,79,MT,MT,Visual,metadata_resolved_equal_segment,estimated_from_channel,session-area-mapping.md,None
230630,LFP,1,208,80,MT,MT,Visual,metadata_resolved_equal_segment,estimated_from_channel,session-area-mapping.md,None
230630,LFP,1,209,81,MT,MT,Visual,metadata_resolved_equal_segment,estimated_from_channel,session-area-mapping.md,None
230630,LFP,1,210,82,MT,MT,Visual,metadata_resolved_equal_segment,estimated_from_channel,session-area-mapping.md,None
230630,LFP,1,211,83,MT,MT,Visual,metadata_resolved_equal_segment,estimated_from_channel,session-area-mapping.md,None
230630,LFP,1,212,84,MT,MT,Visual,metadata_resolved_equal_segment,estimated_from_channel,session-area-mapping.md,None
230630,LFP,1,213,85,MT,MT,Visual,metadata_resolved_equal_segment,estimated_from_channel,session-area-mapping.md,None
230630,LFP,1,214,86,MT,MT,Visual,metadata_resolved_equal_segment,estimated_from_channel,session-area-mapping.md,None
230630,LFP,1,215,87,MT,MT,Visual,metadata_resolved_equal_segment,estimated_from_channel,session-area-mapping.md,None
230630,LFP,1,216,88,MT,MT,Visual,metadata_resolved_equal_segment,estimated_from_channel,session-area-mapping.md,None
230630,LFP,1,217,89,MT,MT,Visual,metadata_resolved_equal_segment,estimated_from_channel,session-area-mapping.md,None
230630,LFP,1,218,90,MT,MT,Visual,metadata_resolved_equal_segment,estimated_from_channel,session-area-mapping.md,None
230630,LFP,1,219,91,MT,MT,Visual,metadata_resolved_equal_segment,estimated_from_channel,session-area-mapping.md,None
230630,LFP,1,220,92,MT,MT,Visual,metadata_resolved_equal_segment,estimated_from_channel,session-area-mapping.md,None
230630,LFP,1,221,93,MT,MT,Visual,metadata_resolved_equal_segment,estimated_from_channel,session-area-mapping.md,None
230630,LFP,1,222,94,MT,MT,Visual,metadata_resolved_equal_segment,estimated_from_channel,session-area-mapping.md,None
230630,LFP,1,223,95,MT,MT,Visual,metadata_resolved_equal_segment,estimated_from_channel,session-area-mapping.md,None
230630,LFP,1,224,96,MT,MT,Visual,metadata_resolved_equal_segment,estimated_from_channel,session-area-mapping.md,None
230630,LFP,1,225,97,MT,MT,Visual,metadata_resolved_equal_segment,estimated_from_channel,session-area-mapping.md,None
230630,LFP,1,226,98,MT,MT,Visual,metadata_resolved_equal_segment,estimated_from_channel,session-area-mapping.md,None
230630,LFP,1,227,99,MT,MT,Visual,metadata_resolved_equal_segment,estimated_from_channel,session-area-mapping.md,None
230630,LFP,1,228,100,MT,MT,Visual,metadata_resolved_equal_segment,estimated_from_channel,session-area-mapping.md,None
230630,LFP,1,229,101,MT,MT,Visual,metadata_resolved_equal_segment,estimated_from_channel,session-area-mapping.md,None
230630,LFP,1,230,102,MT,MT,Visual,metadata_resolved_equal_segment,estimated_from_channel,session-area-mapping.md,None
230630,LFP,1,231,103,MT,MT,Visual,metadata_resolved_equal_segment,estimated_from_channel,session-area-mapping.md,None
230630,LFP,1,232,104,MT,MT,Visual,metadata_resolved_equal_segment,estimated_from_channel,session-area-mapping.md,None
230630,LFP,1,233,105,MT,MT,Visual,metadata_resolved_equal_segment,estimated_from_channel,session-area-mapping.md,None
230630,LFP,1,234,106,MT,MT,Visual,metadata_resolved_equal_segment,estimated_from_channel,session-area-mapping.md,None
230630,LFP,1,235,107,MT,MT,Visual,metadata_resolved_equal_segment,estimated_from_channel,session-area-mapping.md,None
230630,LFP,1,236,108,MT,MT,Visual,metadata_resolved_equal_segment,estimated_from_channel,session-area-mapping.md,None
230630,LFP,1,237,109,MT,MT,Visual,metadata_resolved_equal_segment,estimated_from_channel,session-area-mapping.md,None
230630,LFP,1,238,110,MT,MT,Visual,metadata_resolved_equal_segment,estimated_from_channel,session-area-mapping.md,None
230630,LFP,1,239,111,MT,MT,Visual,metadata_resolved_equal_segment,estimated_from_channel,session-area-mapping.md,None
230630,LFP,1,240,112,MT,MT,Visual,metadata_resolved_equal_segment,estimated_from_channel,session-area-mapping.md,None
230630,LFP,1,241,113,MT,MT,Visual,metadata_resolved_equal_segment,estimated_from_channel,session-area-mapping.md,None
230630,LFP,1,242,114,MT,MT,Visual,metadata_resolved_equal_segment,estimated_from_channel,session-area-mapping.md,None
230630,LFP,1,243,115,MT,MT,Visual,metadata_resolved_equal_segment,estimated_from_channel,session-area-mapping.md,None
230630,LFP,1,244,116,MT,MT,Visual,metadata_resolved_equal_segment,estimated_from_channel,session-area-mapping.md,None
230630,LFP,1,245,117,MT,MT,Visual,metadata_resolved_equal_segment,estimated_from_channel,session-area-mapping.md,None
230630,LFP,1,246,118,MT,MT,Visual,metadata_resolved_equal_segment,estimated_from_channel,session-area-mapping.md,None
230630,LFP,1,247,119,MT,MT,Visual,metadata_resolved_equal_segment,estimated_from_channel,session-area-mapping.md,None
230630,LFP,1,248,120,MT,MT,Visual,metadata_resolved_equal_segment,estimated_from_channel,session-area-mapping.md,None
230630,LFP,1,249,121,MT,MT,Visual,metadata_resolved_equal_segment,estimated_from_channel,session-area-mapping.md,None
230630,LFP,1,250,122,MT,MT,Visual,metadata_resolved_equal_segment,estimated_from_channel,session-area-mapping.md,None
230630,LFP,1,251,123,MT,MT,Visual,metadata_resolved_equal_segment,estimated_from_channel,session-area-mapping.md,None
230630,LFP,1,252,124,MT,MT,Visual,metadata_resolved_equal_segment,estimated_from_channel,session-area-mapping.md,None
230630,LFP,1,253,125,MT,MT,Visual,metadata_resolved_equal_segment,estimated_from_channel,session-area-mapping.md,None
230630,LFP,1,254,126,MT,MT,Visual,metadata_resolved_equal_segment,estimated_from_channel,session-area-mapping.md,None
230630,LFP,1,255,127,MT,MT,Visual,metadata_resolved_equal_segment,estimated_from_channel,session-area-mapping.md,None
230630,LFP,2,256,0,V3,V3,Visual,unresolved_generic_v3,estimated_from_channel,session-area-mapping.md,None
230630,LFP,2,257,1,V3,V3,Visual,unresolved_generic_v3,estimated_from_channel,session-area-mapping.md,None
230630,LFP,2,258,2,V3,V3,Visual,unresolved_generic_v3,estimated_from_channel,session-area-mapping.md,None
230630,LFP,2,259,3,V3,V3,Visual,unresolved_generic_v3,estimated_from_channel,session-area-mapping.md,None
230630,LFP,2,260,4,V3,V3,Visual,unresolved_generic_v3,estimated_from_channel,session-area-mapping.md,None
230630,LFP,2,261,5,V3,V3,Visual,unresolved_generic_v3,estimated_from_channel,session-area-mapping.md,None
230630,LFP,2,262,6,V3,V3,Visual,unresolved_generic_v3,estimated_from_channel,session-area-mapping.md,None
230630,LFP,2,263,7,V3,V3,Visual,unresolved_generic_v3,estimated_from_channel,session-area-mapping.md,None
230630,LFP,2,264,8,V3,V3,Visual,unresolved_generic_v3,estimated_from_channel,session-area-mapping.md,None
230630,LFP,2,265,9,V3,V3,Visual,unresolved_generic_v3,estimated_from_channel,session-area-mapping.md,None
230630,LFP,2,266,10,V3,V3,Visual,unresolved_generic_v3,estimated_from_channel,session-area-mapping.md,None
230630,LFP,2,267,11,V3,V3,Visual,unresolved_generic_v3,estimated_from_channel,session-area-mapping.md,None
230630,LFP,2,268,12,V3,V3,Visual,unresolved_generic_v3,estimated_from_channel,session-area-mapping.md,None
230630,LFP,2,269,13,V3,V3,Visual,unresolved_generic_v3,estimated_from_channel,session-area-mapping.md,None
230630,LFP,2,270,14,V3,V3,Visual,unresolved_generic_v3,estimated_from_channel,session-area-mapping.md,None
230630,LFP,2,271,15,V3,V3,Visual,unresolved_generic_v3,estimated_from_channel,session-area-mapping.md,None
230630,LFP,2,272,16,V3,V3,Visual,unresolved_generic_v3,estimated_from_channel,session-area-mapping.md,None
230630,LFP,2,273,17,V3,V3,Visual,unresolved_generic_v3,estimated_from_channel,session-area-mapping.md,None
230630,LFP,2,274,18,V3,V3,Visual,unresolved_generic_v3,estimated_from_channel,session-area-mapping.md,None
230630,LFP,2,275,19,V3,V3,Visual,unresolved_generic_v3,estimated_from_channel,session-area-mapping.md,None
230630,LFP,2,276,20,V3,V3,Visual,unresolved_generic_v3,estimated_from_channel,session-area-mapping.md,None
230630,LFP,2,277,21,V3,V3,Visual,unresolved_generic_v3,estimated_from_channel,session-area-mapping.md,None
230630,LFP,2,278,22,V3,V3,Visual,unresolved_generic_v3,estimated_from_channel,session-area-mapping.md,None
230630,LFP,2,279,23,V3,V3,Visual,unresolved_generic_v3,estimated_from_channel,session-area-mapping.md,None
230630,LFP,2,280,24,V3,V3,Visual,unresolved_generic_v3,estimated_from_channel,session-area-mapping.md,None
230630,LFP,2,281,25,V3,V3,Visual,unresolved_generic_v3,estimated_from_channel,session-area-mapping.md,None
230630,LFP,2,282,26,V3,V3,Visual,unresolved_generic_v3,estimated_from_channel,session-area-mapping.md,None
230630,LFP,2,283,27,V3,V3,Visual,unresolved_generic_v3,estimated_from_channel,session-area-mapping.md,None
230630,LFP,2,284,28,V3,V3,Visual,unresolved_generic_v3,estimated_from_channel,session-area-mapping.md,None
230630,LFP,2,285,29,V3,V3,Visual,unresolved_generic_v3,estimated_from_channel,session-area-mapping.md,None
230630,LFP,2,286,30,V3,V3,Visual,unresolved_generic_v3,estimated_from_channel,session-area-mapping.md,None
230630,LFP,2,287,31,V3,V3,Visual,unresolved_generic_v3,estimated_from_channel,session-area-mapping.md,None
230630,LFP,2,288,32,V3,V3,Visual,unresolved_generic_v3,estimated_from_channel,session-area-mapping.md,None
230630,LFP,2,289,33,V3,V3,Visual,unresolved_generic_v3,estimated_from_channel,session-area-mapping.md,None
230630,LFP,2,290,34,V3,V3,Visual,unresolved_generic_v3,estimated_from_channel,session-area-mapping.md,None
230630,LFP,2,291,35,V3,V3,Visual,unresolved_generic_v3,estimated_from_channel,session-area-mapping.md,None
230630,LFP,2,292,36,V3,V3,Visual,unresolved_generic_v3,estimated_from_channel,session-area-mapping.md,None
230630,LFP,2,293,37,V3,V3,Visual,unresolved_generic_v3,estimated_from_channel,session-area-mapping.md,None
230630,LFP,2,294,38,V3,V3,Visual,unresolved_generic_v3,estimated_from_channel,session-area-mapping.md,None
230630,LFP,2,295,39,V3,V3,Visual,unresolved_generic_v3,estimated_from_channel,session-area-mapping.md,None
230630,LFP,2,296,40,V3,V3,Visual,unresolved_generic_v3,estimated_from_channel,session-area-mapping.md,None
230630,LFP,2,297,41,V3,V3,Visual,unresolved_generic_v3,estimated_from_channel,session-area-mapping.md,None
230630,LFP,2,298,42,V3,V3,Visual,unresolved_generic_v3,estimated_from_channel,session-area-mapping.md,None
230630,LFP,2,299,43,V3,V3,Visual,unresolved_generic_v3,estimated_from_channel,session-area-mapping.md,None
230630,LFP,2,300,44,V3,V3,Visual,unresolved_generic_v3,estimated_from_channel,session-area-mapping.md,None
230630,LFP,2,301,45,V3,V3,Visual,unresolved_generic_v3,estimated_from_channel,session-area-mapping.md,None
230630,LFP,2,302,46,V3,V3,Visual,unresolved_generic_v3,estimated_from_channel,session-area-mapping.md,None
230630,LFP,2,303,47,V3,V3,Visual,unresolved_generic_v3,estimated_from_channel,session-area-mapping.md,None
230630,LFP,2,304,48,V3,V3,Visual,unresolved_generic_v3,estimated_from_channel,session-area-mapping.md,None
230630,LFP,2,305,49,V3,V3,Visual,unresolved_generic_v3,estimated_from_channel,session-area-mapping.md,None
230630,LFP,2,306,50,V3,V3,Visual,unresolved_generic_v3,estimated_from_channel,session-area-mapping.md,None
230630,LFP,2,307,51,V3,V3,Visual,unresolved_generic_v3,estimated_from_channel,session-area-mapping.md,None
230630,LFP,2,308,52,V3,V3,Visual,unresolved_generic_v3,estimated_from_channel,session-area-mapping.md,None
230630,LFP,2,309,53,V3,V3,Visual,unresolved_generic_v3,estimated_from_channel,session-area-mapping.md,None
230630,LFP,2,310,54,V3,V3,Visual,unresolved_generic_v3,estimated_from_channel,session-area-mapping.md,None
230630,LFP,2,311,55,V3,V3,Visual,unresolved_generic_v3,estimated_from_channel,session-area-mapping.md,None
230630,LFP,2,312,56,V3,V3,Visual,unresolved_generic_v3,estimated_from_channel,session-area-mapping.md,None
230630,LFP,2,313,57,V3,V3,Visual,unresolved_generic_v3,estimated_from_channel,session-area-mapping.md,None
230630,LFP,2,314,58,V3,V3,Visual,unresolved_generic_v3,estimated_from_channel,session-area-mapping.md,None
230630,LFP,2,315,59,V3,V3,Visual,unresolved_generic_v3,estimated_from_channel,session-area-mapping.md,None
230630,LFP,2,316,60,V3,V3,Visual,unresolved_generic_v3,estimated_from_channel,session-area-mapping.md,None
230630,LFP,2,317,61,V3,V3,Visual,unresolved_generic_v3,estimated_from_channel,session-area-mapping.md,None
230630,LFP,2,318,62,V3,V3,Visual,unresolved_generic_v3,estimated_from_channel,session-area-mapping.md,None
230630,LFP,2,319,63,V3,V3,Visual,unresolved_generic_v3,estimated_from_channel,session-area-mapping.md,None
230630,LFP,2,320,64,V1,V1,Visual,metadata_resolved_equal_segment,estimated_from_channel,session-area-mapping.md,None
230630,LFP,2,321,65,V1,V1,Visual,metadata_resolved_equal_segment,estimated_from_channel,session-area-mapping.md,None
230630,LFP,2,322,66,V1,V1,Visual,metadata_resolved_equal_segment,estimated_from_channel,session-area-mapping.md,None
230630,LFP,2,323,67,V1,V1,Visual,metadata_resolved_equal_segment,estimated_from_channel,session-area-mapping.md,None
230630,LFP,2,324,68,V1,V1,Visual,metadata_resolved_equal_segment,estimated_from_channel,session-area-mapping.md,None
230630,LFP,2,325,69,V1,V1,Visual,metadata_resolved_equal_segment,estimated_from_channel,session-area-mapping.md,None
230630,LFP,2,326,70,V1,V1,Visual,metadata_resolved_equal_segment,estimated_from_channel,session-area-mapping.md,None
230630,LFP,2,327,71,V1,V1,Visual,metadata_resolved_equal_segment,estimated_from_channel,session-area-mapping.md,None
230630,LFP,2,328,72,V1,V1,Visual,metadata_resolved_equal_segment,estimated_from_channel,session-area-mapping.md,None
230630,LFP,2,329,73,V1,V1,Visual,metadata_resolved_equal_segment,estimated_from_channel,session-area-mapping.md,None
230630,LFP,2,330,74,V1,V1,Visual,metadata_resolved_equal_segment,estimated_from_channel,session-area-mapping.md,None
230630,LFP,2,331,75,V1,V1,Visual,metadata_resolved_equal_segment,estimated_from_channel,session-area-mapping.md,None
230630,LFP,2,332,76,V1,V1,Visual,metadata_resolved_equal_segment,estimated_from_channel,session-area-mapping.md,None
230630,LFP,2,333,77,V1,V1,Visual,metadata_resolved_equal_segment,estimated_from_channel,session-area-mapping.md,None
230630,LFP,2,334,78,V1,V1,Visual,metadata_resolved_equal_segment,estimated_from_channel,session-area-mapping.md,None
230630,LFP,2,335,79,V1,V1,Visual,metadata_resolved_equal_segment,estimated_from_channel,session-area-mapping.md,None
230630,LFP,2,336,80,V1,V1,Visual,metadata_resolved_equal_segment,estimated_from_channel,session-area-mapping.md,None
230630,LFP,2,337,81,V1,V1,Visual,metadata_resolved_equal_segment,estimated_from_channel,session-area-mapping.md,None
230630,LFP,2,338,82,V1,V1,Visual,metadata_resolved_equal_segment,estimated_from_channel,session-area-mapping.md,None
230630,LFP,2,339,83,V1,V1,Visual,metadata_resolved_equal_segment,estimated_from_channel,session-area-mapping.md,None
230630,LFP,2,340,84,V1,V1,Visual,metadata_resolved_equal_segment,estimated_from_channel,session-area-mapping.md,None
230630,LFP,2,341,85,V1,V1,Visual,metadata_resolved_equal_segment,estimated_from_channel,session-area-mapping.md,None
230630,LFP,2,342,86,V1,V1,Visual,metadata_resolved_equal_segment,estimated_from_channel,session-area-mapping.md,None
230630,LFP,2,343,87,V1,V1,Visual,metadata_resolved_equal_segment,estimated_from_channel,session-area-mapping.md,None
230630,LFP,2,344,88,V1,V1,Visual,metadata_resolved_equal_segment,estimated_from_channel,session-area-mapping.md,None
230630,LFP,2,345,89,V1,V1,Visual,metadata_resolved_equal_segment,estimated_from_channel,session-area-mapping.md,None
230630,LFP,2,346,90,V1,V1,Visual,metadata_resolved_equal_segment,estimated_from_channel,session-area-mapping.md,None
230630,LFP,2,347,91,V1,V1,Visual,metadata_resolved_equal_segment,estimated_from_channel,session-area-mapping.md,None
230630,LFP,2,348,92,V1,V1,Visual,metadata_resolved_equal_segment,estimated_from_channel,session-area-mapping.md,None
230630,LFP,2,349,93,V1,V1,Visual,metadata_resolved_equal_segment,estimated_from_channel,session-area-mapping.md,None
230630,LFP,2,350,94,V1,V1,Visual,metadata_resolved_equal_segment,estimated_from_channel,session-area-mapping.md,None
230630,LFP,2,351,95,V1,V1,Visual,metadata_resolved_equal_segment,estimated_from_channel,session-area-mapping.md,None
230630,LFP,2,352,96,V1,V1,Visual,metadata_resolved_equal_segment,estimated_from_channel,session-area-mapping.md,None
230630,LFP,2,353,97,V1,V1,Visual,metadata_resolved_equal_segment,estimated_from_channel,session-area-mapping.md,None
230630,LFP,2,354,98,V1,V1,Visual,metadata_resolved_equal_segment,estimated_from_channel,session-area-mapping.md,None
230630,LFP,2,355,99,V1,V1,Visual,metadata_resolved_equal_segment,estimated_from_channel,session-area-mapping.md,None
230630,LFP,2,356,100,V1,V1,Visual,metadata_resolved_equal_segment,estimated_from_channel,session-area-mapping.md,None
230630,LFP,2,357,101,V1,V1,Visual,metadata_resolved_equal_segment,estimated_from_channel,session-area-mapping.md,None
230630,LFP,2,358,102,V1,V1,Visual,metadata_resolved_equal_segment,estimated_from_channel,session-area-mapping.md,None
230630,LFP,2,359,103,V1,V1,Visual,metadata_resolved_equal_segment,estimated_from_channel,session-area-mapping.md,None
230630,LFP,2,360,104,V1,V1,Visual,metadata_resolved_equal_segment,estimated_from_channel,session-area-mapping.md,None
230630,LFP,2,361,105,V1,V1,Visual,metadata_resolved_equal_segment,estimated_from_channel,session-area-mapping.md,None
230630,LFP,2,362,106,V1,V1,Visual,metadata_resolved_equal_segment,estimated_from_channel,session-area-mapping.md,None
230630,LFP,2,363,107,V1,V1,Visual,metadata_resolved_equal_segment,estimated_from_channel,session-area-mapping.md,None
230630,LFP,2,364,108,V1,V1,Visual,metadata_resolved_equal_segment,estimated_from_channel,session-area-mapping.md,None
230630,LFP,2,365,109,V1,V1,Visual,metadata_resolved_equal_segment,estimated_from_channel,session-area-mapping.md,None
230630,LFP,2,366,110,V1,V1,Visual,metadata_resolved_equal_segment,estimated_from_channel,session-area-mapping.md,None
230630,LFP,2,367,111,V1,V1,Visual,metadata_resolved_equal_segment,estimated_from_channel,session-area-mapping.md,None
230630,LFP,2,368,112,V1,V1,Visual,metadata_resolved_equal_segment,estimated_from_channel,session-area-mapping.md,None
230630,LFP,2,369,113,V1,V1,Visual,metadata_resolved_equal_segment,estimated_from_channel,session-area-mapping.md,None
230630,LFP,2,370,114,V1,V1,Visual,metadata_resolved_equal_segment,estimated_from_channel,session-area-mapping.md,None
230630,LFP,2,371,115,V1,V1,Visual,metadata_resolved_equal_segment,estimated_from_channel,session-area-mapping.md,None
230630,LFP,2,372,116,V1,V1,Visual,metadata_resolved_equal_segment,estimated_from_channel,session-area-mapping.md,None
230630,LFP,2,373,117,V1,V1,Visual,metadata_resolved_equal_segment,estimated_from_channel,session-area-mapping.md,None
230630,LFP,2,374,118,V1,V1,Visual,metadata_resolved_equal_segment,estimated_from_channel,session-area-mapping.md,None
230630,LFP,2,375,119,V1,V1,Visual,metadata_resolved_equal_segment,estimated_from_channel,session-area-mapping.md,None
230630,LFP,2,376,120,V1,V1,Visual,metadata_resolved_equal_segment,estimated_from_channel,session-area-mapping.md,None
230630,LFP,2,377,121,V1,V1,Visual,metadata_resolved_equal_segment,estimated_from_channel,session-area-mapping.md,None
230630,LFP,2,378,122,V1,V1,Visual,metadata_resolved_equal_segment,estimated_from_channel,session-area-mapping.md,None
230630,LFP,2,379,123,V1,V1,Visual,metadata_resolved_equal_segment,estimated_from_channel,session-area-mapping.md,None
230630,LFP,2,380,124,V1,V1,Visual,metadata_resolved_equal_segment,estimated_from_channel,session-area-mapping.md,None
230630,LFP,2,381,125,V1,V1,Visual,metadata_resolved_equal_segment,estimated_from_channel,session-area-mapping.md,None
230630,LFP,2,382,126,V1,V1,Visual,metadata_resolved_equal_segment,estimated_from_channel,session-area-mapping.md,None
230630,LFP,2,383,127,V1,V1,Visual,metadata_resolved_equal_segment,estimated_from_channel,session-area-mapping.md,None
230714,LFP,0,0,0,V1,V1,Visual,metadata_resolved_equal_segment,estimated_from_channel,session-area-mapping.md,None
230714,LFP,0,1,1,V1,V1,Visual,metadata_resolved_equal_segment,estimated_from_channel,session-area-mapping.md,None
230714,LFP,0,2,2,V1,V1,Visual,metadata_resolved_equal_segment,estimated_from_channel,session-area-mapping.md,None
230714,LFP,0,3,3,V1,V1,Visual,metadata_resolved_equal_segment,estimated_from_channel,session-area-mapping.md,None
230714,LFP,0,4,4,V1,V1,Visual,metadata_resolved_equal_segment,estimated_from_channel,session-area-mapping.md,None
230714,LFP,0,5,5,V1,V1,Visual,metadata_resolved_equal_segment,estimated_from_channel,session-area-mapping.md,None
230714,LFP,0,6,6,V1,V1,Visual,metadata_resolved_equal_segment,estimated_from_channel,session-area-mapping.md,None
230714,LFP,0,7,7,V1,V1,Visual,metadata_resolved_equal_segment,estimated_from_channel,session-area-mapping.md,None
230714,LFP,0,8,8,V1,V1,Visual,metadata_resolved_equal_segment,estimated_from_channel,session-area-mapping.md,None
230714,LFP,0,9,9,V1,V1,Visual,metadata_resolved_equal_segment,estimated_from_channel,session-area-mapping.md,None
230714,LFP,0,10,10,V1,V1,Visual,metadata_resolved_equal_segment,estimated_from_channel,session-area-mapping.md,None
230714,LFP,0,11,11,V1,V1,Visual,metadata_resolved_equal_segment,estimated_from_channel,session-area-mapping.md,None
230714,LFP,0,12,12,V1,V1,Visual,metadata_resolved_equal_segment,estimated_from_channel,session-area-mapping.md,None
230714,LFP,0,13,13,V1,V1,Visual,metadata_resolved_equal_segment,estimated_from_channel,session-area-mapping.md,None
230714,LFP,0,14,14,V1,V1,Visual,metadata_resolved_equal_segment,estimated_from_channel,session-area-mapping.md,None
230714,LFP,0,15,15,V1,V1,Visual,metadata_resolved_equal_segment,estimated_from_channel,session-area-mapping.md,None
230714,LFP,0,16,16,V1,V1,Visual,metadata_resolved_equal_segment,estimated_from_channel,session-area-mapping.md,None
230714,LFP,0,17,17,V1,V1,Visual,metadata_resolved_equal_segment,estimated_from_channel,session-area-mapping.md,None
230714,LFP,0,18,18,V1,V1,Visual,metadata_resolved_equal_segment,estimated_from_channel,session-area-mapping.md,None
230714,LFP,0,19,19,V1,V1,Visual,metadata_resolved_equal_segment,estimated_from_channel,session-area-mapping.md,None
230714,LFP,0,20,20,V1,V1,Visual,metadata_resolved_equal_segment,estimated_from_channel,session-area-mapping.md,None
230714,LFP,0,21,21,V1,V1,Visual,metadata_resolved_equal_segment,estimated_from_channel,session-area-mapping.md,None
230714,LFP,0,22,22,V1,V1,Visual,metadata_resolved_equal_segment,estimated_from_channel,session-area-mapping.md,None
230714,LFP,0,23,23,V1,V1,Visual,metadata_resolved_equal_segment,estimated_from_channel,session-area-mapping.md,None
230714,LFP,0,24,24,V1,V1,Visual,metadata_resolved_equal_segment,estimated_from_channel,session-area-mapping.md,None
230714,LFP,0,25,25,V1,V1,Visual,metadata_resolved_equal_segment,estimated_from_channel,session-area-mapping.md,None
230714,LFP,0,26,26,V1,V1,Visual,metadata_resolved_equal_segment,estimated_from_channel,session-area-mapping.md,None
230714,LFP,0,27,27,V1,V1,Visual,metadata_resolved_equal_segment,estimated_from_channel,session-area-mapping.md,None
230714,LFP,0,28,28,V1,V1,Visual,metadata_resolved_equal_segment,estimated_from_channel,session-area-mapping.md,None
230714,LFP,0,29,29,V1,V1,Visual,metadata_resolved_equal_segment,estimated_from_channel,session-area-mapping.md,None
230714,LFP,0,30,30,V1,V1,Visual,metadata_resolved_equal_segment,estimated_from_channel,session-area-mapping.md,None
230714,LFP,0,31,31,V1,V1,Visual,metadata_resolved_equal_segment,estimated_from_channel,session-area-mapping.md,None
230714,LFP,0,32,32,V1,V1,Visual,metadata_resolved_equal_segment,estimated_from_channel,session-area-mapping.md,None
230714,LFP,0,33,33,V1,V1,Visual,metadata_resolved_equal_segment,estimated_from_channel,session-area-mapping.md,None
230714,LFP,0,34,34,V1,V1,Visual,metadata_resolved_equal_segment,estimated_from_channel,session-area-mapping.md,None
230714,LFP,0,35,35,V1,V1,Visual,metadata_resolved_equal_segment,estimated_from_channel,session-area-mapping.md,None
230714,LFP,0,36,36,V1,V1,Visual,metadata_resolved_equal_segment,estimated_from_channel,session-area-mapping.md,None
230714,LFP,0,37,37,V1,V1,Visual,metadata_resolved_equal_segment,estimated_from_channel,session-area-mapping.md,None
230714,LFP,0,38,38,V1,V1,Visual,metadata_resolved_equal_segment,estimated_from_channel,session-area-mapping.md,None
230714,LFP,0,39,39,V1,V1,Visual,metadata_resolved_equal_segment,estimated_from_channel,session-area-mapping.md,None
230714,LFP,0,40,40,V1,V1,Visual,metadata_resolved_equal_segment,estimated_from_channel,session-area-mapping.md,None
230714,LFP,0,41,41,V1,V1,Visual,metadata_resolved_equal_segment,estimated_from_channel,session-area-mapping.md,None
230714,LFP,0,42,42,V1,V1,Visual,metadata_resolved_equal_segment,estimated_from_channel,session-area-mapping.md,None
230714,LFP,0,43,43,V1,V1,Visual,metadata_resolved_equal_segment,estimated_from_channel,session-area-mapping.md,None
230714,LFP,0,44,44,V1,V1,Visual,metadata_resolved_equal_segment,estimated_from_channel,session-area-mapping.md,None
230714,LFP,0,45,45,V1,V1,Visual,metadata_resolved_equal_segment,estimated_from_channel,session-area-mapping.md,None
230714,LFP,0,46,46,V1,V1,Visual,metadata_resolved_equal_segment,estimated_from_channel,session-area-mapping.md,None
230714,LFP,0,47,47,V1,V1,Visual,metadata_resolved_equal_segment,estimated_from_channel,session-area-mapping.md,None
230714,LFP,0,48,48,V1,V1,Visual,metadata_resolved_equal_segment,estimated_from_channel,session-area-mapping.md,None
230714,LFP,0,49,49,V1,V1,Visual,metadata_resolved_equal_segment,estimated_from_channel,session-area-mapping.md,None
230714,LFP,0,50,50,V1,V1,Visual,metadata_resolved_equal_segment,estimated_from_channel,session-area-mapping.md,None
230714,LFP,0,51,51,V1,V1,Visual,metadata_resolved_equal_segment,estimated_from_channel,session-area-mapping.md,None
230714,LFP,0,52,52,V1,V1,Visual,metadata_resolved_equal_segment,estimated_from_channel,session-area-mapping.md,None
230714,LFP,0,53,53,V1,V1,Visual,metadata_resolved_equal_segment,estimated_from_channel,session-area-mapping.md,None
230714,LFP,0,54,54,V1,V1,Visual,metadata_resolved_equal_segment,estimated_from_channel,session-area-mapping.md,None
230714,LFP,0,55,55,V1,V1,Visual,metadata_resolved_equal_segment,estimated_from_channel,session-area-mapping.md,None
230714,LFP,0,56,56,V1,V1,Visual,metadata_resolved_equal_segment,estimated_from_channel,session-area-mapping.md,None
230714,LFP,0,57,57,V1,V1,Visual,metadata_resolved_equal_segment,estimated_from_channel,session-area-mapping.md,None
230714,LFP,0,58,58,V1,V1,Visual,metadata_resolved_equal_segment,estimated_from_channel,session-area-mapping.md,None
230714,LFP,0,59,59,V1,V1,Visual,metadata_resolved_equal_segment,estimated_from_channel,session-area-mapping.md,None
230714,LFP,0,60,60,V1,V1,Visual,metadata_resolved_equal_segment,estimated_from_channel,session-area-mapping.md,None
230714,LFP,0,61,61,V1,V1,Visual,metadata_resolved_equal_segment,estimated_from_channel,session-area-mapping.md,None
230714,LFP,0,62,62,V1,V1,Visual,metadata_resolved_equal_segment,estimated_from_channel,session-area-mapping.md,None
230714,LFP,0,63,63,V1,V1,Visual,metadata_resolved_equal_segment,estimated_from_channel,session-area-mapping.md,None
230714,LFP,0,64,64,V2,V2,Visual,metadata_resolved_equal_segment,estimated_from_channel,session-area-mapping.md,None
230714,LFP,0,65,65,V2,V2,Visual,metadata_resolved_equal_segment,estimated_from_channel,session-area-mapping.md,None
230714,LFP,0,66,66,V2,V2,Visual,metadata_resolved_equal_segment,estimated_from_channel,session-area-mapping.md,None
230714,LFP,0,67,67,V2,V2,Visual,metadata_resolved_equal_segment,estimated_from_channel,session-area-mapping.md,None
230714,LFP,0,68,68,V2,V2,Visual,metadata_resolved_equal_segment,estimated_from_channel,session-area-mapping.md,None
230714,LFP,0,69,69,V2,V2,Visual,metadata_resolved_equal_segment,estimated_from_channel,session-area-mapping.md,None
230714,LFP,0,70,70,V2,V2,Visual,metadata_resolved_equal_segment,estimated_from_channel,session-area-mapping.md,None
230714,LFP,0,71,71,V2,V2,Visual,metadata_resolved_equal_segment,estimated_from_channel,session-area-mapping.md,None
230714,LFP,0,72,72,V2,V2,Visual,metadata_resolved_equal_segment,estimated_from_channel,session-area-mapping.md,None
230714,LFP,0,73,73,V2,V2,Visual,metadata_resolved_equal_segment,estimated_from_channel,session-area-mapping.md,None
230714,LFP,0,74,74,V2,V2,Visual,metadata_resolved_equal_segment,estimated_from_channel,session-area-mapping.md,None
230714,LFP,0,75,75,V2,V2,Visual,metadata_resolved_equal_segment,estimated_from_channel,session-area-mapping.md,None
230714,LFP,0,76,76,V2,V2,Visual,metadata_resolved_equal_segment,estimated_from_channel,session-area-mapping.md,None
230714,LFP,0,77,77,V2,V2,Visual,metadata_resolved_equal_segment,estimated_from_channel,session-area-mapping.md,None
230714,LFP,0,78,78,V2,V2,Visual,metadata_resolved_equal_segment,estimated_from_channel,session-area-mapping.md,None
230714,LFP,0,79,79,V2,V2,Visual,metadata_resolved_equal_segment,estimated_from_channel,session-area-mapping.md,None
230714,LFP,0,80,80,V2,V2,Visual,metadata_resolved_equal_segment,estimated_from_channel,session-area-mapping.md,None
230714,LFP,0,81,81,V2,V2,Visual,metadata_resolved_equal_segment,estimated_from_channel,session-area-mapping.md,None
230714,LFP,0,82,82,V2,V2,Visual,metadata_resolved_equal_segment,estimated_from_channel,session-area-mapping.md,None
230714,LFP,0,83,83,V2,V2,Visual,metadata_resolved_equal_segment,estimated_from_channel,session-area-mapping.md,None
230714,LFP,0,84,84,V2,V2,Visual,metadata_resolved_equal_segment,estimated_from_channel,session-area-mapping.md,None
230714,LFP,0,85,85,V2,V2,Visual,metadata_resolved_equal_segment,estimated_from_channel,session-area-mapping.md,None
230714,LFP,0,86,86,V2,V2,Visual,metadata_resolved_equal_segment,estimated_from_channel,session-area-mapping.md,None
230714,LFP,0,87,87,V2,V2,Visual,metadata_resolved_equal_segment,estimated_from_channel,session-area-mapping.md,None
230714,LFP,0,88,88,V2,V2,Visual,metadata_resolved_equal_segment,estimated_from_channel,session-area-mapping.md,None
230714,LFP,0,89,89,V2,V2,Visual,metadata_resolved_equal_segment,estimated_from_channel,session-area-mapping.md,None
230714,LFP,0,90,90,V2,V2,Visual,metadata_resolved_equal_segment,estimated_from_channel,session-area-mapping.md,None
230714,LFP,0,91,91,V2,V2,Visual,metadata_resolved_equal_segment,estimated_from_channel,session-area-mapping.md,None
230714,LFP,0,92,92,V2,V2,Visual,metadata_resolved_equal_segment,estimated_from_channel,session-area-mapping.md,None
230714,LFP,0,93,93,V2,V2,Visual,metadata_resolved_equal_segment,estimated_from_channel,session-area-mapping.md,None
230714,LFP,0,94,94,V2,V2,Visual,metadata_resolved_equal_segment,estimated_from_channel,session-area-mapping.md,None
230714,LFP,0,95,95,V2,V2,Visual,metadata_resolved_equal_segment,estimated_from_channel,session-area-mapping.md,None
230714,LFP,0,96,96,V2,V2,Visual,metadata_resolved_equal_segment,estimated_from_channel,session-area-mapping.md,None
230714,LFP,0,97,97,V2,V2,Visual,metadata_resolved_equal_segment,estimated_from_channel,session-area-mapping.md,None
230714,LFP,0,98,98,V2,V2,Visual,metadata_resolved_equal_segment,estimated_from_channel,session-area-mapping.md,None
230714,LFP,0,99,99,V2,V2,Visual,metadata_resolved_equal_segment,estimated_from_channel,session-area-mapping.md,None
230714,LFP,0,100,100,V2,V2,Visual,metadata_resolved_equal_segment,estimated_from_channel,session-area-mapping.md,None
230714,LFP,0,101,101,V2,V2,Visual,metadata_resolved_equal_segment,estimated_from_channel,session-area-mapping.md,None
230714,LFP,0,102,102,V2,V2,Visual,metadata_resolved_equal_segment,estimated_from_channel,session-area-mapping.md,None
230714,LFP,0,103,103,V2,V2,Visual,metadata_resolved_equal_segment,estimated_from_channel,session-area-mapping.md,None
230714,LFP,0,104,104,V2,V2,Visual,metadata_resolved_equal_segment,estimated_from_channel,session-area-mapping.md,None
230714,LFP,0,105,105,V2,V2,Visual,metadata_resolved_equal_segment,estimated_from_channel,session-area-mapping.md,None
230714,LFP,0,106,106,V2,V2,Visual,metadata_resolved_equal_segment,estimated_from_channel,session-area-mapping.md,None
230714,LFP,0,107,107,V2,V2,Visual,metadata_resolved_equal_segment,estimated_from_channel,session-area-mapping.md,None
230714,LFP,0,108,108,V2,V2,Visual,metadata_resolved_equal_segment,estimated_from_channel,session-area-mapping.md,None
230714,LFP,0,109,109,V2,V2,Visual,metadata_resolved_equal_segment,estimated_from_channel,session-area-mapping.md,None
230714,LFP,0,110,110,V2,V2,Visual,metadata_resolved_equal_segment,estimated_from_channel,session-area-mapping.md,None
230714,LFP,0,111,111,V2,V2,Visual,metadata_resolved_equal_segment,estimated_from_channel,session-area-mapping.md,None
230714,LFP,0,112,112,V2,V2,Visual,metadata_resolved_equal_segment,estimated_from_channel,session-area-mapping.md,None
230714,LFP,0,113,113,V2,V2,Visual,metadata_resolved_equal_segment,estimated_from_channel,session-area-mapping.md,None
230714,LFP,0,114,114,V2,V2,Visual,metadata_resolved_equal_segment,estimated_from_channel,session-area-mapping.md,None
230714,LFP,0,115,115,V2,V2,Visual,metadata_resolved_equal_segment,estimated_from_channel,session-area-mapping.md,None
230714,LFP,0,116,116,V2,V2,Visual,metadata_resolved_equal_segment,estimated_from_channel,session-area-mapping.md,None
230714,LFP,0,117,117,V2,V2,Visual,metadata_resolved_equal_segment,estimated_from_channel,session-area-mapping.md,None
230714,LFP,0,118,118,V2,V2,Visual,metadata_resolved_equal_segment,estimated_from_channel,session-area-mapping.md,None
230714,LFP,0,119,119,V2,V2,Visual,metadata_resolved_equal_segment,estimated_from_channel,session-area-mapping.md,None
230714,LFP,0,120,120,V2,V2,Visual,metadata_resolved_equal_segment,estimated_from_channel,session-area-mapping.md,None
230714,LFP,0,121,121,V2,V2,Visual,metadata_resolved_equal_segment,estimated_from_channel,session-area-mapping.md,None
230714,LFP,0,122,122,V2,V2,Visual,metadata_resolved_equal_segment,estimated_from_channel,session-area-mapping.md,None
230714,LFP,0,123,123,V2,V2,Visual,metadata_resolved_equal_segment,estimated_from_channel,session-area-mapping.md,None
230714,LFP,0,124,124,V2,V2,Visual,metadata_resolved_equal_segment,estimated_from_channel,session-area-mapping.md,None
230714,LFP,0,125,125,V2,V2,Visual,metadata_resolved_equal_segment,estimated_from_channel,session-area-mapping.md,None
230714,LFP,0,126,126,V2,V2,Visual,metadata_resolved_equal_segment,estimated_from_channel,session-area-mapping.md,None
230714,LFP,0,127,127,V2,V2,Visual,metadata_resolved_equal_segment,estimated_from_channel,session-area-mapping.md,None
230714,LFP,1,128,0,V3d,V3d,Visual,metadata_resolved_equal_segment,estimated_from_channel,session-area-mapping.md,None
230714,LFP,1,129,1,V3d,V3d,Visual,metadata_resolved_equal_segment,estimated_from_channel,session-area-mapping.md,None
230714,LFP,1,130,2,V3d,V3d,Visual,metadata_resolved_equal_segment,estimated_from_channel,session-area-mapping.md,None
230714,LFP,1,131,3,V3d,V3d,Visual,metadata_resolved_equal_segment,estimated_from_channel,session-area-mapping.md,None
230714,LFP,1,132,4,V3d,V3d,Visual,metadata_resolved_equal_segment,estimated_from_channel,session-area-mapping.md,None
230714,LFP,1,133,5,V3d,V3d,Visual,metadata_resolved_equal_segment,estimated_from_channel,session-area-mapping.md,None
230714,LFP,1,134,6,V3d,V3d,Visual,metadata_resolved_equal_segment,estimated_from_channel,session-area-mapping.md,None
230714,LFP,1,135,7,V3d,V3d,Visual,metadata_resolved_equal_segment,estimated_from_channel,session-area-mapping.md,None
230714,LFP,1,136,8,V3d,V3d,Visual,metadata_resolved_equal_segment,estimated_from_channel,session-area-mapping.md,None
230714,LFP,1,137,9,V3d,V3d,Visual,metadata_resolved_equal_segment,estimated_from_channel,session-area-mapping.md,None
230714,LFP,1,138,10,V3d,V3d,Visual,metadata_resolved_equal_segment,estimated_from_channel,session-area-mapping.md,None
230714,LFP,1,139,11,V3d,V3d,Visual,metadata_resolved_equal_segment,estimated_from_channel,session-area-mapping.md,None
230714,LFP,1,140,12,V3d,V3d,Visual,metadata_resolved_equal_segment,estimated_from_channel,session-area-mapping.md,None
230714,LFP,1,141,13,V3d,V3d,Visual,metadata_resolved_equal_segment,estimated_from_channel,session-area-mapping.md,None
230714,LFP,1,142,14,V3d,V3d,Visual,metadata_resolved_equal_segment,estimated_from_channel,session-area-mapping.md,None
230714,LFP,1,143,15,V3d,V3d,Visual,metadata_resolved_equal_segment,estimated_from_channel,session-area-mapping.md,None
230714,LFP,1,144,16,V3d,V3d,Visual,metadata_resolved_equal_segment,estimated_from_channel,session-area-mapping.md,None
230714,LFP,1,145,17,V3d,V3d,Visual,metadata_resolved_equal_segment,estimated_from_channel,session-area-mapping.md,None
230714,LFP,1,146,18,V3d,V3d,Visual,metadata_resolved_equal_segment,estimated_from_channel,session-area-mapping.md,None
230714,LFP,1,147,19,V3d,V3d,Visual,metadata_resolved_equal_segment,estimated_from_channel,session-area-mapping.md,None
230714,LFP,1,148,20,V3d,V3d,Visual,metadata_resolved_equal_segment,estimated_from_channel,session-area-mapping.md,None
230714,LFP,1,149,21,V3d,V3d,Visual,metadata_resolved_equal_segment,estimated_from_channel,session-area-mapping.md,None
230714,LFP,1,150,22,V3d,V3d,Visual,metadata_resolved_equal_segment,estimated_from_channel,session-area-mapping.md,None
230714,LFP,1,151,23,V3d,V3d,Visual,metadata_resolved_equal_segment,estimated_from_channel,session-area-mapping.md,None
230714,LFP,1,152,24,V3d,V3d,Visual,metadata_resolved_equal_segment,estimated_from_channel,session-area-mapping.md,None
230714,LFP,1,153,25,V3d,V3d,Visual,metadata_resolved_equal_segment,estimated_from_channel,session-area-mapping.md,None
230714,LFP,1,154,26,V3d,V3d,Visual,metadata_resolved_equal_segment,estimated_from_channel,session-area-mapping.md,None
230714,LFP,1,155,27,V3d,V3d,Visual,metadata_resolved_equal_segment,estimated_from_channel,session-area-mapping.md,None
230714,LFP,1,156,28,V3d,V3d,Visual,metadata_resolved_equal_segment,estimated_from_channel,session-area-mapping.md,None
230714,LFP,1,157,29,V3d,V3d,Visual,metadata_resolved_equal_segment,estimated_from_channel,session-area-mapping.md,None
230714,LFP,1,158,30,V3d,V3d,Visual,metadata_resolved_equal_segment,estimated_from_channel,session-area-mapping.md,None
230714,LFP,1,159,31,V3d,V3d,Visual,metadata_resolved_equal_segment,estimated_from_channel,session-area-mapping.md,None
230714,LFP,1,160,32,V3d,V3d,Visual,metadata_resolved_equal_segment,estimated_from_channel,session-area-mapping.md,None
230714,LFP,1,161,33,V3d,V3d,Visual,metadata_resolved_equal_segment,estimated_from_channel,session-area-mapping.md,None
230714,LFP,1,162,34,V3d,V3d,Visual,metadata_resolved_equal_segment,estimated_from_channel,session-area-mapping.md,None
230714,LFP,1,163,35,V3d,V3d,Visual,metadata_resolved_equal_segment,estimated_from_channel,session-area-mapping.md,None
230714,LFP,1,164,36,V3d,V3d,Visual,metadata_resolved_equal_segment,estimated_from_channel,session-area-mapping.md,None
230714,LFP,1,165,37,V3d,V3d,Visual,metadata_resolved_equal_segment,estimated_from_channel,session-area-mapping.md,None
230714,LFP,1,166,38,V3d,V3d,Visual,metadata_resolved_equal_segment,estimated_from_channel,session-area-mapping.md,None
230714,LFP,1,167,39,V3d,V3d,Visual,metadata_resolved_equal_segment,estimated_from_channel,session-area-mapping.md,None
230714,LFP,1,168,40,V3d,V3d,Visual,metadata_resolved_equal_segment,estimated_from_channel,session-area-mapping.md,None
230714,LFP,1,169,41,V3d,V3d,Visual,metadata_resolved_equal_segment,estimated_from_channel,session-area-mapping.md,None
230714,LFP,1,170,42,V3d,V3d,Visual,metadata_resolved_equal_segment,estimated_from_channel,session-area-mapping.md,None
230714,LFP,1,171,43,V3d,V3d,Visual,metadata_resolved_equal_segment,estimated_from_channel,session-area-mapping.md,None
230714,LFP,1,172,44,V3d,V3d,Visual,metadata_resolved_equal_segment,estimated_from_channel,session-area-mapping.md,None
230714,LFP,1,173,45,V3d,V3d,Visual,metadata_resolved_equal_segment,estimated_from_channel,session-area-mapping.md,None
230714,LFP,1,174,46,V3d,V3d,Visual,metadata_resolved_equal_segment,estimated_from_channel,session-area-mapping.md,None
230714,LFP,1,175,47,V3d,V3d,Visual,metadata_resolved_equal_segment,estimated_from_channel,session-area-mapping.md,None
230714,LFP,1,176,48,V3d,V3d,Visual,metadata_resolved_equal_segment,estimated_from_channel,session-area-mapping.md,None
230714,LFP,1,177,49,V3d,V3d,Visual,metadata_resolved_equal_segment,estimated_from_channel,session-area-mapping.md,None
230714,LFP,1,178,50,V3d,V3d,Visual,metadata_resolved_equal_segment,estimated_from_channel,session-area-mapping.md,None
230714,LFP,1,179,51,V3d,V3d,Visual,metadata_resolved_equal_segment,estimated_from_channel,session-area-mapping.md,None
230714,LFP,1,180,52,V3d,V3d,Visual,metadata_resolved_equal_segment,estimated_from_channel,session-area-mapping.md,None
230714,LFP,1,181,53,V3d,V3d,Visual,metadata_resolved_equal_segment,estimated_from_channel,session-area-mapping.md,None
230714,LFP,1,182,54,V3d,V3d,Visual,metadata_resolved_equal_segment,estimated_from_channel,session-area-mapping.md,None
230714,LFP,1,183,55,V3d,V3d,Visual,metadata_resolved_equal_segment,estimated_from_channel,session-area-mapping.md,None
230714,LFP,1,184,56,V3d,V3d,Visual,metadata_resolved_equal_segment,estimated_from_channel,session-area-mapping.md,None
230714,LFP,1,185,57,V3d,V3d,Visual,metadata_resolved_equal_segment,estimated_from_channel,session-area-mapping.md,None
230714,LFP,1,186,58,V3d,V3d,Visual,metadata_resolved_equal_segment,estimated_from_channel,session-area-mapping.md,None
230714,LFP,1,187,59,V3d,V3d,Visual,metadata_resolved_equal_segment,estimated_from_channel,session-area-mapping.md,None
230714,LFP,1,188,60,V3d,V3d,Visual,metadata_resolved_equal_segment,estimated_from_channel,session-area-mapping.md,None
230714,LFP,1,189,61,V3d,V3d,Visual,metadata_resolved_equal_segment,estimated_from_channel,session-area-mapping.md,None
230714,LFP,1,190,62,V3d,V3d,Visual,metadata_resolved_equal_segment,estimated_from_channel,session-area-mapping.md,None
230714,LFP,1,191,63,V3d,V3d,Visual,metadata_resolved_equal_segment,estimated_from_channel,session-area-mapping.md,None
230714,LFP,1,192,64,V3a,V3a,Visual,metadata_resolved_equal_segment,estimated_from_channel,session-area-mapping.md,None
230714,LFP,1,193,65,V3a,V3a,Visual,metadata_resolved_equal_segment,estimated_from_channel,session-area-mapping.md,None
230714,LFP,1,194,66,V3a,V3a,Visual,metadata_resolved_equal_segment,estimated_from_channel,session-area-mapping.md,None
230714,LFP,1,195,67,V3a,V3a,Visual,metadata_resolved_equal_segment,estimated_from_channel,session-area-mapping.md,None
230714,LFP,1,196,68,V3a,V3a,Visual,metadata_resolved_equal_segment,estimated_from_channel,session-area-mapping.md,None
230714,LFP,1,197,69,V3a,V3a,Visual,metadata_resolved_equal_segment,estimated_from_channel,session-area-mapping.md,None
230714,LFP,1,198,70,V3a,V3a,Visual,metadata_resolved_equal_segment,estimated_from_channel,session-area-mapping.md,None
230714,LFP,1,199,71,V3a,V3a,Visual,metadata_resolved_equal_segment,estimated_from_channel,session-area-mapping.md,None
230714,LFP,1,200,72,V3a,V3a,Visual,metadata_resolved_equal_segment,estimated_from_channel,session-area-mapping.md,None
230714,LFP,1,201,73,V3a,V3a,Visual,metadata_resolved_equal_segment,estimated_from_channel,session-area-mapping.md,None
230714,LFP,1,202,74,V3a,V3a,Visual,metadata_resolved_equal_segment,estimated_from_channel,session-area-mapping.md,None
230714,LFP,1,203,75,V3a,V3a,Visual,metadata_resolved_equal_segment,estimated_from_channel,session-area-mapping.md,None
230714,LFP,1,204,76,V3a,V3a,Visual,metadata_resolved_equal_segment,estimated_from_channel,session-area-mapping.md,None
230714,LFP,1,205,77,V3a,V3a,Visual,metadata_resolved_equal_segment,estimated_from_channel,session-area-mapping.md,None
230714,LFP,1,206,78,V3a,V3a,Visual,metadata_resolved_equal_segment,estimated_from_channel,session-area-mapping.md,None
230714,LFP,1,207,79,V3a,V3a,Visual,metadata_resolved_equal_segment,estimated_from_channel,session-area-mapping.md,None
230714,LFP,1,208,80,V3a,V3a,Visual,metadata_resolved_equal_segment,estimated_from_channel,session-area-mapping.md,None
230714,LFP,1,209,81,V3a,V3a,Visual,metadata_resolved_equal_segment,estimated_from_channel,session-area-mapping.md,None
230714,LFP,1,210,82,V3a,V3a,Visual,metadata_resolved_equal_segment,estimated_from_channel,session-area-mapping.md,None
230714,LFP,1,211,83,V3a,V3a,Visual,metadata_resolved_equal_segment,estimated_from_channel,session-area-mapping.md,None
230714,LFP,1,212,84,V3a,V3a,Visual,metadata_resolved_equal_segment,estimated_from_channel,session-area-mapping.md,None
230714,LFP,1,213,85,V3a,V3a,Visual,metadata_resolved_equal_segment,estimated_from_channel,session-area-mapping.md,None
230714,LFP,1,214,86,V3a,V3a,Visual,metadata_resolved_equal_segment,estimated_from_channel,session-area-mapping.md,None
230714,LFP,1,215,87,V3a,V3a,Visual,metadata_resolved_equal_segment,estimated_from_channel,session-area-mapping.md,None
230714,LFP,1,216,88,V3a,V3a,Visual,metadata_resolved_equal_segment,estimated_from_channel,session-area-mapping.md,None
230714,LFP,1,217,89,V3a,V3a,Visual,metadata_resolved_equal_segment,estimated_from_channel,session-area-mapping.md,None
230714,LFP,1,218,90,V3a,V3a,Visual,metadata_resolved_equal_segment,estimated_from_channel,session-area-mapping.md,None
230714,LFP,1,219,91,V3a,V3a,Visual,metadata_resolved_equal_segment,estimated_from_channel,session-area-mapping.md,None
230714,LFP,1,220,92,V3a,V3a,Visual,metadata_resolved_equal_segment,estimated_from_channel,session-area-mapping.md,None
230714,LFP,1,221,93,V3a,V3a,Visual,metadata_resolved_equal_segment,estimated_from_channel,session-area-mapping.md,None
230714,LFP,1,222,94,V3a,V3a,Visual,metadata_resolved_equal_segment,estimated_from_channel,session-area-mapping.md,None
230714,LFP,1,223,95,V3a,V3a,Visual,metadata_resolved_equal_segment,estimated_from_channel,session-area-mapping.md,None
230714,LFP,1,224,96,V3a,V3a,Visual,metadata_resolved_equal_segment,estimated_from_channel,session-area-mapping.md,None
230714,LFP,1,225,97,V3a,V3a,Visual,metadata_resolved_equal_segment,estimated_from_channel,session-area-mapping.md,None
230714,LFP,1,226,98,V3a,V3a,Visual,metadata_resolved_equal_segment,estimated_from_channel,session-area-mapping.md,None
230714,LFP,1,227,99,V3a,V3a,Visual,metadata_resolved_equal_segment,estimated_from_channel,session-area-mapping.md,None
230714,LFP,1,228,100,V3a,V3a,Visual,metadata_resolved_equal_segment,estimated_from_channel,session-area-mapping.md,None
230714,LFP,1,229,101,V3a,V3a,Visual,metadata_resolved_equal_segment,estimated_from_channel,session-area-mapping.md,None
230714,LFP,1,230,102,V3a,V3a,Visual,metadata_resolved_equal_segment,estimated_from_channel,session-area-mapping.md,None
230714,LFP,1,231,103,V3a,V3a,Visual,metadata_resolved_equal_segment,estimated_from_channel,session-area-mapping.md,None
230714,LFP,1,232,104,V3a,V3a,Visual,metadata_resolved_equal_segment,estimated_from_channel,session-area-mapping.md,None
230714,LFP,1,233,105,V3a,V3a,Visual,metadata_resolved_equal_segment,estimated_from_channel,session-area-mapping.md,None
230714,LFP,1,234,106,V3a,V3a,Visual,metadata_resolved_equal_segment,estimated_from_channel,session-area-mapping.md,None
230714,LFP,1,235,107,V3a,V3a,Visual,metadata_resolved_equal_segment,estimated_from_channel,session-area-mapping.md,None
230714,LFP,1,236,108,V3a,V3a,Visual,metadata_resolved_equal_segment,estimated_from_channel,session-area-mapping.md,None
230714,LFP,1,237,109,V3a,V3a,Visual,metadata_resolved_equal_segment,estimated_from_channel,session-area-mapping.md,None
230714,LFP,1,238,110,V3a,V3a,Visual,metadata_resolved_equal_segment,estimated_from_channel,session-area-mapping.md,None
230714,LFP,1,239,111,V3a,V3a,Visual,metadata_resolved_equal_segment,estimated_from_channel,session-area-mapping.md,None
230714,LFP,1,240,112,V3a,V3a,Visual,metadata_resolved_equal_segment,estimated_from_channel,session-area-mapping.md,None
230714,LFP,1,241,113,V3a,V3a,Visual,metadata_resolved_equal_segment,estimated_from_channel,session-area-mapping.md,None
230714,LFP,1,242,114,V3a,V3a,Visual,metadata_resolved_equal_segment,estimated_from_channel,session-area-mapping.md,None
230714,LFP,1,243,115,V3a,V3a,Visual,metadata_resolved_equal_segment,estimated_from_channel,session-area-mapping.md,None
230714,LFP,1,244,116,V3a,V3a,Visual,metadata_resolved_equal_segment,estimated_from_channel,session-area-mapping.md,None
230714,LFP,1,245,117,V3a,V3a,Visual,metadata_resolved_equal_segment,estimated_from_channel,session-area-mapping.md,None
230714,LFP,1,246,118,V3a,V3a,Visual,metadata_resolved_equal_segment,estimated_from_channel,session-area-mapping.md,None
230714,LFP,1,247,119,V3a,V3a,Visual,metadata_resolved_equal_segment,estimated_from_channel,session-area-mapping.md,None
230714,LFP,1,248,120,V3a,V3a,Visual,metadata_resolved_equal_segment,estimated_from_channel,session-area-mapping.md,None
230714,LFP,1,249,121,V3a,V3a,Visual,metadata_resolved_equal_segment,estimated_from_channel,session-area-mapping.md,None
230714,LFP,1,250,122,V3a,V3a,Visual,metadata_resolved_equal_segment,estimated_from_channel,session-area-mapping.md,None
230714,LFP,1,251,123,V3a,V3a,Visual,metadata_resolved_equal_segment,estimated_from_channel,session-area-mapping.md,None
230714,LFP,1,252,124,V3a,V3a,Visual,metadata_resolved_equal_segment,estimated_from_channel,session-area-mapping.md,None
230714,LFP,1,253,125,V3a,V3a,Visual,metadata_resolved_equal_segment,estimated_from_channel,session-area-mapping.md,None
230714,LFP,1,254,126,V3a,V3a,Visual,metadata_resolved_equal_segment,estimated_from_channel,session-area-mapping.md,None
230714,LFP,1,255,127,V3a,V3a,Visual,metadata_resolved_equal_segment,estimated_from_channel,session-area-mapping.md,None
230719,LFP,0,0,0,V1,V1,Visual,metadata_resolved_equal_segment,estimated_from_channel,session-area-mapping.md,None
230719,LFP,0,1,1,V1,V1,Visual,metadata_resolved_equal_segment,estimated_from_channel,session-area-mapping.md,None
230719,LFP,0,2,2,V1,V1,Visual,metadata_resolved_equal_segment,estimated_from_channel,session-area-mapping.md,None
230719,LFP,0,3,3,V1,V1,Visual,metadata_resolved_equal_segment,estimated_from_channel,session-area-mapping.md,None
230719,LFP,0,4,4,V1,V1,Visual,metadata_resolved_equal_segment,estimated_from_channel,session-area-mapping.md,None
230719,LFP,0,5,5,V1,V1,Visual,metadata_resolved_equal_segment,estimated_from_channel,session-area-mapping.md,None
230719,LFP,0,6,6,V1,V1,Visual,metadata_resolved_equal_segment,estimated_from_channel,session-area-mapping.md,None
230719,LFP,0,7,7,V1,V1,Visual,metadata_resolved_equal_segment,estimated_from_channel,session-area-mapping.md,None
230719,LFP,0,8,8,V1,V1,Visual,metadata_resolved_equal_segment,estimated_from_channel,session-area-mapping.md,None
230719,LFP,0,9,9,V1,V1,Visual,metadata_resolved_equal_segment,estimated_from_channel,session-area-mapping.md,None
230719,LFP,0,10,10,V1,V1,Visual,metadata_resolved_equal_segment,estimated_from_channel,session-area-mapping.md,None
230719,LFP,0,11,11,V1,V1,Visual,metadata_resolved_equal_segment,estimated_from_channel,session-area-mapping.md,None
230719,LFP,0,12,12,V1,V1,Visual,metadata_resolved_equal_segment,estimated_from_channel,session-area-mapping.md,None
230719,LFP,0,13,13,V1,V1,Visual,metadata_resolved_equal_segment,estimated_from_channel,session-area-mapping.md,None
230719,LFP,0,14,14,V1,V1,Visual,metadata_resolved_equal_segment,estimated_from_channel,session-area-mapping.md,None
230719,LFP,0,15,15,V1,V1,Visual,metadata_resolved_equal_segment,estimated_from_channel,session-area-mapping.md,None
230719,LFP,0,16,16,V1,V1,Visual,metadata_resolved_equal_segment,estimated_from_channel,session-area-mapping.md,None
230719,LFP,0,17,17,V1,V1,Visual,metadata_resolved_equal_segment,estimated_from_channel,session-area-mapping.md,None
230719,LFP,0,18,18,V1,V1,Visual,metadata_resolved_equal_segment,estimated_from_channel,session-area-mapping.md,None
230719,LFP,0,19,19,V1,V1,Visual,metadata_resolved_equal_segment,estimated_from_channel,session-area-mapping.md,None
230719,LFP,0,20,20,V1,V1,Visual,metadata_resolved_equal_segment,estimated_from_channel,session-area-mapping.md,None
230719,LFP,0,21,21,V1,V1,Visual,metadata_resolved_equal_segment,estimated_from_channel,session-area-mapping.md,None
230719,LFP,0,22,22,V1,V1,Visual,metadata_resolved_equal_segment,estimated_from_channel,session-area-mapping.md,None
230719,LFP,0,23,23,V1,V1,Visual,metadata_resolved_equal_segment,estimated_from_channel,session-area-mapping.md,None
230719,LFP,0,24,24,V1,V1,Visual,metadata_resolved_equal_segment,estimated_from_channel,session-area-mapping.md,None
230719,LFP,0,25,25,V1,V1,Visual,metadata_resolved_equal_segment,estimated_from_channel,session-area-mapping.md,None
230719,LFP,0,26,26,V1,V1,Visual,metadata_resolved_equal_segment,estimated_from_channel,session-area-mapping.md,None
230719,LFP,0,27,27,V1,V1,Visual,metadata_resolved_equal_segment,estimated_from_channel,session-area-mapping.md,None
230719,LFP,0,28,28,V1,V1,Visual,metadata_resolved_equal_segment,estimated_from_channel,session-area-mapping.md,None
230719,LFP,0,29,29,V1,V1,Visual,metadata_resolved_equal_segment,estimated_from_channel,session-area-mapping.md,None
230719,LFP,0,30,30,V1,V1,Visual,metadata_resolved_equal_segment,estimated_from_channel,session-area-mapping.md,None
230719,LFP,0,31,31,V1,V1,Visual,metadata_resolved_equal_segment,estimated_from_channel,session-area-mapping.md,None
230719,LFP,0,32,32,V1,V1,Visual,metadata_resolved_equal_segment,estimated_from_channel,session-area-mapping.md,None
230719,LFP,0,33,33,V1,V1,Visual,metadata_resolved_equal_segment,estimated_from_channel,session-area-mapping.md,None
230719,LFP,0,34,34,V1,V1,Visual,metadata_resolved_equal_segment,estimated_from_channel,session-area-mapping.md,None
230719,LFP,0,35,35,V1,V1,Visual,metadata_resolved_equal_segment,estimated_from_channel,session-area-mapping.md,None
230719,LFP,0,36,36,V1,V1,Visual,metadata_resolved_equal_segment,estimated_from_channel,session-area-mapping.md,None
230719,LFP,0,37,37,V1,V1,Visual,metadata_resolved_equal_segment,estimated_from_channel,session-area-mapping.md,None
230719,LFP,0,38,38,V1,V1,Visual,metadata_resolved_equal_segment,estimated_from_channel,session-area-mapping.md,None
230719,LFP,0,39,39,V1,V1,Visual,metadata_resolved_equal_segment,estimated_from_channel,session-area-mapping.md,None
230719,LFP,0,40,40,V1,V1,Visual,metadata_resolved_equal_segment,estimated_from_channel,session-area-mapping.md,None
230719,LFP,0,41,41,V1,V1,Visual,metadata_resolved_equal_segment,estimated_from_channel,session-area-mapping.md,None
230719,LFP,0,42,42,V1,V1,Visual,metadata_resolved_equal_segment,estimated_from_channel,session-area-mapping.md,None
230719,LFP,0,43,43,V1,V1,Visual,metadata_resolved_equal_segment,estimated_from_channel,session-area-mapping.md,None
230719,LFP,0,44,44,V1,V1,Visual,metadata_resolved_equal_segment,estimated_from_channel,session-area-mapping.md,None
230719,LFP,0,45,45,V1,V1,Visual,metadata_resolved_equal_segment,estimated_from_channel,session-area-mapping.md,None
230719,LFP,0,46,46,V1,V1,Visual,metadata_resolved_equal_segment,estimated_from_channel,session-area-mapping.md,None
230719,LFP,0,47,47,V1,V1,Visual,metadata_resolved_equal_segment,estimated_from_channel,session-area-mapping.md,None
230719,LFP,0,48,48,V1,V1,Visual,metadata_resolved_equal_segment,estimated_from_channel,session-area-mapping.md,None
230719,LFP,0,49,49,V1,V1,Visual,metadata_resolved_equal_segment,estimated_from_channel,session-area-mapping.md,None
230719,LFP,0,50,50,V1,V1,Visual,metadata_resolved_equal_segment,estimated_from_channel,session-area-mapping.md,None
230719,LFP,0,51,51,V1,V1,Visual,metadata_resolved_equal_segment,estimated_from_channel,session-area-mapping.md,None
230719,LFP,0,52,52,V1,V1,Visual,metadata_resolved_equal_segment,estimated_from_channel,session-area-mapping.md,None
230719,LFP,0,53,53,V1,V1,Visual,metadata_resolved_equal_segment,estimated_from_channel,session-area-mapping.md,None
230719,LFP,0,54,54,V1,V1,Visual,metadata_resolved_equal_segment,estimated_from_channel,session-area-mapping.md,None
230719,LFP,0,55,55,V1,V1,Visual,metadata_resolved_equal_segment,estimated_from_channel,session-area-mapping.md,None
230719,LFP,0,56,56,V1,V1,Visual,metadata_resolved_equal_segment,estimated_from_channel,session-area-mapping.md,None
230719,LFP,0,57,57,V1,V1,Visual,metadata_resolved_equal_segment,estimated_from_channel,session-area-mapping.md,None
230719,LFP,0,58,58,V1,V1,Visual,metadata_resolved_equal_segment,estimated_from_channel,session-area-mapping.md,None
230719,LFP,0,59,59,V1,V1,Visual,metadata_resolved_equal_segment,estimated_from_channel,session-area-mapping.md,None
230719,LFP,0,60,60,V1,V1,Visual,metadata_resolved_equal_segment,estimated_from_channel,session-area-mapping.md,None
230719,LFP,0,61,61,V1,V1,Visual,metadata_resolved_equal_segment,estimated_from_channel,session-area-mapping.md,None
230719,LFP,0,62,62,V1,V1,Visual,metadata_resolved_equal_segment,estimated_from_channel,session-area-mapping.md,None
230719,LFP,0,63,63,V1,V1,Visual,metadata_resolved_equal_segment,estimated_from_channel,session-area-mapping.md,None
230719,LFP,0,64,64,V2,V2,Visual,metadata_resolved_equal_segment,estimated_from_channel,session-area-mapping.md,None
230719,LFP,0,65,65,V2,V2,Visual,metadata_resolved_equal_segment,estimated_from_channel,session-area-mapping.md,None
230719,LFP,0,66,66,V2,V2,Visual,metadata_resolved_equal_segment,estimated_from_channel,session-area-mapping.md,None
230719,LFP,0,67,67,V2,V2,Visual,metadata_resolved_equal_segment,estimated_from_channel,session-area-mapping.md,None
230719,LFP,0,68,68,V2,V2,Visual,metadata_resolved_equal_segment,estimated_from_channel,session-area-mapping.md,None
230719,LFP,0,69,69,V2,V2,Visual,metadata_resolved_equal_segment,estimated_from_channel,session-area-mapping.md,None
230719,LFP,0,70,70,V2,V2,Visual,metadata_resolved_equal_segment,estimated_from_channel,session-area-mapping.md,None
230719,LFP,0,71,71,V2,V2,Visual,metadata_resolved_equal_segment,estimated_from_channel,session-area-mapping.md,None
230719,LFP,0,72,72,V2,V2,Visual,metadata_resolved_equal_segment,estimated_from_channel,session-area-mapping.md,None
230719,LFP,0,73,73,V2,V2,Visual,metadata_resolved_equal_segment,estimated_from_channel,session-area-mapping.md,None
230719,LFP,0,74,74,V2,V2,Visual,metadata_resolved_equal_segment,estimated_from_channel,session-area-mapping.md,None
230719,LFP,0,75,75,V2,V2,Visual,metadata_resolved_equal_segment,estimated_from_channel,session-area-mapping.md,None
230719,LFP,0,76,76,V2,V2,Visual,metadata_resolved_equal_segment,estimated_from_channel,session-area-mapping.md,None
230719,LFP,0,77,77,V2,V2,Visual,metadata_resolved_equal_segment,estimated_from_channel,session-area-mapping.md,None
230719,LFP,0,78,78,V2,V2,Visual,metadata_resolved_equal_segment,estimated_from_channel,session-area-mapping.md,None
230719,LFP,0,79,79,V2,V2,Visual,metadata_resolved_equal_segment,estimated_from_channel,session-area-mapping.md,None
230719,LFP,0,80,80,V2,V2,Visual,metadata_resolved_equal_segment,estimated_from_channel,session-area-mapping.md,None
230719,LFP,0,81,81,V2,V2,Visual,metadata_resolved_equal_segment,estimated_from_channel,session-area-mapping.md,None
230719,LFP,0,82,82,V2,V2,Visual,metadata_resolved_equal_segment,estimated_from_channel,session-area-mapping.md,None
230719,LFP,0,83,83,V2,V2,Visual,metadata_resolved_equal_segment,estimated_from_channel,session-area-mapping.md,None
230719,LFP,0,84,84,V2,V2,Visual,metadata_resolved_equal_segment,estimated_from_channel,session-area-mapping.md,None
230719,LFP,0,85,85,V2,V2,Visual,metadata_resolved_equal_segment,estimated_from_channel,session-area-mapping.md,None
230719,LFP,0,86,86,V2,V2,Visual,metadata_resolved_equal_segment,estimated_from_channel,session-area-mapping.md,None
230719,LFP,0,87,87,V2,V2,Visual,metadata_resolved_equal_segment,estimated_from_channel,session-area-mapping.md,None
230719,LFP,0,88,88,V2,V2,Visual,metadata_resolved_equal_segment,estimated_from_channel,session-area-mapping.md,None
230719,LFP,0,89,89,V2,V2,Visual,metadata_resolved_equal_segment,estimated_from_channel,session-area-mapping.md,None
230719,LFP,0,90,90,V2,V2,Visual,metadata_resolved_equal_segment,estimated_from_channel,session-area-mapping.md,None
230719,LFP,0,91,91,V2,V2,Visual,metadata_resolved_equal_segment,estimated_from_channel,session-area-mapping.md,None
230719,LFP,0,92,92,V2,V2,Visual,metadata_resolved_equal_segment,estimated_from_channel,session-area-mapping.md,None
230719,LFP,0,93,93,V2,V2,Visual,metadata_resolved_equal_segment,estimated_from_channel,session-area-mapping.md,None
230719,LFP,0,94,94,V2,V2,Visual,metadata_resolved_equal_segment,estimated_from_channel,session-area-mapping.md,None
230719,LFP,0,95,95,V2,V2,Visual,metadata_resolved_equal_segment,estimated_from_channel,session-area-mapping.md,None
230719,LFP,0,96,96,V2,V2,Visual,metadata_resolved_equal_segment,estimated_from_channel,session-area-mapping.md,None
230719,LFP,0,97,97,V2,V2,Visual,metadata_resolved_equal_segment,estimated_from_channel,session-area-mapping.md,None
230719,LFP,0,98,98,V2,V2,Visual,metadata_resolved_equal_segment,estimated_from_channel,session-area-mapping.md,None
230719,LFP,0,99,99,V2,V2,Visual,metadata_resolved_equal_segment,estimated_from_channel,session-area-mapping.md,None
230719,LFP,0,100,100,V2,V2,Visual,metadata_resolved_equal_segment,estimated_from_channel,session-area-mapping.md,None
230719,LFP,0,101,101,V2,V2,Visual,metadata_resolved_equal_segment,estimated_from_channel,session-area-mapping.md,None
230719,LFP,0,102,102,V2,V2,Visual,metadata_resolved_equal_segment,estimated_from_channel,session-area-mapping.md,None
230719,LFP,0,103,103,V2,V2,Visual,metadata_resolved_equal_segment,estimated_from_channel,session-area-mapping.md,None
230719,LFP,0,104,104,V2,V2,Visual,metadata_resolved_equal_segment,estimated_from_channel,session-area-mapping.md,None
230719,LFP,0,105,105,V2,V2,Visual,metadata_resolved_equal_segment,estimated_from_channel,session-area-mapping.md,None
230719,LFP,0,106,106,V2,V2,Visual,metadata_resolved_equal_segment,estimated_from_channel,session-area-mapping.md,None
230719,LFP,0,107,107,V2,V2,Visual,metadata_resolved_equal_segment,estimated_from_channel,session-area-mapping.md,None
230719,LFP,0,108,108,V2,V2,Visual,metadata_resolved_equal_segment,estimated_from_channel,session-area-mapping.md,None
230719,LFP,0,109,109,V2,V2,Visual,metadata_resolved_equal_segment,estimated_from_channel,session-area-mapping.md,None
230719,LFP,0,110,110,V2,V2,Visual,metadata_resolved_equal_segment,estimated_from_channel,session-area-mapping.md,None
230719,LFP,0,111,111,V2,V2,Visual,metadata_resolved_equal_segment,estimated_from_channel,session-area-mapping.md,None
230719,LFP,0,112,112,V2,V2,Visual,metadata_resolved_equal_segment,estimated_from_channel,session-area-mapping.md,None
230719,LFP,0,113,113,V2,V2,Visual,metadata_resolved_equal_segment,estimated_from_channel,session-area-mapping.md,None
230719,LFP,0,114,114,V2,V2,Visual,metadata_resolved_equal_segment,estimated_from_channel,session-area-mapping.md,None
230719,LFP,0,115,115,V2,V2,Visual,metadata_resolved_equal_segment,estimated_from_channel,session-area-mapping.md,None
230719,LFP,0,116,116,V2,V2,Visual,metadata_resolved_equal_segment,estimated_from_channel,session-area-mapping.md,None
230719,LFP,0,117,117,V2,V2,Visual,metadata_resolved_equal_segment,estimated_from_channel,session-area-mapping.md,None
230719,LFP,0,118,118,V2,V2,Visual,metadata_resolved_equal_segment,estimated_from_channel,session-area-mapping.md,None
230719,LFP,0,119,119,V2,V2,Visual,metadata_resolved_equal_segment,estimated_from_channel,session-area-mapping.md,None
230719,LFP,0,120,120,V2,V2,Visual,metadata_resolved_equal_segment,estimated_from_channel,session-area-mapping.md,None
230719,LFP,0,121,121,V2,V2,Visual,metadata_resolved_equal_segment,estimated_from_channel,session-area-mapping.md,None
230719,LFP,0,122,122,V2,V2,Visual,metadata_resolved_equal_segment,estimated_from_channel,session-area-mapping.md,None
230719,LFP,0,123,123,V2,V2,Visual,metadata_resolved_equal_segment,estimated_from_channel,session-area-mapping.md,None
230719,LFP,0,124,124,V2,V2,Visual,metadata_resolved_equal_segment,estimated_from_channel,session-area-mapping.md,None
230719,LFP,0,125,125,V2,V2,Visual,metadata_resolved_equal_segment,estimated_from_channel,session-area-mapping.md,None
230719,LFP,0,126,126,V2,V2,Visual,metadata_resolved_equal_segment,estimated_from_channel,session-area-mapping.md,None
230719,LFP,0,127,127,V2,V2,Visual,metadata_resolved_equal_segment,estimated_from_channel,session-area-mapping.md,None
230719,LFP,1,128,0,DP (V4),V4,Visual,metadata_resolved_equal_segment,estimated_from_channel,session-area-mapping.md,None
230719,LFP,1,129,1,DP (V4),V4,Visual,metadata_resolved_equal_segment,estimated_from_channel,session-area-mapping.md,None
230719,LFP,1,130,2,DP (V4),V4,Visual,metadata_resolved_equal_segment,estimated_from_channel,session-area-mapping.md,None
230719,LFP,1,131,3,DP (V4),V4,Visual,metadata_resolved_equal_segment,estimated_from_channel,session-area-mapping.md,None
230719,LFP,1,132,4,DP (V4),V4,Visual,metadata_resolved_equal_segment,estimated_from_channel,session-area-mapping.md,None
230719,LFP,1,133,5,DP (V4),V4,Visual,metadata_resolved_equal_segment,estimated_from_channel,session-area-mapping.md,None
230719,LFP,1,134,6,DP (V4),V4,Visual,metadata_resolved_equal_segment,estimated_from_channel,session-area-mapping.md,None
230719,LFP,1,135,7,DP (V4),V4,Visual,metadata_resolved_equal_segment,estimated_from_channel,session-area-mapping.md,None
230719,LFP,1,136,8,DP (V4),V4,Visual,metadata_resolved_equal_segment,estimated_from_channel,session-area-mapping.md,None
230719,LFP,1,137,9,DP (V4),V4,Visual,metadata_resolved_equal_segment,estimated_from_channel,session-area-mapping.md,None
230719,LFP,1,138,10,DP (V4),V4,Visual,metadata_resolved_equal_segment,estimated_from_channel,session-area-mapping.md,None
230719,LFP,1,139,11,DP (V4),V4,Visual,metadata_resolved_equal_segment,estimated_from_channel,session-area-mapping.md,None
230719,LFP,1,140,12,DP (V4),V4,Visual,metadata_resolved_equal_segment,estimated_from_channel,session-area-mapping.md,None
230719,LFP,1,141,13,DP (V4),V4,Visual,metadata_resolved_equal_segment,estimated_from_channel,session-area-mapping.md,None
230719,LFP,1,142,14,DP (V4),V4,Visual,metadata_resolved_equal_segment,estimated_from_channel,session-area-mapping.md,None
230719,LFP,1,143,15,DP (V4),V4,Visual,metadata_resolved_equal_segment,estimated_from_channel,session-area-mapping.md,None
230719,LFP,1,144,16,DP (V4),V4,Visual,metadata_resolved_equal_segment,estimated_from_channel,session-area-mapping.md,None
230719,LFP,1,145,17,DP (V4),V4,Visual,metadata_resolved_equal_segment,estimated_from_channel,session-area-mapping.md,None
230719,LFP,1,146,18,DP (V4),V4,Visual,metadata_resolved_equal_segment,estimated_from_channel,session-area-mapping.md,None
230719,LFP,1,147,19,DP (V4),V4,Visual,metadata_resolved_equal_segment,estimated_from_channel,session-area-mapping.md,None
230719,LFP,1,148,20,DP (V4),V4,Visual,metadata_resolved_equal_segment,estimated_from_channel,session-area-mapping.md,None
230719,LFP,1,149,21,DP (V4),V4,Visual,metadata_resolved_equal_segment,estimated_from_channel,session-area-mapping.md,None
230719,LFP,1,150,22,DP (V4),V4,Visual,metadata_resolved_equal_segment,estimated_from_channel,session-area-mapping.md,None
230719,LFP,1,151,23,DP (V4),V4,Visual,metadata_resolved_equal_segment,estimated_from_channel,session-area-mapping.md,None
230719,LFP,1,152,24,DP (V4),V4,Visual,metadata_resolved_equal_segment,estimated_from_channel,session-area-mapping.md,None
230719,LFP,1,153,25,DP (V4),V4,Visual,metadata_resolved_equal_segment,estimated_from_channel,session-area-mapping.md,None
230719,LFP,1,154,26,DP (V4),V4,Visual,metadata_resolved_equal_segment,estimated_from_channel,session-area-mapping.md,None
230719,LFP,1,155,27,DP (V4),V4,Visual,metadata_resolved_equal_segment,estimated_from_channel,session-area-mapping.md,None
230719,LFP,1,156,28,DP (V4),V4,Visual,metadata_resolved_equal_segment,estimated_from_channel,session-area-mapping.md,None
230719,LFP,1,157,29,DP (V4),V4,Visual,metadata_resolved_equal_segment,estimated_from_channel,session-area-mapping.md,None
230719,LFP,1,158,30,DP (V4),V4,Visual,metadata_resolved_equal_segment,estimated_from_channel,session-area-mapping.md,None
230719,LFP,1,159,31,DP (V4),V4,Visual,metadata_resolved_equal_segment,estimated_from_channel,session-area-mapping.md,None
230719,LFP,1,160,32,DP (V4),V4,Visual,metadata_resolved_equal_segment,estimated_from_channel,session-area-mapping.md,None
230719,LFP,1,161,33,DP (V4),V4,Visual,metadata_resolved_equal_segment,estimated_from_channel,session-area-mapping.md,None
230719,LFP,1,162,34,DP (V4),V4,Visual,metadata_resolved_equal_segment,estimated_from_channel,session-area-mapping.md,None
230719,LFP,1,163,35,DP (V4),V4,Visual,metadata_resolved_equal_segment,estimated_from_channel,session-area-mapping.md,None
230719,LFP,1,164,36,DP (V4),V4,Visual,metadata_resolved_equal_segment,estimated_from_channel,session-area-mapping.md,None
230719,LFP,1,165,37,DP (V4),V4,Visual,metadata_resolved_equal_segment,estimated_from_channel,session-area-mapping.md,None
230719,LFP,1,166,38,DP (V4),V4,Visual,metadata_resolved_equal_segment,estimated_from_channel,session-area-mapping.md,None
230719,LFP,1,167,39,DP (V4),V4,Visual,metadata_resolved_equal_segment,estimated_from_channel,session-area-mapping.md,None
230719,LFP,1,168,40,DP (V4),V4,Visual,metadata_resolved_equal_segment,estimated_from_channel,session-area-mapping.md,None
230719,LFP,1,169,41,DP (V4),V4,Visual,metadata_resolved_equal_segment,estimated_from_channel,session-area-mapping.md,None
230719,LFP,1,170,42,DP (V4),V4,Visual,metadata_resolved_equal_segment,estimated_from_channel,session-area-mapping.md,None
230719,LFP,1,171,43,DP (V4),V4,Visual,metadata_resolved_equal_segment,estimated_from_channel,session-area-mapping.md,None
230719,LFP,1,172,44,DP (V4),V4,Visual,metadata_resolved_equal_segment,estimated_from_channel,session-area-mapping.md,None
230719,LFP,1,173,45,DP (V4),V4,Visual,metadata_resolved_equal_segment,estimated_from_channel,session-area-mapping.md,None
230719,LFP,1,174,46,DP (V4),V4,Visual,metadata_resolved_equal_segment,estimated_from_channel,session-area-mapping.md,None
230719,LFP,1,175,47,DP (V4),V4,Visual,metadata_resolved_equal_segment,estimated_from_channel,session-area-mapping.md,None
230719,LFP,1,176,48,DP (V4),V4,Visual,metadata_resolved_equal_segment,estimated_from_channel,session-area-mapping.md,None
230719,LFP,1,177,49,DP (V4),V4,Visual,metadata_resolved_equal_segment,estimated_from_channel,session-area-mapping.md,None
230719,LFP,1,178,50,DP (V4),V4,Visual,metadata_resolved_equal_segment,estimated_from_channel,session-area-mapping.md,None
230719,LFP,1,179,51,DP (V4),V4,Visual,metadata_resolved_equal_segment,estimated_from_channel,session-area-mapping.md,None
230719,LFP,1,180,52,DP (V4),V4,Visual,metadata_resolved_equal_segment,estimated_from_channel,session-area-mapping.md,None
230719,LFP,1,181,53,DP (V4),V4,Visual,metadata_resolved_equal_segment,estimated_from_channel,session-area-mapping.md,None
230719,LFP,1,182,54,DP (V4),V4,Visual,metadata_resolved_equal_segment,estimated_from_channel,session-area-mapping.md,None
230719,LFP,1,183,55,DP (V4),V4,Visual,metadata_resolved_equal_segment,estimated_from_channel,session-area-mapping.md,None
230719,LFP,1,184,56,DP (V4),V4,Visual,metadata_resolved_equal_segment,estimated_from_channel,session-area-mapping.md,None
230719,LFP,1,185,57,DP (V4),V4,Visual,metadata_resolved_equal_segment,estimated_from_channel,session-area-mapping.md,None
230719,LFP,1,186,58,DP (V4),V4,Visual,metadata_resolved_equal_segment,estimated_from_channel,session-area-mapping.md,None
230719,LFP,1,187,59,DP (V4),V4,Visual,metadata_resolved_equal_segment,estimated_from_channel,session-area-mapping.md,None
230719,LFP,1,188,60,DP (V4),V4,Visual,metadata_resolved_equal_segment,estimated_from_channel,session-area-mapping.md,None
230719,LFP,1,189,61,DP (V4),V4,Visual,metadata_resolved_equal_segment,estimated_from_channel,session-area-mapping.md,None
230719,LFP,1,190,62,DP (V4),V4,Visual,metadata_resolved_equal_segment,estimated_from_channel,session-area-mapping.md,None
230719,LFP,1,191,63,DP (V4),V4,Visual,metadata_resolved_equal_segment,estimated_from_channel,session-area-mapping.md,None
230719,LFP,1,192,64,DP (V4),V4,Visual,metadata_resolved_equal_segment,estimated_from_channel,session-area-mapping.md,None
230719,LFP,1,193,65,DP (V4),V4,Visual,metadata_resolved_equal_segment,estimated_from_channel,session-area-mapping.md,None
230719,LFP,1,194,66,DP (V4),V4,Visual,metadata_resolved_equal_segment,estimated_from_channel,session-area-mapping.md,None
230719,LFP,1,195,67,DP (V4),V4,Visual,metadata_resolved_equal_segment,estimated_from_channel,session-area-mapping.md,None
230719,LFP,1,196,68,DP (V4),V4,Visual,metadata_resolved_equal_segment,estimated_from_channel,session-area-mapping.md,None
230719,LFP,1,197,69,DP (V4),V4,Visual,metadata_resolved_equal_segment,estimated_from_channel,session-area-mapping.md,None
230719,LFP,1,198,70,DP (V4),V4,Visual,metadata_resolved_equal_segment,estimated_from_channel,session-area-mapping.md,None
230719,LFP,1,199,71,DP (V4),V4,Visual,metadata_resolved_equal_segment,estimated_from_channel,session-area-mapping.md,None
230719,LFP,1,200,72,DP (V4),V4,Visual,metadata_resolved_equal_segment,estimated_from_channel,session-area-mapping.md,None
230719,LFP,1,201,73,DP (V4),V4,Visual,metadata_resolved_equal_segment,estimated_from_channel,session-area-mapping.md,None
230719,LFP,1,202,74,DP (V4),V4,Visual,metadata_resolved_equal_segment,estimated_from_channel,session-area-mapping.md,None
230719,LFP,1,203,75,DP (V4),V4,Visual,metadata_resolved_equal_segment,estimated_from_channel,session-area-mapping.md,None
230719,LFP,1,204,76,DP (V4),V4,Visual,metadata_resolved_equal_segment,estimated_from_channel,session-area-mapping.md,None
230719,LFP,1,205,77,DP (V4),V4,Visual,metadata_resolved_equal_segment,estimated_from_channel,session-area-mapping.md,None
230719,LFP,1,206,78,DP (V4),V4,Visual,metadata_resolved_equal_segment,estimated_from_channel,session-area-mapping.md,None
230719,LFP,1,207,79,DP (V4),V4,Visual,metadata_resolved_equal_segment,estimated_from_channel,session-area-mapping.md,None
230719,LFP,1,208,80,DP (V4),V4,Visual,metadata_resolved_equal_segment,estimated_from_channel,session-area-mapping.md,None
230719,LFP,1,209,81,DP (V4),V4,Visual,metadata_resolved_equal_segment,estimated_from_channel,session-area-mapping.md,None
230719,LFP,1,210,82,DP (V4),V4,Visual,metadata_resolved_equal_segment,estimated_from_channel,session-area-mapping.md,None
230719,LFP,1,211,83,DP (V4),V4,Visual,metadata_resolved_equal_segment,estimated_from_channel,session-area-mapping.md,None
230719,LFP,1,212,84,DP (V4),V4,Visual,metadata_resolved_equal_segment,estimated_from_channel,session-area-mapping.md,None
230719,LFP,1,213,85,DP (V4),V4,Visual,metadata_resolved_equal_segment,estimated_from_channel,session-area-mapping.md,None
230719,LFP,1,214,86,DP (V4),V4,Visual,metadata_resolved_equal_segment,estimated_from_channel,session-area-mapping.md,None
230719,LFP,1,215,87,DP (V4),V4,Visual,metadata_resolved_equal_segment,estimated_from_channel,session-area-mapping.md,None
230719,LFP,1,216,88,DP (V4),V4,Visual,metadata_resolved_equal_segment,estimated_from_channel,session-area-mapping.md,None
230719,LFP,1,217,89,DP (V4),V4,Visual,metadata_resolved_equal_segment,estimated_from_channel,session-area-mapping.md,None
230719,LFP,1,218,90,DP (V4),V4,Visual,metadata_resolved_equal_segment,estimated_from_channel,session-area-mapping.md,None
230719,LFP,1,219,91,DP (V4),V4,Visual,metadata_resolved_equal_segment,estimated_from_channel,session-area-mapping.md,None
230719,LFP,1,220,92,DP (V4),V4,Visual,metadata_resolved_equal_segment,estimated_from_channel,session-area-mapping.md,None
230719,LFP,1,221,93,DP (V4),V4,Visual,metadata_resolved_equal_segment,estimated_from_channel,session-area-mapping.md,None
230719,LFP,1,222,94,DP (V4),V4,Visual,metadata_resolved_equal_segment,estimated_from_channel,session-area-mapping.md,None
230719,LFP,1,223,95,DP (V4),V4,Visual,metadata_resolved_equal_segment,estimated_from_channel,session-area-mapping.md,None
230719,LFP,1,224,96,DP (V4),V4,Visual,metadata_resolved_equal_segment,estimated_from_channel,session-area-mapping.md,None
230719,LFP,1,225,97,DP (V4),V4,Visual,metadata_resolved_equal_segment,estimated_from_channel,session-area-mapping.md,None
230719,LFP,1,226,98,DP (V4),V4,Visual,metadata_resolved_equal_segment,estimated_from_channel,session-area-mapping.md,None
230719,LFP,1,227,99,DP (V4),V4,Visual,metadata_resolved_equal_segment,estimated_from_channel,session-area-mapping.md,None
230719,LFP,1,228,100,DP (V4),V4,Visual,metadata_resolved_equal_segment,estimated_from_channel,session-area-mapping.md,None
230719,LFP,1,229,101,DP (V4),V4,Visual,metadata_resolved_equal_segment,estimated_from_channel,session-area-mapping.md,None
230719,LFP,1,230,102,DP (V4),V4,Visual,metadata_resolved_equal_segment,estimated_from_channel,session-area-mapping.md,None
230719,LFP,1,231,103,DP (V4),V4,Visual,metadata_resolved_equal_segment,estimated_from_channel,session-area-mapping.md,None
230719,LFP,1,232,104,DP (V4),V4,Visual,metadata_resolved_equal_segment,estimated_from_channel,session-area-mapping.md,None
230719,LFP,1,233,105,DP (V4),V4,Visual,metadata_resolved_equal_segment,estimated_from_channel,session-area-mapping.md,None
230719,LFP,1,234,106,DP (V4),V4,Visual,metadata_resolved_equal_segment,estimated_from_channel,session-area-mapping.md,None
230719,LFP,1,235,107,DP (V4),V4,Visual,metadata_resolved_equal_segment,estimated_from_channel,session-area-mapping.md,None
230719,LFP,1,236,108,DP (V4),V4,Visual,metadata_resolved_equal_segment,estimated_from_channel,session-area-mapping.md,None
230719,LFP,1,237,109,DP (V4),V4,Visual,metadata_resolved_equal_segment,estimated_from_channel,session-area-mapping.md,None
230719,LFP,1,238,110,DP (V4),V4,Visual,metadata_resolved_equal_segment,estimated_from_channel,session-area-mapping.md,None
230719,LFP,1,239,111,DP (V4),V4,Visual,metadata_resolved_equal_segment,estimated_from_channel,session-area-mapping.md,None
230719,LFP,1,240,112,DP (V4),V4,Visual,metadata_resolved_equal_segment,estimated_from_channel,session-area-mapping.md,None
230719,LFP,1,241,113,DP (V4),V4,Visual,metadata_resolved_equal_segment,estimated_from_channel,session-area-mapping.md,None
230719,LFP,1,242,114,DP (V4),V4,Visual,metadata_resolved_equal_segment,estimated_from_channel,session-area-mapping.md,None
230719,LFP,1,243,115,DP (V4),V4,Visual,metadata_resolved_equal_segment,estimated_from_channel,session-area-mapping.md,None
230719,LFP,1,244,116,DP (V4),V4,Visual,metadata_resolved_equal_segment,estimated_from_channel,session-area-mapping.md,None
230719,LFP,1,245,117,DP (V4),V4,Visual,metadata_resolved_equal_segment,estimated_from_channel,session-area-mapping.md,None
230719,LFP,1,246,118,DP (V4),V4,Visual,metadata_resolved_equal_segment,estimated_from_channel,session-area-mapping.md,None
230719,LFP,1,247,119,DP (V4),V4,Visual,metadata_resolved_equal_segment,estimated_from_channel,session-area-mapping.md,None
230719,LFP,1,248,120,DP (V4),V4,Visual,metadata_resolved_equal_segment,estimated_from_channel,session-area-mapping.md,None
230719,LFP,1,249,121,DP (V4),V4,Visual,metadata_resolved_equal_segment,estimated_from_channel,session-area-mapping.md,None
230719,LFP,1,250,122,DP (V4),V4,Visual,metadata_resolved_equal_segment,estimated_from_channel,session-area-mapping.md,None
230719,LFP,1,251,123,DP (V4),V4,Visual,metadata_resolved_equal_segment,estimated_from_channel,session-area-mapping.md,None
230719,LFP,1,252,124,DP (V4),V4,Visual,metadata_resolved_equal_segment,estimated_from_channel,session-area-mapping.md,None
230719,LFP,1,253,125,DP (V4),V4,Visual,metadata_resolved_equal_segment,estimated_from_channel,session-area-mapping.md,None
230719,LFP,1,254,126,DP (V4),V4,Visual,metadata_resolved_equal_segment,estimated_from_channel,session-area-mapping.md,None
230719,LFP,1,255,127,DP (V4),V4,Visual,metadata_resolved_equal_segment,estimated_from_channel,session-area-mapping.md,None
230719,LFP,2,256,0,V3d,V3d,Visual,metadata_resolved_equal_segment,estimated_from_channel,session-area-mapping.md,None
230719,LFP,2,257,1,V3d,V3d,Visual,metadata_resolved_equal_segment,estimated_from_channel,session-area-mapping.md,None
230719,LFP,2,258,2,V3d,V3d,Visual,metadata_resolved_equal_segment,estimated_from_channel,session-area-mapping.md,None
230719,LFP,2,259,3,V3d,V3d,Visual,metadata_resolved_equal_segment,estimated_from_channel,session-area-mapping.md,None
230719,LFP,2,260,4,V3d,V3d,Visual,metadata_resolved_equal_segment,estimated_from_channel,session-area-mapping.md,None
230719,LFP,2,261,5,V3d,V3d,Visual,metadata_resolved_equal_segment,estimated_from_channel,session-area-mapping.md,None
230719,LFP,2,262,6,V3d,V3d,Visual,metadata_resolved_equal_segment,estimated_from_channel,session-area-mapping.md,None
230719,LFP,2,263,7,V3d,V3d,Visual,metadata_resolved_equal_segment,estimated_from_channel,session-area-mapping.md,None
230719,LFP,2,264,8,V3d,V3d,Visual,metadata_resolved_equal_segment,estimated_from_channel,session-area-mapping.md,None
230719,LFP,2,265,9,V3d,V3d,Visual,metadata_resolved_equal_segment,estimated_from_channel,session-area-mapping.md,None
230719,LFP,2,266,10,V3d,V3d,Visual,metadata_resolved_equal_segment,estimated_from_channel,session-area-mapping.md,None
230719,LFP,2,267,11,V3d,V3d,Visual,metadata_resolved_equal_segment,estimated_from_channel,session-area-mapping.md,None
230719,LFP,2,268,12,V3d,V3d,Visual,metadata_resolved_equal_segment,estimated_from_channel,session-area-mapping.md,None
230719,LFP,2,269,13,V3d,V3d,Visual,metadata_resolved_equal_segment,estimated_from_channel,session-area-mapping.md,None
230719,LFP,2,270,14,V3d,V3d,Visual,metadata_resolved_equal_segment,estimated_from_channel,session-area-mapping.md,None
230719,LFP,2,271,15,V3d,V3d,Visual,metadata_resolved_equal_segment,estimated_from_channel,session-area-mapping.md,None
230719,LFP,2,272,16,V3d,V3d,Visual,metadata_resolved_equal_segment,estimated_from_channel,session-area-mapping.md,None
230719,LFP,2,273,17,V3d,V3d,Visual,metadata_resolved_equal_segment,estimated_from_channel,session-area-mapping.md,None
230719,LFP,2,274,18,V3d,V3d,Visual,metadata_resolved_equal_segment,estimated_from_channel,session-area-mapping.md,None
230719,LFP,2,275,19,V3d,V3d,Visual,metadata_resolved_equal_segment,estimated_from_channel,session-area-mapping.md,None
230719,LFP,2,276,20,V3d,V3d,Visual,metadata_resolved_equal_segment,estimated_from_channel,session-area-mapping.md,None
230719,LFP,2,277,21,V3d,V3d,Visual,metadata_resolved_equal_segment,estimated_from_channel,session-area-mapping.md,None
230719,LFP,2,278,22,V3d,V3d,Visual,metadata_resolved_equal_segment,estimated_from_channel,session-area-mapping.md,None
230719,LFP,2,279,23,V3d,V3d,Visual,metadata_resolved_equal_segment,estimated_from_channel,session-area-mapping.md,None
230719,LFP,2,280,24,V3d,V3d,Visual,metadata_resolved_equal_segment,estimated_from_channel,session-area-mapping.md,None
230719,LFP,2,281,25,V3d,V3d,Visual,metadata_resolved_equal_segment,estimated_from_channel,session-area-mapping.md,None
230719,LFP,2,282,26,V3d,V3d,Visual,metadata_resolved_equal_segment,estimated_from_channel,session-area-mapping.md,None
230719,LFP,2,283,27,V3d,V3d,Visual,metadata_resolved_equal_segment,estimated_from_channel,session-area-mapping.md,None
230719,LFP,2,284,28,V3d,V3d,Visual,metadata_resolved_equal_segment,estimated_from_channel,session-area-mapping.md,None
230719,LFP,2,285,29,V3d,V3d,Visual,metadata_resolved_equal_segment,estimated_from_channel,session-area-mapping.md,None
230719,LFP,2,286,30,V3d,V3d,Visual,metadata_resolved_equal_segment,estimated_from_channel,session-area-mapping.md,None
230719,LFP,2,287,31,V3d,V3d,Visual,metadata_resolved_equal_segment,estimated_from_channel,session-area-mapping.md,None
230719,LFP,2,288,32,V3d,V3d,Visual,metadata_resolved_equal_segment,estimated_from_channel,session-area-mapping.md,None
230719,LFP,2,289,33,V3d,V3d,Visual,metadata_resolved_equal_segment,estimated_from_channel,session-area-mapping.md,None
230719,LFP,2,290,34,V3d,V3d,Visual,metadata_resolved_equal_segment,estimated_from_channel,session-area-mapping.md,None
230719,LFP,2,291,35,V3d,V3d,Visual,metadata_resolved_equal_segment,estimated_from_channel,session-area-mapping.md,None
230719,LFP,2,292,36,V3d,V3d,Visual,metadata_resolved_equal_segment,estimated_from_channel,session-area-mapping.md,None
230719,LFP,2,293,37,V3d,V3d,Visual,metadata_resolved_equal_segment,estimated_from_channel,session-area-mapping.md,None
230719,LFP,2,294,38,V3d,V3d,Visual,metadata_resolved_equal_segment,estimated_from_channel,session-area-mapping.md,None
230719,LFP,2,295,39,V3d,V3d,Visual,metadata_resolved_equal_segment,estimated_from_channel,session-area-mapping.md,None
230719,LFP,2,296,40,V3d,V3d,Visual,metadata_resolved_equal_segment,estimated_from_channel,session-area-mapping.md,None
230719,LFP,2,297,41,V3d,V3d,Visual,metadata_resolved_equal_segment,estimated_from_channel,session-area-mapping.md,None
230719,LFP,2,298,42,V3d,V3d,Visual,metadata_resolved_equal_segment,estimated_from_channel,session-area-mapping.md,None
230719,LFP,2,299,43,V3d,V3d,Visual,metadata_resolved_equal_segment,estimated_from_channel,session-area-mapping.md,None
230719,LFP,2,300,44,V3d,V3d,Visual,metadata_resolved_equal_segment,estimated_from_channel,session-area-mapping.md,None
230719,LFP,2,301,45,V3d,V3d,Visual,metadata_resolved_equal_segment,estimated_from_channel,session-area-mapping.md,None
230719,LFP,2,302,46,V3d,V3d,Visual,metadata_resolved_equal_segment,estimated_from_channel,session-area-mapping.md,None
230719,LFP,2,303,47,V3d,V3d,Visual,metadata_resolved_equal_segment,estimated_from_channel,session-area-mapping.md,None
230719,LFP,2,304,48,V3d,V3d,Visual,metadata_resolved_equal_segment,estimated_from_channel,session-area-mapping.md,None
230719,LFP,2,305,49,V3d,V3d,Visual,metadata_resolved_equal_segment,estimated_from_channel,session-area-mapping.md,None
230719,LFP,2,306,50,V3d,V3d,Visual,metadata_resolved_equal_segment,estimated_from_channel,session-area-mapping.md,None
230719,LFP,2,307,51,V3d,V3d,Visual,metadata_resolved_equal_segment,estimated_from_channel,session-area-mapping.md,None
230719,LFP,2,308,52,V3d,V3d,Visual,metadata_resolved_equal_segment,estimated_from_channel,session-area-mapping.md,None
230719,LFP,2,309,53,V3d,V3d,Visual,metadata_resolved_equal_segment,estimated_from_channel,session-area-mapping.md,None
230719,LFP,2,310,54,V3d,V3d,Visual,metadata_resolved_equal_segment,estimated_from_channel,session-area-mapping.md,None
230719,LFP,2,311,55,V3d,V3d,Visual,metadata_resolved_equal_segment,estimated_from_channel,session-area-mapping.md,None
230719,LFP,2,312,56,V3d,V3d,Visual,metadata_resolved_equal_segment,estimated_from_channel,session-area-mapping.md,None
230719,LFP,2,313,57,V3d,V3d,Visual,metadata_resolved_equal_segment,estimated_from_channel,session-area-mapping.md,None
230719,LFP,2,314,58,V3d,V3d,Visual,metadata_resolved_equal_segment,estimated_from_channel,session-area-mapping.md,None
230719,LFP,2,315,59,V3d,V3d,Visual,metadata_resolved_equal_segment,estimated_from_channel,session-area-mapping.md,None
230719,LFP,2,316,60,V3d,V3d,Visual,metadata_resolved_equal_segment,estimated_from_channel,session-area-mapping.md,None
230719,LFP,2,317,61,V3d,V3d,Visual,metadata_resolved_equal_segment,estimated_from_channel,session-area-mapping.md,None
230719,LFP,2,318,62,V3d,V3d,Visual,metadata_resolved_equal_segment,estimated_from_channel,session-area-mapping.md,None
230719,LFP,2,319,63,V3d,V3d,Visual,metadata_resolved_equal_segment,estimated_from_channel,session-area-mapping.md,None
230719,LFP,2,320,64,V3a,V3a,Visual,metadata_resolved_equal_segment,estimated_from_channel,session-area-mapping.md,None
230719,LFP,2,321,65,V3a,V3a,Visual,metadata_resolved_equal_segment,estimated_from_channel,session-area-mapping.md,None
230719,LFP,2,322,66,V3a,V3a,Visual,metadata_resolved_equal_segment,estimated_from_channel,session-area-mapping.md,None
230719,LFP,2,323,67,V3a,V3a,Visual,metadata_resolved_equal_segment,estimated_from_channel,session-area-mapping.md,None
230719,LFP,2,324,68,V3a,V3a,Visual,metadata_resolved_equal_segment,estimated_from_channel,session-area-mapping.md,None
230719,LFP,2,325,69,V3a,V3a,Visual,metadata_resolved_equal_segment,estimated_from_channel,session-area-mapping.md,None
230719,LFP,2,326,70,V3a,V3a,Visual,metadata_resolved_equal_segment,estimated_from_channel,session-area-mapping.md,None
230719,LFP,2,327,71,V3a,V3a,Visual,metadata_resolved_equal_segment,estimated_from_channel,session-area-mapping.md,None
230719,LFP,2,328,72,V3a,V3a,Visual,metadata_resolved_equal_segment,estimated_from_channel,session-area-mapping.md,None
230719,LFP,2,329,73,V3a,V3a,Visual,metadata_resolved_equal_segment,estimated_from_channel,session-area-mapping.md,None
230719,LFP,2,330,74,V3a,V3a,Visual,metadata_resolved_equal_segment,estimated_from_channel,session-area-mapping.md,None
230719,LFP,2,331,75,V3a,V3a,Visual,metadata_resolved_equal_segment,estimated_from_channel,session-area-mapping.md,None
230719,LFP,2,332,76,V3a,V3a,Visual,metadata_resolved_equal_segment,estimated_from_channel,session-area-mapping.md,None
230719,LFP,2,333,77,V3a,V3a,Visual,metadata_resolved_equal_segment,estimated_from_channel,session-area-mapping.md,None
230719,LFP,2,334,78,V3a,V3a,Visual,metadata_resolved_equal_segment,estimated_from_channel,session-area-mapping.md,None
230719,LFP,2,335,79,V3a,V3a,Visual,metadata_resolved_equal_segment,estimated_from_channel,session-area-mapping.md,None
230719,LFP,2,336,80,V3a,V3a,Visual,metadata_resolved_equal_segment,estimated_from_channel,session-area-mapping.md,None
230719,LFP,2,337,81,V3a,V3a,Visual,metadata_resolved_equal_segment,estimated_from_channel,session-area-mapping.md,None
230719,LFP,2,338,82,V3a,V3a,Visual,metadata_resolved_equal_segment,estimated_from_channel,session-area-mapping.md,None
230719,LFP,2,339,83,V3a,V3a,Visual,metadata_resolved_equal_segment,estimated_from_channel,session-area-mapping.md,None
230719,LFP,2,340,84,V3a,V3a,Visual,metadata_resolved_equal_segment,estimated_from_channel,session-area-mapping.md,None
230719,LFP,2,341,85,V3a,V3a,Visual,metadata_resolved_equal_segment,estimated_from_channel,session-area-mapping.md,None
230719,LFP,2,342,86,V3a,V3a,Visual,metadata_resolved_equal_segment,estimated_from_channel,session-area-mapping.md,None
230719,LFP,2,343,87,V3a,V3a,Visual,metadata_resolved_equal_segment,estimated_from_channel,session-area-mapping.md,None
230719,LFP,2,344,88,V3a,V3a,Visual,metadata_resolved_equal_segment,estimated_from_channel,session-area-mapping.md,None
230719,LFP,2,345,89,V3a,V3a,Visual,metadata_resolved_equal_segment,estimated_from_channel,session-area-mapping.md,None
230719,LFP,2,346,90,V3a,V3a,Visual,metadata_resolved_equal_segment,estimated_from_channel,session-area-mapping.md,None
230719,LFP,2,347,91,V3a,V3a,Visual,metadata_resolved_equal_segment,estimated_from_channel,session-area-mapping.md,None
230719,LFP,2,348,92,V3a,V3a,Visual,metadata_resolved_equal_segment,estimated_from_channel,session-area-mapping.md,None
230719,LFP,2,349,93,V3a,V3a,Visual,metadata_resolved_equal_segment,estimated_from_channel,session-area-mapping.md,None
230719,LFP,2,350,94,V3a,V3a,Visual,metadata_resolved_equal_segment,estimated_from_channel,session-area-mapping.md,None
230719,LFP,2,351,95,V3a,V3a,Visual,metadata_resolved_equal_segment,estimated_from_channel,session-area-mapping.md,None
230719,LFP,2,352,96,V3a,V3a,Visual,metadata_resolved_equal_segment,estimated_from_channel,session-area-mapping.md,None
230719,LFP,2,353,97,V3a,V3a,Visual,metadata_resolved_equal_segment,estimated_from_channel,session-area-mapping.md,None
230719,LFP,2,354,98,V3a,V3a,Visual,metadata_resolved_equal_segment,estimated_from_channel,session-area-mapping.md,None
230719,LFP,2,355,99,V3a,V3a,Visual,metadata_resolved_equal_segment,estimated_from_channel,session-area-mapping.md,None
230719,LFP,2,356,100,V3a,V3a,Visual,metadata_resolved_equal_segment,estimated_from_channel,session-area-mapping.md,None
230719,LFP,2,357,101,V3a,V3a,Visual,metadata_resolved_equal_segment,estimated_from_channel,session-area-mapping.md,None
230719,LFP,2,358,102,V3a,V3a,Visual,metadata_resolved_equal_segment,estimated_from_channel,session-area-mapping.md,None
230719,LFP,2,359,103,V3a,V3a,Visual,metadata_resolved_equal_segment,estimated_from_channel,session-area-mapping.md,None
230719,LFP,2,360,104,V3a,V3a,Visual,metadata_resolved_equal_segment,estimated_from_channel,session-area-mapping.md,None
230719,LFP,2,361,105,V3a,V3a,Visual,metadata_resolved_equal_segment,estimated_from_channel,session-area-mapping.md,None
230719,LFP,2,362,106,V3a,V3a,Visual,metadata_resolved_equal_segment,estimated_from_channel,session-area-mapping.md,None
230719,LFP,2,363,107,V3a,V3a,Visual,metadata_resolved_equal_segment,estimated_from_channel,session-area-mapping.md,None
230719,LFP,2,364,108,V3a,V3a,Visual,metadata_resolved_equal_segment,estimated_from_channel,session-area-mapping.md,None
230719,LFP,2,365,109,V3a,V3a,Visual,metadata_resolved_equal_segment,estimated_from_channel,session-area-mapping.md,None
230719,LFP,2,366,110,V3a,V3a,Visual,metadata_resolved_equal_segment,estimated_from_channel,session-area-mapping.md,None
230719,LFP,2,367,111,V3a,V3a,Visual,metadata_resolved_equal_segment,estimated_from_channel,session-area-mapping.md,None
230719,LFP,2,368,112,V3a,V3a,Visual,metadata_resolved_equal_segment,estimated_from_channel,session-area-mapping.md,None
230719,LFP,2,369,113,V3a,V3a,Visual,metadata_resolved_equal_segment,estimated_from_channel,session-area-mapping.md,None
230719,LFP,2,370,114,V3a,V3a,Visual,metadata_resolved_equal_segment,estimated_from_channel,session-area-mapping.md,None
230719,LFP,2,371,115,V3a,V3a,Visual,metadata_resolved_equal_segment,estimated_from_channel,session-area-mapping.md,None
230719,LFP,2,372,116,V3a,V3a,Visual,metadata_resolved_equal_segment,estimated_from_channel,session-area-mapping.md,None
230719,LFP,2,373,117,V3a,V3a,Visual,metadata_resolved_equal_segment,estimated_from_channel,session-area-mapping.md,None
230719,LFP,2,374,118,V3a,V3a,Visual,metadata_resolved_equal_segment,estimated_from_channel,session-area-mapping.md,None
230719,LFP,2,375,119,V3a,V3a,Visual,metadata_resolved_equal_segment,estimated_from_channel,session-area-mapping.md,None
230719,LFP,2,376,120,V3a,V3a,Visual,metadata_resolved_equal_segment,estimated_from_channel,session-area-mapping.md,None
230719,LFP,2,377,121,V3a,V3a,Visual,metadata_resolved_equal_segment,estimated_from_channel,session-area-mapping.md,None
230719,LFP,2,378,122,V3a,V3a,Visual,metadata_resolved_equal_segment,estimated_from_channel,session-area-mapping.md,None
230719,LFP,2,379,123,V3a,V3a,Visual,metadata_resolved_equal_segment,estimated_from_channel,session-area-mapping.md,None
230719,LFP,2,380,124,V3a,V3a,Visual,metadata_resolved_equal_segment,estimated_from_channel,session-area-mapping.md,None
230719,LFP,2,381,125,V3a,V3a,Visual,metadata_resolved_equal_segment,estimated_from_channel,session-area-mapping.md,None
230719,LFP,2,382,126,V3a,V3a,Visual,metadata_resolved_equal_segment,estimated_from_channel,session-area-mapping.md,None
230719,LFP,2,383,127,V3a,V3a,Visual,metadata_resolved_equal_segment,estimated_from_channel,session-area-mapping.md,None
230720,LFP,0,0,0,V1,V1,Visual,metadata_resolved_equal_segment,estimated_from_channel,session-area-mapping.md,None
230720,LFP,0,1,1,V1,V1,Visual,metadata_resolved_equal_segment,estimated_from_channel,session-area-mapping.md,None
230720,LFP,0,2,2,V1,V1,Visual,metadata_resolved_equal_segment,estimated_from_channel,session-area-mapping.md,None
230720,LFP,0,3,3,V1,V1,Visual,metadata_resolved_equal_segment,estimated_from_channel,session-area-mapping.md,None
230720,LFP,0,4,4,V1,V1,Visual,metadata_resolved_equal_segment,estimated_from_channel,session-area-mapping.md,None
230720,LFP,0,5,5,V1,V1,Visual,metadata_resolved_equal_segment,estimated_from_channel,session-area-mapping.md,None
230720,LFP,0,6,6,V1,V1,Visual,metadata_resolved_equal_segment,estimated_from_channel,session-area-mapping.md,None
230720,LFP,0,7,7,V1,V1,Visual,metadata_resolved_equal_segment,estimated_from_channel,session-area-mapping.md,None
230720,LFP,0,8,8,V1,V1,Visual,metadata_resolved_equal_segment,estimated_from_channel,session-area-mapping.md,None
230720,LFP,0,9,9,V1,V1,Visual,metadata_resolved_equal_segment,estimated_from_channel,session-area-mapping.md,None
230720,LFP,0,10,10,V1,V1,Visual,metadata_resolved_equal_segment,estimated_from_channel,session-area-mapping.md,None
230720,LFP,0,11,11,V1,V1,Visual,metadata_resolved_equal_segment,estimated_from_channel,session-area-mapping.md,None
230720,LFP,0,12,12,V1,V1,Visual,metadata_resolved_equal_segment,estimated_from_channel,session-area-mapping.md,None
230720,LFP,0,13,13,V1,V1,Visual,metadata_resolved_equal_segment,estimated_from_channel,session-area-mapping.md,None
230720,LFP,0,14,14,V1,V1,Visual,metadata_resolved_equal_segment,estimated_from_channel,session-area-mapping.md,None
230720,LFP,0,15,15,V1,V1,Visual,metadata_resolved_equal_segment,estimated_from_channel,session-area-mapping.md,None
230720,LFP,0,16,16,V1,V1,Visual,metadata_resolved_equal_segment,estimated_from_channel,session-area-mapping.md,None
230720,LFP,0,17,17,V1,V1,Visual,metadata_resolved_equal_segment,estimated_from_channel,session-area-mapping.md,None
230720,LFP,0,18,18,V1,V1,Visual,metadata_resolved_equal_segment,estimated_from_channel,session-area-mapping.md,None
230720,LFP,0,19,19,V1,V1,Visual,metadata_resolved_equal_segment,estimated_from_channel,session-area-mapping.md,None
230720,LFP,0,20,20,V1,V1,Visual,metadata_resolved_equal_segment,estimated_from_channel,session-area-mapping.md,None
230720,LFP,0,21,21,V1,V1,Visual,metadata_resolved_equal_segment,estimated_from_channel,session-area-mapping.md,None
230720,LFP,0,22,22,V1,V1,Visual,metadata_resolved_equal_segment,estimated_from_channel,session-area-mapping.md,None
230720,LFP,0,23,23,V1,V1,Visual,metadata_resolved_equal_segment,estimated_from_channel,session-area-mapping.md,None
230720,LFP,0,24,24,V1,V1,Visual,metadata_resolved_equal_segment,estimated_from_channel,session-area-mapping.md,None
230720,LFP,0,25,25,V1,V1,Visual,metadata_resolved_equal_segment,estimated_from_channel,session-area-mapping.md,None
230720,LFP,0,26,26,V1,V1,Visual,metadata_resolved_equal_segment,estimated_from_channel,session-area-mapping.md,None
230720,LFP,0,27,27,V1,V1,Visual,metadata_resolved_equal_segment,estimated_from_channel,session-area-mapping.md,None
230720,LFP,0,28,28,V1,V1,Visual,metadata_resolved_equal_segment,estimated_from_channel,session-area-mapping.md,None
230720,LFP,0,29,29,V1,V1,Visual,metadata_resolved_equal_segment,estimated_from_channel,session-area-mapping.md,None
230720,LFP,0,30,30,V1,V1,Visual,metadata_resolved_equal_segment,estimated_from_channel,session-area-mapping.md,None
230720,LFP,0,31,31,V1,V1,Visual,metadata_resolved_equal_segment,estimated_from_channel,session-area-mapping.md,None
230720,LFP,0,32,32,V1,V1,Visual,metadata_resolved_equal_segment,estimated_from_channel,session-area-mapping.md,None
230720,LFP,0,33,33,V1,V1,Visual,metadata_resolved_equal_segment,estimated_from_channel,session-area-mapping.md,None
230720,LFP,0,34,34,V1,V1,Visual,metadata_resolved_equal_segment,estimated_from_channel,session-area-mapping.md,None
230720,LFP,0,35,35,V1,V1,Visual,metadata_resolved_equal_segment,estimated_from_channel,session-area-mapping.md,None
230720,LFP,0,36,36,V1,V1,Visual,metadata_resolved_equal_segment,estimated_from_channel,session-area-mapping.md,None
230720,LFP,0,37,37,V1,V1,Visual,metadata_resolved_equal_segment,estimated_from_channel,session-area-mapping.md,None
230720,LFP,0,38,38,V1,V1,Visual,metadata_resolved_equal_segment,estimated_from_channel,session-area-mapping.md,None
230720,LFP,0,39,39,V1,V1,Visual,metadata_resolved_equal_segment,estimated_from_channel,session-area-mapping.md,None
230720,LFP,0,40,40,V1,V1,Visual,metadata_resolved_equal_segment,estimated_from_channel,session-area-mapping.md,None
230720,LFP,0,41,41,V1,V1,Visual,metadata_resolved_equal_segment,estimated_from_channel,session-area-mapping.md,None
230720,LFP,0,42,42,V1,V1,Visual,metadata_resolved_equal_segment,estimated_from_channel,session-area-mapping.md,None
230720,LFP,0,43,43,V1,V1,Visual,metadata_resolved_equal_segment,estimated_from_channel,session-area-mapping.md,None
230720,LFP,0,44,44,V1,V1,Visual,metadata_resolved_equal_segment,estimated_from_channel,session-area-mapping.md,None
230720,LFP,0,45,45,V1,V1,Visual,metadata_resolved_equal_segment,estimated_from_channel,session-area-mapping.md,None
230720,LFP,0,46,46,V1,V1,Visual,metadata_resolved_equal_segment,estimated_from_channel,session-area-mapping.md,None
230720,LFP,0,47,47,V1,V1,Visual,metadata_resolved_equal_segment,estimated_from_channel,session-area-mapping.md,None
230720,LFP,0,48,48,V1,V1,Visual,metadata_resolved_equal_segment,estimated_from_channel,session-area-mapping.md,None
230720,LFP,0,49,49,V1,V1,Visual,metadata_resolved_equal_segment,estimated_from_channel,session-area-mapping.md,None
230720,LFP,0,50,50,V1,V1,Visual,metadata_resolved_equal_segment,estimated_from_channel,session-area-mapping.md,None
230720,LFP,0,51,51,V1,V1,Visual,metadata_resolved_equal_segment,estimated_from_channel,session-area-mapping.md,None
230720,LFP,0,52,52,V1,V1,Visual,metadata_resolved_equal_segment,estimated_from_channel,session-area-mapping.md,None
230720,LFP,0,53,53,V1,V1,Visual,metadata_resolved_equal_segment,estimated_from_channel,session-area-mapping.md,None
230720,LFP,0,54,54,V1,V1,Visual,metadata_resolved_equal_segment,estimated_from_channel,session-area-mapping.md,None
230720,LFP,0,55,55,V1,V1,Visual,metadata_resolved_equal_segment,estimated_from_channel,session-area-mapping.md,None
230720,LFP,0,56,56,V1,V1,Visual,metadata_resolved_equal_segment,estimated_from_channel,session-area-mapping.md,None
230720,LFP,0,57,57,V1,V1,Visual,metadata_resolved_equal_segment,estimated_from_channel,session-area-mapping.md,None
230720,LFP,0,58,58,V1,V1,Visual,metadata_resolved_equal_segment,estimated_from_channel,session-area-mapping.md,None
230720,LFP,0,59,59,V1,V1,Visual,metadata_resolved_equal_segment,estimated_from_channel,session-area-mapping.md,None
230720,LFP,0,60,60,V1,V1,Visual,metadata_resolved_equal_segment,estimated_from_channel,session-area-mapping.md,None
230720,LFP,0,61,61,V1,V1,Visual,metadata_resolved_equal_segment,estimated_from_channel,session-area-mapping.md,None
230720,LFP,0,62,62,V1,V1,Visual,metadata_resolved_equal_segment,estimated_from_channel,session-area-mapping.md,None
230720,LFP,0,63,63,V1,V1,Visual,metadata_resolved_equal_segment,estimated_from_channel,session-area-mapping.md,None
230720,LFP,0,64,64,V2,V2,Visual,metadata_resolved_equal_segment,estimated_from_channel,session-area-mapping.md,None
230720,LFP,0,65,65,V2,V2,Visual,metadata_resolved_equal_segment,estimated_from_channel,session-area-mapping.md,None
230720,LFP,0,66,66,V2,V2,Visual,metadata_resolved_equal_segment,estimated_from_channel,session-area-mapping.md,None
230720,LFP,0,67,67,V2,V2,Visual,metadata_resolved_equal_segment,estimated_from_channel,session-area-mapping.md,None
230720,LFP,0,68,68,V2,V2,Visual,metadata_resolved_equal_segment,estimated_from_channel,session-area-mapping.md,None
230720,LFP,0,69,69,V2,V2,Visual,metadata_resolved_equal_segment,estimated_from_channel,session-area-mapping.md,None
230720,LFP,0,70,70,V2,V2,Visual,metadata_resolved_equal_segment,estimated_from_channel,session-area-mapping.md,None
230720,LFP,0,71,71,V2,V2,Visual,metadata_resolved_equal_segment,estimated_from_channel,session-area-mapping.md,None
230720,LFP,0,72,72,V2,V2,Visual,metadata_resolved_equal_segment,estimated_from_channel,session-area-mapping.md,None
230720,LFP,0,73,73,V2,V2,Visual,metadata_resolved_equal_segment,estimated_from_channel,session-area-mapping.md,None
230720,LFP,0,74,74,V2,V2,Visual,metadata_resolved_equal_segment,estimated_from_channel,session-area-mapping.md,None
230720,LFP,0,75,75,V2,V2,Visual,metadata_resolved_equal_segment,estimated_from_channel,session-area-mapping.md,None
230720,LFP,0,76,76,V2,V2,Visual,metadata_resolved_equal_segment,estimated_from_channel,session-area-mapping.md,None
230720,LFP,0,77,77,V2,V2,Visual,metadata_resolved_equal_segment,estimated_from_channel,session-area-mapping.md,None
230720,LFP,0,78,78,V2,V2,Visual,metadata_resolved_equal_segment,estimated_from_channel,session-area-mapping.md,None
230720,LFP,0,79,79,V2,V2,Visual,metadata_resolved_equal_segment,estimated_from_channel,session-area-mapping.md,None
230720,LFP,0,80,80,V2,V2,Visual,metadata_resolved_equal_segment,estimated_from_channel,session-area-mapping.md,None
230720,LFP,0,81,81,V2,V2,Visual,metadata_resolved_equal_segment,estimated_from_channel,session-area-mapping.md,None
230720,LFP,0,82,82,V2,V2,Visual,metadata_resolved_equal_segment,estimated_from_channel,session-area-mapping.md,None
230720,LFP,0,83,83,V2,V2,Visual,metadata_resolved_equal_segment,estimated_from_channel,session-area-mapping.md,None
230720,LFP,0,84,84,V2,V2,Visual,metadata_resolved_equal_segment,estimated_from_channel,session-area-mapping.md,None
230720,LFP,0,85,85,V2,V2,Visual,metadata_resolved_equal_segment,estimated_from_channel,session-area-mapping.md,None
230720,LFP,0,86,86,V2,V2,Visual,metadata_resolved_equal_segment,estimated_from_channel,session-area-mapping.md,None
230720,LFP,0,87,87,V2,V2,Visual,metadata_resolved_equal_segment,estimated_from_channel,session-area-mapping.md,None
230720,LFP,0,88,88,V2,V2,Visual,metadata_resolved_equal_segment,estimated_from_channel,session-area-mapping.md,None
230720,LFP,0,89,89,V2,V2,Visual,metadata_resolved_equal_segment,estimated_from_channel,session-area-mapping.md,None
230720,LFP,0,90,90,V2,V2,Visual,metadata_resolved_equal_segment,estimated_from_channel,session-area-mapping.md,None
230720,LFP,0,91,91,V2,V2,Visual,metadata_resolved_equal_segment,estimated_from_channel,session-area-mapping.md,None
230720,LFP,0,92,92,V2,V2,Visual,metadata_resolved_equal_segment,estimated_from_channel,session-area-mapping.md,None
230720,LFP,0,93,93,V2,V2,Visual,metadata_resolved_equal_segment,estimated_from_channel,session-area-mapping.md,None
230720,LFP,0,94,94,V2,V2,Visual,metadata_resolved_equal_segment,estimated_from_channel,session-area-mapping.md,None
230720,LFP,0,95,95,V2,V2,Visual,metadata_resolved_equal_segment,estimated_from_channel,session-area-mapping.md,None
230720,LFP,0,96,96,V2,V2,Visual,metadata_resolved_equal_segment,estimated_from_channel,session-area-mapping.md,None
230720,LFP,0,97,97,V2,V2,Visual,metadata_resolved_equal_segment,estimated_from_channel,session-area-mapping.md,None
230720,LFP,0,98,98,V2,V2,Visual,metadata_resolved_equal_segment,estimated_from_channel,session-area-mapping.md,None
230720,LFP,0,99,99,V2,V2,Visual,metadata_resolved_equal_segment,estimated_from_channel,session-area-mapping.md,None
230720,LFP,0,100,100,V2,V2,Visual,metadata_resolved_equal_segment,estimated_from_channel,session-area-mapping.md,None
230720,LFP,0,101,101,V2,V2,Visual,metadata_resolved_equal_segment,estimated_from_channel,session-area-mapping.md,None
230720,LFP,0,102,102,V2,V2,Visual,metadata_resolved_equal_segment,estimated_from_channel,session-area-mapping.md,None
230720,LFP,0,103,103,V2,V2,Visual,metadata_resolved_equal_segment,estimated_from_channel,session-area-mapping.md,None
230720,LFP,0,104,104,V2,V2,Visual,metadata_resolved_equal_segment,estimated_from_channel,session-area-mapping.md,None
230720,LFP,0,105,105,V2,V2,Visual,metadata_resolved_equal_segment,estimated_from_channel,session-area-mapping.md,None
230720,LFP,0,106,106,V2,V2,Visual,metadata_resolved_equal_segment,estimated_from_channel,session-area-mapping.md,None
230720,LFP,0,107,107,V2,V2,Visual,metadata_resolved_equal_segment,estimated_from_channel,session-area-mapping.md,None
230720,LFP,0,108,108,V2,V2,Visual,metadata_resolved_equal_segment,estimated_from_channel,session-area-mapping.md,None
230720,LFP,0,109,109,V2,V2,Visual,metadata_resolved_equal_segment,estimated_from_channel,session-area-mapping.md,None
230720,LFP,0,110,110,V2,V2,Visual,metadata_resolved_equal_segment,estimated_from_channel,session-area-mapping.md,None
230720,LFP,0,111,111,V2,V2,Visual,metadata_resolved_equal_segment,estimated_from_channel,session-area-mapping.md,None
230720,LFP,0,112,112,V2,V2,Visual,metadata_resolved_equal_segment,estimated_from_channel,session-area-mapping.md,None
230720,LFP,0,113,113,V2,V2,Visual,metadata_resolved_equal_segment,estimated_from_channel,session-area-mapping.md,None
230720,LFP,0,114,114,V2,V2,Visual,metadata_resolved_equal_segment,estimated_from_channel,session-area-mapping.md,None
230720,LFP,0,115,115,V2,V2,Visual,metadata_resolved_equal_segment,estimated_from_channel,session-area-mapping.md,None
230720,LFP,0,116,116,V2,V2,Visual,metadata_resolved_equal_segment,estimated_from_channel,session-area-mapping.md,None
230720,LFP,0,117,117,V2,V2,Visual,metadata_resolved_equal_segment,estimated_from_channel,session-area-mapping.md,None
230720,LFP,0,118,118,V2,V2,Visual,metadata_resolved_equal_segment,estimated_from_channel,session-area-mapping.md,None
230720,LFP,0,119,119,V2,V2,Visual,metadata_resolved_equal_segment,estimated_from_channel,session-area-mapping.md,None
230720,LFP,0,120,120,V2,V2,Visual,metadata_resolved_equal_segment,estimated_from_channel,session-area-mapping.md,None
230720,LFP,0,121,121,V2,V2,Visual,metadata_resolved_equal_segment,estimated_from_channel,session-area-mapping.md,None
230720,LFP,0,122,122,V2,V2,Visual,metadata_resolved_equal_segment,estimated_from_channel,session-area-mapping.md,None
230720,LFP,0,123,123,V2,V2,Visual,metadata_resolved_equal_segment,estimated_from_channel,session-area-mapping.md,None
230720,LFP,0,124,124,V2,V2,Visual,metadata_resolved_equal_segment,estimated_from_channel,session-area-mapping.md,None
230720,LFP,0,125,125,V2,V2,Visual,metadata_resolved_equal_segment,estimated_from_channel,session-area-mapping.md,None
230720,LFP,0,126,126,V2,V2,Visual,metadata_resolved_equal_segment,estimated_from_channel,session-area-mapping.md,None
230720,LFP,0,127,127,V2,V2,Visual,metadata_resolved_equal_segment,estimated_from_channel,session-area-mapping.md,None
230720,LFP,1,128,0,V3d,V3d,Visual,metadata_resolved_equal_segment,estimated_from_channel,session-area-mapping.md,None
230720,LFP,1,129,1,V3d,V3d,Visual,metadata_resolved_equal_segment,estimated_from_channel,session-area-mapping.md,None
230720,LFP,1,130,2,V3d,V3d,Visual,metadata_resolved_equal_segment,estimated_from_channel,session-area-mapping.md,None
230720,LFP,1,131,3,V3d,V3d,Visual,metadata_resolved_equal_segment,estimated_from_channel,session-area-mapping.md,None
230720,LFP,1,132,4,V3d,V3d,Visual,metadata_resolved_equal_segment,estimated_from_channel,session-area-mapping.md,None
230720,LFP,1,133,5,V3d,V3d,Visual,metadata_resolved_equal_segment,estimated_from_channel,session-area-mapping.md,None
230720,LFP,1,134,6,V3d,V3d,Visual,metadata_resolved_equal_segment,estimated_from_channel,session-area-mapping.md,None
230720,LFP,1,135,7,V3d,V3d,Visual,metadata_resolved_equal_segment,estimated_from_channel,session-area-mapping.md,None
230720,LFP,1,136,8,V3d,V3d,Visual,metadata_resolved_equal_segment,estimated_from_channel,session-area-mapping.md,None
230720,LFP,1,137,9,V3d,V3d,Visual,metadata_resolved_equal_segment,estimated_from_channel,session-area-mapping.md,None
230720,LFP,1,138,10,V3d,V3d,Visual,metadata_resolved_equal_segment,estimated_from_channel,session-area-mapping.md,None
230720,LFP,1,139,11,V3d,V3d,Visual,metadata_resolved_equal_segment,estimated_from_channel,session-area-mapping.md,None
230720,LFP,1,140,12,V3d,V3d,Visual,metadata_resolved_equal_segment,estimated_from_channel,session-area-mapping.md,None
230720,LFP,1,141,13,V3d,V3d,Visual,metadata_resolved_equal_segment,estimated_from_channel,session-area-mapping.md,None
230720,LFP,1,142,14,V3d,V3d,Visual,metadata_resolved_equal_segment,estimated_from_channel,session-area-mapping.md,None
230720,LFP,1,143,15,V3d,V3d,Visual,metadata_resolved_equal_segment,estimated_from_channel,session-area-mapping.md,None
230720,LFP,1,144,16,V3d,V3d,Visual,metadata_resolved_equal_segment,estimated_from_channel,session-area-mapping.md,None
230720,LFP,1,145,17,V3d,V3d,Visual,metadata_resolved_equal_segment,estimated_from_channel,session-area-mapping.md,None
230720,LFP,1,146,18,V3d,V3d,Visual,metadata_resolved_equal_segment,estimated_from_channel,session-area-mapping.md,None
230720,LFP,1,147,19,V3d,V3d,Visual,metadata_resolved_equal_segment,estimated_from_channel,session-area-mapping.md,None
230720,LFP,1,148,20,V3d,V3d,Visual,metadata_resolved_equal_segment,estimated_from_channel,session-area-mapping.md,None
230720,LFP,1,149,21,V3d,V3d,Visual,metadata_resolved_equal_segment,estimated_from_channel,session-area-mapping.md,None
230720,LFP,1,150,22,V3d,V3d,Visual,metadata_resolved_equal_segment,estimated_from_channel,session-area-mapping.md,None
230720,LFP,1,151,23,V3d,V3d,Visual,metadata_resolved_equal_segment,estimated_from_channel,session-area-mapping.md,None
230720,LFP,1,152,24,V3d,V3d,Visual,metadata_resolved_equal_segment,estimated_from_channel,session-area-mapping.md,None
230720,LFP,1,153,25,V3d,V3d,Visual,metadata_resolved_equal_segment,estimated_from_channel,session-area-mapping.md,None
230720,LFP,1,154,26,V3d,V3d,Visual,metadata_resolved_equal_segment,estimated_from_channel,session-area-mapping.md,None
230720,LFP,1,155,27,V3d,V3d,Visual,metadata_resolved_equal_segment,estimated_from_channel,session-area-mapping.md,None
230720,LFP,1,156,28,V3d,V3d,Visual,metadata_resolved_equal_segment,estimated_from_channel,session-area-mapping.md,None
230720,LFP,1,157,29,V3d,V3d,Visual,metadata_resolved_equal_segment,estimated_from_channel,session-area-mapping.md,None
230720,LFP,1,158,30,V3d,V3d,Visual,metadata_resolved_equal_segment,estimated_from_channel,session-area-mapping.md,None
230720,LFP,1,159,31,V3d,V3d,Visual,metadata_resolved_equal_segment,estimated_from_channel,session-area-mapping.md,None
230720,LFP,1,160,32,V3d,V3d,Visual,metadata_resolved_equal_segment,estimated_from_channel,session-area-mapping.md,None
230720,LFP,1,161,33,V3d,V3d,Visual,metadata_resolved_equal_segment,estimated_from_channel,session-area-mapping.md,None
230720,LFP,1,162,34,V3d,V3d,Visual,metadata_resolved_equal_segment,estimated_from_channel,session-area-mapping.md,None
230720,LFP,1,163,35,V3d,V3d,Visual,metadata_resolved_equal_segment,estimated_from_channel,session-area-mapping.md,None
230720,LFP,1,164,36,V3d,V3d,Visual,metadata_resolved_equal_segment,estimated_from_channel,session-area-mapping.md,None
230720,LFP,1,165,37,V3d,V3d,Visual,metadata_resolved_equal_segment,estimated_from_channel,session-area-mapping.md,None
230720,LFP,1,166,38,V3d,V3d,Visual,metadata_resolved_equal_segment,estimated_from_channel,session-area-mapping.md,None
230720,LFP,1,167,39,V3d,V3d,Visual,metadata_resolved_equal_segment,estimated_from_channel,session-area-mapping.md,None
230720,LFP,1,168,40,V3d,V3d,Visual,metadata_resolved_equal_segment,estimated_from_channel,session-area-mapping.md,None
230720,LFP,1,169,41,V3d,V3d,Visual,metadata_resolved_equal_segment,estimated_from_channel,session-area-mapping.md,None
230720,LFP,1,170,42,V3d,V3d,Visual,metadata_resolved_equal_segment,estimated_from_channel,session-area-mapping.md,None
230720,LFP,1,171,43,V3d,V3d,Visual,metadata_resolved_equal_segment,estimated_from_channel,session-area-mapping.md,None
230720,LFP,1,172,44,V3d,V3d,Visual,metadata_resolved_equal_segment,estimated_from_channel,session-area-mapping.md,None
230720,LFP,1,173,45,V3d,V3d,Visual,metadata_resolved_equal_segment,estimated_from_channel,session-area-mapping.md,None
230720,LFP,1,174,46,V3d,V3d,Visual,metadata_resolved_equal_segment,estimated_from_channel,session-area-mapping.md,None
230720,LFP,1,175,47,V3d,V3d,Visual,metadata_resolved_equal_segment,estimated_from_channel,session-area-mapping.md,None
230720,LFP,1,176,48,V3d,V3d,Visual,metadata_resolved_equal_segment,estimated_from_channel,session-area-mapping.md,None
230720,LFP,1,177,49,V3d,V3d,Visual,metadata_resolved_equal_segment,estimated_from_channel,session-area-mapping.md,None
230720,LFP,1,178,50,V3d,V3d,Visual,metadata_resolved_equal_segment,estimated_from_channel,session-area-mapping.md,None
230720,LFP,1,179,51,V3d,V3d,Visual,metadata_resolved_equal_segment,estimated_from_channel,session-area-mapping.md,None
230720,LFP,1,180,52,V3d,V3d,Visual,metadata_resolved_equal_segment,estimated_from_channel,session-area-mapping.md,None
230720,LFP,1,181,53,V3d,V3d,Visual,metadata_resolved_equal_segment,estimated_from_channel,session-area-mapping.md,None
230720,LFP,1,182,54,V3d,V3d,Visual,metadata_resolved_equal_segment,estimated_from_channel,session-area-mapping.md,None
230720,LFP,1,183,55,V3d,V3d,Visual,metadata_resolved_equal_segment,estimated_from_channel,session-area-mapping.md,None
230720,LFP,1,184,56,V3d,V3d,Visual,metadata_resolved_equal_segment,estimated_from_channel,session-area-mapping.md,None
230720,LFP,1,185,57,V3d,V3d,Visual,metadata_resolved_equal_segment,estimated_from_channel,session-area-mapping.md,None
230720,LFP,1,186,58,V3d,V3d,Visual,metadata_resolved_equal_segment,estimated_from_channel,session-area-mapping.md,None
230720,LFP,1,187,59,V3d,V3d,Visual,metadata_resolved_equal_segment,estimated_from_channel,session-area-mapping.md,None
230720,LFP,1,188,60,V3d,V3d,Visual,metadata_resolved_equal_segment,estimated_from_channel,session-area-mapping.md,None
230720,LFP,1,189,61,V3d,V3d,Visual,metadata_resolved_equal_segment,estimated_from_channel,session-area-mapping.md,None
230720,LFP,1,190,62,V3d,V3d,Visual,metadata_resolved_equal_segment,estimated_from_channel,session-area-mapping.md,None
230720,LFP,1,191,63,V3d,V3d,Visual,metadata_resolved_equal_segment,estimated_from_channel,session-area-mapping.md,None
230720,LFP,1,192,64,V3a,V3a,Visual,metadata_resolved_equal_segment,estimated_from_channel,session-area-mapping.md,None
230720,LFP,1,193,65,V3a,V3a,Visual,metadata_resolved_equal_segment,estimated_from_channel,session-area-mapping.md,None
230720,LFP,1,194,66,V3a,V3a,Visual,metadata_resolved_equal_segment,estimated_from_channel,session-area-mapping.md,None
230720,LFP,1,195,67,V3a,V3a,Visual,metadata_resolved_equal_segment,estimated_from_channel,session-area-mapping.md,None
230720,LFP,1,196,68,V3a,V3a,Visual,metadata_resolved_equal_segment,estimated_from_channel,session-area-mapping.md,None
230720,LFP,1,197,69,V3a,V3a,Visual,metadata_resolved_equal_segment,estimated_from_channel,session-area-mapping.md,None
230720,LFP,1,198,70,V3a,V3a,Visual,metadata_resolved_equal_segment,estimated_from_channel,session-area-mapping.md,None
230720,LFP,1,199,71,V3a,V3a,Visual,metadata_resolved_equal_segment,estimated_from_channel,session-area-mapping.md,None
230720,LFP,1,200,72,V3a,V3a,Visual,metadata_resolved_equal_segment,estimated_from_channel,session-area-mapping.md,None
230720,LFP,1,201,73,V3a,V3a,Visual,metadata_resolved_equal_segment,estimated_from_channel,session-area-mapping.md,None
230720,LFP,1,202,74,V3a,V3a,Visual,metadata_resolved_equal_segment,estimated_from_channel,session-area-mapping.md,None
230720,LFP,1,203,75,V3a,V3a,Visual,metadata_resolved_equal_segment,estimated_from_channel,session-area-mapping.md,None
230720,LFP,1,204,76,V3a,V3a,Visual,metadata_resolved_equal_segment,estimated_from_channel,session-area-mapping.md,None
230720,LFP,1,205,77,V3a,V3a,Visual,metadata_resolved_equal_segment,estimated_from_channel,session-area-mapping.md,None
230720,LFP,1,206,78,V3a,V3a,Visual,metadata_resolved_equal_segment,estimated_from_channel,session-area-mapping.md,None
230720,LFP,1,207,79,V3a,V3a,Visual,metadata_resolved_equal_segment,estimated_from_channel,session-area-mapping.md,None
230720,LFP,1,208,80,V3a,V3a,Visual,metadata_resolved_equal_segment,estimated_from_channel,session-area-mapping.md,None
230720,LFP,1,209,81,V3a,V3a,Visual,metadata_resolved_equal_segment,estimated_from_channel,session-area-mapping.md,None
230720,LFP,1,210,82,V3a,V3a,Visual,metadata_resolved_equal_segment,estimated_from_channel,session-area-mapping.md,None
230720,LFP,1,211,83,V3a,V3a,Visual,metadata_resolved_equal_segment,estimated_from_channel,session-area-mapping.md,None
230720,LFP,1,212,84,V3a,V3a,Visual,metadata_resolved_equal_segment,estimated_from_channel,session-area-mapping.md,None
230720,LFP,1,213,85,V3a,V3a,Visual,metadata_resolved_equal_segment,estimated_from_channel,session-area-mapping.md,None
230720,LFP,1,214,86,V3a,V3a,Visual,metadata_resolved_equal_segment,estimated_from_channel,session-area-mapping.md,None
230720,LFP,1,215,87,V3a,V3a,Visual,metadata_resolved_equal_segment,estimated_from_channel,session-area-mapping.md,None
230720,LFP,1,216,88,V3a,V3a,Visual,metadata_resolved_equal_segment,estimated_from_channel,session-area-mapping.md,None
230720,LFP,1,217,89,V3a,V3a,Visual,metadata_resolved_equal_segment,estimated_from_channel,session-area-mapping.md,None
230720,LFP,1,218,90,V3a,V3a,Visual,metadata_resolved_equal_segment,estimated_from_channel,session-area-mapping.md,None
230720,LFP,1,219,91,V3a,V3a,Visual,metadata_resolved_equal_segment,estimated_from_channel,session-area-mapping.md,None
230720,LFP,1,220,92,V3a,V3a,Visual,metadata_resolved_equal_segment,estimated_from_channel,session-area-mapping.md,None
230720,LFP,1,221,93,V3a,V3a,Visual,metadata_resolved_equal_segment,estimated_from_channel,session-area-mapping.md,None
230720,LFP,1,222,94,V3a,V3a,Visual,metadata_resolved_equal_segment,estimated_from_channel,session-area-mapping.md,None
230720,LFP,1,223,95,V3a,V3a,Visual,metadata_resolved_equal_segment,estimated_from_channel,session-area-mapping.md,None
230720,LFP,1,224,96,V3a,V3a,Visual,metadata_resolved_equal_segment,estimated_from_channel,session-area-mapping.md,None
230720,LFP,1,225,97,V3a,V3a,Visual,metadata_resolved_equal_segment,estimated_from_channel,session-area-mapping.md,None
230720,LFP,1,226,98,V3a,V3a,Visual,metadata_resolved_equal_segment,estimated_from_channel,session-area-mapping.md,None
230720,LFP,1,227,99,V3a,V3a,Visual,metadata_resolved_equal_segment,estimated_from_channel,session-area-mapping.md,None
230720,LFP,1,228,100,V3a,V3a,Visual,metadata_resolved_equal_segment,estimated_from_channel,session-area-mapping.md,None
230720,LFP,1,229,101,V3a,V3a,Visual,metadata_resolved_equal_segment,estimated_from_channel,session-area-mapping.md,None
230720,LFP,1,230,102,V3a,V3a,Visual,metadata_resolved_equal_segment,estimated_from_channel,session-area-mapping.md,None
230720,LFP,1,231,103,V3a,V3a,Visual,metadata_resolved_equal_segment,estimated_from_channel,session-area-mapping.md,None
230720,LFP,1,232,104,V3a,V3a,Visual,metadata_resolved_equal_segment,estimated_from_channel,session-area-mapping.md,None
230720,LFP,1,233,105,V3a,V3a,Visual,metadata_resolved_equal_segment,estimated_from_channel,session-area-mapping.md,None
230720,LFP,1,234,106,V3a,V3a,Visual,metadata_resolved_equal_segment,estimated_from_channel,session-area-mapping.md,None
230720,LFP,1,235,107,V3a,V3a,Visual,metadata_resolved_equal_segment,estimated_from_channel,session-area-mapping.md,None
230720,LFP,1,236,108,V3a,V3a,Visual,metadata_resolved_equal_segment,estimated_from_channel,session-area-mapping.md,None
230720,LFP,1,237,109,V3a,V3a,Visual,metadata_resolved_equal_segment,estimated_from_channel,session-area-mapping.md,None
230720,LFP,1,238,110,V3a,V3a,Visual,metadata_resolved_equal_segment,estimated_from_channel,session-area-mapping.md,None
230720,LFP,1,239,111,V3a,V3a,Visual,metadata_resolved_equal_segment,estimated_from_channel,session-area-mapping.md,None
230720,LFP,1,240,112,V3a,V3a,Visual,metadata_resolved_equal_segment,estimated_from_channel,session-area-mapping.md,None
230720,LFP,1,241,113,V3a,V3a,Visual,metadata_resolved_equal_segment,estimated_from_channel,session-area-mapping.md,None
230720,LFP,1,242,114,V3a,V3a,Visual,metadata_resolved_equal_segment,estimated_from_channel,session-area-mapping.md,None
230720,LFP,1,243,115,V3a,V3a,Visual,metadata_resolved_equal_segment,estimated_from_channel,session-area-mapping.md,None
230720,LFP,1,244,116,V3a,V3a,Visual,metadata_resolved_equal_segment,estimated_from_channel,session-area-mapping.md,None
230720,LFP,1,245,117,V3a,V3a,Visual,metadata_resolved_equal_segment,estimated_from_channel,session-area-mapping.md,None
230720,LFP,1,246,118,V3a,V3a,Visual,metadata_resolved_equal_segment,estimated_from_channel,session-area-mapping.md,None
230720,LFP,1,247,119,V3a,V3a,Visual,metadata_resolved_equal_segment,estimated_from_channel,session-area-mapping.md,None
230720,LFP,1,248,120,V3a,V3a,Visual,metadata_resolved_equal_segment,estimated_from_channel,session-area-mapping.md,None
230720,LFP,1,249,121,V3a,V3a,Visual,metadata_resolved_equal_segment,estimated_from_channel,session-area-mapping.md,None
230720,LFP,1,250,122,V3a,V3a,Visual,metadata_resolved_equal_segment,estimated_from_channel,session-area-mapping.md,None
230720,LFP,1,251,123,V3a,V3a,Visual,metadata_resolved_equal_segment,estimated_from_channel,session-area-mapping.md,None
230720,LFP,1,252,124,V3a,V3a,Visual,metadata_resolved_equal_segment,estimated_from_channel,session-area-mapping.md,None
230720,LFP,1,253,125,V3a,V3a,Visual,metadata_resolved_equal_segment,estimated_from_channel,session-area-mapping.md,None
230720,LFP,1,254,126,V3a,V3a,Visual,metadata_resolved_equal_segment,estimated_from_channel,session-area-mapping.md,None
230720,LFP,1,255,127,V3a,V3a,Visual,metadata_resolved_equal_segment,estimated_from_channel,session-area-mapping.md,None
230721,LFP,0,0,0,V1,V1,Visual,metadata_resolved_equal_segment,estimated_from_channel,session-area-mapping.md,None
230721,LFP,0,1,1,V1,V1,Visual,metadata_resolved_equal_segment,estimated_from_channel,session-area-mapping.md,None
230721,LFP,0,2,2,V1,V1,Visual,metadata_resolved_equal_segment,estimated_from_channel,session-area-mapping.md,None
230721,LFP,0,3,3,V1,V1,Visual,metadata_resolved_equal_segment,estimated_from_channel,session-area-mapping.md,None
230721,LFP,0,4,4,V1,V1,Visual,metadata_resolved_equal_segment,estimated_from_channel,session-area-mapping.md,None
230721,LFP,0,5,5,V1,V1,Visual,metadata_resolved_equal_segment,estimated_from_channel,session-area-mapping.md,None
230721,LFP,0,6,6,V1,V1,Visual,metadata_resolved_equal_segment,estimated_from_channel,session-area-mapping.md,None
230721,LFP,0,7,7,V1,V1,Visual,metadata_resolved_equal_segment,estimated_from_channel,session-area-mapping.md,None
230721,LFP,0,8,8,V1,V1,Visual,metadata_resolved_equal_segment,estimated_from_channel,session-area-mapping.md,None
230721,LFP,0,9,9,V1,V1,Visual,metadata_resolved_equal_segment,estimated_from_channel,session-area-mapping.md,None
230721,LFP,0,10,10,V1,V1,Visual,metadata_resolved_equal_segment,estimated_from_channel,session-area-mapping.md,None
230721,LFP,0,11,11,V1,V1,Visual,metadata_resolved_equal_segment,estimated_from_channel,session-area-mapping.md,None
230721,LFP,0,12,12,V1,V1,Visual,metadata_resolved_equal_segment,estimated_from_channel,session-area-mapping.md,None
230721,LFP,0,13,13,V1,V1,Visual,metadata_resolved_equal_segment,estimated_from_channel,session-area-mapping.md,None
230721,LFP,0,14,14,V1,V1,Visual,metadata_resolved_equal_segment,estimated_from_channel,session-area-mapping.md,None
230721,LFP,0,15,15,V1,V1,Visual,metadata_resolved_equal_segment,estimated_from_channel,session-area-mapping.md,None
230721,LFP,0,16,16,V1,V1,Visual,metadata_resolved_equal_segment,estimated_from_channel,session-area-mapping.md,None
230721,LFP,0,17,17,V1,V1,Visual,metadata_resolved_equal_segment,estimated_from_channel,session-area-mapping.md,None
230721,LFP,0,18,18,V1,V1,Visual,metadata_resolved_equal_segment,estimated_from_channel,session-area-mapping.md,None
230721,LFP,0,19,19,V1,V1,Visual,metadata_resolved_equal_segment,estimated_from_channel,session-area-mapping.md,None
230721,LFP,0,20,20,V1,V1,Visual,metadata_resolved_equal_segment,estimated_from_channel,session-area-mapping.md,None
230721,LFP,0,21,21,V1,V1,Visual,metadata_resolved_equal_segment,estimated_from_channel,session-area-mapping.md,None
230721,LFP,0,22,22,V1,V1,Visual,metadata_resolved_equal_segment,estimated_from_channel,session-area-mapping.md,None
230721,LFP,0,23,23,V1,V1,Visual,metadata_resolved_equal_segment,estimated_from_channel,session-area-mapping.md,None
230721,LFP,0,24,24,V1,V1,Visual,metadata_resolved_equal_segment,estimated_from_channel,session-area-mapping.md,None
230721,LFP,0,25,25,V1,V1,Visual,metadata_resolved_equal_segment,estimated_from_channel,session-area-mapping.md,None
230721,LFP,0,26,26,V1,V1,Visual,metadata_resolved_equal_segment,estimated_from_channel,session-area-mapping.md,None
230721,LFP,0,27,27,V1,V1,Visual,metadata_resolved_equal_segment,estimated_from_channel,session-area-mapping.md,None
230721,LFP,0,28,28,V1,V1,Visual,metadata_resolved_equal_segment,estimated_from_channel,session-area-mapping.md,None
230721,LFP,0,29,29,V1,V1,Visual,metadata_resolved_equal_segment,estimated_from_channel,session-area-mapping.md,None
230721,LFP,0,30,30,V1,V1,Visual,metadata_resolved_equal_segment,estimated_from_channel,session-area-mapping.md,None
230721,LFP,0,31,31,V1,V1,Visual,metadata_resolved_equal_segment,estimated_from_channel,session-area-mapping.md,None
230721,LFP,0,32,32,V1,V1,Visual,metadata_resolved_equal_segment,estimated_from_channel,session-area-mapping.md,None
230721,LFP,0,33,33,V1,V1,Visual,metadata_resolved_equal_segment,estimated_from_channel,session-area-mapping.md,None
230721,LFP,0,34,34,V1,V1,Visual,metadata_resolved_equal_segment,estimated_from_channel,session-area-mapping.md,None
230721,LFP,0,35,35,V1,V1,Visual,metadata_resolved_equal_segment,estimated_from_channel,session-area-mapping.md,None
230721,LFP,0,36,36,V1,V1,Visual,metadata_resolved_equal_segment,estimated_from_channel,session-area-mapping.md,None
230721,LFP,0,37,37,V1,V1,Visual,metadata_resolved_equal_segment,estimated_from_channel,session-area-mapping.md,None
230721,LFP,0,38,38,V1,V1,Visual,metadata_resolved_equal_segment,estimated_from_channel,session-area-mapping.md,None
230721,LFP,0,39,39,V1,V1,Visual,metadata_resolved_equal_segment,estimated_from_channel,session-area-mapping.md,None
230721,LFP,0,40,40,V1,V1,Visual,metadata_resolved_equal_segment,estimated_from_channel,session-area-mapping.md,None
230721,LFP,0,41,41,V1,V1,Visual,metadata_resolved_equal_segment,estimated_from_channel,session-area-mapping.md,None
230721,LFP,0,42,42,V1,V1,Visual,metadata_resolved_equal_segment,estimated_from_channel,session-area-mapping.md,None
230721,LFP,0,43,43,V1,V1,Visual,metadata_resolved_equal_segment,estimated_from_channel,session-area-mapping.md,None
230721,LFP,0,44,44,V1,V1,Visual,metadata_resolved_equal_segment,estimated_from_channel,session-area-mapping.md,None
230721,LFP,0,45,45,V1,V1,Visual,metadata_resolved_equal_segment,estimated_from_channel,session-area-mapping.md,None
230721,LFP,0,46,46,V1,V1,Visual,metadata_resolved_equal_segment,estimated_from_channel,session-area-mapping.md,None
230721,LFP,0,47,47,V1,V1,Visual,metadata_resolved_equal_segment,estimated_from_channel,session-area-mapping.md,None
230721,LFP,0,48,48,V1,V1,Visual,metadata_resolved_equal_segment,estimated_from_channel,session-area-mapping.md,None
230721,LFP,0,49,49,V1,V1,Visual,metadata_resolved_equal_segment,estimated_from_channel,session-area-mapping.md,None
230721,LFP,0,50,50,V1,V1,Visual,metadata_resolved_equal_segment,estimated_from_channel,session-area-mapping.md,None
230721,LFP,0,51,51,V1,V1,Visual,metadata_resolved_equal_segment,estimated_from_channel,session-area-mapping.md,None
230721,LFP,0,52,52,V1,V1,Visual,metadata_resolved_equal_segment,estimated_from_channel,session-area-mapping.md,None
230721,LFP,0,53,53,V1,V1,Visual,metadata_resolved_equal_segment,estimated_from_channel,session-area-mapping.md,None
230721,LFP,0,54,54,V1,V1,Visual,metadata_resolved_equal_segment,estimated_from_channel,session-area-mapping.md,None
230721,LFP,0,55,55,V1,V1,Visual,metadata_resolved_equal_segment,estimated_from_channel,session-area-mapping.md,None
230721,LFP,0,56,56,V1,V1,Visual,metadata_resolved_equal_segment,estimated_from_channel,session-area-mapping.md,None
230721,LFP,0,57,57,V1,V1,Visual,metadata_resolved_equal_segment,estimated_from_channel,session-area-mapping.md,None
230721,LFP,0,58,58,V1,V1,Visual,metadata_resolved_equal_segment,estimated_from_channel,session-area-mapping.md,None
230721,LFP,0,59,59,V1,V1,Visual,metadata_resolved_equal_segment,estimated_from_channel,session-area-mapping.md,None
230721,LFP,0,60,60,V1,V1,Visual,metadata_resolved_equal_segment,estimated_from_channel,session-area-mapping.md,None
230721,LFP,0,61,61,V1,V1,Visual,metadata_resolved_equal_segment,estimated_from_channel,session-area-mapping.md,None
230721,LFP,0,62,62,V1,V1,Visual,metadata_resolved_equal_segment,estimated_from_channel,session-area-mapping.md,None
230721,LFP,0,63,63,V1,V1,Visual,metadata_resolved_equal_segment,estimated_from_channel,session-area-mapping.md,None
230721,LFP,0,64,64,V2,V2,Visual,metadata_resolved_equal_segment,estimated_from_channel,session-area-mapping.md,None
230721,LFP,0,65,65,V2,V2,Visual,metadata_resolved_equal_segment,estimated_from_channel,session-area-mapping.md,None
230721,LFP,0,66,66,V2,V2,Visual,metadata_resolved_equal_segment,estimated_from_channel,session-area-mapping.md,None
230721,LFP,0,67,67,V2,V2,Visual,metadata_resolved_equal_segment,estimated_from_channel,session-area-mapping.md,None
230721,LFP,0,68,68,V2,V2,Visual,metadata_resolved_equal_segment,estimated_from_channel,session-area-mapping.md,None
230721,LFP,0,69,69,V2,V2,Visual,metadata_resolved_equal_segment,estimated_from_channel,session-area-mapping.md,None
230721,LFP,0,70,70,V2,V2,Visual,metadata_resolved_equal_segment,estimated_from_channel,session-area-mapping.md,None
230721,LFP,0,71,71,V2,V2,Visual,metadata_resolved_equal_segment,estimated_from_channel,session-area-mapping.md,None
230721,LFP,0,72,72,V2,V2,Visual,metadata_resolved_equal_segment,estimated_from_channel,session-area-mapping.md,None
230721,LFP,0,73,73,V2,V2,Visual,metadata_resolved_equal_segment,estimated_from_channel,session-area-mapping.md,None
230721,LFP,0,74,74,V2,V2,Visual,metadata_resolved_equal_segment,estimated_from_channel,session-area-mapping.md,None
230721,LFP,0,75,75,V2,V2,Visual,metadata_resolved_equal_segment,estimated_from_channel,session-area-mapping.md,None
230721,LFP,0,76,76,V2,V2,Visual,metadata_resolved_equal_segment,estimated_from_channel,session-area-mapping.md,None
230721,LFP,0,77,77,V2,V2,Visual,metadata_resolved_equal_segment,estimated_from_channel,session-area-mapping.md,None
230721,LFP,0,78,78,V2,V2,Visual,metadata_resolved_equal_segment,estimated_from_channel,session-area-mapping.md,None
230721,LFP,0,79,79,V2,V2,Visual,metadata_resolved_equal_segment,estimated_from_channel,session-area-mapping.md,None
230721,LFP,0,80,80,V2,V2,Visual,metadata_resolved_equal_segment,estimated_from_channel,session-area-mapping.md,None
230721,LFP,0,81,81,V2,V2,Visual,metadata_resolved_equal_segment,estimated_from_channel,session-area-mapping.md,None
230721,LFP,0,82,82,V2,V2,Visual,metadata_resolved_equal_segment,estimated_from_channel,session-area-mapping.md,None
230721,LFP,0,83,83,V2,V2,Visual,metadata_resolved_equal_segment,estimated_from_channel,session-area-mapping.md,None
230721,LFP,0,84,84,V2,V2,Visual,metadata_resolved_equal_segment,estimated_from_channel,session-area-mapping.md,None
230721,LFP,0,85,85,V2,V2,Visual,metadata_resolved_equal_segment,estimated_from_channel,session-area-mapping.md,None
230721,LFP,0,86,86,V2,V2,Visual,metadata_resolved_equal_segment,estimated_from_channel,session-area-mapping.md,None
230721,LFP,0,87,87,V2,V2,Visual,metadata_resolved_equal_segment,estimated_from_channel,session-area-mapping.md,None
230721,LFP,0,88,88,V2,V2,Visual,metadata_resolved_equal_segment,estimated_from_channel,session-area-mapping.md,None
230721,LFP,0,89,89,V2,V2,Visual,metadata_resolved_equal_segment,estimated_from_channel,session-area-mapping.md,None
230721,LFP,0,90,90,V2,V2,Visual,metadata_resolved_equal_segment,estimated_from_channel,session-area-mapping.md,None
230721,LFP,0,91,91,V2,V2,Visual,metadata_resolved_equal_segment,estimated_from_channel,session-area-mapping.md,None
230721,LFP,0,92,92,V2,V2,Visual,metadata_resolved_equal_segment,estimated_from_channel,session-area-mapping.md,None
230721,LFP,0,93,93,V2,V2,Visual,metadata_resolved_equal_segment,estimated_from_channel,session-area-mapping.md,None
230721,LFP,0,94,94,V2,V2,Visual,metadata_resolved_equal_segment,estimated_from_channel,session-area-mapping.md,None
230721,LFP,0,95,95,V2,V2,Visual,metadata_resolved_equal_segment,estimated_from_channel,session-area-mapping.md,None
230721,LFP,0,96,96,V2,V2,Visual,metadata_resolved_equal_segment,estimated_from_channel,session-area-mapping.md,None
230721,LFP,0,97,97,V2,V2,Visual,metadata_resolved_equal_segment,estimated_from_channel,session-area-mapping.md,None
230721,LFP,0,98,98,V2,V2,Visual,metadata_resolved_equal_segment,estimated_from_channel,session-area-mapping.md,None
230721,LFP,0,99,99,V2,V2,Visual,metadata_resolved_equal_segment,estimated_from_channel,session-area-mapping.md,None
230721,LFP,0,100,100,V2,V2,Visual,metadata_resolved_equal_segment,estimated_from_channel,session-area-mapping.md,None
230721,LFP,0,101,101,V2,V2,Visual,metadata_resolved_equal_segment,estimated_from_channel,session-area-mapping.md,None
230721,LFP,0,102,102,V2,V2,Visual,metadata_resolved_equal_segment,estimated_from_channel,session-area-mapping.md,None
230721,LFP,0,103,103,V2,V2,Visual,metadata_resolved_equal_segment,estimated_from_channel,session-area-mapping.md,None
230721,LFP,0,104,104,V2,V2,Visual,metadata_resolved_equal_segment,estimated_from_channel,session-area-mapping.md,None
230721,LFP,0,105,105,V2,V2,Visual,metadata_resolved_equal_segment,estimated_from_channel,session-area-mapping.md,None
230721,LFP,0,106,106,V2,V2,Visual,metadata_resolved_equal_segment,estimated_from_channel,session-area-mapping.md,None
230721,LFP,0,107,107,V2,V2,Visual,metadata_resolved_equal_segment,estimated_from_channel,session-area-mapping.md,None
230721,LFP,0,108,108,V2,V2,Visual,metadata_resolved_equal_segment,estimated_from_channel,session-area-mapping.md,None
230721,LFP,0,109,109,V2,V2,Visual,metadata_resolved_equal_segment,estimated_from_channel,session-area-mapping.md,None
230721,LFP,0,110,110,V2,V2,Visual,metadata_resolved_equal_segment,estimated_from_channel,session-area-mapping.md,None
230721,LFP,0,111,111,V2,V2,Visual,metadata_resolved_equal_segment,estimated_from_channel,session-area-mapping.md,None
230721,LFP,0,112,112,V2,V2,Visual,metadata_resolved_equal_segment,estimated_from_channel,session-area-mapping.md,None
230721,LFP,0,113,113,V2,V2,Visual,metadata_resolved_equal_segment,estimated_from_channel,session-area-mapping.md,None
230721,LFP,0,114,114,V2,V2,Visual,metadata_resolved_equal_segment,estimated_from_channel,session-area-mapping.md,None
230721,LFP,0,115,115,V2,V2,Visual,metadata_resolved_equal_segment,estimated_from_channel,session-area-mapping.md,None
230721,LFP,0,116,116,V2,V2,Visual,metadata_resolved_equal_segment,estimated_from_channel,session-area-mapping.md,None
230721,LFP,0,117,117,V2,V2,Visual,metadata_resolved_equal_segment,estimated_from_channel,session-area-mapping.md,None
230721,LFP,0,118,118,V2,V2,Visual,metadata_resolved_equal_segment,estimated_from_channel,session-area-mapping.md,None
230721,LFP,0,119,119,V2,V2,Visual,metadata_resolved_equal_segment,estimated_from_channel,session-area-mapping.md,None
230721,LFP,0,120,120,V2,V2,Visual,metadata_resolved_equal_segment,estimated_from_channel,session-area-mapping.md,None
230721,LFP,0,121,121,V2,V2,Visual,metadata_resolved_equal_segment,estimated_from_channel,session-area-mapping.md,None
230721,LFP,0,122,122,V2,V2,Visual,metadata_resolved_equal_segment,estimated_from_channel,session-area-mapping.md,None
230721,LFP,0,123,123,V2,V2,Visual,metadata_resolved_equal_segment,estimated_from_channel,session-area-mapping.md,None
230721,LFP,0,124,124,V2,V2,Visual,metadata_resolved_equal_segment,estimated_from_channel,session-area-mapping.md,None
230721,LFP,0,125,125,V2,V2,Visual,metadata_resolved_equal_segment,estimated_from_channel,session-area-mapping.md,None
230721,LFP,0,126,126,V2,V2,Visual,metadata_resolved_equal_segment,estimated_from_channel,session-area-mapping.md,None
230721,LFP,0,127,127,V2,V2,Visual,metadata_resolved_equal_segment,estimated_from_channel,session-area-mapping.md,None
230721,LFP,1,128,0,V3d,V3d,Visual,metadata_resolved_equal_segment,estimated_from_channel,session-area-mapping.md,None
230721,LFP,1,129,1,V3d,V3d,Visual,metadata_resolved_equal_segment,estimated_from_channel,session-area-mapping.md,None
230721,LFP,1,130,2,V3d,V3d,Visual,metadata_resolved_equal_segment,estimated_from_channel,session-area-mapping.md,None
230721,LFP,1,131,3,V3d,V3d,Visual,metadata_resolved_equal_segment,estimated_from_channel,session-area-mapping.md,None
230721,LFP,1,132,4,V3d,V3d,Visual,metadata_resolved_equal_segment,estimated_from_channel,session-area-mapping.md,None
230721,LFP,1,133,5,V3d,V3d,Visual,metadata_resolved_equal_segment,estimated_from_channel,session-area-mapping.md,None
230721,LFP,1,134,6,V3d,V3d,Visual,metadata_resolved_equal_segment,estimated_from_channel,session-area-mapping.md,None
230721,LFP,1,135,7,V3d,V3d,Visual,metadata_resolved_equal_segment,estimated_from_channel,session-area-mapping.md,None
230721,LFP,1,136,8,V3d,V3d,Visual,metadata_resolved_equal_segment,estimated_from_channel,session-area-mapping.md,None
230721,LFP,1,137,9,V3d,V3d,Visual,metadata_resolved_equal_segment,estimated_from_channel,session-area-mapping.md,None
230721,LFP,1,138,10,V3d,V3d,Visual,metadata_resolved_equal_segment,estimated_from_channel,session-area-mapping.md,None
230721,LFP,1,139,11,V3d,V3d,Visual,metadata_resolved_equal_segment,estimated_from_channel,session-area-mapping.md,None
230721,LFP,1,140,12,V3d,V3d,Visual,metadata_resolved_equal_segment,estimated_from_channel,session-area-mapping.md,None
230721,LFP,1,141,13,V3d,V3d,Visual,metadata_resolved_equal_segment,estimated_from_channel,session-area-mapping.md,None
230721,LFP,1,142,14,V3d,V3d,Visual,metadata_resolved_equal_segment,estimated_from_channel,session-area-mapping.md,None
230721,LFP,1,143,15,V3d,V3d,Visual,metadata_resolved_equal_segment,estimated_from_channel,session-area-mapping.md,None
230721,LFP,1,144,16,V3d,V3d,Visual,metadata_resolved_equal_segment,estimated_from_channel,session-area-mapping.md,None
230721,LFP,1,145,17,V3d,V3d,Visual,metadata_resolved_equal_segment,estimated_from_channel,session-area-mapping.md,None
230721,LFP,1,146,18,V3d,V3d,Visual,metadata_resolved_equal_segment,estimated_from_channel,session-area-mapping.md,None
230721,LFP,1,147,19,V3d,V3d,Visual,metadata_resolved_equal_segment,estimated_from_channel,session-area-mapping.md,None
230721,LFP,1,148,20,V3d,V3d,Visual,metadata_resolved_equal_segment,estimated_from_channel,session-area-mapping.md,None
230721,LFP,1,149,21,V3d,V3d,Visual,metadata_resolved_equal_segment,estimated_from_channel,session-area-mapping.md,None
230721,LFP,1,150,22,V3d,V3d,Visual,metadata_resolved_equal_segment,estimated_from_channel,session-area-mapping.md,None
230721,LFP,1,151,23,V3d,V3d,Visual,metadata_resolved_equal_segment,estimated_from_channel,session-area-mapping.md,None
230721,LFP,1,152,24,V3d,V3d,Visual,metadata_resolved_equal_segment,estimated_from_channel,session-area-mapping.md,None
230721,LFP,1,153,25,V3d,V3d,Visual,metadata_resolved_equal_segment,estimated_from_channel,session-area-mapping.md,None
230721,LFP,1,154,26,V3d,V3d,Visual,metadata_resolved_equal_segment,estimated_from_channel,session-area-mapping.md,None
230721,LFP,1,155,27,V3d,V3d,Visual,metadata_resolved_equal_segment,estimated_from_channel,session-area-mapping.md,None
230721,LFP,1,156,28,V3d,V3d,Visual,metadata_resolved_equal_segment,estimated_from_channel,session-area-mapping.md,None
230721,LFP,1,157,29,V3d,V3d,Visual,metadata_resolved_equal_segment,estimated_from_channel,session-area-mapping.md,None
230721,LFP,1,158,30,V3d,V3d,Visual,metadata_resolved_equal_segment,estimated_from_channel,session-area-mapping.md,None
230721,LFP,1,159,31,V3d,V3d,Visual,metadata_resolved_equal_segment,estimated_from_channel,session-area-mapping.md,None
230721,LFP,1,160,32,V3d,V3d,Visual,metadata_resolved_equal_segment,estimated_from_channel,session-area-mapping.md,None
230721,LFP,1,161,33,V3d,V3d,Visual,metadata_resolved_equal_segment,estimated_from_channel,session-area-mapping.md,None
230721,LFP,1,162,34,V3d,V3d,Visual,metadata_resolved_equal_segment,estimated_from_channel,session-area-mapping.md,None
230721,LFP,1,163,35,V3d,V3d,Visual,metadata_resolved_equal_segment,estimated_from_channel,session-area-mapping.md,None
230721,LFP,1,164,36,V3d,V3d,Visual,metadata_resolved_equal_segment,estimated_from_channel,session-area-mapping.md,None
230721,LFP,1,165,37,V3d,V3d,Visual,metadata_resolved_equal_segment,estimated_from_channel,session-area-mapping.md,None
230721,LFP,1,166,38,V3d,V3d,Visual,metadata_resolved_equal_segment,estimated_from_channel,session-area-mapping.md,None
230721,LFP,1,167,39,V3d,V3d,Visual,metadata_resolved_equal_segment,estimated_from_channel,session-area-mapping.md,None
230721,LFP,1,168,40,V3d,V3d,Visual,metadata_resolved_equal_segment,estimated_from_channel,session-area-mapping.md,None
230721,LFP,1,169,41,V3d,V3d,Visual,metadata_resolved_equal_segment,estimated_from_channel,session-area-mapping.md,None
230721,LFP,1,170,42,V3d,V3d,Visual,metadata_resolved_equal_segment,estimated_from_channel,session-area-mapping.md,None
230721,LFP,1,171,43,V3d,V3d,Visual,metadata_resolved_equal_segment,estimated_from_channel,session-area-mapping.md,None
230721,LFP,1,172,44,V3d,V3d,Visual,metadata_resolved_equal_segment,estimated_from_channel,session-area-mapping.md,None
230721,LFP,1,173,45,V3d,V3d,Visual,metadata_resolved_equal_segment,estimated_from_channel,session-area-mapping.md,None
230721,LFP,1,174,46,V3d,V3d,Visual,metadata_resolved_equal_segment,estimated_from_channel,session-area-mapping.md,None
230721,LFP,1,175,47,V3d,V3d,Visual,metadata_resolved_equal_segment,estimated_from_channel,session-area-mapping.md,None
230721,LFP,1,176,48,V3d,V3d,Visual,metadata_resolved_equal_segment,estimated_from_channel,session-area-mapping.md,None
230721,LFP,1,177,49,V3d,V3d,Visual,metadata_resolved_equal_segment,estimated_from_channel,session-area-mapping.md,None
230721,LFP,1,178,50,V3d,V3d,Visual,metadata_resolved_equal_segment,estimated_from_channel,session-area-mapping.md,None
230721,LFP,1,179,51,V3d,V3d,Visual,metadata_resolved_equal_segment,estimated_from_channel,session-area-mapping.md,None
230721,LFP,1,180,52,V3d,V3d,Visual,metadata_resolved_equal_segment,estimated_from_channel,session-area-mapping.md,None
230721,LFP,1,181,53,V3d,V3d,Visual,metadata_resolved_equal_segment,estimated_from_channel,session-area-mapping.md,None
230721,LFP,1,182,54,V3d,V3d,Visual,metadata_resolved_equal_segment,estimated_from_channel,session-area-mapping.md,None
230721,LFP,1,183,55,V3d,V3d,Visual,metadata_resolved_equal_segment,estimated_from_channel,session-area-mapping.md,None
230721,LFP,1,184,56,V3d,V3d,Visual,metadata_resolved_equal_segment,estimated_from_channel,session-area-mapping.md,None
230721,LFP,1,185,57,V3d,V3d,Visual,metadata_resolved_equal_segment,estimated_from_channel,session-area-mapping.md,None
230721,LFP,1,186,58,V3d,V3d,Visual,metadata_resolved_equal_segment,estimated_from_channel,session-area-mapping.md,None
230721,LFP,1,187,59,V3d,V3d,Visual,metadata_resolved_equal_segment,estimated_from_channel,session-area-mapping.md,None
230721,LFP,1,188,60,V3d,V3d,Visual,metadata_resolved_equal_segment,estimated_from_channel,session-area-mapping.md,None
230721,LFP,1,189,61,V3d,V3d,Visual,metadata_resolved_equal_segment,estimated_from_channel,session-area-mapping.md,None
230721,LFP,1,190,62,V3d,V3d,Visual,metadata_resolved_equal_segment,estimated_from_channel,session-area-mapping.md,None
230721,LFP,1,191,63,V3d,V3d,Visual,metadata_resolved_equal_segment,estimated_from_channel,session-area-mapping.md,None
230721,LFP,1,192,64,V3a,V3a,Visual,metadata_resolved_equal_segment,estimated_from_channel,session-area-mapping.md,None
230721,LFP,1,193,65,V3a,V3a,Visual,metadata_resolved_equal_segment,estimated_from_channel,session-area-mapping.md,None
230721,LFP,1,194,66,V3a,V3a,Visual,metadata_resolved_equal_segment,estimated_from_channel,session-area-mapping.md,None
230721,LFP,1,195,67,V3a,V3a,Visual,metadata_resolved_equal_segment,estimated_from_channel,session-area-mapping.md,None
230721,LFP,1,196,68,V3a,V3a,Visual,metadata_resolved_equal_segment,estimated_from_channel,session-area-mapping.md,None
230721,LFP,1,197,69,V3a,V3a,Visual,metadata_resolved_equal_segment,estimated_from_channel,session-area-mapping.md,None
230721,LFP,1,198,70,V3a,V3a,Visual,metadata_resolved_equal_segment,estimated_from_channel,session-area-mapping.md,None
230721,LFP,1,199,71,V3a,V3a,Visual,metadata_resolved_equal_segment,estimated_from_channel,session-area-mapping.md,None
230721,LFP,1,200,72,V3a,V3a,Visual,metadata_resolved_equal_segment,estimated_from_channel,session-area-mapping.md,None
230721,LFP,1,201,73,V3a,V3a,Visual,metadata_resolved_equal_segment,estimated_from_channel,session-area-mapping.md,None
230721,LFP,1,202,74,V3a,V3a,Visual,metadata_resolved_equal_segment,estimated_from_channel,session-area-mapping.md,None
230721,LFP,1,203,75,V3a,V3a,Visual,metadata_resolved_equal_segment,estimated_from_channel,session-area-mapping.md,None
230721,LFP,1,204,76,V3a,V3a,Visual,metadata_resolved_equal_segment,estimated_from_channel,session-area-mapping.md,None
230721,LFP,1,205,77,V3a,V3a,Visual,metadata_resolved_equal_segment,estimated_from_channel,session-area-mapping.md,None
230721,LFP,1,206,78,V3a,V3a,Visual,metadata_resolved_equal_segment,estimated_from_channel,session-area-mapping.md,None
230721,LFP,1,207,79,V3a,V3a,Visual,metadata_resolved_equal_segment,estimated_from_channel,session-area-mapping.md,None
230721,LFP,1,208,80,V3a,V3a,Visual,metadata_resolved_equal_segment,estimated_from_channel,session-area-mapping.md,None
230721,LFP,1,209,81,V3a,V3a,Visual,metadata_resolved_equal_segment,estimated_from_channel,session-area-mapping.md,None
230721,LFP,1,210,82,V3a,V3a,Visual,metadata_resolved_equal_segment,estimated_from_channel,session-area-mapping.md,None
230721,LFP,1,211,83,V3a,V3a,Visual,metadata_resolved_equal_segment,estimated_from_channel,session-area-mapping.md,None
230721,LFP,1,212,84,V3a,V3a,Visual,metadata_resolved_equal_segment,estimated_from_channel,session-area-mapping.md,None
230721,LFP,1,213,85,V3a,V3a,Visual,metadata_resolved_equal_segment,estimated_from_channel,session-area-mapping.md,None
230721,LFP,1,214,86,V3a,V3a,Visual,metadata_resolved_equal_segment,estimated_from_channel,session-area-mapping.md,None
230721,LFP,1,215,87,V3a,V3a,Visual,metadata_resolved_equal_segment,estimated_from_channel,session-area-mapping.md,None
230721,LFP,1,216,88,V3a,V3a,Visual,metadata_resolved_equal_segment,estimated_from_channel,session-area-mapping.md,None
230721,LFP,1,217,89,V3a,V3a,Visual,metadata_resolved_equal_segment,estimated_from_channel,session-area-mapping.md,None
230721,LFP,1,218,90,V3a,V3a,Visual,metadata_resolved_equal_segment,estimated_from_channel,session-area-mapping.md,None
230721,LFP,1,219,91,V3a,V3a,Visual,metadata_resolved_equal_segment,estimated_from_channel,session-area-mapping.md,None
230721,LFP,1,220,92,V3a,V3a,Visual,metadata_resolved_equal_segment,estimated_from_channel,session-area-mapping.md,None
230721,LFP,1,221,93,V3a,V3a,Visual,metadata_resolved_equal_segment,estimated_from_channel,session-area-mapping.md,None
230721,LFP,1,222,94,V3a,V3a,Visual,metadata_resolved_equal_segment,estimated_from_channel,session-area-mapping.md,None
230721,LFP,1,223,95,V3a,V3a,Visual,metadata_resolved_equal_segment,estimated_from_channel,session-area-mapping.md,None
230721,LFP,1,224,96,V3a,V3a,Visual,metadata_resolved_equal_segment,estimated_from_channel,session-area-mapping.md,None
230721,LFP,1,225,97,V3a,V3a,Visual,metadata_resolved_equal_segment,estimated_from_channel,session-area-mapping.md,None
230721,LFP,1,226,98,V3a,V3a,Visual,metadata_resolved_equal_segment,estimated_from_channel,session-area-mapping.md,None
230721,LFP,1,227,99,V3a,V3a,Visual,metadata_resolved_equal_segment,estimated_from_channel,session-area-mapping.md,None
230721,LFP,1,228,100,V3a,V3a,Visual,metadata_resolved_equal_segment,estimated_from_channel,session-area-mapping.md,None
230721,LFP,1,229,101,V3a,V3a,Visual,metadata_resolved_equal_segment,estimated_from_channel,session-area-mapping.md,None
230721,LFP,1,230,102,V3a,V3a,Visual,metadata_resolved_equal_segment,estimated_from_channel,session-area-mapping.md,None
230721,LFP,1,231,103,V3a,V3a,Visual,metadata_resolved_equal_segment,estimated_from_channel,session-area-mapping.md,None
230721,LFP,1,232,104,V3a,V3a,Visual,metadata_resolved_equal_segment,estimated_from_channel,session-area-mapping.md,None
230721,LFP,1,233,105,V3a,V3a,Visual,metadata_resolved_equal_segment,estimated_from_channel,session-area-mapping.md,None
230721,LFP,1,234,106,V3a,V3a,Visual,metadata_resolved_equal_segment,estimated_from_channel,session-area-mapping.md,None
230721,LFP,1,235,107,V3a,V3a,Visual,metadata_resolved_equal_segment,estimated_from_channel,session-area-mapping.md,None
230721,LFP,1,236,108,V3a,V3a,Visual,metadata_resolved_equal_segment,estimated_from_channel,session-area-mapping.md,None
230721,LFP,1,237,109,V3a,V3a,Visual,metadata_resolved_equal_segment,estimated_from_channel,session-area-mapping.md,None
230721,LFP,1,238,110,V3a,V3a,Visual,metadata_resolved_equal_segment,estimated_from_channel,session-area-mapping.md,None
230721,LFP,1,239,111,V3a,V3a,Visual,metadata_resolved_equal_segment,estimated_from_channel,session-area-mapping.md,None
230721,LFP,1,240,112,V3a,V3a,Visual,metadata_resolved_equal_segment,estimated_from_channel,session-area-mapping.md,None
230721,LFP,1,241,113,V3a,V3a,Visual,metadata_resolved_equal_segment,estimated_from_channel,session-area-mapping.md,None
230721,LFP,1,242,114,V3a,V3a,Visual,metadata_resolved_equal_segment,estimated_from_channel,session-area-mapping.md,None
230721,LFP,1,243,115,V3a,V3a,Visual,metadata_resolved_equal_segment,estimated_from_channel,session-area-mapping.md,None
230721,LFP,1,244,116,V3a,V3a,Visual,metadata_resolved_equal_segment,estimated_from_channel,session-area-mapping.md,None
230721,LFP,1,245,117,V3a,V3a,Visual,metadata_resolved_equal_segment,estimated_from_channel,session-area-mapping.md,None
230721,LFP,1,246,118,V3a,V3a,Visual,metadata_resolved_equal_segment,estimated_from_channel,session-area-mapping.md,None
230721,LFP,1,247,119,V3a,V3a,Visual,metadata_resolved_equal_segment,estimated_from_channel,session-area-mapping.md,None
230721,LFP,1,248,120,V3a,V3a,Visual,metadata_resolved_equal_segment,estimated_from_channel,session-area-mapping.md,None
230721,LFP,1,249,121,V3a,V3a,Visual,metadata_resolved_equal_segment,estimated_from_channel,session-area-mapping.md,None
230721,LFP,1,250,122,V3a,V3a,Visual,metadata_resolved_equal_segment,estimated_from_channel,session-area-mapping.md,None
230721,LFP,1,251,123,V3a,V3a,Visual,metadata_resolved_equal_segment,estimated_from_channel,session-area-mapping.md,None
230721,LFP,1,252,124,V3a,V3a,Visual,metadata_resolved_equal_segment,estimated_from_channel,session-area-mapping.md,None
230721,LFP,1,253,125,V3a,V3a,Visual,metadata_resolved_equal_segment,estimated_from_channel,session-area-mapping.md,None
230721,LFP,1,254,126,V3a,V3a,Visual,metadata_resolved_equal_segment,estimated_from_channel,session-area-mapping.md,None
230721,LFP,1,255,127,V3a,V3a,Visual,metadata_resolved_equal_segment,estimated_from_channel,session-area-mapping.md,None
230816,LFP,0,0,0,PFC,PFC,Frontal,metadata_resolved_equal_segment,estimated_from_channel,session-area-mapping.md,None
230816,LFP,0,1,1,PFC,PFC,Frontal,metadata_resolved_equal_segment,estimated_from_channel,session-area-mapping.md,None
230816,LFP,0,2,2,PFC,PFC,Frontal,metadata_resolved_equal_segment,estimated_from_channel,session-area-mapping.md,None
230816,LFP,0,3,3,PFC,PFC,Frontal,metadata_resolved_equal_segment,estimated_from_channel,session-area-mapping.md,None
230816,LFP,0,4,4,PFC,PFC,Frontal,metadata_resolved_equal_segment,estimated_from_channel,session-area-mapping.md,None
230816,LFP,0,5,5,PFC,PFC,Frontal,metadata_resolved_equal_segment,estimated_from_channel,session-area-mapping.md,None
230816,LFP,0,6,6,PFC,PFC,Frontal,metadata_resolved_equal_segment,estimated_from_channel,session-area-mapping.md,None
230816,LFP,0,7,7,PFC,PFC,Frontal,metadata_resolved_equal_segment,estimated_from_channel,session-area-mapping.md,None
230816,LFP,0,8,8,PFC,PFC,Frontal,metadata_resolved_equal_segment,estimated_from_channel,session-area-mapping.md,None
230816,LFP,0,9,9,PFC,PFC,Frontal,metadata_resolved_equal_segment,estimated_from_channel,session-area-mapping.md,None
230816,LFP,0,10,10,PFC,PFC,Frontal,metadata_resolved_equal_segment,estimated_from_channel,session-area-mapping.md,None
230816,LFP,0,11,11,PFC,PFC,Frontal,metadata_resolved_equal_segment,estimated_from_channel,session-area-mapping.md,None
230816,LFP,0,12,12,PFC,PFC,Frontal,metadata_resolved_equal_segment,estimated_from_channel,session-area-mapping.md,None
230816,LFP,0,13,13,PFC,PFC,Frontal,metadata_resolved_equal_segment,estimated_from_channel,session-area-mapping.md,None
230816,LFP,0,14,14,PFC,PFC,Frontal,metadata_resolved_equal_segment,estimated_from_channel,session-area-mapping.md,None
230816,LFP,0,15,15,PFC,PFC,Frontal,metadata_resolved_equal_segment,estimated_from_channel,session-area-mapping.md,None
230816,LFP,0,16,16,PFC,PFC,Frontal,metadata_resolved_equal_segment,estimated_from_channel,session-area-mapping.md,None
230816,LFP,0,17,17,PFC,PFC,Frontal,metadata_resolved_equal_segment,estimated_from_channel,session-area-mapping.md,None
230816,LFP,0,18,18,PFC,PFC,Frontal,metadata_resolved_equal_segment,estimated_from_channel,session-area-mapping.md,None
230816,LFP,0,19,19,PFC,PFC,Frontal,metadata_resolved_equal_segment,estimated_from_channel,session-area-mapping.md,None
230816,LFP,0,20,20,PFC,PFC,Frontal,metadata_resolved_equal_segment,estimated_from_channel,session-area-mapping.md,None
230816,LFP,0,21,21,PFC,PFC,Frontal,metadata_resolved_equal_segment,estimated_from_channel,session-area-mapping.md,None
230816,LFP,0,22,22,PFC,PFC,Frontal,metadata_resolved_equal_segment,estimated_from_channel,session-area-mapping.md,None
230816,LFP,0,23,23,PFC,PFC,Frontal,metadata_resolved_equal_segment,estimated_from_channel,session-area-mapping.md,None
230816,LFP,0,24,24,PFC,PFC,Frontal,metadata_resolved_equal_segment,estimated_from_channel,session-area-mapping.md,None
230816,LFP,0,25,25,PFC,PFC,Frontal,metadata_resolved_equal_segment,estimated_from_channel,session-area-mapping.md,None
230816,LFP,0,26,26,PFC,PFC,Frontal,metadata_resolved_equal_segment,estimated_from_channel,session-area-mapping.md,None
230816,LFP,0,27,27,PFC,PFC,Frontal,metadata_resolved_equal_segment,estimated_from_channel,session-area-mapping.md,None
230816,LFP,0,28,28,PFC,PFC,Frontal,metadata_resolved_equal_segment,estimated_from_channel,session-area-mapping.md,None
230816,LFP,0,29,29,PFC,PFC,Frontal,metadata_resolved_equal_segment,estimated_from_channel,session-area-mapping.md,None
230816,LFP,0,30,30,PFC,PFC,Frontal,metadata_resolved_equal_segment,estimated_from_channel,session-area-mapping.md,None
230816,LFP,0,31,31,PFC,PFC,Frontal,metadata_resolved_equal_segment,estimated_from_channel,session-area-mapping.md,None
230816,LFP,0,32,32,PFC,PFC,Frontal,metadata_resolved_equal_segment,estimated_from_channel,session-area-mapping.md,None
230816,LFP,0,33,33,PFC,PFC,Frontal,metadata_resolved_equal_segment,estimated_from_channel,session-area-mapping.md,None
230816,LFP,0,34,34,PFC,PFC,Frontal,metadata_resolved_equal_segment,estimated_from_channel,session-area-mapping.md,None
230816,LFP,0,35,35,PFC,PFC,Frontal,metadata_resolved_equal_segment,estimated_from_channel,session-area-mapping.md,None
230816,LFP,0,36,36,PFC,PFC,Frontal,metadata_resolved_equal_segment,estimated_from_channel,session-area-mapping.md,None
230816,LFP,0,37,37,PFC,PFC,Frontal,metadata_resolved_equal_segment,estimated_from_channel,session-area-mapping.md,None
230816,LFP,0,38,38,PFC,PFC,Frontal,metadata_resolved_equal_segment,estimated_from_channel,session-area-mapping.md,None
230816,LFP,0,39,39,PFC,PFC,Frontal,metadata_resolved_equal_segment,estimated_from_channel,session-area-mapping.md,None
230816,LFP,0,40,40,PFC,PFC,Frontal,metadata_resolved_equal_segment,estimated_from_channel,session-area-mapping.md,None
230816,LFP,0,41,41,PFC,PFC,Frontal,metadata_resolved_equal_segment,estimated_from_channel,session-area-mapping.md,None
230816,LFP,0,42,42,PFC,PFC,Frontal,metadata_resolved_equal_segment,estimated_from_channel,session-area-mapping.md,None
230816,LFP,0,43,43,PFC,PFC,Frontal,metadata_resolved_equal_segment,estimated_from_channel,session-area-mapping.md,None
230816,LFP,0,44,44,PFC,PFC,Frontal,metadata_resolved_equal_segment,estimated_from_channel,session-area-mapping.md,None
230816,LFP,0,45,45,PFC,PFC,Frontal,metadata_resolved_equal_segment,estimated_from_channel,session-area-mapping.md,None
230816,LFP,0,46,46,PFC,PFC,Frontal,metadata_resolved_equal_segment,estimated_from_channel,session-area-mapping.md,None
230816,LFP,0,47,47,PFC,PFC,Frontal,metadata_resolved_equal_segment,estimated_from_channel,session-area-mapping.md,None
230816,LFP,0,48,48,PFC,PFC,Frontal,metadata_resolved_equal_segment,estimated_from_channel,session-area-mapping.md,None
230816,LFP,0,49,49,PFC,PFC,Frontal,metadata_resolved_equal_segment,estimated_from_channel,session-area-mapping.md,None
230816,LFP,0,50,50,PFC,PFC,Frontal,metadata_resolved_equal_segment,estimated_from_channel,session-area-mapping.md,None
230816,LFP,0,51,51,PFC,PFC,Frontal,metadata_resolved_equal_segment,estimated_from_channel,session-area-mapping.md,None
230816,LFP,0,52,52,PFC,PFC,Frontal,metadata_resolved_equal_segment,estimated_from_channel,session-area-mapping.md,None
230816,LFP,0,53,53,PFC,PFC,Frontal,metadata_resolved_equal_segment,estimated_from_channel,session-area-mapping.md,None
230816,LFP,0,54,54,PFC,PFC,Frontal,metadata_resolved_equal_segment,estimated_from_channel,session-area-mapping.md,None
230816,LFP,0,55,55,PFC,PFC,Frontal,metadata_resolved_equal_segment,estimated_from_channel,session-area-mapping.md,None
230816,LFP,0,56,56,PFC,PFC,Frontal,metadata_resolved_equal_segment,estimated_from_channel,session-area-mapping.md,None
230816,LFP,0,57,57,PFC,PFC,Frontal,metadata_resolved_equal_segment,estimated_from_channel,session-area-mapping.md,None
230816,LFP,0,58,58,PFC,PFC,Frontal,metadata_resolved_equal_segment,estimated_from_channel,session-area-mapping.md,None
230816,LFP,0,59,59,PFC,PFC,Frontal,metadata_resolved_equal_segment,estimated_from_channel,session-area-mapping.md,None
230816,LFP,0,60,60,PFC,PFC,Frontal,metadata_resolved_equal_segment,estimated_from_channel,session-area-mapping.md,None
230816,LFP,0,61,61,PFC,PFC,Frontal,metadata_resolved_equal_segment,estimated_from_channel,session-area-mapping.md,None
230816,LFP,0,62,62,PFC,PFC,Frontal,metadata_resolved_equal_segment,estimated_from_channel,session-area-mapping.md,None
230816,LFP,0,63,63,PFC,PFC,Frontal,metadata_resolved_equal_segment,estimated_from_channel,session-area-mapping.md,None
230816,LFP,0,64,64,PFC,PFC,Frontal,metadata_resolved_equal_segment,estimated_from_channel,session-area-mapping.md,None
230816,LFP,0,65,65,PFC,PFC,Frontal,metadata_resolved_equal_segment,estimated_from_channel,session-area-mapping.md,None
230816,LFP,0,66,66,PFC,PFC,Frontal,metadata_resolved_equal_segment,estimated_from_channel,session-area-mapping.md,None
230816,LFP,0,67,67,PFC,PFC,Frontal,metadata_resolved_equal_segment,estimated_from_channel,session-area-mapping.md,None
230816,LFP,0,68,68,PFC,PFC,Frontal,metadata_resolved_equal_segment,estimated_from_channel,session-area-mapping.md,None
230816,LFP,0,69,69,PFC,PFC,Frontal,metadata_resolved_equal_segment,estimated_from_channel,session-area-mapping.md,None
230816,LFP,0,70,70,PFC,PFC,Frontal,metadata_resolved_equal_segment,estimated_from_channel,session-area-mapping.md,None
230816,LFP,0,71,71,PFC,PFC,Frontal,metadata_resolved_equal_segment,estimated_from_channel,session-area-mapping.md,None
230816,LFP,0,72,72,PFC,PFC,Frontal,metadata_resolved_equal_segment,estimated_from_channel,session-area-mapping.md,None
230816,LFP,0,73,73,PFC,PFC,Frontal,metadata_resolved_equal_segment,estimated_from_channel,session-area-mapping.md,None
230816,LFP,0,74,74,PFC,PFC,Frontal,metadata_resolved_equal_segment,estimated_from_channel,session-area-mapping.md,None
230816,LFP,0,75,75,PFC,PFC,Frontal,metadata_resolved_equal_segment,estimated_from_channel,session-area-mapping.md,None
230816,LFP,0,76,76,PFC,PFC,Frontal,metadata_resolved_equal_segment,estimated_from_channel,session-area-mapping.md,None
230816,LFP,0,77,77,PFC,PFC,Frontal,metadata_resolved_equal_segment,estimated_from_channel,session-area-mapping.md,None
230816,LFP,0,78,78,PFC,PFC,Frontal,metadata_resolved_equal_segment,estimated_from_channel,session-area-mapping.md,None
230816,LFP,0,79,79,PFC,PFC,Frontal,metadata_resolved_equal_segment,estimated_from_channel,session-area-mapping.md,None
230816,LFP,0,80,80,PFC,PFC,Frontal,metadata_resolved_equal_segment,estimated_from_channel,session-area-mapping.md,None
230816,LFP,0,81,81,PFC,PFC,Frontal,metadata_resolved_equal_segment,estimated_from_channel,session-area-mapping.md,None
230816,LFP,0,82,82,PFC,PFC,Frontal,metadata_resolved_equal_segment,estimated_from_channel,session-area-mapping.md,None
230816,LFP,0,83,83,PFC,PFC,Frontal,metadata_resolved_equal_segment,estimated_from_channel,session-area-mapping.md,None
230816,LFP,0,84,84,PFC,PFC,Frontal,metadata_resolved_equal_segment,estimated_from_channel,session-area-mapping.md,None
230816,LFP,0,85,85,PFC,PFC,Frontal,metadata_resolved_equal_segment,estimated_from_channel,session-area-mapping.md,None
230816,LFP,0,86,86,PFC,PFC,Frontal,metadata_resolved_equal_segment,estimated_from_channel,session-area-mapping.md,None
230816,LFP,0,87,87,PFC,PFC,Frontal,metadata_resolved_equal_segment,estimated_from_channel,session-area-mapping.md,None
230816,LFP,0,88,88,PFC,PFC,Frontal,metadata_resolved_equal_segment,estimated_from_channel,session-area-mapping.md,None
230816,LFP,0,89,89,PFC,PFC,Frontal,metadata_resolved_equal_segment,estimated_from_channel,session-area-mapping.md,None
230816,LFP,0,90,90,PFC,PFC,Frontal,metadata_resolved_equal_segment,estimated_from_channel,session-area-mapping.md,None
230816,LFP,0,91,91,PFC,PFC,Frontal,metadata_resolved_equal_segment,estimated_from_channel,session-area-mapping.md,None
230816,LFP,0,92,92,PFC,PFC,Frontal,metadata_resolved_equal_segment,estimated_from_channel,session-area-mapping.md,None
230816,LFP,0,93,93,PFC,PFC,Frontal,metadata_resolved_equal_segment,estimated_from_channel,session-area-mapping.md,None
230816,LFP,0,94,94,PFC,PFC,Frontal,metadata_resolved_equal_segment,estimated_from_channel,session-area-mapping.md,None
230816,LFP,0,95,95,PFC,PFC,Frontal,metadata_resolved_equal_segment,estimated_from_channel,session-area-mapping.md,None
230816,LFP,0,96,96,PFC,PFC,Frontal,metadata_resolved_equal_segment,estimated_from_channel,session-area-mapping.md,None
230816,LFP,0,97,97,PFC,PFC,Frontal,metadata_resolved_equal_segment,estimated_from_channel,session-area-mapping.md,None
230816,LFP,0,98,98,PFC,PFC,Frontal,metadata_resolved_equal_segment,estimated_from_channel,session-area-mapping.md,None
230816,LFP,0,99,99,PFC,PFC,Frontal,metadata_resolved_equal_segment,estimated_from_channel,session-area-mapping.md,None
230816,LFP,0,100,100,PFC,PFC,Frontal,metadata_resolved_equal_segment,estimated_from_channel,session-area-mapping.md,None
230816,LFP,0,101,101,PFC,PFC,Frontal,metadata_resolved_equal_segment,estimated_from_channel,session-area-mapping.md,None
230816,LFP,0,102,102,PFC,PFC,Frontal,metadata_resolved_equal_segment,estimated_from_channel,session-area-mapping.md,None
230816,LFP,0,103,103,PFC,PFC,Frontal,metadata_resolved_equal_segment,estimated_from_channel,session-area-mapping.md,None
230816,LFP,0,104,104,PFC,PFC,Frontal,metadata_resolved_equal_segment,estimated_from_channel,session-area-mapping.md,None
230816,LFP,0,105,105,PFC,PFC,Frontal,metadata_resolved_equal_segment,estimated_from_channel,session-area-mapping.md,None
230816,LFP,0,106,106,PFC,PFC,Frontal,metadata_resolved_equal_segment,estimated_from_channel,session-area-mapping.md,None
230816,LFP,0,107,107,PFC,PFC,Frontal,metadata_resolved_equal_segment,estimated_from_channel,session-area-mapping.md,None
230816,LFP,0,108,108,PFC,PFC,Frontal,metadata_resolved_equal_segment,estimated_from_channel,session-area-mapping.md,None
230816,LFP,0,109,109,PFC,PFC,Frontal,metadata_resolved_equal_segment,estimated_from_channel,session-area-mapping.md,None
230816,LFP,0,110,110,PFC,PFC,Frontal,metadata_resolved_equal_segment,estimated_from_channel,session-area-mapping.md,None
230816,LFP,0,111,111,PFC,PFC,Frontal,metadata_resolved_equal_segment,estimated_from_channel,session-area-mapping.md,None
230816,LFP,0,112,112,PFC,PFC,Frontal,metadata_resolved_equal_segment,estimated_from_channel,session-area-mapping.md,None
230816,LFP,0,113,113,PFC,PFC,Frontal,metadata_resolved_equal_segment,estimated_from_channel,session-area-mapping.md,None
230816,LFP,0,114,114,PFC,PFC,Frontal,metadata_resolved_equal_segment,estimated_from_channel,session-area-mapping.md,None
230816,LFP,0,115,115,PFC,PFC,Frontal,metadata_resolved_equal_segment,estimated_from_channel,session-area-mapping.md,None
230816,LFP,0,116,116,PFC,PFC,Frontal,metadata_resolved_equal_segment,estimated_from_channel,session-area-mapping.md,None
230816,LFP,0,117,117,PFC,PFC,Frontal,metadata_resolved_equal_segment,estimated_from_channel,session-area-mapping.md,None
230816,LFP,0,118,118,PFC,PFC,Frontal,metadata_resolved_equal_segment,estimated_from_channel,session-area-mapping.md,None
230816,LFP,0,119,119,PFC,PFC,Frontal,metadata_resolved_equal_segment,estimated_from_channel,session-area-mapping.md,None
230816,LFP,0,120,120,PFC,PFC,Frontal,metadata_resolved_equal_segment,estimated_from_channel,session-area-mapping.md,None
230816,LFP,0,121,121,PFC,PFC,Frontal,metadata_resolved_equal_segment,estimated_from_channel,session-area-mapping.md,None
230816,LFP,0,122,122,PFC,PFC,Frontal,metadata_resolved_equal_segment,estimated_from_channel,session-area-mapping.md,None
230816,LFP,0,123,123,PFC,PFC,Frontal,metadata_resolved_equal_segment,estimated_from_channel,session-area-mapping.md,None
230816,LFP,0,124,124,PFC,PFC,Frontal,metadata_resolved_equal_segment,estimated_from_channel,session-area-mapping.md,None
230816,LFP,0,125,125,PFC,PFC,Frontal,metadata_resolved_equal_segment,estimated_from_channel,session-area-mapping.md,None
230816,LFP,0,126,126,PFC,PFC,Frontal,metadata_resolved_equal_segment,estimated_from_channel,session-area-mapping.md,None
230816,LFP,0,127,127,PFC,PFC,Frontal,metadata_resolved_equal_segment,estimated_from_channel,session-area-mapping.md,None
230816,LFP,1,128,0,V4,V4,Visual,metadata_resolved_equal_segment,estimated_from_channel,session-area-mapping.md,None
230816,LFP,1,129,1,V4,V4,Visual,metadata_resolved_equal_segment,estimated_from_channel,session-area-mapping.md,None
230816,LFP,1,130,2,V4,V4,Visual,metadata_resolved_equal_segment,estimated_from_channel,session-area-mapping.md,None
230816,LFP,1,131,3,V4,V4,Visual,metadata_resolved_equal_segment,estimated_from_channel,session-area-mapping.md,None
230816,LFP,1,132,4,V4,V4,Visual,metadata_resolved_equal_segment,estimated_from_channel,session-area-mapping.md,None
230816,LFP,1,133,5,V4,V4,Visual,metadata_resolved_equal_segment,estimated_from_channel,session-area-mapping.md,None
230816,LFP,1,134,6,V4,V4,Visual,metadata_resolved_equal_segment,estimated_from_channel,session-area-mapping.md,None
230816,LFP,1,135,7,V4,V4,Visual,metadata_resolved_equal_segment,estimated_from_channel,session-area-mapping.md,None
230816,LFP,1,136,8,V4,V4,Visual,metadata_resolved_equal_segment,estimated_from_channel,session-area-mapping.md,None
230816,LFP,1,137,9,V4,V4,Visual,metadata_resolved_equal_segment,estimated_from_channel,session-area-mapping.md,None
230816,LFP,1,138,10,V4,V4,Visual,metadata_resolved_equal_segment,estimated_from_channel,session-area-mapping.md,None
230816,LFP,1,139,11,V4,V4,Visual,metadata_resolved_equal_segment,estimated_from_channel,session-area-mapping.md,None
230816,LFP,1,140,12,V4,V4,Visual,metadata_resolved_equal_segment,estimated_from_channel,session-area-mapping.md,None
230816,LFP,1,141,13,V4,V4,Visual,metadata_resolved_equal_segment,estimated_from_channel,session-area-mapping.md,None
230816,LFP,1,142,14,V4,V4,Visual,metadata_resolved_equal_segment,estimated_from_channel,session-area-mapping.md,None
230816,LFP,1,143,15,V4,V4,Visual,metadata_resolved_equal_segment,estimated_from_channel,session-area-mapping.md,None
230816,LFP,1,144,16,V4,V4,Visual,metadata_resolved_equal_segment,estimated_from_channel,session-area-mapping.md,None
230816,LFP,1,145,17,V4,V4,Visual,metadata_resolved_equal_segment,estimated_from_channel,session-area-mapping.md,None
230816,LFP,1,146,18,V4,V4,Visual,metadata_resolved_equal_segment,estimated_from_channel,session-area-mapping.md,None
230816,LFP,1,147,19,V4,V4,Visual,metadata_resolved_equal_segment,estimated_from_channel,session-area-mapping.md,None
230816,LFP,1,148,20,V4,V4,Visual,metadata_resolved_equal_segment,estimated_from_channel,session-area-mapping.md,None
230816,LFP,1,149,21,V4,V4,Visual,metadata_resolved_equal_segment,estimated_from_channel,session-area-mapping.md,None
230816,LFP,1,150,22,V4,V4,Visual,metadata_resolved_equal_segment,estimated_from_channel,session-area-mapping.md,None
230816,LFP,1,151,23,V4,V4,Visual,metadata_resolved_equal_segment,estimated_from_channel,session-area-mapping.md,None
230816,LFP,1,152,24,V4,V4,Visual,metadata_resolved_equal_segment,estimated_from_channel,session-area-mapping.md,None
230816,LFP,1,153,25,V4,V4,Visual,metadata_resolved_equal_segment,estimated_from_channel,session-area-mapping.md,None
230816,LFP,1,154,26,V4,V4,Visual,metadata_resolved_equal_segment,estimated_from_channel,session-area-mapping.md,None
230816,LFP,1,155,27,V4,V4,Visual,metadata_resolved_equal_segment,estimated_from_channel,session-area-mapping.md,None
230816,LFP,1,156,28,V4,V4,Visual,metadata_resolved_equal_segment,estimated_from_channel,session-area-mapping.md,None
230816,LFP,1,157,29,V4,V4,Visual,metadata_resolved_equal_segment,estimated_from_channel,session-area-mapping.md,None
230816,LFP,1,158,30,V4,V4,Visual,metadata_resolved_equal_segment,estimated_from_channel,session-area-mapping.md,None
230816,LFP,1,159,31,V4,V4,Visual,metadata_resolved_equal_segment,estimated_from_channel,session-area-mapping.md,None
230816,LFP,1,160,32,V4,V4,Visual,metadata_resolved_equal_segment,estimated_from_channel,session-area-mapping.md,None
230816,LFP,1,161,33,V4,V4,Visual,metadata_resolved_equal_segment,estimated_from_channel,session-area-mapping.md,None
230816,LFP,1,162,34,V4,V4,Visual,metadata_resolved_equal_segment,estimated_from_channel,session-area-mapping.md,None
230816,LFP,1,163,35,V4,V4,Visual,metadata_resolved_equal_segment,estimated_from_channel,session-area-mapping.md,None
230816,LFP,1,164,36,V4,V4,Visual,metadata_resolved_equal_segment,estimated_from_channel,session-area-mapping.md,None
230816,LFP,1,165,37,V4,V4,Visual,metadata_resolved_equal_segment,estimated_from_channel,session-area-mapping.md,None
230816,LFP,1,166,38,V4,V4,Visual,metadata_resolved_equal_segment,estimated_from_channel,session-area-mapping.md,None
230816,LFP,1,167,39,V4,V4,Visual,metadata_resolved_equal_segment,estimated_from_channel,session-area-mapping.md,None
230816,LFP,1,168,40,V4,V4,Visual,metadata_resolved_equal_segment,estimated_from_channel,session-area-mapping.md,None
230816,LFP,1,169,41,V4,V4,Visual,metadata_resolved_equal_segment,estimated_from_channel,session-area-mapping.md,None
230816,LFP,1,170,42,V4,V4,Visual,metadata_resolved_equal_segment,estimated_from_channel,session-area-mapping.md,None
230816,LFP,1,171,43,V4,V4,Visual,metadata_resolved_equal_segment,estimated_from_channel,session-area-mapping.md,None
230816,LFP,1,172,44,V4,V4,Visual,metadata_resolved_equal_segment,estimated_from_channel,session-area-mapping.md,None
230816,LFP,1,173,45,V4,V4,Visual,metadata_resolved_equal_segment,estimated_from_channel,session-area-mapping.md,None
230816,LFP,1,174,46,V4,V4,Visual,metadata_resolved_equal_segment,estimated_from_channel,session-area-mapping.md,None
230816,LFP,1,175,47,V4,V4,Visual,metadata_resolved_equal_segment,estimated_from_channel,session-area-mapping.md,None
230816,LFP,1,176,48,V4,V4,Visual,metadata_resolved_equal_segment,estimated_from_channel,session-area-mapping.md,None
230816,LFP,1,177,49,V4,V4,Visual,metadata_resolved_equal_segment,estimated_from_channel,session-area-mapping.md,None
230816,LFP,1,178,50,V4,V4,Visual,metadata_resolved_equal_segment,estimated_from_channel,session-area-mapping.md,None
230816,LFP,1,179,51,V4,V4,Visual,metadata_resolved_equal_segment,estimated_from_channel,session-area-mapping.md,None
230816,LFP,1,180,52,V4,V4,Visual,metadata_resolved_equal_segment,estimated_from_channel,session-area-mapping.md,None
230816,LFP,1,181,53,V4,V4,Visual,metadata_resolved_equal_segment,estimated_from_channel,session-area-mapping.md,None
230816,LFP,1,182,54,V4,V4,Visual,metadata_resolved_equal_segment,estimated_from_channel,session-area-mapping.md,None
230816,LFP,1,183,55,V4,V4,Visual,metadata_resolved_equal_segment,estimated_from_channel,session-area-mapping.md,None
230816,LFP,1,184,56,V4,V4,Visual,metadata_resolved_equal_segment,estimated_from_channel,session-area-mapping.md,None
230816,LFP,1,185,57,V4,V4,Visual,metadata_resolved_equal_segment,estimated_from_channel,session-area-mapping.md,None
230816,LFP,1,186,58,V4,V4,Visual,metadata_resolved_equal_segment,estimated_from_channel,session-area-mapping.md,None
230816,LFP,1,187,59,V4,V4,Visual,metadata_resolved_equal_segment,estimated_from_channel,session-area-mapping.md,None
230816,LFP,1,188,60,V4,V4,Visual,metadata_resolved_equal_segment,estimated_from_channel,session-area-mapping.md,None
230816,LFP,1,189,61,V4,V4,Visual,metadata_resolved_equal_segment,estimated_from_channel,session-area-mapping.md,None
230816,LFP,1,190,62,V4,V4,Visual,metadata_resolved_equal_segment,estimated_from_channel,session-area-mapping.md,None
230816,LFP,1,191,63,V4,V4,Visual,metadata_resolved_equal_segment,estimated_from_channel,session-area-mapping.md,None
230816,LFP,1,192,64,MT,MT,Visual,metadata_resolved_equal_segment,estimated_from_channel,session-area-mapping.md,None
230816,LFP,1,193,65,MT,MT,Visual,metadata_resolved_equal_segment,estimated_from_channel,session-area-mapping.md,None
230816,LFP,1,194,66,MT,MT,Visual,metadata_resolved_equal_segment,estimated_from_channel,session-area-mapping.md,None
230816,LFP,1,195,67,MT,MT,Visual,metadata_resolved_equal_segment,estimated_from_channel,session-area-mapping.md,None
230816,LFP,1,196,68,MT,MT,Visual,metadata_resolved_equal_segment,estimated_from_channel,session-area-mapping.md,None
230816,LFP,1,197,69,MT,MT,Visual,metadata_resolved_equal_segment,estimated_from_channel,session-area-mapping.md,None
230816,LFP,1,198,70,MT,MT,Visual,metadata_resolved_equal_segment,estimated_from_channel,session-area-mapping.md,None
230816,LFP,1,199,71,MT,MT,Visual,metadata_resolved_equal_segment,estimated_from_channel,session-area-mapping.md,None
230816,LFP,1,200,72,MT,MT,Visual,metadata_resolved_equal_segment,estimated_from_channel,session-area-mapping.md,None
230816,LFP,1,201,73,MT,MT,Visual,metadata_resolved_equal_segment,estimated_from_channel,session-area-mapping.md,None
230816,LFP,1,202,74,MT,MT,Visual,metadata_resolved_equal_segment,estimated_from_channel,session-area-mapping.md,None
230816,LFP,1,203,75,MT,MT,Visual,metadata_resolved_equal_segment,estimated_from_channel,session-area-mapping.md,None
230816,LFP,1,204,76,MT,MT,Visual,metadata_resolved_equal_segment,estimated_from_channel,session-area-mapping.md,None
230816,LFP,1,205,77,MT,MT,Visual,metadata_resolved_equal_segment,estimated_from_channel,session-area-mapping.md,None
230816,LFP,1,206,78,MT,MT,Visual,metadata_resolved_equal_segment,estimated_from_channel,session-area-mapping.md,None
230816,LFP,1,207,79,MT,MT,Visual,metadata_resolved_equal_segment,estimated_from_channel,session-area-mapping.md,None
230816,LFP,1,208,80,MT,MT,Visual,metadata_resolved_equal_segment,estimated_from_channel,session-area-mapping.md,None
230816,LFP,1,209,81,MT,MT,Visual,metadata_resolved_equal_segment,estimated_from_channel,session-area-mapping.md,None
230816,LFP,1,210,82,MT,MT,Visual,metadata_resolved_equal_segment,estimated_from_channel,session-area-mapping.md,None
230816,LFP,1,211,83,MT,MT,Visual,metadata_resolved_equal_segment,estimated_from_channel,session-area-mapping.md,None
230816,LFP,1,212,84,MT,MT,Visual,metadata_resolved_equal_segment,estimated_from_channel,session-area-mapping.md,None
230816,LFP,1,213,85,MT,MT,Visual,metadata_resolved_equal_segment,estimated_from_channel,session-area-mapping.md,None
230816,LFP,1,214,86,MT,MT,Visual,metadata_resolved_equal_segment,estimated_from_channel,session-area-mapping.md,None
230816,LFP,1,215,87,MT,MT,Visual,metadata_resolved_equal_segment,estimated_from_channel,session-area-mapping.md,None
230816,LFP,1,216,88,MT,MT,Visual,metadata_resolved_equal_segment,estimated_from_channel,session-area-mapping.md,None
230816,LFP,1,217,89,MT,MT,Visual,metadata_resolved_equal_segment,estimated_from_channel,session-area-mapping.md,None
230816,LFP,1,218,90,MT,MT,Visual,metadata_resolved_equal_segment,estimated_from_channel,session-area-mapping.md,None
230816,LFP,1,219,91,MT,MT,Visual,metadata_resolved_equal_segment,estimated_from_channel,session-area-mapping.md,None
230816,LFP,1,220,92,MT,MT,Visual,metadata_resolved_equal_segment,estimated_from_channel,session-area-mapping.md,None
230816,LFP,1,221,93,MT,MT,Visual,metadata_resolved_equal_segment,estimated_from_channel,session-area-mapping.md,None
230816,LFP,1,222,94,MT,MT,Visual,metadata_resolved_equal_segment,estimated_from_channel,session-area-mapping.md,None
230816,LFP,1,223,95,MT,MT,Visual,metadata_resolved_equal_segment,estimated_from_channel,session-area-mapping.md,None
230816,LFP,1,224,96,MT,MT,Visual,metadata_resolved_equal_segment,estimated_from_channel,session-area-mapping.md,None
230816,LFP,1,225,97,MT,MT,Visual,metadata_resolved_equal_segment,estimated_from_channel,session-area-mapping.md,None
230816,LFP,1,226,98,MT,MT,Visual,metadata_resolved_equal_segment,estimated_from_channel,session-area-mapping.md,None
230816,LFP,1,227,99,MT,MT,Visual,metadata_resolved_equal_segment,estimated_from_channel,session-area-mapping.md,None
230816,LFP,1,228,100,MT,MT,Visual,metadata_resolved_equal_segment,estimated_from_channel,session-area-mapping.md,None
230816,LFP,1,229,101,MT,MT,Visual,metadata_resolved_equal_segment,estimated_from_channel,session-area-mapping.md,None
230816,LFP,1,230,102,MT,MT,Visual,metadata_resolved_equal_segment,estimated_from_channel,session-area-mapping.md,None
230816,LFP,1,231,103,MT,MT,Visual,metadata_resolved_equal_segment,estimated_from_channel,session-area-mapping.md,None
230816,LFP,1,232,104,MT,MT,Visual,metadata_resolved_equal_segment,estimated_from_channel,session-area-mapping.md,None
230816,LFP,1,233,105,MT,MT,Visual,metadata_resolved_equal_segment,estimated_from_channel,session-area-mapping.md,None
230816,LFP,1,234,106,MT,MT,Visual,metadata_resolved_equal_segment,estimated_from_channel,session-area-mapping.md,None
230816,LFP,1,235,107,MT,MT,Visual,metadata_resolved_equal_segment,estimated_from_channel,session-area-mapping.md,None
230816,LFP,1,236,108,MT,MT,Visual,metadata_resolved_equal_segment,estimated_from_channel,session-area-mapping.md,None
230816,LFP,1,237,109,MT,MT,Visual,metadata_resolved_equal_segment,estimated_from_channel,session-area-mapping.md,None
230816,LFP,1,238,110,MT,MT,Visual,metadata_resolved_equal_segment,estimated_from_channel,session-area-mapping.md,None
230816,LFP,1,239,111,MT,MT,Visual,metadata_resolved_equal_segment,estimated_from_channel,session-area-mapping.md,None
230816,LFP,1,240,112,MT,MT,Visual,metadata_resolved_equal_segment,estimated_from_channel,session-area-mapping.md,None
230816,LFP,1,241,113,MT,MT,Visual,metadata_resolved_equal_segment,estimated_from_channel,session-area-mapping.md,None
230816,LFP,1,242,114,MT,MT,Visual,metadata_resolved_equal_segment,estimated_from_channel,session-area-mapping.md,None
230816,LFP,1,243,115,MT,MT,Visual,metadata_resolved_equal_segment,estimated_from_channel,session-area-mapping.md,None
230816,LFP,1,244,116,MT,MT,Visual,metadata_resolved_equal_segment,estimated_from_channel,session-area-mapping.md,None
230816,LFP,1,245,117,MT,MT,Visual,metadata_resolved_equal_segment,estimated_from_channel,session-area-mapping.md,None
230816,LFP,1,246,118,MT,MT,Visual,metadata_resolved_equal_segment,estimated_from_channel,session-area-mapping.md,None
230816,LFP,1,247,119,MT,MT,Visual,metadata_resolved_equal_segment,estimated_from_channel,session-area-mapping.md,None
230816,LFP,1,248,120,MT,MT,Visual,metadata_resolved_equal_segment,estimated_from_channel,session-area-mapping.md,None
230816,LFP,1,249,121,MT,MT,Visual,metadata_resolved_equal_segment,estimated_from_channel,session-area-mapping.md,None
230816,LFP,1,250,122,MT,MT,Visual,metadata_resolved_equal_segment,estimated_from_channel,session-area-mapping.md,None
230816,LFP,1,251,123,MT,MT,Visual,metadata_resolved_equal_segment,estimated_from_channel,session-area-mapping.md,None
230816,LFP,1,252,124,MT,MT,Visual,metadata_resolved_equal_segment,estimated_from_channel,session-area-mapping.md,None
230816,LFP,1,253,125,MT,MT,Visual,metadata_resolved_equal_segment,estimated_from_channel,session-area-mapping.md,None
230816,LFP,1,254,126,MT,MT,Visual,metadata_resolved_equal_segment,estimated_from_channel,session-area-mapping.md,None
230816,LFP,1,255,127,MT,MT,Visual,metadata_resolved_equal_segment,estimated_from_channel,session-area-mapping.md,None
230816,LFP,2,256,0,V3,V3,Visual,unresolved_generic_v3,estimated_from_channel,session-area-mapping.md,None
230816,LFP,2,257,1,V3,V3,Visual,unresolved_generic_v3,estimated_from_channel,session-area-mapping.md,None
230816,LFP,2,258,2,V3,V3,Visual,unresolved_generic_v3,estimated_from_channel,session-area-mapping.md,None
230816,LFP,2,259,3,V3,V3,Visual,unresolved_generic_v3,estimated_from_channel,session-area-mapping.md,None
230816,LFP,2,260,4,V3,V3,Visual,unresolved_generic_v3,estimated_from_channel,session-area-mapping.md,None
230816,LFP,2,261,5,V3,V3,Visual,unresolved_generic_v3,estimated_from_channel,session-area-mapping.md,None
230816,LFP,2,262,6,V3,V3,Visual,unresolved_generic_v3,estimated_from_channel,session-area-mapping.md,None
230816,LFP,2,263,7,V3,V3,Visual,unresolved_generic_v3,estimated_from_channel,session-area-mapping.md,None
230816,LFP,2,264,8,V3,V3,Visual,unresolved_generic_v3,estimated_from_channel,session-area-mapping.md,None
230816,LFP,2,265,9,V3,V3,Visual,unresolved_generic_v3,estimated_from_channel,session-area-mapping.md,None
230816,LFP,2,266,10,V3,V3,Visual,unresolved_generic_v3,estimated_from_channel,session-area-mapping.md,None
230816,LFP,2,267,11,V3,V3,Visual,unresolved_generic_v3,estimated_from_channel,session-area-mapping.md,None
230816,LFP,2,268,12,V3,V3,Visual,unresolved_generic_v3,estimated_from_channel,session-area-mapping.md,None
230816,LFP,2,269,13,V3,V3,Visual,unresolved_generic_v3,estimated_from_channel,session-area-mapping.md,None
230816,LFP,2,270,14,V3,V3,Visual,unresolved_generic_v3,estimated_from_channel,session-area-mapping.md,None
230816,LFP,2,271,15,V3,V3,Visual,unresolved_generic_v3,estimated_from_channel,session-area-mapping.md,None
230816,LFP,2,272,16,V3,V3,Visual,unresolved_generic_v3,estimated_from_channel,session-area-mapping.md,None
230816,LFP,2,273,17,V3,V3,Visual,unresolved_generic_v3,estimated_from_channel,session-area-mapping.md,None
230816,LFP,2,274,18,V3,V3,Visual,unresolved_generic_v3,estimated_from_channel,session-area-mapping.md,None
230816,LFP,2,275,19,V3,V3,Visual,unresolved_generic_v3,estimated_from_channel,session-area-mapping.md,None
230816,LFP,2,276,20,V3,V3,Visual,unresolved_generic_v3,estimated_from_channel,session-area-mapping.md,None
230816,LFP,2,277,21,V3,V3,Visual,unresolved_generic_v3,estimated_from_channel,session-area-mapping.md,None
230816,LFP,2,278,22,V3,V3,Visual,unresolved_generic_v3,estimated_from_channel,session-area-mapping.md,None
230816,LFP,2,279,23,V3,V3,Visual,unresolved_generic_v3,estimated_from_channel,session-area-mapping.md,None
230816,LFP,2,280,24,V3,V3,Visual,unresolved_generic_v3,estimated_from_channel,session-area-mapping.md,None
230816,LFP,2,281,25,V3,V3,Visual,unresolved_generic_v3,estimated_from_channel,session-area-mapping.md,None
230816,LFP,2,282,26,V3,V3,Visual,unresolved_generic_v3,estimated_from_channel,session-area-mapping.md,None
230816,LFP,2,283,27,V3,V3,Visual,unresolved_generic_v3,estimated_from_channel,session-area-mapping.md,None
230816,LFP,2,284,28,V3,V3,Visual,unresolved_generic_v3,estimated_from_channel,session-area-mapping.md,None
230816,LFP,2,285,29,V3,V3,Visual,unresolved_generic_v3,estimated_from_channel,session-area-mapping.md,None
230816,LFP,2,286,30,V3,V3,Visual,unresolved_generic_v3,estimated_from_channel,session-area-mapping.md,None
230816,LFP,2,287,31,V3,V3,Visual,unresolved_generic_v3,estimated_from_channel,session-area-mapping.md,None
230816,LFP,2,288,32,V3,V3,Visual,unresolved_generic_v3,estimated_from_channel,session-area-mapping.md,None
230816,LFP,2,289,33,V3,V3,Visual,unresolved_generic_v3,estimated_from_channel,session-area-mapping.md,None
230816,LFP,2,290,34,V3,V3,Visual,unresolved_generic_v3,estimated_from_channel,session-area-mapping.md,None
230816,LFP,2,291,35,V3,V3,Visual,unresolved_generic_v3,estimated_from_channel,session-area-mapping.md,None
230816,LFP,2,292,36,V3,V3,Visual,unresolved_generic_v3,estimated_from_channel,session-area-mapping.md,None
230816,LFP,2,293,37,V3,V3,Visual,unresolved_generic_v3,estimated_from_channel,session-area-mapping.md,None
230816,LFP,2,294,38,V3,V3,Visual,unresolved_generic_v3,estimated_from_channel,session-area-mapping.md,None
230816,LFP,2,295,39,V3,V3,Visual,unresolved_generic_v3,estimated_from_channel,session-area-mapping.md,None
230816,LFP,2,296,40,V3,V3,Visual,unresolved_generic_v3,estimated_from_channel,session-area-mapping.md,None
230816,LFP,2,297,41,V3,V3,Visual,unresolved_generic_v3,estimated_from_channel,session-area-mapping.md,None
230816,LFP,2,298,42,V3,V3,Visual,unresolved_generic_v3,estimated_from_channel,session-area-mapping.md,None
230816,LFP,2,299,43,V3,V3,Visual,unresolved_generic_v3,estimated_from_channel,session-area-mapping.md,None
230816,LFP,2,300,44,V3,V3,Visual,unresolved_generic_v3,estimated_from_channel,session-area-mapping.md,None
230816,LFP,2,301,45,V3,V3,Visual,unresolved_generic_v3,estimated_from_channel,session-area-mapping.md,None
230816,LFP,2,302,46,V3,V3,Visual,unresolved_generic_v3,estimated_from_channel,session-area-mapping.md,None
230816,LFP,2,303,47,V3,V3,Visual,unresolved_generic_v3,estimated_from_channel,session-area-mapping.md,None
230816,LFP,2,304,48,V3,V3,Visual,unresolved_generic_v3,estimated_from_channel,session-area-mapping.md,None
230816,LFP,2,305,49,V3,V3,Visual,unresolved_generic_v3,estimated_from_channel,session-area-mapping.md,None
230816,LFP,2,306,50,V3,V3,Visual,unresolved_generic_v3,estimated_from_channel,session-area-mapping.md,None
230816,LFP,2,307,51,V3,V3,Visual,unresolved_generic_v3,estimated_from_channel,session-area-mapping.md,None
230816,LFP,2,308,52,V3,V3,Visual,unresolved_generic_v3,estimated_from_channel,session-area-mapping.md,None
230816,LFP,2,309,53,V3,V3,Visual,unresolved_generic_v3,estimated_from_channel,session-area-mapping.md,None
230816,LFP,2,310,54,V3,V3,Visual,unresolved_generic_v3,estimated_from_channel,session-area-mapping.md,None
230816,LFP,2,311,55,V3,V3,Visual,unresolved_generic_v3,estimated_from_channel,session-area-mapping.md,None
230816,LFP,2,312,56,V3,V3,Visual,unresolved_generic_v3,estimated_from_channel,session-area-mapping.md,None
230816,LFP,2,313,57,V3,V3,Visual,unresolved_generic_v3,estimated_from_channel,session-area-mapping.md,None
230816,LFP,2,314,58,V3,V3,Visual,unresolved_generic_v3,estimated_from_channel,session-area-mapping.md,None
230816,LFP,2,315,59,V3,V3,Visual,unresolved_generic_v3,estimated_from_channel,session-area-mapping.md,None
230816,LFP,2,316,60,V3,V3,Visual,unresolved_generic_v3,estimated_from_channel,session-area-mapping.md,None
230816,LFP,2,317,61,V3,V3,Visual,unresolved_generic_v3,estimated_from_channel,session-area-mapping.md,None
230816,LFP,2,318,62,V3,V3,Visual,unresolved_generic_v3,estimated_from_channel,session-area-mapping.md,None
230816,LFP,2,319,63,V3,V3,Visual,unresolved_generic_v3,estimated_from_channel,session-area-mapping.md,None
230816,LFP,2,320,64,V1,V1,Visual,metadata_resolved_equal_segment,estimated_from_channel,session-area-mapping.md,None
230816,LFP,2,321,65,V1,V1,Visual,metadata_resolved_equal_segment,estimated_from_channel,session-area-mapping.md,None
230816,LFP,2,322,66,V1,V1,Visual,metadata_resolved_equal_segment,estimated_from_channel,session-area-mapping.md,None
230816,LFP,2,323,67,V1,V1,Visual,metadata_resolved_equal_segment,estimated_from_channel,session-area-mapping.md,None
230816,LFP,2,324,68,V1,V1,Visual,metadata_resolved_equal_segment,estimated_from_channel,session-area-mapping.md,None
230816,LFP,2,325,69,V1,V1,Visual,metadata_resolved_equal_segment,estimated_from_channel,session-area-mapping.md,None
230816,LFP,2,326,70,V1,V1,Visual,metadata_resolved_equal_segment,estimated_from_channel,session-area-mapping.md,None
230816,LFP,2,327,71,V1,V1,Visual,metadata_resolved_equal_segment,estimated_from_channel,session-area-mapping.md,None
230816,LFP,2,328,72,V1,V1,Visual,metadata_resolved_equal_segment,estimated_from_channel,session-area-mapping.md,None
230816,LFP,2,329,73,V1,V1,Visual,metadata_resolved_equal_segment,estimated_from_channel,session-area-mapping.md,None
230816,LFP,2,330,74,V1,V1,Visual,metadata_resolved_equal_segment,estimated_from_channel,session-area-mapping.md,None
230816,LFP,2,331,75,V1,V1,Visual,metadata_resolved_equal_segment,estimated_from_channel,session-area-mapping.md,None
230816,LFP,2,332,76,V1,V1,Visual,metadata_resolved_equal_segment,estimated_from_channel,session-area-mapping.md,None
230816,LFP,2,333,77,V1,V1,Visual,metadata_resolved_equal_segment,estimated_from_channel,session-area-mapping.md,None
230816,LFP,2,334,78,V1,V1,Visual,metadata_resolved_equal_segment,estimated_from_channel,session-area-mapping.md,None
230816,LFP,2,335,79,V1,V1,Visual,metadata_resolved_equal_segment,estimated_from_channel,session-area-mapping.md,None
230816,LFP,2,336,80,V1,V1,Visual,metadata_resolved_equal_segment,estimated_from_channel,session-area-mapping.md,None
230816,LFP,2,337,81,V1,V1,Visual,metadata_resolved_equal_segment,estimated_from_channel,session-area-mapping.md,None
230816,LFP,2,338,82,V1,V1,Visual,metadata_resolved_equal_segment,estimated_from_channel,session-area-mapping.md,None
230816,LFP,2,339,83,V1,V1,Visual,metadata_resolved_equal_segment,estimated_from_channel,session-area-mapping.md,None
230816,LFP,2,340,84,V1,V1,Visual,metadata_resolved_equal_segment,estimated_from_channel,session-area-mapping.md,None
230816,LFP,2,341,85,V1,V1,Visual,metadata_resolved_equal_segment,estimated_from_channel,session-area-mapping.md,None
230816,LFP,2,342,86,V1,V1,Visual,metadata_resolved_equal_segment,estimated_from_channel,session-area-mapping.md,None
230816,LFP,2,343,87,V1,V1,Visual,metadata_resolved_equal_segment,estimated_from_channel,session-area-mapping.md,None
230816,LFP,2,344,88,V1,V1,Visual,metadata_resolved_equal_segment,estimated_from_channel,session-area-mapping.md,None
230816,LFP,2,345,89,V1,V1,Visual,metadata_resolved_equal_segment,estimated_from_channel,session-area-mapping.md,None
230816,LFP,2,346,90,V1,V1,Visual,metadata_resolved_equal_segment,estimated_from_channel,session-area-mapping.md,None
230816,LFP,2,347,91,V1,V1,Visual,metadata_resolved_equal_segment,estimated_from_channel,session-area-mapping.md,None
230816,LFP,2,348,92,V1,V1,Visual,metadata_resolved_equal_segment,estimated_from_channel,session-area-mapping.md,None
230816,LFP,2,349,93,V1,V1,Visual,metadata_resolved_equal_segment,estimated_from_channel,session-area-mapping.md,None
230816,LFP,2,350,94,V1,V1,Visual,metadata_resolved_equal_segment,estimated_from_channel,session-area-mapping.md,None
230816,LFP,2,351,95,V1,V1,Visual,metadata_resolved_equal_segment,estimated_from_channel,session-area-mapping.md,None
230816,LFP,2,352,96,V1,V1,Visual,metadata_resolved_equal_segment,estimated_from_channel,session-area-mapping.md,None
230816,LFP,2,353,97,V1,V1,Visual,metadata_resolved_equal_segment,estimated_from_channel,session-area-mapping.md,None
230816,LFP,2,354,98,V1,V1,Visual,metadata_resolved_equal_segment,estimated_from_channel,session-area-mapping.md,None
230816,LFP,2,355,99,V1,V1,Visual,metadata_resolved_equal_segment,estimated_from_channel,session-area-mapping.md,None
230816,LFP,2,356,100,V1,V1,Visual,metadata_resolved_equal_segment,estimated_from_channel,session-area-mapping.md,None
230816,LFP,2,357,101,V1,V1,Visual,metadata_resolved_equal_segment,estimated_from_channel,session-area-mapping.md,None
230816,LFP,2,358,102,V1,V1,Visual,metadata_resolved_equal_segment,estimated_from_channel,session-area-mapping.md,None
230816,LFP,2,359,103,V1,V1,Visual,metadata_resolved_equal_segment,estimated_from_channel,session-area-mapping.md,None
230816,LFP,2,360,104,V1,V1,Visual,metadata_resolved_equal_segment,estimated_from_channel,session-area-mapping.md,None
230816,LFP,2,361,105,V1,V1,Visual,metadata_resolved_equal_segment,estimated_from_channel,session-area-mapping.md,None
230816,LFP,2,362,106,V1,V1,Visual,metadata_resolved_equal_segment,estimated_from_channel,session-area-mapping.md,None
230816,LFP,2,363,107,V1,V1,Visual,metadata_resolved_equal_segment,estimated_from_channel,session-area-mapping.md,None
230816,LFP,2,364,108,V1,V1,Visual,metadata_resolved_equal_segment,estimated_from_channel,session-area-mapping.md,None
230816,LFP,2,365,109,V1,V1,Visual,metadata_resolved_equal_segment,estimated_from_channel,session-area-mapping.md,None
230816,LFP,2,366,110,V1,V1,Visual,metadata_resolved_equal_segment,estimated_from_channel,session-area-mapping.md,None
230816,LFP,2,367,111,V1,V1,Visual,metadata_resolved_equal_segment,estimated_from_channel,session-area-mapping.md,None
230816,LFP,2,368,112,V1,V1,Visual,metadata_resolved_equal_segment,estimated_from_channel,session-area-mapping.md,None
230816,LFP,2,369,113,V1,V1,Visual,metadata_resolved_equal_segment,estimated_from_channel,session-area-mapping.md,None
230816,LFP,2,370,114,V1,V1,Visual,metadata_resolved_equal_segment,estimated_from_channel,session-area-mapping.md,None
230816,LFP,2,371,115,V1,V1,Visual,metadata_resolved_equal_segment,estimated_from_channel,session-area-mapping.md,None
230816,LFP,2,372,116,V1,V1,Visual,metadata_resolved_equal_segment,estimated_from_channel,session-area-mapping.md,None
230816,LFP,2,373,117,V1,V1,Visual,metadata_resolved_equal_segment,estimated_from_channel,session-area-mapping.md,None
230816,LFP,2,374,118,V1,V1,Visual,metadata_resolved_equal_segment,estimated_from_channel,session-area-mapping.md,None
230816,LFP,2,375,119,V1,V1,Visual,metadata_resolved_equal_segment,estimated_from_channel,session-area-mapping.md,None
230816,LFP,2,376,120,V1,V1,Visual,metadata_resolved_equal_segment,estimated_from_channel,session-area-mapping.md,None
230816,LFP,2,377,121,V1,V1,Visual,metadata_resolved_equal_segment,estimated_from_channel,session-area-mapping.md,None
230816,LFP,2,378,122,V1,V1,Visual,metadata_resolved_equal_segment,estimated_from_channel,session-area-mapping.md,None
230816,LFP,2,379,123,V1,V1,Visual,metadata_resolved_equal_segment,estimated_from_channel,session-area-mapping.md,None
230816,LFP,2,380,124,V1,V1,Visual,metadata_resolved_equal_segment,estimated_from_channel,session-area-mapping.md,None
230816,LFP,2,381,125,V1,V1,Visual,metadata_resolved_equal_segment,estimated_from_channel,session-area-mapping.md,None
230816,LFP,2,382,126,V1,V1,Visual,metadata_resolved_equal_segment,estimated_from_channel,session-area-mapping.md,None
230816,LFP,2,383,127,V1,V1,Visual,metadata_resolved_equal_segment,estimated_from_channel,session-area-mapping.md,None
230818,LFP,0,0,0,PFC,PFC,Frontal,metadata_resolved_equal_segment,estimated_from_channel,session-area-mapping.md,None
230818,LFP,0,1,1,PFC,PFC,Frontal,metadata_resolved_equal_segment,estimated_from_channel,session-area-mapping.md,None
230818,LFP,0,2,2,PFC,PFC,Frontal,metadata_resolved_equal_segment,estimated_from_channel,session-area-mapping.md,None
230818,LFP,0,3,3,PFC,PFC,Frontal,metadata_resolved_equal_segment,estimated_from_channel,session-area-mapping.md,None
230818,LFP,0,4,4,PFC,PFC,Frontal,metadata_resolved_equal_segment,estimated_from_channel,session-area-mapping.md,None
230818,LFP,0,5,5,PFC,PFC,Frontal,metadata_resolved_equal_segment,estimated_from_channel,session-area-mapping.md,None
230818,LFP,0,6,6,PFC,PFC,Frontal,metadata_resolved_equal_segment,estimated_from_channel,session-area-mapping.md,None
230818,LFP,0,7,7,PFC,PFC,Frontal,metadata_resolved_equal_segment,estimated_from_channel,session-area-mapping.md,None
230818,LFP,0,8,8,PFC,PFC,Frontal,metadata_resolved_equal_segment,estimated_from_channel,session-area-mapping.md,None
230818,LFP,0,9,9,PFC,PFC,Frontal,metadata_resolved_equal_segment,estimated_from_channel,session-area-mapping.md,None
230818,LFP,0,10,10,PFC,PFC,Frontal,metadata_resolved_equal_segment,estimated_from_channel,session-area-mapping.md,None
230818,LFP,0,11,11,PFC,PFC,Frontal,metadata_resolved_equal_segment,estimated_from_channel,session-area-mapping.md,None
230818,LFP,0,12,12,PFC,PFC,Frontal,metadata_resolved_equal_segment,estimated_from_channel,session-area-mapping.md,None
230818,LFP,0,13,13,PFC,PFC,Frontal,metadata_resolved_equal_segment,estimated_from_channel,session-area-mapping.md,None
230818,LFP,0,14,14,PFC,PFC,Frontal,metadata_resolved_equal_segment,estimated_from_channel,session-area-mapping.md,None
230818,LFP,0,15,15,PFC,PFC,Frontal,metadata_resolved_equal_segment,estimated_from_channel,session-area-mapping.md,None
230818,LFP,0,16,16,PFC,PFC,Frontal,metadata_resolved_equal_segment,estimated_from_channel,session-area-mapping.md,None
230818,LFP,0,17,17,PFC,PFC,Frontal,metadata_resolved_equal_segment,estimated_from_channel,session-area-mapping.md,None
230818,LFP,0,18,18,PFC,PFC,Frontal,metadata_resolved_equal_segment,estimated_from_channel,session-area-mapping.md,None
230818,LFP,0,19,19,PFC,PFC,Frontal,metadata_resolved_equal_segment,estimated_from_channel,session-area-mapping.md,None
230818,LFP,0,20,20,PFC,PFC,Frontal,metadata_resolved_equal_segment,estimated_from_channel,session-area-mapping.md,None
230818,LFP,0,21,21,PFC,PFC,Frontal,metadata_resolved_equal_segment,estimated_from_channel,session-area-mapping.md,None
230818,LFP,0,22,22,PFC,PFC,Frontal,metadata_resolved_equal_segment,estimated_from_channel,session-area-mapping.md,None
230818,LFP,0,23,23,PFC,PFC,Frontal,metadata_resolved_equal_segment,estimated_from_channel,session-area-mapping.md,None
230818,LFP,0,24,24,PFC,PFC,Frontal,metadata_resolved_equal_segment,estimated_from_channel,session-area-mapping.md,None
230818,LFP,0,25,25,PFC,PFC,Frontal,metadata_resolved_equal_segment,estimated_from_channel,session-area-mapping.md,None
230818,LFP,0,26,26,PFC,PFC,Frontal,metadata_resolved_equal_segment,estimated_from_channel,session-area-mapping.md,None
230818,LFP,0,27,27,PFC,PFC,Frontal,metadata_resolved_equal_segment,estimated_from_channel,session-area-mapping.md,None
230818,LFP,0,28,28,PFC,PFC,Frontal,metadata_resolved_equal_segment,estimated_from_channel,session-area-mapping.md,None
230818,LFP,0,29,29,PFC,PFC,Frontal,metadata_resolved_equal_segment,estimated_from_channel,session-area-mapping.md,None
230818,LFP,0,30,30,PFC,PFC,Frontal,metadata_resolved_equal_segment,estimated_from_channel,session-area-mapping.md,None
230818,LFP,0,31,31,PFC,PFC,Frontal,metadata_resolved_equal_segment,estimated_from_channel,session-area-mapping.md,None
230818,LFP,0,32,32,PFC,PFC,Frontal,metadata_resolved_equal_segment,estimated_from_channel,session-area-mapping.md,None
230818,LFP,0,33,33,PFC,PFC,Frontal,metadata_resolved_equal_segment,estimated_from_channel,session-area-mapping.md,None
230818,LFP,0,34,34,PFC,PFC,Frontal,metadata_resolved_equal_segment,estimated_from_channel,session-area-mapping.md,None
230818,LFP,0,35,35,PFC,PFC,Frontal,metadata_resolved_equal_segment,estimated_from_channel,session-area-mapping.md,None
230818,LFP,0,36,36,PFC,PFC,Frontal,metadata_resolved_equal_segment,estimated_from_channel,session-area-mapping.md,None
230818,LFP,0,37,37,PFC,PFC,Frontal,metadata_resolved_equal_segment,estimated_from_channel,session-area-mapping.md,None
230818,LFP,0,38,38,PFC,PFC,Frontal,metadata_resolved_equal_segment,estimated_from_channel,session-area-mapping.md,None
230818,LFP,0,39,39,PFC,PFC,Frontal,metadata_resolved_equal_segment,estimated_from_channel,session-area-mapping.md,None
230818,LFP,0,40,40,PFC,PFC,Frontal,metadata_resolved_equal_segment,estimated_from_channel,session-area-mapping.md,None
230818,LFP,0,41,41,PFC,PFC,Frontal,metadata_resolved_equal_segment,estimated_from_channel,session-area-mapping.md,None
230818,LFP,0,42,42,PFC,PFC,Frontal,metadata_resolved_equal_segment,estimated_from_channel,session-area-mapping.md,None
230818,LFP,0,43,43,PFC,PFC,Frontal,metadata_resolved_equal_segment,estimated_from_channel,session-area-mapping.md,None
230818,LFP,0,44,44,PFC,PFC,Frontal,metadata_resolved_equal_segment,estimated_from_channel,session-area-mapping.md,None
230818,LFP,0,45,45,PFC,PFC,Frontal,metadata_resolved_equal_segment,estimated_from_channel,session-area-mapping.md,None
230818,LFP,0,46,46,PFC,PFC,Frontal,metadata_resolved_equal_segment,estimated_from_channel,session-area-mapping.md,None
230818,LFP,0,47,47,PFC,PFC,Frontal,metadata_resolved_equal_segment,estimated_from_channel,session-area-mapping.md,None
230818,LFP,0,48,48,PFC,PFC,Frontal,metadata_resolved_equal_segment,estimated_from_channel,session-area-mapping.md,None
230818,LFP,0,49,49,PFC,PFC,Frontal,metadata_resolved_equal_segment,estimated_from_channel,session-area-mapping.md,None
230818,LFP,0,50,50,PFC,PFC,Frontal,metadata_resolved_equal_segment,estimated_from_channel,session-area-mapping.md,None
230818,LFP,0,51,51,PFC,PFC,Frontal,metadata_resolved_equal_segment,estimated_from_channel,session-area-mapping.md,None
230818,LFP,0,52,52,PFC,PFC,Frontal,metadata_resolved_equal_segment,estimated_from_channel,session-area-mapping.md,None
230818,LFP,0,53,53,PFC,PFC,Frontal,metadata_resolved_equal_segment,estimated_from_channel,session-area-mapping.md,None
230818,LFP,0,54,54,PFC,PFC,Frontal,metadata_resolved_equal_segment,estimated_from_channel,session-area-mapping.md,None
230818,LFP,0,55,55,PFC,PFC,Frontal,metadata_resolved_equal_segment,estimated_from_channel,session-area-mapping.md,None
230818,LFP,0,56,56,PFC,PFC,Frontal,metadata_resolved_equal_segment,estimated_from_channel,session-area-mapping.md,None
230818,LFP,0,57,57,PFC,PFC,Frontal,metadata_resolved_equal_segment,estimated_from_channel,session-area-mapping.md,None
230818,LFP,0,58,58,PFC,PFC,Frontal,metadata_resolved_equal_segment,estimated_from_channel,session-area-mapping.md,None
230818,LFP,0,59,59,PFC,PFC,Frontal,metadata_resolved_equal_segment,estimated_from_channel,session-area-mapping.md,None
230818,LFP,0,60,60,PFC,PFC,Frontal,metadata_resolved_equal_segment,estimated_from_channel,session-area-mapping.md,None
230818,LFP,0,61,61,PFC,PFC,Frontal,metadata_resolved_equal_segment,estimated_from_channel,session-area-mapping.md,None
230818,LFP,0,62,62,PFC,PFC,Frontal,metadata_resolved_equal_segment,estimated_from_channel,session-area-mapping.md,None
230818,LFP,0,63,63,PFC,PFC,Frontal,metadata_resolved_equal_segment,estimated_from_channel,session-area-mapping.md,None
230818,LFP,0,64,64,PFC,PFC,Frontal,metadata_resolved_equal_segment,estimated_from_channel,session-area-mapping.md,None
230818,LFP,0,65,65,PFC,PFC,Frontal,metadata_resolved_equal_segment,estimated_from_channel,session-area-mapping.md,None
230818,LFP,0,66,66,PFC,PFC,Frontal,metadata_resolved_equal_segment,estimated_from_channel,session-area-mapping.md,None
230818,LFP,0,67,67,PFC,PFC,Frontal,metadata_resolved_equal_segment,estimated_from_channel,session-area-mapping.md,None
230818,LFP,0,68,68,PFC,PFC,Frontal,metadata_resolved_equal_segment,estimated_from_channel,session-area-mapping.md,None
230818,LFP,0,69,69,PFC,PFC,Frontal,metadata_resolved_equal_segment,estimated_from_channel,session-area-mapping.md,None
230818,LFP,0,70,70,PFC,PFC,Frontal,metadata_resolved_equal_segment,estimated_from_channel,session-area-mapping.md,None
230818,LFP,0,71,71,PFC,PFC,Frontal,metadata_resolved_equal_segment,estimated_from_channel,session-area-mapping.md,None
230818,LFP,0,72,72,PFC,PFC,Frontal,metadata_resolved_equal_segment,estimated_from_channel,session-area-mapping.md,None
230818,LFP,0,73,73,PFC,PFC,Frontal,metadata_resolved_equal_segment,estimated_from_channel,session-area-mapping.md,None
230818,LFP,0,74,74,PFC,PFC,Frontal,metadata_resolved_equal_segment,estimated_from_channel,session-area-mapping.md,None
230818,LFP,0,75,75,PFC,PFC,Frontal,metadata_resolved_equal_segment,estimated_from_channel,session-area-mapping.md,None
230818,LFP,0,76,76,PFC,PFC,Frontal,metadata_resolved_equal_segment,estimated_from_channel,session-area-mapping.md,None
230818,LFP,0,77,77,PFC,PFC,Frontal,metadata_resolved_equal_segment,estimated_from_channel,session-area-mapping.md,None
230818,LFP,0,78,78,PFC,PFC,Frontal,metadata_resolved_equal_segment,estimated_from_channel,session-area-mapping.md,None
230818,LFP,0,79,79,PFC,PFC,Frontal,metadata_resolved_equal_segment,estimated_from_channel,session-area-mapping.md,None
230818,LFP,0,80,80,PFC,PFC,Frontal,metadata_resolved_equal_segment,estimated_from_channel,session-area-mapping.md,None
230818,LFP,0,81,81,PFC,PFC,Frontal,metadata_resolved_equal_segment,estimated_from_channel,session-area-mapping.md,None
230818,LFP,0,82,82,PFC,PFC,Frontal,metadata_resolved_equal_segment,estimated_from_channel,session-area-mapping.md,None
230818,LFP,0,83,83,PFC,PFC,Frontal,metadata_resolved_equal_segment,estimated_from_channel,session-area-mapping.md,None
230818,LFP,0,84,84,PFC,PFC,Frontal,metadata_resolved_equal_segment,estimated_from_channel,session-area-mapping.md,None
230818,LFP,0,85,85,PFC,PFC,Frontal,metadata_resolved_equal_segment,estimated_from_channel,session-area-mapping.md,None
230818,LFP,0,86,86,PFC,PFC,Frontal,metadata_resolved_equal_segment,estimated_from_channel,session-area-mapping.md,None
230818,LFP,0,87,87,PFC,PFC,Frontal,metadata_resolved_equal_segment,estimated_from_channel,session-area-mapping.md,None
230818,LFP,0,88,88,PFC,PFC,Frontal,metadata_resolved_equal_segment,estimated_from_channel,session-area-mapping.md,None
230818,LFP,0,89,89,PFC,PFC,Frontal,metadata_resolved_equal_segment,estimated_from_channel,session-area-mapping.md,None
230818,LFP,0,90,90,PFC,PFC,Frontal,metadata_resolved_equal_segment,estimated_from_channel,session-area-mapping.md,None
230818,LFP,0,91,91,PFC,PFC,Frontal,metadata_resolved_equal_segment,estimated_from_channel,session-area-mapping.md,None
230818,LFP,0,92,92,PFC,PFC,Frontal,metadata_resolved_equal_segment,estimated_from_channel,session-area-mapping.md,None
230818,LFP,0,93,93,PFC,PFC,Frontal,metadata_resolved_equal_segment,estimated_from_channel,session-area-mapping.md,None
230818,LFP,0,94,94,PFC,PFC,Frontal,metadata_resolved_equal_segment,estimated_from_channel,session-area-mapping.md,None
230818,LFP,0,95,95,PFC,PFC,Frontal,metadata_resolved_equal_segment,estimated_from_channel,session-area-mapping.md,None
230818,LFP,0,96,96,PFC,PFC,Frontal,metadata_resolved_equal_segment,estimated_from_channel,session-area-mapping.md,None
230818,LFP,0,97,97,PFC,PFC,Frontal,metadata_resolved_equal_segment,estimated_from_channel,session-area-mapping.md,None
230818,LFP,0,98,98,PFC,PFC,Frontal,metadata_resolved_equal_segment,estimated_from_channel,session-area-mapping.md,None
230818,LFP,0,99,99,PFC,PFC,Frontal,metadata_resolved_equal_segment,estimated_from_channel,session-area-mapping.md,None
230818,LFP,0,100,100,PFC,PFC,Frontal,metadata_resolved_equal_segment,estimated_from_channel,session-area-mapping.md,None
230818,LFP,0,101,101,PFC,PFC,Frontal,metadata_resolved_equal_segment,estimated_from_channel,session-area-mapping.md,None
230818,LFP,0,102,102,PFC,PFC,Frontal,metadata_resolved_equal_segment,estimated_from_channel,session-area-mapping.md,None
230818,LFP,0,103,103,PFC,PFC,Frontal,metadata_resolved_equal_segment,estimated_from_channel,session-area-mapping.md,None
230818,LFP,0,104,104,PFC,PFC,Frontal,metadata_resolved_equal_segment,estimated_from_channel,session-area-mapping.md,None
230818,LFP,0,105,105,PFC,PFC,Frontal,metadata_resolved_equal_segment,estimated_from_channel,session-area-mapping.md,None
230818,LFP,0,106,106,PFC,PFC,Frontal,metadata_resolved_equal_segment,estimated_from_channel,session-area-mapping.md,None
230818,LFP,0,107,107,PFC,PFC,Frontal,metadata_resolved_equal_segment,estimated_from_channel,session-area-mapping.md,None
230818,LFP,0,108,108,PFC,PFC,Frontal,metadata_resolved_equal_segment,estimated_from_channel,session-area-mapping.md,None
230818,LFP,0,109,109,PFC,PFC,Frontal,metadata_resolved_equal_segment,estimated_from_channel,session-area-mapping.md,None
230818,LFP,0,110,110,PFC,PFC,Frontal,metadata_resolved_equal_segment,estimated_from_channel,session-area-mapping.md,None
230818,LFP,0,111,111,PFC,PFC,Frontal,metadata_resolved_equal_segment,estimated_from_channel,session-area-mapping.md,None
230818,LFP,0,112,112,PFC,PFC,Frontal,metadata_resolved_equal_segment,estimated_from_channel,session-area-mapping.md,None
230818,LFP,0,113,113,PFC,PFC,Frontal,metadata_resolved_equal_segment,estimated_from_channel,session-area-mapping.md,None
230818,LFP,0,114,114,PFC,PFC,Frontal,metadata_resolved_equal_segment,estimated_from_channel,session-area-mapping.md,None
230818,LFP,0,115,115,PFC,PFC,Frontal,metadata_resolved_equal_segment,estimated_from_channel,session-area-mapping.md,None
230818,LFP,0,116,116,PFC,PFC,Frontal,metadata_resolved_equal_segment,estimated_from_channel,session-area-mapping.md,None
230818,LFP,0,117,117,PFC,PFC,Frontal,metadata_resolved_equal_segment,estimated_from_channel,session-area-mapping.md,None
230818,LFP,0,118,118,PFC,PFC,Frontal,metadata_resolved_equal_segment,estimated_from_channel,session-area-mapping.md,None
230818,LFP,0,119,119,PFC,PFC,Frontal,metadata_resolved_equal_segment,estimated_from_channel,session-area-mapping.md,None
230818,LFP,0,120,120,PFC,PFC,Frontal,metadata_resolved_equal_segment,estimated_from_channel,session-area-mapping.md,None
230818,LFP,0,121,121,PFC,PFC,Frontal,metadata_resolved_equal_segment,estimated_from_channel,session-area-mapping.md,None
230818,LFP,0,122,122,PFC,PFC,Frontal,metadata_resolved_equal_segment,estimated_from_channel,session-area-mapping.md,None
230818,LFP,0,123,123,PFC,PFC,Frontal,metadata_resolved_equal_segment,estimated_from_channel,session-area-mapping.md,None
230818,LFP,0,124,124,PFC,PFC,Frontal,metadata_resolved_equal_segment,estimated_from_channel,session-area-mapping.md,None
230818,LFP,0,125,125,PFC,PFC,Frontal,metadata_resolved_equal_segment,estimated_from_channel,session-area-mapping.md,None
230818,LFP,0,126,126,PFC,PFC,Frontal,metadata_resolved_equal_segment,estimated_from_channel,session-area-mapping.md,None
230818,LFP,0,127,127,PFC,PFC,Frontal,metadata_resolved_equal_segment,estimated_from_channel,session-area-mapping.md,None
230818,LFP,1,128,0,TEO,TEO,Visual,metadata_resolved_equal_segment,estimated_from_channel,session-area-mapping.md,None
230818,LFP,1,129,1,TEO,TEO,Visual,metadata_resolved_equal_segment,estimated_from_channel,session-area-mapping.md,None
230818,LFP,1,130,2,TEO,TEO,Visual,metadata_resolved_equal_segment,estimated_from_channel,session-area-mapping.md,None
230818,LFP,1,131,3,TEO,TEO,Visual,metadata_resolved_equal_segment,estimated_from_channel,session-area-mapping.md,None
230818,LFP,1,132,4,TEO,TEO,Visual,metadata_resolved_equal_segment,estimated_from_channel,session-area-mapping.md,None
230818,LFP,1,133,5,TEO,TEO,Visual,metadata_resolved_equal_segment,estimated_from_channel,session-area-mapping.md,None
230818,LFP,1,134,6,TEO,TEO,Visual,metadata_resolved_equal_segment,estimated_from_channel,session-area-mapping.md,None
230818,LFP,1,135,7,TEO,TEO,Visual,metadata_resolved_equal_segment,estimated_from_channel,session-area-mapping.md,None
230818,LFP,1,136,8,TEO,TEO,Visual,metadata_resolved_equal_segment,estimated_from_channel,session-area-mapping.md,None
230818,LFP,1,137,9,TEO,TEO,Visual,metadata_resolved_equal_segment,estimated_from_channel,session-area-mapping.md,None
230818,LFP,1,138,10,TEO,TEO,Visual,metadata_resolved_equal_segment,estimated_from_channel,session-area-mapping.md,None
230818,LFP,1,139,11,TEO,TEO,Visual,metadata_resolved_equal_segment,estimated_from_channel,session-area-mapping.md,None
230818,LFP,1,140,12,TEO,TEO,Visual,metadata_resolved_equal_segment,estimated_from_channel,session-area-mapping.md,None
230818,LFP,1,141,13,TEO,TEO,Visual,metadata_resolved_equal_segment,estimated_from_channel,session-area-mapping.md,None
230818,LFP,1,142,14,TEO,TEO,Visual,metadata_resolved_equal_segment,estimated_from_channel,session-area-mapping.md,None
230818,LFP,1,143,15,TEO,TEO,Visual,metadata_resolved_equal_segment,estimated_from_channel,session-area-mapping.md,None
230818,LFP,1,144,16,TEO,TEO,Visual,metadata_resolved_equal_segment,estimated_from_channel,session-area-mapping.md,None
230818,LFP,1,145,17,TEO,TEO,Visual,metadata_resolved_equal_segment,estimated_from_channel,session-area-mapping.md,None
230818,LFP,1,146,18,TEO,TEO,Visual,metadata_resolved_equal_segment,estimated_from_channel,session-area-mapping.md,None
230818,LFP,1,147,19,TEO,TEO,Visual,metadata_resolved_equal_segment,estimated_from_channel,session-area-mapping.md,None
230818,LFP,1,148,20,TEO,TEO,Visual,metadata_resolved_equal_segment,estimated_from_channel,session-area-mapping.md,None
230818,LFP,1,149,21,TEO,TEO,Visual,metadata_resolved_equal_segment,estimated_from_channel,session-area-mapping.md,None
230818,LFP,1,150,22,TEO,TEO,Visual,metadata_resolved_equal_segment,estimated_from_channel,session-area-mapping.md,None
230818,LFP,1,151,23,TEO,TEO,Visual,metadata_resolved_equal_segment,estimated_from_channel,session-area-mapping.md,None
230818,LFP,1,152,24,TEO,TEO,Visual,metadata_resolved_equal_segment,estimated_from_channel,session-area-mapping.md,None
230818,LFP,1,153,25,TEO,TEO,Visual,metadata_resolved_equal_segment,estimated_from_channel,session-area-mapping.md,None
230818,LFP,1,154,26,TEO,TEO,Visual,metadata_resolved_equal_segment,estimated_from_channel,session-area-mapping.md,None
230818,LFP,1,155,27,TEO,TEO,Visual,metadata_resolved_equal_segment,estimated_from_channel,session-area-mapping.md,None
230818,LFP,1,156,28,TEO,TEO,Visual,metadata_resolved_equal_segment,estimated_from_channel,session-area-mapping.md,None
230818,LFP,1,157,29,TEO,TEO,Visual,metadata_resolved_equal_segment,estimated_from_channel,session-area-mapping.md,None
230818,LFP,1,158,30,TEO,TEO,Visual,metadata_resolved_equal_segment,estimated_from_channel,session-area-mapping.md,None
230818,LFP,1,159,31,TEO,TEO,Visual,metadata_resolved_equal_segment,estimated_from_channel,session-area-mapping.md,None
230818,LFP,1,160,32,TEO,TEO,Visual,metadata_resolved_equal_segment,estimated_from_channel,session-area-mapping.md,None
230818,LFP,1,161,33,TEO,TEO,Visual,metadata_resolved_equal_segment,estimated_from_channel,session-area-mapping.md,None
230818,LFP,1,162,34,TEO,TEO,Visual,metadata_resolved_equal_segment,estimated_from_channel,session-area-mapping.md,None
230818,LFP,1,163,35,TEO,TEO,Visual,metadata_resolved_equal_segment,estimated_from_channel,session-area-mapping.md,None
230818,LFP,1,164,36,TEO,TEO,Visual,metadata_resolved_equal_segment,estimated_from_channel,session-area-mapping.md,None
230818,LFP,1,165,37,TEO,TEO,Visual,metadata_resolved_equal_segment,estimated_from_channel,session-area-mapping.md,None
230818,LFP,1,166,38,TEO,TEO,Visual,metadata_resolved_equal_segment,estimated_from_channel,session-area-mapping.md,None
230818,LFP,1,167,39,TEO,TEO,Visual,metadata_resolved_equal_segment,estimated_from_channel,session-area-mapping.md,None
230818,LFP,1,168,40,TEO,TEO,Visual,metadata_resolved_equal_segment,estimated_from_channel,session-area-mapping.md,None
230818,LFP,1,169,41,TEO,TEO,Visual,metadata_resolved_equal_segment,estimated_from_channel,session-area-mapping.md,None
230818,LFP,1,170,42,TEO,TEO,Visual,metadata_resolved_equal_segment,estimated_from_channel,session-area-mapping.md,None
230818,LFP,1,171,43,TEO,TEO,Visual,metadata_resolved_equal_segment,estimated_from_channel,session-area-mapping.md,None
230818,LFP,1,172,44,TEO,TEO,Visual,metadata_resolved_equal_segment,estimated_from_channel,session-area-mapping.md,None
230818,LFP,1,173,45,TEO,TEO,Visual,metadata_resolved_equal_segment,estimated_from_channel,session-area-mapping.md,None
230818,LFP,1,174,46,TEO,TEO,Visual,metadata_resolved_equal_segment,estimated_from_channel,session-area-mapping.md,None
230818,LFP,1,175,47,TEO,TEO,Visual,metadata_resolved_equal_segment,estimated_from_channel,session-area-mapping.md,None
230818,LFP,1,176,48,TEO,TEO,Visual,metadata_resolved_equal_segment,estimated_from_channel,session-area-mapping.md,None
230818,LFP,1,177,49,TEO,TEO,Visual,metadata_resolved_equal_segment,estimated_from_channel,session-area-mapping.md,None
230818,LFP,1,178,50,TEO,TEO,Visual,metadata_resolved_equal_segment,estimated_from_channel,session-area-mapping.md,None
230818,LFP,1,179,51,TEO,TEO,Visual,metadata_resolved_equal_segment,estimated_from_channel,session-area-mapping.md,None
230818,LFP,1,180,52,TEO,TEO,Visual,metadata_resolved_equal_segment,estimated_from_channel,session-area-mapping.md,None
230818,LFP,1,181,53,TEO,TEO,Visual,metadata_resolved_equal_segment,estimated_from_channel,session-area-mapping.md,None
230818,LFP,1,182,54,TEO,TEO,Visual,metadata_resolved_equal_segment,estimated_from_channel,session-area-mapping.md,None
230818,LFP,1,183,55,TEO,TEO,Visual,metadata_resolved_equal_segment,estimated_from_channel,session-area-mapping.md,None
230818,LFP,1,184,56,TEO,TEO,Visual,metadata_resolved_equal_segment,estimated_from_channel,session-area-mapping.md,None
230818,LFP,1,185,57,TEO,TEO,Visual,metadata_resolved_equal_segment,estimated_from_channel,session-area-mapping.md,None
230818,LFP,1,186,58,TEO,TEO,Visual,metadata_resolved_equal_segment,estimated_from_channel,session-area-mapping.md,None
230818,LFP,1,187,59,TEO,TEO,Visual,metadata_resolved_equal_segment,estimated_from_channel,session-area-mapping.md,None
230818,LFP,1,188,60,TEO,TEO,Visual,metadata_resolved_equal_segment,estimated_from_channel,session-area-mapping.md,None
230818,LFP,1,189,61,TEO,TEO,Visual,metadata_resolved_equal_segment,estimated_from_channel,session-area-mapping.md,None
230818,LFP,1,190,62,TEO,TEO,Visual,metadata_resolved_equal_segment,estimated_from_channel,session-area-mapping.md,None
230818,LFP,1,191,63,TEO,TEO,Visual,metadata_resolved_equal_segment,estimated_from_channel,session-area-mapping.md,None
230818,LFP,1,192,64,FST,FST,Visual,metadata_resolved_equal_segment,estimated_from_channel,session-area-mapping.md,None
230818,LFP,1,193,65,FST,FST,Visual,metadata_resolved_equal_segment,estimated_from_channel,session-area-mapping.md,None
230818,LFP,1,194,66,FST,FST,Visual,metadata_resolved_equal_segment,estimated_from_channel,session-area-mapping.md,None
230818,LFP,1,195,67,FST,FST,Visual,metadata_resolved_equal_segment,estimated_from_channel,session-area-mapping.md,None
230818,LFP,1,196,68,FST,FST,Visual,metadata_resolved_equal_segment,estimated_from_channel,session-area-mapping.md,None
230818,LFP,1,197,69,FST,FST,Visual,metadata_resolved_equal_segment,estimated_from_channel,session-area-mapping.md,None
230818,LFP,1,198,70,FST,FST,Visual,metadata_resolved_equal_segment,estimated_from_channel,session-area-mapping.md,None
230818,LFP,1,199,71,FST,FST,Visual,metadata_resolved_equal_segment,estimated_from_channel,session-area-mapping.md,None
230818,LFP,1,200,72,FST,FST,Visual,metadata_resolved_equal_segment,estimated_from_channel,session-area-mapping.md,None
230818,LFP,1,201,73,FST,FST,Visual,metadata_resolved_equal_segment,estimated_from_channel,session-area-mapping.md,None
230818,LFP,1,202,74,FST,FST,Visual,metadata_resolved_equal_segment,estimated_from_channel,session-area-mapping.md,None
230818,LFP,1,203,75,FST,FST,Visual,metadata_resolved_equal_segment,estimated_from_channel,session-area-mapping.md,None
230818,LFP,1,204,76,FST,FST,Visual,metadata_resolved_equal_segment,estimated_from_channel,session-area-mapping.md,None
230818,LFP,1,205,77,FST,FST,Visual,metadata_resolved_equal_segment,estimated_from_channel,session-area-mapping.md,None
230818,LFP,1,206,78,FST,FST,Visual,metadata_resolved_equal_segment,estimated_from_channel,session-area-mapping.md,None
230818,LFP,1,207,79,FST,FST,Visual,metadata_resolved_equal_segment,estimated_from_channel,session-area-mapping.md,None
230818,LFP,1,208,80,FST,FST,Visual,metadata_resolved_equal_segment,estimated_from_channel,session-area-mapping.md,None
230818,LFP,1,209,81,FST,FST,Visual,metadata_resolved_equal_segment,estimated_from_channel,session-area-mapping.md,None
230818,LFP,1,210,82,FST,FST,Visual,metadata_resolved_equal_segment,estimated_from_channel,session-area-mapping.md,None
230818,LFP,1,211,83,FST,FST,Visual,metadata_resolved_equal_segment,estimated_from_channel,session-area-mapping.md,None
230818,LFP,1,212,84,FST,FST,Visual,metadata_resolved_equal_segment,estimated_from_channel,session-area-mapping.md,None
230818,LFP,1,213,85,FST,FST,Visual,metadata_resolved_equal_segment,estimated_from_channel,session-area-mapping.md,None
230818,LFP,1,214,86,FST,FST,Visual,metadata_resolved_equal_segment,estimated_from_channel,session-area-mapping.md,None
230818,LFP,1,215,87,FST,FST,Visual,metadata_resolved_equal_segment,estimated_from_channel,session-area-mapping.md,None
230818,LFP,1,216,88,FST,FST,Visual,metadata_resolved_equal_segment,estimated_from_channel,session-area-mapping.md,None
230818,LFP,1,217,89,FST,FST,Visual,metadata_resolved_equal_segment,estimated_from_channel,session-area-mapping.md,None
230818,LFP,1,218,90,FST,FST,Visual,metadata_resolved_equal_segment,estimated_from_channel,session-area-mapping.md,None
230818,LFP,1,219,91,FST,FST,Visual,metadata_resolved_equal_segment,estimated_from_channel,session-area-mapping.md,None
230818,LFP,1,220,92,FST,FST,Visual,metadata_resolved_equal_segment,estimated_from_channel,session-area-mapping.md,None
230818,LFP,1,221,93,FST,FST,Visual,metadata_resolved_equal_segment,estimated_from_channel,session-area-mapping.md,None
230818,LFP,1,222,94,FST,FST,Visual,metadata_resolved_equal_segment,estimated_from_channel,session-area-mapping.md,None
230818,LFP,1,223,95,FST,FST,Visual,metadata_resolved_equal_segment,estimated_from_channel,session-area-mapping.md,None
230818,LFP,1,224,96,FST,FST,Visual,metadata_resolved_equal_segment,estimated_from_channel,session-area-mapping.md,None
230818,LFP,1,225,97,FST,FST,Visual,metadata_resolved_equal_segment,estimated_from_channel,session-area-mapping.md,None
230818,LFP,1,226,98,FST,FST,Visual,metadata_resolved_equal_segment,estimated_from_channel,session-area-mapping.md,None
230818,LFP,1,227,99,FST,FST,Visual,metadata_resolved_equal_segment,estimated_from_channel,session-area-mapping.md,None
230818,LFP,1,228,100,FST,FST,Visual,metadata_resolved_equal_segment,estimated_from_channel,session-area-mapping.md,None
230818,LFP,1,229,101,FST,FST,Visual,metadata_resolved_equal_segment,estimated_from_channel,session-area-mapping.md,None
230818,LFP,1,230,102,FST,FST,Visual,metadata_resolved_equal_segment,estimated_from_channel,session-area-mapping.md,None
230818,LFP,1,231,103,FST,FST,Visual,metadata_resolved_equal_segment,estimated_from_channel,session-area-mapping.md,None
230818,LFP,1,232,104,FST,FST,Visual,metadata_resolved_equal_segment,estimated_from_channel,session-area-mapping.md,None
230818,LFP,1,233,105,FST,FST,Visual,metadata_resolved_equal_segment,estimated_from_channel,session-area-mapping.md,None
230818,LFP,1,234,106,FST,FST,Visual,metadata_resolved_equal_segment,estimated_from_channel,session-area-mapping.md,None
230818,LFP,1,235,107,FST,FST,Visual,metadata_resolved_equal_segment,estimated_from_channel,session-area-mapping.md,None
230818,LFP,1,236,108,FST,FST,Visual,metadata_resolved_equal_segment,estimated_from_channel,session-area-mapping.md,None
230818,LFP,1,237,109,FST,FST,Visual,metadata_resolved_equal_segment,estimated_from_channel,session-area-mapping.md,None
230818,LFP,1,238,110,FST,FST,Visual,metadata_resolved_equal_segment,estimated_from_channel,session-area-mapping.md,None
230818,LFP,1,239,111,FST,FST,Visual,metadata_resolved_equal_segment,estimated_from_channel,session-area-mapping.md,None
230818,LFP,1,240,112,FST,FST,Visual,metadata_resolved_equal_segment,estimated_from_channel,session-area-mapping.md,None
230818,LFP,1,241,113,FST,FST,Visual,metadata_resolved_equal_segment,estimated_from_channel,session-area-mapping.md,None
230818,LFP,1,242,114,FST,FST,Visual,metadata_resolved_equal_segment,estimated_from_channel,session-area-mapping.md,None
230818,LFP,1,243,115,FST,FST,Visual,metadata_resolved_equal_segment,estimated_from_channel,session-area-mapping.md,None
230818,LFP,1,244,116,FST,FST,Visual,metadata_resolved_equal_segment,estimated_from_channel,session-area-mapping.md,None
230818,LFP,1,245,117,FST,FST,Visual,metadata_resolved_equal_segment,estimated_from_channel,session-area-mapping.md,None
230818,LFP,1,246,118,FST,FST,Visual,metadata_resolved_equal_segment,estimated_from_channel,session-area-mapping.md,None
230818,LFP,1,247,119,FST,FST,Visual,metadata_resolved_equal_segment,estimated_from_channel,session-area-mapping.md,None
230818,LFP,1,248,120,FST,FST,Visual,metadata_resolved_equal_segment,estimated_from_channel,session-area-mapping.md,None
230818,LFP,1,249,121,FST,FST,Visual,metadata_resolved_equal_segment,estimated_from_channel,session-area-mapping.md,None
230818,LFP,1,250,122,FST,FST,Visual,metadata_resolved_equal_segment,estimated_from_channel,session-area-mapping.md,None
230818,LFP,1,251,123,FST,FST,Visual,metadata_resolved_equal_segment,estimated_from_channel,session-area-mapping.md,None
230818,LFP,1,252,124,FST,FST,Visual,metadata_resolved_equal_segment,estimated_from_channel,session-area-mapping.md,None
230818,LFP,1,253,125,FST,FST,Visual,metadata_resolved_equal_segment,estimated_from_channel,session-area-mapping.md,None
230818,LFP,1,254,126,FST,FST,Visual,metadata_resolved_equal_segment,estimated_from_channel,session-area-mapping.md,None
230818,LFP,1,255,127,FST,FST,Visual,metadata_resolved_equal_segment,estimated_from_channel,session-area-mapping.md,None
230818,LFP,2,256,0,MT,MT,Visual,metadata_resolved_equal_segment,estimated_from_channel,session-area-mapping.md,None
230818,LFP,2,257,1,MT,MT,Visual,metadata_resolved_equal_segment,estimated_from_channel,session-area-mapping.md,None
230818,LFP,2,258,2,MT,MT,Visual,metadata_resolved_equal_segment,estimated_from_channel,session-area-mapping.md,None
230818,LFP,2,259,3,MT,MT,Visual,metadata_resolved_equal_segment,estimated_from_channel,session-area-mapping.md,None
230818,LFP,2,260,4,MT,MT,Visual,metadata_resolved_equal_segment,estimated_from_channel,session-area-mapping.md,None
230818,LFP,2,261,5,MT,MT,Visual,metadata_resolved_equal_segment,estimated_from_channel,session-area-mapping.md,None
230818,LFP,2,262,6,MT,MT,Visual,metadata_resolved_equal_segment,estimated_from_channel,session-area-mapping.md,None
230818,LFP,2,263,7,MT,MT,Visual,metadata_resolved_equal_segment,estimated_from_channel,session-area-mapping.md,None
230818,LFP,2,264,8,MT,MT,Visual,metadata_resolved_equal_segment,estimated_from_channel,session-area-mapping.md,None
230818,LFP,2,265,9,MT,MT,Visual,metadata_resolved_equal_segment,estimated_from_channel,session-area-mapping.md,None
230818,LFP,2,266,10,MT,MT,Visual,metadata_resolved_equal_segment,estimated_from_channel,session-area-mapping.md,None
230818,LFP,2,267,11,MT,MT,Visual,metadata_resolved_equal_segment,estimated_from_channel,session-area-mapping.md,None
230818,LFP,2,268,12,MT,MT,Visual,metadata_resolved_equal_segment,estimated_from_channel,session-area-mapping.md,None
230818,LFP,2,269,13,MT,MT,Visual,metadata_resolved_equal_segment,estimated_from_channel,session-area-mapping.md,None
230818,LFP,2,270,14,MT,MT,Visual,metadata_resolved_equal_segment,estimated_from_channel,session-area-mapping.md,None
230818,LFP,2,271,15,MT,MT,Visual,metadata_resolved_equal_segment,estimated_from_channel,session-area-mapping.md,None
230818,LFP,2,272,16,MT,MT,Visual,metadata_resolved_equal_segment,estimated_from_channel,session-area-mapping.md,None
230818,LFP,2,273,17,MT,MT,Visual,metadata_resolved_equal_segment,estimated_from_channel,session-area-mapping.md,None
230818,LFP,2,274,18,MT,MT,Visual,metadata_resolved_equal_segment,estimated_from_channel,session-area-mapping.md,None
230818,LFP,2,275,19,MT,MT,Visual,metadata_resolved_equal_segment,estimated_from_channel,session-area-mapping.md,None
230818,LFP,2,276,20,MT,MT,Visual,metadata_resolved_equal_segment,estimated_from_channel,session-area-mapping.md,None
230818,LFP,2,277,21,MT,MT,Visual,metadata_resolved_equal_segment,estimated_from_channel,session-area-mapping.md,None
230818,LFP,2,278,22,MT,MT,Visual,metadata_resolved_equal_segment,estimated_from_channel,session-area-mapping.md,None
230818,LFP,2,279,23,MT,MT,Visual,metadata_resolved_equal_segment,estimated_from_channel,session-area-mapping.md,None
230818,LFP,2,280,24,MT,MT,Visual,metadata_resolved_equal_segment,estimated_from_channel,session-area-mapping.md,None
230818,LFP,2,281,25,MT,MT,Visual,metadata_resolved_equal_segment,estimated_from_channel,session-area-mapping.md,None
230818,LFP,2,282,26,MT,MT,Visual,metadata_resolved_equal_segment,estimated_from_channel,session-area-mapping.md,None
230818,LFP,2,283,27,MT,MT,Visual,metadata_resolved_equal_segment,estimated_from_channel,session-area-mapping.md,None
230818,LFP,2,284,28,MT,MT,Visual,metadata_resolved_equal_segment,estimated_from_channel,session-area-mapping.md,None
230818,LFP,2,285,29,MT,MT,Visual,metadata_resolved_equal_segment,estimated_from_channel,session-area-mapping.md,None
230818,LFP,2,286,30,MT,MT,Visual,metadata_resolved_equal_segment,estimated_from_channel,session-area-mapping.md,None
230818,LFP,2,287,31,MT,MT,Visual,metadata_resolved_equal_segment,estimated_from_channel,session-area-mapping.md,None
230818,LFP,2,288,32,MT,MT,Visual,metadata_resolved_equal_segment,estimated_from_channel,session-area-mapping.md,None
230818,LFP,2,289,33,MT,MT,Visual,metadata_resolved_equal_segment,estimated_from_channel,session-area-mapping.md,None
230818,LFP,2,290,34,MT,MT,Visual,metadata_resolved_equal_segment,estimated_from_channel,session-area-mapping.md,None
230818,LFP,2,291,35,MT,MT,Visual,metadata_resolved_equal_segment,estimated_from_channel,session-area-mapping.md,None
230818,LFP,2,292,36,MT,MT,Visual,metadata_resolved_equal_segment,estimated_from_channel,session-area-mapping.md,None
230818,LFP,2,293,37,MT,MT,Visual,metadata_resolved_equal_segment,estimated_from_channel,session-area-mapping.md,None
230818,LFP,2,294,38,MT,MT,Visual,metadata_resolved_equal_segment,estimated_from_channel,session-area-mapping.md,None
230818,LFP,2,295,39,MT,MT,Visual,metadata_resolved_equal_segment,estimated_from_channel,session-area-mapping.md,None
230818,LFP,2,296,40,MT,MT,Visual,metadata_resolved_equal_segment,estimated_from_channel,session-area-mapping.md,None
230818,LFP,2,297,41,MT,MT,Visual,metadata_resolved_equal_segment,estimated_from_channel,session-area-mapping.md,None
230818,LFP,2,298,42,MT,MT,Visual,metadata_resolved_equal_segment,estimated_from_channel,session-area-mapping.md,None
230818,LFP,2,299,43,MT,MT,Visual,metadata_resolved_equal_segment,estimated_from_channel,session-area-mapping.md,None
230818,LFP,2,300,44,MT,MT,Visual,metadata_resolved_equal_segment,estimated_from_channel,session-area-mapping.md,None
230818,LFP,2,301,45,MT,MT,Visual,metadata_resolved_equal_segment,estimated_from_channel,session-area-mapping.md,None
230818,LFP,2,302,46,MT,MT,Visual,metadata_resolved_equal_segment,estimated_from_channel,session-area-mapping.md,None
230818,LFP,2,303,47,MT,MT,Visual,metadata_resolved_equal_segment,estimated_from_channel,session-area-mapping.md,None
230818,LFP,2,304,48,MT,MT,Visual,metadata_resolved_equal_segment,estimated_from_channel,session-area-mapping.md,None
230818,LFP,2,305,49,MT,MT,Visual,metadata_resolved_equal_segment,estimated_from_channel,session-area-mapping.md,None
230818,LFP,2,306,50,MT,MT,Visual,metadata_resolved_equal_segment,estimated_from_channel,session-area-mapping.md,None
230818,LFP,2,307,51,MT,MT,Visual,metadata_resolved_equal_segment,estimated_from_channel,session-area-mapping.md,None
230818,LFP,2,308,52,MT,MT,Visual,metadata_resolved_equal_segment,estimated_from_channel,session-area-mapping.md,None
230818,LFP,2,309,53,MT,MT,Visual,metadata_resolved_equal_segment,estimated_from_channel,session-area-mapping.md,None
230818,LFP,2,310,54,MT,MT,Visual,metadata_resolved_equal_segment,estimated_from_channel,session-area-mapping.md,None
230818,LFP,2,311,55,MT,MT,Visual,metadata_resolved_equal_segment,estimated_from_channel,session-area-mapping.md,None
230818,LFP,2,312,56,MT,MT,Visual,metadata_resolved_equal_segment,estimated_from_channel,session-area-mapping.md,None
230818,LFP,2,313,57,MT,MT,Visual,metadata_resolved_equal_segment,estimated_from_channel,session-area-mapping.md,None
230818,LFP,2,314,58,MT,MT,Visual,metadata_resolved_equal_segment,estimated_from_channel,session-area-mapping.md,None
230818,LFP,2,315,59,MT,MT,Visual,metadata_resolved_equal_segment,estimated_from_channel,session-area-mapping.md,None
230818,LFP,2,316,60,MT,MT,Visual,metadata_resolved_equal_segment,estimated_from_channel,session-area-mapping.md,None
230818,LFP,2,317,61,MT,MT,Visual,metadata_resolved_equal_segment,estimated_from_channel,session-area-mapping.md,None
230818,LFP,2,318,62,MT,MT,Visual,metadata_resolved_equal_segment,estimated_from_channel,session-area-mapping.md,None
230818,LFP,2,319,63,MT,MT,Visual,metadata_resolved_equal_segment,estimated_from_channel,session-area-mapping.md,None
230818,LFP,2,320,64,MST,MST,Visual,metadata_resolved_equal_segment,estimated_from_channel,session-area-mapping.md,None
230818,LFP,2,321,65,MST,MST,Visual,metadata_resolved_equal_segment,estimated_from_channel,session-area-mapping.md,None
230818,LFP,2,322,66,MST,MST,Visual,metadata_resolved_equal_segment,estimated_from_channel,session-area-mapping.md,None
230818,LFP,2,323,67,MST,MST,Visual,metadata_resolved_equal_segment,estimated_from_channel,session-area-mapping.md,None
230818,LFP,2,324,68,MST,MST,Visual,metadata_resolved_equal_segment,estimated_from_channel,session-area-mapping.md,None
230818,LFP,2,325,69,MST,MST,Visual,metadata_resolved_equal_segment,estimated_from_channel,session-area-mapping.md,None
230818,LFP,2,326,70,MST,MST,Visual,metadata_resolved_equal_segment,estimated_from_channel,session-area-mapping.md,None
230818,LFP,2,327,71,MST,MST,Visual,metadata_resolved_equal_segment,estimated_from_channel,session-area-mapping.md,None
230818,LFP,2,328,72,MST,MST,Visual,metadata_resolved_equal_segment,estimated_from_channel,session-area-mapping.md,None
230818,LFP,2,329,73,MST,MST,Visual,metadata_resolved_equal_segment,estimated_from_channel,session-area-mapping.md,None
230818,LFP,2,330,74,MST,MST,Visual,metadata_resolved_equal_segment,estimated_from_channel,session-area-mapping.md,None
230818,LFP,2,331,75,MST,MST,Visual,metadata_resolved_equal_segment,estimated_from_channel,session-area-mapping.md,None
230818,LFP,2,332,76,MST,MST,Visual,metadata_resolved_equal_segment,estimated_from_channel,session-area-mapping.md,None
230818,LFP,2,333,77,MST,MST,Visual,metadata_resolved_equal_segment,estimated_from_channel,session-area-mapping.md,None
230818,LFP,2,334,78,MST,MST,Visual,metadata_resolved_equal_segment,estimated_from_channel,session-area-mapping.md,None
230818,LFP,2,335,79,MST,MST,Visual,metadata_resolved_equal_segment,estimated_from_channel,session-area-mapping.md,None
230818,LFP,2,336,80,MST,MST,Visual,metadata_resolved_equal_segment,estimated_from_channel,session-area-mapping.md,None
230818,LFP,2,337,81,MST,MST,Visual,metadata_resolved_equal_segment,estimated_from_channel,session-area-mapping.md,None
230818,LFP,2,338,82,MST,MST,Visual,metadata_resolved_equal_segment,estimated_from_channel,session-area-mapping.md,None
230818,LFP,2,339,83,MST,MST,Visual,metadata_resolved_equal_segment,estimated_from_channel,session-area-mapping.md,None
230818,LFP,2,340,84,MST,MST,Visual,metadata_resolved_equal_segment,estimated_from_channel,session-area-mapping.md,None
230818,LFP,2,341,85,MST,MST,Visual,metadata_resolved_equal_segment,estimated_from_channel,session-area-mapping.md,None
230818,LFP,2,342,86,MST,MST,Visual,metadata_resolved_equal_segment,estimated_from_channel,session-area-mapping.md,None
230818,LFP,2,343,87,MST,MST,Visual,metadata_resolved_equal_segment,estimated_from_channel,session-area-mapping.md,None
230818,LFP,2,344,88,MST,MST,Visual,metadata_resolved_equal_segment,estimated_from_channel,session-area-mapping.md,None
230818,LFP,2,345,89,MST,MST,Visual,metadata_resolved_equal_segment,estimated_from_channel,session-area-mapping.md,None
230818,LFP,2,346,90,MST,MST,Visual,metadata_resolved_equal_segment,estimated_from_channel,session-area-mapping.md,None
230818,LFP,2,347,91,MST,MST,Visual,metadata_resolved_equal_segment,estimated_from_channel,session-area-mapping.md,None
230818,LFP,2,348,92,MST,MST,Visual,metadata_resolved_equal_segment,estimated_from_channel,session-area-mapping.md,None
230818,LFP,2,349,93,MST,MST,Visual,metadata_resolved_equal_segment,estimated_from_channel,session-area-mapping.md,None
230818,LFP,2,350,94,MST,MST,Visual,metadata_resolved_equal_segment,estimated_from_channel,session-area-mapping.md,None
230818,LFP,2,351,95,MST,MST,Visual,metadata_resolved_equal_segment,estimated_from_channel,session-area-mapping.md,None
230818,LFP,2,352,96,MST,MST,Visual,metadata_resolved_equal_segment,estimated_from_channel,session-area-mapping.md,None
230818,LFP,2,353,97,MST,MST,Visual,metadata_resolved_equal_segment,estimated_from_channel,session-area-mapping.md,None
230818,LFP,2,354,98,MST,MST,Visual,metadata_resolved_equal_segment,estimated_from_channel,session-area-mapping.md,None
230818,LFP,2,355,99,MST,MST,Visual,metadata_resolved_equal_segment,estimated_from_channel,session-area-mapping.md,None
230818,LFP,2,356,100,MST,MST,Visual,metadata_resolved_equal_segment,estimated_from_channel,session-area-mapping.md,None
230818,LFP,2,357,101,MST,MST,Visual,metadata_resolved_equal_segment,estimated_from_channel,session-area-mapping.md,None
230818,LFP,2,358,102,MST,MST,Visual,metadata_resolved_equal_segment,estimated_from_channel,session-area-mapping.md,None
230818,LFP,2,359,103,MST,MST,Visual,metadata_resolved_equal_segment,estimated_from_channel,session-area-mapping.md,None
230818,LFP,2,360,104,MST,MST,Visual,metadata_resolved_equal_segment,estimated_from_channel,session-area-mapping.md,None
230818,LFP,2,361,105,MST,MST,Visual,metadata_resolved_equal_segment,estimated_from_channel,session-area-mapping.md,None
230818,LFP,2,362,106,MST,MST,Visual,metadata_resolved_equal_segment,estimated_from_channel,session-area-mapping.md,None
230818,LFP,2,363,107,MST,MST,Visual,metadata_resolved_equal_segment,estimated_from_channel,session-area-mapping.md,None
230818,LFP,2,364,108,MST,MST,Visual,metadata_resolved_equal_segment,estimated_from_channel,session-area-mapping.md,None
230818,LFP,2,365,109,MST,MST,Visual,metadata_resolved_equal_segment,estimated_from_channel,session-area-mapping.md,None
230818,LFP,2,366,110,MST,MST,Visual,metadata_resolved_equal_segment,estimated_from_channel,session-area-mapping.md,None
230818,LFP,2,367,111,MST,MST,Visual,metadata_resolved_equal_segment,estimated_from_channel,session-area-mapping.md,None
230818,LFP,2,368,112,MST,MST,Visual,metadata_resolved_equal_segment,estimated_from_channel,session-area-mapping.md,None
230818,LFP,2,369,113,MST,MST,Visual,metadata_resolved_equal_segment,estimated_from_channel,session-area-mapping.md,None
230818,LFP,2,370,114,MST,MST,Visual,metadata_resolved_equal_segment,estimated_from_channel,session-area-mapping.md,None
230818,LFP,2,371,115,MST,MST,Visual,metadata_resolved_equal_segment,estimated_from_channel,session-area-mapping.md,None
230818,LFP,2,372,116,MST,MST,Visual,metadata_resolved_equal_segment,estimated_from_channel,session-area-mapping.md,None
230818,LFP,2,373,117,MST,MST,Visual,metadata_resolved_equal_segment,estimated_from_channel,session-area-mapping.md,None
230818,LFP,2,374,118,MST,MST,Visual,metadata_resolved_equal_segment,estimated_from_channel,session-area-mapping.md,None
230818,LFP,2,375,119,MST,MST,Visual,metadata_resolved_equal_segment,estimated_from_channel,session-area-mapping.md,None
230818,LFP,2,376,120,MST,MST,Visual,metadata_resolved_equal_segment,estimated_from_channel,session-area-mapping.md,None
230818,LFP,2,377,121,MST,MST,Visual,metadata_resolved_equal_segment,estimated_from_channel,session-area-mapping.md,None
230818,LFP,2,378,122,MST,MST,Visual,metadata_resolved_equal_segment,estimated_from_channel,session-area-mapping.md,None
230818,LFP,2,379,123,MST,MST,Visual,metadata_resolved_equal_segment,estimated_from_channel,session-area-mapping.md,None
230818,LFP,2,380,124,MST,MST,Visual,metadata_resolved_equal_segment,estimated_from_channel,session-area-mapping.md,None
230818,LFP,2,381,125,MST,MST,Visual,metadata_resolved_equal_segment,estimated_from_channel,session-area-mapping.md,None
230818,LFP,2,382,126,MST,MST,Visual,metadata_resolved_equal_segment,estimated_from_channel,session-area-mapping.md,None
230818,LFP,2,383,127,MST,MST,Visual,metadata_resolved_equal_segment,estimated_from_channel,session-area-mapping.md,None
230823,LFP,0,0,0,FEF,FEF,Frontal,metadata_resolved_equal_segment,estimated_from_channel,session-area-mapping.md,None
230823,LFP,0,1,1,FEF,FEF,Frontal,metadata_resolved_equal_segment,estimated_from_channel,session-area-mapping.md,None
230823,LFP,0,2,2,FEF,FEF,Frontal,metadata_resolved_equal_segment,estimated_from_channel,session-area-mapping.md,None
230823,LFP,0,3,3,FEF,FEF,Frontal,metadata_resolved_equal_segment,estimated_from_channel,session-area-mapping.md,None
230823,LFP,0,4,4,FEF,FEF,Frontal,metadata_resolved_equal_segment,estimated_from_channel,session-area-mapping.md,None
230823,LFP,0,5,5,FEF,FEF,Frontal,metadata_resolved_equal_segment,estimated_from_channel,session-area-mapping.md,None
230823,LFP,0,6,6,FEF,FEF,Frontal,metadata_resolved_equal_segment,estimated_from_channel,session-area-mapping.md,None
230823,LFP,0,7,7,FEF,FEF,Frontal,metadata_resolved_equal_segment,estimated_from_channel,session-area-mapping.md,None
230823,LFP,0,8,8,FEF,FEF,Frontal,metadata_resolved_equal_segment,estimated_from_channel,session-area-mapping.md,None
230823,LFP,0,9,9,FEF,FEF,Frontal,metadata_resolved_equal_segment,estimated_from_channel,session-area-mapping.md,None
230823,LFP,0,10,10,FEF,FEF,Frontal,metadata_resolved_equal_segment,estimated_from_channel,session-area-mapping.md,None
230823,LFP,0,11,11,FEF,FEF,Frontal,metadata_resolved_equal_segment,estimated_from_channel,session-area-mapping.md,None
230823,LFP,0,12,12,FEF,FEF,Frontal,metadata_resolved_equal_segment,estimated_from_channel,session-area-mapping.md,None
230823,LFP,0,13,13,FEF,FEF,Frontal,metadata_resolved_equal_segment,estimated_from_channel,session-area-mapping.md,None
230823,LFP,0,14,14,FEF,FEF,Frontal,metadata_resolved_equal_segment,estimated_from_channel,session-area-mapping.md,None
230823,LFP,0,15,15,FEF,FEF,Frontal,metadata_resolved_equal_segment,estimated_from_channel,session-area-mapping.md,None
230823,LFP,0,16,16,FEF,FEF,Frontal,metadata_resolved_equal_segment,estimated_from_channel,session-area-mapping.md,None
230823,LFP,0,17,17,FEF,FEF,Frontal,metadata_resolved_equal_segment,estimated_from_channel,session-area-mapping.md,None
230823,LFP,0,18,18,FEF,FEF,Frontal,metadata_resolved_equal_segment,estimated_from_channel,session-area-mapping.md,None
230823,LFP,0,19,19,FEF,FEF,Frontal,metadata_resolved_equal_segment,estimated_from_channel,session-area-mapping.md,None
230823,LFP,0,20,20,FEF,FEF,Frontal,metadata_resolved_equal_segment,estimated_from_channel,session-area-mapping.md,None
230823,LFP,0,21,21,FEF,FEF,Frontal,metadata_resolved_equal_segment,estimated_from_channel,session-area-mapping.md,None
230823,LFP,0,22,22,FEF,FEF,Frontal,metadata_resolved_equal_segment,estimated_from_channel,session-area-mapping.md,None
230823,LFP,0,23,23,FEF,FEF,Frontal,metadata_resolved_equal_segment,estimated_from_channel,session-area-mapping.md,None
230823,LFP,0,24,24,FEF,FEF,Frontal,metadata_resolved_equal_segment,estimated_from_channel,session-area-mapping.md,None
230823,LFP,0,25,25,FEF,FEF,Frontal,metadata_resolved_equal_segment,estimated_from_channel,session-area-mapping.md,None
230823,LFP,0,26,26,FEF,FEF,Frontal,metadata_resolved_equal_segment,estimated_from_channel,session-area-mapping.md,None
230823,LFP,0,27,27,FEF,FEF,Frontal,metadata_resolved_equal_segment,estimated_from_channel,session-area-mapping.md,None
230823,LFP,0,28,28,FEF,FEF,Frontal,metadata_resolved_equal_segment,estimated_from_channel,session-area-mapping.md,None
230823,LFP,0,29,29,FEF,FEF,Frontal,metadata_resolved_equal_segment,estimated_from_channel,session-area-mapping.md,None
230823,LFP,0,30,30,FEF,FEF,Frontal,metadata_resolved_equal_segment,estimated_from_channel,session-area-mapping.md,None
230823,LFP,0,31,31,FEF,FEF,Frontal,metadata_resolved_equal_segment,estimated_from_channel,session-area-mapping.md,None
230823,LFP,0,32,32,FEF,FEF,Frontal,metadata_resolved_equal_segment,estimated_from_channel,session-area-mapping.md,None
230823,LFP,0,33,33,FEF,FEF,Frontal,metadata_resolved_equal_segment,estimated_from_channel,session-area-mapping.md,None
230823,LFP,0,34,34,FEF,FEF,Frontal,metadata_resolved_equal_segment,estimated_from_channel,session-area-mapping.md,None
230823,LFP,0,35,35,FEF,FEF,Frontal,metadata_resolved_equal_segment,estimated_from_channel,session-area-mapping.md,None
230823,LFP,0,36,36,FEF,FEF,Frontal,metadata_resolved_equal_segment,estimated_from_channel,session-area-mapping.md,None
230823,LFP,0,37,37,FEF,FEF,Frontal,metadata_resolved_equal_segment,estimated_from_channel,session-area-mapping.md,None
230823,LFP,0,38,38,FEF,FEF,Frontal,metadata_resolved_equal_segment,estimated_from_channel,session-area-mapping.md,None
230823,LFP,0,39,39,FEF,FEF,Frontal,metadata_resolved_equal_segment,estimated_from_channel,session-area-mapping.md,None
230823,LFP,0,40,40,FEF,FEF,Frontal,metadata_resolved_equal_segment,estimated_from_channel,session-area-mapping.md,None
230823,LFP,0,41,41,FEF,FEF,Frontal,metadata_resolved_equal_segment,estimated_from_channel,session-area-mapping.md,None
230823,LFP,0,42,42,FEF,FEF,Frontal,metadata_resolved_equal_segment,estimated_from_channel,session-area-mapping.md,None
230823,LFP,0,43,43,FEF,FEF,Frontal,metadata_resolved_equal_segment,estimated_from_channel,session-area-mapping.md,None
230823,LFP,0,44,44,FEF,FEF,Frontal,metadata_resolved_equal_segment,estimated_from_channel,session-area-mapping.md,None
230823,LFP,0,45,45,FEF,FEF,Frontal,metadata_resolved_equal_segment,estimated_from_channel,session-area-mapping.md,None
230823,LFP,0,46,46,FEF,FEF,Frontal,metadata_resolved_equal_segment,estimated_from_channel,session-area-mapping.md,None
230823,LFP,0,47,47,FEF,FEF,Frontal,metadata_resolved_equal_segment,estimated_from_channel,session-area-mapping.md,None
230823,LFP,0,48,48,FEF,FEF,Frontal,metadata_resolved_equal_segment,estimated_from_channel,session-area-mapping.md,None
230823,LFP,0,49,49,FEF,FEF,Frontal,metadata_resolved_equal_segment,estimated_from_channel,session-area-mapping.md,None
230823,LFP,0,50,50,FEF,FEF,Frontal,metadata_resolved_equal_segment,estimated_from_channel,session-area-mapping.md,None
230823,LFP,0,51,51,FEF,FEF,Frontal,metadata_resolved_equal_segment,estimated_from_channel,session-area-mapping.md,None
230823,LFP,0,52,52,FEF,FEF,Frontal,metadata_resolved_equal_segment,estimated_from_channel,session-area-mapping.md,None
230823,LFP,0,53,53,FEF,FEF,Frontal,metadata_resolved_equal_segment,estimated_from_channel,session-area-mapping.md,None
230823,LFP,0,54,54,FEF,FEF,Frontal,metadata_resolved_equal_segment,estimated_from_channel,session-area-mapping.md,None
230823,LFP,0,55,55,FEF,FEF,Frontal,metadata_resolved_equal_segment,estimated_from_channel,session-area-mapping.md,None
230823,LFP,0,56,56,FEF,FEF,Frontal,metadata_resolved_equal_segment,estimated_from_channel,session-area-mapping.md,None
230823,LFP,0,57,57,FEF,FEF,Frontal,metadata_resolved_equal_segment,estimated_from_channel,session-area-mapping.md,None
230823,LFP,0,58,58,FEF,FEF,Frontal,metadata_resolved_equal_segment,estimated_from_channel,session-area-mapping.md,None
230823,LFP,0,59,59,FEF,FEF,Frontal,metadata_resolved_equal_segment,estimated_from_channel,session-area-mapping.md,None
230823,LFP,0,60,60,FEF,FEF,Frontal,metadata_resolved_equal_segment,estimated_from_channel,session-area-mapping.md,None
230823,LFP,0,61,61,FEF,FEF,Frontal,metadata_resolved_equal_segment,estimated_from_channel,session-area-mapping.md,None
230823,LFP,0,62,62,FEF,FEF,Frontal,metadata_resolved_equal_segment,estimated_from_channel,session-area-mapping.md,None
230823,LFP,0,63,63,FEF,FEF,Frontal,metadata_resolved_equal_segment,estimated_from_channel,session-area-mapping.md,None
230823,LFP,0,64,64,FEF,FEF,Frontal,metadata_resolved_equal_segment,estimated_from_channel,session-area-mapping.md,None
230823,LFP,0,65,65,FEF,FEF,Frontal,metadata_resolved_equal_segment,estimated_from_channel,session-area-mapping.md,None
230823,LFP,0,66,66,FEF,FEF,Frontal,metadata_resolved_equal_segment,estimated_from_channel,session-area-mapping.md,None
230823,LFP,0,67,67,FEF,FEF,Frontal,metadata_resolved_equal_segment,estimated_from_channel,session-area-mapping.md,None
230823,LFP,0,68,68,FEF,FEF,Frontal,metadata_resolved_equal_segment,estimated_from_channel,session-area-mapping.md,None
230823,LFP,0,69,69,FEF,FEF,Frontal,metadata_resolved_equal_segment,estimated_from_channel,session-area-mapping.md,None
230823,LFP,0,70,70,FEF,FEF,Frontal,metadata_resolved_equal_segment,estimated_from_channel,session-area-mapping.md,None
230823,LFP,0,71,71,FEF,FEF,Frontal,metadata_resolved_equal_segment,estimated_from_channel,session-area-mapping.md,None
230823,LFP,0,72,72,FEF,FEF,Frontal,metadata_resolved_equal_segment,estimated_from_channel,session-area-mapping.md,None
230823,LFP,0,73,73,FEF,FEF,Frontal,metadata_resolved_equal_segment,estimated_from_channel,session-area-mapping.md,None
230823,LFP,0,74,74,FEF,FEF,Frontal,metadata_resolved_equal_segment,estimated_from_channel,session-area-mapping.md,None
230823,LFP,0,75,75,FEF,FEF,Frontal,metadata_resolved_equal_segment,estimated_from_channel,session-area-mapping.md,None
230823,LFP,0,76,76,FEF,FEF,Frontal,metadata_resolved_equal_segment,estimated_from_channel,session-area-mapping.md,None
230823,LFP,0,77,77,FEF,FEF,Frontal,metadata_resolved_equal_segment,estimated_from_channel,session-area-mapping.md,None
230823,LFP,0,78,78,FEF,FEF,Frontal,metadata_resolved_equal_segment,estimated_from_channel,session-area-mapping.md,None
230823,LFP,0,79,79,FEF,FEF,Frontal,metadata_resolved_equal_segment,estimated_from_channel,session-area-mapping.md,None
230823,LFP,0,80,80,FEF,FEF,Frontal,metadata_resolved_equal_segment,estimated_from_channel,session-area-mapping.md,None
230823,LFP,0,81,81,FEF,FEF,Frontal,metadata_resolved_equal_segment,estimated_from_channel,session-area-mapping.md,None
230823,LFP,0,82,82,FEF,FEF,Frontal,metadata_resolved_equal_segment,estimated_from_channel,session-area-mapping.md,None
230823,LFP,0,83,83,FEF,FEF,Frontal,metadata_resolved_equal_segment,estimated_from_channel,session-area-mapping.md,None
230823,LFP,0,84,84,FEF,FEF,Frontal,metadata_resolved_equal_segment,estimated_from_channel,session-area-mapping.md,None
230823,LFP,0,85,85,FEF,FEF,Frontal,metadata_resolved_equal_segment,estimated_from_channel,session-area-mapping.md,None
230823,LFP,0,86,86,FEF,FEF,Frontal,metadata_resolved_equal_segment,estimated_from_channel,session-area-mapping.md,None
230823,LFP,0,87,87,FEF,FEF,Frontal,metadata_resolved_equal_segment,estimated_from_channel,session-area-mapping.md,None
230823,LFP,0,88,88,FEF,FEF,Frontal,metadata_resolved_equal_segment,estimated_from_channel,session-area-mapping.md,None
230823,LFP,0,89,89,FEF,FEF,Frontal,metadata_resolved_equal_segment,estimated_from_channel,session-area-mapping.md,None
230823,LFP,0,90,90,FEF,FEF,Frontal,metadata_resolved_equal_segment,estimated_from_channel,session-area-mapping.md,None
230823,LFP,0,91,91,FEF,FEF,Frontal,metadata_resolved_equal_segment,estimated_from_channel,session-area-mapping.md,None
230823,LFP,0,92,92,FEF,FEF,Frontal,metadata_resolved_equal_segment,estimated_from_channel,session-area-mapping.md,None
230823,LFP,0,93,93,FEF,FEF,Frontal,metadata_resolved_equal_segment,estimated_from_channel,session-area-mapping.md,None
230823,LFP,0,94,94,FEF,FEF,Frontal,metadata_resolved_equal_segment,estimated_from_channel,session-area-mapping.md,None
230823,LFP,0,95,95,FEF,FEF,Frontal,metadata_resolved_equal_segment,estimated_from_channel,session-area-mapping.md,None
230823,LFP,0,96,96,FEF,FEF,Frontal,metadata_resolved_equal_segment,estimated_from_channel,session-area-mapping.md,None
230823,LFP,0,97,97,FEF,FEF,Frontal,metadata_resolved_equal_segment,estimated_from_channel,session-area-mapping.md,None
230823,LFP,0,98,98,FEF,FEF,Frontal,metadata_resolved_equal_segment,estimated_from_channel,session-area-mapping.md,None
230823,LFP,0,99,99,FEF,FEF,Frontal,metadata_resolved_equal_segment,estimated_from_channel,session-area-mapping.md,None
230823,LFP,0,100,100,FEF,FEF,Frontal,metadata_resolved_equal_segment,estimated_from_channel,session-area-mapping.md,None
230823,LFP,0,101,101,FEF,FEF,Frontal,metadata_resolved_equal_segment,estimated_from_channel,session-area-mapping.md,None
230823,LFP,0,102,102,FEF,FEF,Frontal,metadata_resolved_equal_segment,estimated_from_channel,session-area-mapping.md,None
230823,LFP,0,103,103,FEF,FEF,Frontal,metadata_resolved_equal_segment,estimated_from_channel,session-area-mapping.md,None
230823,LFP,0,104,104,FEF,FEF,Frontal,metadata_resolved_equal_segment,estimated_from_channel,session-area-mapping.md,None
230823,LFP,0,105,105,FEF,FEF,Frontal,metadata_resolved_equal_segment,estimated_from_channel,session-area-mapping.md,None
230823,LFP,0,106,106,FEF,FEF,Frontal,metadata_resolved_equal_segment,estimated_from_channel,session-area-mapping.md,None
230823,LFP,0,107,107,FEF,FEF,Frontal,metadata_resolved_equal_segment,estimated_from_channel,session-area-mapping.md,None
230823,LFP,0,108,108,FEF,FEF,Frontal,metadata_resolved_equal_segment,estimated_from_channel,session-area-mapping.md,None
230823,LFP,0,109,109,FEF,FEF,Frontal,metadata_resolved_equal_segment,estimated_from_channel,session-area-mapping.md,None
230823,LFP,0,110,110,FEF,FEF,Frontal,metadata_resolved_equal_segment,estimated_from_channel,session-area-mapping.md,None
230823,LFP,0,111,111,FEF,FEF,Frontal,metadata_resolved_equal_segment,estimated_from_channel,session-area-mapping.md,None
230823,LFP,0,112,112,FEF,FEF,Frontal,metadata_resolved_equal_segment,estimated_from_channel,session-area-mapping.md,None
230823,LFP,0,113,113,FEF,FEF,Frontal,metadata_resolved_equal_segment,estimated_from_channel,session-area-mapping.md,None
230823,LFP,0,114,114,FEF,FEF,Frontal,metadata_resolved_equal_segment,estimated_from_channel,session-area-mapping.md,None
230823,LFP,0,115,115,FEF,FEF,Frontal,metadata_resolved_equal_segment,estimated_from_channel,session-area-mapping.md,None
230823,LFP,0,116,116,FEF,FEF,Frontal,metadata_resolved_equal_segment,estimated_from_channel,session-area-mapping.md,None
230823,LFP,0,117,117,FEF,FEF,Frontal,metadata_resolved_equal_segment,estimated_from_channel,session-area-mapping.md,None
230823,LFP,0,118,118,FEF,FEF,Frontal,metadata_resolved_equal_segment,estimated_from_channel,session-area-mapping.md,None
230823,LFP,0,119,119,FEF,FEF,Frontal,metadata_resolved_equal_segment,estimated_from_channel,session-area-mapping.md,None
230823,LFP,0,120,120,FEF,FEF,Frontal,metadata_resolved_equal_segment,estimated_from_channel,session-area-mapping.md,None
230823,LFP,0,121,121,FEF,FEF,Frontal,metadata_resolved_equal_segment,estimated_from_channel,session-area-mapping.md,None
230823,LFP,0,122,122,FEF,FEF,Frontal,metadata_resolved_equal_segment,estimated_from_channel,session-area-mapping.md,None
230823,LFP,0,123,123,FEF,FEF,Frontal,metadata_resolved_equal_segment,estimated_from_channel,session-area-mapping.md,None
230823,LFP,0,124,124,FEF,FEF,Frontal,metadata_resolved_equal_segment,estimated_from_channel,session-area-mapping.md,None
230823,LFP,0,125,125,FEF,FEF,Frontal,metadata_resolved_equal_segment,estimated_from_channel,session-area-mapping.md,None
230823,LFP,0,126,126,FEF,FEF,Frontal,metadata_resolved_equal_segment,estimated_from_channel,session-area-mapping.md,None
230823,LFP,0,127,127,FEF,FEF,Frontal,metadata_resolved_equal_segment,estimated_from_channel,session-area-mapping.md,None
230823,LFP,1,128,0,MT,MT,Visual,metadata_resolved_equal_segment,estimated_from_channel,session-area-mapping.md,None
230823,LFP,1,129,1,MT,MT,Visual,metadata_resolved_equal_segment,estimated_from_channel,session-area-mapping.md,None
230823,LFP,1,130,2,MT,MT,Visual,metadata_resolved_equal_segment,estimated_from_channel,session-area-mapping.md,None
230823,LFP,1,131,3,MT,MT,Visual,metadata_resolved_equal_segment,estimated_from_channel,session-area-mapping.md,None
230823,LFP,1,132,4,MT,MT,Visual,metadata_resolved_equal_segment,estimated_from_channel,session-area-mapping.md,None
230823,LFP,1,133,5,MT,MT,Visual,metadata_resolved_equal_segment,estimated_from_channel,session-area-mapping.md,None
230823,LFP,1,134,6,MT,MT,Visual,metadata_resolved_equal_segment,estimated_from_channel,session-area-mapping.md,None
230823,LFP,1,135,7,MT,MT,Visual,metadata_resolved_equal_segment,estimated_from_channel,session-area-mapping.md,None
230823,LFP,1,136,8,MT,MT,Visual,metadata_resolved_equal_segment,estimated_from_channel,session-area-mapping.md,None
230823,LFP,1,137,9,MT,MT,Visual,metadata_resolved_equal_segment,estimated_from_channel,session-area-mapping.md,None
230823,LFP,1,138,10,MT,MT,Visual,metadata_resolved_equal_segment,estimated_from_channel,session-area-mapping.md,None
230823,LFP,1,139,11,MT,MT,Visual,metadata_resolved_equal_segment,estimated_from_channel,session-area-mapping.md,None
230823,LFP,1,140,12,MT,MT,Visual,metadata_resolved_equal_segment,estimated_from_channel,session-area-mapping.md,None
230823,LFP,1,141,13,MT,MT,Visual,metadata_resolved_equal_segment,estimated_from_channel,session-area-mapping.md,None
230823,LFP,1,142,14,MT,MT,Visual,metadata_resolved_equal_segment,estimated_from_channel,session-area-mapping.md,None
230823,LFP,1,143,15,MT,MT,Visual,metadata_resolved_equal_segment,estimated_from_channel,session-area-mapping.md,None
230823,LFP,1,144,16,MT,MT,Visual,metadata_resolved_equal_segment,estimated_from_channel,session-area-mapping.md,None
230823,LFP,1,145,17,MT,MT,Visual,metadata_resolved_equal_segment,estimated_from_channel,session-area-mapping.md,None
230823,LFP,1,146,18,MT,MT,Visual,metadata_resolved_equal_segment,estimated_from_channel,session-area-mapping.md,None
230823,LFP,1,147,19,MT,MT,Visual,metadata_resolved_equal_segment,estimated_from_channel,session-area-mapping.md,None
230823,LFP,1,148,20,MT,MT,Visual,metadata_resolved_equal_segment,estimated_from_channel,session-area-mapping.md,None
230823,LFP,1,149,21,MT,MT,Visual,metadata_resolved_equal_segment,estimated_from_channel,session-area-mapping.md,None
230823,LFP,1,150,22,MT,MT,Visual,metadata_resolved_equal_segment,estimated_from_channel,session-area-mapping.md,None
230823,LFP,1,151,23,MT,MT,Visual,metadata_resolved_equal_segment,estimated_from_channel,session-area-mapping.md,None
230823,LFP,1,152,24,MT,MT,Visual,metadata_resolved_equal_segment,estimated_from_channel,session-area-mapping.md,None
230823,LFP,1,153,25,MT,MT,Visual,metadata_resolved_equal_segment,estimated_from_channel,session-area-mapping.md,None
230823,LFP,1,154,26,MT,MT,Visual,metadata_resolved_equal_segment,estimated_from_channel,session-area-mapping.md,None
230823,LFP,1,155,27,MT,MT,Visual,metadata_resolved_equal_segment,estimated_from_channel,session-area-mapping.md,None
230823,LFP,1,156,28,MT,MT,Visual,metadata_resolved_equal_segment,estimated_from_channel,session-area-mapping.md,None
230823,LFP,1,157,29,MT,MT,Visual,metadata_resolved_equal_segment,estimated_from_channel,session-area-mapping.md,None
230823,LFP,1,158,30,MT,MT,Visual,metadata_resolved_equal_segment,estimated_from_channel,session-area-mapping.md,None
230823,LFP,1,159,31,MT,MT,Visual,metadata_resolved_equal_segment,estimated_from_channel,session-area-mapping.md,None
230823,LFP,1,160,32,MT,MT,Visual,metadata_resolved_equal_segment,estimated_from_channel,session-area-mapping.md,None
230823,LFP,1,161,33,MT,MT,Visual,metadata_resolved_equal_segment,estimated_from_channel,session-area-mapping.md,None
230823,LFP,1,162,34,MT,MT,Visual,metadata_resolved_equal_segment,estimated_from_channel,session-area-mapping.md,None
230823,LFP,1,163,35,MT,MT,Visual,metadata_resolved_equal_segment,estimated_from_channel,session-area-mapping.md,None
230823,LFP,1,164,36,MT,MT,Visual,metadata_resolved_equal_segment,estimated_from_channel,session-area-mapping.md,None
230823,LFP,1,165,37,MT,MT,Visual,metadata_resolved_equal_segment,estimated_from_channel,session-area-mapping.md,None
230823,LFP,1,166,38,MT,MT,Visual,metadata_resolved_equal_segment,estimated_from_channel,session-area-mapping.md,None
230823,LFP,1,167,39,MT,MT,Visual,metadata_resolved_equal_segment,estimated_from_channel,session-area-mapping.md,None
230823,LFP,1,168,40,MT,MT,Visual,metadata_resolved_equal_segment,estimated_from_channel,session-area-mapping.md,None
230823,LFP,1,169,41,MT,MT,Visual,metadata_resolved_equal_segment,estimated_from_channel,session-area-mapping.md,None
230823,LFP,1,170,42,MT,MT,Visual,metadata_resolved_equal_segment,estimated_from_channel,session-area-mapping.md,None
230823,LFP,1,171,43,MT,MT,Visual,metadata_resolved_equal_segment,estimated_from_channel,session-area-mapping.md,None
230823,LFP,1,172,44,MT,MT,Visual,metadata_resolved_equal_segment,estimated_from_channel,session-area-mapping.md,None
230823,LFP,1,173,45,MT,MT,Visual,metadata_resolved_equal_segment,estimated_from_channel,session-area-mapping.md,None
230823,LFP,1,174,46,MT,MT,Visual,metadata_resolved_equal_segment,estimated_from_channel,session-area-mapping.md,None
230823,LFP,1,175,47,MT,MT,Visual,metadata_resolved_equal_segment,estimated_from_channel,session-area-mapping.md,None
230823,LFP,1,176,48,MT,MT,Visual,metadata_resolved_equal_segment,estimated_from_channel,session-area-mapping.md,None
230823,LFP,1,177,49,MT,MT,Visual,metadata_resolved_equal_segment,estimated_from_channel,session-area-mapping.md,None
230823,LFP,1,178,50,MT,MT,Visual,metadata_resolved_equal_segment,estimated_from_channel,session-area-mapping.md,None
230823,LFP,1,179,51,MT,MT,Visual,metadata_resolved_equal_segment,estimated_from_channel,session-area-mapping.md,None
230823,LFP,1,180,52,MT,MT,Visual,metadata_resolved_equal_segment,estimated_from_channel,session-area-mapping.md,None
230823,LFP,1,181,53,MT,MT,Visual,metadata_resolved_equal_segment,estimated_from_channel,session-area-mapping.md,None
230823,LFP,1,182,54,MT,MT,Visual,metadata_resolved_equal_segment,estimated_from_channel,session-area-mapping.md,None
230823,LFP,1,183,55,MT,MT,Visual,metadata_resolved_equal_segment,estimated_from_channel,session-area-mapping.md,None
230823,LFP,1,184,56,MT,MT,Visual,metadata_resolved_equal_segment,estimated_from_channel,session-area-mapping.md,None
230823,LFP,1,185,57,MT,MT,Visual,metadata_resolved_equal_segment,estimated_from_channel,session-area-mapping.md,None
230823,LFP,1,186,58,MT,MT,Visual,metadata_resolved_equal_segment,estimated_from_channel,session-area-mapping.md,None
230823,LFP,1,187,59,MT,MT,Visual,metadata_resolved_equal_segment,estimated_from_channel,session-area-mapping.md,None
230823,LFP,1,188,60,MT,MT,Visual,metadata_resolved_equal_segment,estimated_from_channel,session-area-mapping.md,None
230823,LFP,1,189,61,MT,MT,Visual,metadata_resolved_equal_segment,estimated_from_channel,session-area-mapping.md,None
230823,LFP,1,190,62,MT,MT,Visual,metadata_resolved_equal_segment,estimated_from_channel,session-area-mapping.md,None
230823,LFP,1,191,63,MT,MT,Visual,metadata_resolved_equal_segment,estimated_from_channel,session-area-mapping.md,None
230823,LFP,1,192,64,MST,MST,Visual,metadata_resolved_equal_segment,estimated_from_channel,session-area-mapping.md,None
230823,LFP,1,193,65,MST,MST,Visual,metadata_resolved_equal_segment,estimated_from_channel,session-area-mapping.md,None
230823,LFP,1,194,66,MST,MST,Visual,metadata_resolved_equal_segment,estimated_from_channel,session-area-mapping.md,None
230823,LFP,1,195,67,MST,MST,Visual,metadata_resolved_equal_segment,estimated_from_channel,session-area-mapping.md,None
230823,LFP,1,196,68,MST,MST,Visual,metadata_resolved_equal_segment,estimated_from_channel,session-area-mapping.md,None
230823,LFP,1,197,69,MST,MST,Visual,metadata_resolved_equal_segment,estimated_from_channel,session-area-mapping.md,None
230823,LFP,1,198,70,MST,MST,Visual,metadata_resolved_equal_segment,estimated_from_channel,session-area-mapping.md,None
230823,LFP,1,199,71,MST,MST,Visual,metadata_resolved_equal_segment,estimated_from_channel,session-area-mapping.md,None
230823,LFP,1,200,72,MST,MST,Visual,metadata_resolved_equal_segment,estimated_from_channel,session-area-mapping.md,None
230823,LFP,1,201,73,MST,MST,Visual,metadata_resolved_equal_segment,estimated_from_channel,session-area-mapping.md,None
230823,LFP,1,202,74,MST,MST,Visual,metadata_resolved_equal_segment,estimated_from_channel,session-area-mapping.md,None
230823,LFP,1,203,75,MST,MST,Visual,metadata_resolved_equal_segment,estimated_from_channel,session-area-mapping.md,None
230823,LFP,1,204,76,MST,MST,Visual,metadata_resolved_equal_segment,estimated_from_channel,session-area-mapping.md,None
230823,LFP,1,205,77,MST,MST,Visual,metadata_resolved_equal_segment,estimated_from_channel,session-area-mapping.md,None
230823,LFP,1,206,78,MST,MST,Visual,metadata_resolved_equal_segment,estimated_from_channel,session-area-mapping.md,None
230823,LFP,1,207,79,MST,MST,Visual,metadata_resolved_equal_segment,estimated_from_channel,session-area-mapping.md,None
230823,LFP,1,208,80,MST,MST,Visual,metadata_resolved_equal_segment,estimated_from_channel,session-area-mapping.md,None
230823,LFP,1,209,81,MST,MST,Visual,metadata_resolved_equal_segment,estimated_from_channel,session-area-mapping.md,None
230823,LFP,1,210,82,MST,MST,Visual,metadata_resolved_equal_segment,estimated_from_channel,session-area-mapping.md,None
230823,LFP,1,211,83,MST,MST,Visual,metadata_resolved_equal_segment,estimated_from_channel,session-area-mapping.md,None
230823,LFP,1,212,84,MST,MST,Visual,metadata_resolved_equal_segment,estimated_from_channel,session-area-mapping.md,None
230823,LFP,1,213,85,MST,MST,Visual,metadata_resolved_equal_segment,estimated_from_channel,session-area-mapping.md,None
230823,LFP,1,214,86,MST,MST,Visual,metadata_resolved_equal_segment,estimated_from_channel,session-area-mapping.md,None
230823,LFP,1,215,87,MST,MST,Visual,metadata_resolved_equal_segment,estimated_from_channel,session-area-mapping.md,None
230823,LFP,1,216,88,MST,MST,Visual,metadata_resolved_equal_segment,estimated_from_channel,session-area-mapping.md,None
230823,LFP,1,217,89,MST,MST,Visual,metadata_resolved_equal_segment,estimated_from_channel,session-area-mapping.md,None
230823,LFP,1,218,90,MST,MST,Visual,metadata_resolved_equal_segment,estimated_from_channel,session-area-mapping.md,None
230823,LFP,1,219,91,MST,MST,Visual,metadata_resolved_equal_segment,estimated_from_channel,session-area-mapping.md,None
230823,LFP,1,220,92,MST,MST,Visual,metadata_resolved_equal_segment,estimated_from_channel,session-area-mapping.md,None
230823,LFP,1,221,93,MST,MST,Visual,metadata_resolved_equal_segment,estimated_from_channel,session-area-mapping.md,None
230823,LFP,1,222,94,MST,MST,Visual,metadata_resolved_equal_segment,estimated_from_channel,session-area-mapping.md,None
230823,LFP,1,223,95,MST,MST,Visual,metadata_resolved_equal_segment,estimated_from_channel,session-area-mapping.md,None
230823,LFP,1,224,96,MST,MST,Visual,metadata_resolved_equal_segment,estimated_from_channel,session-area-mapping.md,None
230823,LFP,1,225,97,MST,MST,Visual,metadata_resolved_equal_segment,estimated_from_channel,session-area-mapping.md,None
230823,LFP,1,226,98,MST,MST,Visual,metadata_resolved_equal_segment,estimated_from_channel,session-area-mapping.md,None
230823,LFP,1,227,99,MST,MST,Visual,metadata_resolved_equal_segment,estimated_from_channel,session-area-mapping.md,None
230823,LFP,1,228,100,MST,MST,Visual,metadata_resolved_equal_segment,estimated_from_channel,session-area-mapping.md,None
230823,LFP,1,229,101,MST,MST,Visual,metadata_resolved_equal_segment,estimated_from_channel,session-area-mapping.md,None
230823,LFP,1,230,102,MST,MST,Visual,metadata_resolved_equal_segment,estimated_from_channel,session-area-mapping.md,None
230823,LFP,1,231,103,MST,MST,Visual,metadata_resolved_equal_segment,estimated_from_channel,session-area-mapping.md,None
230823,LFP,1,232,104,MST,MST,Visual,metadata_resolved_equal_segment,estimated_from_channel,session-area-mapping.md,None
230823,LFP,1,233,105,MST,MST,Visual,metadata_resolved_equal_segment,estimated_from_channel,session-area-mapping.md,None
230823,LFP,1,234,106,MST,MST,Visual,metadata_resolved_equal_segment,estimated_from_channel,session-area-mapping.md,None
230823,LFP,1,235,107,MST,MST,Visual,metadata_resolved_equal_segment,estimated_from_channel,session-area-mapping.md,None
230823,LFP,1,236,108,MST,MST,Visual,metadata_resolved_equal_segment,estimated_from_channel,session-area-mapping.md,None
230823,LFP,1,237,109,MST,MST,Visual,metadata_resolved_equal_segment,estimated_from_channel,session-area-mapping.md,None
230823,LFP,1,238,110,MST,MST,Visual,metadata_resolved_equal_segment,estimated_from_channel,session-area-mapping.md,None
230823,LFP,1,239,111,MST,MST,Visual,metadata_resolved_equal_segment,estimated_from_channel,session-area-mapping.md,None
230823,LFP,1,240,112,MST,MST,Visual,metadata_resolved_equal_segment,estimated_from_channel,session-area-mapping.md,None
230823,LFP,1,241,113,MST,MST,Visual,metadata_resolved_equal_segment,estimated_from_channel,session-area-mapping.md,None
230823,LFP,1,242,114,MST,MST,Visual,metadata_resolved_equal_segment,estimated_from_channel,session-area-mapping.md,None
230823,LFP,1,243,115,MST,MST,Visual,metadata_resolved_equal_segment,estimated_from_channel,session-area-mapping.md,None
230823,LFP,1,244,116,MST,MST,Visual,metadata_resolved_equal_segment,estimated_from_channel,session-area-mapping.md,None
230823,LFP,1,245,117,MST,MST,Visual,metadata_resolved_equal_segment,estimated_from_channel,session-area-mapping.md,None
230823,LFP,1,246,118,MST,MST,Visual,metadata_resolved_equal_segment,estimated_from_channel,session-area-mapping.md,None
230823,LFP,1,247,119,MST,MST,Visual,metadata_resolved_equal_segment,estimated_from_channel,session-area-mapping.md,None
230823,LFP,1,248,120,MST,MST,Visual,metadata_resolved_equal_segment,estimated_from_channel,session-area-mapping.md,None
230823,LFP,1,249,121,MST,MST,Visual,metadata_resolved_equal_segment,estimated_from_channel,session-area-mapping.md,None
230823,LFP,1,250,122,MST,MST,Visual,metadata_resolved_equal_segment,estimated_from_channel,session-area-mapping.md,None
230823,LFP,1,251,123,MST,MST,Visual,metadata_resolved_equal_segment,estimated_from_channel,session-area-mapping.md,None
230823,LFP,1,252,124,MST,MST,Visual,metadata_resolved_equal_segment,estimated_from_channel,session-area-mapping.md,None
230823,LFP,1,253,125,MST,MST,Visual,metadata_resolved_equal_segment,estimated_from_channel,session-area-mapping.md,None
230823,LFP,1,254,126,MST,MST,Visual,metadata_resolved_equal_segment,estimated_from_channel,session-area-mapping.md,None
230823,LFP,1,255,127,MST,MST,Visual,metadata_resolved_equal_segment,estimated_from_channel,session-area-mapping.md,None
230823,LFP,2,256,0,V1,V1,Visual,metadata_resolved_equal_segment,estimated_from_channel,session-area-mapping.md,None
230823,LFP,2,257,1,V1,V1,Visual,metadata_resolved_equal_segment,estimated_from_channel,session-area-mapping.md,None
230823,LFP,2,258,2,V1,V1,Visual,metadata_resolved_equal_segment,estimated_from_channel,session-area-mapping.md,None
230823,LFP,2,259,3,V1,V1,Visual,metadata_resolved_equal_segment,estimated_from_channel,session-area-mapping.md,None
230823,LFP,2,260,4,V1,V1,Visual,metadata_resolved_equal_segment,estimated_from_channel,session-area-mapping.md,None
230823,LFP,2,261,5,V1,V1,Visual,metadata_resolved_equal_segment,estimated_from_channel,session-area-mapping.md,None
230823,LFP,2,262,6,V1,V1,Visual,metadata_resolved_equal_segment,estimated_from_channel,session-area-mapping.md,None
230823,LFP,2,263,7,V1,V1,Visual,metadata_resolved_equal_segment,estimated_from_channel,session-area-mapping.md,None
230823,LFP,2,264,8,V1,V1,Visual,metadata_resolved_equal_segment,estimated_from_channel,session-area-mapping.md,None
230823,LFP,2,265,9,V1,V1,Visual,metadata_resolved_equal_segment,estimated_from_channel,session-area-mapping.md,None
230823,LFP,2,266,10,V1,V1,Visual,metadata_resolved_equal_segment,estimated_from_channel,session-area-mapping.md,None
230823,LFP,2,267,11,V1,V1,Visual,metadata_resolved_equal_segment,estimated_from_channel,session-area-mapping.md,None
230823,LFP,2,268,12,V1,V1,Visual,metadata_resolved_equal_segment,estimated_from_channel,session-area-mapping.md,None
230823,LFP,2,269,13,V1,V1,Visual,metadata_resolved_equal_segment,estimated_from_channel,session-area-mapping.md,None
230823,LFP,2,270,14,V1,V1,Visual,metadata_resolved_equal_segment,estimated_from_channel,session-area-mapping.md,None
230823,LFP,2,271,15,V1,V1,Visual,metadata_resolved_equal_segment,estimated_from_channel,session-area-mapping.md,None
230823,LFP,2,272,16,V1,V1,Visual,metadata_resolved_equal_segment,estimated_from_channel,session-area-mapping.md,None
230823,LFP,2,273,17,V1,V1,Visual,metadata_resolved_equal_segment,estimated_from_channel,session-area-mapping.md,None
230823,LFP,2,274,18,V1,V1,Visual,metadata_resolved_equal_segment,estimated_from_channel,session-area-mapping.md,None
230823,LFP,2,275,19,V1,V1,Visual,metadata_resolved_equal_segment,estimated_from_channel,session-area-mapping.md,None
230823,LFP,2,276,20,V1,V1,Visual,metadata_resolved_equal_segment,estimated_from_channel,session-area-mapping.md,None
230823,LFP,2,277,21,V1,V1,Visual,metadata_resolved_equal_segment,estimated_from_channel,session-area-mapping.md,None
230823,LFP,2,278,22,V1,V1,Visual,metadata_resolved_equal_segment,estimated_from_channel,session-area-mapping.md,None
230823,LFP,2,279,23,V1,V1,Visual,metadata_resolved_equal_segment,estimated_from_channel,session-area-mapping.md,None
230823,LFP,2,280,24,V1,V1,Visual,metadata_resolved_equal_segment,estimated_from_channel,session-area-mapping.md,None
230823,LFP,2,281,25,V1,V1,Visual,metadata_resolved_equal_segment,estimated_from_channel,session-area-mapping.md,None
230823,LFP,2,282,26,V1,V1,Visual,metadata_resolved_equal_segment,estimated_from_channel,session-area-mapping.md,None
230823,LFP,2,283,27,V1,V1,Visual,metadata_resolved_equal_segment,estimated_from_channel,session-area-mapping.md,None
230823,LFP,2,284,28,V1,V1,Visual,metadata_resolved_equal_segment,estimated_from_channel,session-area-mapping.md,None
230823,LFP,2,285,29,V1,V1,Visual,metadata_resolved_equal_segment,estimated_from_channel,session-area-mapping.md,None
230823,LFP,2,286,30,V1,V1,Visual,metadata_resolved_equal_segment,estimated_from_channel,session-area-mapping.md,None
230823,LFP,2,287,31,V1,V1,Visual,metadata_resolved_equal_segment,estimated_from_channel,session-area-mapping.md,None
230823,LFP,2,288,32,V1,V1,Visual,metadata_resolved_equal_segment,estimated_from_channel,session-area-mapping.md,None
230823,LFP,2,289,33,V1,V1,Visual,metadata_resolved_equal_segment,estimated_from_channel,session-area-mapping.md,None
230823,LFP,2,290,34,V1,V1,Visual,metadata_resolved_equal_segment,estimated_from_channel,session-area-mapping.md,None
230823,LFP,2,291,35,V1,V1,Visual,metadata_resolved_equal_segment,estimated_from_channel,session-area-mapping.md,None
230823,LFP,2,292,36,V1,V1,Visual,metadata_resolved_equal_segment,estimated_from_channel,session-area-mapping.md,None
230823,LFP,2,293,37,V1,V1,Visual,metadata_resolved_equal_segment,estimated_from_channel,session-area-mapping.md,None
230823,LFP,2,294,38,V1,V1,Visual,metadata_resolved_equal_segment,estimated_from_channel,session-area-mapping.md,None
230823,LFP,2,295,39,V1,V1,Visual,metadata_resolved_equal_segment,estimated_from_channel,session-area-mapping.md,None
230823,LFP,2,296,40,V1,V1,Visual,metadata_resolved_equal_segment,estimated_from_channel,session-area-mapping.md,None
230823,LFP,2,297,41,V1,V1,Visual,metadata_resolved_equal_segment,estimated_from_channel,session-area-mapping.md,None
230823,LFP,2,298,42,V2,V2,Visual,metadata_resolved_equal_segment,estimated_from_channel,session-area-mapping.md,None
230823,LFP,2,299,43,V2,V2,Visual,metadata_resolved_equal_segment,estimated_from_channel,session-area-mapping.md,None
230823,LFP,2,300,44,V2,V2,Visual,metadata_resolved_equal_segment,estimated_from_channel,session-area-mapping.md,None
230823,LFP,2,301,45,V2,V2,Visual,metadata_resolved_equal_segment,estimated_from_channel,session-area-mapping.md,None
230823,LFP,2,302,46,V2,V2,Visual,metadata_resolved_equal_segment,estimated_from_channel,session-area-mapping.md,None
230823,LFP,2,303,47,V2,V2,Visual,metadata_resolved_equal_segment,estimated_from_channel,session-area-mapping.md,None
230823,LFP,2,304,48,V2,V2,Visual,metadata_resolved_equal_segment,estimated_from_channel,session-area-mapping.md,None
230823,LFP,2,305,49,V2,V2,Visual,metadata_resolved_equal_segment,estimated_from_channel,session-area-mapping.md,None
230823,LFP,2,306,50,V2,V2,Visual,metadata_resolved_equal_segment,estimated_from_channel,session-area-mapping.md,None
230823,LFP,2,307,51,V2,V2,Visual,metadata_resolved_equal_segment,estimated_from_channel,session-area-mapping.md,None
230823,LFP,2,308,52,V2,V2,Visual,metadata_resolved_equal_segment,estimated_from_channel,session-area-mapping.md,None
230823,LFP,2,309,53,V2,V2,Visual,metadata_resolved_equal_segment,estimated_from_channel,session-area-mapping.md,None
230823,LFP,2,310,54,V2,V2,Visual,metadata_resolved_equal_segment,estimated_from_channel,session-area-mapping.md,None
230823,LFP,2,311,55,V2,V2,Visual,metadata_resolved_equal_segment,estimated_from_channel,session-area-mapping.md,None
230823,LFP,2,312,56,V2,V2,Visual,metadata_resolved_equal_segment,estimated_from_channel,session-area-mapping.md,None
230823,LFP,2,313,57,V2,V2,Visual,metadata_resolved_equal_segment,estimated_from_channel,session-area-mapping.md,None
230823,LFP,2,314,58,V2,V2,Visual,metadata_resolved_equal_segment,estimated_from_channel,session-area-mapping.md,None
230823,LFP,2,315,59,V2,V2,Visual,metadata_resolved_equal_segment,estimated_from_channel,session-area-mapping.md,None
230823,LFP,2,316,60,V2,V2,Visual,metadata_resolved_equal_segment,estimated_from_channel,session-area-mapping.md,None
230823,LFP,2,317,61,V2,V2,Visual,metadata_resolved_equal_segment,estimated_from_channel,session-area-mapping.md,None
230823,LFP,2,318,62,V2,V2,Visual,metadata_resolved_equal_segment,estimated_from_channel,session-area-mapping.md,None
230823,LFP,2,319,63,V2,V2,Visual,metadata_resolved_equal_segment,estimated_from_channel,session-area-mapping.md,None
230823,LFP,2,320,64,V2,V2,Visual,metadata_resolved_equal_segment,estimated_from_channel,session-area-mapping.md,None
230823,LFP,2,321,65,V2,V2,Visual,metadata_resolved_equal_segment,estimated_from_channel,session-area-mapping.md,None
230823,LFP,2,322,66,V2,V2,Visual,metadata_resolved_equal_segment,estimated_from_channel,session-area-mapping.md,None
230823,LFP,2,323,67,V2,V2,Visual,metadata_resolved_equal_segment,estimated_from_channel,session-area-mapping.md,None
230823,LFP,2,324,68,V2,V2,Visual,metadata_resolved_equal_segment,estimated_from_channel,session-area-mapping.md,None
230823,LFP,2,325,69,V2,V2,Visual,metadata_resolved_equal_segment,estimated_from_channel,session-area-mapping.md,None
230823,LFP,2,326,70,V2,V2,Visual,metadata_resolved_equal_segment,estimated_from_channel,session-area-mapping.md,None
230823,LFP,2,327,71,V2,V2,Visual,metadata_resolved_equal_segment,estimated_from_channel,session-area-mapping.md,None
230823,LFP,2,328,72,V2,V2,Visual,metadata_resolved_equal_segment,estimated_from_channel,session-area-mapping.md,None
230823,LFP,2,329,73,V2,V2,Visual,metadata_resolved_equal_segment,estimated_from_channel,session-area-mapping.md,None
230823,LFP,2,330,74,V2,V2,Visual,metadata_resolved_equal_segment,estimated_from_channel,session-area-mapping.md,None
230823,LFP,2,331,75,V2,V2,Visual,metadata_resolved_equal_segment,estimated_from_channel,session-area-mapping.md,None
230823,LFP,2,332,76,V2,V2,Visual,metadata_resolved_equal_segment,estimated_from_channel,session-area-mapping.md,None
230823,LFP,2,333,77,V2,V2,Visual,metadata_resolved_equal_segment,estimated_from_channel,session-area-mapping.md,None
230823,LFP,2,334,78,V2,V2,Visual,metadata_resolved_equal_segment,estimated_from_channel,session-area-mapping.md,None
230823,LFP,2,335,79,V2,V2,Visual,metadata_resolved_equal_segment,estimated_from_channel,session-area-mapping.md,None
230823,LFP,2,336,80,V2,V2,Visual,metadata_resolved_equal_segment,estimated_from_channel,session-area-mapping.md,None
230823,LFP,2,337,81,V2,V2,Visual,metadata_resolved_equal_segment,estimated_from_channel,session-area-mapping.md,None
230823,LFP,2,338,82,V2,V2,Visual,metadata_resolved_equal_segment,estimated_from_channel,session-area-mapping.md,None
230823,LFP,2,339,83,V2,V2,Visual,metadata_resolved_equal_segment,estimated_from_channel,session-area-mapping.md,None
230823,LFP,2,340,84,V2,V2,Visual,metadata_resolved_equal_segment,estimated_from_channel,session-area-mapping.md,None
230823,LFP,2,341,85,V3,V3,Visual,unresolved_generic_v3,estimated_from_channel,session-area-mapping.md,None
230823,LFP,2,342,86,V3,V3,Visual,unresolved_generic_v3,estimated_from_channel,session-area-mapping.md,None
230823,LFP,2,343,87,V3,V3,Visual,unresolved_generic_v3,estimated_from_channel,session-area-mapping.md,None
230823,LFP,2,344,88,V3,V3,Visual,unresolved_generic_v3,estimated_from_channel,session-area-mapping.md,None
230823,LFP,2,345,89,V3,V3,Visual,unresolved_generic_v3,estimated_from_channel,session-area-mapping.md,None
230823,LFP,2,346,90,V3,V3,Visual,unresolved_generic_v3,estimated_from_channel,session-area-mapping.md,None
230823,LFP,2,347,91,V3,V3,Visual,unresolved_generic_v3,estimated_from_channel,session-area-mapping.md,None
230823,LFP,2,348,92,V3,V3,Visual,unresolved_generic_v3,estimated_from_channel,session-area-mapping.md,None
230823,LFP,2,349,93,V3,V3,Visual,unresolved_generic_v3,estimated_from_channel,session-area-mapping.md,None
230823,LFP,2,350,94,V3,V3,Visual,unresolved_generic_v3,estimated_from_channel,session-area-mapping.md,None
230823,LFP,2,351,95,V3,V3,Visual,unresolved_generic_v3,estimated_from_channel,session-area-mapping.md,None
230823,LFP,2,352,96,V3,V3,Visual,unresolved_generic_v3,estimated_from_channel,session-area-mapping.md,None
230823,LFP,2,353,97,V3,V3,Visual,unresolved_generic_v3,estimated_from_channel,session-area-mapping.md,None
230823,LFP,2,354,98,V3,V3,Visual,unresolved_generic_v3,estimated_from_channel,session-area-mapping.md,None
230823,LFP,2,355,99,V3,V3,Visual,unresolved_generic_v3,estimated_from_channel,session-area-mapping.md,None
230823,LFP,2,356,100,V3,V3,Visual,unresolved_generic_v3,estimated_from_channel,session-area-mapping.md,None
230823,LFP,2,357,101,V3,V3,Visual,unresolved_generic_v3,estimated_from_channel,session-area-mapping.md,None
230823,LFP,2,358,102,V3,V3,Visual,unresolved_generic_v3,estimated_from_channel,session-area-mapping.md,None
230823,LFP,2,359,103,V3,V3,Visual,unresolved_generic_v3,estimated_from_channel,session-area-mapping.md,None
230823,LFP,2,360,104,V3,V3,Visual,unresolved_generic_v3,estimated_from_channel,session-area-mapping.md,None
230823,LFP,2,361,105,V3,V3,Visual,unresolved_generic_v3,estimated_from_channel,session-area-mapping.md,None
230823,LFP,2,362,106,V3,V3,Visual,unresolved_generic_v3,estimated_from_channel,session-area-mapping.md,None
230823,LFP,2,363,107,V3,V3,Visual,unresolved_generic_v3,estimated_from_channel,session-area-mapping.md,None
230823,LFP,2,364,108,V3,V3,Visual,unresolved_generic_v3,estimated_from_channel,session-area-mapping.md,None
230823,LFP,2,365,109,V3,V3,Visual,unresolved_generic_v3,estimated_from_channel,session-area-mapping.md,None
230823,LFP,2,366,110,V3,V3,Visual,unresolved_generic_v3,estimated_from_channel,session-area-mapping.md,None
230823,LFP,2,367,111,V3,V3,Visual,unresolved_generic_v3,estimated_from_channel,session-area-mapping.md,None
230823,LFP,2,368,112,V3,V3,Visual,unresolved_generic_v3,estimated_from_channel,session-area-mapping.md,None
230823,LFP,2,369,113,V3,V3,Visual,unresolved_generic_v3,estimated_from_channel,session-area-mapping.md,None
230823,LFP,2,370,114,V3,V3,Visual,unresolved_generic_v3,estimated_from_channel,session-area-mapping.md,None
230823,LFP,2,371,115,V3,V3,Visual,unresolved_generic_v3,estimated_from_channel,session-area-mapping.md,None
230823,LFP,2,372,116,V3,V3,Visual,unresolved_generic_v3,estimated_from_channel,session-area-mapping.md,None
230823,LFP,2,373,117,V3,V3,Visual,unresolved_generic_v3,estimated_from_channel,session-area-mapping.md,None
230823,LFP,2,374,118,V3,V3,Visual,unresolved_generic_v3,estimated_from_channel,session-area-mapping.md,None
230823,LFP,2,375,119,V3,V3,Visual,unresolved_generic_v3,estimated_from_channel,session-area-mapping.md,None
230823,LFP,2,376,120,V3,V3,Visual,unresolved_generic_v3,estimated_from_channel,session-area-mapping.md,None
230823,LFP,2,377,121,V3,V3,Visual,unresolved_generic_v3,estimated_from_channel,session-area-mapping.md,None
230823,LFP,2,378,122,V3,V3,Visual,unresolved_generic_v3,estimated_from_channel,session-area-mapping.md,None
230823,LFP,2,379,123,V3,V3,Visual,unresolved_generic_v3,estimated_from_channel,session-area-mapping.md,None
230823,LFP,2,380,124,V3,V3,Visual,unresolved_generic_v3,estimated_from_channel,session-area-mapping.md,None
230823,LFP,2,381,125,V3,V3,Visual,unresolved_generic_v3,estimated_from_channel,session-area-mapping.md,None
230823,LFP,2,382,126,V3,V3,Visual,unresolved_generic_v3,estimated_from_channel,session-area-mapping.md,None
230823,LFP,2,383,127,V3,V3,Visual,unresolved_generic_v3,estimated_from_channel,session-area-mapping.md,None
230825,LFP,0,0,0,PFC,PFC,Frontal,metadata_resolved_equal_segment,estimated_from_channel,session-area-mapping.md,None
230825,LFP,0,1,1,PFC,PFC,Frontal,metadata_resolved_equal_segment,estimated_from_channel,session-area-mapping.md,None
230825,LFP,0,2,2,PFC,PFC,Frontal,metadata_resolved_equal_segment,estimated_from_channel,session-area-mapping.md,None
230825,LFP,0,3,3,PFC,PFC,Frontal,metadata_resolved_equal_segment,estimated_from_channel,session-area-mapping.md,None
230825,LFP,0,4,4,PFC,PFC,Frontal,metadata_resolved_equal_segment,estimated_from_channel,session-area-mapping.md,None
230825,LFP,0,5,5,PFC,PFC,Frontal,metadata_resolved_equal_segment,estimated_from_channel,session-area-mapping.md,None
230825,LFP,0,6,6,PFC,PFC,Frontal,metadata_resolved_equal_segment,estimated_from_channel,session-area-mapping.md,None
230825,LFP,0,7,7,PFC,PFC,Frontal,metadata_resolved_equal_segment,estimated_from_channel,session-area-mapping.md,None
230825,LFP,0,8,8,PFC,PFC,Frontal,metadata_resolved_equal_segment,estimated_from_channel,session-area-mapping.md,None
230825,LFP,0,9,9,PFC,PFC,Frontal,metadata_resolved_equal_segment,estimated_from_channel,session-area-mapping.md,None
230825,LFP,0,10,10,PFC,PFC,Frontal,metadata_resolved_equal_segment,estimated_from_channel,session-area-mapping.md,None
230825,LFP,0,11,11,PFC,PFC,Frontal,metadata_resolved_equal_segment,estimated_from_channel,session-area-mapping.md,None
230825,LFP,0,12,12,PFC,PFC,Frontal,metadata_resolved_equal_segment,estimated_from_channel,session-area-mapping.md,None
230825,LFP,0,13,13,PFC,PFC,Frontal,metadata_resolved_equal_segment,estimated_from_channel,session-area-mapping.md,None
230825,LFP,0,14,14,PFC,PFC,Frontal,metadata_resolved_equal_segment,estimated_from_channel,session-area-mapping.md,None
230825,LFP,0,15,15,PFC,PFC,Frontal,metadata_resolved_equal_segment,estimated_from_channel,session-area-mapping.md,None
230825,LFP,0,16,16,PFC,PFC,Frontal,metadata_resolved_equal_segment,estimated_from_channel,session-area-mapping.md,None
230825,LFP,0,17,17,PFC,PFC,Frontal,metadata_resolved_equal_segment,estimated_from_channel,session-area-mapping.md,None
230825,LFP,0,18,18,PFC,PFC,Frontal,metadata_resolved_equal_segment,estimated_from_channel,session-area-mapping.md,None
230825,LFP,0,19,19,PFC,PFC,Frontal,metadata_resolved_equal_segment,estimated_from_channel,session-area-mapping.md,None
230825,LFP,0,20,20,PFC,PFC,Frontal,metadata_resolved_equal_segment,estimated_from_channel,session-area-mapping.md,None
230825,LFP,0,21,21,PFC,PFC,Frontal,metadata_resolved_equal_segment,estimated_from_channel,session-area-mapping.md,None
230825,LFP,0,22,22,PFC,PFC,Frontal,metadata_resolved_equal_segment,estimated_from_channel,session-area-mapping.md,None
230825,LFP,0,23,23,PFC,PFC,Frontal,metadata_resolved_equal_segment,estimated_from_channel,session-area-mapping.md,None
230825,LFP,0,24,24,PFC,PFC,Frontal,metadata_resolved_equal_segment,estimated_from_channel,session-area-mapping.md,None
230825,LFP,0,25,25,PFC,PFC,Frontal,metadata_resolved_equal_segment,estimated_from_channel,session-area-mapping.md,None
230825,LFP,0,26,26,PFC,PFC,Frontal,metadata_resolved_equal_segment,estimated_from_channel,session-area-mapping.md,None
230825,LFP,0,27,27,PFC,PFC,Frontal,metadata_resolved_equal_segment,estimated_from_channel,session-area-mapping.md,None
230825,LFP,0,28,28,PFC,PFC,Frontal,metadata_resolved_equal_segment,estimated_from_channel,session-area-mapping.md,None
230825,LFP,0,29,29,PFC,PFC,Frontal,metadata_resolved_equal_segment,estimated_from_channel,session-area-mapping.md,None
230825,LFP,0,30,30,PFC,PFC,Frontal,metadata_resolved_equal_segment,estimated_from_channel,session-area-mapping.md,None
230825,LFP,0,31,31,PFC,PFC,Frontal,metadata_resolved_equal_segment,estimated_from_channel,session-area-mapping.md,None
230825,LFP,0,32,32,PFC,PFC,Frontal,metadata_resolved_equal_segment,estimated_from_channel,session-area-mapping.md,None
230825,LFP,0,33,33,PFC,PFC,Frontal,metadata_resolved_equal_segment,estimated_from_channel,session-area-mapping.md,None
230825,LFP,0,34,34,PFC,PFC,Frontal,metadata_resolved_equal_segment,estimated_from_channel,session-area-mapping.md,None
230825,LFP,0,35,35,PFC,PFC,Frontal,metadata_resolved_equal_segment,estimated_from_channel,session-area-mapping.md,None
230825,LFP,0,36,36,PFC,PFC,Frontal,metadata_resolved_equal_segment,estimated_from_channel,session-area-mapping.md,None
230825,LFP,0,37,37,PFC,PFC,Frontal,metadata_resolved_equal_segment,estimated_from_channel,session-area-mapping.md,None
230825,LFP,0,38,38,PFC,PFC,Frontal,metadata_resolved_equal_segment,estimated_from_channel,session-area-mapping.md,None
230825,LFP,0,39,39,PFC,PFC,Frontal,metadata_resolved_equal_segment,estimated_from_channel,session-area-mapping.md,None
230825,LFP,0,40,40,PFC,PFC,Frontal,metadata_resolved_equal_segment,estimated_from_channel,session-area-mapping.md,None
230825,LFP,0,41,41,PFC,PFC,Frontal,metadata_resolved_equal_segment,estimated_from_channel,session-area-mapping.md,None
230825,LFP,0,42,42,PFC,PFC,Frontal,metadata_resolved_equal_segment,estimated_from_channel,session-area-mapping.md,None
230825,LFP,0,43,43,PFC,PFC,Frontal,metadata_resolved_equal_segment,estimated_from_channel,session-area-mapping.md,None
230825,LFP,0,44,44,PFC,PFC,Frontal,metadata_resolved_equal_segment,estimated_from_channel,session-area-mapping.md,None
230825,LFP,0,45,45,PFC,PFC,Frontal,metadata_resolved_equal_segment,estimated_from_channel,session-area-mapping.md,None
230825,LFP,0,46,46,PFC,PFC,Frontal,metadata_resolved_equal_segment,estimated_from_channel,session-area-mapping.md,None
230825,LFP,0,47,47,PFC,PFC,Frontal,metadata_resolved_equal_segment,estimated_from_channel,session-area-mapping.md,None
230825,LFP,0,48,48,PFC,PFC,Frontal,metadata_resolved_equal_segment,estimated_from_channel,session-area-mapping.md,None
230825,LFP,0,49,49,PFC,PFC,Frontal,metadata_resolved_equal_segment,estimated_from_channel,session-area-mapping.md,None
230825,LFP,0,50,50,PFC,PFC,Frontal,metadata_resolved_equal_segment,estimated_from_channel,session-area-mapping.md,None
230825,LFP,0,51,51,PFC,PFC,Frontal,metadata_resolved_equal_segment,estimated_from_channel,session-area-mapping.md,None
230825,LFP,0,52,52,PFC,PFC,Frontal,metadata_resolved_equal_segment,estimated_from_channel,session-area-mapping.md,None
230825,LFP,0,53,53,PFC,PFC,Frontal,metadata_resolved_equal_segment,estimated_from_channel,session-area-mapping.md,None
230825,LFP,0,54,54,PFC,PFC,Frontal,metadata_resolved_equal_segment,estimated_from_channel,session-area-mapping.md,None
230825,LFP,0,55,55,PFC,PFC,Frontal,metadata_resolved_equal_segment,estimated_from_channel,session-area-mapping.md,None
230825,LFP,0,56,56,PFC,PFC,Frontal,metadata_resolved_equal_segment,estimated_from_channel,session-area-mapping.md,None
230825,LFP,0,57,57,PFC,PFC,Frontal,metadata_resolved_equal_segment,estimated_from_channel,session-area-mapping.md,None
230825,LFP,0,58,58,PFC,PFC,Frontal,metadata_resolved_equal_segment,estimated_from_channel,session-area-mapping.md,None
230825,LFP,0,59,59,PFC,PFC,Frontal,metadata_resolved_equal_segment,estimated_from_channel,session-area-mapping.md,None
230825,LFP,0,60,60,PFC,PFC,Frontal,metadata_resolved_equal_segment,estimated_from_channel,session-area-mapping.md,None
230825,LFP,0,61,61,PFC,PFC,Frontal,metadata_resolved_equal_segment,estimated_from_channel,session-area-mapping.md,None
230825,LFP,0,62,62,PFC,PFC,Frontal,metadata_resolved_equal_segment,estimated_from_channel,session-area-mapping.md,None
230825,LFP,0,63,63,PFC,PFC,Frontal,metadata_resolved_equal_segment,estimated_from_channel,session-area-mapping.md,None
230825,LFP,0,64,64,PFC,PFC,Frontal,metadata_resolved_equal_segment,estimated_from_channel,session-area-mapping.md,None
230825,LFP,0,65,65,PFC,PFC,Frontal,metadata_resolved_equal_segment,estimated_from_channel,session-area-mapping.md,None
230825,LFP,0,66,66,PFC,PFC,Frontal,metadata_resolved_equal_segment,estimated_from_channel,session-area-mapping.md,None
230825,LFP,0,67,67,PFC,PFC,Frontal,metadata_resolved_equal_segment,estimated_from_channel,session-area-mapping.md,None
230825,LFP,0,68,68,PFC,PFC,Frontal,metadata_resolved_equal_segment,estimated_from_channel,session-area-mapping.md,None
230825,LFP,0,69,69,PFC,PFC,Frontal,metadata_resolved_equal_segment,estimated_from_channel,session-area-mapping.md,None
230825,LFP,0,70,70,PFC,PFC,Frontal,metadata_resolved_equal_segment,estimated_from_channel,session-area-mapping.md,None
230825,LFP,0,71,71,PFC,PFC,Frontal,metadata_resolved_equal_segment,estimated_from_channel,session-area-mapping.md,None
230825,LFP,0,72,72,PFC,PFC,Frontal,metadata_resolved_equal_segment,estimated_from_channel,session-area-mapping.md,None
230825,LFP,0,73,73,PFC,PFC,Frontal,metadata_resolved_equal_segment,estimated_from_channel,session-area-mapping.md,None
230825,LFP,0,74,74,PFC,PFC,Frontal,metadata_resolved_equal_segment,estimated_from_channel,session-area-mapping.md,None
230825,LFP,0,75,75,PFC,PFC,Frontal,metadata_resolved_equal_segment,estimated_from_channel,session-area-mapping.md,None
230825,LFP,0,76,76,PFC,PFC,Frontal,metadata_resolved_equal_segment,estimated_from_channel,session-area-mapping.md,None
230825,LFP,0,77,77,PFC,PFC,Frontal,metadata_resolved_equal_segment,estimated_from_channel,session-area-mapping.md,None
230825,LFP,0,78,78,PFC,PFC,Frontal,metadata_resolved_equal_segment,estimated_from_channel,session-area-mapping.md,None
230825,LFP,0,79,79,PFC,PFC,Frontal,metadata_resolved_equal_segment,estimated_from_channel,session-area-mapping.md,None
230825,LFP,0,80,80,PFC,PFC,Frontal,metadata_resolved_equal_segment,estimated_from_channel,session-area-mapping.md,None
230825,LFP,0,81,81,PFC,PFC,Frontal,metadata_resolved_equal_segment,estimated_from_channel,session-area-mapping.md,None
230825,LFP,0,82,82,PFC,PFC,Frontal,metadata_resolved_equal_segment,estimated_from_channel,session-area-mapping.md,None
230825,LFP,0,83,83,PFC,PFC,Frontal,metadata_resolved_equal_segment,estimated_from_channel,session-area-mapping.md,None
230825,LFP,0,84,84,PFC,PFC,Frontal,metadata_resolved_equal_segment,estimated_from_channel,session-area-mapping.md,None
230825,LFP,0,85,85,PFC,PFC,Frontal,metadata_resolved_equal_segment,estimated_from_channel,session-area-mapping.md,None
230825,LFP,0,86,86,PFC,PFC,Frontal,metadata_resolved_equal_segment,estimated_from_channel,session-area-mapping.md,None
230825,LFP,0,87,87,PFC,PFC,Frontal,metadata_resolved_equal_segment,estimated_from_channel,session-area-mapping.md,None
230825,LFP,0,88,88,PFC,PFC,Frontal,metadata_resolved_equal_segment,estimated_from_channel,session-area-mapping.md,None
230825,LFP,0,89,89,PFC,PFC,Frontal,metadata_resolved_equal_segment,estimated_from_channel,session-area-mapping.md,None
230825,LFP,0,90,90,PFC,PFC,Frontal,metadata_resolved_equal_segment,estimated_from_channel,session-area-mapping.md,None
230825,LFP,0,91,91,PFC,PFC,Frontal,metadata_resolved_equal_segment,estimated_from_channel,session-area-mapping.md,None
230825,LFP,0,92,92,PFC,PFC,Frontal,metadata_resolved_equal_segment,estimated_from_channel,session-area-mapping.md,None
230825,LFP,0,93,93,PFC,PFC,Frontal,metadata_resolved_equal_segment,estimated_from_channel,session-area-mapping.md,None
230825,LFP,0,94,94,PFC,PFC,Frontal,metadata_resolved_equal_segment,estimated_from_channel,session-area-mapping.md,None
230825,LFP,0,95,95,PFC,PFC,Frontal,metadata_resolved_equal_segment,estimated_from_channel,session-area-mapping.md,None
230825,LFP,0,96,96,PFC,PFC,Frontal,metadata_resolved_equal_segment,estimated_from_channel,session-area-mapping.md,None
230825,LFP,0,97,97,PFC,PFC,Frontal,metadata_resolved_equal_segment,estimated_from_channel,session-area-mapping.md,None
230825,LFP,0,98,98,PFC,PFC,Frontal,metadata_resolved_equal_segment,estimated_from_channel,session-area-mapping.md,None
230825,LFP,0,99,99,PFC,PFC,Frontal,metadata_resolved_equal_segment,estimated_from_channel,session-area-mapping.md,None
230825,LFP,0,100,100,PFC,PFC,Frontal,metadata_resolved_equal_segment,estimated_from_channel,session-area-mapping.md,None
230825,LFP,0,101,101,PFC,PFC,Frontal,metadata_resolved_equal_segment,estimated_from_channel,session-area-mapping.md,None
230825,LFP,0,102,102,PFC,PFC,Frontal,metadata_resolved_equal_segment,estimated_from_channel,session-area-mapping.md,None
230825,LFP,0,103,103,PFC,PFC,Frontal,metadata_resolved_equal_segment,estimated_from_channel,session-area-mapping.md,None
230825,LFP,0,104,104,PFC,PFC,Frontal,metadata_resolved_equal_segment,estimated_from_channel,session-area-mapping.md,None
230825,LFP,0,105,105,PFC,PFC,Frontal,metadata_resolved_equal_segment,estimated_from_channel,session-area-mapping.md,None
230825,LFP,0,106,106,PFC,PFC,Frontal,metadata_resolved_equal_segment,estimated_from_channel,session-area-mapping.md,None
230825,LFP,0,107,107,PFC,PFC,Frontal,metadata_resolved_equal_segment,estimated_from_channel,session-area-mapping.md,None
230825,LFP,0,108,108,PFC,PFC,Frontal,metadata_resolved_equal_segment,estimated_from_channel,session-area-mapping.md,None
230825,LFP,0,109,109,PFC,PFC,Frontal,metadata_resolved_equal_segment,estimated_from_channel,session-area-mapping.md,None
230825,LFP,0,110,110,PFC,PFC,Frontal,metadata_resolved_equal_segment,estimated_from_channel,session-area-mapping.md,None
230825,LFP,0,111,111,PFC,PFC,Frontal,metadata_resolved_equal_segment,estimated_from_channel,session-area-mapping.md,None
230825,LFP,0,112,112,PFC,PFC,Frontal,metadata_resolved_equal_segment,estimated_from_channel,session-area-mapping.md,None
230825,LFP,0,113,113,PFC,PFC,Frontal,metadata_resolved_equal_segment,estimated_from_channel,session-area-mapping.md,None
230825,LFP,0,114,114,PFC,PFC,Frontal,metadata_resolved_equal_segment,estimated_from_channel,session-area-mapping.md,None
230825,LFP,0,115,115,PFC,PFC,Frontal,metadata_resolved_equal_segment,estimated_from_channel,session-area-mapping.md,None
230825,LFP,0,116,116,PFC,PFC,Frontal,metadata_resolved_equal_segment,estimated_from_channel,session-area-mapping.md,None
230825,LFP,0,117,117,PFC,PFC,Frontal,metadata_resolved_equal_segment,estimated_from_channel,session-area-mapping.md,None
230825,LFP,0,118,118,PFC,PFC,Frontal,metadata_resolved_equal_segment,estimated_from_channel,session-area-mapping.md,None
230825,LFP,0,119,119,PFC,PFC,Frontal,metadata_resolved_equal_segment,estimated_from_channel,session-area-mapping.md,None
230825,LFP,0,120,120,PFC,PFC,Frontal,metadata_resolved_equal_segment,estimated_from_channel,session-area-mapping.md,None
230825,LFP,0,121,121,PFC,PFC,Frontal,metadata_resolved_equal_segment,estimated_from_channel,session-area-mapping.md,None
230825,LFP,0,122,122,PFC,PFC,Frontal,metadata_resolved_equal_segment,estimated_from_channel,session-area-mapping.md,None
230825,LFP,0,123,123,PFC,PFC,Frontal,metadata_resolved_equal_segment,estimated_from_channel,session-area-mapping.md,None
230825,LFP,0,124,124,PFC,PFC,Frontal,metadata_resolved_equal_segment,estimated_from_channel,session-area-mapping.md,None
230825,LFP,0,125,125,PFC,PFC,Frontal,metadata_resolved_equal_segment,estimated_from_channel,session-area-mapping.md,None
230825,LFP,0,126,126,PFC,PFC,Frontal,metadata_resolved_equal_segment,estimated_from_channel,session-area-mapping.md,None
230825,LFP,0,127,127,PFC,PFC,Frontal,metadata_resolved_equal_segment,estimated_from_channel,session-area-mapping.md,None
230825,LFP,1,128,0,MT,MT,Visual,metadata_resolved_equal_segment,estimated_from_channel,session-area-mapping.md,None
230825,LFP,1,129,1,MT,MT,Visual,metadata_resolved_equal_segment,estimated_from_channel,session-area-mapping.md,None
230825,LFP,1,130,2,MT,MT,Visual,metadata_resolved_equal_segment,estimated_from_channel,session-area-mapping.md,None
230825,LFP,1,131,3,MT,MT,Visual,metadata_resolved_equal_segment,estimated_from_channel,session-area-mapping.md,None
230825,LFP,1,132,4,MT,MT,Visual,metadata_resolved_equal_segment,estimated_from_channel,session-area-mapping.md,None
230825,LFP,1,133,5,MT,MT,Visual,metadata_resolved_equal_segment,estimated_from_channel,session-area-mapping.md,None
230825,LFP,1,134,6,MT,MT,Visual,metadata_resolved_equal_segment,estimated_from_channel,session-area-mapping.md,None
230825,LFP,1,135,7,MT,MT,Visual,metadata_resolved_equal_segment,estimated_from_channel,session-area-mapping.md,None
230825,LFP,1,136,8,MT,MT,Visual,metadata_resolved_equal_segment,estimated_from_channel,session-area-mapping.md,None
230825,LFP,1,137,9,MT,MT,Visual,metadata_resolved_equal_segment,estimated_from_channel,session-area-mapping.md,None
230825,LFP,1,138,10,MT,MT,Visual,metadata_resolved_equal_segment,estimated_from_channel,session-area-mapping.md,None
230825,LFP,1,139,11,MT,MT,Visual,metadata_resolved_equal_segment,estimated_from_channel,session-area-mapping.md,None
230825,LFP,1,140,12,MT,MT,Visual,metadata_resolved_equal_segment,estimated_from_channel,session-area-mapping.md,None
230825,LFP,1,141,13,MT,MT,Visual,metadata_resolved_equal_segment,estimated_from_channel,session-area-mapping.md,None
230825,LFP,1,142,14,MT,MT,Visual,metadata_resolved_equal_segment,estimated_from_channel,session-area-mapping.md,None
230825,LFP,1,143,15,MT,MT,Visual,metadata_resolved_equal_segment,estimated_from_channel,session-area-mapping.md,None
230825,LFP,1,144,16,MT,MT,Visual,metadata_resolved_equal_segment,estimated_from_channel,session-area-mapping.md,None
230825,LFP,1,145,17,MT,MT,Visual,metadata_resolved_equal_segment,estimated_from_channel,session-area-mapping.md,None
230825,LFP,1,146,18,MT,MT,Visual,metadata_resolved_equal_segment,estimated_from_channel,session-area-mapping.md,None
230825,LFP,1,147,19,MT,MT,Visual,metadata_resolved_equal_segment,estimated_from_channel,session-area-mapping.md,None
230825,LFP,1,148,20,MT,MT,Visual,metadata_resolved_equal_segment,estimated_from_channel,session-area-mapping.md,None
230825,LFP,1,149,21,MT,MT,Visual,metadata_resolved_equal_segment,estimated_from_channel,session-area-mapping.md,None
230825,LFP,1,150,22,MT,MT,Visual,metadata_resolved_equal_segment,estimated_from_channel,session-area-mapping.md,None
230825,LFP,1,151,23,MT,MT,Visual,metadata_resolved_equal_segment,estimated_from_channel,session-area-mapping.md,None
230825,LFP,1,152,24,MT,MT,Visual,metadata_resolved_equal_segment,estimated_from_channel,session-area-mapping.md,None
230825,LFP,1,153,25,MT,MT,Visual,metadata_resolved_equal_segment,estimated_from_channel,session-area-mapping.md,None
230825,LFP,1,154,26,MT,MT,Visual,metadata_resolved_equal_segment,estimated_from_channel,session-area-mapping.md,None
230825,LFP,1,155,27,MT,MT,Visual,metadata_resolved_equal_segment,estimated_from_channel,session-area-mapping.md,None
230825,LFP,1,156,28,MT,MT,Visual,metadata_resolved_equal_segment,estimated_from_channel,session-area-mapping.md,None
230825,LFP,1,157,29,MT,MT,Visual,metadata_resolved_equal_segment,estimated_from_channel,session-area-mapping.md,None
230825,LFP,1,158,30,MT,MT,Visual,metadata_resolved_equal_segment,estimated_from_channel,session-area-mapping.md,None
230825,LFP,1,159,31,MT,MT,Visual,metadata_resolved_equal_segment,estimated_from_channel,session-area-mapping.md,None
230825,LFP,1,160,32,MT,MT,Visual,metadata_resolved_equal_segment,estimated_from_channel,session-area-mapping.md,None
230825,LFP,1,161,33,MT,MT,Visual,metadata_resolved_equal_segment,estimated_from_channel,session-area-mapping.md,None
230825,LFP,1,162,34,MT,MT,Visual,metadata_resolved_equal_segment,estimated_from_channel,session-area-mapping.md,None
230825,LFP,1,163,35,MT,MT,Visual,metadata_resolved_equal_segment,estimated_from_channel,session-area-mapping.md,None
230825,LFP,1,164,36,MT,MT,Visual,metadata_resolved_equal_segment,estimated_from_channel,session-area-mapping.md,None
230825,LFP,1,165,37,MT,MT,Visual,metadata_resolved_equal_segment,estimated_from_channel,session-area-mapping.md,None
230825,LFP,1,166,38,MT,MT,Visual,metadata_resolved_equal_segment,estimated_from_channel,session-area-mapping.md,None
230825,LFP,1,167,39,MT,MT,Visual,metadata_resolved_equal_segment,estimated_from_channel,session-area-mapping.md,None
230825,LFP,1,168,40,MT,MT,Visual,metadata_resolved_equal_segment,estimated_from_channel,session-area-mapping.md,None
230825,LFP,1,169,41,MT,MT,Visual,metadata_resolved_equal_segment,estimated_from_channel,session-area-mapping.md,None
230825,LFP,1,170,42,MT,MT,Visual,metadata_resolved_equal_segment,estimated_from_channel,session-area-mapping.md,None
230825,LFP,1,171,43,MT,MT,Visual,metadata_resolved_equal_segment,estimated_from_channel,session-area-mapping.md,None
230825,LFP,1,172,44,MT,MT,Visual,metadata_resolved_equal_segment,estimated_from_channel,session-area-mapping.md,None
230825,LFP,1,173,45,MT,MT,Visual,metadata_resolved_equal_segment,estimated_from_channel,session-area-mapping.md,None
230825,LFP,1,174,46,MT,MT,Visual,metadata_resolved_equal_segment,estimated_from_channel,session-area-mapping.md,None
230825,LFP,1,175,47,MT,MT,Visual,metadata_resolved_equal_segment,estimated_from_channel,session-area-mapping.md,None
230825,LFP,1,176,48,MT,MT,Visual,metadata_resolved_equal_segment,estimated_from_channel,session-area-mapping.md,None
230825,LFP,1,177,49,MT,MT,Visual,metadata_resolved_equal_segment,estimated_from_channel,session-area-mapping.md,None
230825,LFP,1,178,50,MT,MT,Visual,metadata_resolved_equal_segment,estimated_from_channel,session-area-mapping.md,None
230825,LFP,1,179,51,MT,MT,Visual,metadata_resolved_equal_segment,estimated_from_channel,session-area-mapping.md,None
230825,LFP,1,180,52,MT,MT,Visual,metadata_resolved_equal_segment,estimated_from_channel,session-area-mapping.md,None
230825,LFP,1,181,53,MT,MT,Visual,metadata_resolved_equal_segment,estimated_from_channel,session-area-mapping.md,None
230825,LFP,1,182,54,MT,MT,Visual,metadata_resolved_equal_segment,estimated_from_channel,session-area-mapping.md,None
230825,LFP,1,183,55,MT,MT,Visual,metadata_resolved_equal_segment,estimated_from_channel,session-area-mapping.md,None
230825,LFP,1,184,56,MT,MT,Visual,metadata_resolved_equal_segment,estimated_from_channel,session-area-mapping.md,None
230825,LFP,1,185,57,MT,MT,Visual,metadata_resolved_equal_segment,estimated_from_channel,session-area-mapping.md,None
230825,LFP,1,186,58,MT,MT,Visual,metadata_resolved_equal_segment,estimated_from_channel,session-area-mapping.md,None
230825,LFP,1,187,59,MT,MT,Visual,metadata_resolved_equal_segment,estimated_from_channel,session-area-mapping.md,None
230825,LFP,1,188,60,MT,MT,Visual,metadata_resolved_equal_segment,estimated_from_channel,session-area-mapping.md,None
230825,LFP,1,189,61,MT,MT,Visual,metadata_resolved_equal_segment,estimated_from_channel,session-area-mapping.md,None
230825,LFP,1,190,62,MT,MT,Visual,metadata_resolved_equal_segment,estimated_from_channel,session-area-mapping.md,None
230825,LFP,1,191,63,MT,MT,Visual,metadata_resolved_equal_segment,estimated_from_channel,session-area-mapping.md,None
230825,LFP,1,192,64,MST,MST,Visual,metadata_resolved_equal_segment,estimated_from_channel,session-area-mapping.md,None
230825,LFP,1,193,65,MST,MST,Visual,metadata_resolved_equal_segment,estimated_from_channel,session-area-mapping.md,None
230825,LFP,1,194,66,MST,MST,Visual,metadata_resolved_equal_segment,estimated_from_channel,session-area-mapping.md,None
230825,LFP,1,195,67,MST,MST,Visual,metadata_resolved_equal_segment,estimated_from_channel,session-area-mapping.md,None
230825,LFP,1,196,68,MST,MST,Visual,metadata_resolved_equal_segment,estimated_from_channel,session-area-mapping.md,None
230825,LFP,1,197,69,MST,MST,Visual,metadata_resolved_equal_segment,estimated_from_channel,session-area-mapping.md,None
230825,LFP,1,198,70,MST,MST,Visual,metadata_resolved_equal_segment,estimated_from_channel,session-area-mapping.md,None
230825,LFP,1,199,71,MST,MST,Visual,metadata_resolved_equal_segment,estimated_from_channel,session-area-mapping.md,None
230825,LFP,1,200,72,MST,MST,Visual,metadata_resolved_equal_segment,estimated_from_channel,session-area-mapping.md,None
230825,LFP,1,201,73,MST,MST,Visual,metadata_resolved_equal_segment,estimated_from_channel,session-area-mapping.md,None
230825,LFP,1,202,74,MST,MST,Visual,metadata_resolved_equal_segment,estimated_from_channel,session-area-mapping.md,None
230825,LFP,1,203,75,MST,MST,Visual,metadata_resolved_equal_segment,estimated_from_channel,session-area-mapping.md,None
230825,LFP,1,204,76,MST,MST,Visual,metadata_resolved_equal_segment,estimated_from_channel,session-area-mapping.md,None
230825,LFP,1,205,77,MST,MST,Visual,metadata_resolved_equal_segment,estimated_from_channel,session-area-mapping.md,None
230825,LFP,1,206,78,MST,MST,Visual,metadata_resolved_equal_segment,estimated_from_channel,session-area-mapping.md,None
230825,LFP,1,207,79,MST,MST,Visual,metadata_resolved_equal_segment,estimated_from_channel,session-area-mapping.md,None
230825,LFP,1,208,80,MST,MST,Visual,metadata_resolved_equal_segment,estimated_from_channel,session-area-mapping.md,None
230825,LFP,1,209,81,MST,MST,Visual,metadata_resolved_equal_segment,estimated_from_channel,session-area-mapping.md,None
230825,LFP,1,210,82,MST,MST,Visual,metadata_resolved_equal_segment,estimated_from_channel,session-area-mapping.md,None
230825,LFP,1,211,83,MST,MST,Visual,metadata_resolved_equal_segment,estimated_from_channel,session-area-mapping.md,None
230825,LFP,1,212,84,MST,MST,Visual,metadata_resolved_equal_segment,estimated_from_channel,session-area-mapping.md,None
230825,LFP,1,213,85,MST,MST,Visual,metadata_resolved_equal_segment,estimated_from_channel,session-area-mapping.md,None
230825,LFP,1,214,86,MST,MST,Visual,metadata_resolved_equal_segment,estimated_from_channel,session-area-mapping.md,None
230825,LFP,1,215,87,MST,MST,Visual,metadata_resolved_equal_segment,estimated_from_channel,session-area-mapping.md,None
230825,LFP,1,216,88,MST,MST,Visual,metadata_resolved_equal_segment,estimated_from_channel,session-area-mapping.md,None
230825,LFP,1,217,89,MST,MST,Visual,metadata_resolved_equal_segment,estimated_from_channel,session-area-mapping.md,None
230825,LFP,1,218,90,MST,MST,Visual,metadata_resolved_equal_segment,estimated_from_channel,session-area-mapping.md,None
230825,LFP,1,219,91,MST,MST,Visual,metadata_resolved_equal_segment,estimated_from_channel,session-area-mapping.md,None
230825,LFP,1,220,92,MST,MST,Visual,metadata_resolved_equal_segment,estimated_from_channel,session-area-mapping.md,None
230825,LFP,1,221,93,MST,MST,Visual,metadata_resolved_equal_segment,estimated_from_channel,session-area-mapping.md,None
230825,LFP,1,222,94,MST,MST,Visual,metadata_resolved_equal_segment,estimated_from_channel,session-area-mapping.md,None
230825,LFP,1,223,95,MST,MST,Visual,metadata_resolved_equal_segment,estimated_from_channel,session-area-mapping.md,None
230825,LFP,1,224,96,MST,MST,Visual,metadata_resolved_equal_segment,estimated_from_channel,session-area-mapping.md,None
230825,LFP,1,225,97,MST,MST,Visual,metadata_resolved_equal_segment,estimated_from_channel,session-area-mapping.md,None
230825,LFP,1,226,98,MST,MST,Visual,metadata_resolved_equal_segment,estimated_from_channel,session-area-mapping.md,None
230825,LFP,1,227,99,MST,MST,Visual,metadata_resolved_equal_segment,estimated_from_channel,session-area-mapping.md,None
230825,LFP,1,228,100,MST,MST,Visual,metadata_resolved_equal_segment,estimated_from_channel,session-area-mapping.md,None
230825,LFP,1,229,101,MST,MST,Visual,metadata_resolved_equal_segment,estimated_from_channel,session-area-mapping.md,None
230825,LFP,1,230,102,MST,MST,Visual,metadata_resolved_equal_segment,estimated_from_channel,session-area-mapping.md,None
230825,LFP,1,231,103,MST,MST,Visual,metadata_resolved_equal_segment,estimated_from_channel,session-area-mapping.md,None
230825,LFP,1,232,104,MST,MST,Visual,metadata_resolved_equal_segment,estimated_from_channel,session-area-mapping.md,None
230825,LFP,1,233,105,MST,MST,Visual,metadata_resolved_equal_segment,estimated_from_channel,session-area-mapping.md,None
230825,LFP,1,234,106,MST,MST,Visual,metadata_resolved_equal_segment,estimated_from_channel,session-area-mapping.md,None
230825,LFP,1,235,107,MST,MST,Visual,metadata_resolved_equal_segment,estimated_from_channel,session-area-mapping.md,None
230825,LFP,1,236,108,MST,MST,Visual,metadata_resolved_equal_segment,estimated_from_channel,session-area-mapping.md,None
230825,LFP,1,237,109,MST,MST,Visual,metadata_resolved_equal_segment,estimated_from_channel,session-area-mapping.md,None
230825,LFP,1,238,110,MST,MST,Visual,metadata_resolved_equal_segment,estimated_from_channel,session-area-mapping.md,None
230825,LFP,1,239,111,MST,MST,Visual,metadata_resolved_equal_segment,estimated_from_channel,session-area-mapping.md,None
230825,LFP,1,240,112,MST,MST,Visual,metadata_resolved_equal_segment,estimated_from_channel,session-area-mapping.md,None
230825,LFP,1,241,113,MST,MST,Visual,metadata_resolved_equal_segment,estimated_from_channel,session-area-mapping.md,None
230825,LFP,1,242,114,MST,MST,Visual,metadata_resolved_equal_segment,estimated_from_channel,session-area-mapping.md,None
230825,LFP,1,243,115,MST,MST,Visual,metadata_resolved_equal_segment,estimated_from_channel,session-area-mapping.md,None
230825,LFP,1,244,116,MST,MST,Visual,metadata_resolved_equal_segment,estimated_from_channel,session-area-mapping.md,None
230825,LFP,1,245,117,MST,MST,Visual,metadata_resolved_equal_segment,estimated_from_channel,session-area-mapping.md,None
230825,LFP,1,246,118,MST,MST,Visual,metadata_resolved_equal_segment,estimated_from_channel,session-area-mapping.md,None
230825,LFP,1,247,119,MST,MST,Visual,metadata_resolved_equal_segment,estimated_from_channel,session-area-mapping.md,None
230825,LFP,1,248,120,MST,MST,Visual,metadata_resolved_equal_segment,estimated_from_channel,session-area-mapping.md,None
230825,LFP,1,249,121,MST,MST,Visual,metadata_resolved_equal_segment,estimated_from_channel,session-area-mapping.md,None
230825,LFP,1,250,122,MST,MST,Visual,metadata_resolved_equal_segment,estimated_from_channel,session-area-mapping.md,None
230825,LFP,1,251,123,MST,MST,Visual,metadata_resolved_equal_segment,estimated_from_channel,session-area-mapping.md,None
230825,LFP,1,252,124,MST,MST,Visual,metadata_resolved_equal_segment,estimated_from_channel,session-area-mapping.md,None
230825,LFP,1,253,125,MST,MST,Visual,metadata_resolved_equal_segment,estimated_from_channel,session-area-mapping.md,None
230825,LFP,1,254,126,MST,MST,Visual,metadata_resolved_equal_segment,estimated_from_channel,session-area-mapping.md,None
230825,LFP,1,255,127,MST,MST,Visual,metadata_resolved_equal_segment,estimated_from_channel,session-area-mapping.md,None
230825,LFP,2,256,0,V4,V4,Visual,metadata_resolved_equal_segment,estimated_from_channel,session-area-mapping.md,None
230825,LFP,2,257,1,V4,V4,Visual,metadata_resolved_equal_segment,estimated_from_channel,session-area-mapping.md,None
230825,LFP,2,258,2,V4,V4,Visual,metadata_resolved_equal_segment,estimated_from_channel,session-area-mapping.md,None
230825,LFP,2,259,3,V4,V4,Visual,metadata_resolved_equal_segment,estimated_from_channel,session-area-mapping.md,None
230825,LFP,2,260,4,V4,V4,Visual,metadata_resolved_equal_segment,estimated_from_channel,session-area-mapping.md,None
230825,LFP,2,261,5,V4,V4,Visual,metadata_resolved_equal_segment,estimated_from_channel,session-area-mapping.md,None
230825,LFP,2,262,6,V4,V4,Visual,metadata_resolved_equal_segment,estimated_from_channel,session-area-mapping.md,None
230825,LFP,2,263,7,V4,V4,Visual,metadata_resolved_equal_segment,estimated_from_channel,session-area-mapping.md,None
230825,LFP,2,264,8,V4,V4,Visual,metadata_resolved_equal_segment,estimated_from_channel,session-area-mapping.md,None
230825,LFP,2,265,9,V4,V4,Visual,metadata_resolved_equal_segment,estimated_from_channel,session-area-mapping.md,None
230825,LFP,2,266,10,V4,V4,Visual,metadata_resolved_equal_segment,estimated_from_channel,session-area-mapping.md,None
230825,LFP,2,267,11,V4,V4,Visual,metadata_resolved_equal_segment,estimated_from_channel,session-area-mapping.md,None
230825,LFP,2,268,12,V4,V4,Visual,metadata_resolved_equal_segment,estimated_from_channel,session-area-mapping.md,None
230825,LFP,2,269,13,V4,V4,Visual,metadata_resolved_equal_segment,estimated_from_channel,session-area-mapping.md,None
230825,LFP,2,270,14,V4,V4,Visual,metadata_resolved_equal_segment,estimated_from_channel,session-area-mapping.md,None
230825,LFP,2,271,15,V4,V4,Visual,metadata_resolved_equal_segment,estimated_from_channel,session-area-mapping.md,None
230825,LFP,2,272,16,V4,V4,Visual,metadata_resolved_equal_segment,estimated_from_channel,session-area-mapping.md,None
230825,LFP,2,273,17,V4,V4,Visual,metadata_resolved_equal_segment,estimated_from_channel,session-area-mapping.md,None
230825,LFP,2,274,18,V4,V4,Visual,metadata_resolved_equal_segment,estimated_from_channel,session-area-mapping.md,None
230825,LFP,2,275,19,V4,V4,Visual,metadata_resolved_equal_segment,estimated_from_channel,session-area-mapping.md,None
230825,LFP,2,276,20,V4,V4,Visual,metadata_resolved_equal_segment,estimated_from_channel,session-area-mapping.md,None
230825,LFP,2,277,21,V4,V4,Visual,metadata_resolved_equal_segment,estimated_from_channel,session-area-mapping.md,None
230825,LFP,2,278,22,V4,V4,Visual,metadata_resolved_equal_segment,estimated_from_channel,session-area-mapping.md,None
230825,LFP,2,279,23,V4,V4,Visual,metadata_resolved_equal_segment,estimated_from_channel,session-area-mapping.md,None
230825,LFP,2,280,24,V4,V4,Visual,metadata_resolved_equal_segment,estimated_from_channel,session-area-mapping.md,None
230825,LFP,2,281,25,V4,V4,Visual,metadata_resolved_equal_segment,estimated_from_channel,session-area-mapping.md,None
230825,LFP,2,282,26,V4,V4,Visual,metadata_resolved_equal_segment,estimated_from_channel,session-area-mapping.md,None
230825,LFP,2,283,27,V4,V4,Visual,metadata_resolved_equal_segment,estimated_from_channel,session-area-mapping.md,None
230825,LFP,2,284,28,V4,V4,Visual,metadata_resolved_equal_segment,estimated_from_channel,session-area-mapping.md,None
230825,LFP,2,285,29,V4,V4,Visual,metadata_resolved_equal_segment,estimated_from_channel,session-area-mapping.md,None
230825,LFP,2,286,30,V4,V4,Visual,metadata_resolved_equal_segment,estimated_from_channel,session-area-mapping.md,None
230825,LFP,2,287,31,V4,V4,Visual,metadata_resolved_equal_segment,estimated_from_channel,session-area-mapping.md,None
230825,LFP,2,288,32,V4,V4,Visual,metadata_resolved_equal_segment,estimated_from_channel,session-area-mapping.md,None
230825,LFP,2,289,33,V4,V4,Visual,metadata_resolved_equal_segment,estimated_from_channel,session-area-mapping.md,None
230825,LFP,2,290,34,V4,V4,Visual,metadata_resolved_equal_segment,estimated_from_channel,session-area-mapping.md,None
230825,LFP,2,291,35,V4,V4,Visual,metadata_resolved_equal_segment,estimated_from_channel,session-area-mapping.md,None
230825,LFP,2,292,36,V4,V4,Visual,metadata_resolved_equal_segment,estimated_from_channel,session-area-mapping.md,None
230825,LFP,2,293,37,V4,V4,Visual,metadata_resolved_equal_segment,estimated_from_channel,session-area-mapping.md,None
230825,LFP,2,294,38,V4,V4,Visual,metadata_resolved_equal_segment,estimated_from_channel,session-area-mapping.md,None
230825,LFP,2,295,39,V4,V4,Visual,metadata_resolved_equal_segment,estimated_from_channel,session-area-mapping.md,None
230825,LFP,2,296,40,V4,V4,Visual,metadata_resolved_equal_segment,estimated_from_channel,session-area-mapping.md,None
230825,LFP,2,297,41,V4,V4,Visual,metadata_resolved_equal_segment,estimated_from_channel,session-area-mapping.md,None
230825,LFP,2,298,42,V4,V4,Visual,metadata_resolved_equal_segment,estimated_from_channel,session-area-mapping.md,None
230825,LFP,2,299,43,V4,V4,Visual,metadata_resolved_equal_segment,estimated_from_channel,session-area-mapping.md,None
230825,LFP,2,300,44,V4,V4,Visual,metadata_resolved_equal_segment,estimated_from_channel,session-area-mapping.md,None
230825,LFP,2,301,45,V4,V4,Visual,metadata_resolved_equal_segment,estimated_from_channel,session-area-mapping.md,None
230825,LFP,2,302,46,V4,V4,Visual,metadata_resolved_equal_segment,estimated_from_channel,session-area-mapping.md,None
230825,LFP,2,303,47,V4,V4,Visual,metadata_resolved_equal_segment,estimated_from_channel,session-area-mapping.md,None
230825,LFP,2,304,48,V4,V4,Visual,metadata_resolved_equal_segment,estimated_from_channel,session-area-mapping.md,None
230825,LFP,2,305,49,V4,V4,Visual,metadata_resolved_equal_segment,estimated_from_channel,session-area-mapping.md,None
230825,LFP,2,306,50,V4,V4,Visual,metadata_resolved_equal_segment,estimated_from_channel,session-area-mapping.md,None
230825,LFP,2,307,51,V4,V4,Visual,metadata_resolved_equal_segment,estimated_from_channel,session-area-mapping.md,None
230825,LFP,2,308,52,V4,V4,Visual,metadata_resolved_equal_segment,estimated_from_channel,session-area-mapping.md,None
230825,LFP,2,309,53,V4,V4,Visual,metadata_resolved_equal_segment,estimated_from_channel,session-area-mapping.md,None
230825,LFP,2,310,54,V4,V4,Visual,metadata_resolved_equal_segment,estimated_from_channel,session-area-mapping.md,None
230825,LFP,2,311,55,V4,V4,Visual,metadata_resolved_equal_segment,estimated_from_channel,session-area-mapping.md,None
230825,LFP,2,312,56,V4,V4,Visual,metadata_resolved_equal_segment,estimated_from_channel,session-area-mapping.md,None
230825,LFP,2,313,57,V4,V4,Visual,metadata_resolved_equal_segment,estimated_from_channel,session-area-mapping.md,None
230825,LFP,2,314,58,V4,V4,Visual,metadata_resolved_equal_segment,estimated_from_channel,session-area-mapping.md,None
230825,LFP,2,315,59,V4,V4,Visual,metadata_resolved_equal_segment,estimated_from_channel,session-area-mapping.md,None
230825,LFP,2,316,60,V4,V4,Visual,metadata_resolved_equal_segment,estimated_from_channel,session-area-mapping.md,None
230825,LFP,2,317,61,V4,V4,Visual,metadata_resolved_equal_segment,estimated_from_channel,session-area-mapping.md,None
230825,LFP,2,318,62,V4,V4,Visual,metadata_resolved_equal_segment,estimated_from_channel,session-area-mapping.md,None
230825,LFP,2,319,63,V4,V4,Visual,metadata_resolved_equal_segment,estimated_from_channel,session-area-mapping.md,None
230825,LFP,2,320,64,TEO,TEO,Visual,metadata_resolved_equal_segment,estimated_from_channel,session-area-mapping.md,None
230825,LFP,2,321,65,TEO,TEO,Visual,metadata_resolved_equal_segment,estimated_from_channel,session-area-mapping.md,None
230825,LFP,2,322,66,TEO,TEO,Visual,metadata_resolved_equal_segment,estimated_from_channel,session-area-mapping.md,None
230825,LFP,2,323,67,TEO,TEO,Visual,metadata_resolved_equal_segment,estimated_from_channel,session-area-mapping.md,None
230825,LFP,2,324,68,TEO,TEO,Visual,metadata_resolved_equal_segment,estimated_from_channel,session-area-mapping.md,None
230825,LFP,2,325,69,TEO,TEO,Visual,metadata_resolved_equal_segment,estimated_from_channel,session-area-mapping.md,None
230825,LFP,2,326,70,TEO,TEO,Visual,metadata_resolved_equal_segment,estimated_from_channel,session-area-mapping.md,None
230825,LFP,2,327,71,TEO,TEO,Visual,metadata_resolved_equal_segment,estimated_from_channel,session-area-mapping.md,None
230825,LFP,2,328,72,TEO,TEO,Visual,metadata_resolved_equal_segment,estimated_from_channel,session-area-mapping.md,None
230825,LFP,2,329,73,TEO,TEO,Visual,metadata_resolved_equal_segment,estimated_from_channel,session-area-mapping.md,None
230825,LFP,2,330,74,TEO,TEO,Visual,metadata_resolved_equal_segment,estimated_from_channel,session-area-mapping.md,None
230825,LFP,2,331,75,TEO,TEO,Visual,metadata_resolved_equal_segment,estimated_from_channel,session-area-mapping.md,None
230825,LFP,2,332,76,TEO,TEO,Visual,metadata_resolved_equal_segment,estimated_from_channel,session-area-mapping.md,None
230825,LFP,2,333,77,TEO,TEO,Visual,metadata_resolved_equal_segment,estimated_from_channel,session-area-mapping.md,None
230825,LFP,2,334,78,TEO,TEO,Visual,metadata_resolved_equal_segment,estimated_from_channel,session-area-mapping.md,None
230825,LFP,2,335,79,TEO,TEO,Visual,metadata_resolved_equal_segment,estimated_from_channel,session-area-mapping.md,None
230825,LFP,2,336,80,TEO,TEO,Visual,metadata_resolved_equal_segment,estimated_from_channel,session-area-mapping.md,None
230825,LFP,2,337,81,TEO,TEO,Visual,metadata_resolved_equal_segment,estimated_from_channel,session-area-mapping.md,None
230825,LFP,2,338,82,TEO,TEO,Visual,metadata_resolved_equal_segment,estimated_from_channel,session-area-mapping.md,None
230825,LFP,2,339,83,TEO,TEO,Visual,metadata_resolved_equal_segment,estimated_from_channel,session-area-mapping.md,None
230825,LFP,2,340,84,TEO,TEO,Visual,metadata_resolved_equal_segment,estimated_from_channel,session-area-mapping.md,None
230825,LFP,2,341,85,TEO,TEO,Visual,metadata_resolved_equal_segment,estimated_from_channel,session-area-mapping.md,None
230825,LFP,2,342,86,TEO,TEO,Visual,metadata_resolved_equal_segment,estimated_from_channel,session-area-mapping.md,None
230825,LFP,2,343,87,TEO,TEO,Visual,metadata_resolved_equal_segment,estimated_from_channel,session-area-mapping.md,None
230825,LFP,2,344,88,TEO,TEO,Visual,metadata_resolved_equal_segment,estimated_from_channel,session-area-mapping.md,None
230825,LFP,2,345,89,TEO,TEO,Visual,metadata_resolved_equal_segment,estimated_from_channel,session-area-mapping.md,None
230825,LFP,2,346,90,TEO,TEO,Visual,metadata_resolved_equal_segment,estimated_from_channel,session-area-mapping.md,None
230825,LFP,2,347,91,TEO,TEO,Visual,metadata_resolved_equal_segment,estimated_from_channel,session-area-mapping.md,None
230825,LFP,2,348,92,TEO,TEO,Visual,metadata_resolved_equal_segment,estimated_from_channel,session-area-mapping.md,None
230825,LFP,2,349,93,TEO,TEO,Visual,metadata_resolved_equal_segment,estimated_from_channel,session-area-mapping.md,None
230825,LFP,2,350,94,TEO,TEO,Visual,metadata_resolved_equal_segment,estimated_from_channel,session-area-mapping.md,None
230825,LFP,2,351,95,TEO,TEO,Visual,metadata_resolved_equal_segment,estimated_from_channel,session-area-mapping.md,None
230825,LFP,2,352,96,TEO,TEO,Visual,metadata_resolved_equal_segment,estimated_from_channel,session-area-mapping.md,None
230825,LFP,2,353,97,TEO,TEO,Visual,metadata_resolved_equal_segment,estimated_from_channel,session-area-mapping.md,None
230825,LFP,2,354,98,TEO,TEO,Visual,metadata_resolved_equal_segment,estimated_from_channel,session-area-mapping.md,None
230825,LFP,2,355,99,TEO,TEO,Visual,metadata_resolved_equal_segment,estimated_from_channel,session-area-mapping.md,None
230825,LFP,2,356,100,TEO,TEO,Visual,metadata_resolved_equal_segment,estimated_from_channel,session-area-mapping.md,None
230825,LFP,2,357,101,TEO,TEO,Visual,metadata_resolved_equal_segment,estimated_from_channel,session-area-mapping.md,None
230825,LFP,2,358,102,TEO,TEO,Visual,metadata_resolved_equal_segment,estimated_from_channel,session-area-mapping.md,None
230825,LFP,2,359,103,TEO,TEO,Visual,metadata_resolved_equal_segment,estimated_from_channel,session-area-mapping.md,None
230825,LFP,2,360,104,TEO,TEO,Visual,metadata_resolved_equal_segment,estimated_from_channel,session-area-mapping.md,None
230825,LFP,2,361,105,TEO,TEO,Visual,metadata_resolved_equal_segment,estimated_from_channel,session-area-mapping.md,None
230825,LFP,2,362,106,TEO,TEO,Visual,metadata_resolved_equal_segment,estimated_from_channel,session-area-mapping.md,None
230825,LFP,2,363,107,TEO,TEO,Visual,metadata_resolved_equal_segment,estimated_from_channel,session-area-mapping.md,None
230825,LFP,2,364,108,TEO,TEO,Visual,metadata_resolved_equal_segment,estimated_from_channel,session-area-mapping.md,None
230825,LFP,2,365,109,TEO,TEO,Visual,metadata_resolved_equal_segment,estimated_from_channel,session-area-mapping.md,None
230825,LFP,2,366,110,TEO,TEO,Visual,metadata_resolved_equal_segment,estimated_from_channel,session-area-mapping.md,None
230825,LFP,2,367,111,TEO,TEO,Visual,metadata_resolved_equal_segment,estimated_from_channel,session-area-mapping.md,None
230825,LFP,2,368,112,TEO,TEO,Visual,metadata_resolved_equal_segment,estimated_from_channel,session-area-mapping.md,None
230825,LFP,2,369,113,TEO,TEO,Visual,metadata_resolved_equal_segment,estimated_from_channel,session-area-mapping.md,None
230825,LFP,2,370,114,TEO,TEO,Visual,metadata_resolved_equal_segment,estimated_from_channel,session-area-mapping.md,None
230825,LFP,2,371,115,TEO,TEO,Visual,metadata_resolved_equal_segment,estimated_from_channel,session-area-mapping.md,None
230825,LFP,2,372,116,TEO,TEO,Visual,metadata_resolved_equal_segment,estimated_from_channel,session-area-mapping.md,None
230825,LFP,2,373,117,TEO,TEO,Visual,metadata_resolved_equal_segment,estimated_from_channel,session-area-mapping.md,None
230825,LFP,2,374,118,TEO,TEO,Visual,metadata_resolved_equal_segment,estimated_from_channel,session-area-mapping.md,None
230825,LFP,2,375,119,TEO,TEO,Visual,metadata_resolved_equal_segment,estimated_from_channel,session-area-mapping.md,None
230825,LFP,2,376,120,TEO,TEO,Visual,metadata_resolved_equal_segment,estimated_from_channel,session-area-mapping.md,None
230825,LFP,2,377,121,TEO,TEO,Visual,metadata_resolved_equal_segment,estimated_from_channel,session-area-mapping.md,None
230825,LFP,2,378,122,TEO,TEO,Visual,metadata_resolved_equal_segment,estimated_from_channel,session-area-mapping.md,None
230825,LFP,2,379,123,TEO,TEO,Visual,metadata_resolved_equal_segment,estimated_from_channel,session-area-mapping.md,None
230825,LFP,2,380,124,TEO,TEO,Visual,metadata_resolved_equal_segment,estimated_from_channel,session-area-mapping.md,None
230825,LFP,2,381,125,TEO,TEO,Visual,metadata_resolved_equal_segment,estimated_from_channel,session-area-mapping.md,None
230825,LFP,2,382,126,TEO,TEO,Visual,metadata_resolved_equal_segment,estimated_from_channel,session-area-mapping.md,None
230825,LFP,2,383,127,TEO,TEO,Visual,metadata_resolved_equal_segment,estimated_from_channel,session-area-mapping.md,None
230830,LFP,0,0,0,PFC,PFC,Frontal,metadata_resolved_equal_segment,estimated_from_channel,session-area-mapping.md,None
230830,LFP,0,1,1,PFC,PFC,Frontal,metadata_resolved_equal_segment,estimated_from_channel,session-area-mapping.md,None
230830,LFP,0,2,2,PFC,PFC,Frontal,metadata_resolved_equal_segment,estimated_from_channel,session-area-mapping.md,None
230830,LFP,0,3,3,PFC,PFC,Frontal,metadata_resolved_equal_segment,estimated_from_channel,session-area-mapping.md,None
230830,LFP,0,4,4,PFC,PFC,Frontal,metadata_resolved_equal_segment,estimated_from_channel,session-area-mapping.md,None
230830,LFP,0,5,5,PFC,PFC,Frontal,metadata_resolved_equal_segment,estimated_from_channel,session-area-mapping.md,None
230830,LFP,0,6,6,PFC,PFC,Frontal,metadata_resolved_equal_segment,estimated_from_channel,session-area-mapping.md,None
230830,LFP,0,7,7,PFC,PFC,Frontal,metadata_resolved_equal_segment,estimated_from_channel,session-area-mapping.md,None
230830,LFP,0,8,8,PFC,PFC,Frontal,metadata_resolved_equal_segment,estimated_from_channel,session-area-mapping.md,None
230830,LFP,0,9,9,PFC,PFC,Frontal,metadata_resolved_equal_segment,estimated_from_channel,session-area-mapping.md,None
230830,LFP,0,10,10,PFC,PFC,Frontal,metadata_resolved_equal_segment,estimated_from_channel,session-area-mapping.md,None
230830,LFP,0,11,11,PFC,PFC,Frontal,metadata_resolved_equal_segment,estimated_from_channel,session-area-mapping.md,None
230830,LFP,0,12,12,PFC,PFC,Frontal,metadata_resolved_equal_segment,estimated_from_channel,session-area-mapping.md,None
230830,LFP,0,13,13,PFC,PFC,Frontal,metadata_resolved_equal_segment,estimated_from_channel,session-area-mapping.md,None
230830,LFP,0,14,14,PFC,PFC,Frontal,metadata_resolved_equal_segment,estimated_from_channel,session-area-mapping.md,None
230830,LFP,0,15,15,PFC,PFC,Frontal,metadata_resolved_equal_segment,estimated_from_channel,session-area-mapping.md,None
230830,LFP,0,16,16,PFC,PFC,Frontal,metadata_resolved_equal_segment,estimated_from_channel,session-area-mapping.md,None
230830,LFP,0,17,17,PFC,PFC,Frontal,metadata_resolved_equal_segment,estimated_from_channel,session-area-mapping.md,None
230830,LFP,0,18,18,PFC,PFC,Frontal,metadata_resolved_equal_segment,estimated_from_channel,session-area-mapping.md,None
230830,LFP,0,19,19,PFC,PFC,Frontal,metadata_resolved_equal_segment,estimated_from_channel,session-area-mapping.md,None
230830,LFP,0,20,20,PFC,PFC,Frontal,metadata_resolved_equal_segment,estimated_from_channel,session-area-mapping.md,None
230830,LFP,0,21,21,PFC,PFC,Frontal,metadata_resolved_equal_segment,estimated_from_channel,session-area-mapping.md,None
230830,LFP,0,22,22,PFC,PFC,Frontal,metadata_resolved_equal_segment,estimated_from_channel,session-area-mapping.md,None
230830,LFP,0,23,23,PFC,PFC,Frontal,metadata_resolved_equal_segment,estimated_from_channel,session-area-mapping.md,None
230830,LFP,0,24,24,PFC,PFC,Frontal,metadata_resolved_equal_segment,estimated_from_channel,session-area-mapping.md,None
230830,LFP,0,25,25,PFC,PFC,Frontal,metadata_resolved_equal_segment,estimated_from_channel,session-area-mapping.md,None
230830,LFP,0,26,26,PFC,PFC,Frontal,metadata_resolved_equal_segment,estimated_from_channel,session-area-mapping.md,None
230830,LFP,0,27,27,PFC,PFC,Frontal,metadata_resolved_equal_segment,estimated_from_channel,session-area-mapping.md,None
230830,LFP,0,28,28,PFC,PFC,Frontal,metadata_resolved_equal_segment,estimated_from_channel,session-area-mapping.md,None
230830,LFP,0,29,29,PFC,PFC,Frontal,metadata_resolved_equal_segment,estimated_from_channel,session-area-mapping.md,None
230830,LFP,0,30,30,PFC,PFC,Frontal,metadata_resolved_equal_segment,estimated_from_channel,session-area-mapping.md,None
230830,LFP,0,31,31,PFC,PFC,Frontal,metadata_resolved_equal_segment,estimated_from_channel,session-area-mapping.md,None
230830,LFP,0,32,32,PFC,PFC,Frontal,metadata_resolved_equal_segment,estimated_from_channel,session-area-mapping.md,None
230830,LFP,0,33,33,PFC,PFC,Frontal,metadata_resolved_equal_segment,estimated_from_channel,session-area-mapping.md,None
230830,LFP,0,34,34,PFC,PFC,Frontal,metadata_resolved_equal_segment,estimated_from_channel,session-area-mapping.md,None
230830,LFP,0,35,35,PFC,PFC,Frontal,metadata_resolved_equal_segment,estimated_from_channel,session-area-mapping.md,None
230830,LFP,0,36,36,PFC,PFC,Frontal,metadata_resolved_equal_segment,estimated_from_channel,session-area-mapping.md,None
230830,LFP,0,37,37,PFC,PFC,Frontal,metadata_resolved_equal_segment,estimated_from_channel,session-area-mapping.md,None
230830,LFP,0,38,38,PFC,PFC,Frontal,metadata_resolved_equal_segment,estimated_from_channel,session-area-mapping.md,None
230830,LFP,0,39,39,PFC,PFC,Frontal,metadata_resolved_equal_segment,estimated_from_channel,session-area-mapping.md,None
230830,LFP,0,40,40,PFC,PFC,Frontal,metadata_resolved_equal_segment,estimated_from_channel,session-area-mapping.md,None
230830,LFP,0,41,41,PFC,PFC,Frontal,metadata_resolved_equal_segment,estimated_from_channel,session-area-mapping.md,None
230830,LFP,0,42,42,PFC,PFC,Frontal,metadata_resolved_equal_segment,estimated_from_channel,session-area-mapping.md,None
230830,LFP,0,43,43,PFC,PFC,Frontal,metadata_resolved_equal_segment,estimated_from_channel,session-area-mapping.md,None
230830,LFP,0,44,44,PFC,PFC,Frontal,metadata_resolved_equal_segment,estimated_from_channel,session-area-mapping.md,None
230830,LFP,0,45,45,PFC,PFC,Frontal,metadata_resolved_equal_segment,estimated_from_channel,session-area-mapping.md,None
230830,LFP,0,46,46,PFC,PFC,Frontal,metadata_resolved_equal_segment,estimated_from_channel,session-area-mapping.md,None
230830,LFP,0,47,47,PFC,PFC,Frontal,metadata_resolved_equal_segment,estimated_from_channel,session-area-mapping.md,None
230830,LFP,0,48,48,PFC,PFC,Frontal,metadata_resolved_equal_segment,estimated_from_channel,session-area-mapping.md,None
230830,LFP,0,49,49,PFC,PFC,Frontal,metadata_resolved_equal_segment,estimated_from_channel,session-area-mapping.md,None
230830,LFP,0,50,50,PFC,PFC,Frontal,metadata_resolved_equal_segment,estimated_from_channel,session-area-mapping.md,None
230830,LFP,0,51,51,PFC,PFC,Frontal,metadata_resolved_equal_segment,estimated_from_channel,session-area-mapping.md,None
230830,LFP,0,52,52,PFC,PFC,Frontal,metadata_resolved_equal_segment,estimated_from_channel,session-area-mapping.md,None
230830,LFP,0,53,53,PFC,PFC,Frontal,metadata_resolved_equal_segment,estimated_from_channel,session-area-mapping.md,None
230830,LFP,0,54,54,PFC,PFC,Frontal,metadata_resolved_equal_segment,estimated_from_channel,session-area-mapping.md,None
230830,LFP,0,55,55,PFC,PFC,Frontal,metadata_resolved_equal_segment,estimated_from_channel,session-area-mapping.md,None
230830,LFP,0,56,56,PFC,PFC,Frontal,metadata_resolved_equal_segment,estimated_from_channel,session-area-mapping.md,None
230830,LFP,0,57,57,PFC,PFC,Frontal,metadata_resolved_equal_segment,estimated_from_channel,session-area-mapping.md,None
230830,LFP,0,58,58,PFC,PFC,Frontal,metadata_resolved_equal_segment,estimated_from_channel,session-area-mapping.md,None
230830,LFP,0,59,59,PFC,PFC,Frontal,metadata_resolved_equal_segment,estimated_from_channel,session-area-mapping.md,None
230830,LFP,0,60,60,PFC,PFC,Frontal,metadata_resolved_equal_segment,estimated_from_channel,session-area-mapping.md,None
230830,LFP,0,61,61,PFC,PFC,Frontal,metadata_resolved_equal_segment,estimated_from_channel,session-area-mapping.md,None
230830,LFP,0,62,62,PFC,PFC,Frontal,metadata_resolved_equal_segment,estimated_from_channel,session-area-mapping.md,None
230830,LFP,0,63,63,PFC,PFC,Frontal,metadata_resolved_equal_segment,estimated_from_channel,session-area-mapping.md,None
230830,LFP,0,64,64,PFC,PFC,Frontal,metadata_resolved_equal_segment,estimated_from_channel,session-area-mapping.md,None
230830,LFP,0,65,65,PFC,PFC,Frontal,metadata_resolved_equal_segment,estimated_from_channel,session-area-mapping.md,None
230830,LFP,0,66,66,PFC,PFC,Frontal,metadata_resolved_equal_segment,estimated_from_channel,session-area-mapping.md,None
230830,LFP,0,67,67,PFC,PFC,Frontal,metadata_resolved_equal_segment,estimated_from_channel,session-area-mapping.md,None
230830,LFP,0,68,68,PFC,PFC,Frontal,metadata_resolved_equal_segment,estimated_from_channel,session-area-mapping.md,None
230830,LFP,0,69,69,PFC,PFC,Frontal,metadata_resolved_equal_segment,estimated_from_channel,session-area-mapping.md,None
230830,LFP,0,70,70,PFC,PFC,Frontal,metadata_resolved_equal_segment,estimated_from_channel,session-area-mapping.md,None
230830,LFP,0,71,71,PFC,PFC,Frontal,metadata_resolved_equal_segment,estimated_from_channel,session-area-mapping.md,None
230830,LFP,0,72,72,PFC,PFC,Frontal,metadata_resolved_equal_segment,estimated_from_channel,session-area-mapping.md,None
230830,LFP,0,73,73,PFC,PFC,Frontal,metadata_resolved_equal_segment,estimated_from_channel,session-area-mapping.md,None
230830,LFP,0,74,74,PFC,PFC,Frontal,metadata_resolved_equal_segment,estimated_from_channel,session-area-mapping.md,None
230830,LFP,0,75,75,PFC,PFC,Frontal,metadata_resolved_equal_segment,estimated_from_channel,session-area-mapping.md,None
230830,LFP,0,76,76,PFC,PFC,Frontal,metadata_resolved_equal_segment,estimated_from_channel,session-area-mapping.md,None
230830,LFP,0,77,77,PFC,PFC,Frontal,metadata_resolved_equal_segment,estimated_from_channel,session-area-mapping.md,None
230830,LFP,0,78,78,PFC,PFC,Frontal,metadata_resolved_equal_segment,estimated_from_channel,session-area-mapping.md,None
230830,LFP,0,79,79,PFC,PFC,Frontal,metadata_resolved_equal_segment,estimated_from_channel,session-area-mapping.md,None
230830,LFP,0,80,80,PFC,PFC,Frontal,metadata_resolved_equal_segment,estimated_from_channel,session-area-mapping.md,None
230830,LFP,0,81,81,PFC,PFC,Frontal,metadata_resolved_equal_segment,estimated_from_channel,session-area-mapping.md,None
230830,LFP,0,82,82,PFC,PFC,Frontal,metadata_resolved_equal_segment,estimated_from_channel,session-area-mapping.md,None
230830,LFP,0,83,83,PFC,PFC,Frontal,metadata_resolved_equal_segment,estimated_from_channel,session-area-mapping.md,None
230830,LFP,0,84,84,PFC,PFC,Frontal,metadata_resolved_equal_segment,estimated_from_channel,session-area-mapping.md,None
230830,LFP,0,85,85,PFC,PFC,Frontal,metadata_resolved_equal_segment,estimated_from_channel,session-area-mapping.md,None
230830,LFP,0,86,86,PFC,PFC,Frontal,metadata_resolved_equal_segment,estimated_from_channel,session-area-mapping.md,None
230830,LFP,0,87,87,PFC,PFC,Frontal,metadata_resolved_equal_segment,estimated_from_channel,session-area-mapping.md,None
230830,LFP,0,88,88,PFC,PFC,Frontal,metadata_resolved_equal_segment,estimated_from_channel,session-area-mapping.md,None
230830,LFP,0,89,89,PFC,PFC,Frontal,metadata_resolved_equal_segment,estimated_from_channel,session-area-mapping.md,None
230830,LFP,0,90,90,PFC,PFC,Frontal,metadata_resolved_equal_segment,estimated_from_channel,session-area-mapping.md,None
230830,LFP,0,91,91,PFC,PFC,Frontal,metadata_resolved_equal_segment,estimated_from_channel,session-area-mapping.md,None
230830,LFP,0,92,92,PFC,PFC,Frontal,metadata_resolved_equal_segment,estimated_from_channel,session-area-mapping.md,None
230830,LFP,0,93,93,PFC,PFC,Frontal,metadata_resolved_equal_segment,estimated_from_channel,session-area-mapping.md,None
230830,LFP,0,94,94,PFC,PFC,Frontal,metadata_resolved_equal_segment,estimated_from_channel,session-area-mapping.md,None
230830,LFP,0,95,95,PFC,PFC,Frontal,metadata_resolved_equal_segment,estimated_from_channel,session-area-mapping.md,None
230830,LFP,0,96,96,PFC,PFC,Frontal,metadata_resolved_equal_segment,estimated_from_channel,session-area-mapping.md,None
230830,LFP,0,97,97,PFC,PFC,Frontal,metadata_resolved_equal_segment,estimated_from_channel,session-area-mapping.md,None
230830,LFP,0,98,98,PFC,PFC,Frontal,metadata_resolved_equal_segment,estimated_from_channel,session-area-mapping.md,None
230830,LFP,0,99,99,PFC,PFC,Frontal,metadata_resolved_equal_segment,estimated_from_channel,session-area-mapping.md,None
230830,LFP,0,100,100,PFC,PFC,Frontal,metadata_resolved_equal_segment,estimated_from_channel,session-area-mapping.md,None
230830,LFP,0,101,101,PFC,PFC,Frontal,metadata_resolved_equal_segment,estimated_from_channel,session-area-mapping.md,None
230830,LFP,0,102,102,PFC,PFC,Frontal,metadata_resolved_equal_segment,estimated_from_channel,session-area-mapping.md,None
230830,LFP,0,103,103,PFC,PFC,Frontal,metadata_resolved_equal_segment,estimated_from_channel,session-area-mapping.md,None
230830,LFP,0,104,104,PFC,PFC,Frontal,metadata_resolved_equal_segment,estimated_from_channel,session-area-mapping.md,None
230830,LFP,0,105,105,PFC,PFC,Frontal,metadata_resolved_equal_segment,estimated_from_channel,session-area-mapping.md,None
230830,LFP,0,106,106,PFC,PFC,Frontal,metadata_resolved_equal_segment,estimated_from_channel,session-area-mapping.md,None
230830,LFP,0,107,107,PFC,PFC,Frontal,metadata_resolved_equal_segment,estimated_from_channel,session-area-mapping.md,None
230830,LFP,0,108,108,PFC,PFC,Frontal,metadata_resolved_equal_segment,estimated_from_channel,session-area-mapping.md,None
230830,LFP,0,109,109,PFC,PFC,Frontal,metadata_resolved_equal_segment,estimated_from_channel,session-area-mapping.md,None
230830,LFP,0,110,110,PFC,PFC,Frontal,metadata_resolved_equal_segment,estimated_from_channel,session-area-mapping.md,None
230830,LFP,0,111,111,PFC,PFC,Frontal,metadata_resolved_equal_segment,estimated_from_channel,session-area-mapping.md,None
230830,LFP,0,112,112,PFC,PFC,Frontal,metadata_resolved_equal_segment,estimated_from_channel,session-area-mapping.md,None
230830,LFP,0,113,113,PFC,PFC,Frontal,metadata_resolved_equal_segment,estimated_from_channel,session-area-mapping.md,None
230830,LFP,0,114,114,PFC,PFC,Frontal,metadata_resolved_equal_segment,estimated_from_channel,session-area-mapping.md,None
230830,LFP,0,115,115,PFC,PFC,Frontal,metadata_resolved_equal_segment,estimated_from_channel,session-area-mapping.md,None
230830,LFP,0,116,116,PFC,PFC,Frontal,metadata_resolved_equal_segment,estimated_from_channel,session-area-mapping.md,None
230830,LFP,0,117,117,PFC,PFC,Frontal,metadata_resolved_equal_segment,estimated_from_channel,session-area-mapping.md,None
230830,LFP,0,118,118,PFC,PFC,Frontal,metadata_resolved_equal_segment,estimated_from_channel,session-area-mapping.md,None
230830,LFP,0,119,119,PFC,PFC,Frontal,metadata_resolved_equal_segment,estimated_from_channel,session-area-mapping.md,None
230830,LFP,0,120,120,PFC,PFC,Frontal,metadata_resolved_equal_segment,estimated_from_channel,session-area-mapping.md,None
230830,LFP,0,121,121,PFC,PFC,Frontal,metadata_resolved_equal_segment,estimated_from_channel,session-area-mapping.md,None
230830,LFP,0,122,122,PFC,PFC,Frontal,metadata_resolved_equal_segment,estimated_from_channel,session-area-mapping.md,None
230830,LFP,0,123,123,PFC,PFC,Frontal,metadata_resolved_equal_segment,estimated_from_channel,session-area-mapping.md,None
230830,LFP,0,124,124,PFC,PFC,Frontal,metadata_resolved_equal_segment,estimated_from_channel,session-area-mapping.md,None
230830,LFP,0,125,125,PFC,PFC,Frontal,metadata_resolved_equal_segment,estimated_from_channel,session-area-mapping.md,None
230830,LFP,0,126,126,PFC,PFC,Frontal,metadata_resolved_equal_segment,estimated_from_channel,session-area-mapping.md,None
230830,LFP,0,127,127,PFC,PFC,Frontal,metadata_resolved_equal_segment,estimated_from_channel,session-area-mapping.md,None
230830,LFP,1,128,0,V4,V4,Visual,metadata_resolved_equal_segment,estimated_from_channel,session-area-mapping.md,None
230830,LFP,1,129,1,V4,V4,Visual,metadata_resolved_equal_segment,estimated_from_channel,session-area-mapping.md,None
230830,LFP,1,130,2,V4,V4,Visual,metadata_resolved_equal_segment,estimated_from_channel,session-area-mapping.md,None
230830,LFP,1,131,3,V4,V4,Visual,metadata_resolved_equal_segment,estimated_from_channel,session-area-mapping.md,None
230830,LFP,1,132,4,V4,V4,Visual,metadata_resolved_equal_segment,estimated_from_channel,session-area-mapping.md,None
230830,LFP,1,133,5,V4,V4,Visual,metadata_resolved_equal_segment,estimated_from_channel,session-area-mapping.md,None
230830,LFP,1,134,6,V4,V4,Visual,metadata_resolved_equal_segment,estimated_from_channel,session-area-mapping.md,None
230830,LFP,1,135,7,V4,V4,Visual,metadata_resolved_equal_segment,estimated_from_channel,session-area-mapping.md,None
230830,LFP,1,136,8,V4,V4,Visual,metadata_resolved_equal_segment,estimated_from_channel,session-area-mapping.md,None
230830,LFP,1,137,9,V4,V4,Visual,metadata_resolved_equal_segment,estimated_from_channel,session-area-mapping.md,None
230830,LFP,1,138,10,V4,V4,Visual,metadata_resolved_equal_segment,estimated_from_channel,session-area-mapping.md,None
230830,LFP,1,139,11,V4,V4,Visual,metadata_resolved_equal_segment,estimated_from_channel,session-area-mapping.md,None
230830,LFP,1,140,12,V4,V4,Visual,metadata_resolved_equal_segment,estimated_from_channel,session-area-mapping.md,None
230830,LFP,1,141,13,V4,V4,Visual,metadata_resolved_equal_segment,estimated_from_channel,session-area-mapping.md,None
230830,LFP,1,142,14,V4,V4,Visual,metadata_resolved_equal_segment,estimated_from_channel,session-area-mapping.md,None
230830,LFP,1,143,15,V4,V4,Visual,metadata_resolved_equal_segment,estimated_from_channel,session-area-mapping.md,None
230830,LFP,1,144,16,V4,V4,Visual,metadata_resolved_equal_segment,estimated_from_channel,session-area-mapping.md,None
230830,LFP,1,145,17,V4,V4,Visual,metadata_resolved_equal_segment,estimated_from_channel,session-area-mapping.md,None
230830,LFP,1,146,18,V4,V4,Visual,metadata_resolved_equal_segment,estimated_from_channel,session-area-mapping.md,None
230830,LFP,1,147,19,V4,V4,Visual,metadata_resolved_equal_segment,estimated_from_channel,session-area-mapping.md,None
230830,LFP,1,148,20,V4,V4,Visual,metadata_resolved_equal_segment,estimated_from_channel,session-area-mapping.md,None
230830,LFP,1,149,21,V4,V4,Visual,metadata_resolved_equal_segment,estimated_from_channel,session-area-mapping.md,None
230830,LFP,1,150,22,V4,V4,Visual,metadata_resolved_equal_segment,estimated_from_channel,session-area-mapping.md,None
230830,LFP,1,151,23,V4,V4,Visual,metadata_resolved_equal_segment,estimated_from_channel,session-area-mapping.md,None
230830,LFP,1,152,24,V4,V4,Visual,metadata_resolved_equal_segment,estimated_from_channel,session-area-mapping.md,None
230830,LFP,1,153,25,V4,V4,Visual,metadata_resolved_equal_segment,estimated_from_channel,session-area-mapping.md,None
230830,LFP,1,154,26,V4,V4,Visual,metadata_resolved_equal_segment,estimated_from_channel,session-area-mapping.md,None
230830,LFP,1,155,27,V4,V4,Visual,metadata_resolved_equal_segment,estimated_from_channel,session-area-mapping.md,None
230830,LFP,1,156,28,V4,V4,Visual,metadata_resolved_equal_segment,estimated_from_channel,session-area-mapping.md,None
230830,LFP,1,157,29,V4,V4,Visual,metadata_resolved_equal_segment,estimated_from_channel,session-area-mapping.md,None
230830,LFP,1,158,30,V4,V4,Visual,metadata_resolved_equal_segment,estimated_from_channel,session-area-mapping.md,None
230830,LFP,1,159,31,V4,V4,Visual,metadata_resolved_equal_segment,estimated_from_channel,session-area-mapping.md,None
230830,LFP,1,160,32,V4,V4,Visual,metadata_resolved_equal_segment,estimated_from_channel,session-area-mapping.md,None
230830,LFP,1,161,33,V4,V4,Visual,metadata_resolved_equal_segment,estimated_from_channel,session-area-mapping.md,None
230830,LFP,1,162,34,V4,V4,Visual,metadata_resolved_equal_segment,estimated_from_channel,session-area-mapping.md,None
230830,LFP,1,163,35,V4,V4,Visual,metadata_resolved_equal_segment,estimated_from_channel,session-area-mapping.md,None
230830,LFP,1,164,36,V4,V4,Visual,metadata_resolved_equal_segment,estimated_from_channel,session-area-mapping.md,None
230830,LFP,1,165,37,V4,V4,Visual,metadata_resolved_equal_segment,estimated_from_channel,session-area-mapping.md,None
230830,LFP,1,166,38,V4,V4,Visual,metadata_resolved_equal_segment,estimated_from_channel,session-area-mapping.md,None
230830,LFP,1,167,39,V4,V4,Visual,metadata_resolved_equal_segment,estimated_from_channel,session-area-mapping.md,None
230830,LFP,1,168,40,V4,V4,Visual,metadata_resolved_equal_segment,estimated_from_channel,session-area-mapping.md,None
230830,LFP,1,169,41,V4,V4,Visual,metadata_resolved_equal_segment,estimated_from_channel,session-area-mapping.md,None
230830,LFP,1,170,42,V4,V4,Visual,metadata_resolved_equal_segment,estimated_from_channel,session-area-mapping.md,None
230830,LFP,1,171,43,V4,V4,Visual,metadata_resolved_equal_segment,estimated_from_channel,session-area-mapping.md,None
230830,LFP,1,172,44,V4,V4,Visual,metadata_resolved_equal_segment,estimated_from_channel,session-area-mapping.md,None
230830,LFP,1,173,45,V4,V4,Visual,metadata_resolved_equal_segment,estimated_from_channel,session-area-mapping.md,None
230830,LFP,1,174,46,V4,V4,Visual,metadata_resolved_equal_segment,estimated_from_channel,session-area-mapping.md,None
230830,LFP,1,175,47,V4,V4,Visual,metadata_resolved_equal_segment,estimated_from_channel,session-area-mapping.md,None
230830,LFP,1,176,48,V4,V4,Visual,metadata_resolved_equal_segment,estimated_from_channel,session-area-mapping.md,None
230830,LFP,1,177,49,V4,V4,Visual,metadata_resolved_equal_segment,estimated_from_channel,session-area-mapping.md,None
230830,LFP,1,178,50,V4,V4,Visual,metadata_resolved_equal_segment,estimated_from_channel,session-area-mapping.md,None
230830,LFP,1,179,51,V4,V4,Visual,metadata_resolved_equal_segment,estimated_from_channel,session-area-mapping.md,None
230830,LFP,1,180,52,V4,V4,Visual,metadata_resolved_equal_segment,estimated_from_channel,session-area-mapping.md,None
230830,LFP,1,181,53,V4,V4,Visual,metadata_resolved_equal_segment,estimated_from_channel,session-area-mapping.md,None
230830,LFP,1,182,54,V4,V4,Visual,metadata_resolved_equal_segment,estimated_from_channel,session-area-mapping.md,None
230830,LFP,1,183,55,V4,V4,Visual,metadata_resolved_equal_segment,estimated_from_channel,session-area-mapping.md,None
230830,LFP,1,184,56,V4,V4,Visual,metadata_resolved_equal_segment,estimated_from_channel,session-area-mapping.md,None
230830,LFP,1,185,57,V4,V4,Visual,metadata_resolved_equal_segment,estimated_from_channel,session-area-mapping.md,None
230830,LFP,1,186,58,V4,V4,Visual,metadata_resolved_equal_segment,estimated_from_channel,session-area-mapping.md,None
230830,LFP,1,187,59,V4,V4,Visual,metadata_resolved_equal_segment,estimated_from_channel,session-area-mapping.md,None
230830,LFP,1,188,60,V4,V4,Visual,metadata_resolved_equal_segment,estimated_from_channel,session-area-mapping.md,None
230830,LFP,1,189,61,V4,V4,Visual,metadata_resolved_equal_segment,estimated_from_channel,session-area-mapping.md,None
230830,LFP,1,190,62,V4,V4,Visual,metadata_resolved_equal_segment,estimated_from_channel,session-area-mapping.md,None
230830,LFP,1,191,63,V4,V4,Visual,metadata_resolved_equal_segment,estimated_from_channel,session-area-mapping.md,None
230830,LFP,1,192,64,MT,MT,Visual,metadata_resolved_equal_segment,estimated_from_channel,session-area-mapping.md,None
230830,LFP,1,193,65,MT,MT,Visual,metadata_resolved_equal_segment,estimated_from_channel,session-area-mapping.md,None
230830,LFP,1,194,66,MT,MT,Visual,metadata_resolved_equal_segment,estimated_from_channel,session-area-mapping.md,None
230830,LFP,1,195,67,MT,MT,Visual,metadata_resolved_equal_segment,estimated_from_channel,session-area-mapping.md,None
230830,LFP,1,196,68,MT,MT,Visual,metadata_resolved_equal_segment,estimated_from_channel,session-area-mapping.md,None
230830,LFP,1,197,69,MT,MT,Visual,metadata_resolved_equal_segment,estimated_from_channel,session-area-mapping.md,None
230830,LFP,1,198,70,MT,MT,Visual,metadata_resolved_equal_segment,estimated_from_channel,session-area-mapping.md,None
230830,LFP,1,199,71,MT,MT,Visual,metadata_resolved_equal_segment,estimated_from_channel,session-area-mapping.md,None
230830,LFP,1,200,72,MT,MT,Visual,metadata_resolved_equal_segment,estimated_from_channel,session-area-mapping.md,None
230830,LFP,1,201,73,MT,MT,Visual,metadata_resolved_equal_segment,estimated_from_channel,session-area-mapping.md,None
230830,LFP,1,202,74,MT,MT,Visual,metadata_resolved_equal_segment,estimated_from_channel,session-area-mapping.md,None
230830,LFP,1,203,75,MT,MT,Visual,metadata_resolved_equal_segment,estimated_from_channel,session-area-mapping.md,None
230830,LFP,1,204,76,MT,MT,Visual,metadata_resolved_equal_segment,estimated_from_channel,session-area-mapping.md,None
230830,LFP,1,205,77,MT,MT,Visual,metadata_resolved_equal_segment,estimated_from_channel,session-area-mapping.md,None
230830,LFP,1,206,78,MT,MT,Visual,metadata_resolved_equal_segment,estimated_from_channel,session-area-mapping.md,None
230830,LFP,1,207,79,MT,MT,Visual,metadata_resolved_equal_segment,estimated_from_channel,session-area-mapping.md,None
230830,LFP,1,208,80,MT,MT,Visual,metadata_resolved_equal_segment,estimated_from_channel,session-area-mapping.md,None
230830,LFP,1,209,81,MT,MT,Visual,metadata_resolved_equal_segment,estimated_from_channel,session-area-mapping.md,None
230830,LFP,1,210,82,MT,MT,Visual,metadata_resolved_equal_segment,estimated_from_channel,session-area-mapping.md,None
230830,LFP,1,211,83,MT,MT,Visual,metadata_resolved_equal_segment,estimated_from_channel,session-area-mapping.md,None
230830,LFP,1,212,84,MT,MT,Visual,metadata_resolved_equal_segment,estimated_from_channel,session-area-mapping.md,None
230830,LFP,1,213,85,MT,MT,Visual,metadata_resolved_equal_segment,estimated_from_channel,session-area-mapping.md,None
230830,LFP,1,214,86,MT,MT,Visual,metadata_resolved_equal_segment,estimated_from_channel,session-area-mapping.md,None
230830,LFP,1,215,87,MT,MT,Visual,metadata_resolved_equal_segment,estimated_from_channel,session-area-mapping.md,None
230830,LFP,1,216,88,MT,MT,Visual,metadata_resolved_equal_segment,estimated_from_channel,session-area-mapping.md,None
230830,LFP,1,217,89,MT,MT,Visual,metadata_resolved_equal_segment,estimated_from_channel,session-area-mapping.md,None
230830,LFP,1,218,90,MT,MT,Visual,metadata_resolved_equal_segment,estimated_from_channel,session-area-mapping.md,None
230830,LFP,1,219,91,MT,MT,Visual,metadata_resolved_equal_segment,estimated_from_channel,session-area-mapping.md,None
230830,LFP,1,220,92,MT,MT,Visual,metadata_resolved_equal_segment,estimated_from_channel,session-area-mapping.md,None
230830,LFP,1,221,93,MT,MT,Visual,metadata_resolved_equal_segment,estimated_from_channel,session-area-mapping.md,None
230830,LFP,1,222,94,MT,MT,Visual,metadata_resolved_equal_segment,estimated_from_channel,session-area-mapping.md,None
230830,LFP,1,223,95,MT,MT,Visual,metadata_resolved_equal_segment,estimated_from_channel,session-area-mapping.md,None
230830,LFP,1,224,96,MT,MT,Visual,metadata_resolved_equal_segment,estimated_from_channel,session-area-mapping.md,None
230830,LFP,1,225,97,MT,MT,Visual,metadata_resolved_equal_segment,estimated_from_channel,session-area-mapping.md,None
230830,LFP,1,226,98,MT,MT,Visual,metadata_resolved_equal_segment,estimated_from_channel,session-area-mapping.md,None
230830,LFP,1,227,99,MT,MT,Visual,metadata_resolved_equal_segment,estimated_from_channel,session-area-mapping.md,None
230830,LFP,1,228,100,MT,MT,Visual,metadata_resolved_equal_segment,estimated_from_channel,session-area-mapping.md,None
230830,LFP,1,229,101,MT,MT,Visual,metadata_resolved_equal_segment,estimated_from_channel,session-area-mapping.md,None
230830,LFP,1,230,102,MT,MT,Visual,metadata_resolved_equal_segment,estimated_from_channel,session-area-mapping.md,None
230830,LFP,1,231,103,MT,MT,Visual,metadata_resolved_equal_segment,estimated_from_channel,session-area-mapping.md,None
230830,LFP,1,232,104,MT,MT,Visual,metadata_resolved_equal_segment,estimated_from_channel,session-area-mapping.md,None
230830,LFP,1,233,105,MT,MT,Visual,metadata_resolved_equal_segment,estimated_from_channel,session-area-mapping.md,None
230830,LFP,1,234,106,MT,MT,Visual,metadata_resolved_equal_segment,estimated_from_channel,session-area-mapping.md,None
230830,LFP,1,235,107,MT,MT,Visual,metadata_resolved_equal_segment,estimated_from_channel,session-area-mapping.md,None
230830,LFP,1,236,108,MT,MT,Visual,metadata_resolved_equal_segment,estimated_from_channel,session-area-mapping.md,None
230830,LFP,1,237,109,MT,MT,Visual,metadata_resolved_equal_segment,estimated_from_channel,session-area-mapping.md,None
230830,LFP,1,238,110,MT,MT,Visual,metadata_resolved_equal_segment,estimated_from_channel,session-area-mapping.md,None
230830,LFP,1,239,111,MT,MT,Visual,metadata_resolved_equal_segment,estimated_from_channel,session-area-mapping.md,None
230830,LFP,1,240,112,MT,MT,Visual,metadata_resolved_equal_segment,estimated_from_channel,session-area-mapping.md,None
230830,LFP,1,241,113,MT,MT,Visual,metadata_resolved_equal_segment,estimated_from_channel,session-area-mapping.md,None
230830,LFP,1,242,114,MT,MT,Visual,metadata_resolved_equal_segment,estimated_from_channel,session-area-mapping.md,None
230830,LFP,1,243,115,MT,MT,Visual,metadata_resolved_equal_segment,estimated_from_channel,session-area-mapping.md,None
230830,LFP,1,244,116,MT,MT,Visual,metadata_resolved_equal_segment,estimated_from_channel,session-area-mapping.md,None
230830,LFP,1,245,117,MT,MT,Visual,metadata_resolved_equal_segment,estimated_from_channel,session-area-mapping.md,None
230830,LFP,1,246,118,MT,MT,Visual,metadata_resolved_equal_segment,estimated_from_channel,session-area-mapping.md,None
230830,LFP,1,247,119,MT,MT,Visual,metadata_resolved_equal_segment,estimated_from_channel,session-area-mapping.md,None
230830,LFP,1,248,120,MT,MT,Visual,metadata_resolved_equal_segment,estimated_from_channel,session-area-mapping.md,None
230830,LFP,1,249,121,MT,MT,Visual,metadata_resolved_equal_segment,estimated_from_channel,session-area-mapping.md,None
230830,LFP,1,250,122,MT,MT,Visual,metadata_resolved_equal_segment,estimated_from_channel,session-area-mapping.md,None
230830,LFP,1,251,123,MT,MT,Visual,metadata_resolved_equal_segment,estimated_from_channel,session-area-mapping.md,None
230830,LFP,1,252,124,MT,MT,Visual,metadata_resolved_equal_segment,estimated_from_channel,session-area-mapping.md,None
230830,LFP,1,253,125,MT,MT,Visual,metadata_resolved_equal_segment,estimated_from_channel,session-area-mapping.md,None
230830,LFP,1,254,126,MT,MT,Visual,metadata_resolved_equal_segment,estimated_from_channel,session-area-mapping.md,None
230830,LFP,1,255,127,MT,MT,Visual,metadata_resolved_equal_segment,estimated_from_channel,session-area-mapping.md,None
230830,LFP,2,256,0,V1,V1,Visual,metadata_resolved_equal_segment,estimated_from_channel,session-area-mapping.md,None
230830,LFP,2,257,1,V1,V1,Visual,metadata_resolved_equal_segment,estimated_from_channel,session-area-mapping.md,None
230830,LFP,2,258,2,V1,V1,Visual,metadata_resolved_equal_segment,estimated_from_channel,session-area-mapping.md,None
230830,LFP,2,259,3,V1,V1,Visual,metadata_resolved_equal_segment,estimated_from_channel,session-area-mapping.md,None
230830,LFP,2,260,4,V1,V1,Visual,metadata_resolved_equal_segment,estimated_from_channel,session-area-mapping.md,None
230830,LFP,2,261,5,V1,V1,Visual,metadata_resolved_equal_segment,estimated_from_channel,session-area-mapping.md,None
230830,LFP,2,262,6,V1,V1,Visual,metadata_resolved_equal_segment,estimated_from_channel,session-area-mapping.md,None
230830,LFP,2,263,7,V1,V1,Visual,metadata_resolved_equal_segment,estimated_from_channel,session-area-mapping.md,None
230830,LFP,2,264,8,V1,V1,Visual,metadata_resolved_equal_segment,estimated_from_channel,session-area-mapping.md,None
230830,LFP,2,265,9,V1,V1,Visual,metadata_resolved_equal_segment,estimated_from_channel,session-area-mapping.md,None
230830,LFP,2,266,10,V1,V1,Visual,metadata_resolved_equal_segment,estimated_from_channel,session-area-mapping.md,None
230830,LFP,2,267,11,V1,V1,Visual,metadata_resolved_equal_segment,estimated_from_channel,session-area-mapping.md,None
230830,LFP,2,268,12,V1,V1,Visual,metadata_resolved_equal_segment,estimated_from_channel,session-area-mapping.md,None
230830,LFP,2,269,13,V1,V1,Visual,metadata_resolved_equal_segment,estimated_from_channel,session-area-mapping.md,None
230830,LFP,2,270,14,V1,V1,Visual,metadata_resolved_equal_segment,estimated_from_channel,session-area-mapping.md,None
230830,LFP,2,271,15,V1,V1,Visual,metadata_resolved_equal_segment,estimated_from_channel,session-area-mapping.md,None
230830,LFP,2,272,16,V1,V1,Visual,metadata_resolved_equal_segment,estimated_from_channel,session-area-mapping.md,None
230830,LFP,2,273,17,V1,V1,Visual,metadata_resolved_equal_segment,estimated_from_channel,session-area-mapping.md,None
230830,LFP,2,274,18,V1,V1,Visual,metadata_resolved_equal_segment,estimated_from_channel,session-area-mapping.md,None
230830,LFP,2,275,19,V1,V1,Visual,metadata_resolved_equal_segment,estimated_from_channel,session-area-mapping.md,None
230830,LFP,2,276,20,V1,V1,Visual,metadata_resolved_equal_segment,estimated_from_channel,session-area-mapping.md,None
230830,LFP,2,277,21,V1,V1,Visual,metadata_resolved_equal_segment,estimated_from_channel,session-area-mapping.md,None
230830,LFP,2,278,22,V1,V1,Visual,metadata_resolved_equal_segment,estimated_from_channel,session-area-mapping.md,None
230830,LFP,2,279,23,V1,V1,Visual,metadata_resolved_equal_segment,estimated_from_channel,session-area-mapping.md,None
230830,LFP,2,280,24,V1,V1,Visual,metadata_resolved_equal_segment,estimated_from_channel,session-area-mapping.md,None
230830,LFP,2,281,25,V1,V1,Visual,metadata_resolved_equal_segment,estimated_from_channel,session-area-mapping.md,None
230830,LFP,2,282,26,V1,V1,Visual,metadata_resolved_equal_segment,estimated_from_channel,session-area-mapping.md,None
230830,LFP,2,283,27,V1,V1,Visual,metadata_resolved_equal_segment,estimated_from_channel,session-area-mapping.md,None
230830,LFP,2,284,28,V1,V1,Visual,metadata_resolved_equal_segment,estimated_from_channel,session-area-mapping.md,None
230830,LFP,2,285,29,V1,V1,Visual,metadata_resolved_equal_segment,estimated_from_channel,session-area-mapping.md,None
230830,LFP,2,286,30,V1,V1,Visual,metadata_resolved_equal_segment,estimated_from_channel,session-area-mapping.md,None
230830,LFP,2,287,31,V1,V1,Visual,metadata_resolved_equal_segment,estimated_from_channel,session-area-mapping.md,None
230830,LFP,2,288,32,V1,V1,Visual,metadata_resolved_equal_segment,estimated_from_channel,session-area-mapping.md,None
230830,LFP,2,289,33,V1,V1,Visual,metadata_resolved_equal_segment,estimated_from_channel,session-area-mapping.md,None
230830,LFP,2,290,34,V1,V1,Visual,metadata_resolved_equal_segment,estimated_from_channel,session-area-mapping.md,None
230830,LFP,2,291,35,V1,V1,Visual,metadata_resolved_equal_segment,estimated_from_channel,session-area-mapping.md,None
230830,LFP,2,292,36,V1,V1,Visual,metadata_resolved_equal_segment,estimated_from_channel,session-area-mapping.md,None
230830,LFP,2,293,37,V1,V1,Visual,metadata_resolved_equal_segment,estimated_from_channel,session-area-mapping.md,None
230830,LFP,2,294,38,V1,V1,Visual,metadata_resolved_equal_segment,estimated_from_channel,session-area-mapping.md,None
230830,LFP,2,295,39,V1,V1,Visual,metadata_resolved_equal_segment,estimated_from_channel,session-area-mapping.md,None
230830,LFP,2,296,40,V1,V1,Visual,metadata_resolved_equal_segment,estimated_from_channel,session-area-mapping.md,None
230830,LFP,2,297,41,V1,V1,Visual,metadata_resolved_equal_segment,estimated_from_channel,session-area-mapping.md,None
230830,LFP,2,298,42,V1,V1,Visual,metadata_resolved_equal_segment,estimated_from_channel,session-area-mapping.md,None
230830,LFP,2,299,43,V1,V1,Visual,metadata_resolved_equal_segment,estimated_from_channel,session-area-mapping.md,None
230830,LFP,2,300,44,V1,V1,Visual,metadata_resolved_equal_segment,estimated_from_channel,session-area-mapping.md,None
230830,LFP,2,301,45,V1,V1,Visual,metadata_resolved_equal_segment,estimated_from_channel,session-area-mapping.md,None
230830,LFP,2,302,46,V1,V1,Visual,metadata_resolved_equal_segment,estimated_from_channel,session-area-mapping.md,None
230830,LFP,2,303,47,V1,V1,Visual,metadata_resolved_equal_segment,estimated_from_channel,session-area-mapping.md,None
230830,LFP,2,304,48,V1,V1,Visual,metadata_resolved_equal_segment,estimated_from_channel,session-area-mapping.md,None
230830,LFP,2,305,49,V1,V1,Visual,metadata_resolved_equal_segment,estimated_from_channel,session-area-mapping.md,None
230830,LFP,2,306,50,V1,V1,Visual,metadata_resolved_equal_segment,estimated_from_channel,session-area-mapping.md,None
230830,LFP,2,307,51,V1,V1,Visual,metadata_resolved_equal_segment,estimated_from_channel,session-area-mapping.md,None
230830,LFP,2,308,52,V1,V1,Visual,metadata_resolved_equal_segment,estimated_from_channel,session-area-mapping.md,None
230830,LFP,2,309,53,V1,V1,Visual,metadata_resolved_equal_segment,estimated_from_channel,session-area-mapping.md,None
230830,LFP,2,310,54,V1,V1,Visual,metadata_resolved_equal_segment,estimated_from_channel,session-area-mapping.md,None
230830,LFP,2,311,55,V1,V1,Visual,metadata_resolved_equal_segment,estimated_from_channel,session-area-mapping.md,None
230830,LFP,2,312,56,V1,V1,Visual,metadata_resolved_equal_segment,estimated_from_channel,session-area-mapping.md,None
230830,LFP,2,313,57,V1,V1,Visual,metadata_resolved_equal_segment,estimated_from_channel,session-area-mapping.md,None
230830,LFP,2,314,58,V1,V1,Visual,metadata_resolved_equal_segment,estimated_from_channel,session-area-mapping.md,None
230830,LFP,2,315,59,V1,V1,Visual,metadata_resolved_equal_segment,estimated_from_channel,session-area-mapping.md,None
230830,LFP,2,316,60,V1,V1,Visual,metadata_resolved_equal_segment,estimated_from_channel,session-area-mapping.md,None
230830,LFP,2,317,61,V1,V1,Visual,metadata_resolved_equal_segment,estimated_from_channel,session-area-mapping.md,None
230830,LFP,2,318,62,V1,V1,Visual,metadata_resolved_equal_segment,estimated_from_channel,session-area-mapping.md,None
230830,LFP,2,319,63,V1,V1,Visual,metadata_resolved_equal_segment,estimated_from_channel,session-area-mapping.md,None
230830,LFP,2,320,64,V3,V3,Visual,unresolved_generic_v3,estimated_from_channel,session-area-mapping.md,None
230830,LFP,2,321,65,V3,V3,Visual,unresolved_generic_v3,estimated_from_channel,session-area-mapping.md,None
230830,LFP,2,322,66,V3,V3,Visual,unresolved_generic_v3,estimated_from_channel,session-area-mapping.md,None
230830,LFP,2,323,67,V3,V3,Visual,unresolved_generic_v3,estimated_from_channel,session-area-mapping.md,None
230830,LFP,2,324,68,V3,V3,Visual,unresolved_generic_v3,estimated_from_channel,session-area-mapping.md,None
230830,LFP,2,325,69,V3,V3,Visual,unresolved_generic_v3,estimated_from_channel,session-area-mapping.md,None
230830,LFP,2,326,70,V3,V3,Visual,unresolved_generic_v3,estimated_from_channel,session-area-mapping.md,None
230830,LFP,2,327,71,V3,V3,Visual,unresolved_generic_v3,estimated_from_channel,session-area-mapping.md,None
230830,LFP,2,328,72,V3,V3,Visual,unresolved_generic_v3,estimated_from_channel,session-area-mapping.md,None
230830,LFP,2,329,73,V3,V3,Visual,unresolved_generic_v3,estimated_from_channel,session-area-mapping.md,None
230830,LFP,2,330,74,V3,V3,Visual,unresolved_generic_v3,estimated_from_channel,session-area-mapping.md,None
230830,LFP,2,331,75,V3,V3,Visual,unresolved_generic_v3,estimated_from_channel,session-area-mapping.md,None
230830,LFP,2,332,76,V3,V3,Visual,unresolved_generic_v3,estimated_from_channel,session-area-mapping.md,None
230830,LFP,2,333,77,V3,V3,Visual,unresolved_generic_v3,estimated_from_channel,session-area-mapping.md,None
230830,LFP,2,334,78,V3,V3,Visual,unresolved_generic_v3,estimated_from_channel,session-area-mapping.md,None
230830,LFP,2,335,79,V3,V3,Visual,unresolved_generic_v3,estimated_from_channel,session-area-mapping.md,None
230830,LFP,2,336,80,V3,V3,Visual,unresolved_generic_v3,estimated_from_channel,session-area-mapping.md,None
230830,LFP,2,337,81,V3,V3,Visual,unresolved_generic_v3,estimated_from_channel,session-area-mapping.md,None
230830,LFP,2,338,82,V3,V3,Visual,unresolved_generic_v3,estimated_from_channel,session-area-mapping.md,None
230830,LFP,2,339,83,V3,V3,Visual,unresolved_generic_v3,estimated_from_channel,session-area-mapping.md,None
230830,LFP,2,340,84,V3,V3,Visual,unresolved_generic_v3,estimated_from_channel,session-area-mapping.md,None
230830,LFP,2,341,85,V3,V3,Visual,unresolved_generic_v3,estimated_from_channel,session-area-mapping.md,None
230830,LFP,2,342,86,V3,V3,Visual,unresolved_generic_v3,estimated_from_channel,session-area-mapping.md,None
230830,LFP,2,343,87,V3,V3,Visual,unresolved_generic_v3,estimated_from_channel,session-area-mapping.md,None
230830,LFP,2,344,88,V3,V3,Visual,unresolved_generic_v3,estimated_from_channel,session-area-mapping.md,None
230830,LFP,2,345,89,V3,V3,Visual,unresolved_generic_v3,estimated_from_channel,session-area-mapping.md,None
230830,LFP,2,346,90,V3,V3,Visual,unresolved_generic_v3,estimated_from_channel,session-area-mapping.md,None
230830,LFP,2,347,91,V3,V3,Visual,unresolved_generic_v3,estimated_from_channel,session-area-mapping.md,None
230830,LFP,2,348,92,V3,V3,Visual,unresolved_generic_v3,estimated_from_channel,session-area-mapping.md,None
230830,LFP,2,349,93,V3,V3,Visual,unresolved_generic_v3,estimated_from_channel,session-area-mapping.md,None
230830,LFP,2,350,94,V3,V3,Visual,unresolved_generic_v3,estimated_from_channel,session-area-mapping.md,None
230830,LFP,2,351,95,V3,V3,Visual,unresolved_generic_v3,estimated_from_channel,session-area-mapping.md,None
230830,LFP,2,352,96,V3,V3,Visual,unresolved_generic_v3,estimated_from_channel,session-area-mapping.md,None
230830,LFP,2,353,97,V3,V3,Visual,unresolved_generic_v3,estimated_from_channel,session-area-mapping.md,None
230830,LFP,2,354,98,V3,V3,Visual,unresolved_generic_v3,estimated_from_channel,session-area-mapping.md,None
230830,LFP,2,355,99,V3,V3,Visual,unresolved_generic_v3,estimated_from_channel,session-area-mapping.md,None
230830,LFP,2,356,100,V3,V3,Visual,unresolved_generic_v3,estimated_from_channel,session-area-mapping.md,None
230830,LFP,2,357,101,V3,V3,Visual,unresolved_generic_v3,estimated_from_channel,session-area-mapping.md,None
230830,LFP,2,358,102,V3,V3,Visual,unresolved_generic_v3,estimated_from_channel,session-area-mapping.md,None
230830,LFP,2,359,103,V3,V3,Visual,unresolved_generic_v3,estimated_from_channel,session-area-mapping.md,None
230830,LFP,2,360,104,V3,V3,Visual,unresolved_generic_v3,estimated_from_channel,session-area-mapping.md,None
230830,LFP,2,361,105,V3,V3,Visual,unresolved_generic_v3,estimated_from_channel,session-area-mapping.md,None
230830,LFP,2,362,106,V3,V3,Visual,unresolved_generic_v3,estimated_from_channel,session-area-mapping.md,None
230830,LFP,2,363,107,V3,V3,Visual,unresolved_generic_v3,estimated_from_channel,session-area-mapping.md,None
230830,LFP,2,364,108,V3,V3,Visual,unresolved_generic_v3,estimated_from_channel,session-area-mapping.md,None
230830,LFP,2,365,109,V3,V3,Visual,unresolved_generic_v3,estimated_from_channel,session-area-mapping.md,None
230830,LFP,2,366,110,V3,V3,Visual,unresolved_generic_v3,estimated_from_channel,session-area-mapping.md,None
230830,LFP,2,367,111,V3,V3,Visual,unresolved_generic_v3,estimated_from_channel,session-area-mapping.md,None
230830,LFP,2,368,112,V3,V3,Visual,unresolved_generic_v3,estimated_from_channel,session-area-mapping.md,None
230830,LFP,2,369,113,V3,V3,Visual,unresolved_generic_v3,estimated_from_channel,session-area-mapping.md,None
230830,LFP,2,370,114,V3,V3,Visual,unresolved_generic_v3,estimated_from_channel,session-area-mapping.md,None
230830,LFP,2,371,115,V3,V3,Visual,unresolved_generic_v3,estimated_from_channel,session-area-mapping.md,None
230830,LFP,2,372,116,V3,V3,Visual,unresolved_generic_v3,estimated_from_channel,session-area-mapping.md,None
230830,LFP,2,373,117,V3,V3,Visual,unresolved_generic_v3,estimated_from_channel,session-area-mapping.md,None
230830,LFP,2,374,118,V3,V3,Visual,unresolved_generic_v3,estimated_from_channel,session-area-mapping.md,None
230830,LFP,2,375,119,V3,V3,Visual,unresolved_generic_v3,estimated_from_channel,session-area-mapping.md,None
230830,LFP,2,376,120,V3,V3,Visual,unresolved_generic_v3,estimated_from_channel,session-area-mapping.md,None
230830,LFP,2,377,121,V3,V3,Visual,unresolved_generic_v3,estimated_from_channel,session-area-mapping.md,None
230830,LFP,2,378,122,V3,V3,Visual,unresolved_generic_v3,estimated_from_channel,session-area-mapping.md,None
230830,LFP,2,379,123,V3,V3,Visual,unresolved_generic_v3,estimated_from_channel,session-area-mapping.md,None
230830,LFP,2,380,124,V3,V3,Visual,unresolved_generic_v3,estimated_from_channel,session-area-mapping.md,None
230830,LFP,2,381,125,V3,V3,Visual,unresolved_generic_v3,estimated_from_channel,session-area-mapping.md,None
230830,LFP,2,382,126,V3,V3,Visual,unresolved_generic_v3,estimated_from_channel,session-area-mapping.md,None
230830,LFP,2,383,127,V3,V3,Visual,unresolved_generic_v3,estimated_from_channel,session-area-mapping.md,None
230831,LFP,0,0,0,FEF,FEF,Frontal,metadata_resolved_equal_segment,estimated_from_channel,session-area-mapping.md,None
230831,LFP,0,1,1,FEF,FEF,Frontal,metadata_resolved_equal_segment,estimated_from_channel,session-area-mapping.md,None
230831,LFP,0,2,2,FEF,FEF,Frontal,metadata_resolved_equal_segment,estimated_from_channel,session-area-mapping.md,None
230831,LFP,0,3,3,FEF,FEF,Frontal,metadata_resolved_equal_segment,estimated_from_channel,session-area-mapping.md,None
230831,LFP,0,4,4,FEF,FEF,Frontal,metadata_resolved_equal_segment,estimated_from_channel,session-area-mapping.md,None
230831,LFP,0,5,5,FEF,FEF,Frontal,metadata_resolved_equal_segment,estimated_from_channel,session-area-mapping.md,None
230831,LFP,0,6,6,FEF,FEF,Frontal,metadata_resolved_equal_segment,estimated_from_channel,session-area-mapping.md,None
230831,LFP,0,7,7,FEF,FEF,Frontal,metadata_resolved_equal_segment,estimated_from_channel,session-area-mapping.md,None
230831,LFP,0,8,8,FEF,FEF,Frontal,metadata_resolved_equal_segment,estimated_from_channel,session-area-mapping.md,None
230831,LFP,0,9,9,FEF,FEF,Frontal,metadata_resolved_equal_segment,estimated_from_channel,session-area-mapping.md,None
230831,LFP,0,10,10,FEF,FEF,Frontal,metadata_resolved_equal_segment,estimated_from_channel,session-area-mapping.md,None
230831,LFP,0,11,11,FEF,FEF,Frontal,metadata_resolved_equal_segment,estimated_from_channel,session-area-mapping.md,None
230831,LFP,0,12,12,FEF,FEF,Frontal,metadata_resolved_equal_segment,estimated_from_channel,session-area-mapping.md,None
230831,LFP,0,13,13,FEF,FEF,Frontal,metadata_resolved_equal_segment,estimated_from_channel,session-area-mapping.md,None
230831,LFP,0,14,14,FEF,FEF,Frontal,metadata_resolved_equal_segment,estimated_from_channel,session-area-mapping.md,None
230831,LFP,0,15,15,FEF,FEF,Frontal,metadata_resolved_equal_segment,estimated_from_channel,session-area-mapping.md,None
230831,LFP,0,16,16,FEF,FEF,Frontal,metadata_resolved_equal_segment,estimated_from_channel,session-area-mapping.md,None
230831,LFP,0,17,17,FEF,FEF,Frontal,metadata_resolved_equal_segment,estimated_from_channel,session-area-mapping.md,None
230831,LFP,0,18,18,FEF,FEF,Frontal,metadata_resolved_equal_segment,estimated_from_channel,session-area-mapping.md,None
230831,LFP,0,19,19,FEF,FEF,Frontal,metadata_resolved_equal_segment,estimated_from_channel,session-area-mapping.md,None
230831,LFP,0,20,20,FEF,FEF,Frontal,metadata_resolved_equal_segment,estimated_from_channel,session-area-mapping.md,None
230831,LFP,0,21,21,FEF,FEF,Frontal,metadata_resolved_equal_segment,estimated_from_channel,session-area-mapping.md,None
230831,LFP,0,22,22,FEF,FEF,Frontal,metadata_resolved_equal_segment,estimated_from_channel,session-area-mapping.md,None
230831,LFP,0,23,23,FEF,FEF,Frontal,metadata_resolved_equal_segment,estimated_from_channel,session-area-mapping.md,None
230831,LFP,0,24,24,FEF,FEF,Frontal,metadata_resolved_equal_segment,estimated_from_channel,session-area-mapping.md,None
230831,LFP,0,25,25,FEF,FEF,Frontal,metadata_resolved_equal_segment,estimated_from_channel,session-area-mapping.md,None
230831,LFP,0,26,26,FEF,FEF,Frontal,metadata_resolved_equal_segment,estimated_from_channel,session-area-mapping.md,None
230831,LFP,0,27,27,FEF,FEF,Frontal,metadata_resolved_equal_segment,estimated_from_channel,session-area-mapping.md,None
230831,LFP,0,28,28,FEF,FEF,Frontal,metadata_resolved_equal_segment,estimated_from_channel,session-area-mapping.md,None
230831,LFP,0,29,29,FEF,FEF,Frontal,metadata_resolved_equal_segment,estimated_from_channel,session-area-mapping.md,None
230831,LFP,0,30,30,FEF,FEF,Frontal,metadata_resolved_equal_segment,estimated_from_channel,session-area-mapping.md,None
230831,LFP,0,31,31,FEF,FEF,Frontal,metadata_resolved_equal_segment,estimated_from_channel,session-area-mapping.md,None
230831,LFP,0,32,32,FEF,FEF,Frontal,metadata_resolved_equal_segment,estimated_from_channel,session-area-mapping.md,None
230831,LFP,0,33,33,FEF,FEF,Frontal,metadata_resolved_equal_segment,estimated_from_channel,session-area-mapping.md,None
230831,LFP,0,34,34,FEF,FEF,Frontal,metadata_resolved_equal_segment,estimated_from_channel,session-area-mapping.md,None
230831,LFP,0,35,35,FEF,FEF,Frontal,metadata_resolved_equal_segment,estimated_from_channel,session-area-mapping.md,None
230831,LFP,0,36,36,FEF,FEF,Frontal,metadata_resolved_equal_segment,estimated_from_channel,session-area-mapping.md,None
230831,LFP,0,37,37,FEF,FEF,Frontal,metadata_resolved_equal_segment,estimated_from_channel,session-area-mapping.md,None
230831,LFP,0,38,38,FEF,FEF,Frontal,metadata_resolved_equal_segment,estimated_from_channel,session-area-mapping.md,None
230831,LFP,0,39,39,FEF,FEF,Frontal,metadata_resolved_equal_segment,estimated_from_channel,session-area-mapping.md,None
230831,LFP,0,40,40,FEF,FEF,Frontal,metadata_resolved_equal_segment,estimated_from_channel,session-area-mapping.md,None
230831,LFP,0,41,41,FEF,FEF,Frontal,metadata_resolved_equal_segment,estimated_from_channel,session-area-mapping.md,None
230831,LFP,0,42,42,FEF,FEF,Frontal,metadata_resolved_equal_segment,estimated_from_channel,session-area-mapping.md,None
230831,LFP,0,43,43,FEF,FEF,Frontal,metadata_resolved_equal_segment,estimated_from_channel,session-area-mapping.md,None
230831,LFP,0,44,44,FEF,FEF,Frontal,metadata_resolved_equal_segment,estimated_from_channel,session-area-mapping.md,None
230831,LFP,0,45,45,FEF,FEF,Frontal,metadata_resolved_equal_segment,estimated_from_channel,session-area-mapping.md,None
230831,LFP,0,46,46,FEF,FEF,Frontal,metadata_resolved_equal_segment,estimated_from_channel,session-area-mapping.md,None
230831,LFP,0,47,47,FEF,FEF,Frontal,metadata_resolved_equal_segment,estimated_from_channel,session-area-mapping.md,None
230831,LFP,0,48,48,FEF,FEF,Frontal,metadata_resolved_equal_segment,estimated_from_channel,session-area-mapping.md,None
230831,LFP,0,49,49,FEF,FEF,Frontal,metadata_resolved_equal_segment,estimated_from_channel,session-area-mapping.md,None
230831,LFP,0,50,50,FEF,FEF,Frontal,metadata_resolved_equal_segment,estimated_from_channel,session-area-mapping.md,None
230831,LFP,0,51,51,FEF,FEF,Frontal,metadata_resolved_equal_segment,estimated_from_channel,session-area-mapping.md,None
230831,LFP,0,52,52,FEF,FEF,Frontal,metadata_resolved_equal_segment,estimated_from_channel,session-area-mapping.md,None
230831,LFP,0,53,53,FEF,FEF,Frontal,metadata_resolved_equal_segment,estimated_from_channel,session-area-mapping.md,None
230831,LFP,0,54,54,FEF,FEF,Frontal,metadata_resolved_equal_segment,estimated_from_channel,session-area-mapping.md,None
230831,LFP,0,55,55,FEF,FEF,Frontal,metadata_resolved_equal_segment,estimated_from_channel,session-area-mapping.md,None
230831,LFP,0,56,56,FEF,FEF,Frontal,metadata_resolved_equal_segment,estimated_from_channel,session-area-mapping.md,None
230831,LFP,0,57,57,FEF,FEF,Frontal,metadata_resolved_equal_segment,estimated_from_channel,session-area-mapping.md,None
230831,LFP,0,58,58,FEF,FEF,Frontal,metadata_resolved_equal_segment,estimated_from_channel,session-area-mapping.md,None
230831,LFP,0,59,59,FEF,FEF,Frontal,metadata_resolved_equal_segment,estimated_from_channel,session-area-mapping.md,None
230831,LFP,0,60,60,FEF,FEF,Frontal,metadata_resolved_equal_segment,estimated_from_channel,session-area-mapping.md,None
230831,LFP,0,61,61,FEF,FEF,Frontal,metadata_resolved_equal_segment,estimated_from_channel,session-area-mapping.md,None
230831,LFP,0,62,62,FEF,FEF,Frontal,metadata_resolved_equal_segment,estimated_from_channel,session-area-mapping.md,None
230831,LFP,0,63,63,FEF,FEF,Frontal,metadata_resolved_equal_segment,estimated_from_channel,session-area-mapping.md,None
230831,LFP,0,64,64,FEF,FEF,Frontal,metadata_resolved_equal_segment,estimated_from_channel,session-area-mapping.md,None
230831,LFP,0,65,65,FEF,FEF,Frontal,metadata_resolved_equal_segment,estimated_from_channel,session-area-mapping.md,None
230831,LFP,0,66,66,FEF,FEF,Frontal,metadata_resolved_equal_segment,estimated_from_channel,session-area-mapping.md,None
230831,LFP,0,67,67,FEF,FEF,Frontal,metadata_resolved_equal_segment,estimated_from_channel,session-area-mapping.md,None
230831,LFP,0,68,68,FEF,FEF,Frontal,metadata_resolved_equal_segment,estimated_from_channel,session-area-mapping.md,None
230831,LFP,0,69,69,FEF,FEF,Frontal,metadata_resolved_equal_segment,estimated_from_channel,session-area-mapping.md,None
230831,LFP,0,70,70,FEF,FEF,Frontal,metadata_resolved_equal_segment,estimated_from_channel,session-area-mapping.md,None
230831,LFP,0,71,71,FEF,FEF,Frontal,metadata_resolved_equal_segment,estimated_from_channel,session-area-mapping.md,None
230831,LFP,0,72,72,FEF,FEF,Frontal,metadata_resolved_equal_segment,estimated_from_channel,session-area-mapping.md,None
230831,LFP,0,73,73,FEF,FEF,Frontal,metadata_resolved_equal_segment,estimated_from_channel,session-area-mapping.md,None
230831,LFP,0,74,74,FEF,FEF,Frontal,metadata_resolved_equal_segment,estimated_from_channel,session-area-mapping.md,None
230831,LFP,0,75,75,FEF,FEF,Frontal,metadata_resolved_equal_segment,estimated_from_channel,session-area-mapping.md,None
230831,LFP,0,76,76,FEF,FEF,Frontal,metadata_resolved_equal_segment,estimated_from_channel,session-area-mapping.md,None
230831,LFP,0,77,77,FEF,FEF,Frontal,metadata_resolved_equal_segment,estimated_from_channel,session-area-mapping.md,None
230831,LFP,0,78,78,FEF,FEF,Frontal,metadata_resolved_equal_segment,estimated_from_channel,session-area-mapping.md,None
230831,LFP,0,79,79,FEF,FEF,Frontal,metadata_resolved_equal_segment,estimated_from_channel,session-area-mapping.md,None
230831,LFP,0,80,80,FEF,FEF,Frontal,metadata_resolved_equal_segment,estimated_from_channel,session-area-mapping.md,None
230831,LFP,0,81,81,FEF,FEF,Frontal,metadata_resolved_equal_segment,estimated_from_channel,session-area-mapping.md,None
230831,LFP,0,82,82,FEF,FEF,Frontal,metadata_resolved_equal_segment,estimated_from_channel,session-area-mapping.md,None
230831,LFP,0,83,83,FEF,FEF,Frontal,metadata_resolved_equal_segment,estimated_from_channel,session-area-mapping.md,None
230831,LFP,0,84,84,FEF,FEF,Frontal,metadata_resolved_equal_segment,estimated_from_channel,session-area-mapping.md,None
230831,LFP,0,85,85,FEF,FEF,Frontal,metadata_resolved_equal_segment,estimated_from_channel,session-area-mapping.md,None
230831,LFP,0,86,86,FEF,FEF,Frontal,metadata_resolved_equal_segment,estimated_from_channel,session-area-mapping.md,None
230831,LFP,0,87,87,FEF,FEF,Frontal,metadata_resolved_equal_segment,estimated_from_channel,session-area-mapping.md,None
230831,LFP,0,88,88,FEF,FEF,Frontal,metadata_resolved_equal_segment,estimated_from_channel,session-area-mapping.md,None
230831,LFP,0,89,89,FEF,FEF,Frontal,metadata_resolved_equal_segment,estimated_from_channel,session-area-mapping.md,None
230831,LFP,0,90,90,FEF,FEF,Frontal,metadata_resolved_equal_segment,estimated_from_channel,session-area-mapping.md,None
230831,LFP,0,91,91,FEF,FEF,Frontal,metadata_resolved_equal_segment,estimated_from_channel,session-area-mapping.md,None
230831,LFP,0,92,92,FEF,FEF,Frontal,metadata_resolved_equal_segment,estimated_from_channel,session-area-mapping.md,None
230831,LFP,0,93,93,FEF,FEF,Frontal,metadata_resolved_equal_segment,estimated_from_channel,session-area-mapping.md,None
230831,LFP,0,94,94,FEF,FEF,Frontal,metadata_resolved_equal_segment,estimated_from_channel,session-area-mapping.md,None
230831,LFP,0,95,95,FEF,FEF,Frontal,metadata_resolved_equal_segment,estimated_from_channel,session-area-mapping.md,None
230831,LFP,0,96,96,FEF,FEF,Frontal,metadata_resolved_equal_segment,estimated_from_channel,session-area-mapping.md,None
230831,LFP,0,97,97,FEF,FEF,Frontal,metadata_resolved_equal_segment,estimated_from_channel,session-area-mapping.md,None
230831,LFP,0,98,98,FEF,FEF,Frontal,metadata_resolved_equal_segment,estimated_from_channel,session-area-mapping.md,None
230831,LFP,0,99,99,FEF,FEF,Frontal,metadata_resolved_equal_segment,estimated_from_channel,session-area-mapping.md,None
230831,LFP,0,100,100,FEF,FEF,Frontal,metadata_resolved_equal_segment,estimated_from_channel,session-area-mapping.md,None
230831,LFP,0,101,101,FEF,FEF,Frontal,metadata_resolved_equal_segment,estimated_from_channel,session-area-mapping.md,None
230831,LFP,0,102,102,FEF,FEF,Frontal,metadata_resolved_equal_segment,estimated_from_channel,session-area-mapping.md,None
230831,LFP,0,103,103,FEF,FEF,Frontal,metadata_resolved_equal_segment,estimated_from_channel,session-area-mapping.md,None
230831,LFP,0,104,104,FEF,FEF,Frontal,metadata_resolved_equal_segment,estimated_from_channel,session-area-mapping.md,None
230831,LFP,0,105,105,FEF,FEF,Frontal,metadata_resolved_equal_segment,estimated_from_channel,session-area-mapping.md,None
230831,LFP,0,106,106,FEF,FEF,Frontal,metadata_resolved_equal_segment,estimated_from_channel,session-area-mapping.md,None
230831,LFP,0,107,107,FEF,FEF,Frontal,metadata_resolved_equal_segment,estimated_from_channel,session-area-mapping.md,None
230831,LFP,0,108,108,FEF,FEF,Frontal,metadata_resolved_equal_segment,estimated_from_channel,session-area-mapping.md,None
230831,LFP,0,109,109,FEF,FEF,Frontal,metadata_resolved_equal_segment,estimated_from_channel,session-area-mapping.md,None
230831,LFP,0,110,110,FEF,FEF,Frontal,metadata_resolved_equal_segment,estimated_from_channel,session-area-mapping.md,None
230831,LFP,0,111,111,FEF,FEF,Frontal,metadata_resolved_equal_segment,estimated_from_channel,session-area-mapping.md,None
230831,LFP,0,112,112,FEF,FEF,Frontal,metadata_resolved_equal_segment,estimated_from_channel,session-area-mapping.md,None
230831,LFP,0,113,113,FEF,FEF,Frontal,metadata_resolved_equal_segment,estimated_from_channel,session-area-mapping.md,None
230831,LFP,0,114,114,FEF,FEF,Frontal,metadata_resolved_equal_segment,estimated_from_channel,session-area-mapping.md,None
230831,LFP,0,115,115,FEF,FEF,Frontal,metadata_resolved_equal_segment,estimated_from_channel,session-area-mapping.md,None
230831,LFP,0,116,116,FEF,FEF,Frontal,metadata_resolved_equal_segment,estimated_from_channel,session-area-mapping.md,None
230831,LFP,0,117,117,FEF,FEF,Frontal,metadata_resolved_equal_segment,estimated_from_channel,session-area-mapping.md,None
230831,LFP,0,118,118,FEF,FEF,Frontal,metadata_resolved_equal_segment,estimated_from_channel,session-area-mapping.md,None
230831,LFP,0,119,119,FEF,FEF,Frontal,metadata_resolved_equal_segment,estimated_from_channel,session-area-mapping.md,None
230831,LFP,0,120,120,FEF,FEF,Frontal,metadata_resolved_equal_segment,estimated_from_channel,session-area-mapping.md,None
230831,LFP,0,121,121,FEF,FEF,Frontal,metadata_resolved_equal_segment,estimated_from_channel,session-area-mapping.md,None
230831,LFP,0,122,122,FEF,FEF,Frontal,metadata_resolved_equal_segment,estimated_from_channel,session-area-mapping.md,None
230831,LFP,0,123,123,FEF,FEF,Frontal,metadata_resolved_equal_segment,estimated_from_channel,session-area-mapping.md,None
230831,LFP,0,124,124,FEF,FEF,Frontal,metadata_resolved_equal_segment,estimated_from_channel,session-area-mapping.md,None
230831,LFP,0,125,125,FEF,FEF,Frontal,metadata_resolved_equal_segment,estimated_from_channel,session-area-mapping.md,None
230831,LFP,0,126,126,FEF,FEF,Frontal,metadata_resolved_equal_segment,estimated_from_channel,session-area-mapping.md,None
230831,LFP,0,127,127,FEF,FEF,Frontal,metadata_resolved_equal_segment,estimated_from_channel,session-area-mapping.md,None
230831,LFP,1,128,0,MT,MT,Visual,metadata_resolved_equal_segment,estimated_from_channel,session-area-mapping.md,None
230831,LFP,1,129,1,MT,MT,Visual,metadata_resolved_equal_segment,estimated_from_channel,session-area-mapping.md,None
230831,LFP,1,130,2,MT,MT,Visual,metadata_resolved_equal_segment,estimated_from_channel,session-area-mapping.md,None
230831,LFP,1,131,3,MT,MT,Visual,metadata_resolved_equal_segment,estimated_from_channel,session-area-mapping.md,None
230831,LFP,1,132,4,MT,MT,Visual,metadata_resolved_equal_segment,estimated_from_channel,session-area-mapping.md,None
230831,LFP,1,133,5,MT,MT,Visual,metadata_resolved_equal_segment,estimated_from_channel,session-area-mapping.md,None
230831,LFP,1,134,6,MT,MT,Visual,metadata_resolved_equal_segment,estimated_from_channel,session-area-mapping.md,None
230831,LFP,1,135,7,MT,MT,Visual,metadata_resolved_equal_segment,estimated_from_channel,session-area-mapping.md,None
230831,LFP,1,136,8,MT,MT,Visual,metadata_resolved_equal_segment,estimated_from_channel,session-area-mapping.md,None
230831,LFP,1,137,9,MT,MT,Visual,metadata_resolved_equal_segment,estimated_from_channel,session-area-mapping.md,None
230831,LFP,1,138,10,MT,MT,Visual,metadata_resolved_equal_segment,estimated_from_channel,session-area-mapping.md,None
230831,LFP,1,139,11,MT,MT,Visual,metadata_resolved_equal_segment,estimated_from_channel,session-area-mapping.md,None
230831,LFP,1,140,12,MT,MT,Visual,metadata_resolved_equal_segment,estimated_from_channel,session-area-mapping.md,None
230831,LFP,1,141,13,MT,MT,Visual,metadata_resolved_equal_segment,estimated_from_channel,session-area-mapping.md,None
230831,LFP,1,142,14,MT,MT,Visual,metadata_resolved_equal_segment,estimated_from_channel,session-area-mapping.md,None
230831,LFP,1,143,15,MT,MT,Visual,metadata_resolved_equal_segment,estimated_from_channel,session-area-mapping.md,None
230831,LFP,1,144,16,MT,MT,Visual,metadata_resolved_equal_segment,estimated_from_channel,session-area-mapping.md,None
230831,LFP,1,145,17,MT,MT,Visual,metadata_resolved_equal_segment,estimated_from_channel,session-area-mapping.md,None
230831,LFP,1,146,18,MT,MT,Visual,metadata_resolved_equal_segment,estimated_from_channel,session-area-mapping.md,None
230831,LFP,1,147,19,MT,MT,Visual,metadata_resolved_equal_segment,estimated_from_channel,session-area-mapping.md,None
230831,LFP,1,148,20,MT,MT,Visual,metadata_resolved_equal_segment,estimated_from_channel,session-area-mapping.md,None
230831,LFP,1,149,21,MT,MT,Visual,metadata_resolved_equal_segment,estimated_from_channel,session-area-mapping.md,None
230831,LFP,1,150,22,MT,MT,Visual,metadata_resolved_equal_segment,estimated_from_channel,session-area-mapping.md,None
230831,LFP,1,151,23,MT,MT,Visual,metadata_resolved_equal_segment,estimated_from_channel,session-area-mapping.md,None
230831,LFP,1,152,24,MT,MT,Visual,metadata_resolved_equal_segment,estimated_from_channel,session-area-mapping.md,None
230831,LFP,1,153,25,MT,MT,Visual,metadata_resolved_equal_segment,estimated_from_channel,session-area-mapping.md,None
230831,LFP,1,154,26,MT,MT,Visual,metadata_resolved_equal_segment,estimated_from_channel,session-area-mapping.md,None
230831,LFP,1,155,27,MT,MT,Visual,metadata_resolved_equal_segment,estimated_from_channel,session-area-mapping.md,None
230831,LFP,1,156,28,MT,MT,Visual,metadata_resolved_equal_segment,estimated_from_channel,session-area-mapping.md,None
230831,LFP,1,157,29,MT,MT,Visual,metadata_resolved_equal_segment,estimated_from_channel,session-area-mapping.md,None
230831,LFP,1,158,30,MT,MT,Visual,metadata_resolved_equal_segment,estimated_from_channel,session-area-mapping.md,None
230831,LFP,1,159,31,MT,MT,Visual,metadata_resolved_equal_segment,estimated_from_channel,session-area-mapping.md,None
230831,LFP,1,160,32,MT,MT,Visual,metadata_resolved_equal_segment,estimated_from_channel,session-area-mapping.md,None
230831,LFP,1,161,33,MT,MT,Visual,metadata_resolved_equal_segment,estimated_from_channel,session-area-mapping.md,None
230831,LFP,1,162,34,MT,MT,Visual,metadata_resolved_equal_segment,estimated_from_channel,session-area-mapping.md,None
230831,LFP,1,163,35,MT,MT,Visual,metadata_resolved_equal_segment,estimated_from_channel,session-area-mapping.md,None
230831,LFP,1,164,36,MT,MT,Visual,metadata_resolved_equal_segment,estimated_from_channel,session-area-mapping.md,None
230831,LFP,1,165,37,MT,MT,Visual,metadata_resolved_equal_segment,estimated_from_channel,session-area-mapping.md,None
230831,LFP,1,166,38,MT,MT,Visual,metadata_resolved_equal_segment,estimated_from_channel,session-area-mapping.md,None
230831,LFP,1,167,39,MT,MT,Visual,metadata_resolved_equal_segment,estimated_from_channel,session-area-mapping.md,None
230831,LFP,1,168,40,MT,MT,Visual,metadata_resolved_equal_segment,estimated_from_channel,session-area-mapping.md,None
230831,LFP,1,169,41,MT,MT,Visual,metadata_resolved_equal_segment,estimated_from_channel,session-area-mapping.md,None
230831,LFP,1,170,42,MT,MT,Visual,metadata_resolved_equal_segment,estimated_from_channel,session-area-mapping.md,None
230831,LFP,1,171,43,MT,MT,Visual,metadata_resolved_equal_segment,estimated_from_channel,session-area-mapping.md,None
230831,LFP,1,172,44,MT,MT,Visual,metadata_resolved_equal_segment,estimated_from_channel,session-area-mapping.md,None
230831,LFP,1,173,45,MT,MT,Visual,metadata_resolved_equal_segment,estimated_from_channel,session-area-mapping.md,None
230831,LFP,1,174,46,MT,MT,Visual,metadata_resolved_equal_segment,estimated_from_channel,session-area-mapping.md,None
230831,LFP,1,175,47,MT,MT,Visual,metadata_resolved_equal_segment,estimated_from_channel,session-area-mapping.md,None
230831,LFP,1,176,48,MT,MT,Visual,metadata_resolved_equal_segment,estimated_from_channel,session-area-mapping.md,None
230831,LFP,1,177,49,MT,MT,Visual,metadata_resolved_equal_segment,estimated_from_channel,session-area-mapping.md,None
230831,LFP,1,178,50,MT,MT,Visual,metadata_resolved_equal_segment,estimated_from_channel,session-area-mapping.md,None
230831,LFP,1,179,51,MT,MT,Visual,metadata_resolved_equal_segment,estimated_from_channel,session-area-mapping.md,None
230831,LFP,1,180,52,MT,MT,Visual,metadata_resolved_equal_segment,estimated_from_channel,session-area-mapping.md,None
230831,LFP,1,181,53,MT,MT,Visual,metadata_resolved_equal_segment,estimated_from_channel,session-area-mapping.md,None
230831,LFP,1,182,54,MT,MT,Visual,metadata_resolved_equal_segment,estimated_from_channel,session-area-mapping.md,None
230831,LFP,1,183,55,MT,MT,Visual,metadata_resolved_equal_segment,estimated_from_channel,session-area-mapping.md,None
230831,LFP,1,184,56,MT,MT,Visual,metadata_resolved_equal_segment,estimated_from_channel,session-area-mapping.md,None
230831,LFP,1,185,57,MT,MT,Visual,metadata_resolved_equal_segment,estimated_from_channel,session-area-mapping.md,None
230831,LFP,1,186,58,MT,MT,Visual,metadata_resolved_equal_segment,estimated_from_channel,session-area-mapping.md,None
230831,LFP,1,187,59,MT,MT,Visual,metadata_resolved_equal_segment,estimated_from_channel,session-area-mapping.md,None
230831,LFP,1,188,60,MT,MT,Visual,metadata_resolved_equal_segment,estimated_from_channel,session-area-mapping.md,None
230831,LFP,1,189,61,MT,MT,Visual,metadata_resolved_equal_segment,estimated_from_channel,session-area-mapping.md,None
230831,LFP,1,190,62,MT,MT,Visual,metadata_resolved_equal_segment,estimated_from_channel,session-area-mapping.md,None
230831,LFP,1,191,63,MT,MT,Visual,metadata_resolved_equal_segment,estimated_from_channel,session-area-mapping.md,None
230831,LFP,1,192,64,MST,MST,Visual,metadata_resolved_equal_segment,estimated_from_channel,session-area-mapping.md,None
230831,LFP,1,193,65,MST,MST,Visual,metadata_resolved_equal_segment,estimated_from_channel,session-area-mapping.md,None
230831,LFP,1,194,66,MST,MST,Visual,metadata_resolved_equal_segment,estimated_from_channel,session-area-mapping.md,None
230831,LFP,1,195,67,MST,MST,Visual,metadata_resolved_equal_segment,estimated_from_channel,session-area-mapping.md,None
230831,LFP,1,196,68,MST,MST,Visual,metadata_resolved_equal_segment,estimated_from_channel,session-area-mapping.md,None
230831,LFP,1,197,69,MST,MST,Visual,metadata_resolved_equal_segment,estimated_from_channel,session-area-mapping.md,None
230831,LFP,1,198,70,MST,MST,Visual,metadata_resolved_equal_segment,estimated_from_channel,session-area-mapping.md,None
230831,LFP,1,199,71,MST,MST,Visual,metadata_resolved_equal_segment,estimated_from_channel,session-area-mapping.md,None
230831,LFP,1,200,72,MST,MST,Visual,metadata_resolved_equal_segment,estimated_from_channel,session-area-mapping.md,None
230831,LFP,1,201,73,MST,MST,Visual,metadata_resolved_equal_segment,estimated_from_channel,session-area-mapping.md,None
230831,LFP,1,202,74,MST,MST,Visual,metadata_resolved_equal_segment,estimated_from_channel,session-area-mapping.md,None
230831,LFP,1,203,75,MST,MST,Visual,metadata_resolved_equal_segment,estimated_from_channel,session-area-mapping.md,None
230831,LFP,1,204,76,MST,MST,Visual,metadata_resolved_equal_segment,estimated_from_channel,session-area-mapping.md,None
230831,LFP,1,205,77,MST,MST,Visual,metadata_resolved_equal_segment,estimated_from_channel,session-area-mapping.md,None
230831,LFP,1,206,78,MST,MST,Visual,metadata_resolved_equal_segment,estimated_from_channel,session-area-mapping.md,None
230831,LFP,1,207,79,MST,MST,Visual,metadata_resolved_equal_segment,estimated_from_channel,session-area-mapping.md,None
230831,LFP,1,208,80,MST,MST,Visual,metadata_resolved_equal_segment,estimated_from_channel,session-area-mapping.md,None
230831,LFP,1,209,81,MST,MST,Visual,metadata_resolved_equal_segment,estimated_from_channel,session-area-mapping.md,None
230831,LFP,1,210,82,MST,MST,Visual,metadata_resolved_equal_segment,estimated_from_channel,session-area-mapping.md,None
230831,LFP,1,211,83,MST,MST,Visual,metadata_resolved_equal_segment,estimated_from_channel,session-area-mapping.md,None
230831,LFP,1,212,84,MST,MST,Visual,metadata_resolved_equal_segment,estimated_from_channel,session-area-mapping.md,None
230831,LFP,1,213,85,MST,MST,Visual,metadata_resolved_equal_segment,estimated_from_channel,session-area-mapping.md,None
230831,LFP,1,214,86,MST,MST,Visual,metadata_resolved_equal_segment,estimated_from_channel,session-area-mapping.md,None
230831,LFP,1,215,87,MST,MST,Visual,metadata_resolved_equal_segment,estimated_from_channel,session-area-mapping.md,None
230831,LFP,1,216,88,MST,MST,Visual,metadata_resolved_equal_segment,estimated_from_channel,session-area-mapping.md,None
230831,LFP,1,217,89,MST,MST,Visual,metadata_resolved_equal_segment,estimated_from_channel,session-area-mapping.md,None
230831,LFP,1,218,90,MST,MST,Visual,metadata_resolved_equal_segment,estimated_from_channel,session-area-mapping.md,None
230831,LFP,1,219,91,MST,MST,Visual,metadata_resolved_equal_segment,estimated_from_channel,session-area-mapping.md,None
230831,LFP,1,220,92,MST,MST,Visual,metadata_resolved_equal_segment,estimated_from_channel,session-area-mapping.md,None
230831,LFP,1,221,93,MST,MST,Visual,metadata_resolved_equal_segment,estimated_from_channel,session-area-mapping.md,None
230831,LFP,1,222,94,MST,MST,Visual,metadata_resolved_equal_segment,estimated_from_channel,session-area-mapping.md,None
230831,LFP,1,223,95,MST,MST,Visual,metadata_resolved_equal_segment,estimated_from_channel,session-area-mapping.md,None
230831,LFP,1,224,96,MST,MST,Visual,metadata_resolved_equal_segment,estimated_from_channel,session-area-mapping.md,None
230831,LFP,1,225,97,MST,MST,Visual,metadata_resolved_equal_segment,estimated_from_channel,session-area-mapping.md,None
230831,LFP,1,226,98,MST,MST,Visual,metadata_resolved_equal_segment,estimated_from_channel,session-area-mapping.md,None
230831,LFP,1,227,99,MST,MST,Visual,metadata_resolved_equal_segment,estimated_from_channel,session-area-mapping.md,None
230831,LFP,1,228,100,MST,MST,Visual,metadata_resolved_equal_segment,estimated_from_channel,session-area-mapping.md,None
230831,LFP,1,229,101,MST,MST,Visual,metadata_resolved_equal_segment,estimated_from_channel,session-area-mapping.md,None
230831,LFP,1,230,102,MST,MST,Visual,metadata_resolved_equal_segment,estimated_from_channel,session-area-mapping.md,None
230831,LFP,1,231,103,MST,MST,Visual,metadata_resolved_equal_segment,estimated_from_channel,session-area-mapping.md,None
230831,LFP,1,232,104,MST,MST,Visual,metadata_resolved_equal_segment,estimated_from_channel,session-area-mapping.md,None
230831,LFP,1,233,105,MST,MST,Visual,metadata_resolved_equal_segment,estimated_from_channel,session-area-mapping.md,None
230831,LFP,1,234,106,MST,MST,Visual,metadata_resolved_equal_segment,estimated_from_channel,session-area-mapping.md,None
230831,LFP,1,235,107,MST,MST,Visual,metadata_resolved_equal_segment,estimated_from_channel,session-area-mapping.md,None
230831,LFP,1,236,108,MST,MST,Visual,metadata_resolved_equal_segment,estimated_from_channel,session-area-mapping.md,None
230831,LFP,1,237,109,MST,MST,Visual,metadata_resolved_equal_segment,estimated_from_channel,session-area-mapping.md,None
230831,LFP,1,238,110,MST,MST,Visual,metadata_resolved_equal_segment,estimated_from_channel,session-area-mapping.md,None
230831,LFP,1,239,111,MST,MST,Visual,metadata_resolved_equal_segment,estimated_from_channel,session-area-mapping.md,None
230831,LFP,1,240,112,MST,MST,Visual,metadata_resolved_equal_segment,estimated_from_channel,session-area-mapping.md,None
230831,LFP,1,241,113,MST,MST,Visual,metadata_resolved_equal_segment,estimated_from_channel,session-area-mapping.md,None
230831,LFP,1,242,114,MST,MST,Visual,metadata_resolved_equal_segment,estimated_from_channel,session-area-mapping.md,None
230831,LFP,1,243,115,MST,MST,Visual,metadata_resolved_equal_segment,estimated_from_channel,session-area-mapping.md,None
230831,LFP,1,244,116,MST,MST,Visual,metadata_resolved_equal_segment,estimated_from_channel,session-area-mapping.md,None
230831,LFP,1,245,117,MST,MST,Visual,metadata_resolved_equal_segment,estimated_from_channel,session-area-mapping.md,None
230831,LFP,1,246,118,MST,MST,Visual,metadata_resolved_equal_segment,estimated_from_channel,session-area-mapping.md,None
230831,LFP,1,247,119,MST,MST,Visual,metadata_resolved_equal_segment,estimated_from_channel,session-area-mapping.md,None
230831,LFP,1,248,120,MST,MST,Visual,metadata_resolved_equal_segment,estimated_from_channel,session-area-mapping.md,None
230831,LFP,1,249,121,MST,MST,Visual,metadata_resolved_equal_segment,estimated_from_channel,session-area-mapping.md,None
230831,LFP,1,250,122,MST,MST,Visual,metadata_resolved_equal_segment,estimated_from_channel,session-area-mapping.md,None
230831,LFP,1,251,123,MST,MST,Visual,metadata_resolved_equal_segment,estimated_from_channel,session-area-mapping.md,None
230831,LFP,1,252,124,MST,MST,Visual,metadata_resolved_equal_segment,estimated_from_channel,session-area-mapping.md,None
230831,LFP,1,253,125,MST,MST,Visual,metadata_resolved_equal_segment,estimated_from_channel,session-area-mapping.md,None
230831,LFP,1,254,126,MST,MST,Visual,metadata_resolved_equal_segment,estimated_from_channel,session-area-mapping.md,None
230831,LFP,1,255,127,MST,MST,Visual,metadata_resolved_equal_segment,estimated_from_channel,session-area-mapping.md,None
230831,LFP,2,256,0,V4,V4,Visual,metadata_resolved_equal_segment,estimated_from_channel,session-area-mapping.md,None
230831,LFP,2,257,1,V4,V4,Visual,metadata_resolved_equal_segment,estimated_from_channel,session-area-mapping.md,None
230831,LFP,2,258,2,V4,V4,Visual,metadata_resolved_equal_segment,estimated_from_channel,session-area-mapping.md,None
230831,LFP,2,259,3,V4,V4,Visual,metadata_resolved_equal_segment,estimated_from_channel,session-area-mapping.md,None
230831,LFP,2,260,4,V4,V4,Visual,metadata_resolved_equal_segment,estimated_from_channel,session-area-mapping.md,None
230831,LFP,2,261,5,V4,V4,Visual,metadata_resolved_equal_segment,estimated_from_channel,session-area-mapping.md,None
230831,LFP,2,262,6,V4,V4,Visual,metadata_resolved_equal_segment,estimated_from_channel,session-area-mapping.md,None
230831,LFP,2,263,7,V4,V4,Visual,metadata_resolved_equal_segment,estimated_from_channel,session-area-mapping.md,None
230831,LFP,2,264,8,V4,V4,Visual,metadata_resolved_equal_segment,estimated_from_channel,session-area-mapping.md,None
230831,LFP,2,265,9,V4,V4,Visual,metadata_resolved_equal_segment,estimated_from_channel,session-area-mapping.md,None
230831,LFP,2,266,10,V4,V4,Visual,metadata_resolved_equal_segment,estimated_from_channel,session-area-mapping.md,None
230831,LFP,2,267,11,V4,V4,Visual,metadata_resolved_equal_segment,estimated_from_channel,session-area-mapping.md,None
230831,LFP,2,268,12,V4,V4,Visual,metadata_resolved_equal_segment,estimated_from_channel,session-area-mapping.md,None
230831,LFP,2,269,13,V4,V4,Visual,metadata_resolved_equal_segment,estimated_from_channel,session-area-mapping.md,None
230831,LFP,2,270,14,V4,V4,Visual,metadata_resolved_equal_segment,estimated_from_channel,session-area-mapping.md,None
230831,LFP,2,271,15,V4,V4,Visual,metadata_resolved_equal_segment,estimated_from_channel,session-area-mapping.md,None
230831,LFP,2,272,16,V4,V4,Visual,metadata_resolved_equal_segment,estimated_from_channel,session-area-mapping.md,None
230831,LFP,2,273,17,V4,V4,Visual,metadata_resolved_equal_segment,estimated_from_channel,session-area-mapping.md,None
230831,LFP,2,274,18,V4,V4,Visual,metadata_resolved_equal_segment,estimated_from_channel,session-area-mapping.md,None
230831,LFP,2,275,19,V4,V4,Visual,metadata_resolved_equal_segment,estimated_from_channel,session-area-mapping.md,None
230831,LFP,2,276,20,V4,V4,Visual,metadata_resolved_equal_segment,estimated_from_channel,session-area-mapping.md,None
230831,LFP,2,277,21,V4,V4,Visual,metadata_resolved_equal_segment,estimated_from_channel,session-area-mapping.md,None
230831,LFP,2,278,22,V4,V4,Visual,metadata_resolved_equal_segment,estimated_from_channel,session-area-mapping.md,None
230831,LFP,2,279,23,V4,V4,Visual,metadata_resolved_equal_segment,estimated_from_channel,session-area-mapping.md,None
230831,LFP,2,280,24,V4,V4,Visual,metadata_resolved_equal_segment,estimated_from_channel,session-area-mapping.md,None
230831,LFP,2,281,25,V4,V4,Visual,metadata_resolved_equal_segment,estimated_from_channel,session-area-mapping.md,None
230831,LFP,2,282,26,V4,V4,Visual,metadata_resolved_equal_segment,estimated_from_channel,session-area-mapping.md,None
230831,LFP,2,283,27,V4,V4,Visual,metadata_resolved_equal_segment,estimated_from_channel,session-area-mapping.md,None
230831,LFP,2,284,28,V4,V4,Visual,metadata_resolved_equal_segment,estimated_from_channel,session-area-mapping.md,None
230831,LFP,2,285,29,V4,V4,Visual,metadata_resolved_equal_segment,estimated_from_channel,session-area-mapping.md,None
230831,LFP,2,286,30,V4,V4,Visual,metadata_resolved_equal_segment,estimated_from_channel,session-area-mapping.md,None
230831,LFP,2,287,31,V4,V4,Visual,metadata_resolved_equal_segment,estimated_from_channel,session-area-mapping.md,None
230831,LFP,2,288,32,V4,V4,Visual,metadata_resolved_equal_segment,estimated_from_channel,session-area-mapping.md,None
230831,LFP,2,289,33,V4,V4,Visual,metadata_resolved_equal_segment,estimated_from_channel,session-area-mapping.md,None
230831,LFP,2,290,34,V4,V4,Visual,metadata_resolved_equal_segment,estimated_from_channel,session-area-mapping.md,None
230831,LFP,2,291,35,V4,V4,Visual,metadata_resolved_equal_segment,estimated_from_channel,session-area-mapping.md,None
230831,LFP,2,292,36,V4,V4,Visual,metadata_resolved_equal_segment,estimated_from_channel,session-area-mapping.md,None
230831,LFP,2,293,37,V4,V4,Visual,metadata_resolved_equal_segment,estimated_from_channel,session-area-mapping.md,None
230831,LFP,2,294,38,V4,V4,Visual,metadata_resolved_equal_segment,estimated_from_channel,session-area-mapping.md,None
230831,LFP,2,295,39,V4,V4,Visual,metadata_resolved_equal_segment,estimated_from_channel,session-area-mapping.md,None
230831,LFP,2,296,40,V4,V4,Visual,metadata_resolved_equal_segment,estimated_from_channel,session-area-mapping.md,None
230831,LFP,2,297,41,V4,V4,Visual,metadata_resolved_equal_segment,estimated_from_channel,session-area-mapping.md,None
230831,LFP,2,298,42,V4,V4,Visual,metadata_resolved_equal_segment,estimated_from_channel,session-area-mapping.md,None
230831,LFP,2,299,43,V4,V4,Visual,metadata_resolved_equal_segment,estimated_from_channel,session-area-mapping.md,None
230831,LFP,2,300,44,V4,V4,Visual,metadata_resolved_equal_segment,estimated_from_channel,session-area-mapping.md,None
230831,LFP,2,301,45,V4,V4,Visual,metadata_resolved_equal_segment,estimated_from_channel,session-area-mapping.md,None
230831,LFP,2,302,46,V4,V4,Visual,metadata_resolved_equal_segment,estimated_from_channel,session-area-mapping.md,None
230831,LFP,2,303,47,V4,V4,Visual,metadata_resolved_equal_segment,estimated_from_channel,session-area-mapping.md,None
230831,LFP,2,304,48,V4,V4,Visual,metadata_resolved_equal_segment,estimated_from_channel,session-area-mapping.md,None
230831,LFP,2,305,49,V4,V4,Visual,metadata_resolved_equal_segment,estimated_from_channel,session-area-mapping.md,None
230831,LFP,2,306,50,V4,V4,Visual,metadata_resolved_equal_segment,estimated_from_channel,session-area-mapping.md,None
230831,LFP,2,307,51,V4,V4,Visual,metadata_resolved_equal_segment,estimated_from_channel,session-area-mapping.md,None
230831,LFP,2,308,52,V4,V4,Visual,metadata_resolved_equal_segment,estimated_from_channel,session-area-mapping.md,None
230831,LFP,2,309,53,V4,V4,Visual,metadata_resolved_equal_segment,estimated_from_channel,session-area-mapping.md,None
230831,LFP,2,310,54,V4,V4,Visual,metadata_resolved_equal_segment,estimated_from_channel,session-area-mapping.md,None
230831,LFP,2,311,55,V4,V4,Visual,metadata_resolved_equal_segment,estimated_from_channel,session-area-mapping.md,None
230831,LFP,2,312,56,V4,V4,Visual,metadata_resolved_equal_segment,estimated_from_channel,session-area-mapping.md,None
230831,LFP,2,313,57,V4,V4,Visual,metadata_resolved_equal_segment,estimated_from_channel,session-area-mapping.md,None
230831,LFP,2,314,58,V4,V4,Visual,metadata_resolved_equal_segment,estimated_from_channel,session-area-mapping.md,None
230831,LFP,2,315,59,V4,V4,Visual,metadata_resolved_equal_segment,estimated_from_channel,session-area-mapping.md,None
230831,LFP,2,316,60,V4,V4,Visual,metadata_resolved_equal_segment,estimated_from_channel,session-area-mapping.md,None
230831,LFP,2,317,61,V4,V4,Visual,metadata_resolved_equal_segment,estimated_from_channel,session-area-mapping.md,None
230831,LFP,2,318,62,V4,V4,Visual,metadata_resolved_equal_segment,estimated_from_channel,session-area-mapping.md,None
230831,LFP,2,319,63,V4,V4,Visual,metadata_resolved_equal_segment,estimated_from_channel,session-area-mapping.md,None
230831,LFP,2,320,64,TEO,TEO,Visual,metadata_resolved_equal_segment,estimated_from_channel,session-area-mapping.md,None
230831,LFP,2,321,65,TEO,TEO,Visual,metadata_resolved_equal_segment,estimated_from_channel,session-area-mapping.md,None
230831,LFP,2,322,66,TEO,TEO,Visual,metadata_resolved_equal_segment,estimated_from_channel,session-area-mapping.md,None
230831,LFP,2,323,67,TEO,TEO,Visual,metadata_resolved_equal_segment,estimated_from_channel,session-area-mapping.md,None
230831,LFP,2,324,68,TEO,TEO,Visual,metadata_resolved_equal_segment,estimated_from_channel,session-area-mapping.md,None
230831,LFP,2,325,69,TEO,TEO,Visual,metadata_resolved_equal_segment,estimated_from_channel,session-area-mapping.md,None
230831,LFP,2,326,70,TEO,TEO,Visual,metadata_resolved_equal_segment,estimated_from_channel,session-area-mapping.md,None
230831,LFP,2,327,71,TEO,TEO,Visual,metadata_resolved_equal_segment,estimated_from_channel,session-area-mapping.md,None
230831,LFP,2,328,72,TEO,TEO,Visual,metadata_resolved_equal_segment,estimated_from_channel,session-area-mapping.md,None
230831,LFP,2,329,73,TEO,TEO,Visual,metadata_resolved_equal_segment,estimated_from_channel,session-area-mapping.md,None
230831,LFP,2,330,74,TEO,TEO,Visual,metadata_resolved_equal_segment,estimated_from_channel,session-area-mapping.md,None
230831,LFP,2,331,75,TEO,TEO,Visual,metadata_resolved_equal_segment,estimated_from_channel,session-area-mapping.md,None
230831,LFP,2,332,76,TEO,TEO,Visual,metadata_resolved_equal_segment,estimated_from_channel,session-area-mapping.md,None
230831,LFP,2,333,77,TEO,TEO,Visual,metadata_resolved_equal_segment,estimated_from_channel,session-area-mapping.md,None
230831,LFP,2,334,78,TEO,TEO,Visual,metadata_resolved_equal_segment,estimated_from_channel,session-area-mapping.md,None
230831,LFP,2,335,79,TEO,TEO,Visual,metadata_resolved_equal_segment,estimated_from_channel,session-area-mapping.md,None
230831,LFP,2,336,80,TEO,TEO,Visual,metadata_resolved_equal_segment,estimated_from_channel,session-area-mapping.md,None
230831,LFP,2,337,81,TEO,TEO,Visual,metadata_resolved_equal_segment,estimated_from_channel,session-area-mapping.md,None
230831,LFP,2,338,82,TEO,TEO,Visual,metadata_resolved_equal_segment,estimated_from_channel,session-area-mapping.md,None
230831,LFP,2,339,83,TEO,TEO,Visual,metadata_resolved_equal_segment,estimated_from_channel,session-area-mapping.md,None
230831,LFP,2,340,84,TEO,TEO,Visual,metadata_resolved_equal_segment,estimated_from_channel,session-area-mapping.md,None
230831,LFP,2,341,85,TEO,TEO,Visual,metadata_resolved_equal_segment,estimated_from_channel,session-area-mapping.md,None
230831,LFP,2,342,86,TEO,TEO,Visual,metadata_resolved_equal_segment,estimated_from_channel,session-area-mapping.md,None
230831,LFP,2,343,87,TEO,TEO,Visual,metadata_resolved_equal_segment,estimated_from_channel,session-area-mapping.md,None
230831,LFP,2,344,88,TEO,TEO,Visual,metadata_resolved_equal_segment,estimated_from_channel,session-area-mapping.md,None
230831,LFP,2,345,89,TEO,TEO,Visual,metadata_resolved_equal_segment,estimated_from_channel,session-area-mapping.md,None
230831,LFP,2,346,90,TEO,TEO,Visual,metadata_resolved_equal_segment,estimated_from_channel,session-area-mapping.md,None
230831,LFP,2,347,91,TEO,TEO,Visual,metadata_resolved_equal_segment,estimated_from_channel,session-area-mapping.md,None
230831,LFP,2,348,92,TEO,TEO,Visual,metadata_resolved_equal_segment,estimated_from_channel,session-area-mapping.md,None
230831,LFP,2,349,93,TEO,TEO,Visual,metadata_resolved_equal_segment,estimated_from_channel,session-area-mapping.md,None
230831,LFP,2,350,94,TEO,TEO,Visual,metadata_resolved_equal_segment,estimated_from_channel,session-area-mapping.md,None
230831,LFP,2,351,95,TEO,TEO,Visual,metadata_resolved_equal_segment,estimated_from_channel,session-area-mapping.md,None
230831,LFP,2,352,96,TEO,TEO,Visual,metadata_resolved_equal_segment,estimated_from_channel,session-area-mapping.md,None
230831,LFP,2,353,97,TEO,TEO,Visual,metadata_resolved_equal_segment,estimated_from_channel,session-area-mapping.md,None
230831,LFP,2,354,98,TEO,TEO,Visual,metadata_resolved_equal_segment,estimated_from_channel,session-area-mapping.md,None
230831,LFP,2,355,99,TEO,TEO,Visual,metadata_resolved_equal_segment,estimated_from_channel,session-area-mapping.md,None
230831,LFP,2,356,100,TEO,TEO,Visual,metadata_resolved_equal_segment,estimated_from_channel,session-area-mapping.md,None
230831,LFP,2,357,101,TEO,TEO,Visual,metadata_resolved_equal_segment,estimated_from_channel,session-area-mapping.md,None
230831,LFP,2,358,102,TEO,TEO,Visual,metadata_resolved_equal_segment,estimated_from_channel,session-area-mapping.md,None
230831,LFP,2,359,103,TEO,TEO,Visual,metadata_resolved_equal_segment,estimated_from_channel,session-area-mapping.md,None
230831,LFP,2,360,104,TEO,TEO,Visual,metadata_resolved_equal_segment,estimated_from_channel,session-area-mapping.md,None
230831,LFP,2,361,105,TEO,TEO,Visual,metadata_resolved_equal_segment,estimated_from_channel,session-area-mapping.md,None
230831,LFP,2,362,106,TEO,TEO,Visual,metadata_resolved_equal_segment,estimated_from_channel,session-area-mapping.md,None
230831,LFP,2,363,107,TEO,TEO,Visual,metadata_resolved_equal_segment,estimated_from_channel,session-area-mapping.md,None
230831,LFP,2,364,108,TEO,TEO,Visual,metadata_resolved_equal_segment,estimated_from_channel,session-area-mapping.md,None
230831,LFP,2,365,109,TEO,TEO,Visual,metadata_resolved_equal_segment,estimated_from_channel,session-area-mapping.md,None
230831,LFP,2,366,110,TEO,TEO,Visual,metadata_resolved_equal_segment,estimated_from_channel,session-area-mapping.md,None
230831,LFP,2,367,111,TEO,TEO,Visual,metadata_resolved_equal_segment,estimated_from_channel,session-area-mapping.md,None
230831,LFP,2,368,112,TEO,TEO,Visual,metadata_resolved_equal_segment,estimated_from_channel,session-area-mapping.md,None
230831,LFP,2,369,113,TEO,TEO,Visual,metadata_resolved_equal_segment,estimated_from_channel,session-area-mapping.md,None
230831,LFP,2,370,114,TEO,TEO,Visual,metadata_resolved_equal_segment,estimated_from_channel,session-area-mapping.md,None
230831,LFP,2,371,115,TEO,TEO,Visual,metadata_resolved_equal_segment,estimated_from_channel,session-area-mapping.md,None
230831,LFP,2,372,116,TEO,TEO,Visual,metadata_resolved_equal_segment,estimated_from_channel,session-area-mapping.md,None
230831,LFP,2,373,117,TEO,TEO,Visual,metadata_resolved_equal_segment,estimated_from_channel,session-area-mapping.md,None
230831,LFP,2,374,118,TEO,TEO,Visual,metadata_resolved_equal_segment,estimated_from_channel,session-area-mapping.md,None
230831,LFP,2,375,119,TEO,TEO,Visual,metadata_resolved_equal_segment,estimated_from_channel,session-area-mapping.md,None
230831,LFP,2,376,120,TEO,TEO,Visual,metadata_resolved_equal_segment,estimated_from_channel,session-area-mapping.md,None
230831,LFP,2,377,121,TEO,TEO,Visual,metadata_resolved_equal_segment,estimated_from_channel,session-area-mapping.md,None
230831,LFP,2,378,122,TEO,TEO,Visual,metadata_resolved_equal_segment,estimated_from_channel,session-area-mapping.md,None
230831,LFP,2,379,123,TEO,TEO,Visual,metadata_resolved_equal_segment,estimated_from_channel,session-area-mapping.md,None
230831,LFP,2,380,124,TEO,TEO,Visual,metadata_resolved_equal_segment,estimated_from_channel,session-area-mapping.md,None
230831,LFP,2,381,125,TEO,TEO,Visual,metadata_resolved_equal_segment,estimated_from_channel,session-area-mapping.md,None
230831,LFP,2,382,126,TEO,TEO,Visual,metadata_resolved_equal_segment,estimated_from_channel,session-area-mapping.md,None
230831,LFP,2,383,127,TEO,TEO,Visual,metadata_resolved_equal_segment,estimated_from_channel,session-area-mapping.md,None
230901,LFP,0,0,0,PFC,PFC,Frontal,metadata_resolved_equal_segment,estimated_from_channel,session-area-mapping.md,None
230901,LFP,0,1,1,PFC,PFC,Frontal,metadata_resolved_equal_segment,estimated_from_channel,session-area-mapping.md,None
230901,LFP,0,2,2,PFC,PFC,Frontal,metadata_resolved_equal_segment,estimated_from_channel,session-area-mapping.md,None
230901,LFP,0,3,3,PFC,PFC,Frontal,metadata_resolved_equal_segment,estimated_from_channel,session-area-mapping.md,None
230901,LFP,0,4,4,PFC,PFC,Frontal,metadata_resolved_equal_segment,estimated_from_channel,session-area-mapping.md,None
230901,LFP,0,5,5,PFC,PFC,Frontal,metadata_resolved_equal_segment,estimated_from_channel,session-area-mapping.md,None
230901,LFP,0,6,6,PFC,PFC,Frontal,metadata_resolved_equal_segment,estimated_from_channel,session-area-mapping.md,None
230901,LFP,0,7,7,PFC,PFC,Frontal,metadata_resolved_equal_segment,estimated_from_channel,session-area-mapping.md,None
230901,LFP,0,8,8,PFC,PFC,Frontal,metadata_resolved_equal_segment,estimated_from_channel,session-area-mapping.md,None
230901,LFP,0,9,9,PFC,PFC,Frontal,metadata_resolved_equal_segment,estimated_from_channel,session-area-mapping.md,None
230901,LFP,0,10,10,PFC,PFC,Frontal,metadata_resolved_equal_segment,estimated_from_channel,session-area-mapping.md,None
230901,LFP,0,11,11,PFC,PFC,Frontal,metadata_resolved_equal_segment,estimated_from_channel,session-area-mapping.md,None
230901,LFP,0,12,12,PFC,PFC,Frontal,metadata_resolved_equal_segment,estimated_from_channel,session-area-mapping.md,None
230901,LFP,0,13,13,PFC,PFC,Frontal,metadata_resolved_equal_segment,estimated_from_channel,session-area-mapping.md,None
230901,LFP,0,14,14,PFC,PFC,Frontal,metadata_resolved_equal_segment,estimated_from_channel,session-area-mapping.md,None
230901,LFP,0,15,15,PFC,PFC,Frontal,metadata_resolved_equal_segment,estimated_from_channel,session-area-mapping.md,None
230901,LFP,0,16,16,PFC,PFC,Frontal,metadata_resolved_equal_segment,estimated_from_channel,session-area-mapping.md,None
230901,LFP,0,17,17,PFC,PFC,Frontal,metadata_resolved_equal_segment,estimated_from_channel,session-area-mapping.md,None
230901,LFP,0,18,18,PFC,PFC,Frontal,metadata_resolved_equal_segment,estimated_from_channel,session-area-mapping.md,None
230901,LFP,0,19,19,PFC,PFC,Frontal,metadata_resolved_equal_segment,estimated_from_channel,session-area-mapping.md,None
230901,LFP,0,20,20,PFC,PFC,Frontal,metadata_resolved_equal_segment,estimated_from_channel,session-area-mapping.md,None
230901,LFP,0,21,21,PFC,PFC,Frontal,metadata_resolved_equal_segment,estimated_from_channel,session-area-mapping.md,None
230901,LFP,0,22,22,PFC,PFC,Frontal,metadata_resolved_equal_segment,estimated_from_channel,session-area-mapping.md,None
230901,LFP,0,23,23,PFC,PFC,Frontal,metadata_resolved_equal_segment,estimated_from_channel,session-area-mapping.md,None
230901,LFP,0,24,24,PFC,PFC,Frontal,metadata_resolved_equal_segment,estimated_from_channel,session-area-mapping.md,None
230901,LFP,0,25,25,PFC,PFC,Frontal,metadata_resolved_equal_segment,estimated_from_channel,session-area-mapping.md,None
230901,LFP,0,26,26,PFC,PFC,Frontal,metadata_resolved_equal_segment,estimated_from_channel,session-area-mapping.md,None
230901,LFP,0,27,27,PFC,PFC,Frontal,metadata_resolved_equal_segment,estimated_from_channel,session-area-mapping.md,None
230901,LFP,0,28,28,PFC,PFC,Frontal,metadata_resolved_equal_segment,estimated_from_channel,session-area-mapping.md,None
230901,LFP,0,29,29,PFC,PFC,Frontal,metadata_resolved_equal_segment,estimated_from_channel,session-area-mapping.md,None
230901,LFP,0,30,30,PFC,PFC,Frontal,metadata_resolved_equal_segment,estimated_from_channel,session-area-mapping.md,None
230901,LFP,0,31,31,PFC,PFC,Frontal,metadata_resolved_equal_segment,estimated_from_channel,session-area-mapping.md,None
230901,LFP,0,32,32,PFC,PFC,Frontal,metadata_resolved_equal_segment,estimated_from_channel,session-area-mapping.md,None
230901,LFP,0,33,33,PFC,PFC,Frontal,metadata_resolved_equal_segment,estimated_from_channel,session-area-mapping.md,None
230901,LFP,0,34,34,PFC,PFC,Frontal,metadata_resolved_equal_segment,estimated_from_channel,session-area-mapping.md,None
230901,LFP,0,35,35,PFC,PFC,Frontal,metadata_resolved_equal_segment,estimated_from_channel,session-area-mapping.md,None
230901,LFP,0,36,36,PFC,PFC,Frontal,metadata_resolved_equal_segment,estimated_from_channel,session-area-mapping.md,None
230901,LFP,0,37,37,PFC,PFC,Frontal,metadata_resolved_equal_segment,estimated_from_channel,session-area-mapping.md,None
230901,LFP,0,38,38,PFC,PFC,Frontal,metadata_resolved_equal_segment,estimated_from_channel,session-area-mapping.md,None
230901,LFP,0,39,39,PFC,PFC,Frontal,metadata_resolved_equal_segment,estimated_from_channel,session-area-mapping.md,None
230901,LFP,0,40,40,PFC,PFC,Frontal,metadata_resolved_equal_segment,estimated_from_channel,session-area-mapping.md,None
230901,LFP,0,41,41,PFC,PFC,Frontal,metadata_resolved_equal_segment,estimated_from_channel,session-area-mapping.md,None
230901,LFP,0,42,42,PFC,PFC,Frontal,metadata_resolved_equal_segment,estimated_from_channel,session-area-mapping.md,None
230901,LFP,0,43,43,PFC,PFC,Frontal,metadata_resolved_equal_segment,estimated_from_channel,session-area-mapping.md,None
230901,LFP,0,44,44,PFC,PFC,Frontal,metadata_resolved_equal_segment,estimated_from_channel,session-area-mapping.md,None
230901,LFP,0,45,45,PFC,PFC,Frontal,metadata_resolved_equal_segment,estimated_from_channel,session-area-mapping.md,None
230901,LFP,0,46,46,PFC,PFC,Frontal,metadata_resolved_equal_segment,estimated_from_channel,session-area-mapping.md,None
230901,LFP,0,47,47,PFC,PFC,Frontal,metadata_resolved_equal_segment,estimated_from_channel,session-area-mapping.md,None
230901,LFP,0,48,48,PFC,PFC,Frontal,metadata_resolved_equal_segment,estimated_from_channel,session-area-mapping.md,None
230901,LFP,0,49,49,PFC,PFC,Frontal,metadata_resolved_equal_segment,estimated_from_channel,session-area-mapping.md,None
230901,LFP,0,50,50,PFC,PFC,Frontal,metadata_resolved_equal_segment,estimated_from_channel,session-area-mapping.md,None
230901,LFP,0,51,51,PFC,PFC,Frontal,metadata_resolved_equal_segment,estimated_from_channel,session-area-mapping.md,None
230901,LFP,0,52,52,PFC,PFC,Frontal,metadata_resolved_equal_segment,estimated_from_channel,session-area-mapping.md,None
230901,LFP,0,53,53,PFC,PFC,Frontal,metadata_resolved_equal_segment,estimated_from_channel,session-area-mapping.md,None
230901,LFP,0,54,54,PFC,PFC,Frontal,metadata_resolved_equal_segment,estimated_from_channel,session-area-mapping.md,None
230901,LFP,0,55,55,PFC,PFC,Frontal,metadata_resolved_equal_segment,estimated_from_channel,session-area-mapping.md,None
230901,LFP,0,56,56,PFC,PFC,Frontal,metadata_resolved_equal_segment,estimated_from_channel,session-area-mapping.md,None
230901,LFP,0,57,57,PFC,PFC,Frontal,metadata_resolved_equal_segment,estimated_from_channel,session-area-mapping.md,None
230901,LFP,0,58,58,PFC,PFC,Frontal,metadata_resolved_equal_segment,estimated_from_channel,session-area-mapping.md,None
230901,LFP,0,59,59,PFC,PFC,Frontal,metadata_resolved_equal_segment,estimated_from_channel,session-area-mapping.md,None
230901,LFP,0,60,60,PFC,PFC,Frontal,metadata_resolved_equal_segment,estimated_from_channel,session-area-mapping.md,None
230901,LFP,0,61,61,PFC,PFC,Frontal,metadata_resolved_equal_segment,estimated_from_channel,session-area-mapping.md,None
230901,LFP,0,62,62,PFC,PFC,Frontal,metadata_resolved_equal_segment,estimated_from_channel,session-area-mapping.md,None
230901,LFP,0,63,63,PFC,PFC,Frontal,metadata_resolved_equal_segment,estimated_from_channel,session-area-mapping.md,None
230901,LFP,0,64,64,PFC,PFC,Frontal,metadata_resolved_equal_segment,estimated_from_channel,session-area-mapping.md,None
230901,LFP,0,65,65,PFC,PFC,Frontal,metadata_resolved_equal_segment,estimated_from_channel,session-area-mapping.md,None
230901,LFP,0,66,66,PFC,PFC,Frontal,metadata_resolved_equal_segment,estimated_from_channel,session-area-mapping.md,None
230901,LFP,0,67,67,PFC,PFC,Frontal,metadata_resolved_equal_segment,estimated_from_channel,session-area-mapping.md,None
230901,LFP,0,68,68,PFC,PFC,Frontal,metadata_resolved_equal_segment,estimated_from_channel,session-area-mapping.md,None
230901,LFP,0,69,69,PFC,PFC,Frontal,metadata_resolved_equal_segment,estimated_from_channel,session-area-mapping.md,None
230901,LFP,0,70,70,PFC,PFC,Frontal,metadata_resolved_equal_segment,estimated_from_channel,session-area-mapping.md,None
230901,LFP,0,71,71,PFC,PFC,Frontal,metadata_resolved_equal_segment,estimated_from_channel,session-area-mapping.md,None
230901,LFP,0,72,72,PFC,PFC,Frontal,metadata_resolved_equal_segment,estimated_from_channel,session-area-mapping.md,None
230901,LFP,0,73,73,PFC,PFC,Frontal,metadata_resolved_equal_segment,estimated_from_channel,session-area-mapping.md,None
230901,LFP,0,74,74,PFC,PFC,Frontal,metadata_resolved_equal_segment,estimated_from_channel,session-area-mapping.md,None
230901,LFP,0,75,75,PFC,PFC,Frontal,metadata_resolved_equal_segment,estimated_from_channel,session-area-mapping.md,None
230901,LFP,0,76,76,PFC,PFC,Frontal,metadata_resolved_equal_segment,estimated_from_channel,session-area-mapping.md,None
230901,LFP,0,77,77,PFC,PFC,Frontal,metadata_resolved_equal_segment,estimated_from_channel,session-area-mapping.md,None
230901,LFP,0,78,78,PFC,PFC,Frontal,metadata_resolved_equal_segment,estimated_from_channel,session-area-mapping.md,None
230901,LFP,0,79,79,PFC,PFC,Frontal,metadata_resolved_equal_segment,estimated_from_channel,session-area-mapping.md,None
230901,LFP,0,80,80,PFC,PFC,Frontal,metadata_resolved_equal_segment,estimated_from_channel,session-area-mapping.md,None
230901,LFP,0,81,81,PFC,PFC,Frontal,metadata_resolved_equal_segment,estimated_from_channel,session-area-mapping.md,None
230901,LFP,0,82,82,PFC,PFC,Frontal,metadata_resolved_equal_segment,estimated_from_channel,session-area-mapping.md,None
230901,LFP,0,83,83,PFC,PFC,Frontal,metadata_resolved_equal_segment,estimated_from_channel,session-area-mapping.md,None
230901,LFP,0,84,84,PFC,PFC,Frontal,metadata_resolved_equal_segment,estimated_from_channel,session-area-mapping.md,None
230901,LFP,0,85,85,PFC,PFC,Frontal,metadata_resolved_equal_segment,estimated_from_channel,session-area-mapping.md,None
230901,LFP,0,86,86,PFC,PFC,Frontal,metadata_resolved_equal_segment,estimated_from_channel,session-area-mapping.md,None
230901,LFP,0,87,87,PFC,PFC,Frontal,metadata_resolved_equal_segment,estimated_from_channel,session-area-mapping.md,None
230901,LFP,0,88,88,PFC,PFC,Frontal,metadata_resolved_equal_segment,estimated_from_channel,session-area-mapping.md,None
230901,LFP,0,89,89,PFC,PFC,Frontal,metadata_resolved_equal_segment,estimated_from_channel,session-area-mapping.md,None
230901,LFP,0,90,90,PFC,PFC,Frontal,metadata_resolved_equal_segment,estimated_from_channel,session-area-mapping.md,None
230901,LFP,0,91,91,PFC,PFC,Frontal,metadata_resolved_equal_segment,estimated_from_channel,session-area-mapping.md,None
230901,LFP,0,92,92,PFC,PFC,Frontal,metadata_resolved_equal_segment,estimated_from_channel,session-area-mapping.md,None
230901,LFP,0,93,93,PFC,PFC,Frontal,metadata_resolved_equal_segment,estimated_from_channel,session-area-mapping.md,None
230901,LFP,0,94,94,PFC,PFC,Frontal,metadata_resolved_equal_segment,estimated_from_channel,session-area-mapping.md,None
230901,LFP,0,95,95,PFC,PFC,Frontal,metadata_resolved_equal_segment,estimated_from_channel,session-area-mapping.md,None
230901,LFP,0,96,96,PFC,PFC,Frontal,metadata_resolved_equal_segment,estimated_from_channel,session-area-mapping.md,None
230901,LFP,0,97,97,PFC,PFC,Frontal,metadata_resolved_equal_segment,estimated_from_channel,session-area-mapping.md,None
230901,LFP,0,98,98,PFC,PFC,Frontal,metadata_resolved_equal_segment,estimated_from_channel,session-area-mapping.md,None
230901,LFP,0,99,99,PFC,PFC,Frontal,metadata_resolved_equal_segment,estimated_from_channel,session-area-mapping.md,None
230901,LFP,0,100,100,PFC,PFC,Frontal,metadata_resolved_equal_segment,estimated_from_channel,session-area-mapping.md,None
230901,LFP,0,101,101,PFC,PFC,Frontal,metadata_resolved_equal_segment,estimated_from_channel,session-area-mapping.md,None
230901,LFP,0,102,102,PFC,PFC,Frontal,metadata_resolved_equal_segment,estimated_from_channel,session-area-mapping.md,None
230901,LFP,0,103,103,PFC,PFC,Frontal,metadata_resolved_equal_segment,estimated_from_channel,session-area-mapping.md,None
230901,LFP,0,104,104,PFC,PFC,Frontal,metadata_resolved_equal_segment,estimated_from_channel,session-area-mapping.md,None
230901,LFP,0,105,105,PFC,PFC,Frontal,metadata_resolved_equal_segment,estimated_from_channel,session-area-mapping.md,None
230901,LFP,0,106,106,PFC,PFC,Frontal,metadata_resolved_equal_segment,estimated_from_channel,session-area-mapping.md,None
230901,LFP,0,107,107,PFC,PFC,Frontal,metadata_resolved_equal_segment,estimated_from_channel,session-area-mapping.md,None
230901,LFP,0,108,108,PFC,PFC,Frontal,metadata_resolved_equal_segment,estimated_from_channel,session-area-mapping.md,None
230901,LFP,0,109,109,PFC,PFC,Frontal,metadata_resolved_equal_segment,estimated_from_channel,session-area-mapping.md,None
230901,LFP,0,110,110,PFC,PFC,Frontal,metadata_resolved_equal_segment,estimated_from_channel,session-area-mapping.md,None
230901,LFP,0,111,111,PFC,PFC,Frontal,metadata_resolved_equal_segment,estimated_from_channel,session-area-mapping.md,None
230901,LFP,0,112,112,PFC,PFC,Frontal,metadata_resolved_equal_segment,estimated_from_channel,session-area-mapping.md,None
230901,LFP,0,113,113,PFC,PFC,Frontal,metadata_resolved_equal_segment,estimated_from_channel,session-area-mapping.md,None
230901,LFP,0,114,114,PFC,PFC,Frontal,metadata_resolved_equal_segment,estimated_from_channel,session-area-mapping.md,None
230901,LFP,0,115,115,PFC,PFC,Frontal,metadata_resolved_equal_segment,estimated_from_channel,session-area-mapping.md,None
230901,LFP,0,116,116,PFC,PFC,Frontal,metadata_resolved_equal_segment,estimated_from_channel,session-area-mapping.md,None
230901,LFP,0,117,117,PFC,PFC,Frontal,metadata_resolved_equal_segment,estimated_from_channel,session-area-mapping.md,None
230901,LFP,0,118,118,PFC,PFC,Frontal,metadata_resolved_equal_segment,estimated_from_channel,session-area-mapping.md,None
230901,LFP,0,119,119,PFC,PFC,Frontal,metadata_resolved_equal_segment,estimated_from_channel,session-area-mapping.md,None
230901,LFP,0,120,120,PFC,PFC,Frontal,metadata_resolved_equal_segment,estimated_from_channel,session-area-mapping.md,None
230901,LFP,0,121,121,PFC,PFC,Frontal,metadata_resolved_equal_segment,estimated_from_channel,session-area-mapping.md,None
230901,LFP,0,122,122,PFC,PFC,Frontal,metadata_resolved_equal_segment,estimated_from_channel,session-area-mapping.md,None
230901,LFP,0,123,123,PFC,PFC,Frontal,metadata_resolved_equal_segment,estimated_from_channel,session-area-mapping.md,None
230901,LFP,0,124,124,PFC,PFC,Frontal,metadata_resolved_equal_segment,estimated_from_channel,session-area-mapping.md,None
230901,LFP,0,125,125,PFC,PFC,Frontal,metadata_resolved_equal_segment,estimated_from_channel,session-area-mapping.md,None
230901,LFP,0,126,126,PFC,PFC,Frontal,metadata_resolved_equal_segment,estimated_from_channel,session-area-mapping.md,None
230901,LFP,0,127,127,PFC,PFC,Frontal,metadata_resolved_equal_segment,estimated_from_channel,session-area-mapping.md,None
230901,LFP,1,128,0,MT,MT,Visual,metadata_resolved_equal_segment,estimated_from_channel,session-area-mapping.md,None
230901,LFP,1,129,1,MT,MT,Visual,metadata_resolved_equal_segment,estimated_from_channel,session-area-mapping.md,None
230901,LFP,1,130,2,MT,MT,Visual,metadata_resolved_equal_segment,estimated_from_channel,session-area-mapping.md,None
230901,LFP,1,131,3,MT,MT,Visual,metadata_resolved_equal_segment,estimated_from_channel,session-area-mapping.md,None
230901,LFP,1,132,4,MT,MT,Visual,metadata_resolved_equal_segment,estimated_from_channel,session-area-mapping.md,None
230901,LFP,1,133,5,MT,MT,Visual,metadata_resolved_equal_segment,estimated_from_channel,session-area-mapping.md,None
230901,LFP,1,134,6,MT,MT,Visual,metadata_resolved_equal_segment,estimated_from_channel,session-area-mapping.md,None
230901,LFP,1,135,7,MT,MT,Visual,metadata_resolved_equal_segment,estimated_from_channel,session-area-mapping.md,None
230901,LFP,1,136,8,MT,MT,Visual,metadata_resolved_equal_segment,estimated_from_channel,session-area-mapping.md,None
230901,LFP,1,137,9,MT,MT,Visual,metadata_resolved_equal_segment,estimated_from_channel,session-area-mapping.md,None
230901,LFP,1,138,10,MT,MT,Visual,metadata_resolved_equal_segment,estimated_from_channel,session-area-mapping.md,None
230901,LFP,1,139,11,MT,MT,Visual,metadata_resolved_equal_segment,estimated_from_channel,session-area-mapping.md,None
230901,LFP,1,140,12,MT,MT,Visual,metadata_resolved_equal_segment,estimated_from_channel,session-area-mapping.md,None
230901,LFP,1,141,13,MT,MT,Visual,metadata_resolved_equal_segment,estimated_from_channel,session-area-mapping.md,None
230901,LFP,1,142,14,MT,MT,Visual,metadata_resolved_equal_segment,estimated_from_channel,session-area-mapping.md,None
230901,LFP,1,143,15,MT,MT,Visual,metadata_resolved_equal_segment,estimated_from_channel,session-area-mapping.md,None
230901,LFP,1,144,16,MT,MT,Visual,metadata_resolved_equal_segment,estimated_from_channel,session-area-mapping.md,None
230901,LFP,1,145,17,MT,MT,Visual,metadata_resolved_equal_segment,estimated_from_channel,session-area-mapping.md,None
230901,LFP,1,146,18,MT,MT,Visual,metadata_resolved_equal_segment,estimated_from_channel,session-area-mapping.md,None
230901,LFP,1,147,19,MT,MT,Visual,metadata_resolved_equal_segment,estimated_from_channel,session-area-mapping.md,None
230901,LFP,1,148,20,MT,MT,Visual,metadata_resolved_equal_segment,estimated_from_channel,session-area-mapping.md,None
230901,LFP,1,149,21,MT,MT,Visual,metadata_resolved_equal_segment,estimated_from_channel,session-area-mapping.md,None
230901,LFP,1,150,22,MT,MT,Visual,metadata_resolved_equal_segment,estimated_from_channel,session-area-mapping.md,None
230901,LFP,1,151,23,MT,MT,Visual,metadata_resolved_equal_segment,estimated_from_channel,session-area-mapping.md,None
230901,LFP,1,152,24,MT,MT,Visual,metadata_resolved_equal_segment,estimated_from_channel,session-area-mapping.md,None
230901,LFP,1,153,25,MT,MT,Visual,metadata_resolved_equal_segment,estimated_from_channel,session-area-mapping.md,None
230901,LFP,1,154,26,MT,MT,Visual,metadata_resolved_equal_segment,estimated_from_channel,session-area-mapping.md,None
230901,LFP,1,155,27,MT,MT,Visual,metadata_resolved_equal_segment,estimated_from_channel,session-area-mapping.md,None
230901,LFP,1,156,28,MT,MT,Visual,metadata_resolved_equal_segment,estimated_from_channel,session-area-mapping.md,None
230901,LFP,1,157,29,MT,MT,Visual,metadata_resolved_equal_segment,estimated_from_channel,session-area-mapping.md,None
230901,LFP,1,158,30,MT,MT,Visual,metadata_resolved_equal_segment,estimated_from_channel,session-area-mapping.md,None
230901,LFP,1,159,31,MT,MT,Visual,metadata_resolved_equal_segment,estimated_from_channel,session-area-mapping.md,None
230901,LFP,1,160,32,MT,MT,Visual,metadata_resolved_equal_segment,estimated_from_channel,session-area-mapping.md,None
230901,LFP,1,161,33,MT,MT,Visual,metadata_resolved_equal_segment,estimated_from_channel,session-area-mapping.md,None
230901,LFP,1,162,34,MT,MT,Visual,metadata_resolved_equal_segment,estimated_from_channel,session-area-mapping.md,None
230901,LFP,1,163,35,MT,MT,Visual,metadata_resolved_equal_segment,estimated_from_channel,session-area-mapping.md,None
230901,LFP,1,164,36,MT,MT,Visual,metadata_resolved_equal_segment,estimated_from_channel,session-area-mapping.md,None
230901,LFP,1,165,37,MT,MT,Visual,metadata_resolved_equal_segment,estimated_from_channel,session-area-mapping.md,None
230901,LFP,1,166,38,MT,MT,Visual,metadata_resolved_equal_segment,estimated_from_channel,session-area-mapping.md,None
230901,LFP,1,167,39,MT,MT,Visual,metadata_resolved_equal_segment,estimated_from_channel,session-area-mapping.md,None
230901,LFP,1,168,40,MT,MT,Visual,metadata_resolved_equal_segment,estimated_from_channel,session-area-mapping.md,None
230901,LFP,1,169,41,MT,MT,Visual,metadata_resolved_equal_segment,estimated_from_channel,session-area-mapping.md,None
230901,LFP,1,170,42,MT,MT,Visual,metadata_resolved_equal_segment,estimated_from_channel,session-area-mapping.md,None
230901,LFP,1,171,43,MT,MT,Visual,metadata_resolved_equal_segment,estimated_from_channel,session-area-mapping.md,None
230901,LFP,1,172,44,MT,MT,Visual,metadata_resolved_equal_segment,estimated_from_channel,session-area-mapping.md,None
230901,LFP,1,173,45,MT,MT,Visual,metadata_resolved_equal_segment,estimated_from_channel,session-area-mapping.md,None
230901,LFP,1,174,46,MT,MT,Visual,metadata_resolved_equal_segment,estimated_from_channel,session-area-mapping.md,None
230901,LFP,1,175,47,MT,MT,Visual,metadata_resolved_equal_segment,estimated_from_channel,session-area-mapping.md,None
230901,LFP,1,176,48,MT,MT,Visual,metadata_resolved_equal_segment,estimated_from_channel,session-area-mapping.md,None
230901,LFP,1,177,49,MT,MT,Visual,metadata_resolved_equal_segment,estimated_from_channel,session-area-mapping.md,None
230901,LFP,1,178,50,MT,MT,Visual,metadata_resolved_equal_segment,estimated_from_channel,session-area-mapping.md,None
230901,LFP,1,179,51,MT,MT,Visual,metadata_resolved_equal_segment,estimated_from_channel,session-area-mapping.md,None
230901,LFP,1,180,52,MT,MT,Visual,metadata_resolved_equal_segment,estimated_from_channel,session-area-mapping.md,None
230901,LFP,1,181,53,MT,MT,Visual,metadata_resolved_equal_segment,estimated_from_channel,session-area-mapping.md,None
230901,LFP,1,182,54,MT,MT,Visual,metadata_resolved_equal_segment,estimated_from_channel,session-area-mapping.md,None
230901,LFP,1,183,55,MT,MT,Visual,metadata_resolved_equal_segment,estimated_from_channel,session-area-mapping.md,None
230901,LFP,1,184,56,MT,MT,Visual,metadata_resolved_equal_segment,estimated_from_channel,session-area-mapping.md,None
230901,LFP,1,185,57,MT,MT,Visual,metadata_resolved_equal_segment,estimated_from_channel,session-area-mapping.md,None
230901,LFP,1,186,58,MT,MT,Visual,metadata_resolved_equal_segment,estimated_from_channel,session-area-mapping.md,None
230901,LFP,1,187,59,MT,MT,Visual,metadata_resolved_equal_segment,estimated_from_channel,session-area-mapping.md,None
230901,LFP,1,188,60,MT,MT,Visual,metadata_resolved_equal_segment,estimated_from_channel,session-area-mapping.md,None
230901,LFP,1,189,61,MT,MT,Visual,metadata_resolved_equal_segment,estimated_from_channel,session-area-mapping.md,None
230901,LFP,1,190,62,MT,MT,Visual,metadata_resolved_equal_segment,estimated_from_channel,session-area-mapping.md,None
230901,LFP,1,191,63,MT,MT,Visual,metadata_resolved_equal_segment,estimated_from_channel,session-area-mapping.md,None
230901,LFP,1,192,64,MST,MST,Visual,metadata_resolved_equal_segment,estimated_from_channel,session-area-mapping.md,None
230901,LFP,1,193,65,MST,MST,Visual,metadata_resolved_equal_segment,estimated_from_channel,session-area-mapping.md,None
230901,LFP,1,194,66,MST,MST,Visual,metadata_resolved_equal_segment,estimated_from_channel,session-area-mapping.md,None
230901,LFP,1,195,67,MST,MST,Visual,metadata_resolved_equal_segment,estimated_from_channel,session-area-mapping.md,None
230901,LFP,1,196,68,MST,MST,Visual,metadata_resolved_equal_segment,estimated_from_channel,session-area-mapping.md,None
230901,LFP,1,197,69,MST,MST,Visual,metadata_resolved_equal_segment,estimated_from_channel,session-area-mapping.md,None
230901,LFP,1,198,70,MST,MST,Visual,metadata_resolved_equal_segment,estimated_from_channel,session-area-mapping.md,None
230901,LFP,1,199,71,MST,MST,Visual,metadata_resolved_equal_segment,estimated_from_channel,session-area-mapping.md,None
230901,LFP,1,200,72,MST,MST,Visual,metadata_resolved_equal_segment,estimated_from_channel,session-area-mapping.md,None
230901,LFP,1,201,73,MST,MST,Visual,metadata_resolved_equal_segment,estimated_from_channel,session-area-mapping.md,None
230901,LFP,1,202,74,MST,MST,Visual,metadata_resolved_equal_segment,estimated_from_channel,session-area-mapping.md,None
230901,LFP,1,203,75,MST,MST,Visual,metadata_resolved_equal_segment,estimated_from_channel,session-area-mapping.md,None
230901,LFP,1,204,76,MST,MST,Visual,metadata_resolved_equal_segment,estimated_from_channel,session-area-mapping.md,None
230901,LFP,1,205,77,MST,MST,Visual,metadata_resolved_equal_segment,estimated_from_channel,session-area-mapping.md,None
230901,LFP,1,206,78,MST,MST,Visual,metadata_resolved_equal_segment,estimated_from_channel,session-area-mapping.md,None
230901,LFP,1,207,79,MST,MST,Visual,metadata_resolved_equal_segment,estimated_from_channel,session-area-mapping.md,None
230901,LFP,1,208,80,MST,MST,Visual,metadata_resolved_equal_segment,estimated_from_channel,session-area-mapping.md,None
230901,LFP,1,209,81,MST,MST,Visual,metadata_resolved_equal_segment,estimated_from_channel,session-area-mapping.md,None
230901,LFP,1,210,82,MST,MST,Visual,metadata_resolved_equal_segment,estimated_from_channel,session-area-mapping.md,None
230901,LFP,1,211,83,MST,MST,Visual,metadata_resolved_equal_segment,estimated_from_channel,session-area-mapping.md,None
230901,LFP,1,212,84,MST,MST,Visual,metadata_resolved_equal_segment,estimated_from_channel,session-area-mapping.md,None
230901,LFP,1,213,85,MST,MST,Visual,metadata_resolved_equal_segment,estimated_from_channel,session-area-mapping.md,None
230901,LFP,1,214,86,MST,MST,Visual,metadata_resolved_equal_segment,estimated_from_channel,session-area-mapping.md,None
230901,LFP,1,215,87,MST,MST,Visual,metadata_resolved_equal_segment,estimated_from_channel,session-area-mapping.md,None
230901,LFP,1,216,88,MST,MST,Visual,metadata_resolved_equal_segment,estimated_from_channel,session-area-mapping.md,None
230901,LFP,1,217,89,MST,MST,Visual,metadata_resolved_equal_segment,estimated_from_channel,session-area-mapping.md,None
230901,LFP,1,218,90,MST,MST,Visual,metadata_resolved_equal_segment,estimated_from_channel,session-area-mapping.md,None
230901,LFP,1,219,91,MST,MST,Visual,metadata_resolved_equal_segment,estimated_from_channel,session-area-mapping.md,None
230901,LFP,1,220,92,MST,MST,Visual,metadata_resolved_equal_segment,estimated_from_channel,session-area-mapping.md,None
230901,LFP,1,221,93,MST,MST,Visual,metadata_resolved_equal_segment,estimated_from_channel,session-area-mapping.md,None
230901,LFP,1,222,94,MST,MST,Visual,metadata_resolved_equal_segment,estimated_from_channel,session-area-mapping.md,None
230901,LFP,1,223,95,MST,MST,Visual,metadata_resolved_equal_segment,estimated_from_channel,session-area-mapping.md,None
230901,LFP,1,224,96,MST,MST,Visual,metadata_resolved_equal_segment,estimated_from_channel,session-area-mapping.md,None
230901,LFP,1,225,97,MST,MST,Visual,metadata_resolved_equal_segment,estimated_from_channel,session-area-mapping.md,None
230901,LFP,1,226,98,MST,MST,Visual,metadata_resolved_equal_segment,estimated_from_channel,session-area-mapping.md,None
230901,LFP,1,227,99,MST,MST,Visual,metadata_resolved_equal_segment,estimated_from_channel,session-area-mapping.md,None
230901,LFP,1,228,100,MST,MST,Visual,metadata_resolved_equal_segment,estimated_from_channel,session-area-mapping.md,None
230901,LFP,1,229,101,MST,MST,Visual,metadata_resolved_equal_segment,estimated_from_channel,session-area-mapping.md,None
230901,LFP,1,230,102,MST,MST,Visual,metadata_resolved_equal_segment,estimated_from_channel,session-area-mapping.md,None
230901,LFP,1,231,103,MST,MST,Visual,metadata_resolved_equal_segment,estimated_from_channel,session-area-mapping.md,None
230901,LFP,1,232,104,MST,MST,Visual,metadata_resolved_equal_segment,estimated_from_channel,session-area-mapping.md,None
230901,LFP,1,233,105,MST,MST,Visual,metadata_resolved_equal_segment,estimated_from_channel,session-area-mapping.md,None
230901,LFP,1,234,106,MST,MST,Visual,metadata_resolved_equal_segment,estimated_from_channel,session-area-mapping.md,None
230901,LFP,1,235,107,MST,MST,Visual,metadata_resolved_equal_segment,estimated_from_channel,session-area-mapping.md,None
230901,LFP,1,236,108,MST,MST,Visual,metadata_resolved_equal_segment,estimated_from_channel,session-area-mapping.md,None
230901,LFP,1,237,109,MST,MST,Visual,metadata_resolved_equal_segment,estimated_from_channel,session-area-mapping.md,None
230901,LFP,1,238,110,MST,MST,Visual,metadata_resolved_equal_segment,estimated_from_channel,session-area-mapping.md,None
230901,LFP,1,239,111,MST,MST,Visual,metadata_resolved_equal_segment,estimated_from_channel,session-area-mapping.md,None
230901,LFP,1,240,112,MST,MST,Visual,metadata_resolved_equal_segment,estimated_from_channel,session-area-mapping.md,None
230901,LFP,1,241,113,MST,MST,Visual,metadata_resolved_equal_segment,estimated_from_channel,session-area-mapping.md,None
230901,LFP,1,242,114,MST,MST,Visual,metadata_resolved_equal_segment,estimated_from_channel,session-area-mapping.md,None
230901,LFP,1,243,115,MST,MST,Visual,metadata_resolved_equal_segment,estimated_from_channel,session-area-mapping.md,None
230901,LFP,1,244,116,MST,MST,Visual,metadata_resolved_equal_segment,estimated_from_channel,session-area-mapping.md,None
230901,LFP,1,245,117,MST,MST,Visual,metadata_resolved_equal_segment,estimated_from_channel,session-area-mapping.md,None
230901,LFP,1,246,118,MST,MST,Visual,metadata_resolved_equal_segment,estimated_from_channel,session-area-mapping.md,None
230901,LFP,1,247,119,MST,MST,Visual,metadata_resolved_equal_segment,estimated_from_channel,session-area-mapping.md,None
230901,LFP,1,248,120,MST,MST,Visual,metadata_resolved_equal_segment,estimated_from_channel,session-area-mapping.md,None
230901,LFP,1,249,121,MST,MST,Visual,metadata_resolved_equal_segment,estimated_from_channel,session-area-mapping.md,None
230901,LFP,1,250,122,MST,MST,Visual,metadata_resolved_equal_segment,estimated_from_channel,session-area-mapping.md,None
230901,LFP,1,251,123,MST,MST,Visual,metadata_resolved_equal_segment,estimated_from_channel,session-area-mapping.md,None
230901,LFP,1,252,124,MST,MST,Visual,metadata_resolved_equal_segment,estimated_from_channel,session-area-mapping.md,None
230901,LFP,1,253,125,MST,MST,Visual,metadata_resolved_equal_segment,estimated_from_channel,session-area-mapping.md,None
230901,LFP,1,254,126,MST,MST,Visual,metadata_resolved_equal_segment,estimated_from_channel,session-area-mapping.md,None
230901,LFP,1,255,127,MST,MST,Visual,metadata_resolved_equal_segment,estimated_from_channel,session-area-mapping.md,None
