session_id,condition,signal_class,source_file,shape,dims,axis0_semantics,axis1_semantics,axis2_semantics,n_trials,n_units_or_channels,n_timepoints,time_base_status,area_mapping_possible,warnings
230629,AAAB,LFP,ses230629-probe0-lfp-AAAB.npy,"(48, 128, 6000)","trial, channel, time",trial,channel,time,48,128,6000,p1_relative,yes,None
230629,AAAX,LFP,ses230629-probe0-lfp-AAAX.npy,"(1, 128, 6000)","trial, channel, time",trial,channel,time,1,128,6000,p1_relative,yes,None
230629,AAXB,LFP,ses230629-probe0-lfp-AAXB.npy,"(5, 128, 6000)","trial, channel, time",trial,channel,time,5,128,6000,p1_relative,yes,None
230629,AXAB,LFP,ses230629-probe0-lfp-AXAB.npy,"(6, 128, 6000)","trial, channel, time",trial,channel,time,6,128,6000,p1_relative,yes,None
230629,BBBA,LFP,ses230629-probe0-lfp-BBBA.npy,"(50, 128, 6000)","trial, channel, time",trial,channel,time,50,128,6000,p1_relative,yes,None
230629,BBBX,LFP,ses230629-probe0-lfp-BBBX.npy,"(2, 128, 6000)","trial, channel, time",trial,channel,time,2,128,6000,p1_relative,yes,None
230629,BBXA,LFP,ses230629-probe0-lfp-BBXA.npy,"(3, 128, 6000)","trial, channel, time",trial,channel,time,3,128,6000,p1_relative,yes,None
230629,BXBA,LFP,ses230629-probe0-lfp-BXBA.npy,"(5, 128, 6000)","trial, channel, time",trial,channel,time,5,128,6000,p1_relative,yes,None
230629,RRRR,LFP,ses230629-probe0-lfp-RRRR.npy,"(84, 128, 6000)","trial, channel, time",trial,channel,time,84,128,6000,p1_relative,yes,None
230629,RRRX,LFP,ses230629-probe0-lfp-RRRX.npy,"(6, 128, 6000)","trial, channel, time",trial,channel,time,6,128,6000,p1_relative,yes,None
230629,RRXR,LFP,ses230629-probe0-lfp-RRXR.npy,"(2, 128, 6000)","trial, channel, time",trial,channel,time,2,128,6000,p1_relative,yes,None
230629,RXRR,LFP,ses230629-probe0-lfp-RXRR.npy,"(8, 128, 6000)","trial, channel, time",trial,channel,time,8,128,6000,p1_relative,yes,None
230629,AAAB,LFP,ses230629-probe1-lfp-AAAB.npy,"(48, 128, 6000)","trial, channel, time",trial,channel,time,48,128,6000,p1_relative,yes,None
230629,AAAX,LFP,ses230629-probe1-lfp-AAAX.npy,"(1, 128, 6000)","trial, channel, time",trial,channel,time,1,128,6000,p1_relative,yes,None
230629,AAXB,LFP,ses230629-probe1-lfp-AAXB.npy,"(5, 128, 6000)","trial, channel, time",trial,channel,time,5,128,6000,p1_relative,yes,None
230629,AXAB,LFP,ses230629-probe1-lfp-AXAB.npy,"(6, 128, 6000)","trial, channel, time",trial,channel,time,6,128,6000,p1_relative,yes,None
230629,BBBA,LFP,ses230629-probe1-lfp-BBBA.npy,"(50, 128, 6000)","trial, channel, time",trial,channel,time,50,128,6000,p1_relative,yes,None
230629,BBBX,LFP,ses230629-probe1-lfp-BBBX.npy,"(2, 128, 6000)","trial, channel, time",trial,channel,time,2,128,6000,p1_relative,yes,None
230629,BBXA,LFP,ses230629-probe1-lfp-BBXA.npy,"(3, 128, 6000)","trial, channel, time",trial,channel,time,3,128,6000,p1_relative,yes,None
230629,BXBA,LFP,ses230629-probe1-lfp-BXBA.npy,"(5, 128, 6000)","trial, channel, time",trial,channel,time,5,128,6000,p1_relative,yes,None
230629,RRRR,LFP,ses230629-probe1-lfp-RRRR.npy,"(84, 128, 6000)","trial, channel, time",trial,channel,time,84,128,6000,p1_relative,yes,None
230629,RRRX,LFP,ses230629-probe1-lfp-RRRX.npy,"(6, 128, 6000)","trial, channel, time",trial,channel,time,6,128,6000,p1_relative,yes,None
230629,RRXR,LFP,ses230629-probe1-lfp-RRXR.npy,"(2, 128, 6000)","trial, channel, time",trial,channel,time,2,128,6000,p1_relative,yes,None
230629,RXRR,LFP,ses230629-probe1-lfp-RXRR.npy,"(8, 128, 6000)","trial, channel, time",trial,channel,time,8,128,6000,p1_relative,yes,None
230629,AAAB,SPK,ses230629-units-probe0-spk-AAAB.npy,"(48, 354, 6000)","trial, unit, time",trial,unit,time,48,354,6000,p1_relative,yes,None
230629,AAAX,SPK,ses230629-units-probe0-spk-AAAX.npy,"(1, 354, 6000)","trial, unit, time",trial,unit,time,1,354,6000,p1_relative,yes,None
230629,AAXB,SPK,ses230629-units-probe0-spk-AAXB.npy,"(5, 354, 6000)","trial, unit, time",trial,unit,time,5,354,6000,p1_relative,yes,None
230629,AXAB,SPK,ses230629-units-probe0-spk-AXAB.npy,"(6, 354, 6000)","trial, unit, time",trial,unit,time,6,354,6000,p1_relative,yes,None
230629,BBBA,SPK,ses230629-units-probe0-spk-BBBA.npy,"(50, 354, 6000)","trial, unit, time",trial,unit,time,50,354,6000,p1_relative,yes,None
230629,BBBX,SPK,ses230629-units-probe0-spk-BBBX.npy,"(2, 354, 6000)","trial, unit, time",trial,unit,time,2,354,6000,p1_relative,yes,None
230629,BBXA,SPK,ses230629-units-probe0-spk-BBXA.npy,"(3, 354, 6000)","trial, unit, time",trial,unit,time,3,354,6000,p1_relative,yes,None
230629,BXBA,SPK,ses230629-units-probe0-spk-BXBA.npy,"(5, 354, 6000)","trial, unit, time",trial,unit,time,5,354,6000,p1_relative,yes,None
230629,RRRR,SPK,ses230629-units-probe0-spk-RRRR.npy,"(84, 354, 6000)","trial, unit, time",trial,unit,time,84,354,6000,p1_relative,yes,None
230629,RRRX,SPK,ses230629-units-probe0-spk-RRRX.npy,"(6, 354, 6000)","trial, unit, time",trial,unit,time,6,354,6000,p1_relative,yes,None
230629,RRXR,SPK,ses230629-units-probe0-spk-RRXR.npy,"(2, 354, 6000)","trial, unit, time",trial,unit,time,2,354,6000,p1_relative,yes,None
230629,RXRR,SPK,ses230629-units-probe0-spk-RXRR.npy,"(8, 354, 6000)","trial, unit, time",trial,unit,time,8,354,6000,p1_relative,yes,None
230629,AAAB,SPK,ses230629-units-probe1-spk-AAAB.npy,"(48, 110, 6000)","trial, unit, time",trial,unit,time,48,110,6000,p1_relative,yes,None
230629,AAAX,SPK,ses230629-units-probe1-spk-AAAX.npy,"(1, 110, 6000)","trial, unit, time",trial,unit,time,1,110,6000,p1_relative,yes,None
230629,AAXB,SPK,ses230629-units-probe1-spk-AAXB.npy,"(5, 110, 6000)","trial, unit, time",trial,unit,time,5,110,6000,p1_relative,yes,None
230629,AXAB,SPK,ses230629-units-probe1-spk-AXAB.npy,"(6, 110, 6000)","trial, unit, time",trial,unit,time,6,110,6000,p1_relative,yes,None
230629,BBBA,SPK,ses230629-units-probe1-spk-BBBA.npy,"(50, 110, 6000)","trial, unit, time",trial,unit,time,50,110,6000,p1_relative,yes,None
230629,BBBX,SPK,ses230629-units-probe1-spk-BBBX.npy,"(2, 110, 6000)","trial, unit, time",trial,unit,time,2,110,6000,p1_relative,yes,None
230629,BBXA,SPK,ses230629-units-probe1-spk-BBXA.npy,"(3, 110, 6000)","trial, unit, time",trial,unit,time,3,110,6000,p1_relative,yes,None
230629,BXBA,SPK,ses230629-units-probe1-spk-BXBA.npy,"(5, 110, 6000)","trial, unit, time",trial,unit,time,5,110,6000,p1_relative,yes,None
230629,RRRR,SPK,ses230629-units-probe1-spk-RRRR.npy,"(84, 110, 6000)","trial, unit, time",trial,unit,time,84,110,6000,p1_relative,yes,None
230629,RRRX,SPK,ses230629-units-probe1-spk-RRRX.npy,"(6, 110, 6000)","trial, unit, time",trial,unit,time,6,110,6000,p1_relative,yes,None
230629,RRXR,SPK,ses230629-units-probe1-spk-RRXR.npy,"(2, 110, 6000)","trial, unit, time",trial,unit,time,2,110,6000,p1_relative,yes,None
230629,RXRR,SPK,ses230629-units-probe1-spk-RXRR.npy,"(8, 110, 6000)","trial, unit, time",trial,unit,time,8,110,6000,p1_relative,yes,None
230630,AAAB,LFP,ses230630-probe0-lfp-AAAB.npy,"(44, 128, 6000)","trial, channel, time",trial,channel,time,44,128,6000,p1_relative,yes,None
230630,AAAX,LFP,ses230630-probe0-lfp-AAAX.npy,"(3, 128, 6000)","trial, channel, time",trial,channel,time,3,128,6000,p1_relative,yes,None
230630,AAXB,LFP,ses230630-probe0-lfp-AAXB.npy,"(6, 128, 6000)","trial, channel, time",trial,channel,time,6,128,6000,p1_relative,yes,None
230630,AXAB,LFP,ses230630-probe0-lfp-AXAB.npy,"(7, 128, 6000)","trial, channel, time",trial,channel,time,7,128,6000,p1_relative,yes,None
230630,BBBA,LFP,ses230630-probe0-lfp-BBBA.npy,"(39, 128, 6000)","trial, channel, time",trial,channel,time,39,128,6000,p1_relative,yes,None
230630,BBBX,LFP,ses230630-probe0-lfp-BBBX.npy,"(8, 128, 6000)","trial, channel, time",trial,channel,time,8,128,6000,p1_relative,yes,None
230630,BBXA,LFP,ses230630-probe0-lfp-BBXA.npy,"(7, 128, 6000)","trial, channel, time",trial,channel,time,7,128,6000,p1_relative,yes,None
230630,BXBA,LFP,ses230630-probe0-lfp-BXBA.npy,"(6, 128, 6000)","trial, channel, time",trial,channel,time,6,128,6000,p1_relative,yes,None
230630,RRRR,LFP,ses230630-probe0-lfp-RRRR.npy,"(82, 128, 6000)","trial, channel, time",trial,channel,time,82,128,6000,p1_relative,yes,None
230630,RRRX,LFP,ses230630-probe0-lfp-RRRX.npy,"(9, 128, 6000)","trial, channel, time",trial,channel,time,9,128,6000,p1_relative,yes,None
230630,RRXR,LFP,ses230630-probe0-lfp-RRXR.npy,"(2, 128, 6000)","trial, channel, time",trial,channel,time,2,128,6000,p1_relative,yes,None
230630,RXRR,LFP,ses230630-probe0-lfp-RXRR.npy,"(7, 128, 6000)","trial, channel, time",trial,channel,time,7,128,6000,p1_relative,yes,None
230630,AAAB,LFP,ses230630-probe1-lfp-AAAB.npy,"(44, 128, 6000)","trial, channel, time",trial,channel,time,44,128,6000,p1_relative,yes,None
230630,AAAX,LFP,ses230630-probe1-lfp-AAAX.npy,"(3, 128, 6000)","trial, channel, time",trial,channel,time,3,128,6000,p1_relative,yes,None
230630,AAXB,LFP,ses230630-probe1-lfp-AAXB.npy,"(6, 128, 6000)","trial, channel, time",trial,channel,time,6,128,6000,p1_relative,yes,None
230630,AXAB,LFP,ses230630-probe1-lfp-AXAB.npy,"(7, 128, 6000)","trial, channel, time",trial,channel,time,7,128,6000,p1_relative,yes,None
230630,BBBA,LFP,ses230630-probe1-lfp-BBBA.npy,"(39, 128, 6000)","trial, channel, time",trial,channel,time,39,128,6000,p1_relative,yes,None
230630,BBBX,LFP,ses230630-probe1-lfp-BBBX.npy,"(8, 128, 6000)","trial, channel, time",trial,channel,time,8,128,6000,p1_relative,yes,None
230630,BBXA,LFP,ses230630-probe1-lfp-BBXA.npy,"(7, 128, 6000)","trial, channel, time",trial,channel,time,7,128,6000,p1_relative,yes,None
230630,BXBA,LFP,ses230630-probe1-lfp-BXBA.npy,"(6, 128, 6000)","trial, channel, time",trial,channel,time,6,128,6000,p1_relative,yes,None
230630,RRRR,LFP,ses230630-probe1-lfp-RRRR.npy,"(82, 128, 6000)","trial, channel, time",trial,channel,time,82,128,6000,p1_relative,yes,None
230630,RRRX,LFP,ses230630-probe1-lfp-RRRX.npy,"(9, 128, 6000)","trial, channel, time",trial,channel,time,9,128,6000,p1_relative,yes,None
230630,RRXR,LFP,ses230630-probe1-lfp-RRXR.npy,"(2, 128, 6000)","trial, channel, time",trial,channel,time,2,128,6000,p1_relative,yes,None
230630,RXRR,LFP,ses230630-probe1-lfp-RXRR.npy,"(7, 128, 6000)","trial, channel, time",trial,channel,time,7,128,6000,p1_relative,yes,None
230630,AAAB,LFP,ses230630-probe2-lfp-AAAB.npy,"(44, 128, 6000)","trial, channel, time",trial,channel,time,44,128,6000,p1_relative,yes,None
230630,AAAX,LFP,ses230630-probe2-lfp-AAAX.npy,"(3, 128, 6000)","trial, channel, time",trial,channel,time,3,128,6000,p1_relative,yes,None
230630,AAXB,LFP,ses230630-probe2-lfp-AAXB.npy,"(6, 128, 6000)","trial, channel, time",trial,channel,time,6,128,6000,p1_relative,yes,None
230630,AXAB,LFP,ses230630-probe2-lfp-AXAB.npy,"(7, 128, 6000)","trial, channel, time",trial,channel,time,7,128,6000,p1_relative,yes,None
230630,BBBA,LFP,ses230630-probe2-lfp-BBBA.npy,"(39, 128, 6000)","trial, channel, time",trial,channel,time,39,128,6000,p1_relative,yes,None
230630,BBBX,LFP,ses230630-probe2-lfp-BBBX.npy,"(8, 128, 6000)","trial, channel, time",trial,channel,time,8,128,6000,p1_relative,yes,None
230630,BBXA,LFP,ses230630-probe2-lfp-BBXA.npy,"(7, 128, 6000)","trial, channel, time",trial,channel,time,7,128,6000,p1_relative,yes,None
230630,BXBA,LFP,ses230630-probe2-lfp-BXBA.npy,"(6, 128, 6000)","trial, channel, time",trial,channel,time,6,128,6000,p1_relative,yes,None
230630,RRRR,LFP,ses230630-probe2-lfp-RRRR.npy,"(82, 128, 6000)","trial, channel, time",trial,channel,time,82,128,6000,p1_relative,yes,None
230630,RRRX,LFP,ses230630-probe2-lfp-RRRX.npy,"(9, 128, 6000)","trial, channel, time",trial,channel,time,9,128,6000,p1_relative,yes,None
230630,RRXR,LFP,ses230630-probe2-lfp-RRXR.npy,"(2, 128, 6000)","trial, channel, time",trial,channel,time,2,128,6000,p1_relative,yes,None
230630,RXRR,LFP,ses230630-probe2-lfp-RXRR.npy,"(7, 128, 6000)","trial, channel, time",trial,channel,time,7,128,6000,p1_relative,yes,None
230630,AAAB,SPK,ses230630-units-probe0-spk-AAAB.npy,"(44, 29, 6000)","trial, unit, time",trial,unit,time,44,29,6000,p1_relative,yes,None
230630,AAAX,SPK,ses230630-units-probe0-spk-AAAX.npy,"(3, 29, 6000)","trial, unit, time",trial,unit,time,3,29,6000,p1_relative,yes,None
230630,AAXB,SPK,ses230630-units-probe0-spk-AAXB.npy,"(6, 29, 6000)","trial, unit, time",trial,unit,time,6,29,6000,p1_relative,yes,None
230630,AXAB,SPK,ses230630-units-probe0-spk-AXAB.npy,"(7, 29, 6000)","trial, unit, time",trial,unit,time,7,29,6000,p1_relative,yes,None
230630,BBBA,SPK,ses230630-units-probe0-spk-BBBA.npy,"(39, 29, 6000)","trial, unit, time",trial,unit,time,39,29,6000,p1_relative,yes,None
230630,BBBX,SPK,ses230630-units-probe0-spk-BBBX.npy,"(8, 29, 6000)","trial, unit, time",trial,unit,time,8,29,6000,p1_relative,yes,None
230630,BBXA,SPK,ses230630-units-probe0-spk-BBXA.npy,"(7, 29, 6000)","trial, unit, time",trial,unit,time,7,29,6000,p1_relative,yes,None
230630,BXBA,SPK,ses230630-units-probe0-spk-BXBA.npy,"(6, 29, 6000)","trial, unit, time",trial,unit,time,6,29,6000,p1_relative,yes,None
230630,RRRR,SPK,ses230630-units-probe0-spk-RRRR.npy,"(82, 29, 6000)","trial, unit, time",trial,unit,time,82,29,6000,p1_relative,yes,None
230630,RRRX,SPK,ses230630-units-probe0-spk-RRRX.npy,"(9, 29, 6000)","trial, unit, time",trial,unit,time,9,29,6000,p1_relative,yes,None
230630,RRXR,SPK,ses230630-units-probe0-spk-RRXR.npy,"(2, 29, 6000)","trial, unit, time",trial,unit,time,2,29,6000,p1_relative,yes,None
230630,RXRR,SPK,ses230630-units-probe0-spk-RXRR.npy,"(7, 29, 6000)","trial, unit, time",trial,unit,time,7,29,6000,p1_relative,yes,None
230630,AAAB,SPK,ses230630-units-probe1-spk-AAAB.npy,"(44, 88, 6000)","trial, unit, time",trial,unit,time,44,88,6000,p1_relative,yes,None
230630,AAAX,SPK,ses230630-units-probe1-spk-AAAX.npy,"(3, 88, 6000)","trial, unit, time",trial,unit,time,3,88,6000,p1_relative,yes,None
230630,AAXB,SPK,ses230630-units-probe1-spk-AAXB.npy,"(6, 88, 6000)","trial, unit, time",trial,unit,time,6,88,6000,p1_relative,yes,None
230630,AXAB,SPK,ses230630-units-probe1-spk-AXAB.npy,"(7, 88, 6000)","trial, unit, time",trial,unit,time,7,88,6000,p1_relative,yes,None
230630,BBBA,SPK,ses230630-units-probe1-spk-BBBA.npy,"(39, 88, 6000)","trial, unit, time",trial,unit,time,39,88,6000,p1_relative,yes,None
230630,BBBX,SPK,ses230630-units-probe1-spk-BBBX.npy,"(8, 88, 6000)","trial, unit, time",trial,unit,time,8,88,6000,p1_relative,yes,None
230630,BBXA,SPK,ses230630-units-probe1-spk-BBXA.npy,"(7, 88, 6000)","trial, unit, time",trial,unit,time,7,88,6000,p1_relative,yes,None
230630,BXBA,SPK,ses230630-units-probe1-spk-BXBA.npy,"(6, 88, 6000)","trial, unit, time",trial,unit,time,6,88,6000,p1_relative,yes,None
230630,RRRR,SPK,ses230630-units-probe1-spk-RRRR.npy,"(82, 88, 6000)","trial, unit, time",trial,unit,time,82,88,6000,p1_relative,yes,None
230630,RRRX,SPK,ses230630-units-probe1-spk-RRRX.npy,"(9, 88, 6000)","trial, unit, time",trial,unit,time,9,88,6000,p1_relative,yes,None
230630,RRXR,SPK,ses230630-units-probe1-spk-RRXR.npy,"(2, 88, 6000)","trial, unit, time",trial,unit,time,2,88,6000,p1_relative,yes,None
230630,RXRR,SPK,ses230630-units-probe1-spk-RXRR.npy,"(7, 88, 6000)","trial, unit, time",trial,unit,time,7,88,6000,p1_relative,yes,None
230630,AAAB,SPK,ses230630-units-probe2-spk-AAAB.npy,"(44, 50, 6000)","trial, unit, time",trial,unit,time,44,50,6000,p1_relative,yes,None
230630,AAAX,SPK,ses230630-units-probe2-spk-AAAX.npy,"(3, 50, 6000)","trial, unit, time",trial,unit,time,3,50,6000,p1_relative,yes,None
230630,AAXB,SPK,ses230630-units-probe2-spk-AAXB.npy,"(6, 50, 6000)","trial, unit, time",trial,unit,time,6,50,6000,p1_relative,yes,None
230630,AXAB,SPK,ses230630-units-probe2-spk-AXAB.npy,"(7, 50, 6000)","trial, unit, time",trial,unit,time,7,50,6000,p1_relative,yes,None
230630,BBBA,SPK,ses230630-units-probe2-spk-BBBA.npy,"(39, 50, 6000)","trial, unit, time",trial,unit,time,39,50,6000,p1_relative,yes,None
230630,BBBX,SPK,ses230630-units-probe2-spk-BBBX.npy,"(8, 50, 6000)","trial, unit, time",trial,unit,time,8,50,6000,p1_relative,yes,None
230630,BBXA,SPK,ses230630-units-probe2-spk-BBXA.npy,"(7, 50, 6000)","trial, unit, time",trial,unit,time,7,50,6000,p1_relative,yes,None
230630,BXBA,SPK,ses230630-units-probe2-spk-BXBA.npy,"(6, 50, 6000)","trial, unit, time",trial,unit,time,6,50,6000,p1_relative,yes,None
230630,RRRR,SPK,ses230630-units-probe2-spk-RRRR.npy,"(82, 50, 6000)","trial, unit, time",trial,unit,time,82,50,6000,p1_relative,yes,None
230630,RRRX,SPK,ses230630-units-probe2-spk-RRRX.npy,"(9, 50, 6000)","trial, unit, time",trial,unit,time,9,50,6000,p1_relative,yes,None
230630,RRXR,SPK,ses230630-units-probe2-spk-RRXR.npy,"(2, 50, 6000)","trial, unit, time",trial,unit,time,2,50,6000,p1_relative,yes,None
230630,RXRR,SPK,ses230630-units-probe2-spk-RXRR.npy,"(7, 50, 6000)","trial, unit, time",trial,unit,time,7,50,6000,p1_relative,yes,None
230714,AAAB,LFP,ses230714-probe0-lfp-AAAB.npy,"(221, 128, 6000)","trial, channel, time",trial,channel,time,221,128,6000,p1_relative,yes,None
230714,AAAX,LFP,ses230714-probe0-lfp-AAAX.npy,"(38, 128, 6000)","trial, channel, time",trial,channel,time,38,128,6000,p1_relative,yes,None
230714,AAXB,LFP,ses230714-probe0-lfp-AAXB.npy,"(33, 128, 6000)","trial, channel, time",trial,channel,time,33,128,6000,p1_relative,yes,None
230714,AXAB,LFP,ses230714-probe0-lfp-AXAB.npy,"(38, 128, 6000)","trial, channel, time",trial,channel,time,38,128,6000,p1_relative,yes,None
230714,BBBA,LFP,ses230714-probe0-lfp-BBBA.npy,"(239, 128, 6000)","trial, channel, time",trial,channel,time,239,128,6000,p1_relative,yes,None
230714,BBBX,LFP,ses230714-probe0-lfp-BBBX.npy,"(33, 128, 6000)","trial, channel, time",trial,channel,time,33,128,6000,p1_relative,yes,None
230714,BBXA,LFP,ses230714-probe0-lfp-BBXA.npy,"(35, 128, 6000)","trial, channel, time",trial,channel,time,35,128,6000,p1_relative,yes,None
230714,BXBA,LFP,ses230714-probe0-lfp-BXBA.npy,"(23, 128, 6000)","trial, channel, time",trial,channel,time,23,128,6000,p1_relative,yes,None
230714,RRRR,LFP,ses230714-probe0-lfp-RRRR.npy,"(155, 128, 6000)","trial, channel, time",trial,channel,time,155,128,6000,p1_relative,yes,None
230714,RRRX,LFP,ses230714-probe0-lfp-RRRX.npy,"(73, 128, 6000)","trial, channel, time",trial,channel,time,73,128,6000,p1_relative,yes,None
230714,RRXR,LFP,ses230714-probe0-lfp-RRXR.npy,"(28, 128, 6000)","trial, channel, time",trial,channel,time,28,128,6000,p1_relative,yes,None
230714,RXRR,LFP,ses230714-probe0-lfp-RXRR.npy,"(44, 128, 6000)","trial, channel, time",trial,channel,time,44,128,6000,p1_relative,yes,None
230714,AAAB,LFP,ses230714-probe1-lfp-AAAB.npy,"(221, 128, 6000)","trial, channel, time",trial,channel,time,221,128,6000,p1_relative,yes,None
230714,AAAX,LFP,ses230714-probe1-lfp-AAAX.npy,"(38, 128, 6000)","trial, channel, time",trial,channel,time,38,128,6000,p1_relative,yes,None
230714,AAXB,LFP,ses230714-probe1-lfp-AAXB.npy,"(33, 128, 6000)","trial, channel, time",trial,channel,time,33,128,6000,p1_relative,yes,None
230714,AXAB,LFP,ses230714-probe1-lfp-AXAB.npy,"(38, 128, 6000)","trial, channel, time",trial,channel,time,38,128,6000,p1_relative,yes,None
230714,BBBA,LFP,ses230714-probe1-lfp-BBBA.npy,"(239, 128, 6000)","trial, channel, time",trial,channel,time,239,128,6000,p1_relative,yes,None
230714,BBBX,LFP,ses230714-probe1-lfp-BBBX.npy,"(33, 128, 6000)","trial, channel, time",trial,channel,time,33,128,6000,p1_relative,yes,None
230714,BBXA,LFP,ses230714-probe1-lfp-BBXA.npy,"(35, 128, 6000)","trial, channel, time",trial,channel,time,35,128,6000,p1_relative,yes,None
230714,BXBA,LFP,ses230714-probe1-lfp-BXBA.npy,"(23, 128, 6000)","trial, channel, time",trial,channel,time,23,128,6000,p1_relative,yes,None
230714,RRRR,LFP,ses230714-probe1-lfp-RRRR.npy,"(155, 128, 6000)","trial, channel, time",trial,channel,time,155,128,6000,p1_relative,yes,None
230714,RRRX,LFP,ses230714-probe1-lfp-RRRX.npy,"(73, 128, 6000)","trial, channel, time",trial,channel,time,73,128,6000,p1_relative,yes,None
230714,RRXR,LFP,ses230714-probe1-lfp-RRXR.npy,"(28, 128, 6000)","trial, channel, time",trial,channel,time,28,128,6000,p1_relative,yes,None
230714,RXRR,LFP,ses230714-probe1-lfp-RXRR.npy,"(44, 128, 6000)","trial, channel, time",trial,channel,time,44,128,6000,p1_relative,yes,None
230714,AAAB,SPK,ses230714-units-probe0-spk-AAAB.npy,"(221, 423, 6000)","trial, unit, time",trial,unit,time,221,423,6000,p1_relative,yes,None
230714,AAAX,SPK,ses230714-units-probe0-spk-AAAX.npy,"(38, 423, 6000)","trial, unit, time",trial,unit,time,38,423,6000,p1_relative,yes,None
230714,AAXB,SPK,ses230714-units-probe0-spk-AAXB.npy,"(33, 423, 6000)","trial, unit, time",trial,unit,time,33,423,6000,p1_relative,yes,None
230714,AXAB,SPK,ses230714-units-probe0-spk-AXAB.npy,"(38, 423, 6000)","trial, unit, time",trial,unit,time,38,423,6000,p1_relative,yes,None
230714,BBBA,SPK,ses230714-units-probe0-spk-BBBA.npy,"(239, 423, 6000)","trial, unit, time",trial,unit,time,239,423,6000,p1_relative,yes,None
230714,BBBX,SPK,ses230714-units-probe0-spk-BBBX.npy,"(33, 423, 6000)","trial, unit, time",trial,unit,time,33,423,6000,p1_relative,yes,None
230714,BBXA,SPK,ses230714-units-probe0-spk-BBXA.npy,"(35, 423, 6000)","trial, unit, time",trial,unit,time,35,423,6000,p1_relative,yes,None
230714,BXBA,SPK,ses230714-units-probe0-spk-BXBA.npy,"(23, 423, 6000)","trial, unit, time",trial,unit,time,23,423,6000,p1_relative,yes,None
230714,RRRR,SPK,ses230714-units-probe0-spk-RRRR.npy,"(155, 423, 6000)","trial, unit, time",trial,unit,time,155,423,6000,p1_relative,yes,None
230714,RRRX,SPK,ses230714-units-probe0-spk-RRRX.npy,"(73, 423, 6000)","trial, unit, time",trial,unit,time,73,423,6000,p1_relative,yes,None
230714,RRXR,SPK,ses230714-units-probe0-spk-RRXR.npy,"(28, 423, 6000)","trial, unit, time",trial,unit,time,28,423,6000,p1_relative,yes,None
230714,RXRR,SPK,ses230714-units-probe0-spk-RXRR.npy,"(44, 423, 6000)","trial, unit, time",trial,unit,time,44,423,6000,p1_relative,yes,None
230714,AAAB,SPK,ses230714-units-probe1-spk-AAAB.npy,"(221, 166, 6000)","trial, unit, time",trial,unit,time,221,166,6000,p1_relative,yes,None
230714,AAAX,SPK,ses230714-units-probe1-spk-AAAX.npy,"(38, 166, 6000)","trial, unit, time",trial,unit,time,38,166,6000,p1_relative,yes,None
230714,AAXB,SPK,ses230714-units-probe1-spk-AAXB.npy,"(33, 166, 6000)","trial, unit, time",trial,unit,time,33,166,6000,p1_relative,yes,None
230714,AXAB,SPK,ses230714-units-probe1-spk-AXAB.npy,"(38, 166, 6000)","trial, unit, time",trial,unit,time,38,166,6000,p1_relative,yes,None
230714,BBBA,SPK,ses230714-units-probe1-spk-BBBA.npy,"(239, 166, 6000)","trial, unit, time",trial,unit,time,239,166,6000,p1_relative,yes,None
230714,BBBX,SPK,ses230714-units-probe1-spk-BBBX.npy,"(33, 166, 6000)","trial, unit, time",trial,unit,time,33,166,6000,p1_relative,yes,None
230714,BBXA,SPK,ses230714-units-probe1-spk-BBXA.npy,"(35, 166, 6000)","trial, unit, time",trial,unit,time,35,166,6000,p1_relative,yes,None
230714,BXBA,SPK,ses230714-units-probe1-spk-BXBA.npy,"(23, 166, 6000)","trial, unit, time",trial,unit,time,23,166,6000,p1_relative,yes,None
230714,RRRR,SPK,ses230714-units-probe1-spk-RRRR.npy,"(155, 166, 6000)","trial, unit, time",trial,unit,time,155,166,6000,p1_relative,yes,None
230714,RRRX,SPK,ses230714-units-probe1-spk-RRRX.npy,"(73, 166, 6000)","trial, unit, time",trial,unit,time,73,166,6000,p1_relative,yes,None
230714,RRXR,SPK,ses230714-units-probe1-spk-RRXR.npy,"(28, 166, 6000)","trial, unit, time",trial,unit,time,28,166,6000,p1_relative,yes,None
230714,RXRR,SPK,ses230714-units-probe1-spk-RXRR.npy,"(44, 166, 6000)","trial, unit, time",trial,unit,time,44,166,6000,p1_relative,yes,None
230719,AAAB,LFP,ses230719-probe0-lfp-AAAB.npy,"(238, 128, 6000)","trial, channel, time",trial,channel,time,238,128,6000,p1_relative,yes,None
230719,AAAX,LFP,ses230719-probe0-lfp-AAAX.npy,"(31, 128, 6000)","trial, channel, time",trial,channel,time,31,128,6000,p1_relative,yes,None
230719,AAXB,LFP,ses230719-probe0-lfp-AAXB.npy,"(35, 128, 6000)","trial, channel, time",trial,channel,time,35,128,6000,p1_relative,yes,None
230719,AXAB,LFP,ses230719-probe0-lfp-AXAB.npy,"(26, 128, 6000)","trial, channel, time",trial,channel,time,26,128,6000,p1_relative,yes,None
230719,BBBA,LFP,ses230719-probe0-lfp-BBBA.npy,"(232, 128, 6000)","trial, channel, time",trial,channel,time,232,128,6000,p1_relative,yes,None
230719,BBBX,LFP,ses230719-probe0-lfp-BBBX.npy,"(35, 128, 6000)","trial, channel, time",trial,channel,time,35,128,6000,p1_relative,yes,None
230719,BBXA,LFP,ses230719-probe0-lfp-BBXA.npy,"(30, 128, 6000)","trial, channel, time",trial,channel,time,30,128,6000,p1_relative,yes,None
230719,BXBA,LFP,ses230719-probe0-lfp-BXBA.npy,"(33, 128, 6000)","trial, channel, time",trial,channel,time,33,128,6000,p1_relative,yes,None
230719,RRRR,LFP,ses230719-probe0-lfp-RRRR.npy,"(136, 128, 6000)","trial, channel, time",trial,channel,time,136,128,6000,p1_relative,yes,None
230719,RRRX,LFP,ses230719-probe0-lfp-RRRX.npy,"(90, 128, 6000)","trial, channel, time",trial,channel,time,90,128,6000,p1_relative,yes,None
230719,RRXR,LFP,ses230719-probe0-lfp-RRXR.npy,"(17, 128, 6000)","trial, channel, time",trial,channel,time,17,128,6000,p1_relative,yes,None
230719,RXRR,LFP,ses230719-probe0-lfp-RXRR.npy,"(57, 128, 6000)","trial, channel, time",trial,channel,time,57,128,6000,p1_relative,yes,None
230719,AAAB,LFP,ses230719-probe1-lfp-AAAB.npy,"(238, 128, 6000)","trial, channel, time",trial,channel,time,238,128,6000,p1_relative,yes,None
230719,AAAX,LFP,ses230719-probe1-lfp-AAAX.npy,"(31, 128, 6000)","trial, channel, time",trial,channel,time,31,128,6000,p1_relative,yes,None
230719,AAXB,LFP,ses230719-probe1-lfp-AAXB.npy,"(35, 128, 6000)","trial, channel, time",trial,channel,time,35,128,6000,p1_relative,yes,None
230719,AXAB,LFP,ses230719-probe1-lfp-AXAB.npy,"(26, 128, 6000)","trial, channel, time",trial,channel,time,26,128,6000,p1_relative,yes,None
230719,BBBA,LFP,ses230719-probe1-lfp-BBBA.npy,"(232, 128, 6000)","trial, channel, time",trial,channel,time,232,128,6000,p1_relative,yes,None
230719,BBBX,LFP,ses230719-probe1-lfp-BBBX.npy,"(35, 128, 6000)","trial, channel, time",trial,channel,time,35,128,6000,p1_relative,yes,None
230719,BBXA,LFP,ses230719-probe1-lfp-BBXA.npy,"(30, 128, 6000)","trial, channel, time",trial,channel,time,30,128,6000,p1_relative,yes,None
230719,BXBA,LFP,ses230719-probe1-lfp-BXBA.npy,"(33, 128, 6000)","trial, channel, time",trial,channel,time,33,128,6000,p1_relative,yes,None
230719,RRRR,LFP,ses230719-probe1-lfp-RRRR.npy,"(136, 128, 6000)","trial, channel, time",trial,channel,time,136,128,6000,p1_relative,yes,None
230719,RRRX,LFP,ses230719-probe1-lfp-RRRX.npy,"(90, 128, 6000)","trial, channel, time",trial,channel,time,90,128,6000,p1_relative,yes,None
230719,RRXR,LFP,ses230719-probe1-lfp-RRXR.npy,"(17, 128, 6000)","trial, channel, time",trial,channel,time,17,128,6000,p1_relative,yes,None
230719,RXRR,LFP,ses230719-probe1-lfp-RXRR.npy,"(57, 128, 6000)","trial, channel, time",trial,channel,time,57,128,6000,p1_relative,yes,None
230719,AAAB,LFP,ses230719-probe2-lfp-AAAB.npy,"(238, 128, 6000)","trial, channel, time",trial,channel,time,238,128,6000,p1_relative,yes,None
230719,AAAX,LFP,ses230719-probe2-lfp-AAAX.npy,"(31, 128, 6000)","trial, channel, time",trial,channel,time,31,128,6000,p1_relative,yes,None
230719,AAXB,LFP,ses230719-probe2-lfp-AAXB.npy,"(35, 128, 6000)","trial, channel, time",trial,channel,time,35,128,6000,p1_relative,yes,None
230719,AXAB,LFP,ses230719-probe2-lfp-AXAB.npy,"(26, 128, 6000)","trial, channel, time",trial,channel,time,26,128,6000,p1_relative,yes,None
230719,BBBA,LFP,ses230719-probe2-lfp-BBBA.npy,"(232, 128, 6000)","trial, channel, time",trial,channel,time,232,128,6000,p1_relative,yes,None
230719,BBBX,LFP,ses230719-probe2-lfp-BBBX.npy,"(35, 128, 6000)","trial, channel, time",trial,channel,time,35,128,6000,p1_relative,yes,None
230719,BBXA,LFP,ses230719-probe2-lfp-BBXA.npy,"(30, 128, 6000)","trial, channel, time",trial,channel,time,30,128,6000,p1_relative,yes,None
230719,BXBA,LFP,ses230719-probe2-lfp-BXBA.npy,"(33, 128, 6000)","trial, channel, time",trial,channel,time,33,128,6000,p1_relative,yes,None
230719,RRRR,LFP,ses230719-probe2-lfp-RRRR.npy,"(136, 128, 6000)","trial, channel, time",trial,channel,time,136,128,6000,p1_relative,yes,None
230719,RRRX,LFP,ses230719-probe2-lfp-RRRX.npy,"(90, 128, 6000)","trial, channel, time",trial,channel,time,90,128,6000,p1_relative,yes,None
230719,RRXR,LFP,ses230719-probe2-lfp-RRXR.npy,"(17, 128, 6000)","trial, channel, time",trial,channel,time,17,128,6000,p1_relative,yes,None
230719,RXRR,LFP,ses230719-probe2-lfp-RXRR.npy,"(57, 128, 6000)","trial, channel, time",trial,channel,time,57,128,6000,p1_relative,yes,None
230719,AAAB,SPK,ses230719-units-probe0-spk-AAAB.npy,"(238, 288, 6000)","trial, unit, time",trial,unit,time,238,288,6000,p1_relative,yes,None
230719,AAAX,SPK,ses230719-units-probe0-spk-AAAX.npy,"(31, 288, 6000)","trial, unit, time",trial,unit,time,31,288,6000,p1_relative,yes,None
230719,AAXB,SPK,ses230719-units-probe0-spk-AAXB.npy,"(35, 288, 6000)","trial, unit, time",trial,unit,time,35,288,6000,p1_relative,yes,None
230719,AXAB,SPK,ses230719-units-probe0-spk-AXAB.npy,"(26, 288, 6000)","trial, unit, time",trial,unit,time,26,288,6000,p1_relative,yes,None
230719,BBBA,SPK,ses230719-units-probe0-spk-BBBA.npy,"(232, 288, 6000)","trial, unit, time",trial,unit,time,232,288,6000,p1_relative,yes,None
230719,BBBX,SPK,ses230719-units-probe0-spk-BBBX.npy,"(35, 288, 6000)","trial, unit, time",trial,unit,time,35,288,6000,p1_relative,yes,None
230719,BBXA,SPK,ses230719-units-probe0-spk-BBXA.npy,"(30, 288, 6000)","trial, unit, time",trial,unit,time,30,288,6000,p1_relative,yes,None
230719,BXBA,SPK,ses230719-units-probe0-spk-BXBA.npy,"(33, 288, 6000)","trial, unit, time",trial,unit,time,33,288,6000,p1_relative,yes,None
230719,RRRR,SPK,ses230719-units-probe0-spk-RRRR.npy,"(136, 288, 6000)","trial, unit, time",trial,unit,time,136,288,6000,p1_relative,yes,None
230719,RRRX,SPK,ses230719-units-probe0-spk-RRRX.npy,"(90, 288, 6000)","trial, unit, time",trial,unit,time,90,288,6000,p1_relative,yes,None
230719,RRXR,SPK,ses230719-units-probe0-spk-RRXR.npy,"(17, 288, 6000)","trial, unit, time",trial,unit,time,17,288,6000,p1_relative,yes,None
230719,RXRR,SPK,ses230719-units-probe0-spk-RXRR.npy,"(57, 288, 6000)","trial, unit, time",trial,unit,time,57,288,6000,p1_relative,yes,None
230719,AAAB,SPK,ses230719-units-probe2-spk-AAAB.npy,"(238, 127, 6000)","trial, unit, time",trial,unit,time,238,127,6000,p1_relative,yes,None
230719,AAAX,SPK,ses230719-units-probe2-spk-AAAX.npy,"(31, 127, 6000)","trial, unit, time",trial,unit,time,31,127,6000,p1_relative,yes,None
230719,AAXB,SPK,ses230719-units-probe2-spk-AAXB.npy,"(35, 127, 6000)","trial, unit, time",trial,unit,time,35,127,6000,p1_relative,yes,None
230719,AXAB,SPK,ses230719-units-probe2-spk-AXAB.npy,"(26, 127, 6000)","trial, unit, time",trial,unit,time,26,127,6000,p1_relative,yes,None
230719,BBBA,SPK,ses230719-units-probe2-spk-BBBA.npy,"(232, 127, 6000)","trial, unit, time",trial,unit,time,232,127,6000,p1_relative,yes,None
230719,BBBX,SPK,ses230719-units-probe2-spk-BBBX.npy,"(35, 127, 6000)","trial, unit, time",trial,unit,time,35,127,6000,p1_relative,yes,None
230719,BBXA,SPK,ses230719-units-probe2-spk-BBXA.npy,"(30, 127, 6000)","trial, unit, time",trial,unit,time,30,127,6000,p1_relative,yes,None
230719,BXBA,SPK,ses230719-units-probe2-spk-BXBA.npy,"(33, 127, 6000)","trial, unit, time",trial,unit,time,33,127,6000,p1_relative,yes,None
230719,RRRR,SPK,ses230719-units-probe2-spk-RRRR.npy,"(136, 127, 6000)","trial, unit, time",trial,unit,time,136,127,6000,p1_relative,yes,None
230719,RRRX,SPK,ses230719-units-probe2-spk-RRRX.npy,"(90, 127, 6000)","trial, unit, time",trial,unit,time,90,127,6000,p1_relative,yes,None
230719,RRXR,SPK,ses230719-units-probe2-spk-RRXR.npy,"(17, 127, 6000)","trial, unit, time",trial,unit,time,17,127,6000,p1_relative,yes,None
230719,RXRR,SPK,ses230719-units-probe2-spk-RXRR.npy,"(57, 127, 6000)","trial, unit, time",trial,unit,time,57,127,6000,p1_relative,yes,None
230720,AAAB,LFP,ses230720-probe0-lfp-AAAB.npy,"(240, 128, 6000)","trial, channel, time",trial,channel,time,240,128,6000,p1_relative,yes,None
230720,AAAX,LFP,ses230720-probe0-lfp-AAAX.npy,"(30, 128, 6000)","trial, channel, time",trial,channel,time,30,128,6000,p1_relative,yes,None
230720,AAXB,LFP,ses230720-probe0-lfp-AAXB.npy,"(30, 128, 6000)","trial, channel, time",trial,channel,time,30,128,6000,p1_relative,yes,None
230720,AXAB,LFP,ses230720-probe0-lfp-AXAB.npy,"(30, 128, 6000)","trial, channel, time",trial,channel,time,30,128,6000,p1_relative,yes,None
230720,BBBA,LFP,ses230720-probe0-lfp-BBBA.npy,"(225, 128, 6000)","trial, channel, time",trial,channel,time,225,128,6000,p1_relative,yes,None
230720,BBBX,LFP,ses230720-probe0-lfp-BBBX.npy,"(32, 128, 6000)","trial, channel, time",trial,channel,time,32,128,6000,p1_relative,yes,None
230720,BBXA,LFP,ses230720-probe0-lfp-BBXA.npy,"(39, 128, 6000)","trial, channel, time",trial,channel,time,39,128,6000,p1_relative,yes,None
230720,BXBA,LFP,ses230720-probe0-lfp-BXBA.npy,"(34, 128, 6000)","trial, channel, time",trial,channel,time,34,128,6000,p1_relative,yes,None
230720,RRRR,LFP,ses230720-probe0-lfp-RRRR.npy,"(139, 128, 6000)","trial, channel, time",trial,channel,time,139,128,6000,p1_relative,yes,None
230720,RRRX,LFP,ses230720-probe0-lfp-RRRX.npy,"(87, 128, 6000)","trial, channel, time",trial,channel,time,87,128,6000,p1_relative,yes,None
230720,RRXR,LFP,ses230720-probe0-lfp-RRXR.npy,"(38, 128, 6000)","trial, channel, time",trial,channel,time,38,128,6000,p1_relative,yes,None
230720,RXRR,LFP,ses230720-probe0-lfp-RXRR.npy,"(36, 128, 6000)","trial, channel, time",trial,channel,time,36,128,6000,p1_relative,yes,None
230720,AAAB,LFP,ses230720-probe1-lfp-AAAB.npy,"(240, 128, 6000)","trial, channel, time",trial,channel,time,240,128,6000,p1_relative,yes,None
230720,AAAX,LFP,ses230720-probe1-lfp-AAAX.npy,"(30, 128, 6000)","trial, channel, time",trial,channel,time,30,128,6000,p1_relative,yes,None
230720,AAXB,LFP,ses230720-probe1-lfp-AAXB.npy,"(30, 128, 6000)","trial, channel, time",trial,channel,time,30,128,6000,p1_relative,yes,None
230720,AXAB,LFP,ses230720-probe1-lfp-AXAB.npy,"(30, 128, 6000)","trial, channel, time",trial,channel,time,30,128,6000,p1_relative,yes,None
230720,BBBA,LFP,ses230720-probe1-lfp-BBBA.npy,"(225, 128, 6000)","trial, channel, time",trial,channel,time,225,128,6000,p1_relative,yes,None
230720,BBBX,LFP,ses230720-probe1-lfp-BBBX.npy,"(32, 128, 6000)","trial, channel, time",trial,channel,time,32,128,6000,p1_relative,yes,None
230720,BBXA,LFP,ses230720-probe1-lfp-BBXA.npy,"(39, 128, 6000)","trial, channel, time",trial,channel,time,39,128,6000,p1_relative,yes,None
230720,BXBA,LFP,ses230720-probe1-lfp-BXBA.npy,"(34, 128, 6000)","trial, channel, time",trial,channel,time,34,128,6000,p1_relative,yes,None
230720,RRRR,LFP,ses230720-probe1-lfp-RRRR.npy,"(139, 128, 6000)","trial, channel, time",trial,channel,time,139,128,6000,p1_relative,yes,None
230720,RRRX,LFP,ses230720-probe1-lfp-RRRX.npy,"(87, 128, 6000)","trial, channel, time",trial,channel,time,87,128,6000,p1_relative,yes,None
230720,RRXR,LFP,ses230720-probe1-lfp-RRXR.npy,"(38, 128, 6000)","trial, channel, time",trial,channel,time,38,128,6000,p1_relative,yes,None
230720,RXRR,LFP,ses230720-probe1-lfp-RXRR.npy,"(36, 128, 6000)","trial, channel, time",trial,channel,time,36,128,6000,p1_relative,yes,None
230720,AAAB,SPK,ses230720-units-probe0-spk-AAAB.npy,"(240, 181, 6000)","trial, unit, time",trial,unit,time,240,181,6000,p1_relative,yes,None
230720,AAAX,SPK,ses230720-units-probe0-spk-AAAX.npy,"(30, 181, 6000)","trial, unit, time",trial,unit,time,30,181,6000,p1_relative,yes,None
230720,AAXB,SPK,ses230720-units-probe0-spk-AAXB.npy,"(30, 181, 6000)","trial, unit, time",trial,unit,time,30,181,6000,p1_relative,yes,None
230720,AXAB,SPK,ses230720-units-probe0-spk-AXAB.npy,"(30, 181, 6000)","trial, unit, time",trial,unit,time,30,181,6000,p1_relative,yes,None
230720,BBBA,SPK,ses230720-units-probe0-spk-BBBA.npy,"(225, 181, 6000)","trial, unit, time",trial,unit,time,225,181,6000,p1_relative,yes,None
230720,BBBX,SPK,ses230720-units-probe0-spk-BBBX.npy,"(32, 181, 6000)","trial, unit, time",trial,unit,time,32,181,6000,p1_relative,yes,None
230720,BBXA,SPK,ses230720-units-probe0-spk-BBXA.npy,"(39, 181, 6000)","trial, unit, time",trial,unit,time,39,181,6000,p1_relative,yes,None
230720,BXBA,SPK,ses230720-units-probe0-spk-BXBA.npy,"(34, 181, 6000)","trial, unit, time",trial,unit,time,34,181,6000,p1_relative,yes,None
230720,RRRR,SPK,ses230720-units-probe0-spk-RRRR.npy,"(139, 181, 6000)","trial, unit, time",trial,unit,time,139,181,6000,p1_relative,yes,None
230720,RRRX,SPK,ses230720-units-probe0-spk-RRRX.npy,"(87, 181, 6000)","trial, unit, time",trial,unit,time,87,181,6000,p1_relative,yes,None
230720,RRXR,SPK,ses230720-units-probe0-spk-RRXR.npy,"(38, 181, 6000)","trial, unit, time",trial,unit,time,38,181,6000,p1_relative,yes,None
230720,RXRR,SPK,ses230720-units-probe0-spk-RXRR.npy,"(36, 181, 6000)","trial, unit, time",trial,unit,time,36,181,6000,p1_relative,yes,None
230720,AAAB,SPK,ses230720-units-probe1-spk-AAAB.npy,"(240, 136, 6000)","trial, unit, time",trial,unit,time,240,136,6000,p1_relative,yes,None
230720,AAAX,SPK,ses230720-units-probe1-spk-AAAX.npy,"(30, 136, 6000)","trial, unit, time",trial,unit,time,30,136,6000,p1_relative,yes,None
230720,AAXB,SPK,ses230720-units-probe1-spk-AAXB.npy,"(30, 136, 6000)","trial, unit, time",trial,unit,time,30,136,6000,p1_relative,yes,None
230720,AXAB,SPK,ses230720-units-probe1-spk-AXAB.npy,"(30, 136, 6000)","trial, unit, time",trial,unit,time,30,136,6000,p1_relative,yes,None
230720,BBBA,SPK,ses230720-units-probe1-spk-BBBA.npy,"(225, 136, 6000)","trial, unit, time",trial,unit,time,225,136,6000,p1_relative,yes,None
230720,BBBX,SPK,ses230720-units-probe1-spk-BBBX.npy,"(32, 136, 6000)","trial, unit, time",trial,unit,time,32,136,6000,p1_relative,yes,None
230720,BBXA,SPK,ses230720-units-probe1-spk-BBXA.npy,"(39, 136, 6000)","trial, unit, time",trial,unit,time,39,136,6000,p1_relative,yes,None
230720,BXBA,SPK,ses230720-units-probe1-spk-BXBA.npy,"(34, 136, 6000)","trial, unit, time",trial,unit,time,34,136,6000,p1_relative,yes,None
230720,RRRR,SPK,ses230720-units-probe1-spk-RRRR.npy,"(139, 136, 6000)","trial, unit, time",trial,unit,time,139,136,6000,p1_relative,yes,None
230720,RRRX,SPK,ses230720-units-probe1-spk-RRRX.npy,"(87, 136, 6000)","trial, unit, time",trial,unit,time,87,136,6000,p1_relative,yes,None
230720,RRXR,SPK,ses230720-units-probe1-spk-RRXR.npy,"(38, 136, 6000)","trial, unit, time",trial,unit,time,38,136,6000,p1_relative,yes,None
230720,RXRR,SPK,ses230720-units-probe1-spk-RXRR.npy,"(36, 136, 6000)","trial, unit, time",trial,unit,time,36,136,6000,p1_relative,yes,None
230721,AAAB,LFP,ses230721-probe0-lfp-AAAB.npy,"(238, 128, 6000)","trial, channel, time",trial,channel,time,238,128,6000,p1_relative,yes,None
230721,AAAX,LFP,ses230721-probe0-lfp-AAAX.npy,"(33, 128, 6000)","trial, channel, time",trial,channel,time,33,128,6000,p1_relative,yes,None
230721,AAXB,LFP,ses230721-probe0-lfp-AAXB.npy,"(32, 128, 6000)","trial, channel, time",trial,channel,time,32,128,6000,p1_relative,yes,None
230721,AXAB,LFP,ses230721-probe0-lfp-AXAB.npy,"(27, 128, 6000)","trial, channel, time",trial,channel,time,27,128,6000,p1_relative,yes,None
230721,BBBA,LFP,ses230721-probe0-lfp-BBBA.npy,"(231, 128, 6000)","trial, channel, time",trial,channel,time,231,128,6000,p1_relative,yes,None
230721,BBBX,LFP,ses230721-probe0-lfp-BBBX.npy,"(33, 128, 6000)","trial, channel, time",trial,channel,time,33,128,6000,p1_relative,yes,None
230721,BBXA,LFP,ses230721-probe0-lfp-BBXA.npy,"(34, 128, 6000)","trial, channel, time",trial,channel,time,34,128,6000,p1_relative,yes,None
230721,BXBA,LFP,ses230721-probe0-lfp-BXBA.npy,"(32, 128, 6000)","trial, channel, time",trial,channel,time,32,128,6000,p1_relative,yes,None
230721,RRRR,LFP,ses230721-probe0-lfp-RRRR.npy,"(140, 128, 6000)","trial, channel, time",trial,channel,time,140,128,6000,p1_relative,yes,None
230721,RRRX,LFP,ses230721-probe0-lfp-RRRX.npy,"(74, 128, 6000)","trial, channel, time",trial,channel,time,74,128,6000,p1_relative,yes,None
230721,RRXR,LFP,ses230721-probe0-lfp-RRXR.npy,"(24, 128, 6000)","trial, channel, time",trial,channel,time,24,128,6000,p1_relative,yes,None
230721,RXRR,LFP,ses230721-probe0-lfp-RXRR.npy,"(62, 128, 6000)","trial, channel, time",trial,channel,time,62,128,6000,p1_relative,yes,None
230721,AAAB,LFP,ses230721-probe1-lfp-AAAB.npy,"(238, 128, 6000)","trial, channel, time",trial,channel,time,238,128,6000,p1_relative,yes,None
230721,AAAX,LFP,ses230721-probe1-lfp-AAAX.npy,"(33, 128, 6000)","trial, channel, time",trial,channel,time,33,128,6000,p1_relative,yes,None
230721,AAXB,LFP,ses230721-probe1-lfp-AAXB.npy,"(32, 128, 6000)","trial, channel, time",trial,channel,time,32,128,6000,p1_relative,yes,None
230721,AXAB,LFP,ses230721-probe1-lfp-AXAB.npy,"(27, 128, 6000)","trial, channel, time",trial,channel,time,27,128,6000,p1_relative,yes,None
230721,BBBA,LFP,ses230721-probe1-lfp-BBBA.npy,"(231, 128, 6000)","trial, channel, time",trial,channel,time,231,128,6000,p1_relative,yes,None
230721,BBBX,LFP,ses230721-probe1-lfp-BBBX.npy,"(33, 128, 6000)","trial, channel, time",trial,channel,time,33,128,6000,p1_relative,yes,None
230721,BBXA,LFP,ses230721-probe1-lfp-BBXA.npy,"(34, 128, 6000)","trial, channel, time",trial,channel,time,34,128,6000,p1_relative,yes,None
230721,BXBA,LFP,ses230721-probe1-lfp-BXBA.npy,"(32, 128, 6000)","trial, channel, time",trial,channel,time,32,128,6000,p1_relative,yes,None
230721,RRRR,LFP,ses230721-probe1-lfp-RRRR.npy,"(140, 128, 6000)","trial, channel, time",trial,channel,time,140,128,6000,p1_relative,yes,None
230721,RRRX,LFP,ses230721-probe1-lfp-RRRX.npy,"(74, 128, 6000)","trial, channel, time",trial,channel,time,74,128,6000,p1_relative,yes,None
230721,RRXR,LFP,ses230721-probe1-lfp-RRXR.npy,"(24, 128, 6000)","trial, channel, time",trial,channel,time,24,128,6000,p1_relative,yes,None
230721,RXRR,LFP,ses230721-probe1-lfp-RXRR.npy,"(62, 128, 6000)","trial, channel, time",trial,channel,time,62,128,6000,p1_relative,yes,None
230721,AAAB,SPK,ses230721-units-probe0-spk-AAAB.npy,"(238, 57, 6000)","trial, unit, time",trial,unit,time,238,57,6000,p1_relative,yes,None
230721,AAAX,SPK,ses230721-units-probe0-spk-AAAX.npy,"(33, 57, 6000)","trial, unit, time",trial,unit,time,33,57,6000,p1_relative,yes,None
230721,AAXB,SPK,ses230721-units-probe0-spk-AAXB.npy,"(32, 57, 6000)","trial, unit, time",trial,unit,time,32,57,6000,p1_relative,yes,None
230721,AXAB,SPK,ses230721-units-probe0-spk-AXAB.npy,"(27, 57, 6000)","trial, unit, time",trial,unit,time,27,57,6000,p1_relative,yes,None
230721,BBBA,SPK,ses230721-units-probe0-spk-BBBA.npy,"(231, 57, 6000)","trial, unit, time",trial,unit,time,231,57,6000,p1_relative,yes,None
230721,BBBX,SPK,ses230721-units-probe0-spk-BBBX.npy,"(33, 57, 6000)","trial, unit, time",trial,unit,time,33,57,6000,p1_relative,yes,None
230721,BBXA,SPK,ses230721-units-probe0-spk-BBXA.npy,"(34, 57, 6000)","trial, unit, time",trial,unit,time,34,57,6000,p1_relative,yes,None
230721,BXBA,SPK,ses230721-units-probe0-spk-BXBA.npy,"(32, 57, 6000)","trial, unit, time",trial,unit,time,32,57,6000,p1_relative,yes,None
230721,RRRR,SPK,ses230721-units-probe0-spk-RRRR.npy,"(140, 57, 6000)","trial, unit, time",trial,unit,time,140,57,6000,p1_relative,yes,None
230721,RRRX,SPK,ses230721-units-probe0-spk-RRRX.npy,"(74, 57, 6000)","trial, unit, time",trial,unit,time,74,57,6000,p1_relative,yes,None
230721,RRXR,SPK,ses230721-units-probe0-spk-RRXR.npy,"(24, 57, 6000)","trial, unit, time",trial,unit,time,24,57,6000,p1_relative,yes,None
230721,RXRR,SPK,ses230721-units-probe0-spk-RXRR.npy,"(62, 57, 6000)","trial, unit, time",trial,unit,time,62,57,6000,p1_relative,yes,None
230721,AAAB,SPK,ses230721-units-probe1-spk-AAAB.npy,"(238, 220, 6000)","trial, unit, time",trial,unit,time,238,220,6000,p1_relative,yes,None
230721,AAAX,SPK,ses230721-units-probe1-spk-AAAX.npy,"(33, 220, 6000)","trial, unit, time",trial,unit,time,33,220,6000,p1_relative,yes,None
230721,AAXB,SPK,ses230721-units-probe1-spk-AAXB.npy,"(32, 220, 6000)","trial, unit, time",trial,unit,time,32,220,6000,p1_relative,yes,None
230721,AXAB,SPK,ses230721-units-probe1-spk-AXAB.npy,"(27, 220, 6000)","trial, unit, time",trial,unit,time,27,220,6000,p1_relative,yes,None
230721,BBBA,SPK,ses230721-units-probe1-spk-BBBA.npy,"(231, 220, 6000)","trial, unit, time",trial,unit,time,231,220,6000,p1_relative,yes,None
230721,BBBX,SPK,ses230721-units-probe1-spk-BBBX.npy,"(33, 220, 6000)","trial, unit, time",trial,unit,time,33,220,6000,p1_relative,yes,None
230721,BBXA,SPK,ses230721-units-probe1-spk-BBXA.npy,"(34, 220, 6000)","trial, unit, time",trial,unit,time,34,220,6000,p1_relative,yes,None
230721,BXBA,SPK,ses230721-units-probe1-spk-BXBA.npy,"(32, 220, 6000)","trial, unit, time",trial,unit,time,32,220,6000,p1_relative,yes,None
230721,RRRR,SPK,ses230721-units-probe1-spk-RRRR.npy,"(140, 220, 6000)","trial, unit, time",trial,unit,time,140,220,6000,p1_relative,yes,None
230721,RRRX,SPK,ses230721-units-probe1-spk-RRRX.npy,"(74, 220, 6000)","trial, unit, time",trial,unit,time,74,220,6000,p1_relative,yes,None
230721,RRXR,SPK,ses230721-units-probe1-spk-RRXR.npy,"(24, 220, 6000)","trial, unit, time",trial,unit,time,24,220,6000,p1_relative,yes,None
230721,RXRR,SPK,ses230721-units-probe1-spk-RXRR.npy,"(62, 220, 6000)","trial, unit, time",trial,unit,time,62,220,6000,p1_relative,yes,None
230816,AAAB,LFP,ses230816-probe0-lfp-AAAB.npy,"(370, 128, 6000)","trial, channel, time",trial,channel,time,370,128,6000,p1_relative,yes,None
230816,AAAX,LFP,ses230816-probe0-lfp-AAAX.npy,"(36, 128, 6000)","trial, channel, time",trial,channel,time,36,128,6000,p1_relative,yes,None
230816,AAXB,LFP,ses230816-probe0-lfp-AAXB.npy,"(44, 128, 6000)","trial, channel, time",trial,channel,time,44,128,6000,p1_relative,yes,None
230816,AXAB,LFP,ses230816-probe0-lfp-AXAB.npy,"(59, 128, 6000)","trial, channel, time",trial,channel,time,59,128,6000,p1_relative,yes,None
230816,BBBA,LFP,ses230816-probe0-lfp-BBBA.npy,"(348, 128, 6000)","trial, channel, time",trial,channel,time,348,128,6000,p1_relative,yes,None
230816,BBBX,LFP,ses230816-probe0-lfp-BBBX.npy,"(44, 128, 6000)","trial, channel, time",trial,channel,time,44,128,6000,p1_relative,yes,None
230816,BBXA,LFP,ses230816-probe0-lfp-BBXA.npy,"(51, 128, 6000)","trial, channel, time",trial,channel,time,51,128,6000,p1_relative,yes,None
230816,BXBA,LFP,ses230816-probe0-lfp-BXBA.npy,"(62, 128, 6000)","trial, channel, time",trial,channel,time,62,128,6000,p1_relative,yes,None
230816,RRRR,LFP,ses230816-probe0-lfp-RRRR.npy,"(157, 128, 6000)","trial, channel, time",trial,channel,time,157,128,6000,p1_relative,yes,None
230816,RRRX,LFP,ses230816-probe0-lfp-RRRX.npy,"(131, 128, 6000)","trial, channel, time",trial,channel,time,131,128,6000,p1_relative,yes,None
230816,RRXR,LFP,ses230816-probe0-lfp-RRXR.npy,"(43, 128, 6000)","trial, channel, time",trial,channel,time,43,128,6000,p1_relative,yes,None
230816,RXRR,LFP,ses230816-probe0-lfp-RXRR.npy,"(87, 128, 6000)","trial, channel, time",trial,channel,time,87,128,6000,p1_relative,yes,None
230816,AAAB,LFP,ses230816-probe1-lfp-AAAB.npy,"(370, 128, 6000)","trial, channel, time",trial,channel,time,370,128,6000,p1_relative,yes,None
230816,AAAX,LFP,ses230816-probe1-lfp-AAAX.npy,"(36, 128, 6000)","trial, channel, time",trial,channel,time,36,128,6000,p1_relative,yes,None
230816,AAXB,LFP,ses230816-probe1-lfp-AAXB.npy,"(44, 128, 6000)","trial, channel, time",trial,channel,time,44,128,6000,p1_relative,yes,None
230816,AXAB,LFP,ses230816-probe1-lfp-AXAB.npy,"(59, 128, 6000)","trial, channel, time",trial,channel,time,59,128,6000,p1_relative,yes,None
230816,BBBA,LFP,ses230816-probe1-lfp-BBBA.npy,"(348, 128, 6000)","trial, channel, time",trial,channel,time,348,128,6000,p1_relative,yes,None
230816,BBBX,LFP,ses230816-probe1-lfp-BBBX.npy,"(44, 128, 6000)","trial, channel, time",trial,channel,time,44,128,6000,p1_relative,yes,None
230816,BBXA,LFP,ses230816-probe1-lfp-BBXA.npy,"(51, 128, 6000)","trial, channel, time",trial,channel,time,51,128,6000,p1_relative,yes,None
230816,BXBA,LFP,ses230816-probe1-lfp-BXBA.npy,"(62, 128, 6000)","trial, channel, time",trial,channel,time,62,128,6000,p1_relative,yes,None
230816,RRRR,LFP,ses230816-probe1-lfp-RRRR.npy,"(157, 128, 6000)","trial, channel, time",trial,channel,time,157,128,6000,p1_relative,yes,None
230816,RRRX,LFP,ses230816-probe1-lfp-RRRX.npy,"(131, 128, 6000)","trial, channel, time",trial,channel,time,131,128,6000,p1_relative,yes,None
230816,RRXR,LFP,ses230816-probe1-lfp-RRXR.npy,"(43, 128, 6000)","trial, channel, time",trial,channel,time,43,128,6000,p1_relative,yes,None
230816,RXRR,LFP,ses230816-probe1-lfp-RXRR.npy,"(87, 128, 6000)","trial, channel, time",trial,channel,time,87,128,6000,p1_relative,yes,None
230816,AAAB,LFP,ses230816-probe2-lfp-AAAB.npy,"(370, 128, 6000)","trial, channel, time",trial,channel,time,370,128,6000,p1_relative,yes,None
230816,AAAX,LFP,ses230816-probe2-lfp-AAAX.npy,"(36, 128, 6000)","trial, channel, time",trial,channel,time,36,128,6000,p1_relative,yes,None
230816,AAXB,LFP,ses230816-probe2-lfp-AAXB.npy,"(44, 128, 6000)","trial, channel, time",trial,channel,time,44,128,6000,p1_relative,yes,None
230816,AXAB,LFP,ses230816-probe2-lfp-AXAB.npy,"(59, 128, 6000)","trial, channel, time",trial,channel,time,59,128,6000,p1_relative,yes,None
230816,BBBA,LFP,ses230816-probe2-lfp-BBBA.npy,"(348, 128, 6000)","trial, channel, time",trial,channel,time,348,128,6000,p1_relative,yes,None
230816,BBBX,LFP,ses230816-probe2-lfp-BBBX.npy,"(44, 128, 6000)","trial, channel, time",trial,channel,time,44,128,6000,p1_relative,yes,None
230816,BBXA,LFP,ses230816-probe2-lfp-BBXA.npy,"(51, 128, 6000)","trial, channel, time",trial,channel,time,51,128,6000,p1_relative,yes,None
230816,BXBA,LFP,ses230816-probe2-lfp-BXBA.npy,"(62, 128, 6000)","trial, channel, time",trial,channel,time,62,128,6000,p1_relative,yes,None
230816,RRRR,LFP,ses230816-probe2-lfp-RRRR.npy,"(157, 128, 6000)","trial, channel, time",trial,channel,time,157,128,6000,p1_relative,yes,None
230816,RRRX,LFP,ses230816-probe2-lfp-RRRX.npy,"(131, 128, 6000)","trial, channel, time",trial,channel,time,131,128,6000,p1_relative,yes,None
230816,RRXR,LFP,ses230816-probe2-lfp-RRXR.npy,"(43, 128, 6000)","trial, channel, time",trial,channel,time,43,128,6000,p1_relative,yes,None
230816,RXRR,LFP,ses230816-probe2-lfp-RXRR.npy,"(87, 128, 6000)","trial, channel, time",trial,channel,time,87,128,6000,p1_relative,yes,None
230816,AAAB,SPK,ses230816-units-probe0-spk-AAAB.npy,"(370, 102, 6000)","trial, unit, time",trial,unit,time,370,102,6000,p1_relative,yes,None
230816,AAAX,SPK,ses230816-units-probe0-spk-AAAX.npy,"(36, 102, 6000)","trial, unit, time",trial,unit,time,36,102,6000,p1_relative,yes,None
230816,AAXB,SPK,ses230816-units-probe0-spk-AAXB.npy,"(44, 102, 6000)","trial, unit, time",trial,unit,time,44,102,6000,p1_relative,yes,None
230816,AXAB,SPK,ses230816-units-probe0-spk-AXAB.npy,"(59, 102, 6000)","trial, unit, time",trial,unit,time,59,102,6000,p1_relative,yes,None
230816,BBBA,SPK,ses230816-units-probe0-spk-BBBA.npy,"(348, 102, 6000)","trial, unit, time",trial,unit,time,348,102,6000,p1_relative,yes,None
230816,BBBX,SPK,ses230816-units-probe0-spk-BBBX.npy,"(44, 102, 6000)","trial, unit, time",trial,unit,time,44,102,6000,p1_relative,yes,None
230816,BBXA,SPK,ses230816-units-probe0-spk-BBXA.npy,"(51, 102, 6000)","trial, unit, time",trial,unit,time,51,102,6000,p1_relative,yes,None
230816,BXBA,SPK,ses230816-units-probe0-spk-BXBA.npy,"(62, 102, 6000)","trial, unit, time",trial,unit,time,62,102,6000,p1_relative,yes,None
230816,RRRR,SPK,ses230816-units-probe0-spk-RRRR.npy,"(157, 102, 6000)","trial, unit, time",trial,unit,time,157,102,6000,p1_relative,yes,None
230816,RRRX,SPK,ses230816-units-probe0-spk-RRRX.npy,"(131, 102, 6000)","trial, unit, time",trial,unit,time,131,102,6000,p1_relative,yes,None
230816,RRXR,SPK,ses230816-units-probe0-spk-RRXR.npy,"(43, 102, 6000)","trial, unit, time",trial,unit,time,43,102,6000,p1_relative,yes,None
230816,RXRR,SPK,ses230816-units-probe0-spk-RXRR.npy,"(87, 102, 6000)","trial, unit, time",trial,unit,time,87,102,6000,p1_relative,yes,None
230816,AAAB,SPK,ses230816-units-probe1-spk-AAAB.npy,"(370, 114, 6000)","trial, unit, time",trial,unit,time,370,114,6000,p1_relative,yes,None
230816,AAAX,SPK,ses230816-units-probe1-spk-AAAX.npy,"(36, 114, 6000)","trial, unit, time",trial,unit,time,36,114,6000,p1_relative,yes,None
230816,AAXB,SPK,ses230816-units-probe1-spk-AAXB.npy,"(44, 114, 6000)","trial, unit, time",trial,unit,time,44,114,6000,p1_relative,yes,None
230816,AXAB,SPK,ses230816-units-probe1-spk-AXAB.npy,"(59, 114, 6000)","trial, unit, time",trial,unit,time,59,114,6000,p1_relative,yes,None
230816,BBBA,SPK,ses230816-units-probe1-spk-BBBA.npy,"(348, 114, 6000)","trial, unit, time",trial,unit,time,348,114,6000,p1_relative,yes,None
230816,BBBX,SPK,ses230816-units-probe1-spk-BBBX.npy,"(44, 114, 6000)","trial, unit, time",trial,unit,time,44,114,6000,p1_relative,yes,None
230816,BBXA,SPK,ses230816-units-probe1-spk-BBXA.npy,"(51, 114, 6000)","trial, unit, time",trial,unit,time,51,114,6000,p1_relative,yes,None
230816,BXBA,SPK,ses230816-units-probe1-spk-BXBA.npy,"(62, 114, 6000)","trial, unit, time",trial,unit,time,62,114,6000,p1_relative,yes,None
230816,RRRR,SPK,ses230816-units-probe1-spk-RRRR.npy,"(157, 114, 6000)","trial, unit, time",trial,unit,time,157,114,6000,p1_relative,yes,None
230816,RRRX,SPK,ses230816-units-probe1-spk-RRRX.npy,"(131, 114, 6000)","trial, unit, time",trial,unit,time,131,114,6000,p1_relative,yes,None
230816,RRXR,SPK,ses230816-units-probe1-spk-RRXR.npy,"(43, 114, 6000)","trial, unit, time",trial,unit,time,43,114,6000,p1_relative,yes,None
230816,RXRR,SPK,ses230816-units-probe1-spk-RXRR.npy,"(87, 114, 6000)","trial, unit, time",trial,unit,time,87,114,6000,p1_relative,yes,None
230816,AAAB,SPK,ses230816-units-probe2-spk-AAAB.npy,"(370, 141, 6000)","trial, unit, time",trial,unit,time,370,141,6000,p1_relative,yes,None
230816,AAAX,SPK,ses230816-units-probe2-spk-AAAX.npy,"(36, 141, 6000)","trial, unit, time",trial,unit,time,36,141,6000,p1_relative,yes,None
230816,AAXB,SPK,ses230816-units-probe2-spk-AAXB.npy,"(44, 141, 6000)","trial, unit, time",trial,unit,time,44,141,6000,p1_relative,yes,None
230816,AXAB,SPK,ses230816-units-probe2-spk-AXAB.npy,"(59, 141, 6000)","trial, unit, time",trial,unit,time,59,141,6000,p1_relative,yes,None
230816,BBBA,SPK,ses230816-units-probe2-spk-BBBA.npy,"(348, 141, 6000)","trial, unit, time",trial,unit,time,348,141,6000,p1_relative,yes,None
230816,BBBX,SPK,ses230816-units-probe2-spk-BBBX.npy,"(44, 141, 6000)","trial, unit, time",trial,unit,time,44,141,6000,p1_relative,yes,None
230816,BBXA,SPK,ses230816-units-probe2-spk-BBXA.npy,"(51, 141, 6000)","trial, unit, time",trial,unit,time,51,141,6000,p1_relative,yes,None
230816,BXBA,SPK,ses230816-units-probe2-spk-BXBA.npy,"(62, 141, 6000)","trial, unit, time",trial,unit,time,62,141,6000,p1_relative,yes,None
230816,RRRR,SPK,ses230816-units-probe2-spk-RRRR.npy,"(157, 141, 6000)","trial, unit, time",trial,unit,time,157,141,6000,p1_relative,yes,None
230816,RRRX,SPK,ses230816-units-probe2-spk-RRRX.npy,"(131, 141, 6000)","trial, unit, time",trial,unit,time,131,141,6000,p1_relative,yes,None
230816,RRXR,SPK,ses230816-units-probe2-spk-RRXR.npy,"(43, 141, 6000)","trial, unit, time",trial,unit,time,43,141,6000,p1_relative,yes,None
230816,RXRR,SPK,ses230816-units-probe2-spk-RXRR.npy,"(87, 141, 6000)","trial, unit, time",trial,unit,time,87,141,6000,p1_relative,yes,None
230818,AAAB,LFP,ses230818-probe0-lfp-AAAB.npy,"(220, 128, 6000)","trial, channel, time",trial,channel,time,220,128,6000,p1_relative,yes,None
230818,AAAX,LFP,ses230818-probe0-lfp-AAAX.npy,"(45, 128, 6000)","trial, channel, time",trial,channel,time,45,128,6000,p1_relative,yes,None
230818,AAXB,LFP,ses230818-probe0-lfp-AAXB.npy,"(25, 128, 6000)","trial, channel, time",trial,channel,time,25,128,6000,p1_relative,yes,None
230818,AXAB,LFP,ses230818-probe0-lfp-AXAB.npy,"(40, 128, 6000)","trial, channel, time",trial,channel,time,40,128,6000,p1_relative,yes,None
230818,BBBA,LFP,ses230818-probe0-lfp-BBBA.npy,"(235, 128, 6000)","trial, channel, time",trial,channel,time,235,128,6000,p1_relative,yes,None
230818,BBBX,LFP,ses230818-probe0-lfp-BBBX.npy,"(30, 128, 6000)","trial, channel, time",trial,channel,time,30,128,6000,p1_relative,yes,None
230818,BBXA,LFP,ses230818-probe0-lfp-BBXA.npy,"(29, 128, 6000)","trial, channel, time",trial,channel,time,29,128,6000,p1_relative,yes,None
230818,BXBA,LFP,ses230818-probe0-lfp-BXBA.npy,"(36, 128, 6000)","trial, channel, time",trial,channel,time,36,128,6000,p1_relative,yes,None
230818,RRRR,LFP,ses230818-probe0-lfp-RRRR.npy,"(104, 128, 6000)","trial, channel, time",trial,channel,time,104,128,6000,p1_relative,yes,None
230818,RRRX,LFP,ses230818-probe0-lfp-RRRX.npy,"(104, 128, 6000)","trial, channel, time",trial,channel,time,104,128,6000,p1_relative,yes,None
230818,RRXR,LFP,ses230818-probe0-lfp-RRXR.npy,"(28, 128, 6000)","trial, channel, time",trial,channel,time,28,128,6000,p1_relative,yes,None
230818,RXRR,LFP,ses230818-probe0-lfp-RXRR.npy,"(64, 128, 6000)","trial, channel, time",trial,channel,time,64,128,6000,p1_relative,yes,None
230818,AAAB,LFP,ses230818-probe1-lfp-AAAB.npy,"(220, 128, 6000)","trial, channel, time",trial,channel,time,220,128,6000,p1_relative,yes,None
230818,AAAX,LFP,ses230818-probe1-lfp-AAAX.npy,"(45, 128, 6000)","trial, channel, time",trial,channel,time,45,128,6000,p1_relative,yes,None
230818,AAXB,LFP,ses230818-probe1-lfp-AAXB.npy,"(25, 128, 6000)","trial, channel, time",trial,channel,time,25,128,6000,p1_relative,yes,None
230818,AXAB,LFP,ses230818-probe1-lfp-AXAB.npy,"(40, 128, 6000)","trial, channel, time",trial,channel,time,40,128,6000,p1_relative,yes,None
230818,BBBA,LFP,ses230818-probe1-lfp-BBBA.npy,"(235, 128, 6000)","trial, channel, time",trial,channel,time,235,128,6000,p1_relative,yes,None
230818,BBBX,LFP,ses230818-probe1-lfp-BBBX.npy,"(30, 128, 6000)","trial, channel, time",trial,channel,time,30,128,6000,p1_relative,yes,None
230818,BBXA,LFP,ses230818-probe1-lfp-BBXA.npy,"(29, 128, 6000)","trial, channel, time",trial,channel,time,29,128,6000,p1_relative,yes,None
230818,BXBA,LFP,ses230818-probe1-lfp-BXBA.npy,"(36, 128, 6000)","trial, channel, time",trial,channel,time,36,128,6000,p1_relative,yes,None
230818,RRRR,LFP,ses230818-probe1-lfp-RRRR.npy,"(104, 128, 6000)","trial, channel, time",trial,channel,time,104,128,6000,p1_relative,yes,None
230818,RRRX,LFP,ses230818-probe1-lfp-RRRX.npy,"(104, 128, 6000)","trial, channel, time",trial,channel,time,104,128,6000,p1_relative,yes,None
230818,RRXR,LFP,ses230818-probe1-lfp-RRXR.npy,"(28, 128, 6000)","trial, channel, time",trial,channel,time,28,128,6000,p1_relative,yes,None
230818,RXRR,LFP,ses230818-probe1-lfp-RXRR.npy,"(64, 128, 6000)","trial, channel, time",trial,channel,time,64,128,6000,p1_relative,yes,None
230818,AAAB,LFP,ses230818-probe2-lfp-AAAB.npy,"(220, 128, 6000)","trial, channel, time",trial,channel,time,220,128,6000,p1_relative,yes,None
230818,AAAX,LFP,ses230818-probe2-lfp-AAAX.npy,"(45, 128, 6000)","trial, channel, time",trial,channel,time,45,128,6000,p1_relative,yes,None
230818,AAXB,LFP,ses230818-probe2-lfp-AAXB.npy,"(25, 128, 6000)","trial, channel, time",trial,channel,time,25,128,6000,p1_relative,yes,None
230818,AXAB,LFP,ses230818-probe2-lfp-AXAB.npy,"(40, 128, 6000)","trial, channel, time",trial,channel,time,40,128,6000,p1_relative,yes,None
230818,BBBA,LFP,ses230818-probe2-lfp-BBBA.npy,"(235, 128, 6000)","trial, channel, time",trial,channel,time,235,128,6000,p1_relative,yes,None
230818,BBBX,LFP,ses230818-probe2-lfp-BBBX.npy,"(30, 128, 6000)","trial, channel, time",trial,channel,time,30,128,6000,p1_relative,yes,None
230818,BBXA,LFP,ses230818-probe2-lfp-BBXA.npy,"(29, 128, 6000)","trial, channel, time",trial,channel,time,29,128,6000,p1_relative,yes,None
230818,BXBA,LFP,ses230818-probe2-lfp-BXBA.npy,"(36, 128, 6000)","trial, channel, time",trial,channel,time,36,128,6000,p1_relative,yes,None
230818,RRRR,LFP,ses230818-probe2-lfp-RRRR.npy,"(104, 128, 6000)","trial, channel, time",trial,channel,time,104,128,6000,p1_relative,yes,None
230818,RRRX,LFP,ses230818-probe2-lfp-RRRX.npy,"(104, 128, 6000)","trial, channel, time",trial,channel,time,104,128,6000,p1_relative,yes,None
230818,RRXR,LFP,ses230818-probe2-lfp-RRXR.npy,"(28, 128, 6000)","trial, channel, time",trial,channel,time,28,128,6000,p1_relative,yes,None
230818,RXRR,LFP,ses230818-probe2-lfp-RXRR.npy,"(64, 128, 6000)","trial, channel, time",trial,channel,time,64,128,6000,p1_relative,yes,None
230818,AAAB,SPK,ses230818-units-probe0-spk-AAAB.npy,"(220, 192, 6000)","trial, unit, time",trial,unit,time,220,192,6000,p1_relative,yes,None
230818,AAAX,SPK,ses230818-units-probe0-spk-AAAX.npy,"(45, 192, 6000)","trial, unit, time",trial,unit,time,45,192,6000,p1_relative,yes,None
230818,AAXB,SPK,ses230818-units-probe0-spk-AAXB.npy,"(25, 192, 6000)","trial, unit, time",trial,unit,time,25,192,6000,p1_relative,yes,None
230818,AXAB,SPK,ses230818-units-probe0-spk-AXAB.npy,"(40, 192, 6000)","trial, unit, time",trial,unit,time,40,192,6000,p1_relative,yes,None
230818,BBBA,SPK,ses230818-units-probe0-spk-BBBA.npy,"(235, 192, 6000)","trial, unit, time",trial,unit,time,235,192,6000,p1_relative,yes,None
230818,BBBX,SPK,ses230818-units-probe0-spk-BBBX.npy,"(30, 192, 6000)","trial, unit, time",trial,unit,time,30,192,6000,p1_relative,yes,None
230818,BBXA,SPK,ses230818-units-probe0-spk-BBXA.npy,"(29, 192, 6000)","trial, unit, time",trial,unit,time,29,192,6000,p1_relative,yes,None
230818,BXBA,SPK,ses230818-units-probe0-spk-BXBA.npy,"(36, 192, 6000)","trial, unit, time",trial,unit,time,36,192,6000,p1_relative,yes,None
230818,RRRR,SPK,ses230818-units-probe0-spk-RRRR.npy,"(104, 192, 6000)","trial, unit, time",trial,unit,time,104,192,6000,p1_relative,yes,None
230818,RRRX,SPK,ses230818-units-probe0-spk-RRRX.npy,"(104, 192, 6000)","trial, unit, time",trial,unit,time,104,192,6000,p1_relative,yes,None
230818,RRXR,SPK,ses230818-units-probe0-spk-RRXR.npy,"(28, 192, 6000)","trial, unit, time",trial,unit,time,28,192,6000,p1_relative,yes,None
230818,RXRR,SPK,ses230818-units-probe0-spk-RXRR.npy,"(64, 192, 6000)","trial, unit, time",trial,unit,time,64,192,6000,p1_relative,yes,None
230818,AAAB,SPK,ses230818-units-probe1-spk-AAAB.npy,"(220, 170, 6000)","trial, unit, time",trial,unit,time,220,170,6000,p1_relative,yes,None
230818,AAAX,SPK,ses230818-units-probe1-spk-AAAX.npy,"(45, 170, 6000)","trial, unit, time",trial,unit,time,45,170,6000,p1_relative,yes,None
230818,AAXB,SPK,ses230818-units-probe1-spk-AAXB.npy,"(25, 170, 6000)","trial, unit, time",trial,unit,time,25,170,6000,p1_relative,yes,None
230818,AXAB,SPK,ses230818-units-probe1-spk-AXAB.npy,"(40, 170, 6000)","trial, unit, time",trial,unit,time,40,170,6000,p1_relative,yes,None
230818,BBBA,SPK,ses230818-units-probe1-spk-BBBA.npy,"(235, 170, 6000)","trial, unit, time",trial,unit,time,235,170,6000,p1_relative,yes,None
230818,BBBX,SPK,ses230818-units-probe1-spk-BBBX.npy,"(30, 170, 6000)","trial, unit, time",trial,unit,time,30,170,6000,p1_relative,yes,None
230818,BBXA,SPK,ses230818-units-probe1-spk-BBXA.npy,"(29, 170, 6000)","trial, unit, time",trial,unit,time,29,170,6000,p1_relative,yes,None
230818,BXBA,SPK,ses230818-units-probe1-spk-BXBA.npy,"(36, 170, 6000)","trial, unit, time",trial,unit,time,36,170,6000,p1_relative,yes,None
230818,RRRR,SPK,ses230818-units-probe1-spk-RRRR.npy,"(104, 170, 6000)","trial, unit, time",trial,unit,time,104,170,6000,p1_relative,yes,None
230818,RRRX,SPK,ses230818-units-probe1-spk-RRRX.npy,"(104, 170, 6000)","trial, unit, time",trial,unit,time,104,170,6000,p1_relative,yes,None
230818,RRXR,SPK,ses230818-units-probe1-spk-RRXR.npy,"(28, 170, 6000)","trial, unit, time",trial,unit,time,28,170,6000,p1_relative,yes,None
230818,RXRR,SPK,ses230818-units-probe1-spk-RXRR.npy,"(64, 170, 6000)","trial, unit, time",trial,unit,time,64,170,6000,p1_relative,yes,None
230818,AAAB,SPK,ses230818-units-probe2-spk-AAAB.npy,"(220, 179, 6000)","trial, unit, time",trial,unit,time,220,179,6000,p1_relative,yes,None
230818,AAAX,SPK,ses230818-units-probe2-spk-AAAX.npy,"(45, 179, 6000)","trial, unit, time",trial,unit,time,45,179,6000,p1_relative,yes,None
230818,AAXB,SPK,ses230818-units-probe2-spk-AAXB.npy,"(25, 179, 6000)","trial, unit, time",trial,unit,time,25,179,6000,p1_relative,yes,None
230818,AXAB,SPK,ses230818-units-probe2-spk-AXAB.npy,"(40, 179, 6000)","trial, unit, time",trial,unit,time,40,179,6000,p1_relative,yes,None
230818,BBBA,SPK,ses230818-units-probe2-spk-BBBA.npy,"(235, 179, 6000)","trial, unit, time",trial,unit,time,235,179,6000,p1_relative,yes,None
230818,BBBX,SPK,ses230818-units-probe2-spk-BBBX.npy,"(30, 179, 6000)","trial, unit, time",trial,unit,time,30,179,6000,p1_relative,yes,None
230818,BBXA,SPK,ses230818-units-probe2-spk-BBXA.npy,"(29, 179, 6000)","trial, unit, time",trial,unit,time,29,179,6000,p1_relative,yes,None
230818,BXBA,SPK,ses230818-units-probe2-spk-BXBA.npy,"(36, 179, 6000)","trial, unit, time",trial,unit,time,36,179,6000,p1_relative,yes,None
230818,RRRR,SPK,ses230818-units-probe2-spk-RRRR.npy,"(104, 179, 6000)","trial, unit, time",trial,unit,time,104,179,6000,p1_relative,yes,None
230818,RRRX,SPK,ses230818-units-probe2-spk-RRRX.npy,"(104, 179, 6000)","trial, unit, time",trial,unit,time,104,179,6000,p1_relative,yes,None
230818,RRXR,SPK,ses230818-units-probe2-spk-RRXR.npy,"(28, 179, 6000)","trial, unit, time",trial,unit,time,28,179,6000,p1_relative,yes,None
230818,RXRR,SPK,ses230818-units-probe2-spk-RXRR.npy,"(64, 179, 6000)","trial, unit, time",trial,unit,time,64,179,6000,p1_relative,yes,None
230823,AAAB,LFP,ses230823-probe0-lfp-AAAB.npy,"(219, 128, 6000)","trial, channel, time",trial,channel,time,219,128,6000,p1_relative,yes,None
230823,AAAX,LFP,ses230823-probe0-lfp-AAAX.npy,"(28, 128, 6000)","trial, channel, time",trial,channel,time,28,128,6000,p1_relative,yes,None
230823,AAXB,LFP,ses230823-probe0-lfp-AAXB.npy,"(42, 128, 6000)","trial, channel, time",trial,channel,time,42,128,6000,p1_relative,yes,None
230823,AXAB,LFP,ses230823-probe0-lfp-AXAB.npy,"(41, 128, 6000)","trial, channel, time",trial,channel,time,41,128,6000,p1_relative,yes,None
230823,BBBA,LFP,ses230823-probe0-lfp-BBBA.npy,"(227, 128, 6000)","trial, channel, time",trial,channel,time,227,128,6000,p1_relative,yes,None
230823,BBBX,LFP,ses230823-probe0-lfp-BBBX.npy,"(30, 128, 6000)","trial, channel, time",trial,channel,time,30,128,6000,p1_relative,yes,None
230823,BBXA,LFP,ses230823-probe0-lfp-BBXA.npy,"(42, 128, 6000)","trial, channel, time",trial,channel,time,42,128,6000,p1_relative,yes,None
230823,BXBA,LFP,ses230823-probe0-lfp-BXBA.npy,"(31, 128, 6000)","trial, channel, time",trial,channel,time,31,128,6000,p1_relative,yes,None
230823,RRRR,LFP,ses230823-probe0-lfp-RRRR.npy,"(111, 128, 6000)","trial, channel, time",trial,channel,time,111,128,6000,p1_relative,yes,None
230823,RRRX,LFP,ses230823-probe0-lfp-RRRX.npy,"(91, 128, 6000)","trial, channel, time",trial,channel,time,91,128,6000,p1_relative,yes,None
230823,RRXR,LFP,ses230823-probe0-lfp-RRXR.npy,"(43, 128, 6000)","trial, channel, time",trial,channel,time,43,128,6000,p1_relative,yes,None
230823,RXRR,LFP,ses230823-probe0-lfp-RXRR.npy,"(55, 128, 6000)","trial, channel, time",trial,channel,time,55,128,6000,p1_relative,yes,None
230823,AAAB,LFP,ses230823-probe1-lfp-AAAB.npy,"(219, 128, 6000)","trial, channel, time",trial,channel,time,219,128,6000,p1_relative,yes,None
230823,AAAX,LFP,ses230823-probe1-lfp-AAAX.npy,"(28, 128, 6000)","trial, channel, time",trial,channel,time,28,128,6000,p1_relative,yes,None
230823,AAXB,LFP,ses230823-probe1-lfp-AAXB.npy,"(42, 128, 6000)","trial, channel, time",trial,channel,time,42,128,6000,p1_relative,yes,None
230823,AXAB,LFP,ses230823-probe1-lfp-AXAB.npy,"(41, 128, 6000)","trial, channel, time",trial,channel,time,41,128,6000,p1_relative,yes,None
230823,BBBA,LFP,ses230823-probe1-lfp-BBBA.npy,"(227, 128, 6000)","trial, channel, time",trial,channel,time,227,128,6000,p1_relative,yes,None
230823,BBBX,LFP,ses230823-probe1-lfp-BBBX.npy,"(30, 128, 6000)","trial, channel, time",trial,channel,time,30,128,6000,p1_relative,yes,None
230823,BBXA,LFP,ses230823-probe1-lfp-BBXA.npy,"(42, 128, 6000)","trial, channel, time",trial,channel,time,42,128,6000,p1_relative,yes,None
230823,BXBA,LFP,ses230823-probe1-lfp-BXBA.npy,"(31, 128, 6000)","trial, channel, time",trial,channel,time,31,128,6000,p1_relative,yes,None
230823,RRRR,LFP,ses230823-probe1-lfp-RRRR.npy,"(111, 128, 6000)","trial, channel, time",trial,channel,time,111,128,6000,p1_relative,yes,None
230823,RRRX,LFP,ses230823-probe1-lfp-RRRX.npy,"(91, 128, 6000)","trial, channel, time",trial,channel,time,91,128,6000,p1_relative,yes,None
230823,RRXR,LFP,ses230823-probe1-lfp-RRXR.npy,"(43, 128, 6000)","trial, channel, time",trial,channel,time,43,128,6000,p1_relative,yes,None
230823,RXRR,LFP,ses230823-probe1-lfp-RXRR.npy,"(55, 128, 6000)","trial, channel, time",trial,channel,time,55,128,6000,p1_relative,yes,None
230823,AAAB,LFP,ses230823-probe2-lfp-AAAB.npy,"(219, 128, 6000)","trial, channel, time",trial,channel,time,219,128,6000,p1_relative,yes,None
230823,AAAX,LFP,ses230823-probe2-lfp-AAAX.npy,"(28, 128, 6000)","trial, channel, time",trial,channel,time,28,128,6000,p1_relative,yes,None
230823,AAXB,LFP,ses230823-probe2-lfp-AAXB.npy,"(42, 128, 6000)","trial, channel, time",trial,channel,time,42,128,6000,p1_relative,yes,None
230823,AXAB,LFP,ses230823-probe2-lfp-AXAB.npy,"(41, 128, 6000)","trial, channel, time",trial,channel,time,41,128,6000,p1_relative,yes,None
230823,BBBA,LFP,ses230823-probe2-lfp-BBBA.npy,"(227, 128, 6000)","trial, channel, time",trial,channel,time,227,128,6000,p1_relative,yes,None
230823,BBBX,LFP,ses230823-probe2-lfp-BBBX.npy,"(30, 128, 6000)","trial, channel, time",trial,channel,time,30,128,6000,p1_relative,yes,None
230823,BBXA,LFP,ses230823-probe2-lfp-BBXA.npy,"(42, 128, 6000)","trial, channel, time",trial,channel,time,42,128,6000,p1_relative,yes,None
230823,BXBA,LFP,ses230823-probe2-lfp-BXBA.npy,"(31, 128, 6000)","trial, channel, time",trial,channel,time,31,128,6000,p1_relative,yes,None
230823,RRRR,LFP,ses230823-probe2-lfp-RRRR.npy,"(111, 128, 6000)","trial, channel, time",trial,channel,time,111,128,6000,p1_relative,yes,None
230823,RRRX,LFP,ses230823-probe2-lfp-RRRX.npy,"(91, 128, 6000)","trial, channel, time",trial,channel,time,91,128,6000,p1_relative,yes,None
230823,RRXR,LFP,ses230823-probe2-lfp-RRXR.npy,"(43, 128, 6000)","trial, channel, time",trial,channel,time,43,128,6000,p1_relative,yes,None
230823,RXRR,LFP,ses230823-probe2-lfp-RXRR.npy,"(55, 128, 6000)","trial, channel, time",trial,channel,time,55,128,6000,p1_relative,yes,None
230823,AAAB,SPK,ses230823-units-probe0-spk-AAAB.npy,"(219, 156, 6000)","trial, unit, time",trial,unit,time,219,156,6000,p1_relative,yes,None
230823,AAAX,SPK,ses230823-units-probe0-spk-AAAX.npy,"(28, 156, 6000)","trial, unit, time",trial,unit,time,28,156,6000,p1_relative,yes,None
230823,AAXB,SPK,ses230823-units-probe0-spk-AAXB.npy,"(42, 156, 6000)","trial, unit, time",trial,unit,time,42,156,6000,p1_relative,yes,None
230823,AXAB,SPK,ses230823-units-probe0-spk-AXAB.npy,"(41, 156, 6000)","trial, unit, time",trial,unit,time,41,156,6000,p1_relative,yes,None
230823,BBBA,SPK,ses230823-units-probe0-spk-BBBA.npy,"(227, 156, 6000)","trial, unit, time",trial,unit,time,227,156,6000,p1_relative,yes,None
230823,BBBX,SPK,ses230823-units-probe0-spk-BBBX.npy,"(30, 156, 6000)","trial, unit, time",trial,unit,time,30,156,6000,p1_relative,yes,None
230823,BBXA,SPK,ses230823-units-probe0-spk-BBXA.npy,"(42, 156, 6000)","trial, unit, time",trial,unit,time,42,156,6000,p1_relative,yes,None
230823,BXBA,SPK,ses230823-units-probe0-spk-BXBA.npy,"(31, 156, 6000)","trial, unit, time",trial,unit,time,31,156,6000,p1_relative,yes,None
230823,RRRR,SPK,ses230823-units-probe0-spk-RRRR.npy,"(111, 156, 6000)","trial, unit, time",trial,unit,time,111,156,6000,p1_relative,yes,None
230823,RRRX,SPK,ses230823-units-probe0-spk-RRRX.npy,"(91, 156, 6000)","trial, unit, time",trial,unit,time,91,156,6000,p1_relative,yes,None
230823,RRXR,SPK,ses230823-units-probe0-spk-RRXR.npy,"(43, 156, 6000)","trial, unit, time",trial,unit,time,43,156,6000,p1_relative,yes,None
230823,RXRR,SPK,ses230823-units-probe0-spk-RXRR.npy,"(55, 156, 6000)","trial, unit, time",trial,unit,time,55,156,6000,p1_relative,yes,None
230823,AAAB,SPK,ses230823-units-probe1-spk-AAAB.npy,"(219, 19, 6000)","trial, unit, time",trial,unit,time,219,19,6000,p1_relative,yes,None
230823,AAAX,SPK,ses230823-units-probe1-spk-AAAX.npy,"(28, 19, 6000)","trial, unit, time",trial,unit,time,28,19,6000,p1_relative,yes,None
230823,AAXB,SPK,ses230823-units-probe1-spk-AAXB.npy,"(42, 19, 6000)","trial, unit, time",trial,unit,time,42,19,6000,p1_relative,yes,None
230823,AXAB,SPK,ses230823-units-probe1-spk-AXAB.npy,"(41, 19, 6000)","trial, unit, time",trial,unit,time,41,19,6000,p1_relative,yes,None
230823,BBBA,SPK,ses230823-units-probe1-spk-BBBA.npy,"(227, 19, 6000)","trial, unit, time",trial,unit,time,227,19,6000,p1_relative,yes,None
230823,BBBX,SPK,ses230823-units-probe1-spk-BBBX.npy,"(30, 19, 6000)","trial, unit, time",trial,unit,time,30,19,6000,p1_relative,yes,None
230823,BBXA,SPK,ses230823-units-probe1-spk-BBXA.npy,"(42, 19, 6000)","trial, unit, time",trial,unit,time,42,19,6000,p1_relative,yes,None
230823,BXBA,SPK,ses230823-units-probe1-spk-BXBA.npy,"(31, 19, 6000)","trial, unit, time",trial,unit,time,31,19,6000,p1_relative,yes,None
230823,RRRR,SPK,ses230823-units-probe1-spk-RRRR.npy,"(111, 19, 6000)","trial, unit, time",trial,unit,time,111,19,6000,p1_relative,yes,None
230823,RRRX,SPK,ses230823-units-probe1-spk-RRRX.npy,"(91, 19, 6000)","trial, unit, time",trial,unit,time,91,19,6000,p1_relative,yes,None
230823,RRXR,SPK,ses230823-units-probe1-spk-RRXR.npy,"(43, 19, 6000)","trial, unit, time",trial,unit,time,43,19,6000,p1_relative,yes,None
230823,RXRR,SPK,ses230823-units-probe1-spk-RXRR.npy,"(55, 19, 6000)","trial, unit, time",trial,unit,time,55,19,6000,p1_relative,yes,None
230823,AAAB,SPK,ses230823-units-probe2-spk-AAAB.npy,"(219, 193, 6000)","trial, unit, time",trial,unit,time,219,193,6000,p1_relative,yes,None
230823,AAAX,SPK,ses230823-units-probe2-spk-AAAX.npy,"(28, 193, 6000)","trial, unit, time",trial,unit,time,28,193,6000,p1_relative,yes,None
230823,AAXB,SPK,ses230823-units-probe2-spk-AAXB.npy,"(42, 193, 6000)","trial, unit, time",trial,unit,time,42,193,6000,p1_relative,yes,None
230823,AXAB,SPK,ses230823-units-probe2-spk-AXAB.npy,"(41, 193, 6000)","trial, unit, time",trial,unit,time,41,193,6000,p1_relative,yes,None
230823,BBBA,SPK,ses230823-units-probe2-spk-BBBA.npy,"(227, 193, 6000)","trial, unit, time",trial,unit,time,227,193,6000,p1_relative,yes,None
230823,BBBX,SPK,ses230823-units-probe2-spk-BBBX.npy,"(30, 193, 6000)","trial, unit, time",trial,unit,time,30,193,6000,p1_relative,yes,None
230823,BBXA,SPK,ses230823-units-probe2-spk-BBXA.npy,"(42, 193, 6000)","trial, unit, time",trial,unit,time,42,193,6000,p1_relative,yes,None
230823,BXBA,SPK,ses230823-units-probe2-spk-BXBA.npy,"(31, 193, 6000)","trial, unit, time",trial,unit,time,31,193,6000,p1_relative,yes,None
230823,RRRR,SPK,ses230823-units-probe2-spk-RRRR.npy,"(111, 193, 6000)","trial, unit, time",trial,unit,time,111,193,6000,p1_relative,yes,None
230823,RRRX,SPK,ses230823-units-probe2-spk-RRRX.npy,"(91, 193, 6000)","trial, unit, time",trial,unit,time,91,193,6000,p1_relative,yes,None
230823,RRXR,SPK,ses230823-units-probe2-spk-RRXR.npy,"(43, 193, 6000)","trial, unit, time",trial,unit,time,43,193,6000,p1_relative,yes,None
230823,RXRR,SPK,ses230823-units-probe2-spk-RXRR.npy,"(55, 193, 6000)","trial, unit, time",trial,unit,time,55,193,6000,p1_relative,yes,None
230825,AAAB,LFP,ses230825-probe0-lfp-AAAB.npy,"(238, 128, 6000)","trial, channel, time",trial,channel,time,238,128,6000,p1_relative,yes,None
230825,AAAX,LFP,ses230825-probe0-lfp-AAAX.npy,"(23, 128, 6000)","trial, channel, time",trial,channel,time,23,128,6000,p1_relative,yes,None
230825,AAXB,LFP,ses230825-probe0-lfp-AAXB.npy,"(35, 128, 6000)","trial, channel, time",trial,channel,time,35,128,6000,p1_relative,yes,None
230825,AXAB,LFP,ses230825-probe0-lfp-AXAB.npy,"(34, 128, 6000)","trial, channel, time",trial,channel,time,34,128,6000,p1_relative,yes,None
230825,BBBA,LFP,ses230825-probe0-lfp-BBBA.npy,"(218, 128, 6000)","trial, channel, time",trial,channel,time,218,128,6000,p1_relative,yes,None
230825,BBBX,LFP,ses230825-probe0-lfp-BBBX.npy,"(34, 128, 6000)","trial, channel, time",trial,channel,time,34,128,6000,p1_relative,yes,None
230825,BBXA,LFP,ses230825-probe0-lfp-BBXA.npy,"(34, 128, 6000)","trial, channel, time",trial,channel,time,34,128,6000,p1_relative,yes,None
230825,BXBA,LFP,ses230825-probe0-lfp-BXBA.npy,"(44, 128, 6000)","trial, channel, time",trial,channel,time,44,128,6000,p1_relative,yes,None
230825,RRRR,LFP,ses230825-probe0-lfp-RRRR.npy,"(109, 128, 6000)","trial, channel, time",trial,channel,time,109,128,6000,p1_relative,yes,None
230825,RRRX,LFP,ses230825-probe0-lfp-RRRX.npy,"(92, 128, 6000)","trial, channel, time",trial,channel,time,92,128,6000,p1_relative,yes,None
230825,RRXR,LFP,ses230825-probe0-lfp-RRXR.npy,"(27, 128, 6000)","trial, channel, time",trial,channel,time,27,128,6000,p1_relative,yes,None
230825,RXRR,LFP,ses230825-probe0-lfp-RXRR.npy,"(72, 128, 6000)","trial, channel, time",trial,channel,time,72,128,6000,p1_relative,yes,None
230825,AAAB,LFP,ses230825-probe1-lfp-AAAB.npy,"(238, 128, 6000)","trial, channel, time",trial,channel,time,238,128,6000,p1_relative,yes,None
230825,AAAX,LFP,ses230825-probe1-lfp-AAAX.npy,"(23, 128, 6000)","trial, channel, time",trial,channel,time,23,128,6000,p1_relative,yes,None
230825,AAXB,LFP,ses230825-probe1-lfp-AAXB.npy,"(35, 128, 6000)","trial, channel, time",trial,channel,time,35,128,6000,p1_relative,yes,None
230825,AXAB,LFP,ses230825-probe1-lfp-AXAB.npy,"(34, 128, 6000)","trial, channel, time",trial,channel,time,34,128,6000,p1_relative,yes,None
230825,BBBA,LFP,ses230825-probe1-lfp-BBBA.npy,"(218, 128, 6000)","trial, channel, time",trial,channel,time,218,128,6000,p1_relative,yes,None
230825,BBBX,LFP,ses230825-probe1-lfp-BBBX.npy,"(34, 128, 6000)","trial, channel, time",trial,channel,time,34,128,6000,p1_relative,yes,None
230825,BBXA,LFP,ses230825-probe1-lfp-BBXA.npy,"(34, 128, 6000)","trial, channel, time",trial,channel,time,34,128,6000,p1_relative,yes,None
230825,BXBA,LFP,ses230825-probe1-lfp-BXBA.npy,"(44, 128, 6000)","trial, channel, time",trial,channel,time,44,128,6000,p1_relative,yes,None
230825,RRRR,LFP,ses230825-probe1-lfp-RRRR.npy,"(109, 128, 6000)","trial, channel, time",trial,channel,time,109,128,6000,p1_relative,yes,None
230825,RRRX,LFP,ses230825-probe1-lfp-RRRX.npy,"(92, 128, 6000)","trial, channel, time",trial,channel,time,92,128,6000,p1_relative,yes,None
230825,RRXR,LFP,ses230825-probe1-lfp-RRXR.npy,"(27, 128, 6000)","trial, channel, time",trial,channel,time,27,128,6000,p1_relative,yes,None
230825,RXRR,LFP,ses230825-probe1-lfp-RXRR.npy,"(72, 128, 6000)","trial, channel, time",trial,channel,time,72,128,6000,p1_relative,yes,None
230825,AAAB,LFP,ses230825-probe2-lfp-AAAB.npy,"(238, 128, 6000)","trial, channel, time",trial,channel,time,238,128,6000,p1_relative,yes,None
230825,AAAX,LFP,ses230825-probe2-lfp-AAAX.npy,"(23, 128, 6000)","trial, channel, time",trial,channel,time,23,128,6000,p1_relative,yes,None
230825,AAXB,LFP,ses230825-probe2-lfp-AAXB.npy,"(35, 128, 6000)","trial, channel, time",trial,channel,time,35,128,6000,p1_relative,yes,None
230825,AXAB,LFP,ses230825-probe2-lfp-AXAB.npy,"(34, 128, 6000)","trial, channel, time",trial,channel,time,34,128,6000,p1_relative,yes,None
230825,BBBA,LFP,ses230825-probe2-lfp-BBBA.npy,"(218, 128, 6000)","trial, channel, time",trial,channel,time,218,128,6000,p1_relative,yes,None
230825,BBBX,LFP,ses230825-probe2-lfp-BBBX.npy,"(34, 128, 6000)","trial, channel, time",trial,channel,time,34,128,6000,p1_relative,yes,None
230825,BBXA,LFP,ses230825-probe2-lfp-BBXA.npy,"(34, 128, 6000)","trial, channel, time",trial,channel,time,34,128,6000,p1_relative,yes,None
230825,BXBA,LFP,ses230825-probe2-lfp-BXBA.npy,"(44, 128, 6000)","trial, channel, time",trial,channel,time,44,128,6000,p1_relative,yes,None
230825,RRRR,LFP,ses230825-probe2-lfp-RRRR.npy,"(109, 128, 6000)","trial, channel, time",trial,channel,time,109,128,6000,p1_relative,yes,None
230825,RRRX,LFP,ses230825-probe2-lfp-RRRX.npy,"(92, 128, 6000)","trial, channel, time",trial,channel,time,92,128,6000,p1_relative,yes,None
230825,RRXR,LFP,ses230825-probe2-lfp-RRXR.npy,"(27, 128, 6000)","trial, channel, time",trial,channel,time,27,128,6000,p1_relative,yes,None
230825,RXRR,LFP,ses230825-probe2-lfp-RXRR.npy,"(72, 128, 6000)","trial, channel, time",trial,channel,time,72,128,6000,p1_relative,yes,None
230825,AAAB,SPK,ses230825-units-probe0-spk-AAAB.npy,"(238, 173, 6000)","trial, unit, time",trial,unit,time,238,173,6000,p1_relative,yes,None
230825,AAAX,SPK,ses230825-units-probe0-spk-AAAX.npy,"(23, 173, 6000)","trial, unit, time",trial,unit,time,23,173,6000,p1_relative,yes,None
230825,AAXB,SPK,ses230825-units-probe0-spk-AAXB.npy,"(35, 173, 6000)","trial, unit, time",trial,unit,time,35,173,6000,p1_relative,yes,None
230825,AXAB,SPK,ses230825-units-probe0-spk-AXAB.npy,"(34, 173, 6000)","trial, unit, time",trial,unit,time,34,173,6000,p1_relative,yes,None
230825,BBBA,SPK,ses230825-units-probe0-spk-BBBA.npy,"(218, 173, 6000)","trial, unit, time",trial,unit,time,218,173,6000,p1_relative,yes,None
230825,BBBX,SPK,ses230825-units-probe0-spk-BBBX.npy,"(34, 173, 6000)","trial, unit, time",trial,unit,time,34,173,6000,p1_relative,yes,None
230825,BBXA,SPK,ses230825-units-probe0-spk-BBXA.npy,"(34, 173, 6000)","trial, unit, time",trial,unit,time,34,173,6000,p1_relative,yes,None
230825,BXBA,SPK,ses230825-units-probe0-spk-BXBA.npy,"(44, 173, 6000)","trial, unit, time",trial,unit,time,44,173,6000,p1_relative,yes,None
230825,RRRR,SPK,ses230825-units-probe0-spk-RRRR.npy,"(109, 173, 6000)","trial, unit, time",trial,unit,time,109,173,6000,p1_relative,yes,None
230825,RRRX,SPK,ses230825-units-probe0-spk-RRRX.npy,"(92, 173, 6000)","trial, unit, time",trial,unit,time,92,173,6000,p1_relative,yes,None
230825,RRXR,SPK,ses230825-units-probe0-spk-RRXR.npy,"(27, 173, 6000)","trial, unit, time",trial,unit,time,27,173,6000,p1_relative,yes,None
230825,RXRR,SPK,ses230825-units-probe0-spk-RXRR.npy,"(72, 173, 6000)","trial, unit, time",trial,unit,time,72,173,6000,p1_relative,yes,None
230825,AAAB,SPK,ses230825-units-probe1-spk-AAAB.npy,"(238, 162, 6000)","trial, unit, time",trial,unit,time,238,162,6000,p1_relative,yes,None
230825,AAAX,SPK,ses230825-units-probe1-spk-AAAX.npy,"(23, 162, 6000)","trial, unit, time",trial,unit,time,23,162,6000,p1_relative,yes,None
230825,AAXB,SPK,ses230825-units-probe1-spk-AAXB.npy,"(35, 162, 6000)","trial, unit, time",trial,unit,time,35,162,6000,p1_relative,yes,None
230825,AXAB,SPK,ses230825-units-probe1-spk-AXAB.npy,"(34, 162, 6000)","trial, unit, time",trial,unit,time,34,162,6000,p1_relative,yes,None
230825,BBBA,SPK,ses230825-units-probe1-spk-BBBA.npy,"(218, 162, 6000)","trial, unit, time",trial,unit,time,218,162,6000,p1_relative,yes,None
230825,BBBX,SPK,ses230825-units-probe1-spk-BBBX.npy,"(34, 162, 6000)","trial, unit, time",trial,unit,time,34,162,6000,p1_relative,yes,None
230825,BBXA,SPK,ses230825-units-probe1-spk-BBXA.npy,"(34, 162, 6000)","trial, unit, time",trial,unit,time,34,162,6000,p1_relative,yes,None
230825,BXBA,SPK,ses230825-units-probe1-spk-BXBA.npy,"(44, 162, 6000)","trial, unit, time",trial,unit,time,44,162,6000,p1_relative,yes,None
230825,RRRR,SPK,ses230825-units-probe1-spk-RRRR.npy,"(109, 162, 6000)","trial, unit, time",trial,unit,time,109,162,6000,p1_relative,yes,None
230825,RRRX,SPK,ses230825-units-probe1-spk-RRRX.npy,"(92, 162, 6000)","trial, unit, time",trial,unit,time,92,162,6000,p1_relative,yes,None
230825,RRXR,SPK,ses230825-units-probe1-spk-RRXR.npy,"(27, 162, 6000)","trial, unit, time",trial,unit,time,27,162,6000,p1_relative,yes,None
230825,RXRR,SPK,ses230825-units-probe1-spk-RXRR.npy,"(72, 162, 6000)","trial, unit, time",trial,unit,time,72,162,6000,p1_relative,yes,None
230825,AAAB,SPK,ses230825-units-probe2-spk-AAAB.npy,"(238, 156, 6000)","trial, unit, time",trial,unit,time,238,156,6000,p1_relative,yes,None
230825,AAAX,SPK,ses230825-units-probe2-spk-AAAX.npy,"(23, 156, 6000)","trial, unit, time",trial,unit,time,23,156,6000,p1_relative,yes,None
230825,AAXB,SPK,ses230825-units-probe2-spk-AAXB.npy,"(35, 156, 6000)","trial, unit, time",trial,unit,time,35,156,6000,p1_relative,yes,None
230825,AXAB,SPK,ses230825-units-probe2-spk-AXAB.npy,"(34, 156, 6000)","trial, unit, time",trial,unit,time,34,156,6000,p1_relative,yes,None
230825,BBBA,SPK,ses230825-units-probe2-spk-BBBA.npy,"(218, 156, 6000)","trial, unit, time",trial,unit,time,218,156,6000,p1_relative,yes,None
230825,BBBX,SPK,ses230825-units-probe2-spk-BBBX.npy,"(34, 156, 6000)","trial, unit, time",trial,unit,time,34,156,6000,p1_relative,yes,None
230825,BBXA,SPK,ses230825-units-probe2-spk-BBXA.npy,"(34, 156, 6000)","trial, unit, time",trial,unit,time,34,156,6000,p1_relative,yes,None
230825,BXBA,SPK,ses230825-units-probe2-spk-BXBA.npy,"(44, 156, 6000)","trial, unit, time",trial,unit,time,44,156,6000,p1_relative,yes,None
230825,RRRR,SPK,ses230825-units-probe2-spk-RRRR.npy,"(109, 156, 6000)","trial, unit, time",trial,unit,time,109,156,6000,p1_relative,yes,None
230825,RRRX,SPK,ses230825-units-probe2-spk-RRRX.npy,"(92, 156, 6000)","trial, unit, time",trial,unit,time,92,156,6000,p1_relative,yes,None
230825,RRXR,SPK,ses230825-units-probe2-spk-RRXR.npy,"(27, 156, 6000)","trial, unit, time",trial,unit,time,27,156,6000,p1_relative,yes,None
230825,RXRR,SPK,ses230825-units-probe2-spk-RXRR.npy,"(72, 156, 6000)","trial, unit, time",trial,unit,time,72,156,6000,p1_relative,yes,None
230830,AAAB,LFP,ses230830-probe0-lfp-AAAB.npy,"(224, 128, 6000)","trial, channel, time",trial,channel,time,224,128,6000,p1_relative,yes,None
230830,AAAX,LFP,ses230830-probe0-lfp-AAAX.npy,"(31, 128, 6000)","trial, channel, time",trial,channel,time,31,128,6000,p1_relative,yes,None
230830,AAXB,LFP,ses230830-probe0-lfp-AAXB.npy,"(40, 128, 6000)","trial, channel, time",trial,channel,time,40,128,6000,p1_relative,yes,None
230830,AXAB,LFP,ses230830-probe0-lfp-AXAB.npy,"(35, 128, 6000)","trial, channel, time",trial,channel,time,35,128,6000,p1_relative,yes,None
230830,BBBA,LFP,ses230830-probe0-lfp-BBBA.npy,"(218, 128, 6000)","trial, channel, time",trial,channel,time,218,128,6000,p1_relative,yes,None
230830,BBBX,LFP,ses230830-probe0-lfp-BBBX.npy,"(32, 128, 6000)","trial, channel, time",trial,channel,time,32,128,6000,p1_relative,yes,None
230830,BBXA,LFP,ses230830-probe0-lfp-BBXA.npy,"(39, 128, 6000)","trial, channel, time",trial,channel,time,39,128,6000,p1_relative,yes,None
230830,BXBA,LFP,ses230830-probe0-lfp-BXBA.npy,"(41, 128, 6000)","trial, channel, time",trial,channel,time,41,128,6000,p1_relative,yes,None
230830,RRRR,LFP,ses230830-probe0-lfp-RRRR.npy,"(111, 128, 6000)","trial, channel, time",trial,channel,time,111,128,6000,p1_relative,yes,None
230830,RRRX,LFP,ses230830-probe0-lfp-RRRX.npy,"(85, 128, 6000)","trial, channel, time",trial,channel,time,85,128,6000,p1_relative,yes,None
230830,RRXR,LFP,ses230830-probe0-lfp-RRXR.npy,"(39, 128, 6000)","trial, channel, time",trial,channel,time,39,128,6000,p1_relative,yes,None
230830,RXRR,LFP,ses230830-probe0-lfp-RXRR.npy,"(65, 128, 6000)","trial, channel, time",trial,channel,time,65,128,6000,p1_relative,yes,None
230830,AAAB,LFP,ses230830-probe1-lfp-AAAB.npy,"(224, 128, 6000)","trial, channel, time",trial,channel,time,224,128,6000,p1_relative,yes,None
230830,AAAX,LFP,ses230830-probe1-lfp-AAAX.npy,"(31, 128, 6000)","trial, channel, time",trial,channel,time,31,128,6000,p1_relative,yes,None
230830,AAXB,LFP,ses230830-probe1-lfp-AAXB.npy,"(40, 128, 6000)","trial, channel, time",trial,channel,time,40,128,6000,p1_relative,yes,None
230830,AXAB,LFP,ses230830-probe1-lfp-AXAB.npy,"(35, 128, 6000)","trial, channel, time",trial,channel,time,35,128,6000,p1_relative,yes,None
230830,BBBA,LFP,ses230830-probe1-lfp-BBBA.npy,"(218, 128, 6000)","trial, channel, time",trial,channel,time,218,128,6000,p1_relative,yes,None
230830,BBBX,LFP,ses230830-probe1-lfp-BBBX.npy,"(32, 128, 6000)","trial, channel, time",trial,channel,time,32,128,6000,p1_relative,yes,None
230830,BBXA,LFP,ses230830-probe1-lfp-BBXA.npy,"(39, 128, 6000)","trial, channel, time",trial,channel,time,39,128,6000,p1_relative,yes,None
230830,BXBA,LFP,ses230830-probe1-lfp-BXBA.npy,"(41, 128, 6000)","trial, channel, time",trial,channel,time,41,128,6000,p1_relative,yes,None
230830,RRRR,LFP,ses230830-probe1-lfp-RRRR.npy,"(111, 128, 6000)","trial, channel, time",trial,channel,time,111,128,6000,p1_relative,yes,None
230830,RRRX,LFP,ses230830-probe1-lfp-RRRX.npy,"(85, 128, 6000)","trial, channel, time",trial,channel,time,85,128,6000,p1_relative,yes,None
230830,RRXR,LFP,ses230830-probe1-lfp-RRXR.npy,"(39, 128, 6000)","trial, channel, time",trial,channel,time,39,128,6000,p1_relative,yes,None
230830,RXRR,LFP,ses230830-probe1-lfp-RXRR.npy,"(65, 128, 6000)","trial, channel, time",trial,channel,time,65,128,6000,p1_relative,yes,None
230830,AAAB,LFP,ses230830-probe2-lfp-AAAB.npy,"(224, 128, 6000)","trial, channel, time",trial,channel,time,224,128,6000,p1_relative,yes,None
230830,AAAX,LFP,ses230830-probe2-lfp-AAAX.npy,"(31, 128, 6000)","trial, channel, time",trial,channel,time,31,128,6000,p1_relative,yes,None
230830,AAXB,LFP,ses230830-probe2-lfp-AAXB.npy,"(40, 128, 6000)","trial, channel, time",trial,channel,time,40,128,6000,p1_relative,yes,None
230830,AXAB,LFP,ses230830-probe2-lfp-AXAB.npy,"(35, 128, 6000)","trial, channel, time",trial,channel,time,35,128,6000,p1_relative,yes,None
230830,BBBA,LFP,ses230830-probe2-lfp-BBBA.npy,"(218, 128, 6000)","trial, channel, time",trial,channel,time,218,128,6000,p1_relative,yes,None
230830,BBBX,LFP,ses230830-probe2-lfp-BBBX.npy,"(32, 128, 6000)","trial, channel, time",trial,channel,time,32,128,6000,p1_relative,yes,None
230830,BBXA,LFP,ses230830-probe2-lfp-BBXA.npy,"(39, 128, 6000)","trial, channel, time",trial,channel,time,39,128,6000,p1_relative,yes,None
230830,BXBA,LFP,ses230830-probe2-lfp-BXBA.npy,"(41, 128, 6000)","trial, channel, time",trial,channel,time,41,128,6000,p1_relative,yes,None
230830,RRRR,LFP,ses230830-probe2-lfp-RRRR.npy,"(111, 128, 6000)","trial, channel, time",trial,channel,time,111,128,6000,p1_relative,yes,None
230830,RRRX,LFP,ses230830-probe2-lfp-RRRX.npy,"(85, 128, 6000)","trial, channel, time",trial,channel,time,85,128,6000,p1_relative,yes,None
230830,RRXR,LFP,ses230830-probe2-lfp-RRXR.npy,"(39, 128, 6000)","trial, channel, time",trial,channel,time,39,128,6000,p1_relative,yes,None
230830,RXRR,LFP,ses230830-probe2-lfp-RXRR.npy,"(65, 128, 6000)","trial, channel, time",trial,channel,time,65,128,6000,p1_relative,yes,None
230830,AAAB,SPK,ses230830-units-probe0-spk-AAAB.npy,"(224, 136, 6000)","trial, unit, time",trial,unit,time,224,136,6000,p1_relative,yes,None
230830,AAAX,SPK,ses230830-units-probe0-spk-AAAX.npy,"(31, 136, 6000)","trial, unit, time",trial,unit,time,31,136,6000,p1_relative,yes,None
230830,AAXB,SPK,ses230830-units-probe0-spk-AAXB.npy,"(40, 136, 6000)","trial, unit, time",trial,unit,time,40,136,6000,p1_relative,yes,None
230830,AXAB,SPK,ses230830-units-probe0-spk-AXAB.npy,"(35, 136, 6000)","trial, unit, time",trial,unit,time,35,136,6000,p1_relative,yes,None
230830,BBBA,SPK,ses230830-units-probe0-spk-BBBA.npy,"(218, 136, 6000)","trial, unit, time",trial,unit,time,218,136,6000,p1_relative,yes,None
230830,BBBX,SPK,ses230830-units-probe0-spk-BBBX.npy,"(32, 136, 6000)","trial, unit, time",trial,unit,time,32,136,6000,p1_relative,yes,None
230830,BBXA,SPK,ses230830-units-probe0-spk-BBXA.npy,"(39, 136, 6000)","trial, unit, time",trial,unit,time,39,136,6000,p1_relative,yes,None
230830,BXBA,SPK,ses230830-units-probe0-spk-BXBA.npy,"(41, 136, 6000)","trial, unit, time",trial,unit,time,41,136,6000,p1_relative,yes,None
230830,RRRR,SPK,ses230830-units-probe0-spk-RRRR.npy,"(111, 136, 6000)","trial, unit, time",trial,unit,time,111,136,6000,p1_relative,yes,None
230830,RRRX,SPK,ses230830-units-probe0-spk-RRRX.npy,"(85, 136, 6000)","trial, unit, time",trial,unit,time,85,136,6000,p1_relative,yes,None
230830,RRXR,SPK,ses230830-units-probe0-spk-RRXR.npy,"(39, 136, 6000)","trial, unit, time",trial,unit,time,39,136,6000,p1_relative,yes,None
230830,RXRR,SPK,ses230830-units-probe0-spk-RXRR.npy,"(65, 136, 6000)","trial, unit, time",trial,unit,time,65,136,6000,p1_relative,yes,None
230830,AAAB,SPK,ses230830-units-probe1-spk-AAAB.npy,"(224, 513, 6000)","trial, unit, time",trial,unit,time,224,513,6000,p1_relative,yes,None
230830,AAAX,SPK,ses230830-units-probe1-spk-AAAX.npy,"(31, 513, 6000)","trial, unit, time",trial,unit,time,31,513,6000,p1_relative,yes,None
230830,AAXB,SPK,ses230830-units-probe1-spk-AAXB.npy,"(40, 513, 6000)","trial, unit, time",trial,unit,time,40,513,6000,p1_relative,yes,None
230830,AXAB,SPK,ses230830-units-probe1-spk-AXAB.npy,"(35, 513, 6000)","trial, unit, time",trial,unit,time,35,513,6000,p1_relative,yes,None
230830,BBBA,SPK,ses230830-units-probe1-spk-BBBA.npy,"(218, 513, 6000)","trial, unit, time",trial,unit,time,218,513,6000,p1_relative,yes,None
230830,BBBX,SPK,ses230830-units-probe1-spk-BBBX.npy,"(32, 513, 6000)","trial, unit, time",trial,unit,time,32,513,6000,p1_relative,yes,None
230830,BBXA,SPK,ses230830-units-probe1-spk-BBXA.npy,"(39, 513, 6000)","trial, unit, time",trial,unit,time,39,513,6000,p1_relative,yes,None
230830,BXBA,SPK,ses230830-units-probe1-spk-BXBA.npy,"(41, 513, 6000)","trial, unit, time",trial,unit,time,41,513,6000,p1_relative,yes,None
230830,RRRR,SPK,ses230830-units-probe1-spk-RRRR.npy,"(111, 513, 6000)","trial, unit, time",trial,unit,time,111,513,6000,p1_relative,yes,None
230830,RRRX,SPK,ses230830-units-probe1-spk-RRRX.npy,"(85, 513, 6000)","trial, unit, time",trial,unit,time,85,513,6000,p1_relative,yes,None
230830,RRXR,SPK,ses230830-units-probe1-spk-RRXR.npy,"(39, 513, 6000)","trial, unit, time",trial,unit,time,39,513,6000,p1_relative,yes,None
230830,RXRR,SPK,ses230830-units-probe1-spk-RXRR.npy,"(65, 513, 6000)","trial, unit, time",trial,unit,time,65,513,6000,p1_relative,yes,None
230830,AAAB,SPK,ses230830-units-probe2-spk-AAAB.npy,"(224, 125, 6000)","trial, unit, time",trial,unit,time,224,125,6000,p1_relative,yes,None
230830,AAAX,SPK,ses230830-units-probe2-spk-AAAX.npy,"(31, 125, 6000)","trial, unit, time",trial,unit,time,31,125,6000,p1_relative,yes,None
230830,AAXB,SPK,ses230830-units-probe2-spk-AAXB.npy,"(40, 125, 6000)","trial, unit, time",trial,unit,time,40,125,6000,p1_relative,yes,None
230830,AXAB,SPK,ses230830-units-probe2-spk-AXAB.npy,"(35, 125, 6000)","trial, unit, time",trial,unit,time,35,125,6000,p1_relative,yes,None
230830,BBBA,SPK,ses230830-units-probe2-spk-BBBA.npy,"(218, 125, 6000)","trial, unit, time",trial,unit,time,218,125,6000,p1_relative,yes,None
230830,BBBX,SPK,ses230830-units-probe2-spk-BBBX.npy,"(32, 125, 6000)","trial, unit, time",trial,unit,time,32,125,6000,p1_relative,yes,None
230830,BBXA,SPK,ses230830-units-probe2-spk-BBXA.npy,"(39, 125, 6000)","trial, unit, time",trial,unit,time,39,125,6000,p1_relative,yes,None
230830,BXBA,SPK,ses230830-units-probe2-spk-BXBA.npy,"(41, 125, 6000)","trial, unit, time",trial,unit,time,41,125,6000,p1_relative,yes,None
230830,RRRR,SPK,ses230830-units-probe2-spk-RRRR.npy,"(111, 125, 6000)","trial, unit, time",trial,unit,time,111,125,6000,p1_relative,yes,None
230830,RRRX,SPK,ses230830-units-probe2-spk-RRRX.npy,"(85, 125, 6000)","trial, unit, time",trial,unit,time,85,125,6000,p1_relative,yes,None
230830,RRXR,SPK,ses230830-units-probe2-spk-RRXR.npy,"(39, 125, 6000)","trial, unit, time",trial,unit,time,39,125,6000,p1_relative,yes,None
230830,RXRR,SPK,ses230830-units-probe2-spk-RXRR.npy,"(65, 125, 6000)","trial, unit, time",trial,unit,time,65,125,6000,p1_relative,yes,None
230831,AAAB,LFP,ses230831-probe0-lfp-AAAB.npy,"(220, 128, 6000)","trial, channel, time",trial,channel,time,220,128,6000,p1_relative,yes,None
230831,AAAX,LFP,ses230831-probe0-lfp-AAAX.npy,"(40, 128, 6000)","trial, channel, time",trial,channel,time,40,128,6000,p1_relative,yes,None
230831,AAXB,LFP,ses230831-probe0-lfp-AAXB.npy,"(32, 128, 6000)","trial, channel, time",trial,channel,time,32,128,6000,p1_relative,yes,None
230831,AXAB,LFP,ses230831-probe0-lfp-AXAB.npy,"(38, 128, 6000)","trial, channel, time",trial,channel,time,38,128,6000,p1_relative,yes,None
230831,BBBA,LFP,ses230831-probe0-lfp-BBBA.npy,"(229, 128, 6000)","trial, channel, time",trial,channel,time,229,128,6000,p1_relative,yes,None
230831,BBBX,LFP,ses230831-probe0-lfp-BBBX.npy,"(26, 128, 6000)","trial, channel, time",trial,channel,time,26,128,6000,p1_relative,yes,None
230831,BBXA,LFP,ses230831-probe0-lfp-BBXA.npy,"(27, 128, 6000)","trial, channel, time",trial,channel,time,27,128,6000,p1_relative,yes,None
230831,BXBA,LFP,ses230831-probe0-lfp-BXBA.npy,"(48, 128, 6000)","trial, channel, time",trial,channel,time,48,128,6000,p1_relative,yes,None
230831,RRRR,LFP,ses230831-probe0-lfp-RRRR.npy,"(111, 128, 6000)","trial, channel, time",trial,channel,time,111,128,6000,p1_relative,yes,None
230831,RRRX,LFP,ses230831-probe0-lfp-RRRX.npy,"(86, 128, 6000)","trial, channel, time",trial,channel,time,86,128,6000,p1_relative,yes,None
230831,RRXR,LFP,ses230831-probe0-lfp-RRXR.npy,"(29, 128, 6000)","trial, channel, time",trial,channel,time,29,128,6000,p1_relative,yes,None
230831,RXRR,LFP,ses230831-probe0-lfp-RXRR.npy,"(74, 128, 6000)","trial, channel, time",trial,channel,time,74,128,6000,p1_relative,yes,None
230831,AAAB,LFP,ses230831-probe1-lfp-AAAB.npy,"(220, 128, 6000)","trial, channel, time",trial,channel,time,220,128,6000,p1_relative,yes,None
230831,AAAX,LFP,ses230831-probe1-lfp-AAAX.npy,"(40, 128, 6000)","trial, channel, time",trial,channel,time,40,128,6000,p1_relative,yes,None
230831,AAXB,LFP,ses230831-probe1-lfp-AAXB.npy,"(32, 128, 6000)","trial, channel, time",trial,channel,time,32,128,6000,p1_relative,yes,None
230831,AXAB,LFP,ses230831-probe1-lfp-AXAB.npy,"(38, 128, 6000)","trial, channel, time",trial,channel,time,38,128,6000,p1_relative,yes,None
230831,BBBA,LFP,ses230831-probe1-lfp-BBBA.npy,"(229, 128, 6000)","trial, channel, time",trial,channel,time,229,128,6000,p1_relative,yes,None
230831,BBBX,LFP,ses230831-probe1-lfp-BBBX.npy,"(26, 128, 6000)","trial, channel, time",trial,channel,time,26,128,6000,p1_relative,yes,None
230831,BBXA,LFP,ses230831-probe1-lfp-BBXA.npy,"(27, 128, 6000)","trial, channel, time",trial,channel,time,27,128,6000,p1_relative,yes,None
230831,BXBA,LFP,ses230831-probe1-lfp-BXBA.npy,"(48, 128, 6000)","trial, channel, time",trial,channel,time,48,128,6000,p1_relative,yes,None
230831,RRRR,LFP,ses230831-probe1-lfp-RRRR.npy,"(111, 128, 6000)","trial, channel, time",trial,channel,time,111,128,6000,p1_relative,yes,None
230831,RRRX,LFP,ses230831-probe1-lfp-RRRX.npy,"(86, 128, 6000)","trial, channel, time",trial,channel,time,86,128,6000,p1_relative,yes,None
230831,RRXR,LFP,ses230831-probe1-lfp-RRXR.npy,"(29, 128, 6000)","trial, channel, time",trial,channel,time,29,128,6000,p1_relative,yes,None
230831,RXRR,LFP,ses230831-probe1-lfp-RXRR.npy,"(74, 128, 6000)","trial, channel, time",trial,channel,time,74,128,6000,p1_relative,yes,None
230831,AAAB,LFP,ses230831-probe2-lfp-AAAB.npy,"(220, 128, 6000)","trial, channel, time",trial,channel,time,220,128,6000,p1_relative,yes,None
230831,AAAX,LFP,ses230831-probe2-lfp-AAAX.npy,"(40, 128, 6000)","trial, channel, time",trial,channel,time,40,128,6000,p1_relative,yes,None
230831,AAXB,LFP,ses230831-probe2-lfp-AAXB.npy,"(32, 128, 6000)","trial, channel, time",trial,channel,time,32,128,6000,p1_relative,yes,None
230831,AXAB,LFP,ses230831-probe2-lfp-AXAB.npy,"(38, 128, 6000)","trial, channel, time",trial,channel,time,38,128,6000,p1_relative,yes,None
230831,BBBA,LFP,ses230831-probe2-lfp-BBBA.npy,"(229, 128, 6000)","trial, channel, time",trial,channel,time,229,128,6000,p1_relative,yes,None
230831,BBBX,LFP,ses230831-probe2-lfp-BBBX.npy,"(26, 128, 6000)","trial, channel, time",trial,channel,time,26,128,6000,p1_relative,yes,None
230831,BBXA,LFP,ses230831-probe2-lfp-BBXA.npy,"(27, 128, 6000)","trial, channel, time",trial,channel,time,27,128,6000,p1_relative,yes,None
230831,BXBA,LFP,ses230831-probe2-lfp-BXBA.npy,"(48, 128, 6000)","trial, channel, time",trial,channel,time,48,128,6000,p1_relative,yes,None
230831,RRRR,LFP,ses230831-probe2-lfp-RRRR.npy,"(111, 128, 6000)","trial, channel, time",trial,channel,time,111,128,6000,p1_relative,yes,None
230831,RRRX,LFP,ses230831-probe2-lfp-RRRX.npy,"(86, 128, 6000)","trial, channel, time",trial,channel,time,86,128,6000,p1_relative,yes,None
230831,RRXR,LFP,ses230831-probe2-lfp-RRXR.npy,"(29, 128, 6000)","trial, channel, time",trial,channel,time,29,128,6000,p1_relative,yes,None
230831,RXRR,LFP,ses230831-probe2-lfp-RXRR.npy,"(74, 128, 6000)","trial, channel, time",trial,channel,time,74,128,6000,p1_relative,yes,None
230831,AAAB,SPK,ses230831-units-probe0-spk-AAAB.npy,"(220, 137, 6000)","trial, unit, time",trial,unit,time,220,137,6000,p1_relative,yes,None
230831,AAAX,SPK,ses230831-units-probe0-spk-AAAX.npy,"(40, 137, 6000)","trial, unit, time",trial,unit,time,40,137,6000,p1_relative,yes,None
230831,AAXB,SPK,ses230831-units-probe0-spk-AAXB.npy,"(32, 137, 6000)","trial, unit, time",trial,unit,time,32,137,6000,p1_relative,yes,None
230831,AXAB,SPK,ses230831-units-probe0-spk-AXAB.npy,"(38, 137, 6000)","trial, unit, time",trial,unit,time,38,137,6000,p1_relative,yes,None
230831,BBBA,SPK,ses230831-units-probe0-spk-BBBA.npy,"(229, 137, 6000)","trial, unit, time",trial,unit,time,229,137,6000,p1_relative,yes,None
230831,BBBX,SPK,ses230831-units-probe0-spk-BBBX.npy,"(26, 137, 6000)","trial, unit, time",trial,unit,time,26,137,6000,p1_relative,yes,None
230831,BBXA,SPK,ses230831-units-probe0-spk-BBXA.npy,"(27, 137, 6000)","trial, unit, time",trial,unit,time,27,137,6000,p1_relative,yes,None
230831,BXBA,SPK,ses230831-units-probe0-spk-BXBA.npy,"(48, 137, 6000)","trial, unit, time",trial,unit,time,48,137,6000,p1_relative,yes,None
230831,RRRR,SPK,ses230831-units-probe0-spk-RRRR.npy,"(111, 137, 6000)","trial, unit, time",trial,unit,time,111,137,6000,p1_relative,yes,None
230831,RRRX,SPK,ses230831-units-probe0-spk-RRRX.npy,"(86, 137, 6000)","trial, unit, time",trial,unit,time,86,137,6000,p1_relative,yes,None
230831,RRXR,SPK,ses230831-units-probe0-spk-RRXR.npy,"(29, 137, 6000)","trial, unit, time",trial,unit,time,29,137,6000,p1_relative,yes,None
230831,RXRR,SPK,ses230831-units-probe0-spk-RXRR.npy,"(74, 137, 6000)","trial, unit, time",trial,unit,time,74,137,6000,p1_relative,yes,None
230831,AAAB,SPK,ses230831-units-probe1-spk-AAAB.npy,"(220, 247, 6000)","trial, unit, time",trial,unit,time,220,247,6000,p1_relative,yes,None
230831,AAAX,SPK,ses230831-units-probe1-spk-AAAX.npy,"(40, 247, 6000)","trial, unit, time",trial,unit,time,40,247,6000,p1_relative,yes,None
230831,AAXB,SPK,ses230831-units-probe1-spk-AAXB.npy,"(32, 247, 6000)","trial, unit, time",trial,unit,time,32,247,6000,p1_relative,yes,None
230831,AXAB,SPK,ses230831-units-probe1-spk-AXAB.npy,"(38, 247, 6000)","trial, unit, time",trial,unit,time,38,247,6000,p1_relative,yes,None
230831,BBBA,SPK,ses230831-units-probe1-spk-BBBA.npy,"(229, 247, 6000)","trial, unit, time",trial,unit,time,229,247,6000,p1_relative,yes,None
230831,BBBX,SPK,ses230831-units-probe1-spk-BBBX.npy,"(26, 247, 6000)","trial, unit, time",trial,unit,time,26,247,6000,p1_relative,yes,None
230831,BBXA,SPK,ses230831-units-probe1-spk-BBXA.npy,"(27, 247, 6000)","trial, unit, time",trial,unit,time,27,247,6000,p1_relative,yes,None
230831,BXBA,SPK,ses230831-units-probe1-spk-BXBA.npy,"(48, 247, 6000)","trial, unit, time",trial,unit,time,48,247,6000,p1_relative,yes,None
230831,RRRR,SPK,ses230831-units-probe1-spk-RRRR.npy,"(111, 247, 6000)","trial, unit, time",trial,unit,time,111,247,6000,p1_relative,yes,None
230831,RRRX,SPK,ses230831-units-probe1-spk-RRRX.npy,"(86, 247, 6000)","trial, unit, time",trial,unit,time,86,247,6000,p1_relative,yes,None
230831,RRXR,SPK,ses230831-units-probe1-spk-RRXR.npy,"(29, 247, 6000)","trial, unit, time",trial,unit,time,29,247,6000,p1_relative,yes,None
230831,RXRR,SPK,ses230831-units-probe1-spk-RXRR.npy,"(74, 247, 6000)","trial, unit, time",trial,unit,time,74,247,6000,p1_relative,yes,None
230831,AAAB,SPK,ses230831-units-probe2-spk-AAAB.npy,"(220, 200, 6000)","trial, unit, time",trial,unit,time,220,200,6000,p1_relative,yes,None
230831,AAAX,SPK,ses230831-units-probe2-spk-AAAX.npy,"(40, 200, 6000)","trial, unit, time",trial,unit,time,40,200,6000,p1_relative,yes,None
230831,AAXB,SPK,ses230831-units-probe2-spk-AAXB.npy,"(32, 200, 6000)","trial, unit, time",trial,unit,time,32,200,6000,p1_relative,yes,None
230831,AXAB,SPK,ses230831-units-probe2-spk-AXAB.npy,"(38, 200, 6000)","trial, unit, time",trial,unit,time,38,200,6000,p1_relative,yes,None
230831,BBBA,SPK,ses230831-units-probe2-spk-BBBA.npy,"(229, 200, 6000)","trial, unit, time",trial,unit,time,229,200,6000,p1_relative,yes,None
230831,BBBX,SPK,ses230831-units-probe2-spk-BBBX.npy,"(26, 200, 6000)","trial, unit, time",trial,unit,time,26,200,6000,p1_relative,yes,None
230831,BBXA,SPK,ses230831-units-probe2-spk-BBXA.npy,"(27, 200, 6000)","trial, unit, time",trial,unit,time,27,200,6000,p1_relative,yes,None
230831,BXBA,SPK,ses230831-units-probe2-spk-BXBA.npy,"(48, 200, 6000)","trial, unit, time",trial,unit,time,48,200,6000,p1_relative,yes,None
230831,RRRR,SPK,ses230831-units-probe2-spk-RRRR.npy,"(111, 200, 6000)","trial, unit, time",trial,unit,time,111,200,6000,p1_relative,yes,None
230831,RRRX,SPK,ses230831-units-probe2-spk-RRRX.npy,"(86, 200, 6000)","trial, unit, time",trial,unit,time,86,200,6000,p1_relative,yes,None
230831,RRXR,SPK,ses230831-units-probe2-spk-RRXR.npy,"(29, 200, 6000)","trial, unit, time",trial,unit,time,29,200,6000,p1_relative,yes,None
230831,RXRR,SPK,ses230831-units-probe2-spk-RXRR.npy,"(74, 200, 6000)","trial, unit, time",trial,unit,time,74,200,6000,p1_relative,yes,None
230901,AAAB,LFP,ses230901-probe0-lfp-AAAB.npy,"(247, 128, 6000)","trial, channel, time",trial,channel,time,247,128,6000,p1_relative,yes,None
230901,AAAX,LFP,ses230901-probe0-lfp-AAAX.npy,"(30, 128, 6000)","trial, channel, time",trial,channel,time,30,128,6000,p1_relative,yes,None
230901,AAXB,LFP,ses230901-probe0-lfp-AAXB.npy,"(40, 128, 6000)","trial, channel, time",trial,channel,time,40,128,6000,p1_relative,yes,None
230901,AXAB,LFP,ses230901-probe0-lfp-AXAB.npy,"(30, 128, 6000)","trial, channel, time",trial,channel,time,30,128,6000,p1_relative,yes,None
230901,BBBA,LFP,ses230901-probe0-lfp-BBBA.npy,"(216, 128, 6000)","trial, channel, time",trial,channel,time,216,128,6000,p1_relative,yes,None
230901,BBBX,LFP,ses230901-probe0-lfp-BBBX.npy,"(30, 128, 6000)","trial, channel, time",trial,channel,time,30,128,6000,p1_relative,yes,None
230901,BBXA,LFP,ses230901-probe0-lfp-BBXA.npy,"(42, 128, 6000)","trial, channel, time",trial,channel,time,42,128,6000,p1_relative,yes,None
230901,BXBA,LFP,ses230901-probe0-lfp-BXBA.npy,"(42, 128, 6000)","trial, channel, time",trial,channel,time,42,128,6000,p1_relative,yes,None
230901,RRRR,LFP,ses230901-probe0-lfp-RRRR.npy,"(106, 128, 6000)","trial, channel, time",trial,channel,time,106,128,6000,p1_relative,yes,None
230901,RRRX,LFP,ses230901-probe0-lfp-RRRX.npy,"(104, 128, 6000)","trial, channel, time",trial,channel,time,104,128,6000,p1_relative,yes,None
230901,RRXR,LFP,ses230901-probe0-lfp-RRXR.npy,"(40, 128, 6000)","trial, channel, time",trial,channel,time,40,128,6000,p1_relative,yes,None
230901,RXRR,LFP,ses230901-probe0-lfp-RXRR.npy,"(50, 128, 6000)","trial, channel, time",trial,channel,time,50,128,6000,p1_relative,yes,None
230901,AAAB,LFP,ses230901-probe1-lfp-AAAB.npy,"(247, 128, 6000)","trial, channel, time",trial,channel,time,247,128,6000,p1_relative,yes,None
230901,AAAX,LFP,ses230901-probe1-lfp-AAAX.npy,"(30, 128, 6000)","trial, channel, time",trial,channel,time,30,128,6000,p1_relative,yes,None
230901,AAXB,LFP,ses230901-probe1-lfp-AAXB.npy,"(40, 128, 6000)","trial, channel, time",trial,channel,time,40,128,6000,p1_relative,yes,None
230901,AXAB,LFP,ses230901-probe1-lfp-AXAB.npy,"(30, 128, 6000)","trial, channel, time",trial,channel,time,30,128,6000,p1_relative,yes,None
230901,BBBA,LFP,ses230901-probe1-lfp-BBBA.npy,"(216, 128, 6000)","trial, channel, time",trial,channel,time,216,128,6000,p1_relative,yes,None
230901,BBBX,LFP,ses230901-probe1-lfp-BBBX.npy,"(30, 128, 6000)","trial, channel, time",trial,channel,time,30,128,6000,p1_relative,yes,None
230901,BBXA,LFP,ses230901-probe1-lfp-BBXA.npy,"(42, 128, 6000)","trial, channel, time",trial,channel,time,42,128,6000,p1_relative,yes,None
230901,BXBA,LFP,ses230901-probe1-lfp-BXBA.npy,"(42, 128, 6000)","trial, channel, time",trial,channel,time,42,128,6000,p1_relative,yes,None
230901,RRRR,LFP,ses230901-probe1-lfp-RRRR.npy,"(106, 128, 6000)","trial, channel, time",trial,channel,time,106,128,6000,p1_relative,yes,None
230901,RRRX,LFP,ses230901-probe1-lfp-RRRX.npy,"(104, 128, 6000)","trial, channel, time",trial,channel,time,104,128,6000,p1_relative,yes,None
230901,RRXR,LFP,ses230901-probe1-lfp-RRXR.npy,"(40, 128, 6000)","trial, channel, time",trial,channel,time,40,128,6000,p1_relative,yes,None
230901,RXRR,LFP,ses230901-probe1-lfp-RXRR.npy,"(50, 128, 6000)","trial, channel, time",trial,channel,time,50,128,6000,p1_relative,yes,None
230901,AAAB,LFP,ses230901-probe2-lfp-AAAB.npy,"(247, 128, 6000)","trial, channel, time",trial,channel,time,247,128,6000,p1_relative,yes,None
230901,AAAX,LFP,ses230901-probe2-lfp-AAAX.npy,"(30, 128, 6000)","trial, channel, time",trial,channel,time,30,128,6000,p1_relative,yes,None
230901,AAXB,LFP,ses230901-probe2-lfp-AAXB.npy,"(40, 128, 6000)","trial, channel, time",trial,channel,time,40,128,6000,p1_relative,yes,None
230901,AXAB,LFP,ses230901-probe2-lfp-AXAB.npy,"(30, 128, 6000)","trial, channel, time",trial,channel,time,30,128,6000,p1_relative,yes,None
230901,BBBA,LFP,ses230901-probe2-lfp-BBBA.npy,"(216, 128, 6000)","trial, channel, time",trial,channel,time,216,128,6000,p1_relative,yes,None
230901,BBBX,LFP,ses230901-probe2-lfp-BBBX.npy,"(30, 128, 6000)","trial, channel, time",trial,channel,time,30,128,6000,p1_relative,yes,None
230901,BBXA,LFP,ses230901-probe2-lfp-BBXA.npy,"(42, 128, 6000)","trial, channel, time",trial,channel,time,42,128,6000,p1_relative,yes,None
230901,BXBA,LFP,ses230901-probe2-lfp-BXBA.npy,"(42, 128, 6000)","trial, channel, time",trial,channel,time,42,128,6000,p1_relative,yes,None
230901,RRRR,LFP,ses230901-probe2-lfp-RRRR.npy,"(106, 128, 6000)","trial, channel, time",trial,channel,time,106,128,6000,p1_relative,yes,None
230901,RRRX,LFP,ses230901-probe2-lfp-RRRX.npy,"(104, 128, 6000)","trial, channel, time",trial,channel,time,104,128,6000,p1_relative,yes,None
230901,RRXR,LFP,ses230901-probe2-lfp-RRXR.npy,"(40, 128, 6000)","trial, channel, time",trial,channel,time,40,128,6000,p1_relative,yes,None
230901,RXRR,LFP,ses230901-probe2-lfp-RXRR.npy,"(50, 128, 6000)","trial, channel, time",trial,channel,time,50,128,6000,p1_relative,yes,None
230901,AAAB,SPK,ses230901-units-probe0-spk-AAAB.npy,"(247, 508, 6000)","trial, unit, time",trial,unit,time,247,508,6000,p1_relative,yes,None
230901,AAAX,SPK,ses230901-units-probe0-spk-AAAX.npy,"(30, 508, 6000)","trial, unit, time",trial,unit,time,30,508,6000,p1_relative,yes,None
230901,AAXB,SPK,ses230901-units-probe0-spk-AAXB.npy,"(40, 508, 6000)","trial, unit, time",trial,unit,time,40,508,6000,p1_relative,yes,None
230901,AXAB,SPK,ses230901-units-probe0-spk-AXAB.npy,"(30, 508, 6000)","trial, unit, time",trial,unit,time,30,508,6000,p1_relative,yes,None
230901,BBBA,SPK,ses230901-units-probe0-spk-BBBA.npy,"(216, 508, 6000)","trial, unit, time",trial,unit,time,216,508,6000,p1_relative,yes,None
230901,BBBX,SPK,ses230901-units-probe0-spk-BBBX.npy,"(30, 508, 6000)","trial, unit, time",trial,unit,time,30,508,6000,p1_relative,yes,None
230901,BBXA,SPK,ses230901-units-probe0-spk-BBXA.npy,"(42, 508, 6000)","trial, unit, time",trial,unit,time,42,508,6000,p1_relative,yes,None
230901,BXBA,SPK,ses230901-units-probe0-spk-BXBA.npy,"(42, 508, 6000)","trial, unit, time",trial,unit,time,42,508,6000,p1_relative,yes,None
230901,RRRR,SPK,ses230901-units-probe0-spk-RRRR.npy,"(106, 508, 6000)","trial, unit, time",trial,unit,time,106,508,6000,p1_relative,yes,None
230901,RRRX,SPK,ses230901-units-probe0-spk-RRRX.npy,"(104, 508, 6000)","trial, unit, time",trial,unit,time,104,508,6000,p1_relative,yes,None
230901,RRXR,SPK,ses230901-units-probe0-spk-RRXR.npy,"(40, 508, 6000)","trial, unit, time",trial,unit,time,40,508,6000,p1_relative,yes,None
230901,RXRR,SPK,ses230901-units-probe0-spk-RXRR.npy,"(50, 508, 6000)","trial, unit, time",trial,unit,time,50,508,6000,p1_relative,yes,None
230901,AAAB,SPK,ses230901-units-probe2-spk-AAAB.npy,"(247, 188, 6000)","trial, unit, time",trial,unit,time,247,188,6000,p1_relative,yes,None
230901,AAAX,SPK,ses230901-units-probe2-spk-AAAX.npy,"(30, 188, 6000)","trial, unit, time",trial,unit,time,30,188,6000,p1_relative,yes,None
230901,AAXB,SPK,ses230901-units-probe2-spk-AAXB.npy,"(40, 188, 6000)","trial, unit, time",trial,unit,time,40,188,6000,p1_relative,yes,None
230901,AXAB,SPK,ses230901-units-probe2-spk-AXAB.npy,"(30, 188, 6000)","trial, unit, time",trial,unit,time,30,188,6000,p1_relative,yes,None
230901,BBBA,SPK,ses230901-units-probe2-spk-BBBA.npy,"(216, 188, 6000)","trial, unit, time",trial,unit,time,216,188,6000,p1_relative,yes,None
230901,BBBX,SPK,ses230901-units-probe2-spk-BBBX.npy,"(30, 188, 6000)","trial, unit, time",trial,unit,time,30,188,6000,p1_relative,yes,None
230901,BBXA,SPK,ses230901-units-probe2-spk-BBXA.npy,"(42, 188, 6000)","trial, unit, time",trial,unit,time,42,188,6000,p1_relative,yes,None
230901,BXBA,SPK,ses230901-units-probe2-spk-BXBA.npy,"(42, 188, 6000)","trial, unit, time",trial,unit,time,42,188,6000,p1_relative,yes,None
230901,RRRR,SPK,ses230901-units-probe2-spk-RRRR.npy,"(106, 188, 6000)","trial, unit, time",trial,unit,time,106,188,6000,p1_relative,yes,None
230901,RRRX,SPK,ses230901-units-probe2-spk-RRRX.npy,"(104, 188, 6000)","trial, unit, time",trial,unit,time,104,188,6000,p1_relative,yes,None
230901,RRXR,SPK,ses230901-units-probe2-spk-RRXR.npy,"(40, 188, 6000)","trial, unit, time",trial,unit,time,40,188,6000,p1_relative,yes,None
230901,RXRR,SPK,ses230901-units-probe2-spk-RXRR.npy,"(50, 188, 6000)","trial, unit, time",trial,unit,time,50,188,6000,p1_relative,yes,None
230630,None,LFP,sub-C31o_ses-230630_rec_probeA_lfp_cond_10.npy,"(8, 128, 5000)","trial, channel, time",trial,channel,time,8,128,5000,p1_relative,yes,None
230630,None,LFP,sub-C31o_ses-230630_rec_probeA_lfp_cond_2.npy,"(44, 128, 5000)","trial, channel, time",trial,channel,time,44,128,5000,p1_relative,yes,None
230630,None,LFP,sub-C31o_ses-230630_rec_probeA_lfp_cond_26.npy,"(82, 128, 5000)","trial, channel, time",trial,channel,time,82,128,5000,p1_relative,yes,None
230630,None,LFP,sub-C31o_ses-230630_rec_probeA_lfp_cond_3.npy,"(7, 128, 5000)","trial, channel, time",trial,channel,time,7,128,5000,p1_relative,yes,None
230630,None,LFP,sub-C31o_ses-230630_rec_probeA_lfp_cond_34.npy,"(7, 128, 5000)","trial, channel, time",trial,channel,time,7,128,5000,p1_relative,yes,None
230630,None,LFP,sub-C31o_ses-230630_rec_probeA_lfp_cond_4.npy,"(6, 128, 5000)","trial, channel, time",trial,channel,time,6,128,5000,p1_relative,yes,None
230630,None,LFP,sub-C31o_ses-230630_rec_probeA_lfp_cond_42.npy,"(2, 128, 5000)","trial, channel, time",trial,channel,time,2,128,5000,p1_relative,yes,None
230630,None,LFP,sub-C31o_ses-230630_rec_probeA_lfp_cond_5.npy,"(3, 128, 5000)","trial, channel, time",trial,channel,time,3,128,5000,p1_relative,yes,None
230630,None,LFP,sub-C31o_ses-230630_rec_probeA_lfp_cond_50.npy,"(2, 128, 5000)","trial, channel, time",trial,channel,time,2,128,5000,p1_relative,yes,None
230630,None,LFP,sub-C31o_ses-230630_rec_probeA_lfp_cond_7.npy,"(39, 128, 5000)","trial, channel, time",trial,channel,time,39,128,5000,p1_relative,yes,None
230630,None,LFP,sub-C31o_ses-230630_rec_probeA_lfp_cond_8.npy,"(6, 128, 5000)","trial, channel, time",trial,channel,time,6,128,5000,p1_relative,yes,None
230630,None,LFP,sub-C31o_ses-230630_rec_probeA_lfp_cond_9.npy,"(7, 128, 5000)","trial, channel, time",trial,channel,time,7,128,5000,p1_relative,yes,None
230816,None,LFP,sub-C31o_ses-230816_rec_probeA_lfp_cond_10.npy,"(28, 128, 5000)","trial, channel, time",trial,channel,time,28,128,5000,p1_relative,yes,None
230816,None,LFP,sub-C31o_ses-230816_rec_probeA_lfp_cond_2.npy,"(246, 128, 5000)","trial, channel, time",trial,channel,time,246,128,5000,p1_relative,yes,None
230816,None,LFP,sub-C31o_ses-230816_rec_probeA_lfp_cond_26.npy,"(100, 128, 5000)","trial, channel, time",trial,channel,time,100,128,5000,p1_relative,yes,None
230816,None,LFP,sub-C31o_ses-230816_rec_probeA_lfp_cond_3.npy,"(34, 128, 5000)","trial, channel, time",trial,channel,time,34,128,5000,p1_relative,yes,None
230816,None,LFP,sub-C31o_ses-230816_rec_probeA_lfp_cond_34.npy,"(51, 128, 5000)","trial, channel, time",trial,channel,time,51,128,5000,p1_relative,yes,None
230816,None,LFP,sub-C31o_ses-230816_rec_probeA_lfp_cond_4.npy,"(27, 128, 5000)","trial, channel, time",trial,channel,time,27,128,5000,p1_relative,yes,None
230816,None,LFP,sub-C31o_ses-230816_rec_probeA_lfp_cond_42.npy,"(25, 128, 5000)","trial, channel, time",trial,channel,time,25,128,5000,p1_relative,yes,None
230816,None,LFP,sub-C31o_ses-230816_rec_probeA_lfp_cond_5.npy,"(23, 128, 5000)","trial, channel, time",trial,channel,time,23,128,5000,p1_relative,yes,None
230816,None,LFP,sub-C31o_ses-230816_rec_probeA_lfp_cond_50.npy,"(25, 128, 5000)","trial, channel, time",trial,channel,time,25,128,5000,p1_relative,yes,None
230816,None,LFP,sub-C31o_ses-230816_rec_probeA_lfp_cond_7.npy,"(235, 128, 5000)","trial, channel, time",trial,channel,time,235,128,5000,p1_relative,yes,None
230816,None,LFP,sub-C31o_ses-230816_rec_probeA_lfp_cond_8.npy,"(37, 128, 5000)","trial, channel, time",trial,channel,time,37,128,5000,p1_relative,yes,None
230816,None,LFP,sub-C31o_ses-230816_rec_probeA_lfp_cond_9.npy,"(30, 128, 5000)","trial, channel, time",trial,channel,time,30,128,5000,p1_relative,yes,None
230818,None,LFP,sub-C31o_ses-230818_rec_probeA_lfp_cond_10.npy,"(30, 128, 5000)","trial, channel, time",trial,channel,time,30,128,5000,p1_relative,yes,None
230818,None,LFP,sub-C31o_ses-230818_rec_probeA_lfp_cond_2.npy,"(220, 128, 5000)","trial, channel, time",trial,channel,time,220,128,5000,p1_relative,yes,None
230818,None,LFP,sub-C31o_ses-230818_rec_probeA_lfp_cond_26.npy,"(104, 128, 5000)","trial, channel, time",trial,channel,time,104,128,5000,p1_relative,yes,None
230818,None,LFP,sub-C31o_ses-230818_rec_probeA_lfp_cond_3.npy,"(40, 128, 5000)","trial, channel, time",trial,channel,time,40,128,5000,p1_relative,yes,None
230818,None,LFP,sub-C31o_ses-230818_rec_probeA_lfp_cond_34.npy,"(64, 128, 5000)","trial, channel, time",trial,channel,time,64,128,5000,p1_relative,yes,None
230818,None,LFP,sub-C31o_ses-230818_rec_probeA_lfp_cond_4.npy,"(25, 128, 5000)","trial, channel, time",trial,channel,time,25,128,5000,p1_relative,yes,None
230818,None,LFP,sub-C31o_ses-230818_rec_probeA_lfp_cond_42.npy,"(28, 128, 5000)","trial, channel, time",trial,channel,time,28,128,5000,p1_relative,yes,None
230818,None,LFP,sub-C31o_ses-230818_rec_probeA_lfp_cond_5.npy,"(45, 128, 5000)","trial, channel, time",trial,channel,time,45,128,5000,p1_relative,yes,None
230818,None,LFP,sub-C31o_ses-230818_rec_probeA_lfp_cond_50.npy,"(28, 128, 5000)","trial, channel, time",trial,channel,time,28,128,5000,p1_relative,yes,None
230818,None,LFP,sub-C31o_ses-230818_rec_probeA_lfp_cond_7.npy,"(235, 128, 5000)","trial, channel, time",trial,channel,time,235,128,5000,p1_relative,yes,None
230818,None,LFP,sub-C31o_ses-230818_rec_probeA_lfp_cond_8.npy,"(36, 128, 5000)","trial, channel, time",trial,channel,time,36,128,5000,p1_relative,yes,None
230818,None,LFP,sub-C31o_ses-230818_rec_probeA_lfp_cond_9.npy,"(29, 128, 5000)","trial, channel, time",trial,channel,time,29,128,5000,p1_relative,yes,None
230823,None,LFP,sub-C31o_ses-230823_rec_probeA_lfp_cond_10.npy,"(30, 128, 5000)","trial, channel, time",trial,channel,time,30,128,5000,p1_relative,yes,None
230823,None,LFP,sub-C31o_ses-230823_rec_probeA_lfp_cond_2.npy,"(219, 128, 5000)","trial, channel, time",trial,channel,time,219,128,5000,p1_relative,yes,None
230823,None,LFP,sub-C31o_ses-230823_rec_probeA_lfp_cond_26.npy,"(111, 128, 5000)","trial, channel, time",trial,channel,time,111,128,5000,p1_relative,yes,None
230823,None,LFP,sub-C31o_ses-230823_rec_probeA_lfp_cond_3.npy,"(41, 128, 5000)","trial, channel, time",trial,channel,time,41,128,5000,p1_relative,yes,None
230823,None,LFP,sub-C31o_ses-230823_rec_probeA_lfp_cond_34.npy,"(55, 128, 5000)","trial, channel, time",trial,channel,time,55,128,5000,p1_relative,yes,None
230823,None,LFP,sub-C31o_ses-230823_rec_probeA_lfp_cond_4.npy,"(42, 128, 5000)","trial, channel, time",trial,channel,time,42,128,5000,p1_relative,yes,None
230823,None,LFP,sub-C31o_ses-230823_rec_probeA_lfp_cond_42.npy,"(43, 128, 5000)","trial, channel, time",trial,channel,time,43,128,5000,p1_relative,yes,None
230823,None,LFP,sub-C31o_ses-230823_rec_probeA_lfp_cond_5.npy,"(28, 128, 5000)","trial, channel, time",trial,channel,time,28,128,5000,p1_relative,yes,None
230823,None,LFP,sub-C31o_ses-230823_rec_probeA_lfp_cond_50.npy,"(43, 128, 5000)","trial, channel, time",trial,channel,time,43,128,5000,p1_relative,yes,None
230823,None,LFP,sub-C31o_ses-230823_rec_probeA_lfp_cond_7.npy,"(227, 128, 5000)","trial, channel, time",trial,channel,time,227,128,5000,p1_relative,yes,None
230823,None,LFP,sub-C31o_ses-230823_rec_probeA_lfp_cond_8.npy,"(31, 128, 5000)","trial, channel, time",trial,channel,time,31,128,5000,p1_relative,yes,None
230823,None,LFP,sub-C31o_ses-230823_rec_probeA_lfp_cond_9.npy,"(42, 128, 5000)","trial, channel, time",trial,channel,time,42,128,5000,p1_relative,yes,None
230825,None,LFP,sub-C31o_ses-230825_rec_probeA_lfp_cond_10.npy,"(34, 128, 5000)","trial, channel, time",trial,channel,time,34,128,5000,p1_relative,yes,None
230825,None,LFP,sub-C31o_ses-230825_rec_probeA_lfp_cond_2.npy,"(238, 128, 5000)","trial, channel, time",trial,channel,time,238,128,5000,p1_relative,yes,None
230825,None,LFP,sub-C31o_ses-230825_rec_probeA_lfp_cond_26.npy,"(109, 128, 5000)","trial, channel, time",trial,channel,time,109,128,5000,p1_relative,yes,None
230825,None,LFP,sub-C31o_ses-230825_rec_probeA_lfp_cond_3.npy,"(34, 128, 5000)","trial, channel, time",trial,channel,time,34,128,5000,p1_relative,yes,None
230825,None,LFP,sub-C31o_ses-230825_rec_probeA_lfp_cond_34.npy,"(72, 128, 5000)","trial, channel, time",trial,channel,time,72,128,5000,p1_relative,yes,None
230825,None,LFP,sub-C31o_ses-230825_rec_probeA_lfp_cond_4.npy,"(35, 128, 5000)","trial, channel, time",trial,channel,time,35,128,5000,p1_relative,yes,None
230825,None,LFP,sub-C31o_ses-230825_rec_probeA_lfp_cond_42.npy,"(27, 128, 5000)","trial, channel, time",trial,channel,time,27,128,5000,p1_relative,yes,None
230825,None,LFP,sub-C31o_ses-230825_rec_probeA_lfp_cond_5.npy,"(23, 128, 5000)","trial, channel, time",trial,channel,time,23,128,5000,p1_relative,yes,None
230825,None,LFP,sub-C31o_ses-230825_rec_probeA_lfp_cond_50.npy,"(27, 128, 5000)","trial, channel, time",trial,channel,time,27,128,5000,p1_relative,yes,None
230825,None,LFP,sub-C31o_ses-230825_rec_probeA_lfp_cond_7.npy,"(218, 128, 5000)","trial, channel, time",trial,channel,time,218,128,5000,p1_relative,yes,None
230825,None,LFP,sub-C31o_ses-230825_rec_probeA_lfp_cond_8.npy,"(44, 128, 5000)","trial, channel, time",trial,channel,time,44,128,5000,p1_relative,yes,None
230825,None,LFP,sub-C31o_ses-230825_rec_probeA_lfp_cond_9.npy,"(34, 128, 5000)","trial, channel, time",trial,channel,time,34,128,5000,p1_relative,yes,None
230830,None,LFP,sub-C31o_ses-230830_rec_probeA_lfp_cond_10.npy,"(32, 128, 5000)","trial, channel, time",trial,channel,time,32,128,5000,p1_relative,yes,None
230830,None,LFP,sub-C31o_ses-230830_rec_probeA_lfp_cond_2.npy,"(224, 128, 5000)","trial, channel, time",trial,channel,time,224,128,5000,p1_relative,yes,None
230830,None,LFP,sub-C31o_ses-230830_rec_probeA_lfp_cond_26.npy,"(111, 128, 5000)","trial, channel, time",trial,channel,time,111,128,5000,p1_relative,yes,None
230830,None,LFP,sub-C31o_ses-230830_rec_probeA_lfp_cond_3.npy,"(35, 128, 5000)","trial, channel, time",trial,channel,time,35,128,5000,p1_relative,yes,None
230830,None,LFP,sub-C31o_ses-230830_rec_probeA_lfp_cond_34.npy,"(65, 128, 5000)","trial, channel, time",trial,channel,time,65,128,5000,p1_relative,yes,None
230830,None,LFP,sub-C31o_ses-230830_rec_probeA_lfp_cond_4.npy,"(40, 128, 5000)","trial, channel, time",trial,channel,time,40,128,5000,p1_relative,yes,None
230830,None,LFP,sub-C31o_ses-230830_rec_probeA_lfp_cond_42.npy,"(39, 128, 5000)","trial, channel, time",trial,channel,time,39,128,5000,p1_relative,yes,None
230830,None,LFP,sub-C31o_ses-230830_rec_probeA_lfp_cond_5.npy,"(31, 128, 5000)","trial, channel, time",trial,channel,time,31,128,5000,p1_relative,yes,None
230830,None,LFP,sub-C31o_ses-230830_rec_probeA_lfp_cond_50.npy,"(39, 128, 5000)","trial, channel, time",trial,channel,time,39,128,5000,p1_relative,yes,None
230830,None,LFP,sub-C31o_ses-230830_rec_probeA_lfp_cond_7.npy,"(218, 128, 5000)","trial, channel, time",trial,channel,time,218,128,5000,p1_relative,yes,None
230830,None,LFP,sub-C31o_ses-230830_rec_probeA_lfp_cond_8.npy,"(41, 128, 5000)","trial, channel, time",trial,channel,time,41,128,5000,p1_relative,yes,None
230830,None,LFP,sub-C31o_ses-230830_rec_probeA_lfp_cond_9.npy,"(39, 128, 5000)","trial, channel, time",trial,channel,time,39,128,5000,p1_relative,yes,None
230831,None,LFP,sub-C31o_ses-230831_rec_probeA_lfp_cond_10.npy,"(26, 128, 5000)","trial, channel, time",trial,channel,time,26,128,5000,p1_relative,yes,None
230831,None,LFP,sub-C31o_ses-230831_rec_probeA_lfp_cond_2.npy,"(220, 128, 5000)","trial, channel, time",trial,channel,time,220,128,5000,p1_relative,yes,None
230831,None,LFP,sub-C31o_ses-230831_rec_probeA_lfp_cond_26.npy,"(111, 128, 5000)","trial, channel, time",trial,channel,time,111,128,5000,p1_relative,yes,None
230831,None,LFP,sub-C31o_ses-230831_rec_probeA_lfp_cond_3.npy,"(38, 128, 5000)","trial, channel, time",trial,channel,time,38,128,5000,p1_relative,yes,None
230831,None,LFP,sub-C31o_ses-230831_rec_probeA_lfp_cond_34.npy,"(74, 128, 5000)","trial, channel, time",trial,channel,time,74,128,5000,p1_relative,yes,None
230831,None,LFP,sub-C31o_ses-230831_rec_probeA_lfp_cond_4.npy,"(32, 128, 5000)","trial, channel, time",trial,channel,time,32,128,5000,p1_relative,yes,None
230831,None,LFP,sub-C31o_ses-230831_rec_probeA_lfp_cond_42.npy,"(29, 128, 5000)","trial, channel, time",trial,channel,time,29,128,5000,p1_relative,yes,None
230831,None,LFP,sub-C31o_ses-230831_rec_probeA_lfp_cond_5.npy,"(40, 128, 5000)","trial, channel, time",trial,channel,time,40,128,5000,p1_relative,yes,None
230831,None,LFP,sub-C31o_ses-230831_rec_probeA_lfp_cond_50.npy,"(29, 128, 5000)","trial, channel, time",trial,channel,time,29,128,5000,p1_relative,yes,None
230831,None,LFP,sub-C31o_ses-230831_rec_probeA_lfp_cond_7.npy,"(229, 128, 5000)","trial, channel, time",trial,channel,time,229,128,5000,p1_relative,yes,None
230831,None,LFP,sub-C31o_ses-230831_rec_probeA_lfp_cond_8.npy,"(48, 128, 5000)","trial, channel, time",trial,channel,time,48,128,5000,p1_relative,yes,None
230831,None,LFP,sub-C31o_ses-230831_rec_probeA_lfp_cond_9.npy,"(27, 128, 5000)","trial, channel, time",trial,channel,time,27,128,5000,p1_relative,yes,None
230901,None,LFP,sub-C31o_ses-230901_rec_probeA_lfp_cond_10.npy,"(30, 128, 5000)","trial, channel, time",trial,channel,time,30,128,5000,p1_relative,yes,None
230901,None,LFP,sub-C31o_ses-230901_rec_probeA_lfp_cond_2.npy,"(237, 128, 5000)","trial, channel, time",trial,channel,time,237,128,5000,p1_relative,yes,None
230901,None,LFP,sub-C31o_ses-230901_rec_probeA_lfp_cond_26.npy,"(106, 128, 5000)","trial, channel, time",trial,channel,time,106,128,5000,p1_relative,yes,None
230901,None,LFP,sub-C31o_ses-230901_rec_probeA_lfp_cond_3.npy,"(30, 128, 5000)","trial, channel, time",trial,channel,time,30,128,5000,p1_relative,yes,None
230901,None,LFP,sub-C31o_ses-230901_rec_probeA_lfp_cond_34.npy,"(50, 128, 5000)","trial, channel, time",trial,channel,time,50,128,5000,p1_relative,yes,None
230901,None,LFP,sub-C31o_ses-230901_rec_probeA_lfp_cond_4.npy,"(40, 128, 5000)","trial, channel, time",trial,channel,time,40,128,5000,p1_relative,yes,None
230901,None,LFP,sub-C31o_ses-230901_rec_probeA_lfp_cond_42.npy,"(40, 128, 5000)","trial, channel, time",trial,channel,time,40,128,5000,p1_relative,yes,None
230901,None,LFP,sub-C31o_ses-230901_rec_probeA_lfp_cond_5.npy,"(30, 128, 5000)","trial, channel, time",trial,channel,time,30,128,5000,p1_relative,yes,None
230901,None,LFP,sub-C31o_ses-230901_rec_probeA_lfp_cond_50.npy,"(40, 128, 5000)","trial, channel, time",trial,channel,time,40,128,5000,p1_relative,yes,None
230901,None,LFP,sub-C31o_ses-230901_rec_probeA_lfp_cond_7.npy,"(216, 128, 5000)","trial, channel, time",trial,channel,time,216,128,5000,p1_relative,yes,None
230901,None,LFP,sub-C31o_ses-230901_rec_probeA_lfp_cond_8.npy,"(42, 128, 5000)","trial, channel, time",trial,channel,time,42,128,5000,p1_relative,yes,None
230901,None,LFP,sub-C31o_ses-230901_rec_probeA_lfp_cond_9.npy,"(42, 128, 5000)","trial, channel, time",trial,channel,time,42,128,5000,p1_relative,yes,None
230629,None,LFP,sub-V198o_ses-230629_rec_probeA_lfp_cond_10.npy,"(2, 128, 5000)","trial, channel, time",trial,channel,time,2,128,5000,p1_relative,yes,None
230629,None,LFP,sub-V198o_ses-230629_rec_probeA_lfp_cond_2.npy,"(48, 128, 5000)","trial, channel, time",trial,channel,time,48,128,5000,p1_relative,yes,None
230629,None,LFP,sub-V198o_ses-230629_rec_probeA_lfp_cond_26.npy,"(84, 128, 5000)","trial, channel, time",trial,channel,time,84,128,5000,p1_relative,yes,None
230629,None,LFP,sub-V198o_ses-230629_rec_probeA_lfp_cond_3.npy,"(6, 128, 5000)","trial, channel, time",trial,channel,time,6,128,5000,p1_relative,yes,None
230629,None,LFP,sub-V198o_ses-230629_rec_probeA_lfp_cond_34.npy,"(8, 128, 5000)","trial, channel, time",trial,channel,time,8,128,5000,p1_relative,yes,None
230629,None,LFP,sub-V198o_ses-230629_rec_probeA_lfp_cond_4.npy,"(5, 128, 5000)","trial, channel, time",trial,channel,time,5,128,5000,p1_relative,yes,None
230629,None,LFP,sub-V198o_ses-230629_rec_probeA_lfp_cond_42.npy,"(2, 128, 5000)","trial, channel, time",trial,channel,time,2,128,5000,p1_relative,yes,None
230629,None,LFP,sub-V198o_ses-230629_rec_probeA_lfp_cond_5.npy,"(1, 128, 5000)","trial, channel, time",trial,channel,time,1,128,5000,p1_relative,yes,None
230629,None,LFP,sub-V198o_ses-230629_rec_probeA_lfp_cond_50.npy,"(2, 128, 5000)","trial, channel, time",trial,channel,time,2,128,5000,p1_relative,yes,None
230629,None,LFP,sub-V198o_ses-230629_rec_probeA_lfp_cond_7.npy,"(50, 128, 5000)","trial, channel, time",trial,channel,time,50,128,5000,p1_relative,yes,None
230629,None,LFP,sub-V198o_ses-230629_rec_probeA_lfp_cond_8.npy,"(5, 128, 5000)","trial, channel, time",trial,channel,time,5,128,5000,p1_relative,yes,None
230629,None,LFP,sub-V198o_ses-230629_rec_probeA_lfp_cond_9.npy,"(3, 128, 5000)","trial, channel, time",trial,channel,time,3,128,5000,p1_relative,yes,None
230714,None,LFP,sub-V198o_ses-230714_rec_probeA_lfp_cond_10.npy,"(33, 128, 5000)","trial, channel, time",trial,channel,time,33,128,5000,p1_relative,yes,None
230714,None,LFP,sub-V198o_ses-230714_rec_probeA_lfp_cond_2.npy,"(221, 128, 5000)","trial, channel, time",trial,channel,time,221,128,5000,p1_relative,yes,None
230714,None,LFP,sub-V198o_ses-230714_rec_probeA_lfp_cond_26.npy,"(155, 128, 5000)","trial, channel, time",trial,channel,time,155,128,5000,p1_relative,yes,None
230714,None,LFP,sub-V198o_ses-230714_rec_probeA_lfp_cond_3.npy,"(38, 128, 5000)","trial, channel, time",trial,channel,time,38,128,5000,p1_relative,yes,None
230714,None,LFP,sub-V198o_ses-230714_rec_probeA_lfp_cond_34.npy,"(44, 128, 5000)","trial, channel, time",trial,channel,time,44,128,5000,p1_relative,yes,None
230714,None,LFP,sub-V198o_ses-230714_rec_probeA_lfp_cond_4.npy,"(33, 128, 5000)","trial, channel, time",trial,channel,time,33,128,5000,p1_relative,yes,None
230714,None,LFP,sub-V198o_ses-230714_rec_probeA_lfp_cond_42.npy,"(28, 128, 5000)","trial, channel, time",trial,channel,time,28,128,5000,p1_relative,yes,None
230714,None,LFP,sub-V198o_ses-230714_rec_probeA_lfp_cond_5.npy,"(38, 128, 5000)","trial, channel, time",trial,channel,time,38,128,5000,p1_relative,yes,None
230714,None,LFP,sub-V198o_ses-230714_rec_probeA_lfp_cond_50.npy,"(28, 128, 5000)","trial, channel, time",trial,channel,time,28,128,5000,p1_relative,yes,None
230714,None,LFP,sub-V198o_ses-230714_rec_probeA_lfp_cond_7.npy,"(239, 128, 5000)","trial, channel, time",trial,channel,time,239,128,5000,p1_relative,yes,None
230714,None,LFP,sub-V198o_ses-230714_rec_probeA_lfp_cond_8.npy,"(23, 128, 5000)","trial, channel, time",trial,channel,time,23,128,5000,p1_relative,yes,None
230714,None,LFP,sub-V198o_ses-230714_rec_probeA_lfp_cond_9.npy,"(35, 128, 5000)","trial, channel, time",trial,channel,time,35,128,5000,p1_relative,yes,None
230719,None,LFP,sub-V198o_ses-230719_rec_probeA_lfp_cond_10.npy,"(35, 128, 5000)","trial, channel, time",trial,channel,time,35,128,5000,p1_relative,yes,None
230719,None,LFP,sub-V198o_ses-230719_rec_probeA_lfp_cond_2.npy,"(238, 128, 5000)","trial, channel, time",trial,channel,time,238,128,5000,p1_relative,yes,None
230719,None,LFP,sub-V198o_ses-230719_rec_probeA_lfp_cond_26.npy,"(136, 128, 5000)","trial, channel, time",trial,channel,time,136,128,5000,p1_relative,yes,None
230719,None,LFP,sub-V198o_ses-230719_rec_probeA_lfp_cond_3.npy,"(26, 128, 5000)","trial, channel, time",trial,channel,time,26,128,5000,p1_relative,yes,None
230719,None,LFP,sub-V198o_ses-230719_rec_probeA_lfp_cond_34.npy,"(57, 128, 5000)","trial, channel, time",trial,channel,time,57,128,5000,p1_relative,yes,None
230719,None,LFP,sub-V198o_ses-230719_rec_probeA_lfp_cond_4.npy,"(35, 128, 5000)","trial, channel, time",trial,channel,time,35,128,5000,p1_relative,yes,None
230719,None,LFP,sub-V198o_ses-230719_rec_probeA_lfp_cond_42.npy,"(17, 128, 5000)","trial, channel, time",trial,channel,time,17,128,5000,p1_relative,yes,None
230719,None,LFP,sub-V198o_ses-230719_rec_probeA_lfp_cond_5.npy,"(31, 128, 5000)","trial, channel, time",trial,channel,time,31,128,5000,p1_relative,yes,None
230719,None,LFP,sub-V198o_ses-230719_rec_probeA_lfp_cond_50.npy,"(17, 128, 5000)","trial, channel, time",trial,channel,time,17,128,5000,p1_relative,yes,None
230719,None,LFP,sub-V198o_ses-230719_rec_probeA_lfp_cond_7.npy,"(232, 128, 5000)","trial, channel, time",trial,channel,time,232,128,5000,p1_relative,yes,None
230719,None,LFP,sub-V198o_ses-230719_rec_probeA_lfp_cond_8.npy,"(33, 128, 5000)","trial, channel, time",trial,channel,time,33,128,5000,p1_relative,yes,None
230719,None,LFP,sub-V198o_ses-230719_rec_probeA_lfp_cond_9.npy,"(30, 128, 5000)","trial, channel, time",trial,channel,time,30,128,5000,p1_relative,yes,None
230720,None,LFP,sub-V198o_ses-230720_rec_probeA_lfp_cond_10.npy,"(32, 128, 5000)","trial, channel, time",trial,channel,time,32,128,5000,p1_relative,yes,None
230720,None,LFP,sub-V198o_ses-230720_rec_probeA_lfp_cond_2.npy,"(240, 128, 5000)","trial, channel, time",trial,channel,time,240,128,5000,p1_relative,yes,None
230720,None,LFP,sub-V198o_ses-230720_rec_probeA_lfp_cond_26.npy,"(139, 128, 5000)","trial, channel, time",trial,channel,time,139,128,5000,p1_relative,yes,None
230720,None,LFP,sub-V198o_ses-230720_rec_probeA_lfp_cond_3.npy,"(30, 128, 5000)","trial, channel, time",trial,channel,time,30,128,5000,p1_relative,yes,None
230720,None,LFP,sub-V198o_ses-230720_rec_probeA_lfp_cond_34.npy,"(36, 128, 5000)","trial, channel, time",trial,channel,time,36,128,5000,p1_relative,yes,None
230720,None,LFP,sub-V198o_ses-230720_rec_probeA_lfp_cond_4.npy,"(30, 128, 5000)","trial, channel, time",trial,channel,time,30,128,5000,p1_relative,yes,None
230720,None,LFP,sub-V198o_ses-230720_rec_probeA_lfp_cond_42.npy,"(38, 128, 5000)","trial, channel, time",trial,channel,time,38,128,5000,p1_relative,yes,None
230720,None,LFP,sub-V198o_ses-230720_rec_probeA_lfp_cond_5.npy,"(30, 128, 5000)","trial, channel, time",trial,channel,time,30,128,5000,p1_relative,yes,None
230720,None,LFP,sub-V198o_ses-230720_rec_probeA_lfp_cond_50.npy,"(38, 128, 5000)","trial, channel, time",trial,channel,time,38,128,5000,p1_relative,yes,None
230720,None,LFP,sub-V198o_ses-230720_rec_probeA_lfp_cond_7.npy,"(225, 128, 5000)","trial, channel, time",trial,channel,time,225,128,5000,p1_relative,yes,None
230720,None,LFP,sub-V198o_ses-230720_rec_probeA_lfp_cond_8.npy,"(34, 128, 5000)","trial, channel, time",trial,channel,time,34,128,5000,p1_relative,yes,None
230720,None,LFP,sub-V198o_ses-230720_rec_probeA_lfp_cond_9.npy,"(39, 128, 5000)","trial, channel, time",trial,channel,time,39,128,5000,p1_relative,yes,None
230721,None,LFP,sub-V198o_ses-230721_rec_probeA_lfp_cond_10.npy,"(33, 128, 5000)","trial, channel, time",trial,channel,time,33,128,5000,p1_relative,yes,None
230721,None,LFP,sub-V198o_ses-230721_rec_probeA_lfp_cond_2.npy,"(238, 128, 5000)","trial, channel, time",trial,channel,time,238,128,5000,p1_relative,yes,None
230721,None,LFP,sub-V198o_ses-230721_rec_probeA_lfp_cond_26.npy,"(140, 128, 5000)","trial, channel, time",trial,channel,time,140,128,5000,p1_relative,yes,None
230721,None,LFP,sub-V198o_ses-230721_rec_probeA_lfp_cond_3.npy,"(27, 128, 5000)","trial, channel, time",trial,channel,time,27,128,5000,p1_relative,yes,None
230721,None,LFP,sub-V198o_ses-230721_rec_probeA_lfp_cond_34.npy,"(62, 128, 5000)","trial, channel, time",trial,channel,time,62,128,5000,p1_relative,yes,None
230721,None,LFP,sub-V198o_ses-230721_rec_probeA_lfp_cond_4.npy,"(32, 128, 5000)","trial, channel, time",trial,channel,time,32,128,5000,p1_relative,yes,None
230721,None,LFP,sub-V198o_ses-230721_rec_probeA_lfp_cond_42.npy,"(24, 128, 5000)","trial, channel, time",trial,channel,time,24,128,5000,p1_relative,yes,None
230721,None,LFP,sub-V198o_ses-230721_rec_probeA_lfp_cond_5.npy,"(33, 128, 5000)","trial, channel, time",trial,channel,time,33,128,5000,p1_relative,yes,None
230721,None,LFP,sub-V198o_ses-230721_rec_probeA_lfp_cond_50.npy,"(24, 128, 5000)","trial, channel, time",trial,channel,time,24,128,5000,p1_relative,yes,None
230721,None,LFP,sub-V198o_ses-230721_rec_probeA_lfp_cond_7.npy,"(231, 128, 5000)","trial, channel, time",trial,channel,time,231,128,5000,p1_relative,yes,None
230721,None,LFP,sub-V198o_ses-230721_rec_probeA_lfp_cond_8.npy,"(32, 128, 5000)","trial, channel, time",trial,channel,time,32,128,5000,p1_relative,yes,None
230721,None,LFP,sub-V198o_ses-230721_rec_probeA_lfp_cond_9.npy,"(34, 128, 5000)","trial, channel, time",trial,channel,time,34,128,5000,p1_relative,yes,None
